account_id,customer_id,account_type,opened_at
ACC-00001,CUST-01216,checking,2024-03-22
ACC-00002,CUST-02883,credit_card,2024-04-20
ACC-00003,CUST-02090,checking,2024-02-17
ACC-00004,CUST-02834,credit_card,2024-07-03
ACC-00005,CUST-03304,checking,2024-12-02
ACC-00006,CUST-04839,credit_card,2024-09-11
ACC-00007,CUST-03229,checking,2024-04-26
ACC-00008,CUST-02588,credit_card,2024-05-18
ACC-00009,CUST-02689,credit_card,2024-04-18
ACC-00010,CUST-00773,savings,2024-02-27
ACC-00011,CUST-02822,checking,2024-07-14
ACC-00012,CUST-04709,checking,2024-02-21
ACC-00013,CUST-01188,credit_card,2024-02-10
ACC-00014,CUST-03104,credit_card,2024-09-02
ACC-00015,CUST-04965,credit_card,2024-02-08
ACC-00016,CUST-03682,checking,2024-03-21
ACC-00017,CUST-01077,checking,2024-10-16
ACC-00018,CUST-03861,checking,2024-07-15
ACC-00019,CUST-00619,credit_card,2024-02-20
ACC-00020,CUST-01944,savings,2024-07-27
ACC-00021,CUST-02357,credit_card,2024-01-21
ACC-00022,CUST-01029,credit_card,2024-09-10
ACC-00023,CUST-04413,checking,2024-07-27
ACC-00024,CUST-02603,credit_card,2024-09-01
ACC-00025,CUST-04616,checking,2024-12-24
ACC-00026,CUST-02110,credit_card,2024-02-17
ACC-00027,CUST-00398,savings,2024-02-20
ACC-00028,CUST-01455,savings,2024-01-08
ACC-00029,CUST-03311,checking,2024-03-08
ACC-00030,CUST-02221,savings,2024-05-09
ACC-00031,CUST-03732,checking,2024-05-14
ACC-00032,CUST-04135,savings,2024-08-12
ACC-00033,CUST-04102,checking,2024-02-18
ACC-00034,CUST-02403,checking,2024-05-23
ACC-00035,CUST-04995,checking,2024-11-15
ACC-00036,CUST-03770,credit_card,2024-10-11
ACC-00037,CUST-01294,credit_card,2024-06-26
ACC-00038,CUST-03167,checking,2024-12-16
ACC-00039,CUST-03694,checking,2024-05-13
ACC-00040,CUST-00554,savings,2024-09-03
ACC-00041,CUST-00578,checking,2024-07-18
ACC-00042,CUST-01621,savings,2024-01-20
ACC-00043,CUST-01798,checking,2024-08-05
ACC-00044,CUST-00179,savings,2024-03-05
ACC-00045,CUST-00173,credit_card,2024-05-27
ACC-00046,CUST-01762,checking,2024-09-28
ACC-00047,CUST-02607,savings,2024-11-12
ACC-00048,CUST-00331,savings,2024-05-13
ACC-00049,CUST-03128,savings,2024-07-23
ACC-00050,CUST-03001,checking,2024-06-10
ACC-00051,CUST-01573,savings,2024-06-03
ACC-00052,CUST-02662,checking,2024-09-25
ACC-00053,CUST-03058,credit_card,2024-06-07
ACC-00054,CUST-03138,checking,2024-07-09
ACC-00055,CUST-04273,checking,2024-02-22
ACC-00056,CUST-02615,checking,2024-08-26
ACC-00057,CUST-04231,checking,2024-10-27
ACC-00058,CUST-00764,credit_card,2024-01-25
ACC-00059,CUST-00218,savings,2024-11-08
ACC-00060,CUST-00187,credit_card,2024-03-06
ACC-00061,CUST-00005,credit_card,2024-07-20
ACC-00062,CUST-04201,credit_card,2024-12-22
ACC-00063,CUST-02165,credit_card,2024-08-18
ACC-00064,CUST-03427,credit_card,2024-09-12
ACC-00065,CUST-04983,credit_card,2024-07-11
ACC-00066,CUST-04248,credit_card,2024-01-22
ACC-00067,CUST-01998,checking,2024-08-03
ACC-00068,CUST-02545,credit_card,2024-06-21
ACC-00069,CUST-01044,savings,2024-05-21
ACC-00070,CUST-03794,credit_card,2024-06-03
ACC-00071,CUST-01271,checking,2024-11-10
ACC-00072,CUST-02635,checking,2024-07-03
ACC-00073,CUST-01307,savings,2024-09-02
ACC-00074,CUST-01985,savings,2024-09-28
ACC-00075,CUST-00006,savings,2024-08-24
ACC-00076,CUST-00017,savings,2024-03-01
ACC-00077,CUST-04027,credit_card,2024-12-22
ACC-00078,CUST-04082,checking,2024-06-22
ACC-00079,CUST-01379,checking,2024-08-10
ACC-00080,CUST-02066,checking,2024-07-15
ACC-00081,CUST-02393,savings,2024-01-01
ACC-00082,CUST-01900,credit_card,2024-03-22
ACC-00083,CUST-01575,savings,2024-05-06
ACC-00084,CUST-00925,savings,2024-01-27
ACC-00085,CUST-01668,savings,2024-05-03
ACC-00086,CUST-00019,credit_card,2024-02-17
ACC-00087,CUST-03488,checking,2024-03-04
ACC-00088,CUST-03815,credit_card,2024-06-02
ACC-00089,CUST-01702,savings,2024-12-02
ACC-00090,CUST-02435,savings,2024-01-05
ACC-00091,CUST-01996,credit_card,2024-08-16
ACC-00092,CUST-02653,savings,2024-02-19
ACC-00093,CUST-03583,credit_card,2024-12-21
ACC-00094,CUST-01945,checking,2024-09-20
ACC-00095,CUST-04112,credit_card,2024-10-05
ACC-00096,CUST-02120,savings,2024-12-07
ACC-00097,CUST-00009,savings,2024-04-18
ACC-00098,CUST-03407,checking,2024-07-20
ACC-00099,CUST-04812,savings,2024-03-13
ACC-00100,CUST-04071,checking,2024-07-25
ACC-00101,CUST-01613,savings,2024-10-28
ACC-00102,CUST-00704,credit_card,2024-05-28
ACC-00103,CUST-03265,checking,2024-05-14
ACC-00104,CUST-02064,savings,2024-04-09
ACC-00105,CUST-01601,checking,2024-06-19
ACC-00106,CUST-02393,credit_card,2024-02-15
ACC-00107,CUST-02916,credit_card,2024-03-11
ACC-00108,CUST-03146,savings,2024-01-17
ACC-00109,CUST-01076,credit_card,2024-11-04
ACC-00110,CUST-00709,checking,2024-11-20
ACC-00111,CUST-01318,checking,2024-04-22
ACC-00112,CUST-03335,credit_card,2024-02-07
ACC-00113,CUST-01689,savings,2024-01-12
ACC-00114,CUST-04326,savings,2024-12-06
ACC-00115,CUST-03813,checking,2024-10-20
ACC-00116,CUST-00813,credit_card,2024-11-28
ACC-00117,CUST-01211,checking,2024-11-12
ACC-00118,CUST-04655,savings,2024-06-25
ACC-00119,CUST-00585,savings,2024-10-16
ACC-00120,CUST-02467,savings,2024-10-19
ACC-00121,CUST-02257,credit_card,2024-07-14
ACC-00122,CUST-02654,checking,2024-05-06
ACC-00123,CUST-04129,credit_card,2024-01-16
ACC-00124,CUST-02176,credit_card,2024-11-24
ACC-00125,CUST-04440,savings,2024-08-13
ACC-00126,CUST-00042,savings,2024-03-11
ACC-00127,CUST-02748,checking,2024-02-20
ACC-00128,CUST-03883,credit_card,2024-08-19
ACC-00129,CUST-04855,savings,2024-06-15
ACC-00130,CUST-00102,savings,2024-02-19
ACC-00131,CUST-03070,savings,2024-08-18
ACC-00132,CUST-01345,checking,2024-06-10
ACC-00133,CUST-00621,checking,2024-06-22
ACC-00134,CUST-03694,checking,2024-10-18
ACC-00135,CUST-04453,savings,2024-04-28
ACC-00136,CUST-02680,savings,2024-05-01
ACC-00137,CUST-04250,savings,2024-07-01
ACC-00138,CUST-02555,checking,2024-01-24
ACC-00139,CUST-01039,savings,2024-02-10
ACC-00140,CUST-03221,credit_card,2024-06-12
ACC-00141,CUST-01991,checking,2024-10-08
ACC-00142,CUST-02547,checking,2024-02-03
ACC-00143,CUST-00647,checking,2024-01-16
ACC-00144,CUST-03661,checking,2024-06-05
ACC-00145,CUST-04649,credit_card,2024-04-11
ACC-00146,CUST-02787,checking,2024-07-16
ACC-00147,CUST-03176,savings,2024-03-22
ACC-00148,CUST-02853,credit_card,2024-11-04
ACC-00149,CUST-01640,credit_card,2024-05-20
ACC-00150,CUST-03488,savings,2024-05-26
ACC-00151,CUST-03372,credit_card,2024-04-10
ACC-00152,CUST-04761,checking,2024-05-08
ACC-00153,CUST-01931,credit_card,2024-02-10
ACC-00154,CUST-01980,savings,2024-12-19
ACC-00155,CUST-03887,savings,2024-09-24
ACC-00156,CUST-00523,credit_card,2024-11-16
ACC-00157,CUST-00992,credit_card,2024-10-21
ACC-00158,CUST-02332,credit_card,2024-02-27
ACC-00159,CUST-02050,savings,2024-03-27
ACC-00160,CUST-03829,credit_card,2024-10-02
ACC-00161,CUST-03036,checking,2024-06-04
ACC-00162,CUST-02645,checking,2024-02-09
ACC-00163,CUST-04267,credit_card,2024-06-03
ACC-00164,CUST-01486,credit_card,2024-01-01
ACC-00165,CUST-01527,savings,2024-02-12
ACC-00166,CUST-01725,savings,2024-01-02
ACC-00167,CUST-03571,credit_card,2024-09-07
ACC-00168,CUST-03195,savings,2024-05-01
ACC-00169,CUST-02423,savings,2024-12-23
ACC-00170,CUST-03142,credit_card,2024-12-17
ACC-00171,CUST-01790,credit_card,2024-04-18
ACC-00172,CUST-04598,credit_card,2024-05-11
ACC-00173,CUST-01109,savings,2024-02-22
ACC-00174,CUST-03704,savings,2024-10-18
ACC-00175,CUST-02407,savings,2024-05-15
ACC-00176,CUST-02406,savings,2024-01-16
ACC-00177,CUST-04225,savings,2024-03-06
ACC-00178,CUST-02522,checking,2024-04-15
ACC-00179,CUST-03580,checking,2024-05-19
ACC-00180,CUST-03279,savings,2024-01-26
ACC-00181,CUST-04994,savings,2024-06-07
ACC-00182,CUST-01695,checking,2024-04-15
ACC-00183,CUST-03749,credit_card,2024-06-27
ACC-00184,CUST-03930,checking,2024-08-17
ACC-00185,CUST-00376,credit_card,2024-09-26
ACC-00186,CUST-03946,savings,2024-12-04
ACC-00187,CUST-03177,credit_card,2024-02-18
ACC-00188,CUST-00524,savings,2024-08-03
ACC-00189,CUST-02052,savings,2024-04-12
ACC-00190,CUST-04927,checking,2024-11-18
ACC-00191,CUST-01956,credit_card,2024-08-11
ACC-00192,CUST-01998,savings,2024-02-01
ACC-00193,CUST-01543,checking,2024-02-16
ACC-00194,CUST-03480,checking,2024-03-05
ACC-00195,CUST-02886,savings,2024-09-22
ACC-00196,CUST-01142,checking,2024-02-06
ACC-00197,CUST-03308,savings,2024-08-24
ACC-00198,CUST-04695,credit_card,2024-11-20
ACC-00199,CUST-02685,savings,2024-07-24
ACC-00200,CUST-03560,savings,2024-08-03
ACC-00201,CUST-02864,checking,2024-03-25
ACC-00202,CUST-03742,checking,2024-11-05
ACC-00203,CUST-02753,checking,2024-06-18
ACC-00204,CUST-01213,credit_card,2024-06-27
ACC-00205,CUST-00887,checking,2024-02-11
ACC-00206,CUST-01082,savings,2024-10-26
ACC-00207,CUST-00102,checking,2024-01-27
ACC-00208,CUST-04251,credit_card,2024-03-01
ACC-00209,CUST-04188,credit_card,2024-05-12
ACC-00210,CUST-04757,checking,2024-06-18
ACC-00211,CUST-00232,checking,2024-02-13
ACC-00212,CUST-02107,savings,2024-02-10
ACC-00213,CUST-02755,savings,2024-05-16
ACC-00214,CUST-00569,credit_card,2024-04-04
ACC-00215,CUST-01437,checking,2024-11-13
ACC-00216,CUST-01722,savings,2024-06-26
ACC-00217,CUST-00737,savings,2024-01-13
ACC-00218,CUST-02762,savings,2024-10-07
ACC-00219,CUST-04761,checking,2024-04-19
ACC-00220,CUST-00856,savings,2024-12-08
ACC-00221,CUST-02864,credit_card,2024-12-02
ACC-00222,CUST-01793,checking,2024-01-07
ACC-00223,CUST-00553,savings,2024-02-27
ACC-00224,CUST-03008,savings,2024-12-18
ACC-00225,CUST-00951,credit_card,2024-07-24
ACC-00226,CUST-01665,checking,2024-02-28
ACC-00227,CUST-01064,checking,2024-09-28
ACC-00228,CUST-01459,credit_card,2024-06-26
ACC-00229,CUST-01126,checking,2024-11-16
ACC-00230,CUST-03771,checking,2024-09-17
ACC-00231,CUST-02809,credit_card,2024-06-04
ACC-00232,CUST-03582,checking,2024-10-20
ACC-00233,CUST-01001,savings,2024-06-23
ACC-00234,CUST-03907,savings,2024-02-24
ACC-00235,CUST-00779,checking,2024-07-24
ACC-00236,CUST-02948,savings,2024-08-08
ACC-00237,CUST-02270,credit_card,2024-05-18
ACC-00238,CUST-00861,credit_card,2024-04-11
ACC-00239,CUST-02551,credit_card,2024-12-15
ACC-00240,CUST-03793,credit_card,2024-04-13
ACC-00241,CUST-02890,credit_card,2024-11-17
ACC-00242,CUST-02895,savings,2024-10-13
ACC-00243,CUST-02203,checking,2024-12-05
ACC-00244,CUST-04320,savings,2024-06-14
ACC-00245,CUST-00603,credit_card,2024-07-04
ACC-00246,CUST-01373,savings,2024-07-19
ACC-00247,CUST-01400,checking,2024-03-02
ACC-00248,CUST-02824,credit_card,2024-02-15
ACC-00249,CUST-01375,savings,2024-03-09
ACC-00250,CUST-00197,savings,2024-08-05
ACC-00251,CUST-03976,credit_card,2024-11-07
ACC-00252,CUST-01187,savings,2024-03-19
ACC-00253,CUST-04862,savings,2024-05-27
ACC-00254,CUST-00070,savings,2024-05-02
ACC-00255,CUST-03412,savings,2024-07-14
ACC-00256,CUST-01032,credit_card,2024-05-13
ACC-00257,CUST-03840,savings,2024-06-22
ACC-00258,CUST-01120,credit_card,2024-08-14
ACC-00259,CUST-03475,checking,2024-07-02
ACC-00260,CUST-00060,checking,2024-05-14
ACC-00261,CUST-04253,savings,2024-10-10
ACC-00262,CUST-00210,savings,2024-05-12
ACC-00263,CUST-00646,credit_card,2024-12-03
ACC-00264,CUST-00669,savings,2024-01-11
ACC-00265,CUST-03395,savings,2024-05-28
ACC-00266,CUST-01770,checking,2024-05-03
ACC-00267,CUST-00134,credit_card,2024-07-18
ACC-00268,CUST-03847,savings,2024-12-21
ACC-00269,CUST-02351,savings,2024-06-19
ACC-00270,CUST-03568,credit_card,2024-08-07
ACC-00271,CUST-00673,checking,2024-09-15
ACC-00272,CUST-01036,checking,2024-10-25
ACC-00273,CUST-00929,savings,2024-06-01
ACC-00274,CUST-03781,credit_card,2024-05-18
ACC-00275,CUST-03857,checking,2024-08-28
ACC-00276,CUST-03438,credit_card,2024-10-25
ACC-00277,CUST-02395,savings,2024-09-15
ACC-00278,CUST-02927,checking,2024-10-21
ACC-00279,CUST-00100,credit_card,2024-06-15
ACC-00280,CUST-04737,credit_card,2024-12-08
ACC-00281,CUST-03239,checking,2024-02-28
ACC-00282,CUST-02918,credit_card,2024-10-11
ACC-00283,CUST-04022,savings,2024-11-22
ACC-00284,CUST-01797,checking,2024-11-18
ACC-00285,CUST-04586,credit_card,2024-08-05
ACC-00286,CUST-01306,savings,2024-03-14
ACC-00287,CUST-00097,checking,2024-01-28
ACC-00288,CUST-02653,credit_card,2024-12-26
ACC-00289,CUST-04048,credit_card,2024-07-22
ACC-00290,CUST-01318,savings,2024-10-22
ACC-00291,CUST-04000,savings,2024-12-10
ACC-00292,CUST-03258,checking,2024-06-19
ACC-00293,CUST-00153,savings,2024-05-15
ACC-00294,CUST-02064,savings,2024-08-03
ACC-00295,CUST-03100,checking,2024-02-07
ACC-00296,CUST-03249,checking,2024-11-08
ACC-00297,CUST-01756,savings,2024-06-22
ACC-00298,CUST-03277,savings,2024-12-12
ACC-00299,CUST-00175,checking,2024-10-02
ACC-00300,CUST-02112,checking,2024-04-23
ACC-00301,CUST-02034,savings,2024-10-27
ACC-00302,CUST-00086,savings,2024-04-26
ACC-00303,CUST-03456,savings,2024-07-18
ACC-00304,CUST-04453,savings,2024-02-20
ACC-00305,CUST-04519,savings,2024-09-16
ACC-00306,CUST-04052,credit_card,2024-04-24
ACC-00307,CUST-01322,savings,2024-02-23
ACC-00308,CUST-02053,savings,2024-01-20
ACC-00309,CUST-02600,credit_card,2024-05-13
ACC-00310,CUST-01348,credit_card,2024-02-03
ACC-00311,CUST-01920,savings,2024-03-06
ACC-00312,CUST-01972,checking,2024-09-08
ACC-00313,CUST-00914,savings,2024-07-14
ACC-00314,CUST-03824,savings,2024-10-19
ACC-00315,CUST-02088,savings,2024-05-19
ACC-00316,CUST-01202,checking,2024-07-09
ACC-00317,CUST-01880,savings,2024-01-19
ACC-00318,CUST-03875,credit_card,2024-03-06
ACC-00319,CUST-04655,savings,2024-04-01
ACC-00320,CUST-01191,credit_card,2024-08-18
ACC-00321,CUST-02946,credit_card,2024-03-16
ACC-00322,CUST-02411,checking,2024-05-04
ACC-00323,CUST-01982,checking,2024-01-14
ACC-00324,CUST-00282,savings,2024-02-15
ACC-00325,CUST-00122,checking,2024-10-18
ACC-00326,CUST-01784,checking,2024-05-06
ACC-00327,CUST-00361,credit_card,2024-07-08
ACC-00328,CUST-03271,checking,2024-02-22
ACC-00329,CUST-02246,credit_card,2024-06-07
ACC-00330,CUST-03796,credit_card,2024-10-23
ACC-00331,CUST-03505,checking,2024-02-19
ACC-00332,CUST-00515,checking,2024-11-12
ACC-00333,CUST-02795,credit_card,2024-06-25
ACC-00334,CUST-01821,savings,2024-01-02
ACC-00335,CUST-01252,checking,2024-04-23
ACC-00336,CUST-00633,checking,2024-03-21
ACC-00337,CUST-02845,credit_card,2024-12-07
ACC-00338,CUST-02587,savings,2024-03-10
ACC-00339,CUST-00393,checking,2024-06-02
ACC-00340,CUST-03989,savings,2024-03-15
ACC-00341,CUST-00307,savings,2024-09-16
ACC-00342,CUST-02172,savings,2024-01-22
ACC-00343,CUST-01383,savings,2024-10-06
ACC-00344,CUST-00387,savings,2024-08-11
ACC-00345,CUST-01335,savings,2024-05-13
ACC-00346,CUST-02704,savings,2024-02-03
ACC-00347,CUST-02039,credit_card,2024-12-15
ACC-00348,CUST-01169,savings,2024-09-16
ACC-00349,CUST-02432,savings,2024-08-27
ACC-00350,CUST-00073,savings,2024-08-03
ACC-00351,CUST-02707,savings,2024-11-23
ACC-00352,CUST-03864,checking,2024-05-07
ACC-00353,CUST-01116,checking,2024-05-01
ACC-00354,CUST-02631,credit_card,2024-03-22
ACC-00355,CUST-02918,savings,2024-04-08
ACC-00356,CUST-03784,checking,2024-02-11
ACC-00357,CUST-03138,credit_card,2024-03-12
ACC-00358,CUST-02330,credit_card,2024-08-17
ACC-00359,CUST-03380,credit_card,2024-03-05
ACC-00360,CUST-01935,checking,2024-07-01
ACC-00361,CUST-03463,checking,2024-04-21
ACC-00362,CUST-00121,credit_card,2024-06-19
ACC-00363,CUST-03550,credit_card,2024-06-10
ACC-00364,CUST-03499,credit_card,2024-08-15
ACC-00365,CUST-04530,checking,2024-08-06
ACC-00366,CUST-01613,checking,2024-12-06
ACC-00367,CUST-02819,checking,2024-04-15
ACC-00368,CUST-04822,credit_card,2024-04-04
ACC-00369,CUST-02176,checking,2024-07-22
ACC-00370,CUST-02854,checking,2024-10-07
ACC-00371,CUST-04199,credit_card,2024-12-09
ACC-00372,CUST-00204,savings,2024-06-22
ACC-00373,CUST-02405,credit_card,2024-05-03
ACC-00374,CUST-02183,credit_card,2024-08-12
ACC-00375,CUST-01143,credit_card,2024-08-13
ACC-00376,CUST-04063,credit_card,2024-11-19
ACC-00377,CUST-00568,savings,2024-11-23
ACC-00378,CUST-01158,credit_card,2024-03-12
ACC-00379,CUST-03274,savings,2024-01-14
ACC-00380,CUST-01542,credit_card,2024-08-09
ACC-00381,CUST-01526,credit_card,2024-12-20
ACC-00382,CUST-00195,checking,2024-10-18
ACC-00383,CUST-02444,savings,2024-12-22
ACC-00384,CUST-03354,checking,2024-06-22
ACC-00385,CUST-03246,checking,2024-10-02
ACC-00386,CUST-03987,savings,2024-07-23
ACC-00387,CUST-04366,savings,2024-02-08
ACC-00388,CUST-01714,savings,2024-07-11
ACC-00389,CUST-01790,savings,2024-08-16
ACC-00390,CUST-04119,credit_card,2024-04-16
ACC-00391,CUST-03981,savings,2024-05-11
ACC-00392,CUST-04072,checking,2024-03-17
ACC-00393,CUST-04089,credit_card,2024-10-14
ACC-00394,CUST-04102,credit_card,2024-11-11
ACC-00395,CUST-02914,credit_card,2024-02-02
ACC-00396,CUST-00313,credit_card,2024-09-03
ACC-00397,CUST-04858,credit_card,2024-02-06
ACC-00398,CUST-04190,savings,2024-09-14
ACC-00399,CUST-04521,checking,2024-08-19
ACC-00400,CUST-02847,checking,2024-04-07
ACC-00401,CUST-02522,credit_card,2024-04-12
ACC-00402,CUST-01521,credit_card,2024-06-16
ACC-00403,CUST-03943,checking,2024-12-02
ACC-00404,CUST-00290,checking,2024-11-25
ACC-00405,CUST-00448,savings,2024-07-01
ACC-00406,CUST-03157,checking,2024-11-25
ACC-00407,CUST-04908,credit_card,2024-12-01
ACC-00408,CUST-02304,savings,2024-10-01
ACC-00409,CUST-02102,credit_card,2024-06-20
ACC-00410,CUST-04308,savings,2024-11-22
ACC-00411,CUST-02641,checking,2024-12-24
ACC-00412,CUST-02668,savings,2024-08-03
ACC-00413,CUST-04277,checking,2024-02-19
ACC-00414,CUST-04335,credit_card,2024-09-18
ACC-00415,CUST-00513,credit_card,2024-11-20
ACC-00416,CUST-03916,savings,2024-04-13
ACC-00417,CUST-03713,credit_card,2024-11-27
ACC-00418,CUST-03452,savings,2024-10-05
ACC-00419,CUST-02377,credit_card,2024-09-09
ACC-00420,CUST-03704,credit_card,2024-08-05
ACC-00421,CUST-01786,checking,2024-12-14
ACC-00422,CUST-03020,savings,2024-04-02
ACC-00423,CUST-03875,credit_card,2024-09-27
ACC-00424,CUST-02620,checking,2024-10-26
ACC-00425,CUST-00941,checking,2024-06-04
ACC-00426,CUST-03390,checking,2024-05-13
ACC-00427,CUST-01827,credit_card,2024-02-18
ACC-00428,CUST-01412,checking,2024-08-15
ACC-00429,CUST-00203,checking,2024-05-03
ACC-00430,CUST-00414,savings,2024-07-13
ACC-00431,CUST-01193,savings,2024-05-19
ACC-00432,CUST-00372,checking,2024-05-02
ACC-00433,CUST-04528,credit_card,2024-12-19
ACC-00434,CUST-02959,checking,2024-04-21
ACC-00435,CUST-03705,checking,2024-04-09
ACC-00436,CUST-04969,savings,2024-02-24
ACC-00437,CUST-01729,checking,2024-03-01
ACC-00438,CUST-03675,checking,2024-03-28
ACC-00439,CUST-00013,credit_card,2024-05-11
ACC-00440,CUST-00501,checking,2024-11-14
ACC-00441,CUST-04161,checking,2024-08-12
ACC-00442,CUST-02727,credit_card,2024-08-13
ACC-00443,CUST-01776,credit_card,2024-11-28
ACC-00444,CUST-01490,savings,2024-06-23
ACC-00445,CUST-00968,savings,2024-08-04
ACC-00446,CUST-03129,checking,2024-07-20
ACC-00447,CUST-02850,checking,2024-05-05
ACC-00448,CUST-04348,savings,2024-07-14
ACC-00449,CUST-02303,credit_card,2024-11-10
ACC-00450,CUST-03432,checking,2024-01-12
ACC-00451,CUST-01503,credit_card,2024-06-02
ACC-00452,CUST-04170,credit_card,2024-07-19
ACC-00453,CUST-00455,savings,2024-09-05
ACC-00454,CUST-04605,credit_card,2024-01-07
ACC-00455,CUST-00774,checking,2024-08-27
ACC-00456,CUST-04491,checking,2024-03-27
ACC-00457,CUST-01570,credit_card,2024-11-27
ACC-00458,CUST-03024,credit_card,2024-05-23
ACC-00459,CUST-04648,savings,2024-01-03
ACC-00460,CUST-01100,credit_card,2024-03-08
ACC-00461,CUST-03747,credit_card,2024-12-15
ACC-00462,CUST-04546,checking,2024-05-07
ACC-00463,CUST-03715,savings,2024-11-06
ACC-00464,CUST-01803,credit_card,2024-09-21
ACC-00465,CUST-04192,credit_card,2024-05-05
ACC-00466,CUST-04699,credit_card,2024-08-18
ACC-00467,CUST-01345,savings,2024-10-09
ACC-00468,CUST-04331,checking,2024-02-20
ACC-00469,CUST-00672,credit_card,2024-12-01
ACC-00470,CUST-03680,checking,2024-06-28
ACC-00471,CUST-00361,savings,2024-03-15
ACC-00472,CUST-01378,credit_card,2024-05-13
ACC-00473,CUST-03064,credit_card,2024-02-01
ACC-00474,CUST-02928,credit_card,2024-07-20
ACC-00475,CUST-03582,checking,2024-03-27
ACC-00476,CUST-02585,credit_card,2024-11-03
ACC-00477,CUST-00948,credit_card,2024-01-03
ACC-00478,CUST-03464,credit_card,2024-03-08
ACC-00479,CUST-01191,checking,2024-04-26
ACC-00480,CUST-04201,savings,2024-04-04
ACC-00481,CUST-04090,checking,2024-02-26
ACC-00482,CUST-04933,checking,2024-05-03
ACC-00483,CUST-03754,credit_card,2024-02-17
ACC-00484,CUST-01971,savings,2024-09-12
ACC-00485,CUST-01902,checking,2024-01-12
ACC-00486,CUST-00385,checking,2024-09-28
ACC-00487,CUST-04481,checking,2024-08-04
ACC-00488,CUST-03398,savings,2024-07-10
ACC-00489,CUST-04683,credit_card,2024-04-14
ACC-00490,CUST-01580,credit_card,2024-11-19
ACC-00491,CUST-04163,savings,2024-09-23
ACC-00492,CUST-01919,checking,2024-10-07
ACC-00493,CUST-02591,checking,2024-08-03
ACC-00494,CUST-04864,credit_card,2024-09-19
ACC-00495,CUST-00011,credit_card,2024-05-17
ACC-00496,CUST-00168,credit_card,2024-12-24
ACC-00497,CUST-02725,credit_card,2024-05-15
ACC-00498,CUST-00460,savings,2024-01-09
ACC-00499,CUST-02360,checking,2024-05-20
ACC-00500,CUST-03984,checking,2024-08-05
ACC-00501,CUST-04661,credit_card,2024-05-09
ACC-00502,CUST-01648,savings,2024-05-06
ACC-00503,CUST-01321,credit_card,2024-11-08
ACC-00504,CUST-00934,credit_card,2024-12-10
ACC-00505,CUST-03484,savings,2024-12-20
ACC-00506,CUST-03985,savings,2024-06-14
ACC-00507,CUST-04281,savings,2024-12-14
ACC-00508,CUST-03635,checking,2024-04-16
ACC-00509,CUST-00562,checking,2024-05-14
ACC-00510,CUST-04524,checking,2024-05-09
ACC-00511,CUST-01608,checking,2024-03-15
ACC-00512,CUST-00174,credit_card,2024-08-16
ACC-00513,CUST-00773,checking,2024-09-21
ACC-00514,CUST-03452,credit_card,2024-11-22
ACC-00515,CUST-00816,savings,2024-11-10
ACC-00516,CUST-02478,savings,2024-07-28
ACC-00517,CUST-01410,credit_card,2024-05-21
ACC-00518,CUST-03601,savings,2024-06-09
ACC-00519,CUST-01278,savings,2024-02-20
ACC-00520,CUST-03671,credit_card,2024-11-16
ACC-00521,CUST-00012,checking,2024-03-27
ACC-00522,CUST-03037,checking,2024-07-17
ACC-00523,CUST-01138,savings,2024-01-23
ACC-00524,CUST-02174,savings,2024-02-25
ACC-00525,CUST-01654,credit_card,2024-03-25
ACC-00526,CUST-03795,credit_card,2024-10-12
ACC-00527,CUST-03429,credit_card,2024-04-09
ACC-00528,CUST-00366,checking,2024-07-25
ACC-00529,CUST-02434,credit_card,2024-10-05
ACC-00530,CUST-04807,checking,2024-09-11
ACC-00531,CUST-03517,credit_card,2024-12-24
ACC-00532,CUST-04608,credit_card,2024-09-06
ACC-00533,CUST-02761,checking,2024-12-04
ACC-00534,CUST-04689,savings,2024-08-05
ACC-00535,CUST-01714,savings,2024-01-06
ACC-00536,CUST-04722,checking,2024-08-28
ACC-00537,CUST-03165,credit_card,2024-11-28
ACC-00538,CUST-01725,credit_card,2024-06-11
ACC-00539,CUST-02060,credit_card,2024-06-14
ACC-00540,CUST-00932,checking,2024-01-20
ACC-00541,CUST-04560,checking,2024-06-15
ACC-00542,CUST-00022,checking,2024-10-11
ACC-00543,CUST-03389,checking,2024-05-14
ACC-00544,CUST-01834,credit_card,2024-12-20
ACC-00545,CUST-01498,savings,2024-07-04
ACC-00546,CUST-03856,savings,2024-07-04
ACC-00547,CUST-04375,savings,2024-11-13
ACC-00548,CUST-00893,credit_card,2024-07-06
ACC-00549,CUST-04207,credit_card,2024-02-12
ACC-00550,CUST-04448,credit_card,2024-07-03
ACC-00551,CUST-03388,credit_card,2024-12-12
ACC-00552,CUST-03943,checking,2024-11-03
ACC-00553,CUST-02325,credit_card,2024-07-12
ACC-00554,CUST-02134,savings,2024-05-07
ACC-00555,CUST-04404,credit_card,2024-11-21
ACC-00556,CUST-02030,savings,2024-09-03
ACC-00557,CUST-02143,credit_card,2024-02-04
ACC-00558,CUST-01220,checking,2024-08-27
ACC-00559,CUST-04544,savings,2024-06-07
ACC-00560,CUST-02473,credit_card,2024-11-09
ACC-00561,CUST-01329,checking,2024-09-18
ACC-00562,CUST-01705,savings,2024-08-08
ACC-00563,CUST-04819,credit_card,2024-09-04
ACC-00564,CUST-01340,savings,2024-09-09
ACC-00565,CUST-02655,checking,2024-04-08
ACC-00566,CUST-02355,savings,2024-04-15
ACC-00567,CUST-00076,savings,2024-07-18
ACC-00568,CUST-00689,savings,2024-11-17
ACC-00569,CUST-01630,savings,2024-04-23
ACC-00570,CUST-04790,credit_card,2024-03-05
ACC-00571,CUST-01636,savings,2024-10-14
ACC-00572,CUST-02416,savings,2024-07-26
ACC-00573,CUST-02093,credit_card,2024-12-11
ACC-00574,CUST-04135,checking,2024-10-21
ACC-00575,CUST-04298,savings,2024-07-16
ACC-00576,CUST-03509,checking,2024-05-25
ACC-00577,CUST-02470,checking,2024-03-03
ACC-00578,CUST-03289,savings,2024-08-06
ACC-00579,CUST-04669,credit_card,2024-03-19
ACC-00580,CUST-03461,savings,2024-09-08
ACC-00581,CUST-02204,checking,2024-01-07
ACC-00582,CUST-01140,credit_card,2024-03-01
ACC-00583,CUST-01618,savings,2024-04-10
ACC-00584,CUST-02824,credit_card,2024-11-10
ACC-00585,CUST-01388,credit_card,2024-08-01
ACC-00586,CUST-02369,credit_card,2024-11-16
ACC-00587,CUST-02276,savings,2024-05-14
ACC-00588,CUST-00131,checking,2024-03-24
ACC-00589,CUST-04073,credit_card,2024-03-24
ACC-00590,CUST-02954,checking,2024-03-02
ACC-00591,CUST-00047,checking,2024-06-03
ACC-00592,CUST-01825,savings,2024-10-03
ACC-00593,CUST-04599,credit_card,2024-07-13
ACC-00594,CUST-01171,credit_card,2024-12-07
ACC-00595,CUST-01406,credit_card,2024-12-23
ACC-00596,CUST-01785,credit_card,2024-10-19
ACC-00597,CUST-04133,credit_card,2024-07-13
ACC-00598,CUST-03777,credit_card,2024-12-15
ACC-00599,CUST-02402,checking,2024-07-26
ACC-00600,CUST-04379,checking,2024-06-13
ACC-00601,CUST-02782,credit_card,2024-12-08
ACC-00602,CUST-02428,checking,2024-11-26
ACC-00603,CUST-01800,credit_card,2024-07-08
ACC-00604,CUST-00372,credit_card,2024-09-25
ACC-00605,CUST-04819,savings,2024-01-09
ACC-00606,CUST-04141,credit_card,2024-03-18
ACC-00607,CUST-02777,savings,2024-08-19
ACC-00608,CUST-02263,credit_card,2024-09-16
ACC-00609,CUST-01580,savings,2024-10-24
ACC-00610,CUST-04502,credit_card,2024-06-14
ACC-00611,CUST-02631,checking,2024-08-25
ACC-00612,CUST-01161,credit_card,2024-07-22
ACC-00613,CUST-02911,credit_card,2024-12-26
ACC-00614,CUST-03664,checking,2024-11-09
ACC-00615,CUST-02178,savings,2024-06-19
ACC-00616,CUST-00079,savings,2024-09-22
ACC-00617,CUST-02841,credit_card,2024-07-12
ACC-00618,CUST-04619,checking,2024-07-05
ACC-00619,CUST-03646,credit_card,2024-11-19
ACC-00620,CUST-02753,credit_card,2024-03-27
ACC-00621,CUST-03478,savings,2024-07-17
ACC-00622,CUST-01451,savings,2024-07-16
ACC-00623,CUST-02436,savings,2024-02-15
ACC-00624,CUST-04641,savings,2024-09-25
ACC-00625,CUST-02476,savings,2024-06-10
ACC-00626,CUST-00475,savings,2024-05-15
ACC-00627,CUST-01083,savings,2024-01-10
ACC-00628,CUST-03851,credit_card,2024-05-05
ACC-00629,CUST-03049,checking,2024-02-08
ACC-00630,CUST-00691,checking,2024-08-19
ACC-00631,CUST-04356,credit_card,2024-01-07
ACC-00632,CUST-03896,checking,2024-04-12
ACC-00633,CUST-04298,credit_card,2024-08-25
ACC-00634,CUST-00888,credit_card,2024-12-01
ACC-00635,CUST-01636,checking,2024-05-17
ACC-00636,CUST-04062,savings,2024-12-25
ACC-00637,CUST-04578,savings,2024-08-09
ACC-00638,CUST-02649,savings,2024-07-13
ACC-00639,CUST-02528,credit_card,2024-07-04
ACC-00640,CUST-02323,credit_card,2024-12-06
ACC-00641,CUST-04141,credit_card,2024-07-10
ACC-00642,CUST-01195,savings,2024-04-09
ACC-00643,CUST-02769,checking,2024-11-15
ACC-00644,CUST-03894,credit_card,2024-12-23
ACC-00645,CUST-01619,savings,2024-04-13
ACC-00646,CUST-04377,credit_card,2024-06-15
ACC-00647,CUST-04711,savings,2024-05-17
ACC-00648,CUST-04224,credit_card,2024-08-05
ACC-00649,CUST-00318,checking,2024-09-12
ACC-00650,CUST-02173,checking,2024-09-13
ACC-00651,CUST-04217,credit_card,2024-10-28
ACC-00652,CUST-03231,checking,2024-01-22
ACC-00653,CUST-00466,savings,2024-10-24
ACC-00654,CUST-03093,checking,2024-10-17
ACC-00655,CUST-03092,savings,2024-11-28
ACC-00656,CUST-02758,credit_card,2024-11-05
ACC-00657,CUST-02141,savings,2024-02-07
ACC-00658,CUST-01913,checking,2024-05-28
ACC-00659,CUST-01581,checking,2024-05-23
ACC-00660,CUST-01357,credit_card,2024-01-26
ACC-00661,CUST-01488,savings,2024-10-13
ACC-00662,CUST-04251,credit_card,2024-06-11
ACC-00663,CUST-02759,savings,2024-11-08
ACC-00664,CUST-02118,savings,2024-01-27
ACC-00665,CUST-02724,checking,2024-06-19
ACC-00666,CUST-01855,credit_card,2024-07-21
ACC-00667,CUST-01693,savings,2024-03-01
ACC-00668,CUST-04275,checking,2024-05-23
ACC-00669,CUST-02500,savings,2024-05-11
ACC-00670,CUST-02505,credit_card,2024-10-01
ACC-00671,CUST-01011,checking,2024-04-26
ACC-00672,CUST-00317,credit_card,2024-08-28
ACC-00673,CUST-01379,checking,2024-10-09
ACC-00674,CUST-01774,checking,2024-07-01
ACC-00675,CUST-02486,checking,2024-05-17
ACC-00676,CUST-01835,credit_card,2024-05-26
ACC-00677,CUST-01812,credit_card,2024-06-07
ACC-00678,CUST-00626,credit_card,2024-06-21
ACC-00679,CUST-02119,credit_card,2024-12-15
ACC-00680,CUST-02386,savings,2024-01-12
ACC-00681,CUST-03695,credit_card,2024-08-22
ACC-00682,CUST-00264,savings,2024-02-21
ACC-00683,CUST-02250,checking,2024-08-08
ACC-00684,CUST-02977,checking,2024-03-06
ACC-00685,CUST-00915,credit_card,2024-02-19
ACC-00686,CUST-01536,checking,2024-05-01
ACC-00687,CUST-00500,checking,2024-02-14
ACC-00688,CUST-02255,savings,2024-01-17
ACC-00689,CUST-03026,checking,2024-03-09
ACC-00690,CUST-03355,savings,2024-09-28
ACC-00691,CUST-00363,savings,2024-01-28
ACC-00692,CUST-03169,credit_card,2024-04-12
ACC-00693,CUST-00442,checking,2024-02-02
ACC-00694,CUST-01398,savings,2024-05-14
ACC-00695,CUST-00715,credit_card,2024-03-14
ACC-00696,CUST-00582,credit_card,2024-09-20
ACC-00697,CUST-02487,savings,2024-06-04
ACC-00698,CUST-00394,checking,2024-08-25
ACC-00699,CUST-01240,credit_card,2024-01-11
ACC-00700,CUST-01855,savings,2024-09-14
ACC-00701,CUST-02939,checking,2024-02-24
ACC-00702,CUST-04464,checking,2024-04-12
ACC-00703,CUST-03770,checking,2024-12-11
ACC-00704,CUST-00567,credit_card,2024-06-23
ACC-00705,CUST-02096,checking,2024-09-17
ACC-00706,CUST-04579,checking,2024-07-04
ACC-00707,CUST-04698,checking,2024-09-07
ACC-00708,CUST-00036,savings,2024-06-12
ACC-00709,CUST-00863,credit_card,2024-11-12
ACC-00710,CUST-03452,checking,2024-12-09
ACC-00711,CUST-04221,savings,2024-04-28
ACC-00712,CUST-00309,checking,2024-04-19
ACC-00713,CUST-02957,savings,2024-12-08
ACC-00714,CUST-01838,checking,2024-08-22
ACC-00715,CUST-00693,savings,2024-10-23
ACC-00716,CUST-00361,credit_card,2024-10-18
ACC-00717,CUST-00160,checking,2024-02-02
ACC-00718,CUST-01797,savings,2024-02-25
ACC-00719,CUST-02523,savings,2024-02-18
ACC-00720,CUST-03278,checking,2024-10-19
ACC-00721,CUST-04445,credit_card,2024-10-16
ACC-00722,CUST-01184,savings,2024-12-06
ACC-00723,CUST-01187,credit_card,2024-03-05
ACC-00724,CUST-01808,checking,2024-11-07
ACC-00725,CUST-01865,savings,2024-02-14
ACC-00726,CUST-04480,credit_card,2024-09-12
ACC-00727,CUST-02849,savings,2024-11-25
ACC-00728,CUST-03576,checking,2024-08-06
ACC-00729,CUST-02774,savings,2024-12-24
ACC-00730,CUST-01954,checking,2024-06-27
ACC-00731,CUST-03151,checking,2024-09-22
ACC-00732,CUST-03474,savings,2024-01-09
ACC-00733,CUST-04618,savings,2024-03-08
ACC-00734,CUST-04395,savings,2024-11-03
ACC-00735,CUST-02572,credit_card,2024-05-26
ACC-00736,CUST-01291,checking,2024-09-26
ACC-00737,CUST-03253,checking,2024-03-26
ACC-00738,CUST-02222,credit_card,2024-09-23
ACC-00739,CUST-02200,credit_card,2024-02-09
ACC-00740,CUST-02645,credit_card,2024-07-19
ACC-00741,CUST-03330,checking,2024-02-24
ACC-00742,CUST-01401,credit_card,2024-04-12
ACC-00743,CUST-03020,checking,2024-08-15
ACC-00744,CUST-02232,credit_card,2024-12-18
ACC-00745,CUST-02164,credit_card,2024-03-18
ACC-00746,CUST-04905,credit_card,2024-03-16
ACC-00747,CUST-02287,savings,2024-02-01
ACC-00748,CUST-03577,credit_card,2024-10-20
ACC-00749,CUST-02020,savings,2024-05-15
ACC-00750,CUST-00059,credit_card,2024-12-11
ACC-00751,CUST-01903,checking,2024-06-08
ACC-00752,CUST-00869,savings,2024-08-12
ACC-00753,CUST-02423,savings,2024-11-05
ACC-00754,CUST-00208,credit_card,2024-02-22
ACC-00755,CUST-02789,credit_card,2024-03-12
ACC-00756,CUST-01462,credit_card,2024-03-16
ACC-00757,CUST-04294,credit_card,2024-01-12
ACC-00758,CUST-00903,checking,2024-07-21
ACC-00759,CUST-00622,checking,2024-04-27
ACC-00760,CUST-03302,savings,2024-01-25
ACC-00761,CUST-04486,credit_card,2024-07-04
ACC-00762,CUST-00976,checking,2024-09-28
ACC-00763,CUST-03283,checking,2024-06-16
ACC-00764,CUST-03439,savings,2024-05-14
ACC-00765,CUST-03226,credit_card,2024-06-01
ACC-00766,CUST-00964,checking,2024-03-09
ACC-00767,CUST-04880,credit_card,2024-05-10
ACC-00768,CUST-04723,checking,2024-08-04
ACC-00769,CUST-04360,credit_card,2024-09-20
ACC-00770,CUST-04507,checking,2024-03-13
ACC-00771,CUST-02928,savings,2024-07-04
ACC-00772,CUST-01893,credit_card,2024-10-11
ACC-00773,CUST-03478,checking,2024-01-17
ACC-00774,CUST-01436,savings,2024-08-10
ACC-00775,CUST-02303,credit_card,2024-12-13
ACC-00776,CUST-04918,savings,2024-06-07
ACC-00777,CUST-00894,checking,2024-09-11
ACC-00778,CUST-04411,savings,2024-08-23
ACC-00779,CUST-04011,savings,2024-07-07
ACC-00780,CUST-02286,credit_card,2024-09-28
ACC-00781,CUST-01592,credit_card,2024-12-06
ACC-00782,CUST-01058,checking,2024-02-13
ACC-00783,CUST-03675,credit_card,2024-06-10
ACC-00784,CUST-00366,checking,2024-04-07
ACC-00785,CUST-04417,credit_card,2024-10-25
ACC-00786,CUST-02946,credit_card,2024-10-17
ACC-00787,CUST-04465,savings,2024-09-08
ACC-00788,CUST-01514,savings,2024-05-05
ACC-00789,CUST-01954,savings,2024-12-10
ACC-00790,CUST-04337,checking,2024-01-27
ACC-00791,CUST-00689,credit_card,2024-05-19
ACC-00792,CUST-04874,savings,2024-02-11
ACC-00793,CUST-04437,credit_card,2024-06-01
ACC-00794,CUST-00095,checking,2024-11-26
ACC-00795,CUST-02811,checking,2024-11-28
ACC-00796,CUST-01969,savings,2024-12-09
ACC-00797,CUST-02310,checking,2024-02-07
ACC-00798,CUST-03511,credit_card,2024-12-03
ACC-00799,CUST-04395,checking,2024-05-26
ACC-00800,CUST-02225,checking,2024-04-18
ACC-00801,CUST-01524,checking,2024-02-10
ACC-00802,CUST-01328,savings,2024-05-17
ACC-00803,CUST-00879,credit_card,2024-09-12
ACC-00804,CUST-04796,checking,2024-08-07
ACC-00805,CUST-02658,credit_card,2024-03-27
ACC-00806,CUST-00960,credit_card,2024-04-07
ACC-00807,CUST-00051,checking,2024-08-28
ACC-00808,CUST-04812,checking,2024-09-14
ACC-00809,CUST-02765,credit_card,2024-03-14
ACC-00810,CUST-00722,savings,2024-09-12
ACC-00811,CUST-04265,savings,2024-12-12
ACC-00812,CUST-01066,credit_card,2024-02-12
ACC-00813,CUST-03478,credit_card,2024-01-10
ACC-00814,CUST-04200,checking,2024-07-04
ACC-00815,CUST-03706,credit_card,2024-12-18
ACC-00816,CUST-02218,checking,2024-09-22
ACC-00817,CUST-00835,savings,2024-08-03
ACC-00818,CUST-01385,credit_card,2024-03-02
ACC-00819,CUST-04593,checking,2024-12-13
ACC-00820,CUST-03008,credit_card,2024-06-21
ACC-00821,CUST-03054,checking,2024-10-28
ACC-00822,CUST-00172,checking,2024-09-10
ACC-00823,CUST-02209,checking,2024-02-16
ACC-00824,CUST-00867,credit_card,2024-06-07
ACC-00825,CUST-01095,credit_card,2024-03-13
ACC-00826,CUST-03885,checking,2024-12-03
ACC-00827,CUST-04371,credit_card,2024-06-16
ACC-00828,CUST-00052,checking,2024-03-07
ACC-00829,CUST-00495,credit_card,2024-09-28
ACC-00830,CUST-04479,savings,2024-06-22
ACC-00831,CUST-02466,checking,2024-10-22
ACC-00832,CUST-03947,credit_card,2024-07-23
ACC-00833,CUST-04794,savings,2024-12-06
ACC-00834,CUST-01158,credit_card,2024-03-02
ACC-00835,CUST-03357,savings,2024-08-21
ACC-00836,CUST-03345,credit_card,2024-04-27
ACC-00837,CUST-00217,checking,2024-10-27
ACC-00838,CUST-00871,credit_card,2024-07-17
ACC-00839,CUST-04547,credit_card,2024-06-07
ACC-00840,CUST-01422,checking,2024-02-09
ACC-00841,CUST-01365,checking,2024-05-12
ACC-00842,CUST-00772,credit_card,2024-07-10
ACC-00843,CUST-02059,savings,2024-02-17
ACC-00844,CUST-04872,credit_card,2024-01-27
ACC-00845,CUST-00681,savings,2024-01-11
ACC-00846,CUST-03163,checking,2024-04-15
ACC-00847,CUST-00195,checking,2024-10-11
ACC-00848,CUST-00151,checking,2024-01-24
ACC-00849,CUST-00012,savings,2024-06-06
ACC-00850,CUST-02517,savings,2024-04-20
ACC-00851,CUST-01756,credit_card,2024-05-12
ACC-00852,CUST-04882,checking,2024-06-04
ACC-00853,CUST-00311,checking,2024-08-10
ACC-00854,CUST-01267,credit_card,2024-08-10
ACC-00855,CUST-00900,credit_card,2024-08-07
ACC-00856,CUST-01068,savings,2024-06-27
ACC-00857,CUST-02034,credit_card,2024-08-27
ACC-00858,CUST-00592,savings,2024-03-21
ACC-00859,CUST-03140,savings,2024-02-15
ACC-00860,CUST-02935,savings,2024-05-09
ACC-00861,CUST-02161,checking,2024-02-20
ACC-00862,CUST-01777,savings,2024-05-20
ACC-00863,CUST-03780,savings,2024-01-15
ACC-00864,CUST-01004,savings,2024-03-03
ACC-00865,CUST-02434,savings,2024-02-17
ACC-00866,CUST-01122,savings,2024-11-04
ACC-00867,CUST-02774,credit_card,2024-07-09
ACC-00868,CUST-04830,checking,2024-01-08
ACC-00869,CUST-04206,checking,2024-01-10
ACC-00870,CUST-04118,credit_card,2024-08-04
ACC-00871,CUST-03872,credit_card,2024-12-05
ACC-00872,CUST-04825,credit_card,2024-06-28
ACC-00873,CUST-04936,checking,2024-11-25
ACC-00874,CUST-03932,credit_card,2024-11-26
ACC-00875,CUST-00716,credit_card,2024-03-25
ACC-00876,CUST-02601,credit_card,2024-09-23
ACC-00877,CUST-02166,checking,2024-09-21
ACC-00878,CUST-03555,savings,2024-04-01
ACC-00879,CUST-04372,checking,2024-12-14
ACC-00880,CUST-00404,credit_card,2024-03-02
ACC-00881,CUST-00424,checking,2024-04-09
ACC-00882,CUST-03239,credit_card,2024-06-07
ACC-00883,CUST-03503,checking,2024-01-09
ACC-00884,CUST-00404,checking,2024-04-27
ACC-00885,CUST-02208,checking,2024-02-14
ACC-00886,CUST-04577,savings,2024-01-25
ACC-00887,CUST-00006,savings,2024-07-10
ACC-00888,CUST-00801,credit_card,2024-12-18
ACC-00889,CUST-02022,credit_card,2024-10-07
ACC-00890,CUST-02652,savings,2024-11-20
ACC-00891,CUST-01577,credit_card,2024-12-03
ACC-00892,CUST-03466,checking,2024-11-01
ACC-00893,CUST-00375,checking,2024-10-02
ACC-00894,CUST-03119,checking,2024-08-28
ACC-00895,CUST-00091,credit_card,2024-08-09
ACC-00896,CUST-04670,credit_card,2024-11-17
ACC-00897,CUST-04635,credit_card,2024-04-07
ACC-00898,CUST-02896,credit_card,2024-10-28
ACC-00899,CUST-01230,checking,2024-05-08
ACC-00900,CUST-03155,checking,2024-12-27
ACC-00901,CUST-02865,credit_card,2024-05-20
ACC-00902,CUST-00708,savings,2024-03-24
ACC-00903,CUST-03448,checking,2024-09-19
ACC-00904,CUST-03557,checking,2024-09-09
ACC-00905,CUST-00468,savings,2024-04-23
ACC-00906,CUST-01369,credit_card,2024-02-24
ACC-00907,CUST-04485,checking,2024-08-08
ACC-00908,CUST-04287,savings,2024-07-11
ACC-00909,CUST-01094,savings,2024-05-13
ACC-00910,CUST-04938,checking,2024-05-14
ACC-00911,CUST-04620,checking,2024-06-07
ACC-00912,CUST-03936,savings,2024-11-25
ACC-00913,CUST-04855,credit_card,2024-04-14
ACC-00914,CUST-04707,savings,2024-08-17
ACC-00915,CUST-04724,checking,2024-01-13
ACC-00916,CUST-03991,checking,2024-07-14
ACC-00917,CUST-00826,savings,2024-08-27
ACC-00918,CUST-00892,checking,2024-03-09
ACC-00919,CUST-01924,savings,2024-07-17
ACC-00920,CUST-03822,checking,2024-04-03
ACC-00921,CUST-01066,checking,2024-02-14
ACC-00922,CUST-03387,checking,2024-02-08
ACC-00923,CUST-03376,savings,2024-04-17
ACC-00924,CUST-00339,credit_card,2024-04-12
ACC-00925,CUST-03761,checking,2024-03-09
ACC-00926,CUST-02371,savings,2024-03-25
ACC-00927,CUST-03708,checking,2024-10-12
ACC-00928,CUST-01872,credit_card,2024-10-27
ACC-00929,CUST-02103,checking,2024-08-09
ACC-00930,CUST-02238,checking,2024-06-27
ACC-00931,CUST-03066,checking,2024-03-14
ACC-00932,CUST-00943,savings,2024-02-12
ACC-00933,CUST-00129,credit_card,2024-01-01
ACC-00934,CUST-01680,credit_card,2024-10-04
ACC-00935,CUST-03339,credit_card,2024-10-14
ACC-00936,CUST-00372,credit_card,2024-04-23
ACC-00937,CUST-02921,savings,2024-03-05
ACC-00938,CUST-01391,checking,2024-11-07
ACC-00939,CUST-01283,credit_card,2024-08-20
ACC-00940,CUST-04757,checking,2024-06-09
ACC-00941,CUST-04436,checking,2024-05-09
ACC-00942,CUST-01202,credit_card,2024-06-15
ACC-00943,CUST-02104,checking,2024-11-19
ACC-00944,CUST-02050,credit_card,2024-07-20
ACC-00945,CUST-04184,savings,2024-07-02
ACC-00946,CUST-02706,checking,2024-08-12
ACC-00947,CUST-01916,checking,2024-02-08
ACC-00948,CUST-00069,checking,2024-05-10
ACC-00949,CUST-00469,credit_card,2024-12-14
ACC-00950,CUST-00126,credit_card,2024-02-25
ACC-00951,CUST-03308,savings,2024-10-07
ACC-00952,CUST-00212,credit_card,2024-06-25
ACC-00953,CUST-04135,credit_card,2024-09-21
ACC-00954,CUST-03570,checking,2024-05-28
ACC-00955,CUST-04238,checking,2024-09-13
ACC-00956,CUST-04380,savings,2024-12-10
ACC-00957,CUST-04034,credit_card,2024-07-28
ACC-00958,CUST-02316,savings,2024-12-16
ACC-00959,CUST-02162,savings,2024-09-14
ACC-00960,CUST-04912,savings,2024-07-12
ACC-00961,CUST-04796,credit_card,2024-09-01
ACC-00962,CUST-00174,checking,2024-06-24
ACC-00963,CUST-01352,checking,2024-05-08
ACC-00964,CUST-04908,credit_card,2024-06-07
ACC-00965,CUST-03499,credit_card,2024-11-14
ACC-00966,CUST-04011,credit_card,2024-01-22
ACC-00967,CUST-00059,savings,2024-09-13
ACC-00968,CUST-04483,checking,2024-11-27
ACC-00969,CUST-03300,savings,2024-07-21
ACC-00970,CUST-00254,credit_card,2024-08-28
ACC-00971,CUST-00661,credit_card,2024-06-16
ACC-00972,CUST-00637,credit_card,2024-01-02
ACC-00973,CUST-00076,credit_card,2024-12-04
ACC-00974,CUST-01258,credit_card,2024-09-11
ACC-00975,CUST-01216,checking,2024-08-14
ACC-00976,CUST-04295,savings,2024-09-09
ACC-00977,CUST-00473,checking,2024-12-10
ACC-00978,CUST-04799,checking,2024-07-14
ACC-00979,CUST-02618,credit_card,2024-08-21
ACC-00980,CUST-04300,checking,2024-07-23
ACC-00981,CUST-00717,checking,2024-09-28
ACC-00982,CUST-03076,credit_card,2024-04-16
ACC-00983,CUST-00671,credit_card,2024-06-11
ACC-00984,CUST-04133,checking,2024-02-16
ACC-00985,CUST-02362,checking,2024-12-17
ACC-00986,CUST-02160,savings,2024-09-18
ACC-00987,CUST-01479,credit_card,2024-12-10
ACC-00988,CUST-04038,credit_card,2024-12-13
ACC-00989,CUST-04569,savings,2024-03-28
ACC-00990,CUST-04712,credit_card,2024-10-03
ACC-00991,CUST-00786,credit_card,2024-05-28
ACC-00992,CUST-03396,savings,2024-03-24
ACC-00993,CUST-00297,checking,2024-03-27
ACC-00994,CUST-03795,checking,2024-07-10
ACC-00995,CUST-00359,credit_card,2024-09-13
ACC-00996,CUST-03882,checking,2024-10-21
ACC-00997,CUST-03509,checking,2024-05-01
ACC-00998,CUST-02089,savings,2024-11-23
ACC-00999,CUST-00084,savings,2024-10-10
ACC-01000,CUST-02389,savings,2024-09-02
ACC-01001,CUST-04897,savings,2024-09-02
ACC-01002,CUST-02147,checking,2024-07-15
ACC-01003,CUST-00618,savings,2024-02-09
ACC-01004,CUST-02037,savings,2024-07-17
ACC-01005,CUST-02961,credit_card,2024-06-05
ACC-01006,CUST-04169,credit_card,2024-10-13
ACC-01007,CUST-02909,checking,2024-10-03
ACC-01008,CUST-01955,savings,2024-04-12
ACC-01009,CUST-04538,credit_card,2024-04-16
ACC-01010,CUST-04481,savings,2024-05-27
ACC-01011,CUST-01129,credit_card,2024-02-28
ACC-01012,CUST-03359,checking,2024-02-10
ACC-01013,CUST-04727,savings,2024-01-11
ACC-01014,CUST-04198,savings,2024-05-14
ACC-01015,CUST-04602,savings,2024-10-06
ACC-01016,CUST-01920,savings,2024-11-19
ACC-01017,CUST-01306,credit_card,2024-06-24
ACC-01018,CUST-03895,credit_card,2024-10-10
ACC-01019,CUST-03265,savings,2024-07-06
ACC-01020,CUST-03255,savings,2024-03-02
ACC-01021,CUST-04401,savings,2024-08-05
ACC-01022,CUST-04183,savings,2024-06-16
ACC-01023,CUST-03214,credit_card,2024-06-16
ACC-01024,CUST-02434,savings,2024-05-02
ACC-01025,CUST-02155,credit_card,2024-02-25
ACC-01026,CUST-01448,checking,2024-10-04
ACC-01027,CUST-01290,checking,2024-02-08
ACC-01028,CUST-00077,checking,2024-12-15
ACC-01029,CUST-00675,checking,2024-11-27
ACC-01030,CUST-01506,savings,2024-02-18
ACC-01031,CUST-03814,credit_card,2024-05-05
ACC-01032,CUST-02418,credit_card,2024-10-23
ACC-01033,CUST-04916,savings,2024-05-25
ACC-01034,CUST-02068,checking,2024-01-24
ACC-01035,CUST-00257,checking,2024-11-22
ACC-01036,CUST-03069,checking,2024-04-21
ACC-01037,CUST-01152,credit_card,2024-04-04
ACC-01038,CUST-02181,credit_card,2024-09-21
ACC-01039,CUST-02229,savings,2024-05-20
ACC-01040,CUST-04807,checking,2024-12-13
ACC-01041,CUST-00469,checking,2024-02-22
ACC-01042,CUST-03681,credit_card,2024-09-02
ACC-01043,CUST-02926,checking,2024-06-25
ACC-01044,CUST-01798,credit_card,2024-11-22
ACC-01045,CUST-03169,credit_card,2024-09-05
ACC-01046,CUST-03880,credit_card,2024-02-10
ACC-01047,CUST-03109,savings,2024-12-09
ACC-01048,CUST-00801,savings,2024-12-20
ACC-01049,CUST-01665,credit_card,2024-06-06
ACC-01050,CUST-04706,credit_card,2024-10-12
ACC-01051,CUST-02616,credit_card,2024-01-13
ACC-01052,CUST-00392,checking,2024-04-04
ACC-01053,CUST-03413,credit_card,2024-07-22
ACC-01054,CUST-04145,credit_card,2024-03-20
ACC-01055,CUST-03619,checking,2024-11-20
ACC-01056,CUST-02781,checking,2024-05-02
ACC-01057,CUST-04534,checking,2024-04-05
ACC-01058,CUST-03721,credit_card,2024-07-06
ACC-01059,CUST-01676,checking,2024-11-14
ACC-01060,CUST-04319,savings,2024-06-11
ACC-01061,CUST-03104,savings,2024-04-22
ACC-01062,CUST-01552,checking,2024-10-25
ACC-01063,CUST-02626,checking,2024-07-12
ACC-01064,CUST-01565,credit_card,2024-01-08
ACC-01065,CUST-02271,checking,2024-06-15
ACC-01066,CUST-03207,savings,2024-02-04
ACC-01067,CUST-04840,savings,2024-09-20
ACC-01068,CUST-00840,checking,2024-03-09
ACC-01069,CUST-03445,credit_card,2024-11-28
ACC-01070,CUST-01420,checking,2024-02-26
ACC-01071,CUST-03554,savings,2024-08-12
ACC-01072,CUST-02758,credit_card,2024-08-26
ACC-01073,CUST-00631,savings,2024-05-15
ACC-01074,CUST-01502,savings,2024-06-05
ACC-01075,CUST-01498,savings,2024-12-17
ACC-01076,CUST-00942,checking,2024-09-01
ACC-01077,CUST-03307,savings,2024-06-08
ACC-01078,CUST-02595,credit_card,2024-12-18
ACC-01079,CUST-03837,checking,2024-09-24
ACC-01080,CUST-01669,savings,2024-07-27
ACC-01081,CUST-02174,checking,2024-10-06
ACC-01082,CUST-01459,checking,2024-09-08
ACC-01083,CUST-03889,savings,2024-12-22
ACC-01084,CUST-03245,checking,2024-03-20
ACC-01085,CUST-02654,credit_card,2024-08-23
ACC-01086,CUST-03058,savings,2024-05-17
ACC-01087,CUST-04942,checking,2024-07-15
ACC-01088,CUST-03545,credit_card,2024-06-18
ACC-01089,CUST-01534,credit_card,2024-07-10
ACC-01090,CUST-00911,credit_card,2024-10-20
ACC-01091,CUST-01871,checking,2024-06-19
ACC-01092,CUST-04481,checking,2024-09-04
ACC-01093,CUST-03977,checking,2024-05-01
ACC-01094,CUST-00136,credit_card,2024-05-19
ACC-01095,CUST-04805,credit_card,2024-01-10
ACC-01096,CUST-00016,credit_card,2024-01-01
ACC-01097,CUST-02851,checking,2024-07-28
ACC-01098,CUST-04746,credit_card,2024-12-16
ACC-01099,CUST-01929,checking,2024-03-14
ACC-01100,CUST-03259,savings,2024-01-23
ACC-01101,CUST-03796,credit_card,2024-03-24
ACC-01102,CUST-04377,checking,2024-04-03
ACC-01103,CUST-02610,credit_card,2024-07-07
ACC-01104,CUST-01894,savings,2024-09-11
ACC-01105,CUST-03195,savings,2024-02-11
ACC-01106,CUST-01936,checking,2024-11-15
ACC-01107,CUST-01505,credit_card,2024-02-11
ACC-01108,CUST-01466,savings,2024-05-24
ACC-01109,CUST-04441,savings,2024-10-08
ACC-01110,CUST-04520,savings,2024-06-13
ACC-01111,CUST-03478,credit_card,2024-02-21
ACC-01112,CUST-04615,credit_card,2024-12-20
ACC-01113,CUST-03497,checking,2024-08-08
ACC-01114,CUST-00581,checking,2024-10-09
ACC-01115,CUST-00635,checking,2024-01-17
ACC-01116,CUST-04659,checking,2024-02-20
ACC-01117,CUST-02758,checking,2024-01-25
ACC-01118,CUST-03000,checking,2024-12-27
ACC-01119,CUST-02455,credit_card,2024-03-27
ACC-01120,CUST-01594,credit_card,2024-07-06
ACC-01121,CUST-02445,credit_card,2024-09-04
ACC-01122,CUST-03633,checking,2024-11-21
ACC-01123,CUST-00982,savings,2024-06-27
ACC-01124,CUST-00109,savings,2024-01-07
ACC-01125,CUST-00684,checking,2024-08-14
ACC-01126,CUST-04031,credit_card,2024-09-05
ACC-01127,CUST-02638,checking,2024-07-06
ACC-01128,CUST-00284,savings,2024-06-27
ACC-01129,CUST-01406,checking,2024-04-14
ACC-01130,CUST-03939,credit_card,2024-10-19
ACC-01131,CUST-02266,credit_card,2024-03-24
ACC-01132,CUST-04369,credit_card,2024-09-27
ACC-01133,CUST-02881,checking,2024-02-01
ACC-01134,CUST-03910,savings,2024-06-09
ACC-01135,CUST-04718,savings,2024-08-03
ACC-01136,CUST-03808,savings,2024-07-13
ACC-01137,CUST-02367,credit_card,2024-11-01
ACC-01138,CUST-02129,savings,2024-03-04
ACC-01139,CUST-03283,savings,2024-02-02
ACC-01140,CUST-01941,savings,2024-09-18
ACC-01141,CUST-01722,savings,2024-05-11
ACC-01142,CUST-01854,credit_card,2024-09-13
ACC-01143,CUST-02860,savings,2024-11-23
ACC-01144,CUST-00739,credit_card,2024-11-15
ACC-01145,CUST-00827,savings,2024-02-28
ACC-01146,CUST-03621,checking,2024-08-14
ACC-01147,CUST-02487,credit_card,2024-12-04
ACC-01148,CUST-03775,savings,2024-04-08
ACC-01149,CUST-01642,credit_card,2024-09-13
ACC-01150,CUST-03451,savings,2024-04-05
ACC-01151,CUST-03119,checking,2024-03-22
ACC-01152,CUST-01236,savings,2024-06-27
ACC-01153,CUST-01854,checking,2024-11-26
ACC-01154,CUST-00539,checking,2024-05-08
ACC-01155,CUST-00570,checking,2024-02-01
ACC-01156,CUST-02364,checking,2024-12-18
ACC-01157,CUST-04297,credit_card,2024-01-10
ACC-01158,CUST-00846,checking,2024-12-09
ACC-01159,CUST-01301,checking,2024-07-07
ACC-01160,CUST-04808,credit_card,2024-05-18
ACC-01161,CUST-02338,savings,2024-02-21
ACC-01162,CUST-04445,checking,2024-04-24
ACC-01163,CUST-01302,savings,2024-03-14
ACC-01164,CUST-02661,savings,2024-10-11
ACC-01165,CUST-00372,checking,2024-03-08
ACC-01166,CUST-02961,credit_card,2024-05-01
ACC-01167,CUST-02405,credit_card,2024-02-09
ACC-01168,CUST-04087,checking,2024-01-10
ACC-01169,CUST-00195,credit_card,2024-01-01
ACC-01170,CUST-00675,savings,2024-07-12
ACC-01171,CUST-03367,checking,2024-02-19
ACC-01172,CUST-01558,checking,2024-01-21
ACC-01173,CUST-03893,savings,2024-04-12
ACC-01174,CUST-00043,checking,2024-09-21
ACC-01175,CUST-04065,checking,2024-03-17
ACC-01176,CUST-01012,checking,2024-10-21
ACC-01177,CUST-01377,checking,2024-03-04
ACC-01178,CUST-02104,credit_card,2024-03-21
ACC-01179,CUST-01539,savings,2024-03-02
ACC-01180,CUST-00294,credit_card,2024-06-02
ACC-01181,CUST-04559,checking,2024-12-11
ACC-01182,CUST-04791,savings,2024-04-26
ACC-01183,CUST-02874,checking,2024-08-12
ACC-01184,CUST-04669,credit_card,2024-06-04
ACC-01185,CUST-02959,savings,2024-07-28
ACC-01186,CUST-02734,checking,2024-06-10
ACC-01187,CUST-02830,savings,2024-11-08
ACC-01188,CUST-02809,credit_card,2024-02-03
ACC-01189,CUST-04017,savings,2024-12-19
ACC-01190,CUST-03424,credit_card,2024-05-10
ACC-01191,CUST-01017,credit_card,2024-04-12
ACC-01192,CUST-01954,savings,2024-12-22
ACC-01193,CUST-04287,checking,2024-11-20
ACC-01194,CUST-02171,savings,2024-04-03
ACC-01195,CUST-02068,credit_card,2024-07-07
ACC-01196,CUST-02646,checking,2024-02-23
ACC-01197,CUST-04809,checking,2024-03-10
ACC-01198,CUST-03053,savings,2024-12-03
ACC-01199,CUST-04712,credit_card,2024-08-28
ACC-01200,CUST-03365,credit_card,2024-04-27
ACC-01201,CUST-00094,checking,2024-08-19
ACC-01202,CUST-03245,savings,2024-07-06
ACC-01203,CUST-04256,credit_card,2024-08-01
ACC-01204,CUST-01594,savings,2024-06-19
ACC-01205,CUST-00281,credit_card,2024-06-22
ACC-01206,CUST-04516,savings,2024-04-13
ACC-01207,CUST-02662,checking,2024-11-08
ACC-01208,CUST-01851,credit_card,2024-01-23
ACC-01209,CUST-04436,checking,2024-03-02
ACC-01210,CUST-04828,checking,2024-08-13
ACC-01211,CUST-02333,checking,2024-01-15
ACC-01212,CUST-01945,savings,2024-06-09
ACC-01213,CUST-03830,savings,2024-10-23
ACC-01214,CUST-04098,savings,2024-06-23
ACC-01215,CUST-03210,credit_card,2024-08-25
ACC-01216,CUST-02072,savings,2024-08-27
ACC-01217,CUST-02498,credit_card,2024-08-03
ACC-01218,CUST-03888,credit_card,2024-07-09
ACC-01219,CUST-02004,credit_card,2024-10-08
ACC-01220,CUST-00967,checking,2024-04-24
ACC-01221,CUST-03170,checking,2024-07-13
ACC-01222,CUST-01105,checking,2024-02-08
ACC-01223,CUST-03684,credit_card,2024-09-06
ACC-01224,CUST-01302,credit_card,2024-08-04
ACC-01225,CUST-03425,checking,2024-06-16
ACC-01226,CUST-01304,savings,2024-12-06
ACC-01227,CUST-03928,checking,2024-01-08
ACC-01228,CUST-02639,credit_card,2024-07-07
ACC-01229,CUST-02121,savings,2024-08-02
ACC-01230,CUST-01630,credit_card,2024-11-07
ACC-01231,CUST-04500,checking,2024-07-05
ACC-01232,CUST-02401,checking,2024-11-11
ACC-01233,CUST-03426,checking,2024-04-11
ACC-01234,CUST-00549,credit_card,2024-01-27
ACC-01235,CUST-04163,credit_card,2024-03-12
ACC-01236,CUST-01337,savings,2024-08-09
ACC-01237,CUST-04465,credit_card,2024-08-08
ACC-01238,CUST-04091,credit_card,2024-12-01
ACC-01239,CUST-02754,credit_card,2024-05-11
ACC-01240,CUST-02215,credit_card,2024-02-13
ACC-01241,CUST-03955,savings,2024-03-09
ACC-01242,CUST-04482,savings,2024-09-26
ACC-01243,CUST-03460,checking,2024-07-28
ACC-01244,CUST-01299,savings,2024-04-17
ACC-01245,CUST-01744,checking,2024-02-12
ACC-01246,CUST-03352,savings,2024-09-14
ACC-01247,CUST-01657,checking,2024-05-21
ACC-01248,CUST-01697,checking,2024-01-11
ACC-01249,CUST-00704,credit_card,2024-01-08
ACC-01250,CUST-01621,credit_card,2024-06-14
ACC-01251,CUST-03078,credit_card,2024-02-27
ACC-01252,CUST-03675,savings,2024-06-14
ACC-01253,CUST-01056,checking,2024-11-09
ACC-01254,CUST-03398,credit_card,2024-11-12
ACC-01255,CUST-00550,savings,2024-10-20
ACC-01256,CUST-01029,savings,2024-06-13
ACC-01257,CUST-04530,credit_card,2024-07-25
ACC-01258,CUST-01582,checking,2024-10-04
ACC-01259,CUST-01525,credit_card,2024-11-10
ACC-01260,CUST-04069,checking,2024-10-12
ACC-01261,CUST-04538,savings,2024-08-12
ACC-01262,CUST-02199,savings,2024-07-09
ACC-01263,CUST-01414,credit_card,2024-12-12
ACC-01264,CUST-00985,checking,2024-04-08
ACC-01265,CUST-01207,credit_card,2024-07-11
ACC-01266,CUST-04005,credit_card,2024-12-21
ACC-01267,CUST-00044,credit_card,2024-07-08
ACC-01268,CUST-03618,savings,2024-08-23
ACC-01269,CUST-00627,credit_card,2024-11-28
ACC-01270,CUST-00116,savings,2024-11-08
ACC-01271,CUST-01012,savings,2024-10-17
ACC-01272,CUST-00308,credit_card,2024-09-24
ACC-01273,CUST-04290,credit_card,2024-07-26
ACC-01274,CUST-02462,checking,2024-09-10
ACC-01275,CUST-03342,checking,2024-04-10
ACC-01276,CUST-01067,checking,2024-05-01
ACC-01277,CUST-01784,savings,2024-06-04
ACC-01278,CUST-01763,credit_card,2024-04-06
ACC-01279,CUST-01446,savings,2024-11-12
ACC-01280,CUST-03591,credit_card,2024-01-11
ACC-01281,CUST-02146,savings,2024-08-12
ACC-01282,CUST-02214,checking,2024-05-10
ACC-01283,CUST-02713,savings,2024-03-27
ACC-01284,CUST-00258,credit_card,2024-04-23
ACC-01285,CUST-00065,savings,2024-04-19
ACC-01286,CUST-01470,credit_card,2024-04-06
ACC-01287,CUST-03862,credit_card,2024-05-04
ACC-01288,CUST-00181,savings,2024-04-22
ACC-01289,CUST-00933,savings,2024-05-16
ACC-01290,CUST-02154,checking,2024-11-17
ACC-01291,CUST-01801,credit_card,2024-04-25
ACC-01292,CUST-02361,savings,2024-11-17
ACC-01293,CUST-03643,credit_card,2024-12-08
ACC-01294,CUST-00561,credit_card,2024-12-04
ACC-01295,CUST-04714,checking,2024-06-09
ACC-01296,CUST-03856,checking,2024-09-13
ACC-01297,CUST-01136,savings,2024-12-08
ACC-01298,CUST-02974,credit_card,2024-02-25
ACC-01299,CUST-00006,credit_card,2024-08-05
ACC-01300,CUST-01192,savings,2024-08-27
ACC-01301,CUST-03132,savings,2024-07-07
ACC-01302,CUST-01896,checking,2024-02-09
ACC-01303,CUST-03420,checking,2024-10-03
ACC-01304,CUST-01711,savings,2024-02-23
ACC-01305,CUST-00964,savings,2024-02-22
ACC-01306,CUST-02864,checking,2024-05-09
ACC-01307,CUST-01220,checking,2024-06-01
ACC-01308,CUST-04418,credit_card,2024-04-19
ACC-01309,CUST-01267,checking,2024-12-19
ACC-01310,CUST-03008,checking,2024-11-26
ACC-01311,CUST-02744,savings,2024-12-08
ACC-01312,CUST-01094,credit_card,2024-05-13
ACC-01313,CUST-02768,savings,2024-12-08
ACC-01314,CUST-04466,checking,2024-10-05
ACC-01315,CUST-02234,credit_card,2024-09-20
ACC-01316,CUST-02698,savings,2024-10-26
ACC-01317,CUST-00792,credit_card,2024-09-17
ACC-01318,CUST-04519,checking,2024-09-10
ACC-01319,CUST-04805,credit_card,2024-05-14
ACC-01320,CUST-02202,credit_card,2024-07-20
ACC-01321,CUST-04231,checking,2024-11-27
ACC-01322,CUST-04455,credit_card,2024-10-26
ACC-01323,CUST-01049,credit_card,2024-12-03
ACC-01324,CUST-00613,credit_card,2024-12-05
ACC-01325,CUST-01883,checking,2024-05-11
ACC-01326,CUST-01981,checking,2024-02-21
ACC-01327,CUST-01999,checking,2024-02-23
ACC-01328,CUST-00065,credit_card,2024-09-13
ACC-01329,CUST-02081,savings,2024-12-22
ACC-01330,CUST-01922,credit_card,2024-12-25
ACC-01331,CUST-04525,savings,2024-05-22
ACC-01332,CUST-02676,savings,2024-12-22
ACC-01333,CUST-03985,checking,2024-02-24
ACC-01334,CUST-00644,credit_card,2024-02-18
ACC-01335,CUST-02100,credit_card,2024-12-12
ACC-01336,CUST-00330,savings,2024-01-23
ACC-01337,CUST-04142,savings,2024-03-23
ACC-01338,CUST-02202,checking,2024-07-14
ACC-01339,CUST-04458,checking,2024-11-08
ACC-01340,CUST-00727,savings,2024-04-22
ACC-01341,CUST-04833,checking,2024-07-26
ACC-01342,CUST-00992,savings,2024-12-14
ACC-01343,CUST-04210,checking,2024-11-18
ACC-01344,CUST-04696,checking,2024-08-10
ACC-01345,CUST-03337,checking,2024-10-16
ACC-01346,CUST-03989,credit_card,2024-01-12
ACC-01347,CUST-00671,checking,2024-06-11
ACC-01348,CUST-00696,credit_card,2024-10-17
ACC-01349,CUST-03367,credit_card,2024-02-08
ACC-01350,CUST-00319,checking,2024-02-22
ACC-01351,CUST-00227,credit_card,2024-11-11
ACC-01352,CUST-04088,checking,2024-08-23
ACC-01353,CUST-03878,savings,2024-04-17
ACC-01354,CUST-02984,credit_card,2024-06-09
ACC-01355,CUST-01546,checking,2024-02-18
ACC-01356,CUST-02600,checking,2024-09-12
ACC-01357,CUST-04327,savings,2024-12-27
ACC-01358,CUST-02024,credit_card,2024-10-24
ACC-01359,CUST-04908,savings,2024-08-16
ACC-01360,CUST-00459,savings,2024-03-25
ACC-01361,CUST-04494,credit_card,2024-08-11
ACC-01362,CUST-03243,savings,2024-11-23
ACC-01363,CUST-02634,credit_card,2024-01-13
ACC-01364,CUST-03254,credit_card,2024-12-17
ACC-01365,CUST-01853,savings,2024-06-20
ACC-01366,CUST-03599,credit_card,2024-11-12
ACC-01367,CUST-00157,savings,2024-12-05
ACC-01368,CUST-04109,credit_card,2024-12-08
ACC-01369,CUST-02248,savings,2024-05-04
ACC-01370,CUST-04069,credit_card,2024-10-10
ACC-01371,CUST-01920,savings,2024-10-11
ACC-01372,CUST-01649,checking,2024-01-26
ACC-01373,CUST-02941,credit_card,2024-07-06
ACC-01374,CUST-04739,savings,2024-10-02
ACC-01375,CUST-01133,savings,2024-06-07
ACC-01376,CUST-02104,credit_card,2024-12-12
ACC-01377,CUST-03944,checking,2024-03-19
ACC-01378,CUST-04051,checking,2024-03-14
ACC-01379,CUST-01538,savings,2024-03-07
ACC-01380,CUST-02560,checking,2024-08-21
ACC-01381,CUST-02220,savings,2024-09-06
ACC-01382,CUST-04586,checking,2024-09-26
ACC-01383,CUST-01291,checking,2024-05-03
ACC-01384,CUST-03025,savings,2024-02-17
ACC-01385,CUST-00839,checking,2024-12-03
ACC-01386,CUST-02964,checking,2024-03-13
ACC-01387,CUST-03344,credit_card,2024-12-18
ACC-01388,CUST-03405,checking,2024-11-01
ACC-01389,CUST-04381,checking,2024-04-26
ACC-01390,CUST-04128,checking,2024-03-01
ACC-01391,CUST-00309,credit_card,2024-05-06
ACC-01392,CUST-02379,credit_card,2024-02-03
ACC-01393,CUST-03009,checking,2024-07-21
ACC-01394,CUST-02120,credit_card,2024-10-16
ACC-01395,CUST-04294,savings,2024-11-09
ACC-01396,CUST-01467,credit_card,2024-06-20
ACC-01397,CUST-03281,credit_card,2024-07-25
ACC-01398,CUST-00260,savings,2024-04-17
ACC-01399,CUST-02339,credit_card,2024-06-05
ACC-01400,CUST-03131,savings,2024-06-21
ACC-01401,CUST-01678,credit_card,2024-10-02
ACC-01402,CUST-01120,checking,2024-08-06
ACC-01403,CUST-02198,savings,2024-09-16
ACC-01404,CUST-01730,checking,2024-11-19
ACC-01405,CUST-00456,savings,2024-08-04
ACC-01406,CUST-00421,credit_card,2024-02-28
ACC-01407,CUST-03133,savings,2024-11-11
ACC-01408,CUST-00406,savings,2024-10-28
ACC-01409,CUST-04232,savings,2024-11-10
ACC-01410,CUST-00339,credit_card,2024-03-11
ACC-01411,CUST-01306,checking,2024-07-02
ACC-01412,CUST-00859,savings,2024-12-15
ACC-01413,CUST-02060,credit_card,2024-12-05
ACC-01414,CUST-03573,credit_card,2024-03-06
ACC-01415,CUST-03848,credit_card,2024-05-11
ACC-01416,CUST-02323,checking,2024-12-04
ACC-01417,CUST-04379,credit_card,2024-11-14
ACC-01418,CUST-01374,savings,2024-09-24
ACC-01419,CUST-02672,credit_card,2024-02-17
ACC-01420,CUST-04851,savings,2024-06-22
ACC-01421,CUST-00270,savings,2024-12-03
ACC-01422,CUST-02955,credit_card,2024-04-09
ACC-01423,CUST-04401,savings,2024-12-08
ACC-01424,CUST-01953,checking,2024-11-03
ACC-01425,CUST-01778,checking,2024-11-19
ACC-01426,CUST-03257,checking,2024-07-22
ACC-01427,CUST-00980,credit_card,2024-04-08
ACC-01428,CUST-02992,credit_card,2024-06-16
ACC-01429,CUST-02820,checking,2024-08-08
ACC-01430,CUST-02247,savings,2024-10-07
ACC-01431,CUST-04235,credit_card,2024-03-20
ACC-01432,CUST-04567,credit_card,2024-03-22
ACC-01433,CUST-01537,savings,2024-07-22
ACC-01434,CUST-00455,credit_card,2024-03-14
ACC-01435,CUST-03579,savings,2024-04-17
ACC-01436,CUST-02495,checking,2024-06-27
ACC-01437,CUST-04546,credit_card,2024-05-06
ACC-01438,CUST-01877,savings,2024-02-05
ACC-01439,CUST-00505,checking,2024-12-14
ACC-01440,CUST-02414,credit_card,2024-05-21
ACC-01441,CUST-03767,credit_card,2024-03-14
ACC-01442,CUST-01598,savings,2024-02-28
ACC-01443,CUST-01617,credit_card,2024-03-11
ACC-01444,CUST-03367,savings,2024-08-22
ACC-01445,CUST-02623,checking,2024-12-27
ACC-01446,CUST-02625,checking,2024-04-09
ACC-01447,CUST-04144,checking,2024-05-17
ACC-01448,CUST-02386,checking,2024-08-17
ACC-01449,CUST-00769,credit_card,2024-10-05
ACC-01450,CUST-03294,checking,2024-11-08
ACC-01451,CUST-01690,credit_card,2024-04-08
ACC-01452,CUST-02635,checking,2024-06-03
ACC-01453,CUST-00469,savings,2024-12-24
ACC-01454,CUST-03320,savings,2024-02-05
ACC-01455,CUST-02634,credit_card,2024-07-21
ACC-01456,CUST-01865,credit_card,2024-05-27
ACC-01457,CUST-00522,savings,2024-03-20
ACC-01458,CUST-00460,savings,2024-06-06
ACC-01459,CUST-01056,savings,2024-12-16
ACC-01460,CUST-01893,checking,2024-09-24
ACC-01461,CUST-03708,credit_card,2024-04-18
ACC-01462,CUST-01915,checking,2024-03-15
ACC-01463,CUST-00017,credit_card,2024-01-24
ACC-01464,CUST-03193,credit_card,2024-05-15
ACC-01465,CUST-01308,savings,2024-10-10
ACC-01466,CUST-04762,savings,2024-10-08
ACC-01467,CUST-03494,savings,2024-09-18
ACC-01468,CUST-03412,savings,2024-12-25
ACC-01469,CUST-00844,checking,2024-10-08
ACC-01470,CUST-04318,credit_card,2024-12-28
ACC-01471,CUST-00812,checking,2024-01-27
ACC-01472,CUST-02937,savings,2024-11-19
ACC-01473,CUST-00047,savings,2024-04-02
ACC-01474,CUST-04120,checking,2024-08-13
ACC-01475,CUST-04050,credit_card,2024-07-18
ACC-01476,CUST-01067,credit_card,2024-01-15
ACC-01477,CUST-03107,checking,2024-02-15
ACC-01478,CUST-03766,credit_card,2024-09-17
ACC-01479,CUST-02476,checking,2024-03-24
ACC-01480,CUST-01926,checking,2024-06-10
ACC-01481,CUST-02387,checking,2024-07-18
ACC-01482,CUST-04359,savings,2024-07-05
ACC-01483,CUST-00153,savings,2024-07-24
ACC-01484,CUST-00215,credit_card,2024-10-25
ACC-01485,CUST-04549,savings,2024-03-27
ACC-01486,CUST-02045,checking,2024-02-04
ACC-01487,CUST-03764,savings,2024-08-07
ACC-01488,CUST-02419,checking,2024-08-14
ACC-01489,CUST-03685,checking,2024-04-28
ACC-01490,CUST-02637,credit_card,2024-10-26
ACC-01491,CUST-00942,checking,2024-03-12
ACC-01492,CUST-01496,credit_card,2024-12-23
ACC-01493,CUST-02374,savings,2024-04-24
ACC-01494,CUST-00760,credit_card,2024-04-10
ACC-01495,CUST-00041,credit_card,2024-01-08
ACC-01496,CUST-01943,savings,2024-01-04
ACC-01497,CUST-03700,checking,2024-05-28
ACC-01498,CUST-01937,savings,2024-06-07
ACC-01499,CUST-02719,credit_card,2024-02-25
ACC-01500,CUST-00602,credit_card,2024-09-11
ACC-01501,CUST-04861,checking,2024-03-01
ACC-01502,CUST-01883,credit_card,2024-09-27
ACC-01503,CUST-01613,credit_card,2024-01-04
ACC-01504,CUST-00785,credit_card,2024-08-08
ACC-01505,CUST-02929,credit_card,2024-10-16
ACC-01506,CUST-04859,savings,2024-03-02
ACC-01507,CUST-00869,credit_card,2024-11-14
ACC-01508,CUST-04221,credit_card,2024-06-11
ACC-01509,CUST-00757,savings,2024-04-05
ACC-01510,CUST-01875,savings,2024-12-02
ACC-01511,CUST-03356,checking,2024-12-26
ACC-01512,CUST-04751,savings,2024-07-18
ACC-01513,CUST-00675,savings,2024-01-15
ACC-01514,CUST-00975,credit_card,2024-07-12
ACC-01515,CUST-02946,checking,2024-05-19
ACC-01516,CUST-03245,credit_card,2024-03-04
ACC-01517,CUST-04674,checking,2024-02-24
ACC-01518,CUST-04596,savings,2024-07-11
ACC-01519,CUST-04980,credit_card,2024-04-26
ACC-01520,CUST-00155,savings,2024-12-25
ACC-01521,CUST-02742,checking,2024-01-03
ACC-01522,CUST-02480,credit_card,2024-05-01
ACC-01523,CUST-03873,credit_card,2024-03-17
ACC-01524,CUST-04990,savings,2024-05-26
ACC-01525,CUST-02544,credit_card,2024-02-27
ACC-01526,CUST-02524,savings,2024-07-15
ACC-01527,CUST-02960,credit_card,2024-05-25
ACC-01528,CUST-04872,checking,2024-05-24
ACC-01529,CUST-02345,credit_card,2024-04-22
ACC-01530,CUST-03440,checking,2024-05-28
ACC-01531,CUST-00537,credit_card,2024-11-17
ACC-01532,CUST-04247,savings,2024-07-23
ACC-01533,CUST-03303,credit_card,2024-07-27
ACC-01534,CUST-01620,savings,2024-03-20
ACC-01535,CUST-03931,savings,2024-11-22
ACC-01536,CUST-02611,checking,2024-01-02
ACC-01537,CUST-00552,savings,2024-05-05
ACC-01538,CUST-04754,checking,2024-08-28
ACC-01539,CUST-01548,credit_card,2024-07-03
ACC-01540,CUST-02034,credit_card,2024-05-17
ACC-01541,CUST-04317,checking,2024-06-26
ACC-01542,CUST-00879,savings,2024-06-14
ACC-01543,CUST-02120,credit_card,2024-06-14
ACC-01544,CUST-00250,savings,2024-10-10
ACC-01545,CUST-04651,credit_card,2024-07-02
ACC-01546,CUST-03308,credit_card,2024-01-28
ACC-01547,CUST-02509,savings,2024-12-19
ACC-01548,CUST-02982,savings,2024-04-18
ACC-01549,CUST-01154,savings,2024-03-02
ACC-01550,CUST-01905,credit_card,2024-04-05
ACC-01551,CUST-00639,checking,2024-04-03
ACC-01552,CUST-04969,checking,2024-06-28
ACC-01553,CUST-04146,checking,2024-04-24
ACC-01554,CUST-01638,savings,2024-01-25
ACC-01555,CUST-00654,checking,2024-02-22
ACC-01556,CUST-00646,checking,2024-09-08
ACC-01557,CUST-00151,checking,2024-05-01
ACC-01558,CUST-03381,savings,2024-08-23
ACC-01559,CUST-03689,savings,2024-03-21
ACC-01560,CUST-04905,savings,2024-02-05
ACC-01561,CUST-01946,savings,2024-08-12
ACC-01562,CUST-03738,checking,2024-04-28
ACC-01563,CUST-01606,credit_card,2024-12-17
ACC-01564,CUST-04881,credit_card,2024-03-18
ACC-01565,CUST-00398,checking,2024-03-17
ACC-01566,CUST-03999,savings,2024-06-21
ACC-01567,CUST-03350,savings,2024-11-19
ACC-01568,CUST-03671,savings,2024-03-23
ACC-01569,CUST-00613,checking,2024-01-24
ACC-01570,CUST-02683,checking,2024-03-18
ACC-01571,CUST-00678,checking,2024-12-15
ACC-01572,CUST-03976,credit_card,2024-03-02
ACC-01573,CUST-02159,savings,2024-12-25
ACC-01574,CUST-01490,savings,2024-07-05
ACC-01575,CUST-02200,credit_card,2024-11-23
ACC-01576,CUST-02457,checking,2024-03-24
ACC-01577,CUST-04852,checking,2024-05-04
ACC-01578,CUST-04380,savings,2024-05-26
ACC-01579,CUST-01614,credit_card,2024-03-04
ACC-01580,CUST-04725,savings,2024-06-06
ACC-01581,CUST-00541,credit_card,2024-03-23
ACC-01582,CUST-00213,credit_card,2024-10-21
ACC-01583,CUST-02260,checking,2024-08-03
ACC-01584,CUST-02648,checking,2024-10-26
ACC-01585,CUST-01941,checking,2024-06-03
ACC-01586,CUST-02275,savings,2024-07-25
ACC-01587,CUST-03008,credit_card,2024-09-09
ACC-01588,CUST-00289,savings,2024-07-03
ACC-01589,CUST-01976,checking,2024-12-04
ACC-01590,CUST-04309,savings,2024-08-25
ACC-01591,CUST-00067,credit_card,2024-07-07
ACC-01592,CUST-03176,credit_card,2024-04-12
ACC-01593,CUST-00077,credit_card,2024-09-27
ACC-01594,CUST-00463,savings,2024-06-22
ACC-01595,CUST-02116,credit_card,2024-09-03
ACC-01596,CUST-02721,credit_card,2024-06-18
ACC-01597,CUST-02949,credit_card,2024-03-15
ACC-01598,CUST-04346,credit_card,2024-06-19
ACC-01599,CUST-01643,credit_card,2024-06-24
ACC-01600,CUST-00520,checking,2024-10-20
ACC-01601,CUST-04122,checking,2024-10-15
ACC-01602,CUST-01612,checking,2024-12-11
ACC-01603,CUST-02238,checking,2024-09-13
ACC-01604,CUST-04338,credit_card,2024-01-11
ACC-01605,CUST-00727,checking,2024-08-06
ACC-01606,CUST-00865,credit_card,2024-06-03
ACC-01607,CUST-01569,credit_card,2024-09-01
ACC-01608,CUST-00564,credit_card,2024-12-03
ACC-01609,CUST-02399,savings,2024-10-13
ACC-01610,CUST-01964,checking,2024-11-16
ACC-01611,CUST-02638,savings,2024-06-26
ACC-01612,CUST-03409,savings,2024-12-02
ACC-01613,CUST-00290,checking,2024-07-16
ACC-01614,CUST-00827,savings,2024-09-16
ACC-01615,CUST-00522,credit_card,2024-11-18
ACC-01616,CUST-03908,checking,2024-10-20
ACC-01617,CUST-00571,checking,2024-11-23
ACC-01618,CUST-00008,credit_card,2024-08-11
ACC-01619,CUST-00014,credit_card,2024-10-05
ACC-01620,CUST-02094,savings,2024-07-17
ACC-01621,CUST-03992,savings,2024-12-13
ACC-01622,CUST-04819,checking,2024-05-21
ACC-01623,CUST-00266,savings,2024-05-16
ACC-01624,CUST-04738,credit_card,2024-03-15
ACC-01625,CUST-00955,savings,2024-11-15
ACC-01626,CUST-04597,savings,2024-04-07
ACC-01627,CUST-04143,checking,2024-01-20
ACC-01628,CUST-02574,checking,2024-02-03
ACC-01629,CUST-02094,credit_card,2024-04-15
ACC-01630,CUST-00007,credit_card,2024-02-09
ACC-01631,CUST-01824,savings,2024-11-16
ACC-01632,CUST-04057,checking,2024-02-23
ACC-01633,CUST-03845,checking,2024-09-17
ACC-01634,CUST-04494,savings,2024-02-21
ACC-01635,CUST-03629,checking,2024-01-21
ACC-01636,CUST-02941,checking,2024-04-06
ACC-01637,CUST-04824,checking,2024-07-13
ACC-01638,CUST-02471,credit_card,2024-11-25
ACC-01639,CUST-00936,credit_card,2024-12-07
ACC-01640,CUST-00115,credit_card,2024-01-20
ACC-01641,CUST-01979,checking,2024-12-22
ACC-01642,CUST-01583,credit_card,2024-01-12
ACC-01643,CUST-04108,savings,2024-09-26
ACC-01644,CUST-02644,savings,2024-12-04
ACC-01645,CUST-03658,savings,2024-02-06
ACC-01646,CUST-01325,credit_card,2024-12-19
ACC-01647,CUST-04343,savings,2024-02-01
ACC-01648,CUST-02059,credit_card,2024-12-08
ACC-01649,CUST-01636,credit_card,2024-02-24
ACC-01650,CUST-04435,checking,2024-06-14
ACC-01651,CUST-01942,savings,2024-03-20
ACC-01652,CUST-03399,savings,2024-09-13
ACC-01653,CUST-04897,credit_card,2024-11-27
ACC-01654,CUST-03478,credit_card,2024-01-25
ACC-01655,CUST-01620,checking,2024-08-10
ACC-01656,CUST-02692,savings,2024-09-15
ACC-01657,CUST-01235,checking,2024-12-07
ACC-01658,CUST-04668,savings,2024-06-17
ACC-01659,CUST-03821,checking,2024-01-18
ACC-01660,CUST-02036,checking,2024-06-13
ACC-01661,CUST-03336,credit_card,2024-11-01
ACC-01662,CUST-04936,savings,2024-03-06
ACC-01663,CUST-00255,credit_card,2024-09-17
ACC-01664,CUST-01816,credit_card,2024-09-27
ACC-01665,CUST-02553,checking,2024-11-16
ACC-01666,CUST-03705,checking,2024-11-15
ACC-01667,CUST-04320,savings,2024-06-10
ACC-01668,CUST-01007,savings,2024-01-21
ACC-01669,CUST-00547,savings,2024-12-23
ACC-01670,CUST-03958,credit_card,2024-05-21
ACC-01671,CUST-04932,checking,2024-04-09
ACC-01672,CUST-02035,savings,2024-07-19
ACC-01673,CUST-02009,savings,2024-02-27
ACC-01674,CUST-02962,savings,2024-09-07
ACC-01675,CUST-02044,checking,2024-07-15
ACC-01676,CUST-02011,credit_card,2024-06-03
ACC-01677,CUST-04858,credit_card,2024-03-16
ACC-01678,CUST-02400,credit_card,2024-10-25
ACC-01679,CUST-00671,savings,2024-11-03
ACC-01680,CUST-04900,credit_card,2024-03-26
ACC-01681,CUST-02237,checking,2024-03-08
ACC-01682,CUST-02282,credit_card,2024-12-23
ACC-01683,CUST-01227,checking,2024-05-05
ACC-01684,CUST-03932,credit_card,2024-10-16
ACC-01685,CUST-02259,checking,2024-01-26
ACC-01686,CUST-02622,credit_card,2024-02-11
ACC-01687,CUST-03889,credit_card,2024-12-26
ACC-01688,CUST-02591,savings,2024-12-02
ACC-01689,CUST-00455,checking,2024-07-21
ACC-01690,CUST-00869,credit_card,2024-08-16
ACC-01691,CUST-03547,credit_card,2024-06-12
ACC-01692,CUST-02895,credit_card,2024-07-14
ACC-01693,CUST-01484,savings,2024-02-08
ACC-01694,CUST-04011,savings,2024-11-20
ACC-01695,CUST-02051,credit_card,2024-03-10
ACC-01696,CUST-04828,credit_card,2024-02-26
ACC-01697,CUST-01754,savings,2024-04-02
ACC-01698,CUST-00886,checking,2024-11-03
ACC-01699,CUST-01247,credit_card,2024-03-18
ACC-01700,CUST-00145,checking,2024-09-08
ACC-01701,CUST-02872,checking,2024-11-25
ACC-01702,CUST-00518,checking,2024-12-03
ACC-01703,CUST-02477,savings,2024-07-20
ACC-01704,CUST-00689,checking,2024-12-13
ACC-01705,CUST-02184,credit_card,2024-08-22
ACC-01706,CUST-02356,savings,2024-04-21
ACC-01707,CUST-04727,credit_card,2024-05-02
ACC-01708,CUST-01491,checking,2024-06-19
ACC-01709,CUST-03056,checking,2024-09-05
ACC-01710,CUST-04460,savings,2024-11-20
ACC-01711,CUST-00635,savings,2024-12-05
ACC-01712,CUST-04642,savings,2024-05-27
ACC-01713,CUST-01412,credit_card,2024-10-11
ACC-01714,CUST-01347,credit_card,2024-10-02
ACC-01715,CUST-04170,checking,2024-07-19
ACC-01716,CUST-04425,credit_card,2024-10-08
ACC-01717,CUST-04058,savings,2024-12-12
ACC-01718,CUST-02360,credit_card,2024-06-12
ACC-01719,CUST-00532,checking,2024-08-20
ACC-01720,CUST-04515,savings,2024-11-05
ACC-01721,CUST-00062,checking,2024-06-21
ACC-01722,CUST-01754,credit_card,2024-10-22
ACC-01723,CUST-01767,savings,2024-06-17
ACC-01724,CUST-01990,credit_card,2024-07-10
ACC-01725,CUST-00967,credit_card,2024-03-06
ACC-01726,CUST-00883,savings,2024-08-19
ACC-01727,CUST-01130,credit_card,2024-02-21
ACC-01728,CUST-03351,savings,2024-12-21
ACC-01729,CUST-02502,checking,2024-10-01
ACC-01730,CUST-02688,credit_card,2024-09-26
ACC-01731,CUST-01046,checking,2024-05-08
ACC-01732,CUST-00317,checking,2024-03-16
ACC-01733,CUST-04287,checking,2024-07-15
ACC-01734,CUST-01621,savings,2024-11-07
ACC-01735,CUST-02967,savings,2024-12-01
ACC-01736,CUST-00291,savings,2024-12-27
ACC-01737,CUST-02003,credit_card,2024-10-06
ACC-01738,CUST-03797,savings,2024-03-02
ACC-01739,CUST-01009,savings,2024-12-27
ACC-01740,CUST-00370,checking,2024-10-06
ACC-01741,CUST-04108,checking,2024-03-26
ACC-01742,CUST-01630,credit_card,2024-12-16
ACC-01743,CUST-00094,checking,2024-06-16
ACC-01744,CUST-02518,credit_card,2024-04-22
ACC-01745,CUST-04737,savings,2024-11-28
ACC-01746,CUST-02189,credit_card,2024-09-17
ACC-01747,CUST-04513,credit_card,2024-11-11
ACC-01748,CUST-01896,credit_card,2024-04-01
ACC-01749,CUST-01046,checking,2024-02-12
ACC-01750,CUST-01256,credit_card,2024-06-18
ACC-01751,CUST-02370,credit_card,2024-04-01
ACC-01752,CUST-01312,savings,2024-03-15
ACC-01753,CUST-02779,savings,2024-08-26
ACC-01754,CUST-03424,savings,2024-09-28
ACC-01755,CUST-01999,savings,2024-01-04
ACC-01756,CUST-01315,savings,2024-04-12
ACC-01757,CUST-02044,savings,2024-10-03
ACC-01758,CUST-01061,credit_card,2024-03-06
ACC-01759,CUST-04648,checking,2024-05-23
ACC-01760,CUST-03894,savings,2024-08-16
ACC-01761,CUST-03251,savings,2024-10-03
ACC-01762,CUST-00936,credit_card,2024-02-09
ACC-01763,CUST-00542,credit_card,2024-02-04
ACC-01764,CUST-02745,credit_card,2024-08-05
ACC-01765,CUST-04537,credit_card,2024-12-10
ACC-01766,CUST-02930,credit_card,2024-04-17
ACC-01767,CUST-01394,credit_card,2024-02-24
ACC-01768,CUST-02432,credit_card,2024-10-26
ACC-01769,CUST-01849,checking,2024-09-01
ACC-01770,CUST-04400,savings,2024-09-14
ACC-01771,CUST-04320,savings,2024-10-17
ACC-01772,CUST-03202,checking,2024-05-16
ACC-01773,CUST-03347,checking,2024-08-10
ACC-01774,CUST-04111,checking,2024-09-11
ACC-01775,CUST-00427,credit_card,2024-12-09
ACC-01776,CUST-04813,savings,2024-01-22
ACC-01777,CUST-00335,credit_card,2024-05-11
ACC-01778,CUST-04690,checking,2024-03-08
ACC-01779,CUST-00558,checking,2024-05-15
ACC-01780,CUST-00971,savings,2024-12-13
ACC-01781,CUST-01350,savings,2024-07-18
ACC-01782,CUST-01869,credit_card,2024-01-05
ACC-01783,CUST-03346,credit_card,2024-06-28
ACC-01784,CUST-01177,savings,2024-01-08
ACC-01785,CUST-04925,savings,2024-11-17
ACC-01786,CUST-00296,credit_card,2024-07-08
ACC-01787,CUST-01347,credit_card,2024-06-15
ACC-01788,CUST-00468,checking,2024-07-24
ACC-01789,CUST-04653,credit_card,2024-01-20
ACC-01790,CUST-01299,savings,2024-04-05
ACC-01791,CUST-01878,savings,2024-03-21
ACC-01792,CUST-02680,savings,2024-12-15
ACC-01793,CUST-00820,checking,2024-06-04
ACC-01794,CUST-03680,checking,2024-01-23
ACC-01795,CUST-02585,savings,2024-06-04
ACC-01796,CUST-03092,checking,2024-05-01
ACC-01797,CUST-02965,checking,2024-09-20
ACC-01798,CUST-02463,savings,2024-01-04
ACC-01799,CUST-02079,savings,2024-02-11
ACC-01800,CUST-00615,credit_card,2024-12-10
ACC-01801,CUST-00122,savings,2024-12-19
ACC-01802,CUST-03775,credit_card,2024-01-22
ACC-01803,CUST-03377,credit_card,2024-01-06
ACC-01804,CUST-01552,checking,2024-10-25
ACC-01805,CUST-01402,savings,2024-04-20
ACC-01806,CUST-01388,credit_card,2024-09-05
ACC-01807,CUST-03245,credit_card,2024-01-05
ACC-01808,CUST-01850,checking,2024-09-11
ACC-01809,CUST-03987,checking,2024-05-28
ACC-01810,CUST-03884,savings,2024-10-13
ACC-01811,CUST-04274,checking,2024-11-13
ACC-01812,CUST-00244,savings,2024-02-17
ACC-01813,CUST-01784,credit_card,2024-06-24
ACC-01814,CUST-02504,checking,2024-01-06
ACC-01815,CUST-02426,savings,2024-09-06
ACC-01816,CUST-01888,credit_card,2024-03-20
ACC-01817,CUST-03423,savings,2024-11-16
ACC-01818,CUST-04596,savings,2024-04-14
ACC-01819,CUST-03122,credit_card,2024-02-14
ACC-01820,CUST-03301,savings,2024-11-24
ACC-01821,CUST-01884,checking,2024-03-04
ACC-01822,CUST-04697,checking,2024-08-18
ACC-01823,CUST-02965,savings,2024-11-21
ACC-01824,CUST-04742,credit_card,2024-04-28
ACC-01825,CUST-04649,savings,2024-09-23
ACC-01826,CUST-04693,credit_card,2024-05-23
ACC-01827,CUST-03322,checking,2024-03-11
ACC-01828,CUST-00831,credit_card,2024-03-23
ACC-01829,CUST-01326,savings,2024-10-18
ACC-01830,CUST-02612,credit_card,2024-12-21
ACC-01831,CUST-00525,checking,2024-01-16
ACC-01832,CUST-03919,credit_card,2024-06-27
ACC-01833,CUST-00529,checking,2024-04-25
ACC-01834,CUST-02703,credit_card,2024-02-23
ACC-01835,CUST-00333,checking,2024-05-09
ACC-01836,CUST-02293,credit_card,2024-03-01
ACC-01837,CUST-01610,savings,2024-04-15
ACC-01838,CUST-04947,savings,2024-11-23
ACC-01839,CUST-00753,savings,2024-12-27
ACC-01840,CUST-03100,credit_card,2024-04-07
ACC-01841,CUST-03267,credit_card,2024-09-07
ACC-01842,CUST-01626,savings,2024-04-24
ACC-01843,CUST-04718,credit_card,2024-06-27
ACC-01844,CUST-00015,savings,2024-04-05
ACC-01845,CUST-02235,checking,2024-10-26
ACC-01846,CUST-01027,savings,2024-07-24
ACC-01847,CUST-04691,credit_card,2024-04-23
ACC-01848,CUST-01374,credit_card,2024-08-09
ACC-01849,CUST-01530,credit_card,2024-08-17
ACC-01850,CUST-00415,checking,2024-06-20
ACC-01851,CUST-00861,savings,2024-02-20
ACC-01852,CUST-02712,checking,2024-10-16
ACC-01853,CUST-02923,checking,2024-04-19
ACC-01854,CUST-01550,savings,2024-08-04
ACC-01855,CUST-00144,savings,2024-06-23
ACC-01856,CUST-00718,checking,2024-06-27
ACC-01857,CUST-00127,checking,2024-06-25
ACC-01858,CUST-04496,checking,2024-02-24
ACC-01859,CUST-00957,credit_card,2024-10-10
ACC-01860,CUST-01764,credit_card,2024-01-08
ACC-01861,CUST-04670,savings,2024-04-05
ACC-01862,CUST-04302,savings,2024-03-05
ACC-01863,CUST-01967,credit_card,2024-07-20
ACC-01864,CUST-02149,credit_card,2024-05-13
ACC-01865,CUST-02791,savings,2024-07-07
ACC-01866,CUST-04692,checking,2024-04-01
ACC-01867,CUST-01042,checking,2024-06-09
ACC-01868,CUST-01225,savings,2024-04-15
ACC-01869,CUST-02921,credit_card,2024-08-24
ACC-01870,CUST-04452,savings,2024-08-12
ACC-01871,CUST-01083,credit_card,2024-09-25
ACC-01872,CUST-01094,savings,2024-10-08
ACC-01873,CUST-03185,checking,2024-06-14
ACC-01874,CUST-04153,savings,2024-12-17
ACC-01875,CUST-00893,credit_card,2024-02-12
ACC-01876,CUST-04448,checking,2024-11-28
ACC-01877,CUST-03957,credit_card,2024-08-03
ACC-01878,CUST-04137,checking,2024-07-07
ACC-01879,CUST-01257,savings,2024-04-25
ACC-01880,CUST-01021,credit_card,2024-06-17
ACC-01881,CUST-03764,checking,2024-02-24
ACC-01882,CUST-02465,savings,2024-12-17
ACC-01883,CUST-01871,credit_card,2024-10-08
ACC-01884,CUST-04685,checking,2024-08-27
ACC-01885,CUST-02848,savings,2024-06-06
ACC-01886,CUST-03735,credit_card,2024-03-09
ACC-01887,CUST-01015,checking,2024-04-20
ACC-01888,CUST-04524,credit_card,2024-05-27
ACC-01889,CUST-00043,savings,2024-04-27
ACC-01890,CUST-02965,savings,2024-12-25
ACC-01891,CUST-02711,savings,2024-05-03
ACC-01892,CUST-02330,savings,2024-01-26
ACC-01893,CUST-01717,credit_card,2024-03-06
ACC-01894,CUST-04550,credit_card,2024-10-10
ACC-01895,CUST-00138,credit_card,2024-07-17
ACC-01896,CUST-02942,credit_card,2024-05-11
ACC-01897,CUST-04811,checking,2024-10-13
ACC-01898,CUST-03762,checking,2024-06-14
ACC-01899,CUST-01378,checking,2024-03-08
ACC-01900,CUST-04209,credit_card,2024-03-16
ACC-01901,CUST-00382,credit_card,2024-04-01
ACC-01902,CUST-00624,credit_card,2024-06-24
ACC-01903,CUST-03981,credit_card,2024-05-12
ACC-01904,CUST-04708,savings,2024-11-02
ACC-01905,CUST-04396,credit_card,2024-12-05
ACC-01906,CUST-04276,checking,2024-05-18
ACC-01907,CUST-00893,checking,2024-03-26
ACC-01908,CUST-00637,savings,2024-07-11
ACC-01909,CUST-02456,savings,2024-11-12
ACC-01910,CUST-00674,checking,2024-02-07
ACC-01911,CUST-03029,checking,2024-01-18
ACC-01912,CUST-04392,credit_card,2024-10-19
ACC-01913,CUST-01286,savings,2024-06-19
ACC-01914,CUST-00719,savings,2024-12-14
ACC-01915,CUST-00154,savings,2024-04-22
ACC-01916,CUST-04269,checking,2024-04-01
ACC-01917,CUST-00941,savings,2024-02-19
ACC-01918,CUST-02046,savings,2024-02-13
ACC-01919,CUST-03563,credit_card,2024-01-10
ACC-01920,CUST-03920,checking,2024-06-04
ACC-01921,CUST-01284,checking,2024-08-16
ACC-01922,CUST-01550,savings,2024-04-12
ACC-01923,CUST-00019,credit_card,2024-03-10
ACC-01924,CUST-00849,checking,2024-11-12
ACC-01925,CUST-03534,savings,2024-07-18
ACC-01926,CUST-00924,credit_card,2024-07-14
ACC-01927,CUST-04923,credit_card,2024-08-14
ACC-01928,CUST-00043,savings,2024-05-25
ACC-01929,CUST-03434,savings,2024-01-28
ACC-01930,CUST-01341,savings,2024-12-09
ACC-01931,CUST-02950,checking,2024-01-09
ACC-01932,CUST-04958,checking,2024-02-04
ACC-01933,CUST-03885,checking,2024-01-10
ACC-01934,CUST-02396,checking,2024-10-22
ACC-01935,CUST-03802,savings,2024-08-07
ACC-01936,CUST-02020,savings,2024-05-09
ACC-01937,CUST-04886,checking,2024-01-01
ACC-01938,CUST-04157,savings,2024-12-23
ACC-01939,CUST-04212,savings,2024-12-01
ACC-01940,CUST-03201,checking,2024-08-04
ACC-01941,CUST-00206,checking,2024-07-24
ACC-01942,CUST-02805,credit_card,2024-10-14
ACC-01943,CUST-00500,checking,2024-12-23
ACC-01944,CUST-03812,savings,2024-09-10
ACC-01945,CUST-01599,checking,2024-02-18
ACC-01946,CUST-02538,savings,2024-05-07
ACC-01947,CUST-01077,credit_card,2024-03-16
ACC-01948,CUST-01332,checking,2024-11-05
ACC-01949,CUST-01962,checking,2024-07-15
ACC-01950,CUST-03824,savings,2024-01-28
ACC-01951,CUST-04876,savings,2024-11-02
ACC-01952,CUST-00606,credit_card,2024-10-23
ACC-01953,CUST-04491,checking,2024-08-18
ACC-01954,CUST-04450,checking,2024-01-24
ACC-01955,CUST-00477,savings,2024-03-17
ACC-01956,CUST-03478,checking,2024-10-19
ACC-01957,CUST-02902,credit_card,2024-02-06
ACC-01958,CUST-01895,savings,2024-11-21
ACC-01959,CUST-02848,credit_card,2024-05-02
ACC-01960,CUST-04509,credit_card,2024-02-03
ACC-01961,CUST-01778,credit_card,2024-10-03
ACC-01962,CUST-03091,savings,2024-07-20
ACC-01963,CUST-03862,checking,2024-11-21
ACC-01964,CUST-01510,checking,2024-11-14
ACC-01965,CUST-04402,savings,2024-02-19
ACC-01966,CUST-01881,credit_card,2024-04-09
ACC-01967,CUST-03677,checking,2024-09-11
ACC-01968,CUST-04015,checking,2024-01-28
ACC-01969,CUST-00882,credit_card,2024-02-02
ACC-01970,CUST-01073,savings,2024-08-23
ACC-01971,CUST-00802,credit_card,2024-01-26
ACC-01972,CUST-04092,credit_card,2024-12-20
ACC-01973,CUST-03439,savings,2024-12-25
ACC-01974,CUST-03723,credit_card,2024-02-06
ACC-01975,CUST-04268,savings,2024-07-20
ACC-01976,CUST-03588,savings,2024-06-15
ACC-01977,CUST-01976,checking,2024-07-27
ACC-01978,CUST-00625,savings,2024-09-06
ACC-01979,CUST-02199,credit_card,2024-04-08
ACC-01980,CUST-01162,credit_card,2024-09-12
ACC-01981,CUST-00847,checking,2024-11-10
ACC-01982,CUST-04957,savings,2024-09-10
ACC-01983,CUST-01881,checking,2024-09-21
ACC-01984,CUST-03997,savings,2024-10-01
ACC-01985,CUST-04508,checking,2024-01-11
ACC-01986,CUST-02872,savings,2024-08-12
ACC-01987,CUST-02324,savings,2024-10-04
ACC-01988,CUST-04235,checking,2024-11-20
ACC-01989,CUST-02487,savings,2024-01-03
ACC-01990,CUST-00353,checking,2024-05-01
ACC-01991,CUST-04523,savings,2024-10-18
ACC-01992,CUST-03734,checking,2024-01-13
ACC-01993,CUST-01816,credit_card,2024-06-13
ACC-01994,CUST-00070,savings,2024-12-01
ACC-01995,CUST-02153,checking,2024-07-04
ACC-01996,CUST-01609,checking,2024-07-12
ACC-01997,CUST-02267,credit_card,2024-10-25
ACC-01998,CUST-00564,credit_card,2024-04-02
ACC-01999,CUST-03462,savings,2024-04-22
ACC-02000,CUST-00091,credit_card,2024-05-06
ACC-02001,CUST-00203,savings,2024-09-28
ACC-02002,CUST-00621,savings,2024-09-01
ACC-02003,CUST-04212,savings,2024-08-03
ACC-02004,CUST-01487,savings,2024-05-23
ACC-02005,CUST-02866,savings,2024-09-22
ACC-02006,CUST-04706,credit_card,2024-05-11
ACC-02007,CUST-00935,savings,2024-08-07
ACC-02008,CUST-01620,credit_card,2024-11-04
ACC-02009,CUST-01906,savings,2024-11-21
ACC-02010,CUST-03717,credit_card,2024-11-26
ACC-02011,CUST-03278,savings,2024-11-01
ACC-02012,CUST-04259,checking,2024-09-15
ACC-02013,CUST-02781,checking,2024-02-12
ACC-02014,CUST-01370,savings,2024-01-25
ACC-02015,CUST-01661,savings,2024-06-09
ACC-02016,CUST-04208,credit_card,2024-05-22
ACC-02017,CUST-01604,checking,2024-04-05
ACC-02018,CUST-01101,credit_card,2024-06-09
ACC-02019,CUST-02214,savings,2024-10-11
ACC-02020,CUST-02863,savings,2024-09-07
ACC-02021,CUST-00600,credit_card,2024-04-12
ACC-02022,CUST-02032,credit_card,2024-05-18
ACC-02023,CUST-00650,credit_card,2024-11-19
ACC-02024,CUST-00351,credit_card,2024-06-08
ACC-02025,CUST-00123,savings,2024-01-14
ACC-02026,CUST-00519,savings,2024-12-27
ACC-02027,CUST-02263,savings,2024-06-08
ACC-02028,CUST-02453,savings,2024-11-21
ACC-02029,CUST-00555,savings,2024-06-17
ACC-02030,CUST-04165,savings,2024-11-24
ACC-02031,CUST-03437,checking,2024-06-01
ACC-02032,CUST-01079,savings,2024-08-25
ACC-02033,CUST-00815,checking,2024-05-02
ACC-02034,CUST-03195,credit_card,2024-09-23
ACC-02035,CUST-02463,credit_card,2024-04-20
ACC-02036,CUST-04722,credit_card,2024-04-28
ACC-02037,CUST-02716,savings,2024-08-07
ACC-02038,CUST-00544,checking,2024-07-16
ACC-02039,CUST-01522,checking,2024-10-19
ACC-02040,CUST-00930,savings,2024-04-01
ACC-02041,CUST-00547,savings,2024-06-18
ACC-02042,CUST-04928,checking,2024-04-01
ACC-02043,CUST-02354,credit_card,2024-10-21
ACC-02044,CUST-01102,credit_card,2024-05-28
ACC-02045,CUST-02339,savings,2024-12-07
ACC-02046,CUST-04962,credit_card,2024-08-06
ACC-02047,CUST-04631,checking,2024-01-13
ACC-02048,CUST-02811,credit_card,2024-01-13
ACC-02049,CUST-00126,checking,2024-05-18
ACC-02050,CUST-03718,checking,2024-08-26
ACC-02051,CUST-00338,credit_card,2024-01-02
ACC-02052,CUST-03574,credit_card,2024-01-04
ACC-02053,CUST-03689,savings,2024-01-28
ACC-02054,CUST-04940,savings,2024-08-01
ACC-02055,CUST-04922,credit_card,2024-06-11
ACC-02056,CUST-00563,checking,2024-04-22
ACC-02057,CUST-03726,credit_card,2024-12-09
ACC-02058,CUST-02532,savings,2024-11-02
ACC-02059,CUST-02216,checking,2024-03-23
ACC-02060,CUST-00083,savings,2024-09-28
ACC-02061,CUST-04024,checking,2024-02-18
ACC-02062,CUST-00473,savings,2024-11-12
ACC-02063,CUST-04649,savings,2024-03-27
ACC-02064,CUST-02065,credit_card,2024-01-11
ACC-02065,CUST-02636,credit_card,2024-11-04
ACC-02066,CUST-03424,checking,2024-02-26
ACC-02067,CUST-01246,credit_card,2024-03-01
ACC-02068,CUST-02283,checking,2024-05-09
ACC-02069,CUST-02550,checking,2024-02-05
ACC-02070,CUST-04555,savings,2024-07-02
ACC-02071,CUST-00588,checking,2024-05-26
ACC-02072,CUST-04399,savings,2024-06-01
ACC-02073,CUST-04142,credit_card,2024-06-03
ACC-02074,CUST-03067,credit_card,2024-05-14
ACC-02075,CUST-01666,savings,2024-05-03
ACC-02076,CUST-02484,credit_card,2024-09-02
ACC-02077,CUST-02411,savings,2024-05-28
ACC-02078,CUST-01998,credit_card,2024-04-08
ACC-02079,CUST-02239,savings,2024-10-01
ACC-02080,CUST-04370,savings,2024-03-11
ACC-02081,CUST-04127,savings,2024-12-21
ACC-02082,CUST-03201,savings,2024-11-17
ACC-02083,CUST-03462,credit_card,2024-05-16
ACC-02084,CUST-00414,savings,2024-10-20
ACC-02085,CUST-03963,credit_card,2024-11-02
ACC-02086,CUST-04938,savings,2024-03-05
ACC-02087,CUST-01827,credit_card,2024-02-21
ACC-02088,CUST-03962,savings,2024-02-19
ACC-02089,CUST-01692,savings,2024-03-17
ACC-02090,CUST-03010,checking,2024-09-20
ACC-02091,CUST-00240,credit_card,2024-03-27
ACC-02092,CUST-04006,checking,2024-09-13
ACC-02093,CUST-01114,credit_card,2024-06-08
ACC-02094,CUST-03211,checking,2024-11-01
ACC-02095,CUST-02219,savings,2024-02-27
ACC-02096,CUST-02089,checking,2024-05-03
ACC-02097,CUST-00285,checking,2024-04-19
ACC-02098,CUST-03194,credit_card,2024-09-26
ACC-02099,CUST-00555,savings,2024-01-15
ACC-02100,CUST-01475,savings,2024-04-27
ACC-02101,CUST-03399,credit_card,2024-01-16
ACC-02102,CUST-00230,checking,2024-05-12
ACC-02103,CUST-00865,savings,2024-10-18
ACC-02104,CUST-02931,checking,2024-11-17
ACC-02105,CUST-03062,savings,2024-12-01
ACC-02106,CUST-01834,checking,2024-12-17
ACC-02107,CUST-00959,savings,2024-01-15
ACC-02108,CUST-00701,checking,2024-10-18
ACC-02109,CUST-04188,checking,2024-02-20
ACC-02110,CUST-00367,savings,2024-08-25
ACC-02111,CUST-03862,savings,2024-03-05
ACC-02112,CUST-03336,credit_card,2024-12-04
ACC-02113,CUST-03545,checking,2024-04-05
ACC-02114,CUST-01659,checking,2024-01-11
ACC-02115,CUST-01351,savings,2024-11-09
ACC-02116,CUST-01789,credit_card,2024-04-15
ACC-02117,CUST-03658,checking,2024-02-15
ACC-02118,CUST-02881,credit_card,2024-03-18
ACC-02119,CUST-01394,credit_card,2024-01-05
ACC-02120,CUST-03173,savings,2024-07-07
ACC-02121,CUST-03190,credit_card,2024-09-13
ACC-02122,CUST-01051,savings,2024-08-14
ACC-02123,CUST-04959,savings,2024-10-07
ACC-02124,CUST-03731,credit_card,2024-11-03
ACC-02125,CUST-03758,savings,2024-03-16
ACC-02126,CUST-02035,savings,2024-04-18
ACC-02127,CUST-00227,checking,2024-03-01
ACC-02128,CUST-00593,credit_card,2024-05-28
ACC-02129,CUST-00548,savings,2024-06-18
ACC-02130,CUST-04640,checking,2024-04-17
ACC-02131,CUST-00022,credit_card,2024-09-22
ACC-02132,CUST-03830,savings,2024-08-26
ACC-02133,CUST-00867,credit_card,2024-10-02
ACC-02134,CUST-00808,savings,2024-11-08
ACC-02135,CUST-01814,checking,2024-05-07
ACC-02136,CUST-02097,savings,2024-04-07
ACC-02137,CUST-03493,checking,2024-11-17
ACC-02138,CUST-00290,checking,2024-06-19
ACC-02139,CUST-02631,checking,2024-01-12
ACC-02140,CUST-01609,checking,2024-08-20
ACC-02141,CUST-04100,checking,2024-06-05
ACC-02142,CUST-03686,credit_card,2024-12-20
ACC-02143,CUST-00940,savings,2024-01-08
ACC-02144,CUST-01350,savings,2024-09-20
ACC-02145,CUST-04152,savings,2024-04-18
ACC-02146,CUST-04747,checking,2024-04-18
ACC-02147,CUST-04416,credit_card,2024-09-16
ACC-02148,CUST-04506,credit_card,2024-02-12
ACC-02149,CUST-04810,checking,2024-04-02
ACC-02150,CUST-00840,savings,2024-07-17
ACC-02151,CUST-02632,checking,2024-11-16
ACC-02152,CUST-01088,credit_card,2024-06-11
ACC-02153,CUST-01552,checking,2024-02-24
ACC-02154,CUST-04008,savings,2024-09-04
ACC-02155,CUST-00556,credit_card,2024-02-12
ACC-02156,CUST-01591,savings,2024-06-23
ACC-02157,CUST-00960,checking,2024-06-02
ACC-02158,CUST-03323,credit_card,2024-02-28
ACC-02159,CUST-02323,savings,2024-09-18
ACC-02160,CUST-04216,savings,2024-11-17
ACC-02161,CUST-02322,checking,2024-03-10
ACC-02162,CUST-02821,checking,2024-12-18
ACC-02163,CUST-01582,savings,2024-10-20
ACC-02164,CUST-04038,credit_card,2024-08-27
ACC-02165,CUST-03322,checking,2024-04-05
ACC-02166,CUST-00431,credit_card,2024-02-08
ACC-02167,CUST-02585,credit_card,2024-01-06
ACC-02168,CUST-03884,checking,2024-08-16
ACC-02169,CUST-01224,checking,2024-07-03
ACC-02170,CUST-00769,credit_card,2024-04-09
ACC-02171,CUST-00463,credit_card,2024-11-17
ACC-02172,CUST-04854,checking,2024-06-15
ACC-02173,CUST-01593,credit_card,2024-03-05
ACC-02174,CUST-00122,savings,2024-01-10
ACC-02175,CUST-04295,savings,2024-08-22
ACC-02176,CUST-00736,checking,2024-02-03
ACC-02177,CUST-03744,checking,2024-09-16
ACC-02178,CUST-02447,savings,2024-10-01
ACC-02179,CUST-03430,checking,2024-10-24
ACC-02180,CUST-00944,checking,2024-10-09
ACC-02181,CUST-02302,credit_card,2024-01-10
ACC-02182,CUST-03215,checking,2024-05-14
ACC-02183,CUST-03435,savings,2024-07-12
ACC-02184,CUST-01407,checking,2024-01-01
ACC-02185,CUST-02819,checking,2024-02-17
ACC-02186,CUST-03810,credit_card,2024-08-22
ACC-02187,CUST-03572,checking,2024-04-11
ACC-02188,CUST-01002,checking,2024-02-20
ACC-02189,CUST-02025,credit_card,2024-07-09
ACC-02190,CUST-02960,checking,2024-10-11
ACC-02191,CUST-00129,checking,2024-09-23
ACC-02192,CUST-00524,savings,2024-01-11
ACC-02193,CUST-03890,savings,2024-07-11
ACC-02194,CUST-03064,credit_card,2024-10-15
ACC-02195,CUST-02470,savings,2024-07-23
ACC-02196,CUST-04868,credit_card,2024-04-14
ACC-02197,CUST-01983,credit_card,2024-08-05
ACC-02198,CUST-01182,savings,2024-11-19
ACC-02199,CUST-03025,savings,2024-03-07
ACC-02200,CUST-02660,savings,2024-09-26
ACC-02201,CUST-03534,savings,2024-04-24
ACC-02202,CUST-04849,credit_card,2024-10-12
ACC-02203,CUST-02887,checking,2024-05-11
ACC-02204,CUST-03540,checking,2024-02-04
ACC-02205,CUST-01171,checking,2024-04-19
ACC-02206,CUST-01291,savings,2024-07-06
ACC-02207,CUST-04144,credit_card,2024-04-01
ACC-02208,CUST-01829,credit_card,2024-01-20
ACC-02209,CUST-03610,credit_card,2024-04-15
ACC-02210,CUST-02977,credit_card,2024-04-10
ACC-02211,CUST-00377,checking,2024-10-24
ACC-02212,CUST-03595,credit_card,2024-10-10
ACC-02213,CUST-01488,checking,2024-12-21
ACC-02214,CUST-04577,credit_card,2024-05-18
ACC-02215,CUST-04636,credit_card,2024-06-01
ACC-02216,CUST-04196,credit_card,2024-11-13
ACC-02217,CUST-04538,credit_card,2024-06-22
ACC-02218,CUST-04120,savings,2024-07-25
ACC-02219,CUST-02061,checking,2024-08-01
ACC-02220,CUST-02941,checking,2024-08-13
ACC-02221,CUST-01974,savings,2024-03-16
ACC-02222,CUST-04002,credit_card,2024-05-03
ACC-02223,CUST-02030,savings,2024-01-05
ACC-02224,CUST-04179,checking,2024-12-14
ACC-02225,CUST-03965,savings,2024-11-21
ACC-02226,CUST-04219,savings,2024-01-19
ACC-02227,CUST-00225,checking,2024-09-28
ACC-02228,CUST-03815,savings,2024-03-06
ACC-02229,CUST-00977,credit_card,2024-01-09
ACC-02230,CUST-04560,savings,2024-09-18
ACC-02231,CUST-04174,credit_card,2024-03-11
ACC-02232,CUST-01736,credit_card,2024-03-22
ACC-02233,CUST-01564,checking,2024-09-22
ACC-02234,CUST-00864,savings,2024-08-09
ACC-02235,CUST-04329,savings,2024-12-27
ACC-02236,CUST-04504,savings,2024-08-22
ACC-02237,CUST-03341,checking,2024-11-10
ACC-02238,CUST-03103,checking,2024-03-03
ACC-02239,CUST-02917,savings,2024-10-18
ACC-02240,CUST-02115,credit_card,2024-12-19
ACC-02241,CUST-00967,credit_card,2024-12-20
ACC-02242,CUST-03154,credit_card,2024-05-13
ACC-02243,CUST-03282,checking,2024-08-18
ACC-02244,CUST-03862,checking,2024-04-27
ACC-02245,CUST-02654,checking,2024-07-02
ACC-02246,CUST-00335,savings,2024-03-05
ACC-02247,CUST-04595,savings,2024-04-17
ACC-02248,CUST-02694,savings,2024-06-16
ACC-02249,CUST-04652,savings,2024-04-07
ACC-02250,CUST-04544,credit_card,2024-02-13
ACC-02251,CUST-01703,savings,2024-05-10
ACC-02252,CUST-03723,savings,2024-01-07
ACC-02253,CUST-03989,credit_card,2024-12-10
ACC-02254,CUST-04539,checking,2024-06-14
ACC-02255,CUST-03048,savings,2024-08-12
ACC-02256,CUST-00275,credit_card,2024-04-17
ACC-02257,CUST-00097,credit_card,2024-04-13
ACC-02258,CUST-01095,credit_card,2024-07-24
ACC-02259,CUST-03186,savings,2024-03-02
ACC-02260,CUST-03675,checking,2024-01-20
ACC-02261,CUST-04411,checking,2024-10-04
ACC-02262,CUST-01664,checking,2024-03-01
ACC-02263,CUST-02374,savings,2024-10-10
ACC-02264,CUST-04240,credit_card,2024-04-23
ACC-02265,CUST-03959,credit_card,2024-11-02
ACC-02266,CUST-00838,checking,2024-03-10
ACC-02267,CUST-04202,credit_card,2024-07-24
ACC-02268,CUST-00123,credit_card,2024-05-28
ACC-02269,CUST-00141,checking,2024-10-21
ACC-02270,CUST-01652,credit_card,2024-11-05
ACC-02271,CUST-03587,checking,2024-05-20
ACC-02272,CUST-03842,savings,2024-01-16
ACC-02273,CUST-01839,credit_card,2024-02-11
ACC-02274,CUST-00645,savings,2024-03-02
ACC-02275,CUST-03352,credit_card,2024-02-16
ACC-02276,CUST-04388,credit_card,2024-03-07
ACC-02277,CUST-00972,savings,2024-12-17
ACC-02278,CUST-00827,savings,2024-04-14
ACC-02279,CUST-00700,savings,2024-09-18
ACC-02280,CUST-00894,savings,2024-06-15
ACC-02281,CUST-01050,savings,2024-02-09
ACC-02282,CUST-00319,checking,2024-10-21
ACC-02283,CUST-00479,checking,2024-11-21
ACC-02284,CUST-03218,savings,2024-07-06
ACC-02285,CUST-02967,checking,2024-07-08
ACC-02286,CUST-03560,credit_card,2024-06-12
ACC-02287,CUST-01260,checking,2024-08-25
ACC-02288,CUST-01588,savings,2024-04-07
ACC-02289,CUST-02512,credit_card,2024-08-21
ACC-02290,CUST-02044,checking,2024-11-28
ACC-02291,CUST-00299,checking,2024-04-08
ACC-02292,CUST-02720,checking,2024-02-27
ACC-02293,CUST-01115,credit_card,2024-12-24
ACC-02294,CUST-02001,checking,2024-10-03
ACC-02295,CUST-03361,savings,2024-07-05
ACC-02296,CUST-01360,checking,2024-07-25
ACC-02297,CUST-02720,savings,2024-11-17
ACC-02298,CUST-04142,checking,2024-07-03
ACC-02299,CUST-04636,checking,2024-01-07
ACC-02300,CUST-03024,credit_card,2024-10-26
ACC-02301,CUST-00956,savings,2024-02-04
ACC-02302,CUST-04136,savings,2024-08-07
ACC-02303,CUST-00869,savings,2024-03-08
ACC-02304,CUST-02884,savings,2024-07-20
ACC-02305,CUST-00279,checking,2024-12-24
ACC-02306,CUST-03380,checking,2024-05-06
ACC-02307,CUST-03154,checking,2024-03-03
ACC-02308,CUST-01600,credit_card,2024-06-05
ACC-02309,CUST-00578,checking,2024-09-23
ACC-02310,CUST-02435,checking,2024-05-05
ACC-02311,CUST-03413,savings,2024-04-20
ACC-02312,CUST-02631,savings,2024-06-15
ACC-02313,CUST-03089,savings,2024-07-20
ACC-02314,CUST-02213,credit_card,2024-07-07
ACC-02315,CUST-03267,credit_card,2024-11-04
ACC-02316,CUST-03438,savings,2024-04-26
ACC-02317,CUST-03502,checking,2024-10-18
ACC-02318,CUST-00664,savings,2024-08-01
ACC-02319,CUST-04651,checking,2024-11-09
ACC-02320,CUST-04966,credit_card,2024-07-27
ACC-02321,CUST-01626,credit_card,2024-06-12
ACC-02322,CUST-03425,credit_card,2024-05-03
ACC-02323,CUST-03728,checking,2024-12-11
ACC-02324,CUST-02500,credit_card,2024-02-19
ACC-02325,CUST-04693,credit_card,2024-01-27
ACC-02326,CUST-03941,credit_card,2024-03-05
ACC-02327,CUST-02116,savings,2024-05-24
ACC-02328,CUST-00805,checking,2024-03-17
ACC-02329,CUST-03352,savings,2024-06-10
ACC-02330,CUST-02986,credit_card,2024-12-01
ACC-02331,CUST-03954,savings,2024-10-17
ACC-02332,CUST-04262,credit_card,2024-08-21
ACC-02333,CUST-01338,savings,2024-07-22
ACC-02334,CUST-01557,checking,2024-10-06
ACC-02335,CUST-03583,checking,2024-10-21
ACC-02336,CUST-00446,checking,2024-02-28
ACC-02337,CUST-03462,checking,2024-11-14
ACC-02338,CUST-03375,savings,2024-07-07
ACC-02339,CUST-00187,checking,2024-11-01
ACC-02340,CUST-00253,savings,2024-12-20
ACC-02341,CUST-04687,credit_card,2024-01-19
ACC-02342,CUST-03290,checking,2024-10-25
ACC-02343,CUST-03046,checking,2024-07-01
ACC-02344,CUST-01570,savings,2024-07-25
ACC-02345,CUST-00522,credit_card,2024-05-19
ACC-02346,CUST-00083,credit_card,2024-06-25
ACC-02347,CUST-00624,credit_card,2024-08-21
ACC-02348,CUST-02022,checking,2024-04-28
ACC-02349,CUST-03438,savings,2024-05-17
ACC-02350,CUST-04434,savings,2024-12-20
ACC-02351,CUST-02737,savings,2024-10-08
ACC-02352,CUST-01124,checking,2024-11-20
ACC-02353,CUST-02138,checking,2024-08-11
ACC-02354,CUST-01026,credit_card,2024-03-20
ACC-02355,CUST-03656,checking,2024-08-05
ACC-02356,CUST-02042,credit_card,2024-06-10
ACC-02357,CUST-02327,credit_card,2024-10-09
ACC-02358,CUST-04891,checking,2024-06-13
ACC-02359,CUST-04577,credit_card,2024-02-09
ACC-02360,CUST-03097,checking,2024-02-01
ACC-02361,CUST-02758,credit_card,2024-12-10
ACC-02362,CUST-01177,savings,2024-09-11
ACC-02363,CUST-01380,credit_card,2024-10-06
ACC-02364,CUST-04439,credit_card,2024-05-27
ACC-02365,CUST-04521,checking,2024-04-18
ACC-02366,CUST-04972,checking,2024-12-08
ACC-02367,CUST-00216,checking,2024-04-19
ACC-02368,CUST-00785,savings,2024-09-13
ACC-02369,CUST-03310,savings,2024-06-01
ACC-02370,CUST-00227,checking,2024-07-19
ACC-02371,CUST-03984,checking,2024-08-19
ACC-02372,CUST-03435,savings,2024-06-15
ACC-02373,CUST-02435,credit_card,2024-01-04
ACC-02374,CUST-02042,savings,2024-06-16
ACC-02375,CUST-00486,savings,2024-09-03
ACC-02376,CUST-04555,credit_card,2024-05-11
ACC-02377,CUST-04506,savings,2024-12-12
ACC-02378,CUST-02886,savings,2024-07-04
ACC-02379,CUST-02363,checking,2024-03-15
ACC-02380,CUST-00195,savings,2024-02-06
ACC-02381,CUST-00566,checking,2024-05-27
ACC-02382,CUST-04009,savings,2024-06-12
ACC-02383,CUST-02447,checking,2024-04-23
ACC-02384,CUST-04383,savings,2024-10-06
ACC-02385,CUST-03302,credit_card,2024-08-05
ACC-02386,CUST-03629,checking,2024-05-22
ACC-02387,CUST-02646,checking,2024-02-18
ACC-02388,CUST-03141,savings,2024-02-08
ACC-02389,CUST-03665,checking,2024-09-06
ACC-02390,CUST-01201,savings,2024-11-12
ACC-02391,CUST-03923,savings,2024-01-03
ACC-02392,CUST-03761,credit_card,2024-10-03
ACC-02393,CUST-00996,credit_card,2024-03-14
ACC-02394,CUST-04545,checking,2024-03-02
ACC-02395,CUST-00841,credit_card,2024-02-19
ACC-02396,CUST-00065,savings,2024-07-26
ACC-02397,CUST-03923,checking,2024-12-05
ACC-02398,CUST-02759,credit_card,2024-03-26
ACC-02399,CUST-00495,checking,2024-02-23
ACC-02400,CUST-02579,checking,2024-04-09
ACC-02401,CUST-01366,credit_card,2024-10-12
ACC-02402,CUST-01550,credit_card,2024-05-10
ACC-02403,CUST-01146,savings,2024-06-07
ACC-02404,CUST-03757,credit_card,2024-06-09
ACC-02405,CUST-03843,checking,2024-03-21
ACC-02406,CUST-02705,credit_card,2024-07-06
ACC-02407,CUST-00035,credit_card,2024-09-21
ACC-02408,CUST-01358,savings,2024-11-28
ACC-02409,CUST-01521,savings,2024-12-27
ACC-02410,CUST-01106,checking,2024-07-21
ACC-02411,CUST-02232,savings,2024-12-03
ACC-02412,CUST-00354,savings,2024-03-06
ACC-02413,CUST-03012,credit_card,2024-04-27
ACC-02414,CUST-01293,credit_card,2024-06-18
ACC-02415,CUST-02765,savings,2024-09-09
ACC-02416,CUST-00874,checking,2024-04-10
ACC-02417,CUST-00141,savings,2024-03-20
ACC-02418,CUST-03004,checking,2024-03-17
ACC-02419,CUST-04564,credit_card,2024-04-02
ACC-02420,CUST-03344,credit_card,2024-08-23
ACC-02421,CUST-01919,credit_card,2024-07-09
ACC-02422,CUST-02123,credit_card,2024-05-28
ACC-02423,CUST-04630,savings,2024-04-06
ACC-02424,CUST-03774,savings,2024-07-13
ACC-02425,CUST-02034,credit_card,2024-07-09
ACC-02426,CUST-02835,credit_card,2024-05-09
ACC-02427,CUST-01771,credit_card,2024-07-20
ACC-02428,CUST-02839,savings,2024-03-12
ACC-02429,CUST-01175,savings,2024-01-19
ACC-02430,CUST-03375,credit_card,2024-09-04
ACC-02431,CUST-04409,checking,2024-09-25
ACC-02432,CUST-04615,checking,2024-03-25
ACC-02433,CUST-04621,savings,2024-09-09
ACC-02434,CUST-01076,savings,2024-03-10
ACC-02435,CUST-04484,credit_card,2024-04-15
ACC-02436,CUST-00890,checking,2024-08-14
ACC-02437,CUST-00549,credit_card,2024-04-16
ACC-02438,CUST-03983,savings,2024-09-20
ACC-02439,CUST-03438,savings,2024-05-19
ACC-02440,CUST-02219,savings,2024-10-07
ACC-02441,CUST-01710,checking,2024-02-23
ACC-02442,CUST-03343,checking,2024-10-26
ACC-02443,CUST-00276,checking,2024-06-10
ACC-02444,CUST-00952,checking,2024-10-02
ACC-02445,CUST-02478,credit_card,2024-09-24
ACC-02446,CUST-01186,savings,2024-12-01
ACC-02447,CUST-04156,savings,2024-06-17
ACC-02448,CUST-01879,credit_card,2024-08-20
ACC-02449,CUST-03599,savings,2024-02-04
ACC-02450,CUST-04739,credit_card,2024-11-16
ACC-02451,CUST-03347,checking,2024-09-21
ACC-02452,CUST-00677,credit_card,2024-04-07
ACC-02453,CUST-02090,checking,2024-12-07
ACC-02454,CUST-01844,credit_card,2024-11-22
ACC-02455,CUST-03388,savings,2024-06-15
ACC-02456,CUST-00816,savings,2024-04-11
ACC-02457,CUST-00789,savings,2024-05-12
ACC-02458,CUST-01555,credit_card,2024-07-23
ACC-02459,CUST-04521,checking,2024-07-04
ACC-02460,CUST-04338,credit_card,2024-10-02
ACC-02461,CUST-00829,checking,2024-12-04
ACC-02462,CUST-04601,checking,2024-01-25
ACC-02463,CUST-02380,savings,2024-05-03
ACC-02464,CUST-00471,checking,2024-10-05
ACC-02465,CUST-03434,savings,2024-12-04
ACC-02466,CUST-04720,credit_card,2024-09-14
ACC-02467,CUST-01436,savings,2024-01-05
ACC-02468,CUST-04114,checking,2024-10-16
ACC-02469,CUST-04623,checking,2024-05-06
ACC-02470,CUST-04783,savings,2024-09-19
ACC-02471,CUST-03631,credit_card,2024-01-18
ACC-02472,CUST-03669,savings,2024-07-13
ACC-02473,CUST-03580,credit_card,2024-02-22
ACC-02474,CUST-00925,credit_card,2024-07-11
ACC-02475,CUST-01464,credit_card,2024-03-24
ACC-02476,CUST-04251,credit_card,2024-05-28
ACC-02477,CUST-00674,credit_card,2024-07-27
ACC-02478,CUST-02489,credit_card,2024-02-12
ACC-02479,CUST-02212,savings,2024-02-02
ACC-02480,CUST-04354,credit_card,2024-01-27
ACC-02481,CUST-01289,savings,2024-04-14
ACC-02482,CUST-03011,checking,2024-01-23
ACC-02483,CUST-03289,savings,2024-03-22
ACC-02484,CUST-01785,checking,2024-02-11
ACC-02485,CUST-01875,checking,2024-08-09
ACC-02486,CUST-03217,credit_card,2024-11-19
ACC-02487,CUST-00143,credit_card,2024-04-09
ACC-02488,CUST-01747,savings,2024-04-28
ACC-02489,CUST-01444,checking,2024-03-04
ACC-02490,CUST-03518,checking,2024-05-26
ACC-02491,CUST-03784,checking,2024-10-19
ACC-02492,CUST-04431,checking,2024-09-07
ACC-02493,CUST-04571,savings,2024-11-08
ACC-02494,CUST-02853,checking,2024-08-14
ACC-02495,CUST-02700,credit_card,2024-02-05
ACC-02496,CUST-00438,credit_card,2024-11-10
ACC-02497,CUST-00522,savings,2024-06-21
ACC-02498,CUST-01759,credit_card,2024-04-19
ACC-02499,CUST-00870,savings,2024-03-16
ACC-02500,CUST-04035,checking,2024-04-18
ACC-02501,CUST-04158,savings,2024-01-07
ACC-02502,CUST-02765,credit_card,2024-03-22
ACC-02503,CUST-01483,checking,2024-05-17
ACC-02504,CUST-01174,checking,2024-03-09
ACC-02505,CUST-03185,checking,2024-12-11
ACC-02506,CUST-04162,checking,2024-03-24
ACC-02507,CUST-04822,credit_card,2024-04-21
ACC-02508,CUST-02595,credit_card,2024-10-26
ACC-02509,CUST-00436,checking,2024-12-20
ACC-02510,CUST-01245,checking,2024-11-26
ACC-02511,CUST-02069,checking,2024-09-25
ACC-02512,CUST-02487,checking,2024-12-02
ACC-02513,CUST-04188,savings,2024-03-26
ACC-02514,CUST-03218,savings,2024-04-04
ACC-02515,CUST-04893,credit_card,2024-11-26
ACC-02516,CUST-04998,savings,2024-02-18
ACC-02517,CUST-01501,checking,2024-12-01
ACC-02518,CUST-02201,checking,2024-01-24
ACC-02519,CUST-03021,savings,2024-06-15
ACC-02520,CUST-02756,checking,2024-02-19
ACC-02521,CUST-01762,credit_card,2024-06-27
ACC-02522,CUST-00437,credit_card,2024-05-18
ACC-02523,CUST-00014,savings,2024-01-12
ACC-02524,CUST-03358,checking,2024-10-13
ACC-02525,CUST-00381,checking,2024-01-15
ACC-02526,CUST-04164,savings,2024-10-24
ACC-02527,CUST-00121,savings,2024-01-10
ACC-02528,CUST-04643,checking,2024-11-22
ACC-02529,CUST-03391,credit_card,2024-06-10
ACC-02530,CUST-01026,savings,2024-08-26
ACC-02531,CUST-00849,checking,2024-04-25
ACC-02532,CUST-04335,credit_card,2024-07-04
ACC-02533,CUST-00024,credit_card,2024-02-13
ACC-02534,CUST-00438,checking,2024-05-28
ACC-02535,CUST-01948,checking,2024-06-10
ACC-02536,CUST-04916,checking,2024-06-13
ACC-02537,CUST-04202,savings,2024-12-18
ACC-02538,CUST-03120,savings,2024-03-22
ACC-02539,CUST-01901,savings,2024-02-10
ACC-02540,CUST-00054,credit_card,2024-09-17
ACC-02541,CUST-04001,savings,2024-11-21
ACC-02542,CUST-03807,checking,2024-11-12
ACC-02543,CUST-04679,credit_card,2024-04-12
ACC-02544,CUST-03310,credit_card,2024-09-07
ACC-02545,CUST-04965,credit_card,2024-09-12
ACC-02546,CUST-02093,savings,2024-08-04
ACC-02547,CUST-02543,checking,2024-11-01
ACC-02548,CUST-00748,checking,2024-08-25
ACC-02549,CUST-00668,checking,2024-03-04
ACC-02550,CUST-02944,checking,2024-01-19
ACC-02551,CUST-04579,checking,2024-02-09
ACC-02552,CUST-04200,credit_card,2024-02-09
ACC-02553,CUST-04198,savings,2024-05-07
ACC-02554,CUST-01720,credit_card,2024-02-05
ACC-02555,CUST-03585,checking,2024-03-24
ACC-02556,CUST-04982,savings,2024-06-18
ACC-02557,CUST-00952,credit_card,2024-12-13
ACC-02558,CUST-02627,credit_card,2024-05-15
ACC-02559,CUST-03767,credit_card,2024-09-18
ACC-02560,CUST-04319,checking,2024-04-18
ACC-02561,CUST-01556,credit_card,2024-04-14
ACC-02562,CUST-01596,credit_card,2024-02-04
ACC-02563,CUST-03048,savings,2024-04-01
ACC-02564,CUST-03388,checking,2024-06-02
ACC-02565,CUST-02215,credit_card,2024-09-10
ACC-02566,CUST-03070,credit_card,2024-12-21
ACC-02567,CUST-00018,savings,2024-08-22
ACC-02568,CUST-00994,checking,2024-02-05
ACC-02569,CUST-03236,credit_card,2024-03-19
ACC-02570,CUST-01471,credit_card,2024-11-10
ACC-02571,CUST-01325,savings,2024-02-27
ACC-02572,CUST-00389,credit_card,2024-09-25
ACC-02573,CUST-03709,checking,2024-12-22
ACC-02574,CUST-04949,savings,2024-06-20
ACC-02575,CUST-03336,credit_card,2024-02-13
ACC-02576,CUST-01070,credit_card,2024-11-03
ACC-02577,CUST-03550,checking,2024-07-18
ACC-02578,CUST-03818,credit_card,2024-11-25
ACC-02579,CUST-02265,credit_card,2024-01-11
ACC-02580,CUST-00922,checking,2024-04-23
ACC-02581,CUST-04819,credit_card,2024-02-16
ACC-02582,CUST-03359,savings,2024-04-19
ACC-02583,CUST-04019,checking,2024-08-07
ACC-02584,CUST-00671,checking,2024-04-06
ACC-02585,CUST-01759,savings,2024-09-25
ACC-02586,CUST-02204,checking,2024-10-04
ACC-02587,CUST-03300,checking,2024-03-01
ACC-02588,CUST-00171,checking,2024-01-18
ACC-02589,CUST-02693,savings,2024-07-03
ACC-02590,CUST-04112,savings,2024-06-10
ACC-02591,CUST-01735,credit_card,2024-01-10
ACC-02592,CUST-01014,checking,2024-05-11
ACC-02593,CUST-00625,credit_card,2024-07-21
ACC-02594,CUST-03364,savings,2024-06-24
ACC-02595,CUST-00361,credit_card,2024-11-17
ACC-02596,CUST-01069,savings,2024-07-28
ACC-02597,CUST-02439,savings,2024-07-23
ACC-02598,CUST-03160,credit_card,2024-07-10
ACC-02599,CUST-02135,checking,2024-10-25
ACC-02600,CUST-00708,savings,2024-11-24
ACC-02601,CUST-00486,credit_card,2024-01-10
ACC-02602,CUST-03869,savings,2024-06-13
ACC-02603,CUST-01481,savings,2024-03-23
ACC-02604,CUST-00774,checking,2024-06-22
ACC-02605,CUST-03375,credit_card,2024-05-03
ACC-02606,CUST-04255,savings,2024-08-07
ACC-02607,CUST-02757,checking,2024-10-01
ACC-02608,CUST-03742,savings,2024-01-01
ACC-02609,CUST-03302,savings,2024-04-19
ACC-02610,CUST-02522,savings,2024-03-18
ACC-02611,CUST-04715,checking,2024-09-27
ACC-02612,CUST-00836,savings,2024-07-22
ACC-02613,CUST-03025,checking,2024-11-15
ACC-02614,CUST-00701,checking,2024-05-04
ACC-02615,CUST-03091,credit_card,2024-07-12
ACC-02616,CUST-02923,credit_card,2024-07-10
ACC-02617,CUST-00962,checking,2024-06-07
ACC-02618,CUST-04858,savings,2024-11-20
ACC-02619,CUST-03814,checking,2024-10-21
ACC-02620,CUST-03703,savings,2024-07-26
ACC-02621,CUST-02709,checking,2024-07-10
ACC-02622,CUST-01538,savings,2024-11-18
ACC-02623,CUST-03229,savings,2024-08-02
ACC-02624,CUST-02707,credit_card,2024-01-13
ACC-02625,CUST-04140,checking,2024-04-07
ACC-02626,CUST-03574,checking,2024-02-03
ACC-02627,CUST-04086,credit_card,2024-12-21
ACC-02628,CUST-01459,checking,2024-05-17
ACC-02629,CUST-01981,checking,2024-08-17
ACC-02630,CUST-04020,credit_card,2024-07-25
ACC-02631,CUST-04564,checking,2024-02-21
ACC-02632,CUST-04269,savings,2024-12-20
ACC-02633,CUST-02668,checking,2024-06-23
ACC-02634,CUST-02444,savings,2024-01-13
ACC-02635,CUST-02317,savings,2024-10-22
ACC-02636,CUST-03694,credit_card,2024-01-11
ACC-02637,CUST-02474,checking,2024-09-25
ACC-02638,CUST-01555,credit_card,2024-06-20
ACC-02639,CUST-04994,credit_card,2024-04-24
ACC-02640,CUST-02421,credit_card,2024-06-07
ACC-02641,CUST-02226,checking,2024-07-09
ACC-02642,CUST-03334,checking,2024-08-19
ACC-02643,CUST-04661,credit_card,2024-07-19
ACC-02644,CUST-04385,credit_card,2024-02-08
ACC-02645,CUST-02548,credit_card,2024-10-23
ACC-02646,CUST-04903,savings,2024-08-16
ACC-02647,CUST-03130,checking,2024-02-22
ACC-02648,CUST-03960,checking,2024-01-21
ACC-02649,CUST-01776,checking,2024-05-11
ACC-02650,CUST-00600,checking,2024-11-21
ACC-02651,CUST-00247,savings,2024-07-24
ACC-02652,CUST-02184,savings,2024-09-20
ACC-02653,CUST-01331,savings,2024-03-11
ACC-02654,CUST-04471,credit_card,2024-06-19
ACC-02655,CUST-04185,savings,2024-10-20
ACC-02656,CUST-04731,credit_card,2024-11-11
ACC-02657,CUST-03893,credit_card,2024-06-12
ACC-02658,CUST-00369,credit_card,2024-03-13
ACC-02659,CUST-01115,savings,2024-08-03
ACC-02660,CUST-04714,savings,2024-01-26
ACC-02661,CUST-00028,checking,2024-11-26
ACC-02662,CUST-04251,credit_card,2024-10-22
ACC-02663,CUST-00679,checking,2024-04-15
ACC-02664,CUST-04918,savings,2024-04-11
ACC-02665,CUST-02444,credit_card,2024-12-09
ACC-02666,CUST-01357,checking,2024-05-10
ACC-02667,CUST-00183,savings,2024-12-04
ACC-02668,CUST-01057,savings,2024-04-26
ACC-02669,CUST-00846,checking,2024-04-15
ACC-02670,CUST-02507,credit_card,2024-04-24
ACC-02671,CUST-02814,credit_card,2024-12-08
ACC-02672,CUST-02851,checking,2024-02-23
ACC-02673,CUST-00983,checking,2024-08-26
ACC-02674,CUST-03324,savings,2024-03-25
ACC-02675,CUST-03035,checking,2024-02-26
ACC-02676,CUST-04869,credit_card,2024-06-28
ACC-02677,CUST-00910,checking,2024-01-21
ACC-02678,CUST-04224,savings,2024-11-22
ACC-02679,CUST-03069,checking,2024-03-03
ACC-02680,CUST-02814,credit_card,2024-08-14
ACC-02681,CUST-04947,credit_card,2024-01-12
ACC-02682,CUST-04595,savings,2024-07-10
ACC-02683,CUST-03644,checking,2024-01-26
ACC-02684,CUST-01275,savings,2024-03-19
ACC-02685,CUST-01235,credit_card,2024-07-19
ACC-02686,CUST-00081,checking,2024-12-15
ACC-02687,CUST-00218,credit_card,2024-05-25
ACC-02688,CUST-01685,checking,2024-04-04
ACC-02689,CUST-02605,checking,2024-05-14
ACC-02690,CUST-02346,checking,2024-08-24
ACC-02691,CUST-00960,checking,2024-08-01
ACC-02692,CUST-02631,checking,2024-10-19
ACC-02693,CUST-00075,credit_card,2024-01-24
ACC-02694,CUST-04700,checking,2024-02-09
ACC-02695,CUST-04467,checking,2024-08-14
ACC-02696,CUST-02996,checking,2024-02-23
ACC-02697,CUST-02240,savings,2024-06-08
ACC-02698,CUST-01711,checking,2024-08-14
ACC-02699,CUST-03636,checking,2024-04-21
ACC-02700,CUST-04374,credit_card,2024-12-26
ACC-02701,CUST-04976,checking,2024-12-25
ACC-02702,CUST-01000,credit_card,2024-02-27
ACC-02703,CUST-01884,savings,2024-12-15
ACC-02704,CUST-03371,savings,2024-09-20
ACC-02705,CUST-00160,checking,2024-11-23
ACC-02706,CUST-04242,savings,2024-12-06
ACC-02707,CUST-03029,savings,2024-09-21
ACC-02708,CUST-02458,credit_card,2024-06-10
ACC-02709,CUST-03704,savings,2024-02-15
ACC-02710,CUST-02393,credit_card,2024-09-12
ACC-02711,CUST-00991,savings,2024-07-02
ACC-02712,CUST-00266,checking,2024-04-11
ACC-02713,CUST-01182,credit_card,2024-02-21
ACC-02714,CUST-01375,credit_card,2024-01-22
ACC-02715,CUST-00041,savings,2024-04-08
ACC-02716,CUST-00529,checking,2024-06-01
ACC-02717,CUST-02086,credit_card,2024-04-01
ACC-02718,CUST-04325,checking,2024-12-26
ACC-02719,CUST-00712,credit_card,2024-06-17
ACC-02720,CUST-03071,credit_card,2024-04-06
ACC-02721,CUST-01133,credit_card,2024-12-05
ACC-02722,CUST-01263,savings,2024-02-07
ACC-02723,CUST-02694,checking,2024-07-28
ACC-02724,CUST-02255,checking,2024-10-07
ACC-02725,CUST-01328,savings,2024-01-01
ACC-02726,CUST-04535,checking,2024-12-02
ACC-02727,CUST-00385,credit_card,2024-12-08
ACC-02728,CUST-00590,credit_card,2024-08-09
ACC-02729,CUST-00985,savings,2024-09-09
ACC-02730,CUST-00354,checking,2024-04-02
ACC-02731,CUST-01907,checking,2024-10-20
ACC-02732,CUST-04526,savings,2024-07-16
ACC-02733,CUST-04021,checking,2024-12-15
ACC-02734,CUST-04283,savings,2024-02-04
ACC-02735,CUST-04942,checking,2024-04-09
ACC-02736,CUST-01522,savings,2024-01-14
ACC-02737,CUST-03262,checking,2024-07-08
ACC-02738,CUST-03377,credit_card,2024-03-21
ACC-02739,CUST-00769,credit_card,2024-08-07
ACC-02740,CUST-03671,credit_card,2024-03-28
ACC-02741,CUST-02079,savings,2024-10-03
ACC-02742,CUST-04926,credit_card,2024-02-26
ACC-02743,CUST-00184,savings,2024-12-05
ACC-02744,CUST-01821,savings,2024-05-11
ACC-02745,CUST-02487,credit_card,2024-01-05
ACC-02746,CUST-00155,savings,2024-08-04
ACC-02747,CUST-04883,savings,2024-10-14
ACC-02748,CUST-02694,savings,2024-09-26
ACC-02749,CUST-00734,credit_card,2024-11-11
ACC-02750,CUST-01745,savings,2024-08-11
ACC-02751,CUST-04805,checking,2024-12-26
ACC-02752,CUST-02734,credit_card,2024-03-15
ACC-02753,CUST-02449,checking,2024-01-10
ACC-02754,CUST-04465,savings,2024-05-20
ACC-02755,CUST-03937,checking,2024-08-08
ACC-02756,CUST-04523,credit_card,2024-09-15
ACC-02757,CUST-01547,credit_card,2024-08-14
ACC-02758,CUST-02096,credit_card,2024-10-13
ACC-02759,CUST-03098,checking,2024-03-17
ACC-02760,CUST-01548,credit_card,2024-01-02
ACC-02761,CUST-02868,credit_card,2024-03-21
ACC-02762,CUST-04832,credit_card,2024-08-12
ACC-02763,CUST-01724,checking,2024-01-25
ACC-02764,CUST-01146,checking,2024-01-12
ACC-02765,CUST-01009,savings,2024-05-08
ACC-02766,CUST-04210,checking,2024-07-06
ACC-02767,CUST-00800,savings,2024-12-22
ACC-02768,CUST-00342,savings,2024-10-16
ACC-02769,CUST-03851,credit_card,2024-05-08
ACC-02770,CUST-02561,savings,2024-06-07
ACC-02771,CUST-01870,savings,2024-02-17
ACC-02772,CUST-03876,credit_card,2024-08-21
ACC-02773,CUST-03370,credit_card,2024-04-26
ACC-02774,CUST-03745,credit_card,2024-01-11
ACC-02775,CUST-04944,savings,2024-11-09
ACC-02776,CUST-02010,checking,2024-12-26
ACC-02777,CUST-03289,checking,2024-11-22
ACC-02778,CUST-02606,credit_card,2024-08-19
ACC-02779,CUST-03314,savings,2024-03-17
ACC-02780,CUST-03809,checking,2024-09-17
ACC-02781,CUST-02921,savings,2024-04-04
ACC-02782,CUST-04250,credit_card,2024-12-14
ACC-02783,CUST-02955,savings,2024-08-11
ACC-02784,CUST-00975,credit_card,2024-02-16
ACC-02785,CUST-02957,savings,2024-07-14
ACC-02786,CUST-01256,credit_card,2024-02-19
ACC-02787,CUST-04238,checking,2024-08-18
ACC-02788,CUST-00682,savings,2024-11-26
ACC-02789,CUST-02061,credit_card,2024-05-04
ACC-02790,CUST-00710,checking,2024-04-27
ACC-02791,CUST-04302,savings,2024-09-22
ACC-02792,CUST-04293,savings,2024-10-18
ACC-02793,CUST-00398,savings,2024-06-04
ACC-02794,CUST-00904,savings,2024-02-08
ACC-02795,CUST-04641,checking,2024-09-18
ACC-02796,CUST-02223,checking,2024-11-21
ACC-02797,CUST-02234,savings,2024-02-17
ACC-02798,CUST-03376,credit_card,2024-04-02
ACC-02799,CUST-04640,checking,2024-02-16
ACC-02800,CUST-00437,credit_card,2024-02-03
ACC-02801,CUST-01860,credit_card,2024-01-05
ACC-02802,CUST-00099,checking,2024-08-28
ACC-02803,CUST-00433,savings,2024-01-17
ACC-02804,CUST-04347,savings,2024-02-18
ACC-02805,CUST-04852,savings,2024-04-14
ACC-02806,CUST-00217,savings,2024-03-14
ACC-02807,CUST-01453,savings,2024-02-12
ACC-02808,CUST-04894,savings,2024-08-18
ACC-02809,CUST-02567,savings,2024-02-15
ACC-02810,CUST-03521,credit_card,2024-01-04
ACC-02811,CUST-04095,checking,2024-10-05
ACC-02812,CUST-00439,checking,2024-03-22
ACC-02813,CUST-01158,checking,2024-02-05
ACC-02814,CUST-03130,checking,2024-08-28
ACC-02815,CUST-00943,credit_card,2024-02-28
ACC-02816,CUST-01882,savings,2024-08-11
ACC-02817,CUST-01551,credit_card,2024-06-02
ACC-02818,CUST-04445,credit_card,2024-01-14
ACC-02819,CUST-03067,credit_card,2024-05-17
ACC-02820,CUST-00460,savings,2024-04-08
ACC-02821,CUST-01209,savings,2024-08-08
ACC-02822,CUST-04629,savings,2024-09-07
ACC-02823,CUST-01771,savings,2024-04-03
ACC-02824,CUST-02241,savings,2024-01-21
ACC-02825,CUST-04104,checking,2024-05-12
ACC-02826,CUST-04572,checking,2024-02-10
ACC-02827,CUST-02031,savings,2024-05-19
ACC-02828,CUST-01841,savings,2024-08-19
ACC-02829,CUST-04183,savings,2024-08-10
ACC-02830,CUST-03143,savings,2024-02-20
ACC-02831,CUST-04099,credit_card,2024-05-22
ACC-02832,CUST-00084,checking,2024-03-19
ACC-02833,CUST-02483,credit_card,2024-04-09
ACC-02834,CUST-03615,savings,2024-12-12
ACC-02835,CUST-03610,credit_card,2024-03-04
ACC-02836,CUST-02117,savings,2024-11-17
ACC-02837,CUST-04684,credit_card,2024-02-22
ACC-02838,CUST-02713,credit_card,2024-02-12
ACC-02839,CUST-00011,checking,2024-01-15
ACC-02840,CUST-04222,savings,2024-02-14
ACC-02841,CUST-01259,credit_card,2024-07-22
ACC-02842,CUST-01271,checking,2024-12-09
ACC-02843,CUST-00134,savings,2024-09-22
ACC-02844,CUST-03573,checking,2024-11-06
ACC-02845,CUST-01193,checking,2024-11-17
ACC-02846,CUST-03854,savings,2024-01-14
ACC-02847,CUST-01075,savings,2024-02-11
ACC-02848,CUST-00686,checking,2024-08-02
ACC-02849,CUST-02765,credit_card,2024-09-13
ACC-02850,CUST-03085,checking,2024-09-05
ACC-02851,CUST-00268,savings,2024-04-18
ACC-02852,CUST-02639,credit_card,2024-01-05
ACC-02853,CUST-00023,savings,2024-03-03
ACC-02854,CUST-00672,credit_card,2024-02-13
ACC-02855,CUST-02007,savings,2024-11-05
ACC-02856,CUST-03850,savings,2024-01-02
ACC-02857,CUST-03775,savings,2024-01-07
ACC-02858,CUST-04549,checking,2024-08-10
ACC-02859,CUST-02367,checking,2024-08-13
ACC-02860,CUST-02793,checking,2024-05-18
ACC-02861,CUST-01440,savings,2024-10-17
ACC-02862,CUST-00189,checking,2024-04-26
ACC-02863,CUST-02762,credit_card,2024-05-14
ACC-02864,CUST-04854,savings,2024-10-25
ACC-02865,CUST-00767,checking,2024-12-19
ACC-02866,CUST-04562,credit_card,2024-09-18
ACC-02867,CUST-02473,savings,2024-03-21
ACC-02868,CUST-00108,checking,2024-03-24
ACC-02869,CUST-03528,savings,2024-08-14
ACC-02870,CUST-03567,savings,2024-10-22
ACC-02871,CUST-02864,savings,2024-04-09
ACC-02872,CUST-01430,checking,2024-02-17
ACC-02873,CUST-04309,checking,2024-01-09
ACC-02874,CUST-01553,savings,2024-07-08
ACC-02875,CUST-04401,credit_card,2024-05-23
ACC-02876,CUST-00515,checking,2024-07-25
ACC-02877,CUST-02723,checking,2024-07-21
ACC-02878,CUST-01495,credit_card,2024-02-19
ACC-02879,CUST-03344,credit_card,2024-10-23
ACC-02880,CUST-04636,credit_card,2024-09-19
ACC-02881,CUST-04711,checking,2024-04-16
ACC-02882,CUST-02794,savings,2024-01-12
ACC-02883,CUST-01470,checking,2024-05-27
ACC-02884,CUST-03739,checking,2024-06-05
ACC-02885,CUST-04882,savings,2024-08-12
ACC-02886,CUST-02107,savings,2024-09-04
ACC-02887,CUST-00528,credit_card,2024-08-25
ACC-02888,CUST-00612,credit_card,2024-03-19
ACC-02889,CUST-04861,checking,2024-11-04
ACC-02890,CUST-01916,savings,2024-06-13
ACC-02891,CUST-01702,savings,2024-09-06
ACC-02892,CUST-01242,credit_card,2024-08-23
ACC-02893,CUST-02254,savings,2024-06-03
ACC-02894,CUST-01744,checking,2024-02-20
ACC-02895,CUST-03790,savings,2024-09-19
ACC-02896,CUST-01249,checking,2024-07-14
ACC-02897,CUST-03554,savings,2024-04-20
ACC-02898,CUST-00662,checking,2024-12-25
ACC-02899,CUST-00777,credit_card,2024-01-15
ACC-02900,CUST-01999,credit_card,2024-01-09
ACC-02901,CUST-03954,checking,2024-02-04
ACC-02902,CUST-03236,savings,2024-06-26
ACC-02903,CUST-04168,savings,2024-07-09
ACC-02904,CUST-01352,checking,2024-07-01
ACC-02905,CUST-00921,savings,2024-05-15
ACC-02906,CUST-01046,credit_card,2024-06-26
ACC-02907,CUST-03629,credit_card,2024-01-20
ACC-02908,CUST-01792,checking,2024-09-11
ACC-02909,CUST-03223,savings,2024-12-05
ACC-02910,CUST-03917,savings,2024-05-27
ACC-02911,CUST-01013,savings,2024-12-04
ACC-02912,CUST-02223,savings,2024-07-12
ACC-02913,CUST-03351,credit_card,2024-10-09
ACC-02914,CUST-02321,checking,2024-04-08
ACC-02915,CUST-03164,credit_card,2024-02-24
ACC-02916,CUST-03675,checking,2024-12-22
ACC-02917,CUST-04251,checking,2024-10-18
ACC-02918,CUST-02546,savings,2024-12-03
ACC-02919,CUST-00944,savings,2024-04-16
ACC-02920,CUST-01117,savings,2024-02-28
ACC-02921,CUST-04819,credit_card,2024-05-19
ACC-02922,CUST-02125,credit_card,2024-01-18
ACC-02923,CUST-00514,credit_card,2024-09-21
ACC-02924,CUST-00665,credit_card,2024-02-17
ACC-02925,CUST-01740,savings,2024-12-18
ACC-02926,CUST-01285,credit_card,2024-12-06
ACC-02927,CUST-00396,credit_card,2024-07-28
ACC-02928,CUST-03954,checking,2024-09-22
ACC-02929,CUST-00347,checking,2024-04-18
ACC-02930,CUST-04211,credit_card,2024-06-06
ACC-02931,CUST-00500,credit_card,2024-05-26
ACC-02932,CUST-04408,checking,2024-04-20
ACC-02933,CUST-02993,credit_card,2024-07-07
ACC-02934,CUST-03435,checking,2024-03-24
ACC-02935,CUST-04621,credit_card,2024-03-11
ACC-02936,CUST-02678,savings,2024-01-10
ACC-02937,CUST-03611,checking,2024-05-17
ACC-02938,CUST-02634,credit_card,2024-08-24
ACC-02939,CUST-03520,credit_card,2024-05-06
ACC-02940,CUST-03902,savings,2024-04-11
ACC-02941,CUST-02170,savings,2024-12-11
ACC-02942,CUST-04536,credit_card,2024-11-03
ACC-02943,CUST-01620,credit_card,2024-05-25
ACC-02944,CUST-04164,checking,2024-10-13
ACC-02945,CUST-03139,checking,2024-01-15
ACC-02946,CUST-04822,checking,2024-03-19
ACC-02947,CUST-03791,savings,2024-07-23
ACC-02948,CUST-01334,checking,2024-01-14
ACC-02949,CUST-00530,credit_card,2024-06-04
ACC-02950,CUST-00808,credit_card,2024-05-03
ACC-02951,CUST-02936,credit_card,2024-09-19
ACC-02952,CUST-03406,checking,2024-06-16
ACC-02953,CUST-02394,checking,2024-03-12
ACC-02954,CUST-01634,credit_card,2024-04-10
ACC-02955,CUST-01637,savings,2024-07-23
ACC-02956,CUST-04588,checking,2024-01-27
ACC-02957,CUST-04717,savings,2024-05-03
ACC-02958,CUST-02120,checking,2024-03-06
ACC-02959,CUST-04352,savings,2024-04-28
ACC-02960,CUST-04603,credit_card,2024-03-06
ACC-02961,CUST-04513,savings,2024-08-04
ACC-02962,CUST-01353,savings,2024-06-26
ACC-02963,CUST-03514,checking,2024-09-11
ACC-02964,CUST-01624,checking,2024-08-06
ACC-02965,CUST-03581,checking,2024-10-11
ACC-02966,CUST-02984,savings,2024-11-23
ACC-02967,CUST-00247,credit_card,2024-08-06
ACC-02968,CUST-01792,savings,2024-03-28
ACC-02969,CUST-01454,savings,2024-03-13
ACC-02970,CUST-04097,savings,2024-06-20
ACC-02971,CUST-02996,credit_card,2024-11-20
ACC-02972,CUST-02003,savings,2024-10-18
ACC-02973,CUST-00740,credit_card,2024-03-20
ACC-02974,CUST-02679,checking,2024-04-26
ACC-02975,CUST-03097,checking,2024-04-28
ACC-02976,CUST-03356,credit_card,2024-11-14
ACC-02977,CUST-01150,credit_card,2024-04-02
ACC-02978,CUST-04629,credit_card,2024-03-08
ACC-02979,CUST-01459,checking,2024-08-07
ACC-02980,CUST-01652,savings,2024-04-12
ACC-02981,CUST-01111,checking,2024-04-27
ACC-02982,CUST-00214,checking,2024-12-15
ACC-02983,CUST-00791,credit_card,2024-12-16
ACC-02984,CUST-02633,credit_card,2024-02-26
ACC-02985,CUST-03809,credit_card,2024-01-01
ACC-02986,CUST-04332,credit_card,2024-05-21
ACC-02987,CUST-00802,checking,2024-06-23
ACC-02988,CUST-01437,savings,2024-03-24
ACC-02989,CUST-02445,checking,2024-05-14
ACC-02990,CUST-04713,credit_card,2024-04-22
ACC-02991,CUST-03292,savings,2024-08-14
ACC-02992,CUST-04474,checking,2024-01-12
ACC-02993,CUST-03414,credit_card,2024-06-05
ACC-02994,CUST-04005,credit_card,2024-06-08
ACC-02995,CUST-02477,checking,2024-10-05
ACC-02996,CUST-03871,savings,2024-12-27
ACC-02997,CUST-02592,checking,2024-05-14
ACC-02998,CUST-01379,savings,2024-07-19
ACC-02999,CUST-02790,checking,2024-10-14
ACC-03000,CUST-00613,savings,2024-05-22
ACC-03001,CUST-03587,checking,2024-03-22
ACC-03002,CUST-01906,credit_card,2024-01-17
ACC-03003,CUST-02822,savings,2024-10-18
ACC-03004,CUST-02467,savings,2024-09-02
ACC-03005,CUST-04298,savings,2024-01-09
ACC-03006,CUST-00157,credit_card,2024-09-28
ACC-03007,CUST-04703,credit_card,2024-06-08
ACC-03008,CUST-04703,checking,2024-04-15
ACC-03009,CUST-01010,savings,2024-08-20
ACC-03010,CUST-03139,credit_card,2024-06-14
ACC-03011,CUST-00918,credit_card,2024-10-28
ACC-03012,CUST-03968,savings,2024-07-03
ACC-03013,CUST-04678,credit_card,2024-11-02
ACC-03014,CUST-00656,checking,2024-10-17
ACC-03015,CUST-03047,savings,2024-08-22
ACC-03016,CUST-03796,savings,2024-04-26
ACC-03017,CUST-03589,savings,2024-08-02
ACC-03018,CUST-03436,savings,2024-11-20
ACC-03019,CUST-03847,savings,2024-06-17
ACC-03020,CUST-00602,checking,2024-12-22
ACC-03021,CUST-03623,checking,2024-07-23
ACC-03022,CUST-00225,checking,2024-06-16
ACC-03023,CUST-02389,savings,2024-01-22
ACC-03024,CUST-02006,credit_card,2024-09-18
ACC-03025,CUST-01251,savings,2024-09-26
ACC-03026,CUST-04643,checking,2024-07-03
ACC-03027,CUST-03073,savings,2024-02-13
ACC-03028,CUST-02365,checking,2024-11-06
ACC-03029,CUST-03822,savings,2024-06-02
ACC-03030,CUST-04071,credit_card,2024-07-16
ACC-03031,CUST-00122,savings,2024-01-14
ACC-03032,CUST-02461,credit_card,2024-04-03
ACC-03033,CUST-01722,credit_card,2024-03-21
ACC-03034,CUST-03658,checking,2024-09-01
ACC-03035,CUST-01072,credit_card,2024-05-24
ACC-03036,CUST-03407,checking,2024-04-18
ACC-03037,CUST-04030,checking,2024-12-06
ACC-03038,CUST-04590,savings,2024-12-20
ACC-03039,CUST-00667,savings,2024-03-09
ACC-03040,CUST-02540,savings,2024-02-17
ACC-03041,CUST-01517,credit_card,2024-06-02
ACC-03042,CUST-04956,checking,2024-10-15
ACC-03043,CUST-01636,credit_card,2024-10-18
ACC-03044,CUST-04644,checking,2024-08-04
ACC-03045,CUST-01090,credit_card,2024-10-20
ACC-03046,CUST-03262,checking,2024-05-03
ACC-03047,CUST-03630,credit_card,2024-05-26
ACC-03048,CUST-00771,credit_card,2024-07-14
ACC-03049,CUST-01891,credit_card,2024-08-21
ACC-03050,CUST-04508,checking,2024-06-20
ACC-03051,CUST-00959,checking,2024-09-05
ACC-03052,CUST-02616,savings,2024-05-02
ACC-03053,CUST-04651,savings,2024-08-16
ACC-03054,CUST-02425,savings,2024-01-23
ACC-03055,CUST-00032,checking,2024-05-28
ACC-03056,CUST-01604,checking,2024-01-10
ACC-03057,CUST-01505,credit_card,2024-04-13
ACC-03058,CUST-04622,savings,2024-05-18
ACC-03059,CUST-02310,savings,2024-09-07
ACC-03060,CUST-03940,savings,2024-01-10
ACC-03061,CUST-04527,credit_card,2024-10-25
ACC-03062,CUST-02508,checking,2024-10-06
ACC-03063,CUST-00350,credit_card,2024-07-14
ACC-03064,CUST-00953,savings,2024-04-19
ACC-03065,CUST-01273,savings,2024-07-20
ACC-03066,CUST-04027,checking,2024-09-04
ACC-03067,CUST-01867,checking,2024-12-15
ACC-03068,CUST-04405,credit_card,2024-12-28
ACC-03069,CUST-04364,checking,2024-07-19
ACC-03070,CUST-03790,savings,2024-10-18
ACC-03071,CUST-04696,credit_card,2024-02-27
ACC-03072,CUST-04661,credit_card,2024-07-13
ACC-03073,CUST-01938,savings,2024-05-19
ACC-03074,CUST-02985,checking,2024-01-18
ACC-03075,CUST-04472,checking,2024-01-09
ACC-03076,CUST-01432,savings,2024-08-17
ACC-03077,CUST-00939,savings,2024-01-12
ACC-03078,CUST-00948,credit_card,2024-11-08
ACC-03079,CUST-03096,checking,2024-07-01
ACC-03080,CUST-01169,checking,2024-07-11
ACC-03081,CUST-02153,checking,2024-06-11
ACC-03082,CUST-01087,savings,2024-04-10
ACC-03083,CUST-00039,checking,2024-11-13
ACC-03084,CUST-04355,checking,2024-05-23
ACC-03085,CUST-03004,checking,2024-10-13
ACC-03086,CUST-00014,credit_card,2024-02-08
ACC-03087,CUST-03170,credit_card,2024-05-23
ACC-03088,CUST-01090,credit_card,2024-02-22
ACC-03089,CUST-04336,savings,2024-06-20
ACC-03090,CUST-01662,savings,2024-04-05
ACC-03091,CUST-04293,credit_card,2024-04-03
ACC-03092,CUST-00904,checking,2024-10-12
ACC-03093,CUST-02757,savings,2024-08-21
ACC-03094,CUST-04011,savings,2024-01-01
ACC-03095,CUST-03451,checking,2024-05-15
ACC-03096,CUST-04712,savings,2024-10-06
ACC-03097,CUST-04982,credit_card,2024-11-23
ACC-03098,CUST-04866,credit_card,2024-04-09
ACC-03099,CUST-02702,credit_card,2024-07-09
ACC-03100,CUST-04820,checking,2024-03-03
ACC-03101,CUST-03083,checking,2024-03-03
ACC-03102,CUST-02291,savings,2024-09-05
ACC-03103,CUST-00694,credit_card,2024-03-07
ACC-03104,CUST-03813,checking,2024-10-07
ACC-03105,CUST-03478,credit_card,2024-10-24
ACC-03106,CUST-03773,credit_card,2024-06-20
ACC-03107,CUST-03741,savings,2024-07-16
ACC-03108,CUST-01029,savings,2024-03-25
ACC-03109,CUST-01180,savings,2024-04-26
ACC-03110,CUST-04779,savings,2024-06-19
ACC-03111,CUST-01269,savings,2024-09-24
ACC-03112,CUST-02936,checking,2024-11-10
ACC-03113,CUST-04812,checking,2024-05-17
ACC-03114,CUST-00879,savings,2024-12-11
ACC-03115,CUST-00467,savings,2024-02-24
ACC-03116,CUST-03396,checking,2024-06-21
ACC-03117,CUST-02802,checking,2024-02-12
ACC-03118,CUST-03777,checking,2024-07-11
ACC-03119,CUST-00823,savings,2024-01-25
ACC-03120,CUST-04150,checking,2024-02-08
ACC-03121,CUST-03207,savings,2024-07-05
ACC-03122,CUST-01450,checking,2024-02-13
ACC-03123,CUST-02820,credit_card,2024-12-03
ACC-03124,CUST-04743,savings,2024-01-16
ACC-03125,CUST-03229,checking,2024-05-14
ACC-03126,CUST-01161,savings,2024-11-17
ACC-03127,CUST-03831,checking,2024-02-11
ACC-03128,CUST-04153,savings,2024-08-02
ACC-03129,CUST-04192,credit_card,2024-12-19
ACC-03130,CUST-04913,credit_card,2024-01-24
ACC-03131,CUST-03406,checking,2024-06-21
ACC-03132,CUST-00510,credit_card,2024-11-18
ACC-03133,CUST-01696,savings,2024-10-27
ACC-03134,CUST-01530,savings,2024-05-02
ACC-03135,CUST-01064,checking,2024-09-10
ACC-03136,CUST-04294,savings,2024-11-13
ACC-03137,CUST-00461,savings,2024-03-18
ACC-03138,CUST-00775,credit_card,2024-07-08
ACC-03139,CUST-01330,savings,2024-10-25
ACC-03140,CUST-01434,checking,2024-12-26
ACC-03141,CUST-02835,credit_card,2024-05-18
ACC-03142,CUST-04839,credit_card,2024-07-26
ACC-03143,CUST-03435,savings,2024-07-20
ACC-03144,CUST-04028,savings,2024-08-07
ACC-03145,CUST-00668,credit_card,2024-10-10
ACC-03146,CUST-03138,savings,2024-08-01
ACC-03147,CUST-04438,checking,2024-03-16
ACC-03148,CUST-01259,savings,2024-03-27
ACC-03149,CUST-00631,credit_card,2024-04-06
ACC-03150,CUST-02234,checking,2024-01-01
ACC-03151,CUST-00550,checking,2024-10-03
ACC-03152,CUST-03006,credit_card,2024-01-01
ACC-03153,CUST-02599,savings,2024-09-16
ACC-03154,CUST-00444,savings,2024-08-15
ACC-03155,CUST-02057,credit_card,2024-08-12
ACC-03156,CUST-02329,savings,2024-03-07
ACC-03157,CUST-00746,credit_card,2024-01-18
ACC-03158,CUST-02719,credit_card,2024-08-04
ACC-03159,CUST-01898,savings,2024-08-18
ACC-03160,CUST-04063,credit_card,2024-03-16
ACC-03161,CUST-03187,savings,2024-08-20
ACC-03162,CUST-01428,credit_card,2024-12-10
ACC-03163,CUST-00476,checking,2024-01-15
ACC-03164,CUST-01974,savings,2024-09-08
ACC-03165,CUST-04323,checking,2024-09-17
ACC-03166,CUST-00937,credit_card,2024-01-15
ACC-03167,CUST-00180,checking,2024-10-09
ACC-03168,CUST-02786,checking,2024-09-16
ACC-03169,CUST-02099,credit_card,2024-10-13
ACC-03170,CUST-03976,credit_card,2024-09-11
ACC-03171,CUST-03127,savings,2024-03-28
ACC-03172,CUST-01840,credit_card,2024-05-23
ACC-03173,CUST-04578,savings,2024-05-28
ACC-03174,CUST-00800,savings,2024-12-22
ACC-03175,CUST-02305,checking,2024-12-04
ACC-03176,CUST-00720,credit_card,2024-10-26
ACC-03177,CUST-01237,savings,2024-04-08
ACC-03178,CUST-04094,checking,2024-04-09
ACC-03179,CUST-04640,savings,2024-01-22
ACC-03180,CUST-04330,credit_card,2024-04-01
ACC-03181,CUST-00480,checking,2024-11-13
ACC-03182,CUST-03482,savings,2024-01-12
ACC-03183,CUST-01722,checking,2024-04-13
ACC-03184,CUST-03491,savings,2024-08-12
ACC-03185,CUST-00800,credit_card,2024-07-24
ACC-03186,CUST-01092,savings,2024-10-12
ACC-03187,CUST-04832,credit_card,2024-12-24
ACC-03188,CUST-01480,credit_card,2024-09-17
ACC-03189,CUST-03630,credit_card,2024-10-27
ACC-03190,CUST-03353,savings,2024-11-25
ACC-03191,CUST-01126,savings,2024-10-09
ACC-03192,CUST-02476,credit_card,2024-10-12
ACC-03193,CUST-00359,savings,2024-11-18
ACC-03194,CUST-00104,credit_card,2024-11-17
ACC-03195,CUST-00089,credit_card,2024-04-15
ACC-03196,CUST-00663,credit_card,2024-07-03
ACC-03197,CUST-01081,savings,2024-09-16
ACC-03198,CUST-00365,credit_card,2024-10-02
ACC-03199,CUST-01129,credit_card,2024-01-24
ACC-03200,CUST-04821,savings,2024-12-19
ACC-03201,CUST-02517,credit_card,2024-01-20
ACC-03202,CUST-00216,savings,2024-08-20
ACC-03203,CUST-04075,checking,2024-11-20
ACC-03204,CUST-03397,checking,2024-04-26
ACC-03205,CUST-01255,checking,2024-01-16
ACC-03206,CUST-03390,credit_card,2024-12-05
ACC-03207,CUST-03919,checking,2024-11-13
ACC-03208,CUST-04146,credit_card,2024-06-23
ACC-03209,CUST-02613,checking,2024-02-21
ACC-03210,CUST-01740,savings,2024-06-25
ACC-03211,CUST-01321,savings,2024-11-21
ACC-03212,CUST-00614,savings,2024-11-24
ACC-03213,CUST-02891,savings,2024-06-17
ACC-03214,CUST-03975,credit_card,2024-12-13
ACC-03215,CUST-04841,credit_card,2024-06-24
ACC-03216,CUST-02398,checking,2024-12-07
ACC-03217,CUST-03033,checking,2024-06-08
ACC-03218,CUST-02626,savings,2024-01-19
ACC-03219,CUST-01612,savings,2024-01-11
ACC-03220,CUST-03492,credit_card,2024-10-11
ACC-03221,CUST-03258,savings,2024-09-20
ACC-03222,CUST-03414,savings,2024-06-25
ACC-03223,CUST-03833,checking,2024-06-21
ACC-03224,CUST-03627,checking,2024-11-15
ACC-03225,CUST-03440,savings,2024-07-10
ACC-03226,CUST-03671,credit_card,2024-11-28
ACC-03227,CUST-02700,savings,2024-11-13
ACC-03228,CUST-02307,credit_card,2024-05-24
ACC-03229,CUST-03478,credit_card,2024-10-06
ACC-03230,CUST-00306,credit_card,2024-08-15
ACC-03231,CUST-01485,credit_card,2024-09-24
ACC-03232,CUST-04433,credit_card,2024-02-28
ACC-03233,CUST-02045,credit_card,2024-03-15
ACC-03234,CUST-04601,credit_card,2024-12-20
ACC-03235,CUST-02875,checking,2024-10-08
ACC-03236,CUST-04549,savings,2024-07-16
ACC-03237,CUST-03859,savings,2024-07-09
ACC-03238,CUST-01054,savings,2024-01-06
ACC-03239,CUST-01937,checking,2024-12-23
ACC-03240,CUST-00265,credit_card,2024-09-26
ACC-03241,CUST-01564,checking,2024-04-27
ACC-03242,CUST-01838,savings,2024-06-04
ACC-03243,CUST-02820,checking,2024-08-13
ACC-03244,CUST-03090,checking,2024-07-27
ACC-03245,CUST-01190,credit_card,2024-06-17
ACC-03246,CUST-00694,savings,2024-03-19
ACC-03247,CUST-03644,savings,2024-07-06
ACC-03248,CUST-02829,credit_card,2024-06-11
ACC-03249,CUST-04455,savings,2024-08-03
ACC-03250,CUST-02187,credit_card,2024-06-06
ACC-03251,CUST-03387,checking,2024-10-20
ACC-03252,CUST-00530,credit_card,2024-05-28
ACC-03253,CUST-00562,checking,2024-01-19
ACC-03254,CUST-03996,checking,2024-09-28
ACC-03255,CUST-01035,credit_card,2024-08-19
ACC-03256,CUST-02150,checking,2024-06-01
ACC-03257,CUST-04099,checking,2024-01-23
ACC-03258,CUST-00001,credit_card,2024-12-07
ACC-03259,CUST-02498,checking,2024-11-02
ACC-03260,CUST-04135,checking,2024-08-01
ACC-03261,CUST-04699,credit_card,2024-06-24
ACC-03262,CUST-00813,credit_card,2024-08-28
ACC-03263,CUST-03169,credit_card,2024-09-16
ACC-03264,CUST-03546,checking,2024-04-15
ACC-03265,CUST-02156,credit_card,2024-05-25
ACC-03266,CUST-00183,checking,2024-04-04
ACC-03267,CUST-02701,credit_card,2024-11-01
ACC-03268,CUST-01275,checking,2024-05-19
ACC-03269,CUST-01772,savings,2024-02-17
ACC-03270,CUST-00062,savings,2024-12-16
ACC-03271,CUST-03224,savings,2024-11-11
ACC-03272,CUST-02505,credit_card,2024-07-24
ACC-03273,CUST-00984,checking,2024-02-25
ACC-03274,CUST-01677,checking,2024-01-02
ACC-03275,CUST-00523,savings,2024-05-13
ACC-03276,CUST-01059,credit_card,2024-08-19
ACC-03277,CUST-03597,checking,2024-10-20
ACC-03278,CUST-02584,savings,2024-03-20
ACC-03279,CUST-03774,savings,2024-11-16
ACC-03280,CUST-02190,checking,2024-06-19
ACC-03281,CUST-00825,savings,2024-11-09
ACC-03282,CUST-00511,savings,2024-05-24
ACC-03283,CUST-02903,credit_card,2024-05-04
ACC-03284,CUST-03013,credit_card,2024-06-06
ACC-03285,CUST-00207,checking,2024-04-08
ACC-03286,CUST-04732,savings,2024-02-11
ACC-03287,CUST-01964,credit_card,2024-11-25
ACC-03288,CUST-04102,checking,2024-07-04
ACC-03289,CUST-00427,credit_card,2024-02-26
ACC-03290,CUST-04711,credit_card,2024-10-28
ACC-03291,CUST-04965,checking,2024-03-02
ACC-03292,CUST-02561,credit_card,2024-12-03
ACC-03293,CUST-03773,credit_card,2024-10-07
ACC-03294,CUST-01114,credit_card,2024-12-09
ACC-03295,CUST-01865,savings,2024-08-07
ACC-03296,CUST-01233,credit_card,2024-03-10
ACC-03297,CUST-04870,checking,2024-12-07
ACC-03298,CUST-03985,credit_card,2024-03-05
ACC-03299,CUST-03211,savings,2024-12-01
ACC-03300,CUST-04971,savings,2024-12-01
ACC-03301,CUST-00923,credit_card,2024-12-04
ACC-03302,CUST-04449,savings,2024-09-17
ACC-03303,CUST-02643,savings,2024-06-22
ACC-03304,CUST-00642,credit_card,2024-02-13
ACC-03305,CUST-00237,savings,2024-08-10
ACC-03306,CUST-00953,savings,2024-07-11
ACC-03307,CUST-03199,checking,2024-12-22
ACC-03308,CUST-02264,savings,2024-10-12
ACC-03309,CUST-03419,credit_card,2024-04-11
ACC-03310,CUST-04916,savings,2024-10-13
ACC-03311,CUST-01468,checking,2024-09-12
ACC-03312,CUST-04351,checking,2024-08-04
ACC-03313,CUST-00372,savings,2024-06-10
ACC-03314,CUST-03660,credit_card,2024-08-11
ACC-03315,CUST-02457,checking,2024-08-27
ACC-03316,CUST-01431,savings,2024-10-20
ACC-03317,CUST-04823,savings,2024-06-07
ACC-03318,CUST-03194,credit_card,2024-06-27
ACC-03319,CUST-03475,savings,2024-09-18
ACC-03320,CUST-01459,checking,2024-07-23
ACC-03321,CUST-00449,savings,2024-01-18
ACC-03322,CUST-01271,savings,2024-12-19
ACC-03323,CUST-03791,credit_card,2024-06-25
ACC-03324,CUST-02592,credit_card,2024-10-22
ACC-03325,CUST-02322,checking,2024-03-14
ACC-03326,CUST-01254,credit_card,2024-05-10
ACC-03327,CUST-03563,savings,2024-05-04
ACC-03328,CUST-02930,checking,2024-04-13
ACC-03329,CUST-04922,savings,2024-06-12
ACC-03330,CUST-04240,credit_card,2024-10-08
ACC-03331,CUST-04384,savings,2024-02-03
ACC-03332,CUST-01695,checking,2024-11-19
ACC-03333,CUST-03873,checking,2024-10-26
ACC-03334,CUST-04145,credit_card,2024-02-13
ACC-03335,CUST-04718,checking,2024-09-22
ACC-03336,CUST-02223,credit_card,2024-10-08
ACC-03337,CUST-03934,checking,2024-12-23
ACC-03338,CUST-01447,savings,2024-01-17
ACC-03339,CUST-01428,checking,2024-02-15
ACC-03340,CUST-04179,savings,2024-03-11
ACC-03341,CUST-04850,savings,2024-02-05
ACC-03342,CUST-01261,checking,2024-02-09
ACC-03343,CUST-04553,savings,2024-11-01
ACC-03344,CUST-04688,savings,2024-05-14
ACC-03345,CUST-01364,credit_card,2024-07-04
ACC-03346,CUST-00148,savings,2024-04-28
ACC-03347,CUST-02163,savings,2024-01-10
ACC-03348,CUST-03439,checking,2024-11-08
ACC-03349,CUST-00117,credit_card,2024-09-16
ACC-03350,CUST-00900,checking,2024-07-13
ACC-03351,CUST-04958,checking,2024-06-17
ACC-03352,CUST-01705,credit_card,2024-10-02
ACC-03353,CUST-00690,credit_card,2024-01-26
ACC-03354,CUST-01394,savings,2024-07-05
ACC-03355,CUST-04907,savings,2024-01-24
ACC-03356,CUST-04152,checking,2024-09-11
ACC-03357,CUST-01580,savings,2024-10-01
ACC-03358,CUST-03155,credit_card,2024-01-26
ACC-03359,CUST-03831,credit_card,2024-06-26
ACC-03360,CUST-02505,credit_card,2024-04-06
ACC-03361,CUST-02878,savings,2024-01-15
ACC-03362,CUST-02018,savings,2024-06-06
ACC-03363,CUST-00017,credit_card,2024-12-23
ACC-03364,CUST-04330,savings,2024-01-24
ACC-03365,CUST-01716,savings,2024-02-14
ACC-03366,CUST-03301,credit_card,2024-04-25
ACC-03367,CUST-04416,credit_card,2024-05-16
ACC-03368,CUST-00454,savings,2024-10-02
ACC-03369,CUST-03115,checking,2024-01-23
ACC-03370,CUST-00006,credit_card,2024-04-11
ACC-03371,CUST-00599,savings,2024-12-08
ACC-03372,CUST-02424,checking,2024-12-20
ACC-03373,CUST-03263,credit_card,2024-09-15
ACC-03374,CUST-00234,savings,2024-05-27
ACC-03375,CUST-04454,checking,2024-06-26
ACC-03376,CUST-02440,credit_card,2024-08-24
ACC-03377,CUST-04810,credit_card,2024-02-11
ACC-03378,CUST-01628,savings,2024-05-25
ACC-03379,CUST-02880,checking,2024-03-05
ACC-03380,CUST-02361,credit_card,2024-07-17
ACC-03381,CUST-03180,credit_card,2024-08-23
ACC-03382,CUST-02931,checking,2024-01-02
ACC-03383,CUST-02773,checking,2024-06-07
ACC-03384,CUST-01535,checking,2024-01-27
ACC-03385,CUST-02458,credit_card,2024-07-27
ACC-03386,CUST-03734,savings,2024-01-17
ACC-03387,CUST-03521,savings,2024-10-17
ACC-03388,CUST-02444,checking,2024-05-12
ACC-03389,CUST-03668,checking,2024-05-02
ACC-03390,CUST-03254,checking,2024-02-04
ACC-03391,CUST-04280,savings,2024-10-18
ACC-03392,CUST-02031,savings,2024-12-03
ACC-03393,CUST-04995,checking,2024-01-06
ACC-03394,CUST-03636,checking,2024-05-21
ACC-03395,CUST-04044,credit_card,2024-02-06
ACC-03396,CUST-02690,savings,2024-09-07
ACC-03397,CUST-03532,checking,2024-09-12
ACC-03398,CUST-04839,savings,2024-09-17
ACC-03399,CUST-03791,credit_card,2024-09-16
ACC-03400,CUST-04880,credit_card,2024-03-20
ACC-03401,CUST-00774,checking,2024-01-15
ACC-03402,CUST-02567,savings,2024-05-25
ACC-03403,CUST-04162,savings,2024-06-02
ACC-03404,CUST-01286,savings,2024-02-01
ACC-03405,CUST-03034,savings,2024-12-12
ACC-03406,CUST-02067,checking,2024-05-09
ACC-03407,CUST-02976,credit_card,2024-06-25
ACC-03408,CUST-00308,credit_card,2024-03-28
ACC-03409,CUST-03079,savings,2024-02-07
ACC-03410,CUST-02202,checking,2024-04-11
ACC-03411,CUST-01270,checking,2024-01-24
ACC-03412,CUST-01486,credit_card,2024-02-23
ACC-03413,CUST-01799,checking,2024-02-17
ACC-03414,CUST-02605,savings,2024-02-17
ACC-03415,CUST-03952,credit_card,2024-10-03
ACC-03416,CUST-04398,checking,2024-06-10
ACC-03417,CUST-00493,credit_card,2024-05-13
ACC-03418,CUST-00880,credit_card,2024-07-21
ACC-03419,CUST-02190,savings,2024-05-15
ACC-03420,CUST-03843,savings,2024-06-07
ACC-03421,CUST-01150,savings,2024-11-20
ACC-03422,CUST-00565,checking,2024-02-15
ACC-03423,CUST-00910,checking,2024-08-21
ACC-03424,CUST-03647,checking,2024-01-19
ACC-03425,CUST-01699,checking,2024-05-24
ACC-03426,CUST-00609,checking,2024-09-10
ACC-03427,CUST-00281,credit_card,2024-03-19
ACC-03428,CUST-01242,credit_card,2024-03-05
ACC-03429,CUST-00186,savings,2024-02-01
ACC-03430,CUST-03622,credit_card,2024-11-18
ACC-03431,CUST-01420,checking,2024-09-06
ACC-03432,CUST-03970,savings,2024-09-20
ACC-03433,CUST-02881,checking,2024-11-03
ACC-03434,CUST-04962,savings,2024-10-22
ACC-03435,CUST-00456,credit_card,2024-09-21
ACC-03436,CUST-03756,credit_card,2024-04-07
ACC-03437,CUST-03084,credit_card,2024-12-03
ACC-03438,CUST-04374,checking,2024-07-01
ACC-03439,CUST-04446,savings,2024-09-15
ACC-03440,CUST-03064,checking,2024-09-09
ACC-03441,CUST-01405,checking,2024-10-16
ACC-03442,CUST-04118,checking,2024-11-15
ACC-03443,CUST-03130,credit_card,2024-05-26
ACC-03444,CUST-04880,savings,2024-05-06
ACC-03445,CUST-03359,checking,2024-08-26
ACC-03446,CUST-04559,savings,2024-08-16
ACC-03447,CUST-04193,checking,2024-08-07
ACC-03448,CUST-01294,savings,2024-07-24
ACC-03449,CUST-01922,credit_card,2024-12-11
ACC-03450,CUST-00429,checking,2024-12-06
ACC-03451,CUST-00120,savings,2024-10-26
ACC-03452,CUST-02640,savings,2024-02-08
ACC-03453,CUST-04124,checking,2024-02-05
ACC-03454,CUST-04644,credit_card,2024-02-15
ACC-03455,CUST-01261,checking,2024-03-17
ACC-03456,CUST-03407,checking,2024-07-02
ACC-03457,CUST-02992,savings,2024-11-04
ACC-03458,CUST-04586,savings,2024-08-15
ACC-03459,CUST-03057,credit_card,2024-02-08
ACC-03460,CUST-03897,savings,2024-04-21
ACC-03461,CUST-02769,credit_card,2024-12-04
ACC-03462,CUST-01667,credit_card,2024-04-23
ACC-03463,CUST-02328,checking,2024-10-26
ACC-03464,CUST-02953,checking,2024-08-14
ACC-03465,CUST-01764,checking,2024-08-13
ACC-03466,CUST-01893,credit_card,2024-02-23
ACC-03467,CUST-00277,checking,2024-09-25
ACC-03468,CUST-00874,checking,2024-12-12
ACC-03469,CUST-00436,savings,2024-07-26
ACC-03470,CUST-00463,savings,2024-10-09
ACC-03471,CUST-00133,checking,2024-08-25
ACC-03472,CUST-03686,checking,2024-02-02
ACC-03473,CUST-02051,checking,2024-07-09
ACC-03474,CUST-03236,credit_card,2024-12-25
ACC-03475,CUST-04034,savings,2024-04-09
ACC-03476,CUST-01880,credit_card,2024-01-25
ACC-03477,CUST-04450,savings,2024-03-19
ACC-03478,CUST-03759,checking,2024-09-11
ACC-03479,CUST-04699,savings,2024-08-26
ACC-03480,CUST-02642,savings,2024-04-21
ACC-03481,CUST-04493,credit_card,2024-05-21
ACC-03482,CUST-02169,checking,2024-03-05
ACC-03483,CUST-03966,checking,2024-08-06
ACC-03484,CUST-01796,savings,2024-08-06
ACC-03485,CUST-00984,credit_card,2024-07-11
ACC-03486,CUST-04346,checking,2024-05-26
ACC-03487,CUST-04586,savings,2024-08-18
ACC-03488,CUST-01189,credit_card,2024-04-02
ACC-03489,CUST-03722,credit_card,2024-11-25
ACC-03490,CUST-03598,savings,2024-08-02
ACC-03491,CUST-02691,checking,2024-03-21
ACC-03492,CUST-02466,credit_card,2024-09-20
ACC-03493,CUST-03986,credit_card,2024-04-06
ACC-03494,CUST-01901,checking,2024-01-24
ACC-03495,CUST-02500,credit_card,2024-11-21
ACC-03496,CUST-01794,savings,2024-01-27
ACC-03497,CUST-04666,checking,2024-01-05
ACC-03498,CUST-00889,savings,2024-05-16
ACC-03499,CUST-01271,credit_card,2024-07-06
ACC-03500,CUST-00458,checking,2024-04-16
ACC-03501,CUST-02958,savings,2024-04-17
ACC-03502,CUST-02391,checking,2024-10-15
ACC-03503,CUST-01987,credit_card,2024-12-06
ACC-03504,CUST-01100,savings,2024-07-07
ACC-03505,CUST-04451,savings,2024-04-27
ACC-03506,CUST-03195,credit_card,2024-11-22
ACC-03507,CUST-01317,credit_card,2024-12-26
ACC-03508,CUST-03573,checking,2024-08-19
ACC-03509,CUST-01157,checking,2024-12-21
ACC-03510,CUST-04086,credit_card,2024-04-25
ACC-03511,CUST-03580,savings,2024-06-07
ACC-03512,CUST-02280,checking,2024-09-07
ACC-03513,CUST-00391,credit_card,2024-07-17
ACC-03514,CUST-00229,credit_card,2024-02-08
ACC-03515,CUST-04446,credit_card,2024-06-14
ACC-03516,CUST-01292,checking,2024-08-03
ACC-03517,CUST-00069,savings,2024-03-08
ACC-03518,CUST-00943,checking,2024-02-12
ACC-03519,CUST-00509,checking,2024-01-03
ACC-03520,CUST-00256,credit_card,2024-08-19
ACC-03521,CUST-01053,checking,2024-04-03
ACC-03522,CUST-03425,credit_card,2024-09-16
ACC-03523,CUST-03741,credit_card,2024-04-27
ACC-03524,CUST-01854,savings,2024-05-17
ACC-03525,CUST-02441,checking,2024-01-08
ACC-03526,CUST-04118,checking,2024-06-27
ACC-03527,CUST-03353,savings,2024-03-07
ACC-03528,CUST-04667,checking,2024-12-20
ACC-03529,CUST-03262,checking,2024-01-10
ACC-03530,CUST-04068,checking,2024-11-05
ACC-03531,CUST-02189,credit_card,2024-12-24
ACC-03532,CUST-04700,checking,2024-11-13
ACC-03533,CUST-01122,checking,2024-10-23
ACC-03534,CUST-03013,savings,2024-02-28
ACC-03535,CUST-03315,savings,2024-02-11
ACC-03536,CUST-01638,checking,2024-03-26
ACC-03537,CUST-03772,credit_card,2024-09-22
ACC-03538,CUST-02363,credit_card,2024-10-11
ACC-03539,CUST-03677,savings,2024-10-21
ACC-03540,CUST-00822,savings,2024-12-22
ACC-03541,CUST-00782,savings,2024-05-13
ACC-03542,CUST-01685,credit_card,2024-11-23
ACC-03543,CUST-00110,checking,2024-10-07
ACC-03544,CUST-01007,savings,2024-10-10
ACC-03545,CUST-03254,checking,2024-09-05
ACC-03546,CUST-03150,checking,2024-04-02
ACC-03547,CUST-02675,checking,2024-04-09
ACC-03548,CUST-03940,checking,2024-08-21
ACC-03549,CUST-00187,savings,2024-03-22
ACC-03550,CUST-00961,checking,2024-12-03
ACC-03551,CUST-03449,savings,2024-12-01
ACC-03552,CUST-03446,credit_card,2024-02-19
ACC-03553,CUST-03820,savings,2024-01-26
ACC-03554,CUST-01037,checking,2024-12-01
ACC-03555,CUST-02173,checking,2024-12-28
ACC-03556,CUST-01895,credit_card,2024-08-06
ACC-03557,CUST-04813,savings,2024-06-12
ACC-03558,CUST-04864,savings,2024-07-23
ACC-03559,CUST-01660,checking,2024-11-15
ACC-03560,CUST-02162,checking,2024-11-14
ACC-03561,CUST-04189,credit_card,2024-03-02
ACC-03562,CUST-04442,savings,2024-05-07
ACC-03563,CUST-03154,checking,2024-07-01
ACC-03564,CUST-00638,checking,2024-01-24
ACC-03565,CUST-04128,checking,2024-10-04
ACC-03566,CUST-03855,credit_card,2024-02-18
ACC-03567,CUST-00589,savings,2024-01-25
ACC-03568,CUST-00498,credit_card,2024-11-22
ACC-03569,CUST-00115,checking,2024-07-26
ACC-03570,CUST-00040,savings,2024-08-05
ACC-03571,CUST-01996,checking,2024-10-10
ACC-03572,CUST-01351,credit_card,2024-12-07
ACC-03573,CUST-02655,savings,2024-07-09
ACC-03574,CUST-00645,credit_card,2024-03-12
ACC-03575,CUST-00461,checking,2024-11-18
ACC-03576,CUST-02234,credit_card,2024-05-17
ACC-03577,CUST-04373,savings,2024-01-26
ACC-03578,CUST-03425,savings,2024-07-13
ACC-03579,CUST-03512,checking,2024-07-22
ACC-03580,CUST-04417,savings,2024-10-10
ACC-03581,CUST-03966,credit_card,2024-06-23
ACC-03582,CUST-00575,savings,2024-03-04
ACC-03583,CUST-01882,credit_card,2024-03-20
ACC-03584,CUST-02014,checking,2024-01-23
ACC-03585,CUST-00838,savings,2024-06-13
ACC-03586,CUST-03001,credit_card,2024-01-08
ACC-03587,CUST-01588,credit_card,2024-01-17
ACC-03588,CUST-02928,credit_card,2024-01-20
ACC-03589,CUST-01674,checking,2024-08-23
ACC-03590,CUST-01481,credit_card,2024-11-19
ACC-03591,CUST-02961,credit_card,2024-08-08
ACC-03592,CUST-02122,checking,2024-10-12
ACC-03593,CUST-04718,credit_card,2024-12-17
ACC-03594,CUST-01260,checking,2024-08-13
ACC-03595,CUST-02319,checking,2024-03-14
ACC-03596,CUST-01033,savings,2024-03-25
ACC-03597,CUST-00488,checking,2024-01-10
ACC-03598,CUST-02446,credit_card,2024-02-02
ACC-03599,CUST-04758,checking,2024-12-09
ACC-03600,CUST-04913,checking,2024-10-19
ACC-03601,CUST-01242,checking,2024-03-03
ACC-03602,CUST-01131,savings,2024-06-05
ACC-03603,CUST-01857,checking,2024-01-20
ACC-03604,CUST-04358,savings,2024-03-26
ACC-03605,CUST-02781,checking,2024-04-06
ACC-03606,CUST-04535,savings,2024-07-10
ACC-03607,CUST-02911,savings,2024-07-19
ACC-03608,CUST-03949,credit_card,2024-08-24
ACC-03609,CUST-01237,credit_card,2024-05-21
ACC-03610,CUST-04598,checking,2024-09-04
ACC-03611,CUST-04351,savings,2024-12-12
ACC-03612,CUST-04806,savings,2024-07-27
ACC-03613,CUST-04617,credit_card,2024-11-22
ACC-03614,CUST-02274,savings,2024-04-04
ACC-03615,CUST-04861,checking,2024-08-26
ACC-03616,CUST-00206,savings,2024-01-04
ACC-03617,CUST-00303,savings,2024-06-02
ACC-03618,CUST-01422,checking,2024-06-20
ACC-03619,CUST-00202,savings,2024-12-05
ACC-03620,CUST-01497,checking,2024-04-03
ACC-03621,CUST-00413,checking,2024-08-06
ACC-03622,CUST-01097,credit_card,2024-08-05
ACC-03623,CUST-03041,checking,2024-08-24
ACC-03624,CUST-01461,checking,2024-10-17
ACC-03625,CUST-00762,credit_card,2024-06-15
ACC-03626,CUST-01141,savings,2024-09-16
ACC-03627,CUST-01409,credit_card,2024-12-12
ACC-03628,CUST-02527,savings,2024-11-01
ACC-03629,CUST-03999,checking,2024-04-16
ACC-03630,CUST-04935,checking,2024-01-02
ACC-03631,CUST-02739,checking,2024-07-25
ACC-03632,CUST-02840,savings,2024-06-26
ACC-03633,CUST-04512,credit_card,2024-03-03
ACC-03634,CUST-00434,credit_card,2024-12-22
ACC-03635,CUST-03661,credit_card,2024-06-01
ACC-03636,CUST-01049,credit_card,2024-04-17
ACC-03637,CUST-00079,credit_card,2024-07-26
ACC-03638,CUST-02366,checking,2024-03-01
ACC-03639,CUST-00259,credit_card,2024-09-25
ACC-03640,CUST-01449,checking,2024-06-05
ACC-03641,CUST-03712,savings,2024-09-21
ACC-03642,CUST-04472,credit_card,2024-01-20
ACC-03643,CUST-04674,savings,2024-01-11
ACC-03644,CUST-02827,credit_card,2024-09-10
ACC-03645,CUST-04271,credit_card,2024-06-23
ACC-03646,CUST-04714,savings,2024-08-03
ACC-03647,CUST-01448,checking,2024-01-23
ACC-03648,CUST-01602,savings,2024-07-09
ACC-03649,CUST-01582,credit_card,2024-04-26
ACC-03650,CUST-03826,credit_card,2024-09-05
ACC-03651,CUST-03624,savings,2024-06-08
ACC-03652,CUST-00390,checking,2024-09-08
ACC-03653,CUST-00776,checking,2024-01-07
ACC-03654,CUST-02703,checking,2024-11-28
ACC-03655,CUST-03483,credit_card,2024-11-19
ACC-03656,CUST-01848,checking,2024-04-19
ACC-03657,CUST-04787,credit_card,2024-06-01
ACC-03658,CUST-00766,savings,2024-09-06
ACC-03659,CUST-02987,credit_card,2024-12-01
ACC-03660,CUST-04302,checking,2024-05-28
ACC-03661,CUST-03761,credit_card,2024-03-18
ACC-03662,CUST-00686,savings,2024-04-20
ACC-03663,CUST-03890,checking,2024-10-10
ACC-03664,CUST-01761,savings,2024-11-07
ACC-03665,CUST-03573,savings,2024-05-23
ACC-03666,CUST-00862,savings,2024-10-17
ACC-03667,CUST-00252,savings,2024-03-05
ACC-03668,CUST-03446,savings,2024-07-07
ACC-03669,CUST-04557,credit_card,2024-09-22
ACC-03670,CUST-04225,credit_card,2024-06-01
ACC-03671,CUST-02135,savings,2024-10-09
ACC-03672,CUST-01587,credit_card,2024-07-17
ACC-03673,CUST-00381,savings,2024-12-06
ACC-03674,CUST-04667,savings,2024-10-17
ACC-03675,CUST-02310,checking,2024-12-11
ACC-03676,CUST-03019,checking,2024-02-11
ACC-03677,CUST-03558,checking,2024-10-25
ACC-03678,CUST-00113,credit_card,2024-03-21
ACC-03679,CUST-03006,savings,2024-05-13
ACC-03680,CUST-00711,credit_card,2024-01-20
ACC-03681,CUST-01370,credit_card,2024-10-20
ACC-03682,CUST-00081,savings,2024-07-24
ACC-03683,CUST-04412,credit_card,2024-04-14
ACC-03684,CUST-02493,checking,2024-01-16
ACC-03685,CUST-04147,savings,2024-10-19
ACC-03686,CUST-01092,checking,2024-12-05
ACC-03687,CUST-01974,credit_card,2024-09-15
ACC-03688,CUST-01283,credit_card,2024-07-03
ACC-03689,CUST-01282,checking,2024-04-26
ACC-03690,CUST-00096,savings,2024-01-05
ACC-03691,CUST-02187,checking,2024-10-04
ACC-03692,CUST-01387,savings,2024-10-16
ACC-03693,CUST-02154,checking,2024-02-24
ACC-03694,CUST-02473,savings,2024-01-18
ACC-03695,CUST-04341,credit_card,2024-09-04
ACC-03696,CUST-04007,savings,2024-04-08
ACC-03697,CUST-00112,checking,2024-10-02
ACC-03698,CUST-01790,savings,2024-06-04
ACC-03699,CUST-01456,savings,2024-06-09
ACC-03700,CUST-03954,credit_card,2024-11-04
ACC-03701,CUST-02985,credit_card,2024-02-16
ACC-03702,CUST-00027,credit_card,2024-05-18
ACC-03703,CUST-01329,checking,2024-04-03
ACC-03704,CUST-01897,credit_card,2024-01-16
ACC-03705,CUST-01563,credit_card,2024-05-26
ACC-03706,CUST-00999,checking,2024-10-21
ACC-03707,CUST-03266,credit_card,2024-12-19
ACC-03708,CUST-04000,checking,2024-06-06
ACC-03709,CUST-00583,checking,2024-04-14
ACC-03710,CUST-02888,savings,2024-09-23
ACC-03711,CUST-02525,credit_card,2024-11-11
ACC-03712,CUST-02217,savings,2024-09-24
ACC-03713,CUST-04527,credit_card,2024-01-07
ACC-03714,CUST-04961,credit_card,2024-06-14
ACC-03715,CUST-02649,savings,2024-01-12
ACC-03716,CUST-00933,savings,2024-09-07
ACC-03717,CUST-01392,credit_card,2024-01-09
ACC-03718,CUST-00828,checking,2024-06-04
ACC-03719,CUST-03115,credit_card,2024-03-05
ACC-03720,CUST-02357,credit_card,2024-07-19
ACC-03721,CUST-02358,checking,2024-11-01
ACC-03722,CUST-03857,checking,2024-05-14
ACC-03723,CUST-01678,checking,2024-07-01
ACC-03724,CUST-03234,checking,2024-06-26
ACC-03725,CUST-02127,credit_card,2024-12-13
ACC-03726,CUST-02105,checking,2024-03-04
ACC-03727,CUST-00424,savings,2024-10-05
ACC-03728,CUST-00235,checking,2024-05-01
ACC-03729,CUST-03403,credit_card,2024-11-01
ACC-03730,CUST-03319,savings,2024-08-02
ACC-03731,CUST-04121,savings,2024-07-28
ACC-03732,CUST-01218,credit_card,2024-04-28
ACC-03733,CUST-04087,checking,2024-12-20
ACC-03734,CUST-03009,credit_card,2024-04-27
ACC-03735,CUST-00969,checking,2024-03-24
ACC-03736,CUST-03096,savings,2024-03-25
ACC-03737,CUST-04836,credit_card,2024-10-06
ACC-03738,CUST-01102,checking,2024-07-09
ACC-03739,CUST-00736,checking,2024-10-12
ACC-03740,CUST-04003,savings,2024-09-03
ACC-03741,CUST-02009,credit_card,2024-01-04
ACC-03742,CUST-02335,checking,2024-09-09
ACC-03743,CUST-04114,savings,2024-02-15
ACC-03744,CUST-03708,savings,2024-10-23
ACC-03745,CUST-02819,checking,2024-05-28
ACC-03746,CUST-02112,checking,2024-08-24
ACC-03747,CUST-01432,checking,2024-05-25
ACC-03748,CUST-00475,credit_card,2024-02-11
ACC-03749,CUST-00706,checking,2024-09-17
ACC-03750,CUST-01329,credit_card,2024-02-03
ACC-03751,CUST-01465,savings,2024-01-25
ACC-03752,CUST-01538,savings,2024-03-16
ACC-03753,CUST-00358,checking,2024-12-17
ACC-03754,CUST-01444,credit_card,2024-01-24
ACC-03755,CUST-04602,checking,2024-03-12
ACC-03756,CUST-02614,savings,2024-10-16
ACC-03757,CUST-03372,credit_card,2024-11-25
ACC-03758,CUST-00355,savings,2024-12-04
ACC-03759,CUST-03274,checking,2024-10-09
ACC-03760,CUST-03221,checking,2024-03-08
ACC-03761,CUST-01702,credit_card,2024-07-03
ACC-03762,CUST-04742,credit_card,2024-06-25
ACC-03763,CUST-04933,checking,2024-07-07
ACC-03764,CUST-03598,checking,2024-06-25
ACC-03765,CUST-00447,savings,2024-03-19
ACC-03766,CUST-00190,checking,2024-06-12
ACC-03767,CUST-04488,checking,2024-06-17
ACC-03768,CUST-02954,checking,2024-07-18
ACC-03769,CUST-01921,credit_card,2024-01-27
ACC-03770,CUST-02923,credit_card,2024-06-08
ACC-03771,CUST-03132,checking,2024-03-25
ACC-03772,CUST-00317,checking,2024-06-27
ACC-03773,CUST-03587,credit_card,2024-02-01
ACC-03774,CUST-04349,credit_card,2024-05-28
ACC-03775,CUST-02050,savings,2024-07-25
ACC-03776,CUST-04685,checking,2024-12-03
ACC-03777,CUST-03722,checking,2024-01-03
ACC-03778,CUST-04898,credit_card,2024-08-16
ACC-03779,CUST-04538,credit_card,2024-07-21
ACC-03780,CUST-02474,credit_card,2024-03-10
ACC-03781,CUST-00720,credit_card,2024-04-10
ACC-03782,CUST-02160,savings,2024-11-07
ACC-03783,CUST-01523,checking,2024-02-10
ACC-03784,CUST-01595,checking,2024-01-23
ACC-03785,CUST-04291,credit_card,2024-06-20
ACC-03786,CUST-03801,savings,2024-09-07
ACC-03787,CUST-03613,savings,2024-04-19
ACC-03788,CUST-01952,savings,2024-05-03
ACC-03789,CUST-01405,savings,2024-08-28
ACC-03790,CUST-04061,credit_card,2024-04-27
ACC-03791,CUST-02657,checking,2024-06-15
ACC-03792,CUST-04053,credit_card,2024-07-10
ACC-03793,CUST-03875,checking,2024-01-01
ACC-03794,CUST-01426,checking,2024-02-19
ACC-03795,CUST-03714,credit_card,2024-03-24
ACC-03796,CUST-02734,credit_card,2024-05-27
ACC-03797,CUST-04146,savings,2024-07-25
ACC-03798,CUST-02868,credit_card,2024-05-19
ACC-03799,CUST-01671,checking,2024-05-17
ACC-03800,CUST-00875,savings,2024-03-23
ACC-03801,CUST-01371,checking,2024-10-09
ACC-03802,CUST-02509,credit_card,2024-11-10
ACC-03803,CUST-00294,checking,2024-04-20
ACC-03804,CUST-02235,credit_card,2024-10-10
ACC-03805,CUST-04327,credit_card,2024-03-03
ACC-03806,CUST-01323,savings,2024-10-18
ACC-03807,CUST-01501,savings,2024-05-12
ACC-03808,CUST-01085,checking,2024-01-05
ACC-03809,CUST-03814,checking,2024-03-24
ACC-03810,CUST-00536,checking,2024-01-26
ACC-03811,CUST-03893,savings,2024-11-04
ACC-03812,CUST-04003,credit_card,2024-04-25
ACC-03813,CUST-04943,credit_card,2024-01-05
ACC-03814,CUST-03635,savings,2024-02-01
ACC-03815,CUST-04601,credit_card,2024-12-24
ACC-03816,CUST-00936,checking,2024-04-08
ACC-03817,CUST-01598,savings,2024-06-17
ACC-03818,CUST-02120,checking,2024-05-10
ACC-03819,CUST-02758,checking,2024-03-13
ACC-03820,CUST-01940,savings,2024-04-21
ACC-03821,CUST-03738,checking,2024-09-09
ACC-03822,CUST-00312,credit_card,2024-02-04
ACC-03823,CUST-04892,checking,2024-12-22
ACC-03824,CUST-04530,savings,2024-05-17
ACC-03825,CUST-01502,savings,2024-08-16
ACC-03826,CUST-02229,credit_card,2024-07-05
ACC-03827,CUST-04994,credit_card,2024-11-09
ACC-03828,CUST-00413,checking,2024-01-19
ACC-03829,CUST-00814,savings,2024-05-25
ACC-03830,CUST-04168,checking,2024-12-04
ACC-03831,CUST-03810,checking,2024-08-23
ACC-03832,CUST-02845,credit_card,2024-01-10
ACC-03833,CUST-02424,checking,2024-01-23
ACC-03834,CUST-00401,checking,2024-10-01
ACC-03835,CUST-00873,credit_card,2024-07-20
ACC-03836,CUST-02894,checking,2024-05-19
ACC-03837,CUST-04832,credit_card,2024-02-21
ACC-03838,CUST-03178,savings,2024-04-10
ACC-03839,CUST-00699,savings,2024-02-12
ACC-03840,CUST-00720,checking,2024-03-06
ACC-03841,CUST-04354,savings,2024-07-25
ACC-03842,CUST-04262,checking,2024-02-25
ACC-03843,CUST-04945,credit_card,2024-06-07
ACC-03844,CUST-01920,savings,2024-06-27
ACC-03845,CUST-04116,savings,2024-11-02
ACC-03846,CUST-02865,savings,2024-02-13
ACC-03847,CUST-03256,checking,2024-02-09
ACC-03848,CUST-03283,credit_card,2024-06-27
ACC-03849,CUST-01988,checking,2024-10-01
ACC-03850,CUST-03963,savings,2024-05-17
ACC-03851,CUST-03462,credit_card,2024-07-17
ACC-03852,CUST-03447,savings,2024-05-16
ACC-03853,CUST-04133,credit_card,2024-07-11
ACC-03854,CUST-03770,checking,2024-06-18
ACC-03855,CUST-03397,checking,2024-11-11
ACC-03856,CUST-02344,savings,2024-06-24
ACC-03857,CUST-00829,savings,2024-10-11
ACC-03858,CUST-04178,savings,2024-04-20
ACC-03859,CUST-02733,savings,2024-05-16
ACC-03860,CUST-04526,checking,2024-10-03
ACC-03861,CUST-04583,checking,2024-08-15
ACC-03862,CUST-01985,savings,2024-02-09
ACC-03863,CUST-00020,checking,2024-11-27
ACC-03864,CUST-00651,savings,2024-01-19
ACC-03865,CUST-00883,savings,2024-04-22
ACC-03866,CUST-02735,savings,2024-06-22
ACC-03867,CUST-03288,savings,2024-02-11
ACC-03868,CUST-00071,credit_card,2024-01-20
ACC-03869,CUST-00356,credit_card,2024-01-13
ACC-03870,CUST-02657,checking,2024-10-08
ACC-03871,CUST-01031,checking,2024-06-24
ACC-03872,CUST-01383,savings,2024-05-28
ACC-03873,CUST-04094,checking,2024-01-20
ACC-03874,CUST-00321,checking,2024-05-02
ACC-03875,CUST-00004,checking,2024-02-03
ACC-03876,CUST-00864,credit_card,2024-09-12
ACC-03877,CUST-04853,checking,2024-03-18
ACC-03878,CUST-00617,checking,2024-03-11
ACC-03879,CUST-04763,savings,2024-11-01
ACC-03880,CUST-00232,credit_card,2024-12-04
ACC-03881,CUST-00167,checking,2024-10-28
ACC-03882,CUST-04399,checking,2024-09-09
ACC-03883,CUST-00940,checking,2024-12-07
ACC-03884,CUST-01702,credit_card,2024-10-18
ACC-03885,CUST-02547,savings,2024-08-09
ACC-03886,CUST-00438,checking,2024-10-19
ACC-03887,CUST-04803,savings,2024-09-10
ACC-03888,CUST-03867,checking,2024-10-23
ACC-03889,CUST-02755,credit_card,2024-04-08
ACC-03890,CUST-01675,credit_card,2024-09-05
ACC-03891,CUST-00395,savings,2024-01-08
ACC-03892,CUST-00188,checking,2024-10-28
ACC-03893,CUST-00759,credit_card,2024-01-07
ACC-03894,CUST-01433,savings,2024-05-17
ACC-03895,CUST-04301,credit_card,2024-04-24
ACC-03896,CUST-01951,credit_card,2024-07-03
ACC-03897,CUST-04991,checking,2024-01-12
ACC-03898,CUST-03651,savings,2024-09-26
ACC-03899,CUST-01690,savings,2024-07-07
ACC-03900,CUST-04892,checking,2024-02-02
ACC-03901,CUST-04198,savings,2024-11-24
ACC-03902,CUST-03030,checking,2024-09-25
ACC-03903,CUST-04402,savings,2024-07-23
ACC-03904,CUST-03373,credit_card,2024-07-03
ACC-03905,CUST-03526,credit_card,2024-10-06
ACC-03906,CUST-03248,credit_card,2024-04-01
ACC-03907,CUST-04690,credit_card,2024-05-08
ACC-03908,CUST-01776,savings,2024-08-01
ACC-03909,CUST-04930,checking,2024-07-25
ACC-03910,CUST-04966,credit_card,2024-05-07
ACC-03911,CUST-02401,checking,2024-05-18
ACC-03912,CUST-03436,credit_card,2024-06-04
ACC-03913,CUST-03275,savings,2024-11-05
ACC-03914,CUST-00347,checking,2024-11-23
ACC-03915,CUST-03621,savings,2024-10-10
ACC-03916,CUST-02802,credit_card,2024-11-08
ACC-03917,CUST-03654,checking,2024-04-20
ACC-03918,CUST-02583,checking,2024-02-24
ACC-03919,CUST-01185,credit_card,2024-11-05
ACC-03920,CUST-03473,checking,2024-01-04
ACC-03921,CUST-00579,credit_card,2024-06-07
ACC-03922,CUST-04369,checking,2024-01-11
ACC-03923,CUST-04734,checking,2024-08-09
ACC-03924,CUST-04796,credit_card,2024-12-06
ACC-03925,CUST-04400,credit_card,2024-07-16
ACC-03926,CUST-04425,credit_card,2024-05-10
ACC-03927,CUST-04970,checking,2024-02-19
ACC-03928,CUST-01071,credit_card,2024-08-12
ACC-03929,CUST-01868,checking,2024-04-08
ACC-03930,CUST-03550,checking,2024-10-03
ACC-03931,CUST-01026,savings,2024-11-12
ACC-03932,CUST-04913,credit_card,2024-01-01
ACC-03933,CUST-00236,savings,2024-12-09
ACC-03934,CUST-01482,checking,2024-02-17
ACC-03935,CUST-02618,savings,2024-06-15
ACC-03936,CUST-04592,checking,2024-04-15
ACC-03937,CUST-03452,credit_card,2024-10-22
ACC-03938,CUST-04382,savings,2024-08-05
ACC-03939,CUST-00824,checking,2024-05-18
ACC-03940,CUST-00516,savings,2024-11-20
ACC-03941,CUST-02068,checking,2024-02-20
ACC-03942,CUST-02976,credit_card,2024-07-23
ACC-03943,CUST-01908,savings,2024-07-25
ACC-03944,CUST-04155,checking,2024-01-13
ACC-03945,CUST-03638,checking,2024-04-19
ACC-03946,CUST-00763,credit_card,2024-12-20
ACC-03947,CUST-01373,checking,2024-03-28
ACC-03948,CUST-01851,savings,2024-03-01
ACC-03949,CUST-02897,savings,2024-04-12
ACC-03950,CUST-04128,savings,2024-02-19
ACC-03951,CUST-01844,credit_card,2024-10-17
ACC-03952,CUST-04664,credit_card,2024-12-18
ACC-03953,CUST-04470,checking,2024-09-05
ACC-03954,CUST-02214,savings,2024-02-22
ACC-03955,CUST-02456,checking,2024-10-08
ACC-03956,CUST-00481,credit_card,2024-09-20
ACC-03957,CUST-02547,checking,2024-08-21
ACC-03958,CUST-03132,savings,2024-03-08
ACC-03959,CUST-02027,savings,2024-08-16
ACC-03960,CUST-00890,credit_card,2024-08-05
ACC-03961,CUST-02918,savings,2024-03-26
ACC-03962,CUST-00127,credit_card,2024-08-05
ACC-03963,CUST-02778,savings,2024-09-17
ACC-03964,CUST-03944,savings,2024-05-24
ACC-03965,CUST-01530,savings,2024-09-14
ACC-03966,CUST-00755,checking,2024-02-27
ACC-03967,CUST-02578,credit_card,2024-01-04
ACC-03968,CUST-00442,checking,2024-02-01
ACC-03969,CUST-00617,credit_card,2024-07-01
ACC-03970,CUST-02581,credit_card,2024-06-12
ACC-03971,CUST-04665,credit_card,2024-04-11
ACC-03972,CUST-01350,checking,2024-05-03
ACC-03973,CUST-02233,checking,2024-09-01
ACC-03974,CUST-04307,credit_card,2024-06-21
ACC-03975,CUST-01648,credit_card,2024-04-20
ACC-03976,CUST-01364,checking,2024-04-14
ACC-03977,CUST-02331,credit_card,2024-05-07
ACC-03978,CUST-01566,credit_card,2024-07-09
ACC-03979,CUST-01803,credit_card,2024-12-23
ACC-03980,CUST-01176,checking,2024-02-15
ACC-03981,CUST-01159,credit_card,2024-03-08
ACC-03982,CUST-00687,checking,2024-01-12
ACC-03983,CUST-03022,checking,2024-06-03
ACC-03984,CUST-04169,checking,2024-01-23
ACC-03985,CUST-04972,checking,2024-01-17
ACC-03986,CUST-04158,credit_card,2024-06-24
ACC-03987,CUST-02217,checking,2024-03-11
ACC-03988,CUST-02647,checking,2024-01-27
ACC-03989,CUST-04229,savings,2024-09-14
ACC-03990,CUST-00533,checking,2024-02-07
ACC-03991,CUST-03728,savings,2024-07-11
ACC-03992,CUST-01853,savings,2024-04-27
ACC-03993,CUST-04878,savings,2024-07-23
ACC-03994,CUST-02049,checking,2024-11-10
ACC-03995,CUST-02487,savings,2024-01-02
ACC-03996,CUST-02791,savings,2024-09-08
ACC-03997,CUST-01124,checking,2024-05-20
ACC-03998,CUST-03922,checking,2024-09-09
ACC-03999,CUST-00886,checking,2024-02-22
ACC-04000,CUST-03066,checking,2024-08-21
ACC-04001,CUST-01994,credit_card,2024-10-08
ACC-04002,CUST-02121,checking,2024-12-15
ACC-04003,CUST-03359,checking,2024-12-21
ACC-04004,CUST-00798,credit_card,2024-09-26
ACC-04005,CUST-02115,checking,2024-02-11
ACC-04006,CUST-01363,savings,2024-11-03
ACC-04007,CUST-03898,checking,2024-03-19
ACC-04008,CUST-00336,credit_card,2024-12-01
ACC-04009,CUST-00589,credit_card,2024-08-16
ACC-04010,CUST-01678,checking,2024-08-02
ACC-04011,CUST-01913,checking,2024-12-14
ACC-04012,CUST-00601,credit_card,2024-02-14
ACC-04013,CUST-04456,credit_card,2024-09-16
ACC-04014,CUST-03694,checking,2024-12-24
ACC-04015,CUST-00015,savings,2024-01-17
ACC-04016,CUST-04433,savings,2024-08-28
ACC-04017,CUST-04324,savings,2024-07-10
ACC-04018,CUST-04804,checking,2024-05-01
ACC-04019,CUST-03945,savings,2024-10-05
ACC-04020,CUST-03897,checking,2024-04-26
ACC-04021,CUST-02876,credit_card,2024-01-18
ACC-04022,CUST-02158,credit_card,2024-06-23
ACC-04023,CUST-01838,savings,2024-11-07
ACC-04024,CUST-00946,checking,2024-05-05
ACC-04025,CUST-04907,credit_card,2024-01-08
ACC-04026,CUST-02403,savings,2024-06-26
ACC-04027,CUST-04846,savings,2024-07-28
ACC-04028,CUST-01492,credit_card,2024-04-18
ACC-04029,CUST-04441,credit_card,2024-12-02
ACC-04030,CUST-02221,credit_card,2024-08-16
ACC-04031,CUST-00463,credit_card,2024-12-05
ACC-04032,CUST-01502,savings,2024-12-24
ACC-04033,CUST-04636,savings,2024-07-08
ACC-04034,CUST-03618,checking,2024-02-05
ACC-04035,CUST-04946,checking,2024-09-08
ACC-04036,CUST-00523,savings,2024-08-08
ACC-04037,CUST-04093,credit_card,2024-01-22
ACC-04038,CUST-00672,savings,2024-02-03
ACC-04039,CUST-03207,savings,2024-05-05
ACC-04040,CUST-01114,credit_card,2024-07-16
ACC-04041,CUST-00335,checking,2024-08-20
ACC-04042,CUST-04476,credit_card,2024-04-16
ACC-04043,CUST-03883,credit_card,2024-03-23
ACC-04044,CUST-00609,credit_card,2024-11-20
ACC-04045,CUST-02238,checking,2024-05-22
ACC-04046,CUST-04152,credit_card,2024-02-09
ACC-04047,CUST-00532,savings,2024-09-24
ACC-04048,CUST-01161,credit_card,2024-06-17
ACC-04049,CUST-01228,savings,2024-05-21
ACC-04050,CUST-02082,credit_card,2024-12-13
ACC-04051,CUST-03558,checking,2024-04-07
ACC-04052,CUST-00428,checking,2024-11-04
ACC-04053,CUST-02605,checking,2024-02-18
ACC-04054,CUST-00769,credit_card,2024-10-24
ACC-04055,CUST-02992,savings,2024-09-21
ACC-04056,CUST-02720,credit_card,2024-02-08
ACC-04057,CUST-01853,savings,2024-10-09
ACC-04058,CUST-01372,checking,2024-11-11
ACC-04059,CUST-01919,credit_card,2024-06-28
ACC-04060,CUST-03878,checking,2024-12-17
ACC-04061,CUST-03407,checking,2024-08-03
ACC-04062,CUST-02240,checking,2024-09-23
ACC-04063,CUST-03221,savings,2024-02-05
ACC-04064,CUST-03464,checking,2024-02-05
ACC-04065,CUST-04432,savings,2024-01-12
ACC-04066,CUST-02778,credit_card,2024-04-09
ACC-04067,CUST-01540,credit_card,2024-10-01
ACC-04068,CUST-04835,credit_card,2024-07-16
ACC-04069,CUST-04501,credit_card,2024-12-27
ACC-04070,CUST-03256,credit_card,2024-06-21
ACC-04071,CUST-00067,credit_card,2024-11-12
ACC-04072,CUST-03522,savings,2024-03-27
ACC-04073,CUST-03954,savings,2024-01-17
ACC-04074,CUST-00012,savings,2024-02-24
ACC-04075,CUST-04247,checking,2024-11-17
ACC-04076,CUST-02970,credit_card,2024-02-22
ACC-04077,CUST-02169,credit_card,2024-11-01
ACC-04078,CUST-00428,checking,2024-08-19
ACC-04079,CUST-01084,savings,2024-08-20
ACC-04080,CUST-03152,checking,2024-01-16
ACC-04081,CUST-03571,savings,2024-12-17
ACC-04082,CUST-02876,savings,2024-11-01
ACC-04083,CUST-02813,checking,2024-02-26
ACC-04084,CUST-03012,savings,2024-06-23
ACC-04085,CUST-04004,checking,2024-03-17
ACC-04086,CUST-00196,credit_card,2024-06-25
ACC-04087,CUST-03341,credit_card,2024-01-14
ACC-04088,CUST-00797,checking,2024-05-18
ACC-04089,CUST-04436,savings,2024-01-27
ACC-04090,CUST-00908,credit_card,2024-12-19
ACC-04091,CUST-00614,savings,2024-06-10
ACC-04092,CUST-02105,savings,2024-09-23
ACC-04093,CUST-01469,credit_card,2024-04-05
ACC-04094,CUST-04335,credit_card,2024-05-09
ACC-04095,CUST-00037,checking,2024-01-16
ACC-04096,CUST-00559,credit_card,2024-01-08
ACC-04097,CUST-04779,checking,2024-06-08
ACC-04098,CUST-03114,credit_card,2024-06-01
ACC-04099,CUST-04780,credit_card,2024-07-04
ACC-04100,CUST-00951,credit_card,2024-02-16
ACC-04101,CUST-01853,credit_card,2024-10-18
ACC-04102,CUST-02662,credit_card,2024-06-25
ACC-04103,CUST-00903,savings,2024-03-05
ACC-04104,CUST-01925,credit_card,2024-05-13
ACC-04105,CUST-00809,credit_card,2024-04-10
ACC-04106,CUST-02337,credit_card,2024-02-09
ACC-04107,CUST-01814,checking,2024-09-19
ACC-04108,CUST-01009,credit_card,2024-12-14
ACC-04109,CUST-00749,savings,2024-07-06
ACC-04110,CUST-02358,savings,2024-04-03
ACC-04111,CUST-01174,checking,2024-03-12
ACC-04112,CUST-01036,credit_card,2024-02-07
ACC-04113,CUST-04606,credit_card,2024-03-26
ACC-04114,CUST-01434,credit_card,2024-09-05
ACC-04115,CUST-04100,credit_card,2024-04-26
ACC-04116,CUST-02029,savings,2024-01-18
ACC-04117,CUST-00034,savings,2024-01-09
ACC-04118,CUST-01625,checking,2024-02-02
ACC-04119,CUST-03378,credit_card,2024-06-22
ACC-04120,CUST-04793,credit_card,2024-03-27
ACC-04121,CUST-03299,credit_card,2024-07-08
ACC-04122,CUST-04000,savings,2024-12-28
ACC-04123,CUST-00118,credit_card,2024-07-28
ACC-04124,CUST-02299,credit_card,2024-08-09
ACC-04125,CUST-03038,checking,2024-08-04
ACC-04126,CUST-04784,savings,2024-02-13
ACC-04127,CUST-02817,credit_card,2024-09-27
ACC-04128,CUST-00008,savings,2024-10-07
ACC-04129,CUST-04614,checking,2024-12-02
ACC-04130,CUST-03189,credit_card,2024-10-10
ACC-04131,CUST-04285,checking,2024-08-20
ACC-04132,CUST-03944,savings,2024-04-12
ACC-04133,CUST-01610,credit_card,2024-01-06
ACC-04134,CUST-03911,credit_card,2024-04-27
ACC-04135,CUST-01738,credit_card,2024-02-04
ACC-04136,CUST-00402,savings,2024-02-22
ACC-04137,CUST-01269,checking,2024-02-23
ACC-04138,CUST-01697,savings,2024-08-13
ACC-04139,CUST-01952,credit_card,2024-04-04
ACC-04140,CUST-03475,credit_card,2024-08-15
ACC-04141,CUST-02928,checking,2024-11-18
ACC-04142,CUST-00726,checking,2024-05-07
ACC-04143,CUST-02905,checking,2024-04-20
ACC-04144,CUST-04996,savings,2024-03-07
ACC-04145,CUST-01226,credit_card,2024-10-17
ACC-04146,CUST-01677,checking,2024-04-13
ACC-04147,CUST-00440,savings,2024-02-19
ACC-04148,CUST-03386,savings,2024-12-13
ACC-04149,CUST-02362,credit_card,2024-12-17
ACC-04150,CUST-02275,credit_card,2024-11-05
ACC-04151,CUST-04405,checking,2024-08-24
ACC-04152,CUST-04626,credit_card,2024-09-06
ACC-04153,CUST-01766,savings,2024-12-28
ACC-04154,CUST-00855,credit_card,2024-03-07
ACC-04155,CUST-01196,checking,2024-12-08
ACC-04156,CUST-03959,credit_card,2024-11-11
ACC-04157,CUST-02699,savings,2024-07-05
ACC-04158,CUST-01069,checking,2024-06-18
ACC-04159,CUST-02871,checking,2024-06-03
ACC-04160,CUST-00554,credit_card,2024-05-06
ACC-04161,CUST-00097,checking,2024-08-01
ACC-04162,CUST-00743,credit_card,2024-11-06
ACC-04163,CUST-01920,checking,2024-10-26
ACC-04164,CUST-02020,checking,2024-12-01
ACC-04165,CUST-01255,checking,2024-11-01
ACC-04166,CUST-01977,checking,2024-01-21
ACC-04167,CUST-02795,credit_card,2024-04-05
ACC-04168,CUST-04222,checking,2024-07-14
ACC-04169,CUST-01879,checking,2024-10-17
ACC-04170,CUST-03546,credit_card,2024-07-08
ACC-04171,CUST-03819,savings,2024-04-11
ACC-04172,CUST-01703,savings,2024-05-11
ACC-04173,CUST-00609,checking,2024-05-01
ACC-04174,CUST-00588,checking,2024-03-08
ACC-04175,CUST-01608,credit_card,2024-01-20
ACC-04176,CUST-04347,savings,2024-04-13
ACC-04177,CUST-04839,savings,2024-08-27
ACC-04178,CUST-03184,credit_card,2024-08-21
ACC-04179,CUST-00074,credit_card,2024-05-23
ACC-04180,CUST-02794,savings,2024-05-03
ACC-04181,CUST-02621,credit_card,2024-10-15
ACC-04182,CUST-01442,credit_card,2024-05-03
ACC-04183,CUST-03095,credit_card,2024-09-18
ACC-04184,CUST-02819,credit_card,2024-05-01
ACC-04185,CUST-04862,checking,2024-06-16
ACC-04186,CUST-01874,credit_card,2024-10-19
ACC-04187,CUST-01152,savings,2024-05-05
ACC-04188,CUST-04959,credit_card,2024-03-01
ACC-04189,CUST-03858,savings,2024-01-21
ACC-04190,CUST-04633,savings,2024-12-11
ACC-04191,CUST-03289,savings,2024-05-17
ACC-04192,CUST-00422,credit_card,2024-07-24
ACC-04193,CUST-01355,savings,2024-12-08
ACC-04194,CUST-00548,checking,2024-12-26
ACC-04195,CUST-00784,credit_card,2024-04-06
ACC-04196,CUST-04394,checking,2024-08-20
ACC-04197,CUST-04854,checking,2024-09-18
ACC-04198,CUST-03259,savings,2024-05-16
ACC-04199,CUST-03763,credit_card,2024-02-12
ACC-04200,CUST-04704,savings,2024-03-25
ACC-04201,CUST-00990,checking,2024-03-23
ACC-04202,CUST-00461,checking,2024-06-22
ACC-04203,CUST-02657,savings,2024-12-16
ACC-04204,CUST-01868,checking,2024-10-11
ACC-04205,CUST-01649,savings,2024-07-19
ACC-04206,CUST-04767,savings,2024-09-12
ACC-04207,CUST-02166,savings,2024-07-03
ACC-04208,CUST-02850,credit_card,2024-08-07
ACC-04209,CUST-02671,checking,2024-09-15
ACC-04210,CUST-04930,credit_card,2024-02-11
ACC-04211,CUST-01174,savings,2024-09-09
ACC-04212,CUST-04413,credit_card,2024-09-06
ACC-04213,CUST-03877,savings,2024-01-15
ACC-04214,CUST-02153,credit_card,2024-03-26
ACC-04215,CUST-03592,checking,2024-10-12
ACC-04216,CUST-02280,checking,2024-02-02
ACC-04217,CUST-00737,savings,2024-11-04
ACC-04218,CUST-02473,checking,2024-08-12
ACC-04219,CUST-02640,credit_card,2024-07-13
ACC-04220,CUST-04023,savings,2024-10-07
ACC-04221,CUST-02316,savings,2024-10-14
ACC-04222,CUST-04296,savings,2024-07-06
ACC-04223,CUST-03181,credit_card,2024-08-23
ACC-04224,CUST-02485,checking,2024-07-24
ACC-04225,CUST-00281,checking,2024-06-20
ACC-04226,CUST-03901,savings,2024-09-22
ACC-04227,CUST-04586,credit_card,2024-09-16
ACC-04228,CUST-03233,checking,2024-03-11
ACC-04229,CUST-02704,credit_card,2024-03-25
ACC-04230,CUST-04941,checking,2024-05-10
ACC-04231,CUST-02453,savings,2024-07-03
ACC-04232,CUST-00513,credit_card,2024-12-25
ACC-04233,CUST-01912,checking,2024-09-15
ACC-04234,CUST-03986,savings,2024-05-16
ACC-04235,CUST-01868,savings,2024-01-15
ACC-04236,CUST-03153,savings,2024-05-16
ACC-04237,CUST-00323,checking,2024-06-20
ACC-04238,CUST-03496,checking,2024-09-13
ACC-04239,CUST-03912,credit_card,2024-07-12
ACC-04240,CUST-01183,savings,2024-09-11
ACC-04241,CUST-00935,savings,2024-02-13
ACC-04242,CUST-00404,savings,2024-04-12
ACC-04243,CUST-00596,savings,2024-03-23
ACC-04244,CUST-00181,savings,2024-10-08
ACC-04245,CUST-04298,checking,2024-06-06
ACC-04246,CUST-04755,checking,2024-07-13
ACC-04247,CUST-01641,savings,2024-08-21
ACC-04248,CUST-00596,savings,2024-07-27
ACC-04249,CUST-02241,checking,2024-09-07
ACC-04250,CUST-01862,checking,2024-03-15
ACC-04251,CUST-02032,credit_card,2024-06-16
ACC-04252,CUST-03980,savings,2024-01-17
ACC-04253,CUST-02019,checking,2024-06-22
ACC-04254,CUST-03582,checking,2024-03-21
ACC-04255,CUST-03107,checking,2024-04-08
ACC-04256,CUST-02823,savings,2024-07-07
ACC-04257,CUST-00489,credit_card,2024-02-17
ACC-04258,CUST-03576,savings,2024-07-04
ACC-04259,CUST-03530,checking,2024-09-04
ACC-04260,CUST-01291,credit_card,2024-08-22
ACC-04261,CUST-03082,checking,2024-11-04
ACC-04262,CUST-01312,credit_card,2024-07-01
ACC-04263,CUST-02159,checking,2024-07-02
ACC-04264,CUST-03739,checking,2024-03-25
ACC-04265,CUST-02327,credit_card,2024-11-26
ACC-04266,CUST-01704,credit_card,2024-09-25
ACC-04267,CUST-04342,credit_card,2024-03-13
ACC-04268,CUST-00706,savings,2024-05-07
ACC-04269,CUST-01949,checking,2024-05-04
ACC-04270,CUST-01701,checking,2024-05-26
ACC-04271,CUST-01811,checking,2024-02-02
ACC-04272,CUST-02277,savings,2024-04-22
ACC-04273,CUST-02686,savings,2024-10-05
ACC-04274,CUST-00077,checking,2024-11-16
ACC-04275,CUST-01275,savings,2024-02-03
ACC-04276,CUST-03122,credit_card,2024-08-21
ACC-04277,CUST-03931,checking,2024-10-10
ACC-04278,CUST-02669,savings,2024-06-17
ACC-04279,CUST-01190,savings,2024-09-19
ACC-04280,CUST-04240,credit_card,2024-11-12
ACC-04281,CUST-00671,checking,2024-01-03
ACC-04282,CUST-00726,savings,2024-12-05
ACC-04283,CUST-00775,checking,2024-11-26
ACC-04284,CUST-02962,checking,2024-09-18
ACC-04285,CUST-01186,credit_card,2024-07-26
ACC-04286,CUST-04653,credit_card,2024-11-07
ACC-04287,CUST-01177,checking,2024-12-11
ACC-04288,CUST-03595,savings,2024-12-28
ACC-04289,CUST-01363,checking,2024-02-27
ACC-04290,CUST-02305,checking,2024-05-26
ACC-04291,CUST-03468,savings,2024-06-23
ACC-04292,CUST-03872,savings,2024-03-13
ACC-04293,CUST-02108,savings,2024-01-04
ACC-04294,CUST-02722,checking,2024-11-05
ACC-04295,CUST-02048,credit_card,2024-07-24
ACC-04296,CUST-02879,savings,2024-11-27
ACC-04297,CUST-00557,checking,2024-07-22
ACC-04298,CUST-00036,checking,2024-12-10
ACC-04299,CUST-04418,credit_card,2024-12-28
ACC-04300,CUST-01427,credit_card,2024-04-11
ACC-04301,CUST-00406,checking,2024-12-12
ACC-04302,CUST-02718,credit_card,2024-02-05
ACC-04303,CUST-04807,checking,2024-02-16
ACC-04304,CUST-01798,checking,2024-02-17
ACC-04305,CUST-04940,credit_card,2024-08-12
ACC-04306,CUST-03334,savings,2024-06-27
ACC-04307,CUST-01690,credit_card,2024-01-15
ACC-04308,CUST-02091,credit_card,2024-06-02
ACC-04309,CUST-01225,credit_card,2024-11-02
ACC-04310,CUST-00675,credit_card,2024-02-21
ACC-04311,CUST-03048,savings,2024-06-05
ACC-04312,CUST-00050,credit_card,2024-01-02
ACC-04313,CUST-01084,checking,2024-01-04
ACC-04314,CUST-00459,savings,2024-04-20
ACC-04315,CUST-00057,savings,2024-08-05
ACC-04316,CUST-03844,checking,2024-02-19
ACC-04317,CUST-04094,checking,2024-02-02
ACC-04318,CUST-04284,checking,2024-04-01
ACC-04319,CUST-01047,credit_card,2024-02-28
ACC-04320,CUST-01208,savings,2024-04-03
ACC-04321,CUST-01701,checking,2024-09-04
ACC-04322,CUST-01372,credit_card,2024-04-27
ACC-04323,CUST-00204,credit_card,2024-01-15
ACC-04324,CUST-04704,credit_card,2024-04-19
ACC-04325,CUST-03672,savings,2024-04-22
ACC-04326,CUST-01908,checking,2024-12-05
ACC-04327,CUST-04850,savings,2024-04-01
ACC-04328,CUST-00867,checking,2024-11-06
ACC-04329,CUST-00581,savings,2024-08-09
ACC-04330,CUST-03421,savings,2024-10-24
ACC-04331,CUST-01697,credit_card,2024-04-12
ACC-04332,CUST-02687,credit_card,2024-09-23
ACC-04333,CUST-02056,checking,2024-07-11
ACC-04334,CUST-03200,checking,2024-08-22
ACC-04335,CUST-03756,checking,2024-10-09
ACC-04336,CUST-02217,checking,2024-02-03
ACC-04337,CUST-01117,savings,2024-02-10
ACC-04338,CUST-00509,credit_card,2024-02-26
ACC-04339,CUST-03803,checking,2024-09-09
ACC-04340,CUST-04975,checking,2024-08-11
ACC-04341,CUST-03530,savings,2024-05-11
ACC-04342,CUST-04344,credit_card,2024-01-06
ACC-04343,CUST-04297,checking,2024-12-16
ACC-04344,CUST-03894,credit_card,2024-09-02
ACC-04345,CUST-00504,savings,2024-05-15
ACC-04346,CUST-01076,checking,2024-06-20
ACC-04347,CUST-00494,checking,2024-10-11
ACC-04348,CUST-00262,savings,2024-01-23
ACC-04349,CUST-01839,credit_card,2024-09-28
ACC-04350,CUST-04707,credit_card,2024-08-14
ACC-04351,CUST-03187,savings,2024-11-17
ACC-04352,CUST-00794,credit_card,2024-11-13
ACC-04353,CUST-01712,checking,2024-04-21
ACC-04354,CUST-00814,credit_card,2024-04-23
ACC-04355,CUST-04334,savings,2024-03-02
ACC-04356,CUST-04668,checking,2024-04-16
ACC-04357,CUST-01950,savings,2024-04-03
ACC-04358,CUST-02479,checking,2024-06-10
ACC-04359,CUST-00167,credit_card,2024-04-07
ACC-04360,CUST-02577,savings,2024-03-09
ACC-04361,CUST-04932,credit_card,2024-01-04
ACC-04362,CUST-04802,credit_card,2024-07-08
ACC-04363,CUST-00885,credit_card,2024-12-07
ACC-04364,CUST-00487,savings,2024-08-01
ACC-04365,CUST-00457,savings,2024-02-10
ACC-04366,CUST-02068,credit_card,2024-02-06
ACC-04367,CUST-03151,credit_card,2024-07-25
ACC-04368,CUST-04046,savings,2024-07-09
ACC-04369,CUST-03070,credit_card,2024-05-03
ACC-04370,CUST-04849,credit_card,2024-11-19
ACC-04371,CUST-03212,savings,2024-04-15
ACC-04372,CUST-00493,credit_card,2024-07-28
ACC-04373,CUST-04931,savings,2024-11-16
ACC-04374,CUST-03248,credit_card,2024-06-04
ACC-04375,CUST-01462,savings,2024-08-23
ACC-04376,CUST-04358,checking,2024-07-27
ACC-04377,CUST-03206,credit_card,2024-05-20
ACC-04378,CUST-00208,checking,2024-02-09
ACC-04379,CUST-04521,credit_card,2024-01-13
ACC-04380,CUST-00121,credit_card,2024-10-08
ACC-04381,CUST-03359,credit_card,2024-07-08
ACC-04382,CUST-02670,savings,2024-10-20
ACC-04383,CUST-02150,credit_card,2024-03-26
ACC-04384,CUST-03222,savings,2024-08-23
ACC-04385,CUST-00834,credit_card,2024-03-26
ACC-04386,CUST-02311,savings,2024-08-10
ACC-04387,CUST-01600,savings,2024-07-19
ACC-04388,CUST-02160,checking,2024-09-05
ACC-04389,CUST-01258,checking,2024-09-05
ACC-04390,CUST-02733,checking,2024-11-01
ACC-04391,CUST-03407,credit_card,2024-09-02
ACC-04392,CUST-01432,credit_card,2024-04-11
ACC-04393,CUST-03433,checking,2024-04-09
ACC-04394,CUST-01142,credit_card,2024-10-26
ACC-04395,CUST-03354,checking,2024-06-10
ACC-04396,CUST-02058,credit_card,2024-04-26
ACC-04397,CUST-03648,savings,2024-01-25
ACC-04398,CUST-02220,checking,2024-09-14
ACC-04399,CUST-01315,checking,2024-12-16
ACC-04400,CUST-00166,savings,2024-10-04
ACC-04401,CUST-02825,checking,2024-05-07
ACC-04402,CUST-01851,credit_card,2024-10-17
ACC-04403,CUST-00098,credit_card,2024-01-18
ACC-04404,CUST-03343,checking,2024-08-17
ACC-04405,CUST-01708,savings,2024-07-12
ACC-04406,CUST-02548,credit_card,2024-08-07
ACC-04407,CUST-04187,checking,2024-01-07
ACC-04408,CUST-02058,checking,2024-01-04
ACC-04409,CUST-03177,savings,2024-08-24
ACC-04410,CUST-02726,savings,2024-12-16
ACC-04411,CUST-01378,checking,2024-09-08
ACC-04412,CUST-00245,credit_card,2024-05-25
ACC-04413,CUST-00017,savings,2024-05-03
ACC-04414,CUST-03100,checking,2024-12-20
ACC-04415,CUST-04587,savings,2024-05-19
ACC-04416,CUST-03503,credit_card,2024-09-16
ACC-04417,CUST-00776,checking,2024-09-07
ACC-04418,CUST-00578,checking,2024-07-07
ACC-04419,CUST-00563,credit_card,2024-09-03
ACC-04420,CUST-01001,checking,2024-10-12
ACC-04421,CUST-02277,checking,2024-07-11
ACC-04422,CUST-02512,checking,2024-02-03
ACC-04423,CUST-01447,savings,2024-11-09
ACC-04424,CUST-04340,credit_card,2024-07-02
ACC-04425,CUST-02665,savings,2024-08-01
ACC-04426,CUST-02556,savings,2024-01-08
ACC-04427,CUST-00373,credit_card,2024-10-22
ACC-04428,CUST-04686,checking,2024-03-19
ACC-04429,CUST-01697,savings,2024-10-09
ACC-04430,CUST-04485,credit_card,2024-05-17
ACC-04431,CUST-03352,checking,2024-09-05
ACC-04432,CUST-03845,checking,2024-09-05
ACC-04433,CUST-03032,savings,2024-04-08
ACC-04434,CUST-00591,credit_card,2024-03-10
ACC-04435,CUST-02546,credit_card,2024-03-14
ACC-04436,CUST-00108,checking,2024-01-13
ACC-04437,CUST-00543,savings,2024-03-02
ACC-04438,CUST-00961,savings,2024-01-08
ACC-04439,CUST-03250,savings,2024-01-04
ACC-04440,CUST-01861,checking,2024-11-28
ACC-04441,CUST-04823,savings,2024-03-10
ACC-04442,CUST-02603,checking,2024-12-22
ACC-04443,CUST-04570,savings,2024-06-19
ACC-04444,CUST-00023,credit_card,2024-10-23
ACC-04445,CUST-00840,savings,2024-09-10
ACC-04446,CUST-01390,credit_card,2024-08-24
ACC-04447,CUST-01471,credit_card,2024-07-17
ACC-04448,CUST-00760,credit_card,2024-10-16
ACC-04449,CUST-04784,savings,2024-09-05
ACC-04450,CUST-02923,checking,2024-05-10
ACC-04451,CUST-02919,credit_card,2024-06-10
ACC-04452,CUST-04628,savings,2024-11-11
ACC-04453,CUST-03464,savings,2024-10-12
ACC-04454,CUST-00659,checking,2024-08-21
ACC-04455,CUST-04497,checking,2024-08-23
ACC-04456,CUST-00932,checking,2024-01-09
ACC-04457,CUST-02748,checking,2024-02-13
ACC-04458,CUST-03733,checking,2024-09-07
ACC-04459,CUST-03282,savings,2024-05-22
ACC-04460,CUST-00223,credit_card,2024-08-19
ACC-04461,CUST-04121,credit_card,2024-09-20
ACC-04462,CUST-01616,savings,2024-09-08
ACC-04463,CUST-00728,credit_card,2024-09-21
ACC-04464,CUST-03433,credit_card,2024-09-04
ACC-04465,CUST-00573,checking,2024-09-15
ACC-04466,CUST-00964,credit_card,2024-01-18
ACC-04467,CUST-03917,savings,2024-07-14
ACC-04468,CUST-03831,checking,2024-07-21
ACC-04469,CUST-04150,savings,2024-06-07
ACC-04470,CUST-01313,checking,2024-03-09
ACC-04471,CUST-04709,checking,2024-09-12
ACC-04472,CUST-02217,credit_card,2024-08-09
ACC-04473,CUST-03698,credit_card,2024-10-05
ACC-04474,CUST-02730,savings,2024-05-06
ACC-04475,CUST-02181,credit_card,2024-12-23
ACC-04476,CUST-02698,checking,2024-09-05
ACC-04477,CUST-04843,savings,2024-11-01
ACC-04478,CUST-03214,credit_card,2024-09-25
ACC-04479,CUST-03737,credit_card,2024-02-24
ACC-04480,CUST-03142,checking,2024-12-27
ACC-04481,CUST-00372,credit_card,2024-12-09
ACC-04482,CUST-00207,credit_card,2024-02-14
ACC-04483,CUST-04075,credit_card,2024-07-28
ACC-04484,CUST-02299,credit_card,2024-08-28
ACC-04485,CUST-00955,credit_card,2024-12-07
ACC-04486,CUST-02702,savings,2024-02-23
ACC-04487,CUST-03737,savings,2024-02-25
ACC-04488,CUST-00361,credit_card,2024-09-08
ACC-04489,CUST-02746,credit_card,2024-02-18
ACC-04490,CUST-04347,checking,2024-03-18
ACC-04491,CUST-02107,savings,2024-12-18
ACC-04492,CUST-01758,savings,2024-03-04
ACC-04493,CUST-01943,credit_card,2024-06-18
ACC-04494,CUST-02316,checking,2024-07-10
ACC-04495,CUST-04524,savings,2024-09-05
ACC-04496,CUST-00952,credit_card,2024-01-16
ACC-04497,CUST-01620,checking,2024-05-20
ACC-04498,CUST-02241,credit_card,2024-06-14
ACC-04499,CUST-01270,checking,2024-10-21
ACC-04500,CUST-03466,savings,2024-06-28
ACC-04501,CUST-04898,credit_card,2024-06-24
ACC-04502,CUST-02197,checking,2024-12-26
ACC-04503,CUST-03745,credit_card,2024-10-02
ACC-04504,CUST-03720,checking,2024-02-12
ACC-04505,CUST-03028,credit_card,2024-01-13
ACC-04506,CUST-02583,savings,2024-03-17
ACC-04507,CUST-02978,savings,2024-12-18
ACC-04508,CUST-02157,checking,2024-03-18
ACC-04509,CUST-00555,savings,2024-09-05
ACC-04510,CUST-00937,credit_card,2024-06-22
ACC-04511,CUST-01659,checking,2024-04-19
ACC-04512,CUST-01366,savings,2024-05-25
ACC-04513,CUST-00374,checking,2024-03-19
ACC-04514,CUST-04788,savings,2024-01-23
ACC-04515,CUST-01557,credit_card,2024-01-18
ACC-04516,CUST-03496,savings,2024-05-11
ACC-04517,CUST-03081,credit_card,2024-06-02
ACC-04518,CUST-02071,credit_card,2024-06-21
ACC-04519,CUST-00933,credit_card,2024-07-01
ACC-04520,CUST-00365,checking,2024-02-24
ACC-04521,CUST-00880,credit_card,2024-08-21
ACC-04522,CUST-02195,savings,2024-05-07
ACC-04523,CUST-00871,checking,2024-11-15
ACC-04524,CUST-04585,savings,2024-08-20
ACC-04525,CUST-00088,checking,2024-07-18
ACC-04526,CUST-02939,checking,2024-09-25
ACC-04527,CUST-00686,savings,2024-01-25
ACC-04528,CUST-02756,savings,2024-11-16
ACC-04529,CUST-04343,checking,2024-05-02
ACC-04530,CUST-04570,checking,2024-09-21
ACC-04531,CUST-02288,credit_card,2024-03-19
ACC-04532,CUST-00578,savings,2024-07-27
ACC-04533,CUST-03867,savings,2024-08-10
ACC-04534,CUST-01480,savings,2024-02-09
ACC-04535,CUST-01223,credit_card,2024-12-16
ACC-04536,CUST-01782,savings,2024-02-04
ACC-04537,CUST-04228,checking,2024-05-08
ACC-04538,CUST-00405,savings,2024-03-21
ACC-04539,CUST-02805,savings,2024-11-20
ACC-04540,CUST-02204,credit_card,2024-11-23
ACC-04541,CUST-03006,savings,2024-05-08
ACC-04542,CUST-02168,savings,2024-01-02
ACC-04543,CUST-02002,checking,2024-03-16
ACC-04544,CUST-00198,checking,2024-05-15
ACC-04545,CUST-00251,credit_card,2024-06-03
ACC-04546,CUST-00185,savings,2024-09-04
ACC-04547,CUST-04350,credit_card,2024-04-19
ACC-04548,CUST-04040,savings,2024-08-02
ACC-04549,CUST-01522,savings,2024-03-18
ACC-04550,CUST-03972,credit_card,2024-10-11
ACC-04551,CUST-04843,credit_card,2024-03-20
ACC-04552,CUST-01286,savings,2024-10-14
ACC-04553,CUST-03652,savings,2024-02-27
ACC-04554,CUST-03479,checking,2024-06-04
ACC-04555,CUST-01042,savings,2024-02-26
ACC-04556,CUST-01645,credit_card,2024-11-15
ACC-04557,CUST-02728,savings,2024-02-27
ACC-04558,CUST-03673,checking,2024-01-03
ACC-04559,CUST-04350,credit_card,2024-12-16
ACC-04560,CUST-02533,credit_card,2024-07-08
ACC-04561,CUST-04585,checking,2024-11-20
ACC-04562,CUST-01162,savings,2024-12-13
ACC-04563,CUST-00116,checking,2024-06-16
ACC-04564,CUST-04162,credit_card,2024-07-02
ACC-04565,CUST-00558,checking,2024-02-20
ACC-04566,CUST-02564,credit_card,2024-05-27
ACC-04567,CUST-00896,savings,2024-06-21
ACC-04568,CUST-04778,credit_card,2024-09-07
ACC-04569,CUST-02694,savings,2024-04-13
ACC-04570,CUST-02623,savings,2024-12-01
ACC-04571,CUST-02196,savings,2024-11-17
ACC-04572,CUST-00127,savings,2024-04-03
ACC-04573,CUST-03683,checking,2024-04-08
ACC-04574,CUST-02238,savings,2024-11-10
ACC-04575,CUST-01965,credit_card,2024-07-11
ACC-04576,CUST-01951,credit_card,2024-01-21
ACC-04577,CUST-02261,credit_card,2024-08-14
ACC-04578,CUST-02871,savings,2024-01-03
ACC-04579,CUST-04335,credit_card,2024-09-03
ACC-04580,CUST-00212,savings,2024-06-21
ACC-04581,CUST-03858,credit_card,2024-05-21
ACC-04582,CUST-03293,checking,2024-08-08
ACC-04583,CUST-03887,savings,2024-09-11
ACC-04584,CUST-02328,checking,2024-11-05
ACC-04585,CUST-04925,credit_card,2024-04-13
ACC-04586,CUST-00237,credit_card,2024-08-21
ACC-04587,CUST-00110,savings,2024-04-12
ACC-04588,CUST-01487,savings,2024-03-11
ACC-04589,CUST-00944,credit_card,2024-04-14
ACC-04590,CUST-02596,credit_card,2024-11-10
ACC-04591,CUST-02126,savings,2024-09-20
ACC-04592,CUST-01292,credit_card,2024-08-12
ACC-04593,CUST-02564,credit_card,2024-11-10
ACC-04594,CUST-01264,checking,2024-12-17
ACC-04595,CUST-03705,checking,2024-07-17
ACC-04596,CUST-03758,checking,2024-04-06
ACC-04597,CUST-02881,credit_card,2024-03-17
ACC-04598,CUST-02156,savings,2024-07-19
ACC-04599,CUST-02732,savings,2024-03-05
ACC-04600,CUST-03393,checking,2024-06-23
ACC-04601,CUST-01813,credit_card,2024-08-08
ACC-04602,CUST-03695,credit_card,2024-02-15
ACC-04603,CUST-02053,credit_card,2024-01-28
ACC-04604,CUST-00024,checking,2024-03-04
ACC-04605,CUST-02755,credit_card,2024-01-10
ACC-04606,CUST-02884,credit_card,2024-02-21
ACC-04607,CUST-00782,checking,2024-08-25
ACC-04608,CUST-00465,checking,2024-02-20
ACC-04609,CUST-02477,credit_card,2024-04-05
ACC-04610,CUST-00344,credit_card,2024-10-19
ACC-04611,CUST-04518,savings,2024-08-12
ACC-04612,CUST-04409,credit_card,2024-04-12
ACC-04613,CUST-04117,credit_card,2024-06-14
ACC-04614,CUST-00375,checking,2024-07-23
ACC-04615,CUST-00123,credit_card,2024-02-03
ACC-04616,CUST-03381,credit_card,2024-04-12
ACC-04617,CUST-03009,savings,2024-08-27
ACC-04618,CUST-03938,checking,2024-08-10
ACC-04619,CUST-02506,checking,2024-06-02
ACC-04620,CUST-04975,savings,2024-06-20
ACC-04621,CUST-03821,checking,2024-07-28
ACC-04622,CUST-00948,credit_card,2024-05-20
ACC-04623,CUST-00396,checking,2024-08-25
ACC-04624,CUST-02855,savings,2024-07-12
ACC-04625,CUST-03550,savings,2024-09-09
ACC-04626,CUST-03183,checking,2024-07-10
ACC-04627,CUST-02437,checking,2024-01-21
ACC-04628,CUST-02767,checking,2024-10-08
ACC-04629,CUST-03518,checking,2024-03-24
ACC-04630,CUST-03605,checking,2024-04-20
ACC-04631,CUST-00761,savings,2024-03-01
ACC-04632,CUST-02860,savings,2024-08-22
ACC-04633,CUST-01557,checking,2024-09-25
ACC-04634,CUST-03046,savings,2024-03-13
ACC-04635,CUST-01781,checking,2024-01-17
ACC-04636,CUST-00309,checking,2024-11-14
ACC-04637,CUST-02991,checking,2024-08-21
ACC-04638,CUST-03239,checking,2024-09-23
ACC-04639,CUST-02540,savings,2024-11-20
ACC-04640,CUST-02007,savings,2024-02-02
ACC-04641,CUST-02736,credit_card,2024-08-26
ACC-04642,CUST-04538,credit_card,2024-05-11
ACC-04643,CUST-01258,savings,2024-02-02
ACC-04644,CUST-04774,savings,2024-09-10
ACC-04645,CUST-04866,credit_card,2024-05-02
ACC-04646,CUST-04097,checking,2024-07-26
ACC-04647,CUST-01225,credit_card,2024-07-03
ACC-04648,CUST-04989,checking,2024-08-14
ACC-04649,CUST-02484,savings,2024-07-27
ACC-04650,CUST-04380,credit_card,2024-05-17
ACC-04651,CUST-01747,savings,2024-08-01
ACC-04652,CUST-02665,credit_card,2024-04-15
ACC-04653,CUST-00594,savings,2024-01-19
ACC-04654,CUST-01302,credit_card,2024-04-09
ACC-04655,CUST-01080,checking,2024-11-23
ACC-04656,CUST-02663,credit_card,2024-03-28
ACC-04657,CUST-02388,checking,2024-06-19
ACC-04658,CUST-01622,checking,2024-10-09
ACC-04659,CUST-01617,credit_card,2024-10-27
ACC-04660,CUST-01535,checking,2024-03-04
ACC-04661,CUST-04146,savings,2024-05-05
ACC-04662,CUST-03666,checking,2024-08-05
ACC-04663,CUST-01238,checking,2024-06-25
ACC-04664,CUST-04516,savings,2024-09-22
ACC-04665,CUST-03276,credit_card,2024-06-08
ACC-04666,CUST-00350,checking,2024-05-25
ACC-04667,CUST-03554,checking,2024-12-26
ACC-04668,CUST-01591,savings,2024-06-25
ACC-04669,CUST-02191,checking,2024-02-23
ACC-04670,CUST-00187,checking,2024-01-21
ACC-04671,CUST-02706,savings,2024-12-01
ACC-04672,CUST-02493,checking,2024-01-22
ACC-04673,CUST-04892,savings,2024-02-11
ACC-04674,CUST-00336,credit_card,2024-09-23
ACC-04675,CUST-03643,savings,2024-11-12
ACC-04676,CUST-01765,checking,2024-01-06
ACC-04677,CUST-02109,checking,2024-02-17
ACC-04678,CUST-02753,savings,2024-05-15
ACC-04679,CUST-01346,credit_card,2024-09-22
ACC-04680,CUST-02881,savings,2024-09-18
ACC-04681,CUST-03588,credit_card,2024-09-12
ACC-04682,CUST-01243,savings,2024-07-07
ACC-04683,CUST-00779,checking,2024-02-16
ACC-04684,CUST-00833,credit_card,2024-01-03
ACC-04685,CUST-01291,credit_card,2024-10-09
ACC-04686,CUST-02975,credit_card,2024-03-09
ACC-04687,CUST-02785,credit_card,2024-12-21
ACC-04688,CUST-04670,savings,2024-02-05
ACC-04689,CUST-04882,savings,2024-03-02
ACC-04690,CUST-00254,savings,2024-09-09
ACC-04691,CUST-04007,checking,2024-12-26
ACC-04692,CUST-04461,credit_card,2024-08-26
ACC-04693,CUST-03941,checking,2024-05-04
ACC-04694,CUST-02446,savings,2024-05-07
ACC-04695,CUST-01691,savings,2024-11-18
ACC-04696,CUST-02316,credit_card,2024-11-07
ACC-04697,CUST-03225,savings,2024-12-06
ACC-04698,CUST-03094,savings,2024-03-08
ACC-04699,CUST-04518,credit_card,2024-03-15
ACC-04700,CUST-03824,checking,2024-10-19
ACC-04701,CUST-03744,credit_card,2024-07-02
ACC-04702,CUST-04630,checking,2024-01-04
ACC-04703,CUST-02805,credit_card,2024-01-16
ACC-04704,CUST-00250,checking,2024-10-18
ACC-04705,CUST-00087,savings,2024-08-10
ACC-04706,CUST-00518,savings,2024-07-14
ACC-04707,CUST-04137,credit_card,2024-11-27
ACC-04708,CUST-03069,checking,2024-09-16
ACC-04709,CUST-04643,savings,2024-04-06
ACC-04710,CUST-00040,savings,2024-03-02
ACC-04711,CUST-02352,savings,2024-11-22
ACC-04712,CUST-01974,savings,2024-12-19
ACC-04713,CUST-00774,checking,2024-03-16
ACC-04714,CUST-03054,savings,2024-07-02
ACC-04715,CUST-03573,credit_card,2024-08-08
ACC-04716,CUST-04494,savings,2024-07-19
ACC-04717,CUST-00314,savings,2024-05-07
ACC-04718,CUST-04891,credit_card,2024-11-19
ACC-04719,CUST-00768,savings,2024-02-23
ACC-04720,CUST-04064,credit_card,2024-11-07
ACC-04721,CUST-01040,savings,2024-04-06
ACC-04722,CUST-04640,credit_card,2024-11-06
ACC-04723,CUST-03768,savings,2024-10-04
ACC-04724,CUST-03865,savings,2024-08-24
ACC-04725,CUST-04590,checking,2024-10-27
ACC-04726,CUST-01588,checking,2024-08-19
ACC-04727,CUST-02295,checking,2024-12-17
ACC-04728,CUST-00634,savings,2024-02-14
ACC-04729,CUST-02529,savings,2024-03-11
ACC-04730,CUST-04949,checking,2024-09-23
ACC-04731,CUST-03188,checking,2024-04-13
ACC-04732,CUST-03810,savings,2024-06-27
ACC-04733,CUST-01465,credit_card,2024-11-27
ACC-04734,CUST-04393,checking,2024-10-17
ACC-04735,CUST-00816,checking,2024-10-03
ACC-04736,CUST-01229,savings,2024-10-06
ACC-04737,CUST-01900,credit_card,2024-02-13
ACC-04738,CUST-03981,checking,2024-07-11
ACC-04739,CUST-01096,credit_card,2024-07-14
ACC-04740,CUST-01052,credit_card,2024-07-22
ACC-04741,CUST-01868,checking,2024-03-18
ACC-04742,CUST-00513,checking,2024-05-01
ACC-04743,CUST-04337,savings,2024-11-22
ACC-04744,CUST-01439,checking,2024-10-20
ACC-04745,CUST-01453,credit_card,2024-03-21
ACC-04746,CUST-00325,credit_card,2024-04-09
ACC-04747,CUST-04887,savings,2024-02-02
ACC-04748,CUST-02432,credit_card,2024-10-23
ACC-04749,CUST-01798,credit_card,2024-02-14
ACC-04750,CUST-01123,savings,2024-01-22
ACC-04751,CUST-04789,savings,2024-11-05
ACC-04752,CUST-02442,credit_card,2024-01-17
ACC-04753,CUST-00431,checking,2024-05-05
ACC-04754,CUST-00682,credit_card,2024-11-14
ACC-04755,CUST-00254,credit_card,2024-07-23
ACC-04756,CUST-02051,credit_card,2024-05-14
ACC-04757,CUST-03312,savings,2024-03-27
ACC-04758,CUST-00406,savings,2024-10-14
ACC-04759,CUST-04222,savings,2024-07-15
ACC-04760,CUST-03531,checking,2024-02-18
ACC-04761,CUST-04735,credit_card,2024-12-17
ACC-04762,CUST-02738,credit_card,2024-03-18
ACC-04763,CUST-04874,credit_card,2024-02-07
ACC-04764,CUST-04334,savings,2024-09-04
ACC-04765,CUST-01120,credit_card,2024-08-23
ACC-04766,CUST-02338,credit_card,2024-08-15
ACC-04767,CUST-02736,credit_card,2024-09-24
ACC-04768,CUST-01963,savings,2024-07-12
ACC-04769,CUST-02238,checking,2024-08-08
ACC-04770,CUST-03087,savings,2024-04-14
ACC-04771,CUST-02465,credit_card,2024-10-21
ACC-04772,CUST-03581,checking,2024-12-06
ACC-04773,CUST-04798,checking,2024-07-10
ACC-04774,CUST-02272,checking,2024-12-03
ACC-04775,CUST-03213,checking,2024-07-05
ACC-04776,CUST-01063,savings,2024-10-22
ACC-04777,CUST-02174,credit_card,2024-01-18
ACC-04778,CUST-04576,credit_card,2024-07-19
ACC-04779,CUST-00538,checking,2024-12-22
ACC-04780,CUST-04699,savings,2024-03-03
ACC-04781,CUST-00418,checking,2024-11-16
ACC-04782,CUST-00803,savings,2024-03-09
ACC-04783,CUST-02443,savings,2024-01-17
ACC-04784,CUST-04470,checking,2024-07-05
ACC-04785,CUST-02264,checking,2024-10-03
ACC-04786,CUST-04524,credit_card,2024-07-13
ACC-04787,CUST-01589,checking,2024-11-16
ACC-04788,CUST-00943,credit_card,2024-11-23
ACC-04789,CUST-00646,checking,2024-08-06
ACC-04790,CUST-02221,savings,2024-09-12
ACC-04791,CUST-00026,savings,2024-07-15
ACC-04792,CUST-01312,savings,2024-06-24
ACC-04793,CUST-01144,credit_card,2024-01-06
ACC-04794,CUST-02189,credit_card,2024-09-15
ACC-04795,CUST-01066,checking,2024-02-22
ACC-04796,CUST-01914,checking,2024-07-11
ACC-04797,CUST-00617,savings,2024-11-09
ACC-04798,CUST-04341,checking,2024-05-01
ACC-04799,CUST-00232,credit_card,2024-12-01
ACC-04800,CUST-04015,credit_card,2024-09-14
ACC-04801,CUST-03616,savings,2024-09-06
ACC-04802,CUST-01935,savings,2024-06-05
ACC-04803,CUST-01375,credit_card,2024-03-08
ACC-04804,CUST-03824,credit_card,2024-07-07
ACC-04805,CUST-00173,checking,2024-04-01
ACC-04806,CUST-02870,savings,2024-05-06
ACC-04807,CUST-00818,checking,2024-10-01
ACC-04808,CUST-00963,credit_card,2024-12-05
ACC-04809,CUST-01056,savings,2024-01-09
ACC-04810,CUST-00007,savings,2024-04-13
ACC-04811,CUST-03462,credit_card,2024-08-16
ACC-04812,CUST-02555,credit_card,2024-08-08
ACC-04813,CUST-02401,credit_card,2024-01-07
ACC-04814,CUST-03123,checking,2024-11-25
ACC-04815,CUST-02954,checking,2024-01-20
ACC-04816,CUST-04519,credit_card,2024-06-07
ACC-04817,CUST-04453,credit_card,2024-07-02
ACC-04818,CUST-01227,checking,2024-06-13
ACC-04819,CUST-00655,savings,2024-10-09
ACC-04820,CUST-02300,checking,2024-11-11
ACC-04821,CUST-03026,credit_card,2024-04-24
ACC-04822,CUST-02890,credit_card,2024-03-19
ACC-04823,CUST-04781,savings,2024-09-19
ACC-04824,CUST-03788,checking,2024-02-13
ACC-04825,CUST-02650,credit_card,2024-10-12
ACC-04826,CUST-03429,credit_card,2024-06-16
ACC-04827,CUST-00139,checking,2024-06-15
ACC-04828,CUST-02980,credit_card,2024-02-01
ACC-04829,CUST-01607,checking,2024-05-17
ACC-04830,CUST-00839,credit_card,2024-11-06
ACC-04831,CUST-03620,checking,2024-07-19
ACC-04832,CUST-03783,savings,2024-06-08
ACC-04833,CUST-01579,credit_card,2024-08-17
ACC-04834,CUST-03182,savings,2024-12-21
ACC-04835,CUST-00379,checking,2024-11-13
ACC-04836,CUST-04036,credit_card,2024-12-14
ACC-04837,CUST-04456,checking,2024-08-27
ACC-04838,CUST-00970,checking,2024-01-25
ACC-04839,CUST-02286,savings,2024-02-01
ACC-04840,CUST-03443,credit_card,2024-03-12
ACC-04841,CUST-00234,credit_card,2024-04-01
ACC-04842,CUST-02924,checking,2024-04-23
ACC-04843,CUST-01154,savings,2024-05-23
ACC-04844,CUST-04428,checking,2024-05-22
ACC-04845,CUST-01563,credit_card,2024-04-02
ACC-04846,CUST-01198,credit_card,2024-02-25
ACC-04847,CUST-00713,credit_card,2024-10-01
ACC-04848,CUST-01762,savings,2024-06-28
ACC-04849,CUST-02899,checking,2024-08-07
ACC-04850,CUST-01181,credit_card,2024-10-26
ACC-04851,CUST-03664,credit_card,2024-08-10
ACC-04852,CUST-03918,savings,2024-08-04
ACC-04853,CUST-01124,savings,2024-04-07
ACC-04854,CUST-03177,checking,2024-09-23
ACC-04855,CUST-02237,savings,2024-06-02
ACC-04856,CUST-04882,savings,2024-11-19
ACC-04857,CUST-01951,checking,2024-03-09
ACC-04858,CUST-00393,savings,2024-01-24
ACC-04859,CUST-00141,credit_card,2024-05-17
ACC-04860,CUST-03553,savings,2024-09-23
ACC-04861,CUST-01497,credit_card,2024-02-28
ACC-04862,CUST-00420,checking,2024-06-19
ACC-04863,CUST-03429,savings,2024-11-21
ACC-04864,CUST-01866,credit_card,2024-03-15
ACC-04865,CUST-04754,checking,2024-07-06
ACC-04866,CUST-00173,credit_card,2024-03-11
ACC-04867,CUST-04202,checking,2024-12-14
ACC-04868,CUST-02468,credit_card,2024-04-21
ACC-04869,CUST-02482,credit_card,2024-04-22
ACC-04870,CUST-02227,checking,2024-11-19
ACC-04871,CUST-02487,savings,2024-01-10
ACC-04872,CUST-03359,savings,2024-02-16
ACC-04873,CUST-02002,checking,2024-08-24
ACC-04874,CUST-01564,checking,2024-05-24
ACC-04875,CUST-03401,savings,2024-07-24
ACC-04876,CUST-04444,checking,2024-07-22
ACC-04877,CUST-04620,savings,2024-11-21
ACC-04878,CUST-02885,savings,2024-06-14
ACC-04879,CUST-01910,checking,2024-06-17
ACC-04880,CUST-00734,checking,2024-09-08
ACC-04881,CUST-01098,checking,2024-08-13
ACC-04882,CUST-00125,savings,2024-06-08
ACC-04883,CUST-03367,credit_card,2024-05-17
ACC-04884,CUST-01951,savings,2024-07-09
ACC-04885,CUST-04722,checking,2024-10-14
ACC-04886,CUST-01527,savings,2024-06-13
ACC-04887,CUST-04673,checking,2024-05-25
ACC-04888,CUST-01995,checking,2024-05-26
ACC-04889,CUST-00499,checking,2024-08-28
ACC-04890,CUST-01850,savings,2024-04-18
ACC-04891,CUST-00246,checking,2024-09-09
ACC-04892,CUST-02756,savings,2024-02-17
ACC-04893,CUST-02337,savings,2024-10-26
ACC-04894,CUST-04858,checking,2024-07-05
ACC-04895,CUST-01048,checking,2024-03-24
ACC-04896,CUST-04023,savings,2024-08-13
ACC-04897,CUST-01524,savings,2024-04-19
ACC-04898,CUST-01372,savings,2024-11-02
ACC-04899,CUST-03473,credit_card,2024-05-20
ACC-04900,CUST-02495,checking,2024-06-03
ACC-04901,CUST-00125,savings,2024-05-02
ACC-04902,CUST-00839,credit_card,2024-05-03
ACC-04903,CUST-03883,credit_card,2024-03-07
ACC-04904,CUST-02191,checking,2024-02-04
ACC-04905,CUST-00007,checking,2024-05-02
ACC-04906,CUST-00693,savings,2024-09-06
ACC-04907,CUST-02882,checking,2024-01-10
ACC-04908,CUST-04316,savings,2024-05-09
ACC-04909,CUST-00647,savings,2024-01-21
ACC-04910,CUST-03478,savings,2024-07-03
ACC-04911,CUST-04922,checking,2024-07-10
ACC-04912,CUST-03399,credit_card,2024-01-17
ACC-04913,CUST-01441,savings,2024-02-27
ACC-04914,CUST-04099,checking,2024-06-18
ACC-04915,CUST-00065,checking,2024-05-25
ACC-04916,CUST-01349,savings,2024-10-08
ACC-04917,CUST-00605,checking,2024-01-15
ACC-04918,CUST-03977,credit_card,2024-05-07
ACC-04919,CUST-01315,savings,2024-12-25
ACC-04920,CUST-02663,credit_card,2024-12-04
ACC-04921,CUST-00064,credit_card,2024-07-16
ACC-04922,CUST-04946,checking,2024-10-06
ACC-04923,CUST-00278,checking,2024-11-18
ACC-04924,CUST-00526,credit_card,2024-04-07
ACC-04925,CUST-03675,checking,2024-04-05
ACC-04926,CUST-02325,credit_card,2024-06-17
ACC-04927,CUST-00235,checking,2024-03-08
ACC-04928,CUST-00739,savings,2024-06-09
ACC-04929,CUST-01862,checking,2024-10-05
ACC-04930,CUST-02134,savings,2024-07-28
ACC-04931,CUST-01483,checking,2024-01-14
ACC-04932,CUST-02503,savings,2024-10-04
ACC-04933,CUST-03040,checking,2024-04-15
ACC-04934,CUST-01005,credit_card,2024-03-03
ACC-04935,CUST-03831,credit_card,2024-01-28
ACC-04936,CUST-04335,checking,2024-01-18
ACC-04937,CUST-02870,credit_card,2024-02-27
ACC-04938,CUST-02579,checking,2024-03-14
ACC-04939,CUST-04630,credit_card,2024-01-06
ACC-04940,CUST-03722,credit_card,2024-09-05
ACC-04941,CUST-02890,credit_card,2024-09-17
ACC-04942,CUST-02215,savings,2024-10-12
ACC-04943,CUST-03876,checking,2024-01-18
ACC-04944,CUST-01902,checking,2024-08-22
ACC-04945,CUST-00112,checking,2024-11-11
ACC-04946,CUST-04694,credit_card,2024-01-22
ACC-04947,CUST-04686,savings,2024-07-06
ACC-04948,CUST-04527,checking,2024-06-09
ACC-04949,CUST-03941,savings,2024-04-15
ACC-04950,CUST-00543,savings,2024-05-21
ACC-04951,CUST-00186,checking,2024-06-02
ACC-04952,CUST-03532,checking,2024-03-17
ACC-04953,CUST-02151,checking,2024-04-08
ACC-04954,CUST-03764,savings,2024-11-15
ACC-04955,CUST-04634,credit_card,2024-04-15
ACC-04956,CUST-01376,savings,2024-12-09
ACC-04957,CUST-02240,credit_card,2024-09-11
ACC-04958,CUST-03084,checking,2024-11-22
ACC-04959,CUST-01395,savings,2024-07-26
ACC-04960,CUST-03008,credit_card,2024-12-16
ACC-04961,CUST-03671,credit_card,2024-04-25
ACC-04962,CUST-01123,checking,2024-07-20
ACC-04963,CUST-02281,checking,2024-04-15
ACC-04964,CUST-00608,checking,2024-12-13
ACC-04965,CUST-03221,credit_card,2024-11-23
ACC-04966,CUST-03588,credit_card,2024-03-18
ACC-04967,CUST-00484,checking,2024-09-20
ACC-04968,CUST-03217,checking,2024-01-06
ACC-04969,CUST-00090,savings,2024-09-19
ACC-04970,CUST-02583,checking,2024-09-26
ACC-04971,CUST-03275,credit_card,2024-03-25
ACC-04972,CUST-01519,checking,2024-02-06
ACC-04973,CUST-02670,credit_card,2024-01-20
ACC-04974,CUST-02648,savings,2024-11-28
ACC-04975,CUST-01956,savings,2024-09-21
ACC-04976,CUST-00584,credit_card,2024-03-28
ACC-04977,CUST-02758,credit_card,2024-06-06
ACC-04978,CUST-03276,checking,2024-06-13
ACC-04979,CUST-03801,credit_card,2024-05-07
ACC-04980,CUST-01505,credit_card,2024-06-03
ACC-04981,CUST-01781,checking,2024-07-09
ACC-04982,CUST-00662,checking,2024-09-10
ACC-04983,CUST-04654,savings,2024-05-09
ACC-04984,CUST-00584,checking,2024-09-15
ACC-04985,CUST-01875,checking,2024-09-27
ACC-04986,CUST-02479,savings,2024-06-12
ACC-04987,CUST-00884,checking,2024-04-17
ACC-04988,CUST-04333,savings,2024-02-05
ACC-04989,CUST-03004,savings,2024-08-11
ACC-04990,CUST-00045,checking,2024-05-22
ACC-04991,CUST-01378,credit_card,2024-03-28
ACC-04992,CUST-02536,savings,2024-05-07
ACC-04993,CUST-02685,savings,2024-02-28
ACC-04994,CUST-02484,checking,2024-02-09
ACC-04995,CUST-01034,savings,2024-10-16
ACC-04996,CUST-00078,savings,2024-06-20
ACC-04997,CUST-04248,credit_card,2024-10-03
ACC-04998,CUST-04556,checking,2024-07-05
ACC-04999,CUST-00645,credit_card,2024-05-02
ACC-05000,CUST-02236,credit_card,2024-09-18
ACC-05001,CUST-01727,savings,2024-07-20
ACC-05002,CUST-04886,credit_card,2024-02-05
ACC-05003,CUST-00754,checking,2024-07-19
ACC-05004,CUST-02755,checking,2024-04-17
ACC-05005,CUST-03387,checking,2024-03-13
ACC-05006,CUST-01090,checking,2024-07-15
ACC-05007,CUST-03670,checking,2024-09-23
ACC-05008,CUST-02687,savings,2024-11-17
ACC-05009,CUST-01574,savings,2024-02-19
ACC-05010,CUST-02828,checking,2024-02-19
ACC-05011,CUST-04469,checking,2024-04-03
ACC-05012,CUST-01644,savings,2024-06-06
ACC-05013,CUST-03128,savings,2024-12-19
ACC-05014,CUST-02803,checking,2024-08-24
ACC-05015,CUST-00311,credit_card,2024-06-23
ACC-05016,CUST-03280,credit_card,2024-01-07
ACC-05017,CUST-02074,checking,2024-03-10
ACC-05018,CUST-01165,checking,2024-05-27
ACC-05019,CUST-02529,credit_card,2024-07-04
ACC-05020,CUST-00414,credit_card,2024-12-16
ACC-05021,CUST-02978,savings,2024-09-09
ACC-05022,CUST-04473,checking,2024-02-16
ACC-05023,CUST-01876,savings,2024-02-07
ACC-05024,CUST-00169,savings,2024-07-16
ACC-05025,CUST-04302,savings,2024-06-28
ACC-05026,CUST-00804,checking,2024-08-27
ACC-05027,CUST-04201,savings,2024-08-14
ACC-05028,CUST-03704,savings,2024-03-13
ACC-05029,CUST-01045,checking,2024-12-24
ACC-05030,CUST-03063,savings,2024-01-02
ACC-05031,CUST-02653,checking,2024-06-17
ACC-05032,CUST-02197,savings,2024-07-05
ACC-05033,CUST-03162,savings,2024-01-23
ACC-05034,CUST-01591,savings,2024-10-07
ACC-05035,CUST-01554,credit_card,2024-02-11
ACC-05036,CUST-01056,savings,2024-01-01
ACC-05037,CUST-02453,savings,2024-01-18
ACC-05038,CUST-00523,checking,2024-07-11
ACC-05039,CUST-02869,credit_card,2024-11-10
ACC-05040,CUST-01977,credit_card,2024-09-14
ACC-05041,CUST-00433,checking,2024-01-28
ACC-05042,CUST-02886,checking,2024-10-06
ACC-05043,CUST-04028,savings,2024-06-28
ACC-05044,CUST-01508,credit_card,2024-05-26
ACC-05045,CUST-04013,savings,2024-11-01
ACC-05046,CUST-03906,credit_card,2024-11-13
ACC-05047,CUST-04446,checking,2024-05-16
ACC-05048,CUST-04446,checking,2024-03-12
ACC-05049,CUST-03652,savings,2024-01-16
ACC-05050,CUST-02166,checking,2024-06-24
ACC-05051,CUST-01031,credit_card,2024-09-27
ACC-05052,CUST-04040,credit_card,2024-09-14
ACC-05053,CUST-04654,checking,2024-12-15
ACC-05054,CUST-01351,credit_card,2024-07-25
ACC-05055,CUST-01261,checking,2024-01-12
ACC-05056,CUST-00048,checking,2024-10-16
ACC-05057,CUST-00603,savings,2024-06-16
ACC-05058,CUST-04474,savings,2024-07-06
ACC-05059,CUST-01758,credit_card,2024-09-01
ACC-05060,CUST-03743,credit_card,2024-10-02
ACC-05061,CUST-01259,savings,2024-06-09
ACC-05062,CUST-01333,savings,2024-02-14
ACC-05063,CUST-00270,checking,2024-02-26
ACC-05064,CUST-03460,checking,2024-08-12
ACC-05065,CUST-00632,checking,2024-08-18
ACC-05066,CUST-00767,savings,2024-09-07
ACC-05067,CUST-02983,savings,2024-07-17
ACC-05068,CUST-01777,savings,2024-05-20
ACC-05069,CUST-02823,checking,2024-05-08
ACC-05070,CUST-01272,credit_card,2024-06-15
ACC-05071,CUST-04461,credit_card,2024-04-05
ACC-05072,CUST-01395,savings,2024-03-22
ACC-05073,CUST-04493,checking,2024-04-22
ACC-05074,CUST-00268,credit_card,2024-01-24
ACC-05075,CUST-04039,savings,2024-05-25
ACC-05076,CUST-04679,credit_card,2024-03-12
ACC-05077,CUST-00711,credit_card,2024-07-17
ACC-05078,CUST-04983,savings,2024-12-19
ACC-05079,CUST-02240,savings,2024-10-04
ACC-05080,CUST-00742,checking,2024-08-11
ACC-05081,CUST-03108,savings,2024-10-15
ACC-05082,CUST-03868,credit_card,2024-03-20
ACC-05083,CUST-02404,checking,2024-06-23
ACC-05084,CUST-04435,checking,2024-11-21
ACC-05085,CUST-03263,checking,2024-12-19
ACC-05086,CUST-02466,credit_card,2024-03-27
ACC-05087,CUST-00965,savings,2024-02-17
ACC-05088,CUST-03246,credit_card,2024-03-23
ACC-05089,CUST-03689,savings,2024-12-06
ACC-05090,CUST-01079,savings,2024-06-09
ACC-05091,CUST-01096,credit_card,2024-06-26
ACC-05092,CUST-01082,credit_card,2024-11-09
ACC-05093,CUST-01815,checking,2024-10-25
ACC-05094,CUST-04283,savings,2024-06-23
ACC-05095,CUST-03444,credit_card,2024-11-21
ACC-05096,CUST-04431,credit_card,2024-05-07
ACC-05097,CUST-01925,credit_card,2024-06-18
ACC-05098,CUST-03995,checking,2024-08-04
ACC-05099,CUST-00592,credit_card,2024-04-20
ACC-05100,CUST-03237,credit_card,2024-06-26
ACC-05101,CUST-01185,savings,2024-05-09
ACC-05102,CUST-01457,checking,2024-06-22
ACC-05103,CUST-03598,credit_card,2024-07-13
ACC-05104,CUST-01820,credit_card,2024-10-11
ACC-05105,CUST-04400,checking,2024-09-24
ACC-05106,CUST-04640,checking,2024-06-05
ACC-05107,CUST-02087,savings,2024-09-22
ACC-05108,CUST-02143,credit_card,2024-06-14
ACC-05109,CUST-03930,checking,2024-01-21
ACC-05110,CUST-00686,checking,2024-09-13
ACC-05111,CUST-03068,savings,2024-04-09
ACC-05112,CUST-02267,savings,2024-05-07
ACC-05113,CUST-00121,credit_card,2024-01-08
ACC-05114,CUST-04594,checking,2024-08-04
ACC-05115,CUST-00183,credit_card,2024-12-23
ACC-05116,CUST-04924,savings,2024-07-17
ACC-05117,CUST-00598,credit_card,2024-11-25
ACC-05118,CUST-03121,savings,2024-09-25
ACC-05119,CUST-02684,checking,2024-09-10
ACC-05120,CUST-02007,savings,2024-02-25
ACC-05121,CUST-03675,credit_card,2024-05-27
ACC-05122,CUST-00349,credit_card,2024-10-19
ACC-05123,CUST-00580,credit_card,2024-10-28
ACC-05124,CUST-00812,credit_card,2024-06-12
ACC-05125,CUST-01721,checking,2024-02-18
ACC-05126,CUST-00196,credit_card,2024-09-21
ACC-05127,CUST-00340,savings,2024-03-01
ACC-05128,CUST-03953,credit_card,2024-03-10
ACC-05129,CUST-03296,checking,2024-11-14
ACC-05130,CUST-00865,savings,2024-04-28
ACC-05131,CUST-03933,checking,2024-12-13
ACC-05132,CUST-02937,credit_card,2024-05-18
ACC-05133,CUST-02278,savings,2024-05-07
ACC-05134,CUST-03695,savings,2024-03-23
ACC-05135,CUST-01605,savings,2024-03-22
ACC-05136,CUST-01054,credit_card,2024-04-24
ACC-05137,CUST-02061,checking,2024-11-11
ACC-05138,CUST-04411,checking,2024-05-27
ACC-05139,CUST-00583,credit_card,2024-01-16
ACC-05140,CUST-03719,savings,2024-01-16
ACC-05141,CUST-01284,checking,2024-10-14
ACC-05142,CUST-00927,credit_card,2024-12-27
ACC-05143,CUST-04095,checking,2024-09-14
ACC-05144,CUST-00260,credit_card,2024-11-19
ACC-05145,CUST-00949,credit_card,2024-06-05
ACC-05146,CUST-01294,checking,2024-12-11
ACC-05147,CUST-01154,savings,2024-03-26
ACC-05148,CUST-03374,credit_card,2024-11-07
ACC-05149,CUST-01956,savings,2024-11-18
ACC-05150,CUST-02712,checking,2024-08-09
ACC-05151,CUST-03825,checking,2024-02-16
ACC-05152,CUST-02564,checking,2024-12-02
ACC-05153,CUST-00900,savings,2024-10-19
ACC-05154,CUST-02403,savings,2024-12-25
ACC-05155,CUST-00394,credit_card,2024-07-20
ACC-05156,CUST-04442,credit_card,2024-01-18
ACC-05157,CUST-01596,savings,2024-05-15
ACC-05158,CUST-03425,savings,2024-10-14
ACC-05159,CUST-02395,credit_card,2024-10-19
ACC-05160,CUST-03315,checking,2024-06-12
ACC-05161,CUST-03809,savings,2024-12-26
ACC-05162,CUST-00543,checking,2024-06-03
ACC-05163,CUST-04558,checking,2024-03-20
ACC-05164,CUST-02018,savings,2024-03-18
ACC-05165,CUST-02209,checking,2024-08-16
ACC-05166,CUST-03092,savings,2024-01-14
ACC-05167,CUST-03694,savings,2024-09-22
ACC-05168,CUST-01134,checking,2024-07-19
ACC-05169,CUST-01402,checking,2024-04-11
ACC-05170,CUST-01536,savings,2024-11-15
ACC-05171,CUST-03413,checking,2024-05-08
ACC-05172,CUST-04525,checking,2024-02-03
ACC-05173,CUST-03222,savings,2024-11-18
ACC-05174,CUST-04206,credit_card,2024-08-02
ACC-05175,CUST-02954,credit_card,2024-11-16
ACC-05176,CUST-00389,checking,2024-03-10
ACC-05177,CUST-03382,checking,2024-02-10
ACC-05178,CUST-01315,checking,2024-08-18
ACC-05179,CUST-04296,credit_card,2024-06-13
ACC-05180,CUST-00427,credit_card,2024-07-28
ACC-05181,CUST-01363,savings,2024-10-22
ACC-05182,CUST-02914,credit_card,2024-02-07
ACC-05183,CUST-01398,credit_card,2024-02-25
ACC-05184,CUST-00563,checking,2024-03-08
ACC-05185,CUST-04030,savings,2024-12-25
ACC-05186,CUST-01775,credit_card,2024-05-13
ACC-05187,CUST-00641,checking,2024-01-20
ACC-05188,CUST-03393,checking,2024-09-16
ACC-05189,CUST-00371,credit_card,2024-01-24
ACC-05190,CUST-03562,savings,2024-06-13
ACC-05191,CUST-04592,checking,2024-09-18
ACC-05192,CUST-02745,credit_card,2024-07-14
ACC-05193,CUST-01521,savings,2024-02-26
ACC-05194,CUST-02833,checking,2024-04-11
ACC-05195,CUST-02803,credit_card,2024-09-28
ACC-05196,CUST-01618,credit_card,2024-02-05
ACC-05197,CUST-04506,credit_card,2024-06-09
ACC-05198,CUST-00846,checking,2024-02-05
ACC-05199,CUST-00258,credit_card,2024-01-26
ACC-05200,CUST-01375,checking,2024-01-12
ACC-05201,CUST-03589,savings,2024-09-10
ACC-05202,CUST-04684,checking,2024-09-15
ACC-05203,CUST-01285,savings,2024-09-05
ACC-05204,CUST-00566,savings,2024-01-15
ACC-05205,CUST-01837,credit_card,2024-09-11
ACC-05206,CUST-00065,credit_card,2024-02-22
ACC-05207,CUST-02197,checking,2024-03-26
ACC-05208,CUST-00411,credit_card,2024-02-12
ACC-05209,CUST-02600,checking,2024-11-18
ACC-05210,CUST-02212,credit_card,2024-08-07
ACC-05211,CUST-02763,credit_card,2024-10-28
ACC-05212,CUST-03019,credit_card,2024-09-15
ACC-05213,CUST-04765,credit_card,2024-01-09
ACC-05214,CUST-02606,checking,2024-08-20
ACC-05215,CUST-00800,checking,2024-04-20
ACC-05216,CUST-00680,savings,2024-10-26
ACC-05217,CUST-04307,credit_card,2024-05-04
ACC-05218,CUST-04325,savings,2024-02-25
ACC-05219,CUST-04167,checking,2024-08-16
ACC-05220,CUST-01872,checking,2024-11-25
ACC-05221,CUST-04020,credit_card,2024-07-03
ACC-05222,CUST-00040,credit_card,2024-02-12
ACC-05223,CUST-01199,credit_card,2024-07-24
ACC-05224,CUST-00303,checking,2024-08-12
ACC-05225,CUST-00521,credit_card,2024-12-19
ACC-05226,CUST-01947,credit_card,2024-05-04
ACC-05227,CUST-03561,credit_card,2024-04-18
ACC-05228,CUST-02191,credit_card,2024-08-20
ACC-05229,CUST-04810,credit_card,2024-01-18
ACC-05230,CUST-02131,credit_card,2024-07-04
ACC-05231,CUST-02893,credit_card,2024-07-18
ACC-05232,CUST-00999,credit_card,2024-01-12
ACC-05233,CUST-02296,credit_card,2024-05-15
ACC-05234,CUST-00061,credit_card,2024-04-17
ACC-05235,CUST-02332,credit_card,2024-01-11
ACC-05236,CUST-00680,credit_card,2024-07-09
ACC-05237,CUST-00552,checking,2024-02-25
ACC-05238,CUST-00115,savings,2024-03-28
ACC-05239,CUST-01444,checking,2024-08-02
ACC-05240,CUST-01854,checking,2024-08-05
ACC-05241,CUST-04448,credit_card,2024-01-18
ACC-05242,CUST-03285,checking,2024-08-01
ACC-05243,CUST-03957,savings,2024-04-21
ACC-05244,CUST-00635,checking,2024-11-12
ACC-05245,CUST-00709,checking,2024-05-14
ACC-05246,CUST-00459,credit_card,2024-07-26
ACC-05247,CUST-03042,checking,2024-12-25
ACC-05248,CUST-04578,checking,2024-12-27
ACC-05249,CUST-01946,savings,2024-10-27
ACC-05250,CUST-00768,checking,2024-04-05
ACC-05251,CUST-00524,checking,2024-10-23
ACC-05252,CUST-01531,savings,2024-03-21
ACC-05253,CUST-03758,savings,2024-07-26
ACC-05254,CUST-03129,credit_card,2024-02-12
ACC-05255,CUST-04071,checking,2024-01-01
ACC-05256,CUST-04352,credit_card,2024-07-04
ACC-05257,CUST-01258,credit_card,2024-11-26
ACC-05258,CUST-01505,credit_card,2024-09-22
ACC-05259,CUST-04698,checking,2024-09-20
ACC-05260,CUST-01269,savings,2024-08-25
ACC-05261,CUST-01000,credit_card,2024-09-16
ACC-05262,CUST-01174,savings,2024-01-19
ACC-05263,CUST-01369,checking,2024-10-02
ACC-05264,CUST-02350,savings,2024-10-24
ACC-05265,CUST-00162,credit_card,2024-07-19
ACC-05266,CUST-03824,credit_card,2024-11-24
ACC-05267,CUST-01814,savings,2024-10-03
ACC-05268,CUST-04297,savings,2024-07-24
ACC-05269,CUST-01128,checking,2024-12-08
ACC-05270,CUST-02791,savings,2024-08-28
ACC-05271,CUST-02520,checking,2024-11-08
ACC-05272,CUST-01978,savings,2024-01-28
ACC-05273,CUST-01571,savings,2024-10-14
ACC-05274,CUST-02631,checking,2024-12-20
ACC-05275,CUST-04566,checking,2024-03-06
ACC-05276,CUST-04576,savings,2024-02-10
ACC-05277,CUST-04654,checking,2024-08-14
ACC-05278,CUST-04661,savings,2024-03-09
ACC-05279,CUST-01234,credit_card,2024-11-11
ACC-05280,CUST-01499,checking,2024-12-06
ACC-05281,CUST-02825,savings,2024-12-13
ACC-05282,CUST-03549,checking,2024-05-26
ACC-05283,CUST-01942,credit_card,2024-12-11
ACC-05284,CUST-01686,checking,2024-02-22
ACC-05285,CUST-00234,credit_card,2024-11-08
ACC-05286,CUST-01409,savings,2024-12-15
ACC-05287,CUST-04237,savings,2024-05-08
ACC-05288,CUST-01633,credit_card,2024-07-25
ACC-05289,CUST-03349,checking,2024-05-04
ACC-05290,CUST-01096,credit_card,2024-01-07
ACC-05291,CUST-03830,savings,2024-01-23
ACC-05292,CUST-02306,savings,2024-02-05
ACC-05293,CUST-04443,savings,2024-10-10
ACC-05294,CUST-04821,savings,2024-06-24
ACC-05295,CUST-00421,credit_card,2024-12-06
ACC-05296,CUST-01781,credit_card,2024-07-05
ACC-05297,CUST-01690,checking,2024-02-11
ACC-05298,CUST-02222,savings,2024-09-06
ACC-05299,CUST-02916,savings,2024-11-25
ACC-05300,CUST-00010,checking,2024-08-18
ACC-05301,CUST-03144,credit_card,2024-09-23
ACC-05302,CUST-02086,checking,2024-01-13
ACC-05303,CUST-00782,credit_card,2024-01-11
ACC-05304,CUST-01793,savings,2024-07-10
ACC-05305,CUST-02410,credit_card,2024-10-08
ACC-05306,CUST-02123,savings,2024-07-06
ACC-05307,CUST-02226,checking,2024-03-02
ACC-05308,CUST-02155,savings,2024-02-05
ACC-05309,CUST-01158,savings,2024-06-22
ACC-05310,CUST-02386,credit_card,2024-07-01
ACC-05311,CUST-00965,savings,2024-04-27
ACC-05312,CUST-04389,checking,2024-11-06
ACC-05313,CUST-04930,checking,2024-01-05
ACC-05314,CUST-01926,savings,2024-05-13
ACC-05315,CUST-04456,credit_card,2024-03-15
ACC-05316,CUST-02446,savings,2024-07-17
ACC-05317,CUST-02775,credit_card,2024-07-05
ACC-05318,CUST-04086,savings,2024-01-15
ACC-05319,CUST-00708,savings,2024-03-14
ACC-05320,CUST-02227,checking,2024-01-03
ACC-05321,CUST-00513,checking,2024-08-27
ACC-05322,CUST-00524,checking,2024-08-06
ACC-05323,CUST-01299,credit_card,2024-07-22
ACC-05324,CUST-02696,savings,2024-04-20
ACC-05325,CUST-03121,checking,2024-01-18
ACC-05326,CUST-00621,credit_card,2024-09-19
ACC-05327,CUST-04012,checking,2024-02-13
ACC-05328,CUST-04261,checking,2024-03-10
ACC-05329,CUST-00026,savings,2024-05-03
ACC-05330,CUST-00039,credit_card,2024-09-15
ACC-05331,CUST-04842,credit_card,2024-12-17
ACC-05332,CUST-01735,credit_card,2024-01-08
ACC-05333,CUST-01319,savings,2024-02-02
ACC-05334,CUST-03591,checking,2024-01-07
ACC-05335,CUST-00440,checking,2024-11-16
ACC-05336,CUST-04146,credit_card,2024-10-04
ACC-05337,CUST-04962,credit_card,2024-12-06
ACC-05338,CUST-00811,credit_card,2024-01-09
ACC-05339,CUST-01252,savings,2024-04-18
ACC-05340,CUST-02680,savings,2024-12-01
ACC-05341,CUST-02907,checking,2024-11-11
ACC-05342,CUST-01113,checking,2024-11-20
ACC-05343,CUST-02916,checking,2024-12-07
ACC-05344,CUST-04350,checking,2024-08-06
ACC-05345,CUST-02571,checking,2024-01-16
ACC-05346,CUST-04798,checking,2024-07-21
ACC-05347,CUST-00185,credit_card,2024-12-02
ACC-05348,CUST-01056,checking,2024-06-27
ACC-05349,CUST-00793,savings,2024-12-17
ACC-05350,CUST-01410,savings,2024-03-20
ACC-05351,CUST-03263,credit_card,2024-03-09
ACC-05352,CUST-01172,checking,2024-10-28
ACC-05353,CUST-04295,checking,2024-06-21
ACC-05354,CUST-01479,checking,2024-03-23
ACC-05355,CUST-02359,credit_card,2024-12-05
ACC-05356,CUST-02181,savings,2024-01-08
ACC-05357,CUST-03378,checking,2024-09-21
ACC-05358,CUST-01727,credit_card,2024-10-01
ACC-05359,CUST-01588,savings,2024-03-27
ACC-05360,CUST-03531,savings,2024-02-24
ACC-05361,CUST-02493,savings,2024-03-22
ACC-05362,CUST-03923,credit_card,2024-05-28
ACC-05363,CUST-03899,credit_card,2024-12-04
ACC-05364,CUST-00809,credit_card,2024-01-03
ACC-05365,CUST-03974,checking,2024-09-07
ACC-05366,CUST-03135,savings,2024-04-27
ACC-05367,CUST-03491,checking,2024-04-10
ACC-05368,CUST-01221,credit_card,2024-08-08
ACC-05369,CUST-04239,credit_card,2024-05-09
ACC-05370,CUST-01870,credit_card,2024-03-22
ACC-05371,CUST-03442,savings,2024-11-18
ACC-05372,CUST-00159,credit_card,2024-06-10
ACC-05373,CUST-04867,savings,2024-01-17
ACC-05374,CUST-02894,credit_card,2024-12-19
ACC-05375,CUST-03640,credit_card,2024-10-06
ACC-05376,CUST-04965,checking,2024-06-01
ACC-05377,CUST-00154,credit_card,2024-05-19
ACC-05378,CUST-02037,checking,2024-06-24
ACC-05379,CUST-00254,credit_card,2024-12-12
ACC-05380,CUST-01935,savings,2024-12-10
ACC-05381,CUST-01002,savings,2024-11-16
ACC-05382,CUST-00514,credit_card,2024-02-27
ACC-05383,CUST-01141,savings,2024-02-03
ACC-05384,CUST-03999,savings,2024-08-12
ACC-05385,CUST-01782,savings,2024-06-09
ACC-05386,CUST-02150,checking,2024-11-21
ACC-05387,CUST-03051,credit_card,2024-09-02
ACC-05388,CUST-00129,credit_card,2024-03-09
ACC-05389,CUST-02708,savings,2024-12-19
ACC-05390,CUST-03933,credit_card,2024-07-13
ACC-05391,CUST-00009,credit_card,2024-12-16
ACC-05392,CUST-02767,savings,2024-07-18
ACC-05393,CUST-03407,savings,2024-11-22
ACC-05394,CUST-00204,savings,2024-11-05
ACC-05395,CUST-00766,checking,2024-11-01
ACC-05396,CUST-02874,savings,2024-10-07
ACC-05397,CUST-02852,checking,2024-09-20
ACC-05398,CUST-01667,credit_card,2024-10-23
ACC-05399,CUST-00681,checking,2024-09-08
ACC-05400,CUST-02621,savings,2024-05-19
ACC-05401,CUST-01632,credit_card,2024-12-09
ACC-05402,CUST-03206,savings,2024-04-25
ACC-05403,CUST-02882,credit_card,2024-08-24
ACC-05404,CUST-01868,savings,2024-08-20
ACC-05405,CUST-00663,checking,2024-11-02
ACC-05406,CUST-00070,savings,2024-10-12
ACC-05407,CUST-04248,checking,2024-07-01
ACC-05408,CUST-01480,savings,2024-08-24
ACC-05409,CUST-01035,checking,2024-01-25
ACC-05410,CUST-04238,checking,2024-12-01
ACC-05411,CUST-01870,checking,2024-08-23
ACC-05412,CUST-01379,checking,2024-03-09
ACC-05413,CUST-01691,savings,2024-12-13
ACC-05414,CUST-04324,credit_card,2024-02-10
ACC-05415,CUST-01377,savings,2024-03-24
ACC-05416,CUST-02641,credit_card,2024-12-09
ACC-05417,CUST-01037,checking,2024-07-24
ACC-05418,CUST-00809,savings,2024-01-16
ACC-05419,CUST-01579,credit_card,2024-08-09
ACC-05420,CUST-00524,credit_card,2024-08-04
ACC-05421,CUST-00085,credit_card,2024-09-28
ACC-05422,CUST-03849,credit_card,2024-07-02
ACC-05423,CUST-00379,checking,2024-02-24
ACC-05424,CUST-01253,savings,2024-06-22
ACC-05425,CUST-03360,checking,2024-02-27
ACC-05426,CUST-03566,checking,2024-05-08
ACC-05427,CUST-02950,savings,2024-12-10
ACC-05428,CUST-02394,savings,2024-06-27
ACC-05429,CUST-04287,savings,2024-04-22
ACC-05430,CUST-02675,credit_card,2024-06-11
ACC-05431,CUST-00375,credit_card,2024-06-17
ACC-05432,CUST-03009,savings,2024-12-13
ACC-05433,CUST-04772,checking,2024-11-05
ACC-05434,CUST-01014,credit_card,2024-12-02
ACC-05435,CUST-02374,credit_card,2024-04-05
ACC-05436,CUST-01859,savings,2024-12-28
ACC-05437,CUST-04726,checking,2024-03-10
ACC-05438,CUST-02429,credit_card,2024-03-06
ACC-05439,CUST-01378,checking,2024-03-19
ACC-05440,CUST-01370,credit_card,2024-05-27
ACC-05441,CUST-02237,credit_card,2024-03-28
ACC-05442,CUST-04919,savings,2024-04-09
ACC-05443,CUST-03886,savings,2024-11-01
ACC-05444,CUST-02146,savings,2024-12-28
ACC-05445,CUST-03604,savings,2024-05-26
ACC-05446,CUST-00898,savings,2024-11-21
ACC-05447,CUST-03923,checking,2024-09-27
ACC-05448,CUST-04379,checking,2024-05-15
ACC-05449,CUST-04973,checking,2024-10-22
ACC-05450,CUST-00764,credit_card,2024-05-16
ACC-05451,CUST-04007,savings,2024-12-05
ACC-05452,CUST-00517,savings,2024-07-21
ACC-05453,CUST-04235,checking,2024-07-06
ACC-05454,CUST-02477,checking,2024-11-07
ACC-05455,CUST-00549,savings,2024-07-13
ACC-05456,CUST-02678,savings,2024-01-21
ACC-05457,CUST-00707,credit_card,2024-11-17
ACC-05458,CUST-04194,credit_card,2024-02-01
ACC-05459,CUST-01440,savings,2024-02-15
ACC-05460,CUST-03230,credit_card,2024-09-27
ACC-05461,CUST-01378,savings,2024-11-17
ACC-05462,CUST-00252,savings,2024-08-03
ACC-05463,CUST-01323,checking,2024-12-12
ACC-05464,CUST-01035,savings,2024-09-12
ACC-05465,CUST-04437,savings,2024-04-02
ACC-05466,CUST-00212,credit_card,2024-11-07
ACC-05467,CUST-02094,checking,2024-12-18
ACC-05468,CUST-02433,savings,2024-01-20
ACC-05469,CUST-03991,checking,2024-10-06
ACC-05470,CUST-00035,savings,2024-06-24
ACC-05471,CUST-03906,checking,2024-11-09
ACC-05472,CUST-05000,checking,2024-02-11
ACC-05473,CUST-02087,savings,2024-04-16
ACC-05474,CUST-01582,credit_card,2024-09-07
ACC-05475,CUST-02094,savings,2024-08-24
ACC-05476,CUST-01824,checking,2024-04-11
ACC-05477,CUST-00394,checking,2024-02-01
ACC-05478,CUST-01109,credit_card,2024-03-10
ACC-05479,CUST-03239,credit_card,2024-07-16
ACC-05480,CUST-02964,credit_card,2024-01-07
ACC-05481,CUST-00227,credit_card,2024-01-17
ACC-05482,CUST-02202,checking,2024-05-01
ACC-05483,CUST-00618,savings,2024-10-23
ACC-05484,CUST-02213,credit_card,2024-08-25
ACC-05485,CUST-02332,checking,2024-07-22
ACC-05486,CUST-04354,credit_card,2024-09-15
ACC-05487,CUST-03899,checking,2024-03-11
ACC-05488,CUST-02138,checking,2024-10-24
ACC-05489,CUST-03044,credit_card,2024-10-12
ACC-05490,CUST-04596,checking,2024-08-11
ACC-05491,CUST-04831,savings,2024-06-04
ACC-05492,CUST-03388,credit_card,2024-09-19
ACC-05493,CUST-03037,checking,2024-11-02
ACC-05494,CUST-04457,checking,2024-10-20
ACC-05495,CUST-00259,credit_card,2024-04-18
ACC-05496,CUST-01154,credit_card,2024-10-16
ACC-05497,CUST-01579,credit_card,2024-01-21
ACC-05498,CUST-04616,credit_card,2024-05-05
ACC-05499,CUST-01403,savings,2024-11-22
ACC-05500,CUST-04608,savings,2024-04-10
ACC-05501,CUST-04753,savings,2024-03-04
ACC-05502,CUST-00752,checking,2024-04-20
ACC-05503,CUST-00261,credit_card,2024-03-26
ACC-05504,CUST-04872,checking,2024-05-18
ACC-05505,CUST-04699,savings,2024-10-28
ACC-05506,CUST-02335,checking,2024-05-06
ACC-05507,CUST-03143,credit_card,2024-06-26
ACC-05508,CUST-02364,checking,2024-05-08
ACC-05509,CUST-03256,checking,2024-12-22
ACC-05510,CUST-00177,savings,2024-08-16
ACC-05511,CUST-04851,savings,2024-12-22
ACC-05512,CUST-01394,credit_card,2024-03-07
ACC-05513,CUST-02354,credit_card,2024-08-22
ACC-05514,CUST-04849,checking,2024-11-10
ACC-05515,CUST-01907,savings,2024-04-06
ACC-05516,CUST-00604,savings,2024-07-19
ACC-05517,CUST-02626,checking,2024-02-24
ACC-05518,CUST-03989,checking,2024-11-20
ACC-05519,CUST-04420,credit_card,2024-08-08
ACC-05520,CUST-00487,credit_card,2024-11-27
ACC-05521,CUST-01029,checking,2024-05-05
ACC-05522,CUST-03862,credit_card,2024-02-04
ACC-05523,CUST-02649,savings,2024-07-01
ACC-05524,CUST-01664,credit_card,2024-04-21
ACC-05525,CUST-04722,credit_card,2024-11-20
ACC-05526,CUST-00471,checking,2024-11-28
ACC-05527,CUST-01287,credit_card,2024-07-19
ACC-05528,CUST-04942,savings,2024-02-18
ACC-05529,CUST-03697,savings,2024-06-20
ACC-05530,CUST-03944,checking,2024-06-16
ACC-05531,CUST-03587,credit_card,2024-02-06
ACC-05532,CUST-02648,credit_card,2024-01-24
ACC-05533,CUST-04508,checking,2024-02-05
ACC-05534,CUST-02561,savings,2024-06-18
ACC-05535,CUST-04237,credit_card,2024-06-13
ACC-05536,CUST-03609,credit_card,2024-07-23
ACC-05537,CUST-04586,checking,2024-08-26
ACC-05538,CUST-04414,savings,2024-05-23
ACC-05539,CUST-02472,checking,2024-10-16
ACC-05540,CUST-03927,checking,2024-06-24
ACC-05541,CUST-01285,savings,2024-06-06
ACC-05542,CUST-01885,savings,2024-10-09
ACC-05543,CUST-02802,savings,2024-08-25
ACC-05544,CUST-02712,savings,2024-08-22
ACC-05545,CUST-01241,checking,2024-10-03
ACC-05546,CUST-00945,credit_card,2024-11-13
ACC-05547,CUST-04795,credit_card,2024-05-17
ACC-05548,CUST-02105,checking,2024-06-27
ACC-05549,CUST-01595,credit_card,2024-06-08
ACC-05550,CUST-01870,savings,2024-01-15
ACC-05551,CUST-01581,credit_card,2024-09-08
ACC-05552,CUST-00049,savings,2024-12-08
ACC-05553,CUST-04355,checking,2024-12-01
ACC-05554,CUST-02616,savings,2024-05-08
ACC-05555,CUST-02503,checking,2024-02-20
ACC-05556,CUST-02053,checking,2024-06-07
ACC-05557,CUST-04140,credit_card,2024-09-03
ACC-05558,CUST-03579,credit_card,2024-01-18
ACC-05559,CUST-00804,savings,2024-11-07
ACC-05560,CUST-04055,savings,2024-12-03
ACC-05561,CUST-04436,credit_card,2024-08-08
ACC-05562,CUST-02942,credit_card,2024-03-24
ACC-05563,CUST-04447,checking,2024-11-26
ACC-05564,CUST-00665,checking,2024-12-01
ACC-05565,CUST-04039,savings,2024-05-05
ACC-05566,CUST-03332,credit_card,2024-01-26
ACC-05567,CUST-01335,checking,2024-12-08
ACC-05568,CUST-03334,checking,2024-01-02
ACC-05569,CUST-04692,credit_card,2024-02-25
ACC-05570,CUST-01292,savings,2024-01-05
ACC-05571,CUST-03111,checking,2024-04-09
ACC-05572,CUST-01619,checking,2024-06-08
ACC-05573,CUST-00681,credit_card,2024-01-15
ACC-05574,CUST-03182,credit_card,2024-08-21
ACC-05575,CUST-01316,savings,2024-07-03
ACC-05576,CUST-01764,credit_card,2024-04-21
ACC-05577,CUST-02350,credit_card,2024-10-14
ACC-05578,CUST-01433,checking,2024-03-27
ACC-05579,CUST-03789,credit_card,2024-03-04
ACC-05580,CUST-03313,checking,2024-05-28
ACC-05581,CUST-04272,checking,2024-01-10
ACC-05582,CUST-04259,checking,2024-02-26
ACC-05583,CUST-04671,checking,2024-10-10
ACC-05584,CUST-04116,savings,2024-09-19
ACC-05585,CUST-02009,savings,2024-07-01
ACC-05586,CUST-02478,credit_card,2024-08-19
ACC-05587,CUST-04123,savings,2024-10-12
ACC-05588,CUST-03747,credit_card,2024-08-27
ACC-05589,CUST-02876,checking,2024-09-16
ACC-05590,CUST-02991,savings,2024-07-24
ACC-05591,CUST-01194,checking,2024-07-03
ACC-05592,CUST-03539,checking,2024-01-05
ACC-05593,CUST-03402,savings,2024-12-11
ACC-05594,CUST-01777,checking,2024-09-19
ACC-05595,CUST-02133,credit_card,2024-06-14
ACC-05596,CUST-04594,credit_card,2024-01-22
ACC-05597,CUST-00930,checking,2024-11-28
ACC-05598,CUST-00201,savings,2024-05-05
ACC-05599,CUST-02994,savings,2024-01-19
ACC-05600,CUST-03616,credit_card,2024-09-04
ACC-05601,CUST-04958,savings,2024-11-14
ACC-05602,CUST-01620,checking,2024-03-02
ACC-05603,CUST-04979,credit_card,2024-03-16
ACC-05604,CUST-00528,credit_card,2024-07-27
ACC-05605,CUST-00806,credit_card,2024-11-26
ACC-05606,CUST-04001,credit_card,2024-10-13
ACC-05607,CUST-03054,checking,2024-12-07
ACC-05608,CUST-03152,checking,2024-07-21
ACC-05609,CUST-00941,savings,2024-03-05
ACC-05610,CUST-00629,checking,2024-05-02
ACC-05611,CUST-03075,savings,2024-08-01
ACC-05612,CUST-02407,savings,2024-07-24
ACC-05613,CUST-00111,checking,2024-03-17
ACC-05614,CUST-01433,savings,2024-04-10
ACC-05615,CUST-01584,checking,2024-04-05
ACC-05616,CUST-02329,credit_card,2024-02-09
ACC-05617,CUST-00473,credit_card,2024-04-01
ACC-05618,CUST-02809,savings,2024-01-23
ACC-05619,CUST-04185,savings,2024-02-01
ACC-05620,CUST-00487,savings,2024-08-11
ACC-05621,CUST-04343,checking,2024-06-08
ACC-05622,CUST-01608,checking,2024-09-14
ACC-05623,CUST-01382,checking,2024-02-13
ACC-05624,CUST-02172,checking,2024-05-12
ACC-05625,CUST-02134,savings,2024-02-25
ACC-05626,CUST-04855,credit_card,2024-06-13
ACC-05627,CUST-02005,checking,2024-01-08
ACC-05628,CUST-01280,savings,2024-08-03
ACC-05629,CUST-03172,checking,2024-06-13
ACC-05630,CUST-02806,credit_card,2024-06-09
ACC-05631,CUST-02696,savings,2024-08-25
ACC-05632,CUST-00991,credit_card,2024-04-06
ACC-05633,CUST-00647,checking,2024-11-24
ACC-05634,CUST-04928,checking,2024-10-23
ACC-05635,CUST-01601,credit_card,2024-05-23
ACC-05636,CUST-02120,savings,2024-08-24
ACC-05637,CUST-02557,credit_card,2024-07-13
ACC-05638,CUST-02606,checking,2024-06-13
ACC-05639,CUST-01043,credit_card,2024-04-11
ACC-05640,CUST-01717,savings,2024-10-22
ACC-05641,CUST-01322,credit_card,2024-11-20
ACC-05642,CUST-01572,checking,2024-09-13
ACC-05643,CUST-02021,checking,2024-03-10
ACC-05644,CUST-00675,credit_card,2024-05-18
ACC-05645,CUST-02759,credit_card,2024-03-26
ACC-05646,CUST-00791,savings,2024-03-07
ACC-05647,CUST-03295,credit_card,2024-10-02
ACC-05648,CUST-03518,credit_card,2024-07-28
ACC-05649,CUST-00625,savings,2024-04-28
ACC-05650,CUST-04213,credit_card,2024-01-01
ACC-05651,CUST-03970,savings,2024-09-09
ACC-05652,CUST-03299,credit_card,2024-07-19
ACC-05653,CUST-01449,savings,2024-02-05
ACC-05654,CUST-02543,savings,2024-08-02
ACC-05655,CUST-01892,checking,2024-03-03
ACC-05656,CUST-03726,checking,2024-04-07
ACC-05657,CUST-01779,credit_card,2024-03-23
ACC-05658,CUST-00742,checking,2024-06-21
ACC-05659,CUST-01438,savings,2024-03-02
ACC-05660,CUST-03922,credit_card,2024-05-13
ACC-05661,CUST-03065,checking,2024-11-04
ACC-05662,CUST-01275,credit_card,2024-03-15
ACC-05663,CUST-02403,checking,2024-11-05
ACC-05664,CUST-04037,savings,2024-04-01
ACC-05665,CUST-04124,checking,2024-03-26
ACC-05666,CUST-01218,savings,2024-12-20
ACC-05667,CUST-00259,checking,2024-11-01
ACC-05668,CUST-03092,checking,2024-08-11
ACC-05669,CUST-03123,checking,2024-07-27
ACC-05670,CUST-03505,checking,2024-06-27
ACC-05671,CUST-04624,checking,2024-01-23
ACC-05672,CUST-01489,checking,2024-10-02
ACC-05673,CUST-04392,savings,2024-12-21
ACC-05674,CUST-02913,credit_card,2024-05-05
ACC-05675,CUST-03399,credit_card,2024-04-20
ACC-05676,CUST-04167,credit_card,2024-09-02
ACC-05677,CUST-04612,credit_card,2024-02-08
ACC-05678,CUST-02428,checking,2024-08-18
ACC-05679,CUST-03497,checking,2024-10-22
ACC-05680,CUST-00935,credit_card,2024-01-05
ACC-05681,CUST-01645,credit_card,2024-10-01
ACC-05682,CUST-03420,credit_card,2024-04-01
ACC-05683,CUST-02630,credit_card,2024-10-23
ACC-05684,CUST-03024,savings,2024-05-21
ACC-05685,CUST-04196,checking,2024-04-24
ACC-05686,CUST-04841,checking,2024-08-17
ACC-05687,CUST-04043,checking,2024-05-12
ACC-05688,CUST-04530,savings,2024-01-25
ACC-05689,CUST-00634,checking,2024-01-28
ACC-05690,CUST-02072,savings,2024-12-22
ACC-05691,CUST-04740,savings,2024-09-11
ACC-05692,CUST-00134,checking,2024-01-01
ACC-05693,CUST-03875,savings,2024-04-02
ACC-05694,CUST-03966,savings,2024-02-01
ACC-05695,CUST-01362,credit_card,2024-04-08
ACC-05696,CUST-01433,credit_card,2024-08-22
ACC-05697,CUST-03382,savings,2024-03-07
ACC-05698,CUST-04420,savings,2024-03-20
ACC-05699,CUST-04112,savings,2024-10-21
ACC-05700,CUST-03769,savings,2024-09-14
ACC-05701,CUST-02197,checking,2024-09-03
ACC-05702,CUST-01061,checking,2024-06-06
ACC-05703,CUST-00663,checking,2024-08-16
ACC-05704,CUST-04491,checking,2024-01-22
ACC-05705,CUST-00379,checking,2024-05-15
ACC-05706,CUST-00324,savings,2024-12-04
ACC-05707,CUST-04975,checking,2024-05-27
ACC-05708,CUST-04951,credit_card,2024-10-28
ACC-05709,CUST-00833,checking,2024-11-05
ACC-05710,CUST-04219,credit_card,2024-03-26
ACC-05711,CUST-04861,savings,2024-07-07
ACC-05712,CUST-01877,savings,2024-07-11
ACC-05713,CUST-02552,checking,2024-01-05
ACC-05714,CUST-00981,savings,2024-05-11
ACC-05715,CUST-00910,credit_card,2024-08-07
ACC-05716,CUST-01196,savings,2024-12-24
ACC-05717,CUST-02796,checking,2024-04-04
ACC-05718,CUST-00812,savings,2024-05-05
ACC-05719,CUST-00594,credit_card,2024-12-19
ACC-05720,CUST-02529,savings,2024-02-18
ACC-05721,CUST-03640,credit_card,2024-06-22
ACC-05722,CUST-04007,credit_card,2024-11-17
ACC-05723,CUST-02962,savings,2024-09-23
ACC-05724,CUST-02717,savings,2024-09-12
ACC-05725,CUST-02367,credit_card,2024-12-08
ACC-05726,CUST-04958,savings,2024-11-05
ACC-05727,CUST-00291,credit_card,2024-03-24
ACC-05728,CUST-02043,savings,2024-02-27
ACC-05729,CUST-02179,checking,2024-09-25
ACC-05730,CUST-02493,credit_card,2024-09-03
ACC-05731,CUST-02363,credit_card,2024-02-14
ACC-05732,CUST-00481,credit_card,2024-02-02
ACC-05733,CUST-03393,credit_card,2024-07-19
ACC-05734,CUST-02601,credit_card,2024-08-13
ACC-05735,CUST-02575,credit_card,2024-12-05
ACC-05736,CUST-00758,savings,2024-08-24
ACC-05737,CUST-02445,credit_card,2024-09-15
ACC-05738,CUST-02335,checking,2024-01-14
ACC-05739,CUST-02493,checking,2024-04-03
ACC-05740,CUST-03684,checking,2024-11-15
ACC-05741,CUST-03645,checking,2024-09-24
ACC-05742,CUST-01157,checking,2024-05-23
ACC-05743,CUST-02725,savings,2024-02-07
ACC-05744,CUST-03184,checking,2024-11-10
ACC-05745,CUST-00159,credit_card,2024-08-21
ACC-05746,CUST-01801,credit_card,2024-08-01
ACC-05747,CUST-02507,credit_card,2024-05-12
ACC-05748,CUST-04647,credit_card,2024-04-13
ACC-05749,CUST-02252,savings,2024-01-22
ACC-05750,CUST-00282,credit_card,2024-11-14
ACC-05751,CUST-01372,checking,2024-02-13
ACC-05752,CUST-01672,checking,2024-01-09
ACC-05753,CUST-01378,savings,2024-01-13
ACC-05754,CUST-04345,savings,2024-08-10
ACC-05755,CUST-03273,credit_card,2024-01-26
ACC-05756,CUST-01986,credit_card,2024-12-03
ACC-05757,CUST-02226,checking,2024-06-13
ACC-05758,CUST-00999,checking,2024-06-14
ACC-05759,CUST-04773,checking,2024-12-15
ACC-05760,CUST-02057,credit_card,2024-08-23
ACC-05761,CUST-04353,savings,2024-09-05
ACC-05762,CUST-01564,credit_card,2024-11-04
ACC-05763,CUST-00884,credit_card,2024-12-20
ACC-05764,CUST-03078,savings,2024-02-08
ACC-05765,CUST-03878,checking,2024-03-12
ACC-05766,CUST-00841,savings,2024-05-21
ACC-05767,CUST-00160,checking,2024-12-27
ACC-05768,CUST-03493,savings,2024-03-06
ACC-05769,CUST-00794,checking,2024-12-09
ACC-05770,CUST-01157,credit_card,2024-12-10
ACC-05771,CUST-03419,checking,2024-07-15
ACC-05772,CUST-02239,credit_card,2024-03-19
ACC-05773,CUST-01726,savings,2024-03-02
ACC-05774,CUST-03305,savings,2024-10-22
ACC-05775,CUST-04150,credit_card,2024-02-10
ACC-05776,CUST-00223,checking,2024-11-05
ACC-05777,CUST-04466,checking,2024-10-06
ACC-05778,CUST-00482,checking,2024-04-12
ACC-05779,CUST-03768,checking,2024-12-05
ACC-05780,CUST-04924,checking,2024-03-06
ACC-05781,CUST-03630,checking,2024-10-11
ACC-05782,CUST-03280,savings,2024-04-20
ACC-05783,CUST-00387,savings,2024-12-07
ACC-05784,CUST-03303,savings,2024-05-22
ACC-05785,CUST-00453,savings,2024-02-20
ACC-05786,CUST-00959,savings,2024-04-24
ACC-05787,CUST-04949,savings,2024-03-20
ACC-05788,CUST-01260,checking,2024-02-13
ACC-05789,CUST-01911,savings,2024-01-06
ACC-05790,CUST-02999,credit_card,2024-09-19
ACC-05791,CUST-01813,checking,2024-02-16
ACC-05792,CUST-01691,credit_card,2024-02-17
ACC-05793,CUST-02560,savings,2024-11-26
ACC-05794,CUST-01966,checking,2024-10-13
ACC-05795,CUST-02869,checking,2024-12-15
ACC-05796,CUST-04533,savings,2024-12-28
ACC-05797,CUST-01323,savings,2024-08-03
ACC-05798,CUST-02522,savings,2024-07-03
ACC-05799,CUST-01558,checking,2024-01-15
ACC-05800,CUST-04333,checking,2024-02-14
ACC-05801,CUST-04320,savings,2024-06-20
ACC-05802,CUST-01020,checking,2024-01-22
ACC-05803,CUST-02385,credit_card,2024-12-27
ACC-05804,CUST-03544,credit_card,2024-06-18
ACC-05805,CUST-03754,credit_card,2024-07-28
ACC-05806,CUST-00779,savings,2024-08-03
ACC-05807,CUST-01242,checking,2024-01-02
ACC-05808,CUST-04576,savings,2024-08-07
ACC-05809,CUST-04921,savings,2024-05-07
ACC-05810,CUST-00316,checking,2024-09-24
ACC-05811,CUST-04920,checking,2024-12-14
ACC-05812,CUST-03613,credit_card,2024-07-21
ACC-05813,CUST-01609,savings,2024-09-12
ACC-05814,CUST-03973,credit_card,2024-10-01
ACC-05815,CUST-03699,credit_card,2024-06-09
ACC-05816,CUST-03462,savings,2024-10-12
ACC-05817,CUST-04228,savings,2024-04-18
ACC-05818,CUST-04450,savings,2024-09-04
ACC-05819,CUST-02927,savings,2024-01-19
ACC-05820,CUST-02068,savings,2024-02-20
ACC-05821,CUST-04373,checking,2024-12-14
ACC-05822,CUST-02249,checking,2024-01-11
ACC-05823,CUST-02531,checking,2024-07-08
ACC-05824,CUST-03905,checking,2024-10-02
ACC-05825,CUST-04675,savings,2024-06-06
ACC-05826,CUST-02905,credit_card,2024-05-14
ACC-05827,CUST-00166,credit_card,2024-05-13
ACC-05828,CUST-02785,checking,2024-10-20
ACC-05829,CUST-01298,checking,2024-12-14
ACC-05830,CUST-00098,credit_card,2024-06-25
ACC-05831,CUST-04121,credit_card,2024-04-13
ACC-05832,CUST-02497,checking,2024-09-21
ACC-05833,CUST-00640,savings,2024-06-14
ACC-05834,CUST-02011,savings,2024-04-20
ACC-05835,CUST-04580,savings,2024-08-02
ACC-05836,CUST-01365,credit_card,2024-07-09
ACC-05837,CUST-04772,savings,2024-03-18
ACC-05838,CUST-01171,savings,2024-05-21
ACC-05839,CUST-02175,credit_card,2024-12-18
ACC-05840,CUST-01407,checking,2024-09-03
ACC-05841,CUST-04277,savings,2024-12-27
ACC-05842,CUST-00249,savings,2024-11-16
ACC-05843,CUST-01278,savings,2024-06-03
ACC-05844,CUST-04837,checking,2024-12-18
ACC-05845,CUST-04465,checking,2024-11-02
ACC-05846,CUST-03982,credit_card,2024-11-26
ACC-05847,CUST-02793,savings,2024-02-09
ACC-05848,CUST-03808,credit_card,2024-04-26
ACC-05849,CUST-02768,credit_card,2024-01-21
ACC-05850,CUST-04178,savings,2024-01-02
ACC-05851,CUST-02052,checking,2024-07-04
ACC-05852,CUST-04874,savings,2024-06-20
ACC-05853,CUST-00779,checking,2024-05-25
ACC-05854,CUST-02231,credit_card,2024-07-07
ACC-05855,CUST-01286,savings,2024-07-01
ACC-05856,CUST-03566,checking,2024-10-22
ACC-05857,CUST-03942,savings,2024-06-27
ACC-05858,CUST-04693,checking,2024-07-13
ACC-05859,CUST-04987,checking,2024-02-11
ACC-05860,CUST-01435,checking,2024-03-01
ACC-05861,CUST-01712,checking,2024-04-03
ACC-05862,CUST-00915,checking,2024-06-06
ACC-05863,CUST-00081,credit_card,2024-09-03
ACC-05864,CUST-00636,credit_card,2024-08-27
ACC-05865,CUST-03727,checking,2024-08-26
ACC-05866,CUST-01650,checking,2024-12-10
ACC-05867,CUST-02329,checking,2024-04-13
ACC-05868,CUST-02023,credit_card,2024-11-07
ACC-05869,CUST-02760,savings,2024-06-12
ACC-05870,CUST-00823,credit_card,2024-06-07
ACC-05871,CUST-04909,checking,2024-08-16
ACC-05872,CUST-03350,checking,2024-03-12
ACC-05873,CUST-00886,savings,2024-05-18
ACC-05874,CUST-01839,credit_card,2024-08-15
ACC-05875,CUST-02951,credit_card,2024-04-24
ACC-05876,CUST-00341,credit_card,2024-05-14
ACC-05877,CUST-03395,credit_card,2024-08-11
ACC-05878,CUST-02150,checking,2024-07-28
ACC-05879,CUST-01642,savings,2024-06-22
ACC-05880,CUST-01711,savings,2024-04-01
ACC-05881,CUST-00623,savings,2024-01-19
ACC-05882,CUST-02104,savings,2024-08-11
ACC-05883,CUST-03167,savings,2024-01-18
ACC-05884,CUST-04938,checking,2024-06-24
ACC-05885,CUST-01936,credit_card,2024-04-20
ACC-05886,CUST-04331,credit_card,2024-12-26
ACC-05887,CUST-02955,checking,2024-03-24
ACC-05888,CUST-01492,checking,2024-08-23
ACC-05889,CUST-01639,credit_card,2024-09-12
ACC-05890,CUST-04601,checking,2024-12-18
ACC-05891,CUST-01090,credit_card,2024-11-27
ACC-05892,CUST-00952,checking,2024-02-07
ACC-05893,CUST-01619,checking,2024-06-22
ACC-05894,CUST-01687,savings,2024-07-06
ACC-05895,CUST-04000,credit_card,2024-02-22
ACC-05896,CUST-01944,credit_card,2024-11-04
ACC-05897,CUST-00349,credit_card,2024-06-07
ACC-05898,CUST-02875,checking,2024-07-25
ACC-05899,CUST-01151,credit_card,2024-11-02
ACC-05900,CUST-03990,checking,2024-03-15
ACC-05901,CUST-02862,savings,2024-09-27
ACC-05902,CUST-04558,savings,2024-08-05
ACC-05903,CUST-00314,checking,2024-04-17
ACC-05904,CUST-00205,savings,2024-04-24
ACC-05905,CUST-00290,checking,2024-03-03
ACC-05906,CUST-01764,savings,2024-01-09
ACC-05907,CUST-01556,checking,2024-05-06
ACC-05908,CUST-03493,checking,2024-01-13
ACC-05909,CUST-02765,checking,2024-10-26
ACC-05910,CUST-00487,credit_card,2024-12-27
ACC-05911,CUST-03815,savings,2024-06-17
ACC-05912,CUST-04343,credit_card,2024-09-24
ACC-05913,CUST-02131,savings,2024-02-17
ACC-05914,CUST-02734,credit_card,2024-11-19
ACC-05915,CUST-03903,savings,2024-06-27
ACC-05916,CUST-00956,checking,2024-07-03
ACC-05917,CUST-00916,checking,2024-11-22
ACC-05918,CUST-04767,savings,2024-04-16
ACC-05919,CUST-01637,savings,2024-05-04
ACC-05920,CUST-03350,credit_card,2024-12-27
ACC-05921,CUST-03441,checking,2024-05-23
ACC-05922,CUST-03253,checking,2024-04-06
ACC-05923,CUST-01157,credit_card,2024-10-14
ACC-05924,CUST-00316,savings,2024-11-02
ACC-05925,CUST-00852,checking,2024-06-23
ACC-05926,CUST-00716,savings,2024-06-27
ACC-05927,CUST-02676,checking,2024-10-24
ACC-05928,CUST-03500,savings,2024-08-02
ACC-05929,CUST-01664,savings,2024-10-12
ACC-05930,CUST-02416,savings,2024-06-04
ACC-05931,CUST-03393,checking,2024-06-04
ACC-05932,CUST-01336,checking,2024-12-24
ACC-05933,CUST-02270,checking,2024-12-11
ACC-05934,CUST-04515,checking,2024-07-25
ACC-05935,CUST-03073,credit_card,2024-02-24
ACC-05936,CUST-03785,credit_card,2024-02-27
ACC-05937,CUST-03246,credit_card,2024-09-27
ACC-05938,CUST-01081,credit_card,2024-04-10
ACC-05939,CUST-00328,credit_card,2024-04-12
ACC-05940,CUST-02443,credit_card,2024-04-01
ACC-05941,CUST-04295,checking,2024-07-03
ACC-05942,CUST-00320,savings,2024-09-24
ACC-05943,CUST-00156,savings,2024-02-18
ACC-05944,CUST-00234,checking,2024-02-16
ACC-05945,CUST-04745,checking,2024-02-24
ACC-05946,CUST-00421,savings,2024-02-09
ACC-05947,CUST-03229,credit_card,2024-05-05
ACC-05948,CUST-04428,checking,2024-06-11
ACC-05949,CUST-04571,checking,2024-07-14
ACC-05950,CUST-03995,credit_card,2024-02-05
ACC-05951,CUST-02830,credit_card,2024-08-21
ACC-05952,CUST-00742,credit_card,2024-09-06
ACC-05953,CUST-01613,savings,2024-12-02
ACC-05954,CUST-00822,credit_card,2024-10-12
ACC-05955,CUST-02854,savings,2024-02-06
ACC-05956,CUST-02040,checking,2024-10-11
ACC-05957,CUST-04346,credit_card,2024-10-01
ACC-05958,CUST-03428,checking,2024-06-14
ACC-05959,CUST-04972,credit_card,2024-07-03
ACC-05960,CUST-01227,savings,2024-09-28
ACC-05961,CUST-00316,checking,2024-02-08
ACC-05962,CUST-04019,savings,2024-06-17
ACC-05963,CUST-03227,checking,2024-09-23
ACC-05964,CUST-00822,savings,2024-07-04
ACC-05965,CUST-04485,checking,2024-03-14
ACC-05966,CUST-04094,savings,2024-12-09
ACC-05967,CUST-04517,savings,2024-09-15
ACC-05968,CUST-02665,credit_card,2024-11-24
ACC-05969,CUST-00291,credit_card,2024-04-25
ACC-05970,CUST-03710,credit_card,2024-07-21
ACC-05971,CUST-02087,checking,2024-03-01
ACC-05972,CUST-01341,savings,2024-09-12
ACC-05973,CUST-00754,checking,2024-03-17
ACC-05974,CUST-04872,checking,2024-07-05
ACC-05975,CUST-01924,credit_card,2024-07-09
ACC-05976,CUST-01651,checking,2024-11-07
ACC-05977,CUST-03255,savings,2024-11-23
ACC-05978,CUST-04332,savings,2024-06-08
ACC-05979,CUST-02316,credit_card,2024-03-14
ACC-05980,CUST-03234,savings,2024-12-24
ACC-05981,CUST-04300,savings,2024-09-17
ACC-05982,CUST-00522,checking,2024-10-04
ACC-05983,CUST-01393,checking,2024-10-21
ACC-05984,CUST-00812,credit_card,2024-04-27
ACC-05985,CUST-04950,checking,2024-11-05
ACC-05986,CUST-02106,credit_card,2024-10-01
ACC-05987,CUST-01836,credit_card,2024-05-07
ACC-05988,CUST-00455,savings,2024-07-18
ACC-05989,CUST-04806,checking,2024-11-16
ACC-05990,CUST-04335,credit_card,2024-04-15
ACC-05991,CUST-03879,savings,2024-01-12
ACC-05992,CUST-03116,credit_card,2024-12-26
ACC-05993,CUST-02418,credit_card,2024-01-16
ACC-05994,CUST-00490,checking,2024-09-05
ACC-05995,CUST-02908,checking,2024-05-12
ACC-05996,CUST-01076,savings,2024-08-27
ACC-05997,CUST-03125,checking,2024-11-21
ACC-05998,CUST-04107,credit_card,2024-02-11
ACC-05999,CUST-00761,credit_card,2024-03-18
ACC-06000,CUST-04270,checking,2024-07-25
ACC-06001,CUST-01106,checking,2024-08-05
ACC-06002,CUST-04582,checking,2024-02-26
ACC-06003,CUST-01462,savings,2024-06-13
ACC-06004,CUST-04567,credit_card,2024-03-11
ACC-06005,CUST-02113,checking,2024-12-27
ACC-06006,CUST-01281,checking,2024-12-25
ACC-06007,CUST-02185,checking,2024-04-14
ACC-06008,CUST-04744,checking,2024-09-19
ACC-06009,CUST-01446,checking,2024-08-17
ACC-06010,CUST-01266,checking,2024-07-15
ACC-06011,CUST-02652,credit_card,2024-01-03
ACC-06012,CUST-01852,savings,2024-03-25
ACC-06013,CUST-04542,savings,2024-05-28
ACC-06014,CUST-02137,savings,2024-04-14
ACC-06015,CUST-02638,checking,2024-08-21
ACC-06016,CUST-00169,checking,2024-11-10
ACC-06017,CUST-04681,savings,2024-05-02
ACC-06018,CUST-04568,credit_card,2024-12-03
ACC-06019,CUST-00935,savings,2024-03-21
ACC-06020,CUST-01867,checking,2024-11-20
ACC-06021,CUST-03756,checking,2024-03-11
ACC-06022,CUST-02552,credit_card,2024-03-13
ACC-06023,CUST-04818,credit_card,2024-08-01
ACC-06024,CUST-03741,savings,2024-10-22
ACC-06025,CUST-03768,savings,2024-04-24
ACC-06026,CUST-00521,checking,2024-07-03
ACC-06027,CUST-02810,checking,2024-09-04
ACC-06028,CUST-03642,savings,2024-12-11
ACC-06029,CUST-03605,savings,2024-12-23
ACC-06030,CUST-00490,credit_card,2024-07-07
ACC-06031,CUST-00293,savings,2024-04-02
ACC-06032,CUST-00560,savings,2024-05-17
ACC-06033,CUST-04891,credit_card,2024-03-20
ACC-06034,CUST-02759,checking,2024-08-17
ACC-06035,CUST-04455,credit_card,2024-04-07
ACC-06036,CUST-02598,checking,2024-05-03
ACC-06037,CUST-03044,credit_card,2024-09-07
ACC-06038,CUST-03794,savings,2024-12-27
ACC-06039,CUST-00731,savings,2024-08-13
ACC-06040,CUST-04269,savings,2024-11-07
ACC-06041,CUST-01225,checking,2024-04-13
ACC-06042,CUST-00580,checking,2024-07-25
ACC-06043,CUST-03262,credit_card,2024-01-07
ACC-06044,CUST-03238,savings,2024-12-14
ACC-06045,CUST-02464,savings,2024-01-11
ACC-06046,CUST-01525,credit_card,2024-04-14
ACC-06047,CUST-04493,savings,2024-08-06
ACC-06048,CUST-01916,savings,2024-10-16
ACC-06049,CUST-02276,savings,2024-03-20
ACC-06050,CUST-02606,savings,2024-04-12
ACC-06051,CUST-00884,savings,2024-11-08
ACC-06052,CUST-01163,checking,2024-08-25
ACC-06053,CUST-02033,savings,2024-04-27
ACC-06054,CUST-01393,checking,2024-12-14
ACC-06055,CUST-02744,savings,2024-03-07
ACC-06056,CUST-02450,savings,2024-11-26
ACC-06057,CUST-02397,savings,2024-08-19
ACC-06058,CUST-02627,checking,2024-06-15
ACC-06059,CUST-04172,savings,2024-07-16
ACC-06060,CUST-02375,credit_card,2024-05-14
ACC-06061,CUST-02607,checking,2024-05-12
ACC-06062,CUST-01670,credit_card,2024-05-06
ACC-06063,CUST-02474,savings,2024-03-24
ACC-06064,CUST-01758,credit_card,2024-07-23
ACC-06065,CUST-03322,checking,2024-09-28
ACC-06066,CUST-04679,credit_card,2024-07-13
ACC-06067,CUST-00015,credit_card,2024-05-12
ACC-06068,CUST-00650,credit_card,2024-12-28
ACC-06069,CUST-00053,savings,2024-12-02
ACC-06070,CUST-02618,checking,2024-12-12
ACC-06071,CUST-01183,savings,2024-07-18
ACC-06072,CUST-02644,checking,2024-03-25
ACC-06073,CUST-03216,credit_card,2024-11-25
ACC-06074,CUST-04348,savings,2024-01-15
ACC-06075,CUST-03301,checking,2024-07-25
ACC-06076,CUST-04071,savings,2024-02-04
ACC-06077,CUST-01023,savings,2024-09-07
ACC-06078,CUST-02832,savings,2024-07-18
ACC-06079,CUST-01295,credit_card,2024-08-22
ACC-06080,CUST-04159,checking,2024-11-23
ACC-06081,CUST-00391,savings,2024-09-15
ACC-06082,CUST-01150,savings,2024-04-06
ACC-06083,CUST-04966,savings,2024-02-08
ACC-06084,CUST-02232,credit_card,2024-09-21
ACC-06085,CUST-03471,credit_card,2024-05-24
ACC-06086,CUST-02983,savings,2024-06-07
ACC-06087,CUST-02621,credit_card,2024-04-03
ACC-06088,CUST-02092,checking,2024-11-26
ACC-06089,CUST-03653,credit_card,2024-12-24
ACC-06090,CUST-03015,checking,2024-10-23
ACC-06091,CUST-04223,savings,2024-05-16
ACC-06092,CUST-01684,savings,2024-08-15
ACC-06093,CUST-00266,savings,2024-06-24
ACC-06094,CUST-01827,savings,2024-03-20
ACC-06095,CUST-03658,credit_card,2024-06-27
ACC-06096,CUST-02905,savings,2024-05-21
ACC-06097,CUST-03028,checking,2024-06-17
ACC-06098,CUST-01154,savings,2024-06-13
ACC-06099,CUST-03443,savings,2024-01-06
ACC-06100,CUST-03843,checking,2024-10-20
ACC-06101,CUST-00987,credit_card,2024-01-28
ACC-06102,CUST-04724,credit_card,2024-09-09
ACC-06103,CUST-03029,savings,2024-08-06
ACC-06104,CUST-04108,checking,2024-02-10
ACC-06105,CUST-04351,savings,2024-08-05
ACC-06106,CUST-00319,credit_card,2024-08-17
ACC-06107,CUST-02782,credit_card,2024-01-14
ACC-06108,CUST-04434,checking,2024-09-21
ACC-06109,CUST-04542,credit_card,2024-06-07
ACC-06110,CUST-02080,checking,2024-02-20
ACC-06111,CUST-02587,savings,2024-12-01
ACC-06112,CUST-02055,checking,2024-06-20
ACC-06113,CUST-03132,checking,2024-07-23
ACC-06114,CUST-04827,checking,2024-01-06
ACC-06115,CUST-00324,credit_card,2024-11-22
ACC-06116,CUST-03734,savings,2024-07-05
ACC-06117,CUST-01865,savings,2024-07-16
ACC-06118,CUST-03323,checking,2024-08-17
ACC-06119,CUST-04394,savings,2024-09-17
ACC-06120,CUST-03216,credit_card,2024-07-13
ACC-06121,CUST-04790,checking,2024-01-01
ACC-06122,CUST-00247,credit_card,2024-04-27
ACC-06123,CUST-02642,savings,2024-05-12
ACC-06124,CUST-04085,checking,2024-06-09
ACC-06125,CUST-02637,savings,2024-05-07
ACC-06126,CUST-00927,checking,2024-11-24
ACC-06127,CUST-02702,savings,2024-11-05
ACC-06128,CUST-03026,checking,2024-06-08
ACC-06129,CUST-01090,savings,2024-06-02
ACC-06130,CUST-02203,savings,2024-11-11
ACC-06131,CUST-01098,savings,2024-09-13
ACC-06132,CUST-00632,checking,2024-01-09
ACC-06133,CUST-03569,credit_card,2024-01-12
ACC-06134,CUST-04945,credit_card,2024-08-06
ACC-06135,CUST-00725,checking,2024-05-03
ACC-06136,CUST-03263,savings,2024-08-15
ACC-06137,CUST-04058,savings,2024-10-11
ACC-06138,CUST-04283,credit_card,2024-07-17
ACC-06139,CUST-02959,credit_card,2024-07-28
ACC-06140,CUST-02100,savings,2024-03-24
ACC-06141,CUST-01063,checking,2024-12-07
ACC-06142,CUST-01735,credit_card,2024-11-05
ACC-06143,CUST-01374,savings,2024-08-23
ACC-06144,CUST-01910,checking,2024-12-01
ACC-06145,CUST-00078,checking,2024-02-03
ACC-06146,CUST-04078,checking,2024-09-15
ACC-06147,CUST-00779,checking,2024-10-28
ACC-06148,CUST-03638,checking,2024-04-05
ACC-06149,CUST-00991,checking,2024-02-27
ACC-06150,CUST-00534,checking,2024-08-01
ACC-06151,CUST-01169,savings,2024-08-19
ACC-06152,CUST-00816,savings,2024-02-11
ACC-06153,CUST-02748,checking,2024-03-22
ACC-06154,CUST-00184,checking,2024-03-09
ACC-06155,CUST-04948,checking,2024-02-14
ACC-06156,CUST-04563,savings,2024-10-03
ACC-06157,CUST-02005,credit_card,2024-05-10
ACC-06158,CUST-00033,checking,2024-06-05
ACC-06159,CUST-00749,credit_card,2024-11-14
ACC-06160,CUST-03032,credit_card,2024-01-07
ACC-06161,CUST-02026,checking,2024-10-20
ACC-06162,CUST-04512,credit_card,2024-04-16
ACC-06163,CUST-03980,checking,2024-04-19
ACC-06164,CUST-03234,savings,2024-10-22
ACC-06165,CUST-04317,credit_card,2024-09-23
ACC-06166,CUST-03481,savings,2024-06-04
ACC-06167,CUST-00538,credit_card,2024-09-08
ACC-06168,CUST-04357,checking,2024-05-22
ACC-06169,CUST-00077,checking,2024-10-26
ACC-06170,CUST-03582,checking,2024-10-15
ACC-06171,CUST-04880,savings,2024-10-12
ACC-06172,CUST-00851,checking,2024-02-21
ACC-06173,CUST-02529,checking,2024-10-09
ACC-06174,CUST-02387,savings,2024-10-03
ACC-06175,CUST-01753,checking,2024-01-05
ACC-06176,CUST-03647,checking,2024-02-25
ACC-06177,CUST-04059,credit_card,2024-09-27
ACC-06178,CUST-03743,checking,2024-07-08
ACC-06179,CUST-02631,checking,2024-09-04
ACC-06180,CUST-03552,savings,2024-12-19
ACC-06181,CUST-00973,checking,2024-03-20
ACC-06182,CUST-01433,credit_card,2024-09-25
ACC-06183,CUST-02325,savings,2024-04-11
ACC-06184,CUST-02242,credit_card,2024-09-23
ACC-06185,CUST-02640,checking,2024-12-07
ACC-06186,CUST-00437,credit_card,2024-07-12
ACC-06187,CUST-04049,checking,2024-11-24
ACC-06188,CUST-03847,credit_card,2024-11-04
ACC-06189,CUST-03539,savings,2024-02-05
ACC-06190,CUST-04170,checking,2024-10-26
ACC-06191,CUST-03362,checking,2024-04-08
ACC-06192,CUST-01684,savings,2024-12-13
ACC-06193,CUST-01049,credit_card,2024-08-14
ACC-06194,CUST-02236,checking,2024-10-14
ACC-06195,CUST-04758,credit_card,2024-03-15
ACC-06196,CUST-02703,savings,2024-06-03
ACC-06197,CUST-04361,savings,2024-08-04
ACC-06198,CUST-04470,credit_card,2024-03-08
ACC-06199,CUST-01205,savings,2024-03-16
ACC-06200,CUST-02662,credit_card,2024-03-23
ACC-06201,CUST-01530,checking,2024-10-05
ACC-06202,CUST-03024,checking,2024-11-28
ACC-06203,CUST-00574,checking,2024-03-07
ACC-06204,CUST-00554,savings,2024-12-02
ACC-06205,CUST-03706,credit_card,2024-11-11
ACC-06206,CUST-01557,savings,2024-08-10
ACC-06207,CUST-02194,credit_card,2024-05-13
ACC-06208,CUST-02360,credit_card,2024-09-25
ACC-06209,CUST-04934,savings,2024-12-17
ACC-06210,CUST-01287,checking,2024-06-08
ACC-06211,CUST-00053,credit_card,2024-05-09
ACC-06212,CUST-01896,savings,2024-09-08
ACC-06213,CUST-00305,checking,2024-08-04
ACC-06214,CUST-01178,credit_card,2024-06-03
ACC-06215,CUST-02743,credit_card,2024-05-07
ACC-06216,CUST-00776,savings,2024-08-17
ACC-06217,CUST-02995,checking,2024-04-23
ACC-06218,CUST-03933,credit_card,2024-09-08
ACC-06219,CUST-01887,savings,2024-10-27
ACC-06220,CUST-01581,checking,2024-12-09
ACC-06221,CUST-02154,savings,2024-07-11
ACC-06222,CUST-01195,checking,2024-10-24
ACC-06223,CUST-03144,checking,2024-02-20
ACC-06224,CUST-00770,savings,2024-02-15
ACC-06225,CUST-01246,checking,2024-01-28
ACC-06226,CUST-01671,savings,2024-06-04
ACC-06227,CUST-00335,credit_card,2024-07-04
ACC-06228,CUST-02458,credit_card,2024-08-03
ACC-06229,CUST-00385,checking,2024-09-06
ACC-06230,CUST-01872,savings,2024-05-28
ACC-06231,CUST-02748,credit_card,2024-12-02
ACC-06232,CUST-04055,savings,2024-04-14
ACC-06233,CUST-04251,checking,2024-05-20
ACC-06234,CUST-02517,checking,2024-05-18
ACC-06235,CUST-02430,savings,2024-07-11
ACC-06236,CUST-02063,credit_card,2024-11-06
ACC-06237,CUST-04932,savings,2024-11-02
ACC-06238,CUST-02654,checking,2024-10-19
ACC-06239,CUST-00020,savings,2024-03-06
ACC-06240,CUST-03644,savings,2024-03-10
ACC-06241,CUST-03567,credit_card,2024-03-07
ACC-06242,CUST-01032,credit_card,2024-06-11
ACC-06243,CUST-04406,savings,2024-08-04
ACC-06244,CUST-01984,savings,2024-06-17
ACC-06245,CUST-04184,savings,2024-04-13
ACC-06246,CUST-00437,credit_card,2024-10-19
ACC-06247,CUST-02586,credit_card,2024-01-26
ACC-06248,CUST-01672,checking,2024-12-05
ACC-06249,CUST-00829,savings,2024-12-13
ACC-06250,CUST-03334,savings,2024-09-20
ACC-06251,CUST-03189,credit_card,2024-04-21
ACC-06252,CUST-00220,credit_card,2024-09-08
ACC-06253,CUST-01085,savings,2024-01-19
ACC-06254,CUST-03549,credit_card,2024-02-24
ACC-06255,CUST-03104,savings,2024-05-23
ACC-06256,CUST-02116,savings,2024-06-03
ACC-06257,CUST-01818,checking,2024-08-07
ACC-06258,CUST-02197,savings,2024-09-06
ACC-06259,CUST-01978,savings,2024-12-16
ACC-06260,CUST-00759,savings,2024-04-15
ACC-06261,CUST-04156,savings,2024-12-21
ACC-06262,CUST-01857,checking,2024-07-10
ACC-06263,CUST-02422,savings,2024-09-07
ACC-06264,CUST-01326,checking,2024-11-09
ACC-06265,CUST-01017,savings,2024-05-28
ACC-06266,CUST-04493,credit_card,2024-04-22
ACC-06267,CUST-00521,savings,2024-12-18
ACC-06268,CUST-04359,credit_card,2024-02-26
ACC-06269,CUST-01109,credit_card,2024-01-15
ACC-06270,CUST-04836,checking,2024-03-03
ACC-06271,CUST-04640,savings,2024-05-28
ACC-06272,CUST-01431,savings,2024-08-02
ACC-06273,CUST-03467,credit_card,2024-02-12
ACC-06274,CUST-03524,savings,2024-08-23
ACC-06275,CUST-04689,savings,2024-09-02
ACC-06276,CUST-00736,checking,2024-04-26
ACC-06277,CUST-00420,credit_card,2024-07-13
ACC-06278,CUST-02578,savings,2024-09-25
ACC-06279,CUST-04518,credit_card,2024-08-18
ACC-06280,CUST-02191,credit_card,2024-01-10
ACC-06281,CUST-00806,credit_card,2024-10-05
ACC-06282,CUST-01628,credit_card,2024-10-12
ACC-06283,CUST-01493,checking,2024-03-18
ACC-06284,CUST-02689,savings,2024-02-14
ACC-06285,CUST-01128,savings,2024-10-13
ACC-06286,CUST-00843,savings,2024-03-22
ACC-06287,CUST-01357,checking,2024-09-21
ACC-06288,CUST-02104,checking,2024-12-02
ACC-06289,CUST-01386,checking,2024-02-13
ACC-06290,CUST-00269,savings,2024-03-19
ACC-06291,CUST-01400,savings,2024-03-05
ACC-06292,CUST-00766,checking,2024-06-27
ACC-06293,CUST-00047,checking,2024-05-25
ACC-06294,CUST-00819,savings,2024-10-21
ACC-06295,CUST-02192,credit_card,2024-12-13
ACC-06296,CUST-02330,checking,2024-09-12
ACC-06297,CUST-00615,savings,2024-07-17
ACC-06298,CUST-02798,savings,2024-10-01
ACC-06299,CUST-02283,savings,2024-11-03
ACC-06300,CUST-02795,savings,2024-01-01
ACC-06301,CUST-00464,credit_card,2024-04-17
ACC-06302,CUST-00973,savings,2024-07-23
ACC-06303,CUST-00040,savings,2024-05-16
ACC-06304,CUST-04104,savings,2024-01-18
ACC-06305,CUST-01682,credit_card,2024-10-20
ACC-06306,CUST-02496,checking,2024-01-25
ACC-06307,CUST-00534,checking,2024-01-26
ACC-06308,CUST-00917,checking,2024-09-28
ACC-06309,CUST-02222,checking,2024-10-22
ACC-06310,CUST-02582,credit_card,2024-05-19
ACC-06311,CUST-01688,checking,2024-06-02
ACC-06312,CUST-03053,checking,2024-08-12
ACC-06313,CUST-04559,credit_card,2024-03-04
ACC-06314,CUST-01223,checking,2024-04-12
ACC-06315,CUST-04482,savings,2024-10-07
ACC-06316,CUST-00734,savings,2024-11-26
ACC-06317,CUST-04225,savings,2024-06-26
ACC-06318,CUST-00167,savings,2024-03-19
ACC-06319,CUST-02540,savings,2024-11-12
ACC-06320,CUST-03381,savings,2024-06-09
ACC-06321,CUST-00881,credit_card,2024-05-15
ACC-06322,CUST-03771,checking,2024-01-01
ACC-06323,CUST-00248,checking,2024-05-05
ACC-06324,CUST-00876,savings,2024-01-10
ACC-06325,CUST-04421,credit_card,2024-04-02
ACC-06326,CUST-03640,savings,2024-12-23
ACC-06327,CUST-04193,checking,2024-02-19
ACC-06328,CUST-00735,savings,2024-03-05
ACC-06329,CUST-03184,checking,2024-02-05
ACC-06330,CUST-03572,checking,2024-07-24
ACC-06331,CUST-02502,savings,2024-04-18
ACC-06332,CUST-04212,checking,2024-05-19
ACC-06333,CUST-01436,checking,2024-04-10
ACC-06334,CUST-02184,savings,2024-08-01
ACC-06335,CUST-00369,checking,2024-10-04
ACC-06336,CUST-02287,credit_card,2024-02-15
ACC-06337,CUST-03049,savings,2024-08-04
ACC-06338,CUST-03561,checking,2024-03-04
ACC-06339,CUST-02740,savings,2024-11-21
ACC-06340,CUST-02096,savings,2024-11-05
ACC-06341,CUST-00005,credit_card,2024-05-24
ACC-06342,CUST-04413,checking,2024-10-12
ACC-06343,CUST-04247,savings,2024-06-23
ACC-06344,CUST-01598,credit_card,2024-04-24
ACC-06345,CUST-01505,savings,2024-10-15
ACC-06346,CUST-00214,savings,2024-08-19
ACC-06347,CUST-02607,credit_card,2024-10-13
ACC-06348,CUST-01760,checking,2024-08-18
ACC-06349,CUST-02251,savings,2024-11-14
ACC-06350,CUST-03211,savings,2024-07-23
ACC-06351,CUST-02266,checking,2024-02-14
ACC-06352,CUST-01880,savings,2024-01-12
ACC-06353,CUST-01007,checking,2024-08-28
ACC-06354,CUST-00906,savings,2024-09-21
ACC-06355,CUST-03932,checking,2024-06-20
ACC-06356,CUST-01423,credit_card,2024-03-21
ACC-06357,CUST-00943,checking,2024-07-22
ACC-06358,CUST-04188,checking,2024-03-05
ACC-06359,CUST-03161,checking,2024-08-01
ACC-06360,CUST-03426,savings,2024-09-11
ACC-06361,CUST-01130,checking,2024-11-09
ACC-06362,CUST-02684,savings,2024-11-24
ACC-06363,CUST-03236,checking,2024-04-02
ACC-06364,CUST-00382,credit_card,2024-05-24
ACC-06365,CUST-02264,savings,2024-11-05
ACC-06366,CUST-04837,checking,2024-12-03
ACC-06367,CUST-02654,credit_card,2024-03-25
ACC-06368,CUST-02025,savings,2024-08-07
ACC-06369,CUST-02491,savings,2024-08-14
ACC-06370,CUST-03420,credit_card,2024-06-15
ACC-06371,CUST-03041,credit_card,2024-05-26
ACC-06372,CUST-00638,credit_card,2024-02-17
ACC-06373,CUST-00680,credit_card,2024-10-14
ACC-06374,CUST-04048,credit_card,2024-09-21
ACC-06375,CUST-04650,checking,2024-04-17
ACC-06376,CUST-02500,checking,2024-09-19
ACC-06377,CUST-04123,credit_card,2024-06-14
ACC-06378,CUST-00545,savings,2024-11-05
ACC-06379,CUST-00049,checking,2024-05-20
ACC-06380,CUST-04625,credit_card,2024-04-17
ACC-06381,CUST-01188,savings,2024-10-05
ACC-06382,CUST-04618,savings,2024-06-26
ACC-06383,CUST-04795,savings,2024-08-22
ACC-06384,CUST-01058,checking,2024-02-27
ACC-06385,CUST-03853,checking,2024-08-17
ACC-06386,CUST-00421,savings,2024-12-27
ACC-06387,CUST-02753,credit_card,2024-09-07
ACC-06388,CUST-01365,credit_card,2024-07-24
ACC-06389,CUST-01999,checking,2024-04-19
ACC-06390,CUST-02247,savings,2024-08-17
ACC-06391,CUST-01668,savings,2024-12-05
ACC-06392,CUST-02829,credit_card,2024-01-07
ACC-06393,CUST-04590,checking,2024-05-28
ACC-06394,CUST-04184,savings,2024-01-26
ACC-06395,CUST-02226,credit_card,2024-06-20
ACC-06396,CUST-04262,credit_card,2024-01-14
ACC-06397,CUST-04200,savings,2024-03-15
ACC-06398,CUST-00530,savings,2024-10-11
ACC-06399,CUST-02827,savings,2024-09-25
ACC-06400,CUST-02604,checking,2024-11-01
ACC-06401,CUST-04738,credit_card,2024-03-15
ACC-06402,CUST-02098,savings,2024-04-18
ACC-06403,CUST-02990,savings,2024-07-14
ACC-06404,CUST-00777,savings,2024-06-25
ACC-06405,CUST-02144,savings,2024-11-21
ACC-06406,CUST-01131,checking,2024-03-03
ACC-06407,CUST-01385,credit_card,2024-05-18
ACC-06408,CUST-02908,credit_card,2024-06-15
ACC-06409,CUST-04111,savings,2024-10-08
ACC-06410,CUST-00966,credit_card,2024-08-03
ACC-06411,CUST-02136,savings,2024-09-16
ACC-06412,CUST-01839,checking,2024-06-19
ACC-06413,CUST-00473,credit_card,2024-12-06
ACC-06414,CUST-00162,savings,2024-03-01
ACC-06415,CUST-03376,credit_card,2024-06-16
ACC-06416,CUST-03931,savings,2024-09-17
ACC-06417,CUST-00849,credit_card,2024-03-02
ACC-06418,CUST-00718,checking,2024-08-26
ACC-06419,CUST-00802,checking,2024-03-16
ACC-06420,CUST-02882,checking,2024-12-24
ACC-06421,CUST-00042,savings,2024-10-21
ACC-06422,CUST-00702,savings,2024-03-22
ACC-06423,CUST-04791,checking,2024-05-20
ACC-06424,CUST-03318,credit_card,2024-02-09
ACC-06425,CUST-02767,savings,2024-05-12
ACC-06426,CUST-00388,savings,2024-07-25
ACC-06427,CUST-00871,savings,2024-02-27
ACC-06428,CUST-01974,savings,2024-05-19
ACC-06429,CUST-03216,checking,2024-09-11
ACC-06430,CUST-00792,savings,2024-07-04
ACC-06431,CUST-04782,savings,2024-02-25
ACC-06432,CUST-04466,savings,2024-01-20
ACC-06433,CUST-01314,credit_card,2024-06-19
ACC-06434,CUST-00156,checking,2024-10-16
ACC-06435,CUST-02533,credit_card,2024-10-07
ACC-06436,CUST-01903,checking,2024-02-09
ACC-06437,CUST-04724,checking,2024-07-21
ACC-06438,CUST-02767,checking,2024-05-21
ACC-06439,CUST-04287,credit_card,2024-08-21
ACC-06440,CUST-02285,credit_card,2024-04-24
ACC-06441,CUST-00169,credit_card,2024-03-04
ACC-06442,CUST-02844,checking,2024-06-22
ACC-06443,CUST-00699,checking,2024-05-15
ACC-06444,CUST-01771,savings,2024-02-06
ACC-06445,CUST-02134,credit_card,2024-05-16
ACC-06446,CUST-03974,checking,2024-06-26
ACC-06447,CUST-04866,checking,2024-10-12
ACC-06448,CUST-04065,checking,2024-09-06
ACC-06449,CUST-00242,checking,2024-01-08
ACC-06450,CUST-03561,savings,2024-08-11
ACC-06451,CUST-00586,credit_card,2024-01-11
ACC-06452,CUST-03341,credit_card,2024-12-27
ACC-06453,CUST-03975,savings,2024-10-14
ACC-06454,CUST-03874,savings,2024-05-05
ACC-06455,CUST-00628,checking,2024-02-09
ACC-06456,CUST-01894,credit_card,2024-11-15
ACC-06457,CUST-04832,savings,2024-03-03
ACC-06458,CUST-01943,savings,2024-08-27
ACC-06459,CUST-00486,checking,2024-10-10
ACC-06460,CUST-01345,credit_card,2024-11-26
ACC-06461,CUST-02404,checking,2024-09-18
ACC-06462,CUST-03297,savings,2024-09-23
ACC-06463,CUST-00856,credit_card,2024-06-04
ACC-06464,CUST-04701,savings,2024-02-28
ACC-06465,CUST-02369,checking,2024-08-21
ACC-06466,CUST-00825,credit_card,2024-05-08
ACC-06467,CUST-00672,credit_card,2024-08-26
ACC-06468,CUST-02806,savings,2024-11-28
ACC-06469,CUST-03552,savings,2024-08-15
ACC-06470,CUST-01637,checking,2024-08-23
ACC-06471,CUST-00422,savings,2024-11-18
ACC-06472,CUST-01860,checking,2024-12-22
ACC-06473,CUST-00467,savings,2024-05-20
ACC-06474,CUST-03990,checking,2024-04-24
ACC-06475,CUST-03194,savings,2024-10-13
ACC-06476,CUST-01283,credit_card,2024-06-12
ACC-06477,CUST-03770,credit_card,2024-01-19
ACC-06478,CUST-00365,savings,2024-09-01
ACC-06479,CUST-01716,savings,2024-03-13
ACC-06480,CUST-02102,savings,2024-09-14
ACC-06481,CUST-03164,credit_card,2024-02-27
ACC-06482,CUST-03823,credit_card,2024-12-27
ACC-06483,CUST-03100,credit_card,2024-11-08
ACC-06484,CUST-01021,savings,2024-12-05
ACC-06485,CUST-04434,savings,2024-03-08
ACC-06486,CUST-03428,savings,2024-12-18
ACC-06487,CUST-00744,checking,2024-08-11
ACC-06488,CUST-00562,credit_card,2024-06-17
ACC-06489,CUST-00867,credit_card,2024-04-19
ACC-06490,CUST-00263,savings,2024-08-06
ACC-06491,CUST-04573,checking,2024-01-08
ACC-06492,CUST-04411,savings,2024-01-06
ACC-06493,CUST-02495,credit_card,2024-09-25
ACC-06494,CUST-03723,savings,2024-10-13
ACC-06495,CUST-04371,credit_card,2024-08-14
ACC-06496,CUST-04801,credit_card,2024-06-08
ACC-06497,CUST-03715,checking,2024-04-19
ACC-06498,CUST-04688,credit_card,2024-06-25
ACC-06499,CUST-02796,checking,2024-07-22
ACC-06500,CUST-01816,checking,2024-03-27
ACC-06501,CUST-02816,checking,2024-08-10
ACC-06502,CUST-00023,checking,2024-02-21
ACC-06503,CUST-03267,credit_card,2024-01-03
ACC-06504,CUST-02357,credit_card,2024-11-14
ACC-06505,CUST-03962,credit_card,2024-03-24
ACC-06506,CUST-03448,credit_card,2024-12-16
ACC-06507,CUST-02090,credit_card,2024-09-14
ACC-06508,CUST-03464,credit_card,2024-10-02
ACC-06509,CUST-02221,credit_card,2024-02-23
ACC-06510,CUST-03126,savings,2024-09-03
ACC-06511,CUST-00783,credit_card,2024-03-12
ACC-06512,CUST-04773,checking,2024-09-25
ACC-06513,CUST-04925,credit_card,2024-02-15
ACC-06514,CUST-00579,credit_card,2024-11-23
ACC-06515,CUST-01010,savings,2024-09-14
ACC-06516,CUST-03782,credit_card,2024-11-27
ACC-06517,CUST-01086,credit_card,2024-12-19
ACC-06518,CUST-01779,savings,2024-08-21
ACC-06519,CUST-00757,credit_card,2024-05-19
ACC-06520,CUST-03909,checking,2024-06-24
ACC-06521,CUST-00712,savings,2024-01-07
ACC-06522,CUST-03852,savings,2024-12-24
ACC-06523,CUST-04458,checking,2024-07-06
ACC-06524,CUST-00724,credit_card,2024-08-11
ACC-06525,CUST-04712,credit_card,2024-03-18
ACC-06526,CUST-03772,savings,2024-01-27
ACC-06527,CUST-02645,checking,2024-05-13
ACC-06528,CUST-03006,checking,2024-03-01
ACC-06529,CUST-02738,credit_card,2024-09-24
ACC-06530,CUST-01000,credit_card,2024-11-24
ACC-06531,CUST-04257,savings,2024-10-13
ACC-06532,CUST-02465,checking,2024-03-05
ACC-06533,CUST-00426,savings,2024-09-09
ACC-06534,CUST-00484,checking,2024-03-24
ACC-06535,CUST-00844,credit_card,2024-08-16
ACC-06536,CUST-03761,savings,2024-02-07
ACC-06537,CUST-04437,savings,2024-12-08
ACC-06538,CUST-01578,checking,2024-07-05
ACC-06539,CUST-01225,checking,2024-09-17
ACC-06540,CUST-03344,savings,2024-06-10
ACC-06541,CUST-01565,savings,2024-04-15
ACC-06542,CUST-01508,savings,2024-09-01
ACC-06543,CUST-01335,credit_card,2024-03-02
ACC-06544,CUST-01799,credit_card,2024-06-18
ACC-06545,CUST-02577,credit_card,2024-05-06
ACC-06546,CUST-04063,savings,2024-12-18
ACC-06547,CUST-01174,credit_card,2024-12-24
ACC-06548,CUST-01179,credit_card,2024-08-22
ACC-06549,CUST-03305,checking,2024-08-24
ACC-06550,CUST-02770,checking,2024-06-18
ACC-06551,CUST-02094,checking,2024-06-22
ACC-06552,CUST-04004,credit_card,2024-02-21
ACC-06553,CUST-02331,checking,2024-05-17
ACC-06554,CUST-02521,savings,2024-10-03
ACC-06555,CUST-03115,checking,2024-04-09
ACC-06556,CUST-04800,checking,2024-01-04
ACC-06557,CUST-00282,savings,2024-12-14
ACC-06558,CUST-00197,checking,2024-06-22
ACC-06559,CUST-00792,credit_card,2024-06-17
ACC-06560,CUST-02357,savings,2024-02-16
ACC-06561,CUST-02568,savings,2024-02-28
ACC-06562,CUST-01290,savings,2024-10-25
ACC-06563,CUST-04609,savings,2024-04-12
ACC-06564,CUST-01204,credit_card,2024-11-27
ACC-06565,CUST-02694,checking,2024-11-23
ACC-06566,CUST-01983,credit_card,2024-05-12
ACC-06567,CUST-02644,credit_card,2024-03-25
ACC-06568,CUST-02522,checking,2024-10-14
ACC-06569,CUST-04638,checking,2024-12-01
ACC-06570,CUST-01916,savings,2024-01-11
ACC-06571,CUST-01963,checking,2024-04-16
ACC-06572,CUST-03625,checking,2024-06-07
ACC-06573,CUST-03596,savings,2024-08-09
ACC-06574,CUST-00843,savings,2024-10-10
ACC-06575,CUST-00902,savings,2024-07-14
ACC-06576,CUST-03029,savings,2024-08-01
ACC-06577,CUST-03922,savings,2024-03-19
ACC-06578,CUST-03779,savings,2024-03-09
ACC-06579,CUST-03634,credit_card,2024-04-05
ACC-06580,CUST-01570,savings,2024-01-21
ACC-06581,CUST-02997,savings,2024-01-11
ACC-06582,CUST-03049,savings,2024-08-24
ACC-06583,CUST-01886,checking,2024-05-25
ACC-06584,CUST-02810,checking,2024-03-14
ACC-06585,CUST-00196,savings,2024-01-19
ACC-06586,CUST-04795,savings,2024-04-28
ACC-06587,CUST-02196,savings,2024-03-10
ACC-06588,CUST-02891,savings,2024-11-21
ACC-06589,CUST-04865,checking,2024-07-27
ACC-06590,CUST-04908,checking,2024-01-14
ACC-06591,CUST-00762,checking,2024-11-13
ACC-06592,CUST-03825,credit_card,2024-09-05
ACC-06593,CUST-04186,savings,2024-05-07
ACC-06594,CUST-03502,savings,2024-02-27
ACC-06595,CUST-03862,checking,2024-12-02
ACC-06596,CUST-01584,checking,2024-07-14
ACC-06597,CUST-02422,checking,2024-07-02
ACC-06598,CUST-00826,credit_card,2024-05-14
ACC-06599,CUST-03230,savings,2024-08-20
ACC-06600,CUST-02956,checking,2024-01-11
ACC-06601,CUST-03988,checking,2024-08-01
ACC-06602,CUST-04806,credit_card,2024-05-07
ACC-06603,CUST-03288,savings,2024-06-26
ACC-06604,CUST-01536,savings,2024-12-28
ACC-06605,CUST-02398,credit_card,2024-07-02
ACC-06606,CUST-02655,savings,2024-01-27
ACC-06607,CUST-03863,checking,2024-07-16
ACC-06608,CUST-04561,credit_card,2024-08-07
ACC-06609,CUST-04982,savings,2024-06-13
ACC-06610,CUST-00458,savings,2024-06-18
ACC-06611,CUST-03073,checking,2024-12-21
ACC-06612,CUST-03978,checking,2024-04-17
ACC-06613,CUST-00444,checking,2024-09-02
ACC-06614,CUST-04801,checking,2024-08-09
ACC-06615,CUST-02908,savings,2024-02-15
ACC-06616,CUST-03581,credit_card,2024-02-20
ACC-06617,CUST-02556,savings,2024-07-17
ACC-06618,CUST-01865,checking,2024-02-01
ACC-06619,CUST-04156,checking,2024-07-12
ACC-06620,CUST-01696,credit_card,2024-04-01
ACC-06621,CUST-03509,savings,2024-09-03
ACC-06622,CUST-01825,credit_card,2024-06-18
ACC-06623,CUST-00598,savings,2024-01-18
ACC-06624,CUST-04161,credit_card,2024-02-18
ACC-06625,CUST-02670,credit_card,2024-08-08
ACC-06626,CUST-04670,credit_card,2024-04-10
ACC-06627,CUST-00333,checking,2024-01-01
ACC-06628,CUST-04715,savings,2024-09-25
ACC-06629,CUST-00686,savings,2024-03-12
ACC-06630,CUST-02546,savings,2024-10-04
ACC-06631,CUST-02079,savings,2024-09-04
ACC-06632,CUST-00746,savings,2024-02-11
ACC-06633,CUST-02116,checking,2024-02-11
ACC-06634,CUST-02767,checking,2024-03-26
ACC-06635,CUST-02450,credit_card,2024-06-28
ACC-06636,CUST-02100,checking,2024-04-22
ACC-06637,CUST-01006,savings,2024-06-08
ACC-06638,CUST-04375,checking,2024-03-02
ACC-06639,CUST-04110,checking,2024-01-09
ACC-06640,CUST-03223,checking,2024-10-12
ACC-06641,CUST-04273,credit_card,2024-12-08
ACC-06642,CUST-03456,savings,2024-09-11
ACC-06643,CUST-00243,checking,2024-06-02
ACC-06644,CUST-02140,checking,2024-05-12
ACC-06645,CUST-00520,savings,2024-11-09
ACC-06646,CUST-00877,checking,2024-03-22
ACC-06647,CUST-01524,credit_card,2024-08-20
ACC-06648,CUST-04223,checking,2024-07-03
ACC-06649,CUST-04473,credit_card,2024-10-26
ACC-06650,CUST-04217,savings,2024-01-24
ACC-06651,CUST-02560,savings,2024-02-08
ACC-06652,CUST-04403,savings,2024-12-21
ACC-06653,CUST-02409,savings,2024-02-13
ACC-06654,CUST-02832,credit_card,2024-09-15
ACC-06655,CUST-04072,savings,2024-03-25
ACC-06656,CUST-04445,savings,2024-06-02
ACC-06657,CUST-01868,credit_card,2024-06-22
ACC-06658,CUST-00713,checking,2024-09-05
ACC-06659,CUST-04355,checking,2024-06-09
ACC-06660,CUST-00005,checking,2024-06-25
ACC-06661,CUST-01070,checking,2024-02-10
ACC-06662,CUST-01364,checking,2024-04-02
ACC-06663,CUST-04094,savings,2024-12-04
ACC-06664,CUST-01713,checking,2024-01-17
ACC-06665,CUST-01566,savings,2024-01-02
ACC-06666,CUST-02999,checking,2024-11-14
ACC-06667,CUST-01887,savings,2024-01-25
ACC-06668,CUST-03279,checking,2024-09-21
ACC-06669,CUST-03793,credit_card,2024-05-22
ACC-06670,CUST-01956,savings,2024-07-22
ACC-06671,CUST-02850,credit_card,2024-07-14
ACC-06672,CUST-04652,checking,2024-05-18
ACC-06673,CUST-03429,savings,2024-04-12
ACC-06674,CUST-01679,credit_card,2024-01-16
ACC-06675,CUST-02893,checking,2024-03-16
ACC-06676,CUST-00528,checking,2024-09-08
ACC-06677,CUST-02503,savings,2024-11-28
ACC-06678,CUST-00286,credit_card,2024-01-26
ACC-06679,CUST-00650,savings,2024-11-28
ACC-06680,CUST-03601,checking,2024-07-27
ACC-06681,CUST-04713,checking,2024-08-19
ACC-06682,CUST-04667,credit_card,2024-12-04
ACC-06683,CUST-03753,checking,2024-09-11
ACC-06684,CUST-03875,credit_card,2024-07-20
ACC-06685,CUST-04613,savings,2024-11-01
ACC-06686,CUST-02074,checking,2024-03-10
ACC-06687,CUST-00015,checking,2024-01-24
ACC-06688,CUST-04645,checking,2024-08-16
ACC-06689,CUST-03919,savings,2024-07-28
ACC-06690,CUST-04403,checking,2024-02-02
ACC-06691,CUST-02395,checking,2024-05-09
ACC-06692,CUST-04977,checking,2024-04-08
ACC-06693,CUST-03120,checking,2024-12-27
ACC-06694,CUST-01236,checking,2024-01-20
ACC-06695,CUST-04197,checking,2024-07-16
ACC-06696,CUST-04036,checking,2024-08-05
ACC-06697,CUST-04969,credit_card,2024-10-12
ACC-06698,CUST-01762,savings,2024-04-24
ACC-06699,CUST-04861,savings,2024-04-03
ACC-06700,CUST-00146,checking,2024-04-02
ACC-06701,CUST-04039,checking,2024-05-07
ACC-06702,CUST-02823,credit_card,2024-01-03
ACC-06703,CUST-00806,savings,2024-12-26
ACC-06704,CUST-02367,credit_card,2024-04-28
ACC-06705,CUST-04630,savings,2024-01-28
ACC-06706,CUST-02003,checking,2024-11-26
ACC-06707,CUST-04654,credit_card,2024-03-09
ACC-06708,CUST-00986,checking,2024-10-02
ACC-06709,CUST-02057,checking,2024-04-06
ACC-06710,CUST-00033,savings,2024-06-23
ACC-06711,CUST-00060,checking,2024-12-17
ACC-06712,CUST-04590,savings,2024-12-10
ACC-06713,CUST-02322,checking,2024-07-02
ACC-06714,CUST-00078,checking,2024-12-08
ACC-06715,CUST-00853,credit_card,2024-11-10
ACC-06716,CUST-01831,savings,2024-03-25
ACC-06717,CUST-04797,savings,2024-03-04
ACC-06718,CUST-01952,savings,2024-05-23
ACC-06719,CUST-03576,checking,2024-05-03
ACC-06720,CUST-04062,checking,2024-06-21
ACC-06721,CUST-04837,savings,2024-01-16
ACC-06722,CUST-04214,credit_card,2024-06-10
ACC-06723,CUST-04769,checking,2024-12-21
ACC-06724,CUST-04546,credit_card,2024-09-12
ACC-06725,CUST-03206,checking,2024-03-15
ACC-06726,CUST-00996,checking,2024-06-08
ACC-06727,CUST-02582,savings,2024-06-20
ACC-06728,CUST-04223,savings,2024-03-21
ACC-06729,CUST-00133,credit_card,2024-12-07
ACC-06730,CUST-00596,checking,2024-11-01
ACC-06731,CUST-00341,savings,2024-04-23
ACC-06732,CUST-01827,savings,2024-02-17
ACC-06733,CUST-03833,savings,2024-12-27
ACC-06734,CUST-01443,checking,2024-10-12
ACC-06735,CUST-00819,checking,2024-12-06
ACC-06736,CUST-03584,checking,2024-07-22
ACC-06737,CUST-03103,checking,2024-11-16
ACC-06738,CUST-04511,savings,2024-11-02
ACC-06739,CUST-00253,credit_card,2024-01-03
ACC-06740,CUST-04450,checking,2024-01-15
ACC-06741,CUST-00709,checking,2024-07-22
ACC-06742,CUST-03163,checking,2024-11-19
ACC-06743,CUST-00300,savings,2024-09-06
ACC-06744,CUST-03852,credit_card,2024-03-27
ACC-06745,CUST-01913,credit_card,2024-09-05
ACC-06746,CUST-04286,credit_card,2024-06-07
ACC-06747,CUST-03139,credit_card,2024-08-18
ACC-06748,CUST-02287,credit_card,2024-08-14
ACC-06749,CUST-03054,savings,2024-10-20
ACC-06750,CUST-04266,checking,2024-08-27
ACC-06751,CUST-02710,credit_card,2024-08-18
ACC-06752,CUST-02042,savings,2024-10-03
ACC-06753,CUST-03226,savings,2024-01-24
ACC-06754,CUST-00961,credit_card,2024-01-25
ACC-06755,CUST-02576,credit_card,2024-01-03
ACC-06756,CUST-04200,savings,2024-03-22
ACC-06757,CUST-01559,savings,2024-11-16
ACC-06758,CUST-03085,savings,2024-10-04
ACC-06759,CUST-04577,credit_card,2024-04-23
ACC-06760,CUST-00848,checking,2024-03-23
ACC-06761,CUST-04537,checking,2024-12-12
ACC-06762,CUST-00576,savings,2024-11-08
ACC-06763,CUST-03497,credit_card,2024-08-13
ACC-06764,CUST-02328,checking,2024-10-19
ACC-06765,CUST-03694,checking,2024-10-09
ACC-06766,CUST-00026,checking,2024-07-07
ACC-06767,CUST-02596,credit_card,2024-09-14
ACC-06768,CUST-02385,credit_card,2024-01-01
ACC-06769,CUST-00702,savings,2024-02-23
ACC-06770,CUST-01931,credit_card,2024-03-27
ACC-06771,CUST-01065,checking,2024-02-26
ACC-06772,CUST-00105,credit_card,2024-05-05
ACC-06773,CUST-01528,checking,2024-07-05
ACC-06774,CUST-03004,checking,2024-07-11
ACC-06775,CUST-03829,checking,2024-09-08
ACC-06776,CUST-03134,checking,2024-12-11
ACC-06777,CUST-04785,savings,2024-03-26
ACC-06778,CUST-02268,savings,2024-05-08
ACC-06779,CUST-00869,savings,2024-06-26
ACC-06780,CUST-04722,credit_card,2024-05-23
ACC-06781,CUST-04626,savings,2024-01-25
ACC-06782,CUST-02395,checking,2024-07-26
ACC-06783,CUST-04850,checking,2024-02-16
ACC-06784,CUST-00718,checking,2024-10-17
ACC-06785,CUST-02740,checking,2024-05-22
ACC-06786,CUST-03523,checking,2024-09-08
ACC-06787,CUST-01254,checking,2024-10-23
ACC-06788,CUST-02918,credit_card,2024-08-18
ACC-06789,CUST-01270,credit_card,2024-11-22
ACC-06790,CUST-02619,credit_card,2024-03-20
ACC-06791,CUST-01832,credit_card,2024-07-03
ACC-06792,CUST-02234,credit_card,2024-11-20
ACC-06793,CUST-04877,savings,2024-04-26
ACC-06794,CUST-03467,checking,2024-07-22
ACC-06795,CUST-03472,credit_card,2024-09-23
ACC-06796,CUST-01356,checking,2024-09-05
ACC-06797,CUST-03638,savings,2024-07-19
ACC-06798,CUST-03370,credit_card,2024-09-26
ACC-06799,CUST-04875,savings,2024-04-04
ACC-06800,CUST-00280,credit_card,2024-05-20
ACC-06801,CUST-02722,savings,2024-10-06
ACC-06802,CUST-01578,credit_card,2024-07-22
ACC-06803,CUST-03587,credit_card,2024-06-12
ACC-06804,CUST-04933,savings,2024-01-28
ACC-06805,CUST-03662,savings,2024-03-13
ACC-06806,CUST-00538,checking,2024-09-09
ACC-06807,CUST-04917,savings,2024-11-18
ACC-06808,CUST-02318,savings,2024-09-22
ACC-06809,CUST-01456,credit_card,2024-09-22
ACC-06810,CUST-02458,savings,2024-04-23
ACC-06811,CUST-02790,credit_card,2024-01-18
ACC-06812,CUST-04354,checking,2024-12-13
ACC-06813,CUST-03167,savings,2024-12-09
ACC-06814,CUST-00105,savings,2024-01-11
ACC-06815,CUST-02194,checking,2024-10-23
ACC-06816,CUST-04739,credit_card,2024-12-25
ACC-06817,CUST-01951,credit_card,2024-06-24
ACC-06818,CUST-00960,checking,2024-05-05
ACC-06819,CUST-00138,credit_card,2024-02-16
ACC-06820,CUST-00166,credit_card,2024-02-14
ACC-06821,CUST-00546,checking,2024-11-09
ACC-06822,CUST-04077,checking,2024-06-12
ACC-06823,CUST-00756,savings,2024-06-16
ACC-06824,CUST-04219,savings,2024-01-18
ACC-06825,CUST-02435,checking,2024-09-17
ACC-06826,CUST-00131,credit_card,2024-05-22
ACC-06827,CUST-00240,credit_card,2024-08-18
ACC-06828,CUST-02426,checking,2024-12-07
ACC-06829,CUST-00951,credit_card,2024-06-23
ACC-06830,CUST-02775,credit_card,2024-07-28
ACC-06831,CUST-00799,checking,2024-11-02
ACC-06832,CUST-00496,savings,2024-05-11
ACC-06833,CUST-01990,checking,2024-11-13
ACC-06834,CUST-03993,checking,2024-05-10
ACC-06835,CUST-00959,credit_card,2024-11-12
ACC-06836,CUST-02497,checking,2024-06-20
ACC-06837,CUST-01418,checking,2024-01-17
ACC-06838,CUST-03622,checking,2024-09-08
ACC-06839,CUST-04657,credit_card,2024-11-14
ACC-06840,CUST-02997,savings,2024-07-02
ACC-06841,CUST-03427,credit_card,2024-02-27
ACC-06842,CUST-03654,checking,2024-04-21
ACC-06843,CUST-00155,savings,2024-05-14
ACC-06844,CUST-03402,savings,2024-09-02
ACC-06845,CUST-01597,checking,2024-03-07
ACC-06846,CUST-04683,savings,2024-10-18
ACC-06847,CUST-04395,savings,2024-01-19
ACC-06848,CUST-00555,savings,2024-11-17
ACC-06849,CUST-02760,checking,2024-04-10
ACC-06850,CUST-02756,checking,2024-05-03
ACC-06851,CUST-01481,credit_card,2024-09-18
ACC-06852,CUST-01785,savings,2024-03-18
ACC-06853,CUST-03706,checking,2024-02-27
ACC-06854,CUST-01669,checking,2024-01-14
ACC-06855,CUST-01392,savings,2024-03-02
ACC-06856,CUST-02285,credit_card,2024-02-02
ACC-06857,CUST-00676,savings,2024-05-03
ACC-06858,CUST-00129,checking,2024-05-24
ACC-06859,CUST-01411,savings,2024-08-22
ACC-06860,CUST-02230,checking,2024-11-28
ACC-06861,CUST-02195,checking,2024-01-08
ACC-06862,CUST-00539,savings,2024-07-21
ACC-06863,CUST-02097,savings,2024-07-15
ACC-06864,CUST-00148,savings,2024-01-04
ACC-06865,CUST-04935,credit_card,2024-10-20
ACC-06866,CUST-02111,savings,2024-04-28
ACC-06867,CUST-03791,checking,2024-02-22
ACC-06868,CUST-03765,credit_card,2024-03-12
ACC-06869,CUST-04666,credit_card,2024-05-07
ACC-06870,CUST-03893,credit_card,2024-08-05
ACC-06871,CUST-04460,credit_card,2024-06-13
ACC-06872,CUST-03370,checking,2024-11-12
ACC-06873,CUST-02386,savings,2024-02-05
ACC-06874,CUST-00851,checking,2024-05-24
ACC-06875,CUST-03931,credit_card,2024-04-25
ACC-06876,CUST-00723,checking,2024-11-02
ACC-06877,CUST-00588,checking,2024-05-01
ACC-06878,CUST-02335,checking,2024-03-15
ACC-06879,CUST-01896,credit_card,2024-03-09
ACC-06880,CUST-04228,credit_card,2024-04-21
ACC-06881,CUST-00949,credit_card,2024-12-15
ACC-06882,CUST-01037,savings,2024-06-12
ACC-06883,CUST-04999,credit_card,2024-02-11
ACC-06884,CUST-04074,checking,2024-02-20
ACC-06885,CUST-00705,checking,2024-04-24
ACC-06886,CUST-02796,credit_card,2024-05-17
ACC-06887,CUST-00014,checking,2024-02-21
ACC-06888,CUST-04033,savings,2024-10-24
ACC-06889,CUST-02918,savings,2024-11-28
ACC-06890,CUST-04531,credit_card,2024-05-13
ACC-06891,CUST-03602,credit_card,2024-07-07
ACC-06892,CUST-04483,credit_card,2024-02-16
ACC-06893,CUST-02269,savings,2024-10-17
ACC-06894,CUST-01431,credit_card,2024-04-04
ACC-06895,CUST-02095,credit_card,2024-04-24
ACC-06896,CUST-03694,savings,2024-10-08
ACC-06897,CUST-02233,credit_card,2024-07-09
ACC-06898,CUST-01151,credit_card,2024-11-19
ACC-06899,CUST-02789,checking,2024-08-25
ACC-06900,CUST-01145,savings,2024-03-28
ACC-06901,CUST-02478,savings,2024-03-07
ACC-06902,CUST-02703,savings,2024-06-20
ACC-06903,CUST-01104,checking,2024-07-13
ACC-06904,CUST-03182,savings,2024-07-07
ACC-06905,CUST-00458,credit_card,2024-03-16
ACC-06906,CUST-01071,credit_card,2024-07-16
ACC-06907,CUST-03354,savings,2024-06-16
ACC-06908,CUST-02488,credit_card,2024-10-22
ACC-06909,CUST-01698,checking,2024-05-03
ACC-06910,CUST-04986,credit_card,2024-05-26
ACC-06911,CUST-01878,credit_card,2024-01-16
ACC-06912,CUST-04608,checking,2024-06-26
ACC-06913,CUST-04603,credit_card,2024-11-28
ACC-06914,CUST-03376,credit_card,2024-05-25
ACC-06915,CUST-04701,checking,2024-04-20
ACC-06916,CUST-02639,credit_card,2024-06-05
ACC-06917,CUST-02490,credit_card,2024-07-12
ACC-06918,CUST-00006,savings,2024-10-03
ACC-06919,CUST-03636,savings,2024-02-24
ACC-06920,CUST-03632,credit_card,2024-12-25
ACC-06921,CUST-02979,savings,2024-10-19
ACC-06922,CUST-02967,savings,2024-11-21
ACC-06923,CUST-01610,checking,2024-05-01
ACC-06924,CUST-03679,savings,2024-11-07
ACC-06925,CUST-03902,savings,2024-09-24
ACC-06926,CUST-02937,checking,2024-03-13
ACC-06927,CUST-01458,checking,2024-11-16
ACC-06928,CUST-02885,checking,2024-01-18
ACC-06929,CUST-03552,credit_card,2024-12-18
ACC-06930,CUST-03826,credit_card,2024-03-04
ACC-06931,CUST-01762,credit_card,2024-04-01
ACC-06932,CUST-01445,checking,2024-05-13
ACC-06933,CUST-01465,credit_card,2024-08-06
ACC-06934,CUST-01723,credit_card,2024-11-19
ACC-06935,CUST-02607,checking,2024-09-19
ACC-06936,CUST-02665,savings,2024-07-09
ACC-06937,CUST-02688,checking,2024-09-13
ACC-06938,CUST-00264,checking,2024-04-17
ACC-06939,CUST-01274,savings,2024-11-08
ACC-06940,CUST-01783,checking,2024-07-23
ACC-06941,CUST-02593,checking,2024-04-01
ACC-06942,CUST-02144,credit_card,2024-11-06
ACC-06943,CUST-00976,savings,2024-05-10
ACC-06944,CUST-04292,checking,2024-02-25
ACC-06945,CUST-00502,checking,2024-12-23
ACC-06946,CUST-03482,savings,2024-02-04
ACC-06947,CUST-04668,credit_card,2024-10-04
ACC-06948,CUST-01106,credit_card,2024-01-04
ACC-06949,CUST-01491,checking,2024-10-05
ACC-06950,CUST-03518,credit_card,2024-07-03
ACC-06951,CUST-01047,savings,2024-03-04
ACC-06952,CUST-01909,savings,2024-05-18
ACC-06953,CUST-04060,savings,2024-07-18
ACC-06954,CUST-02755,credit_card,2024-08-08
ACC-06955,CUST-03574,savings,2024-11-25
ACC-06956,CUST-04503,credit_card,2024-06-26
ACC-06957,CUST-04999,checking,2024-07-15
ACC-06958,CUST-01382,credit_card,2024-12-11
ACC-06959,CUST-02284,savings,2024-10-15
ACC-06960,CUST-04887,savings,2024-01-05
ACC-06961,CUST-01286,savings,2024-02-09
ACC-06962,CUST-04352,checking,2024-10-26
ACC-06963,CUST-01575,credit_card,2024-06-02
ACC-06964,CUST-01806,checking,2024-09-02
ACC-06965,CUST-03477,savings,2024-12-16
ACC-06966,CUST-02813,credit_card,2024-05-26
ACC-06967,CUST-00076,checking,2024-03-10
ACC-06968,CUST-00535,savings,2024-09-15
ACC-06969,CUST-01717,savings,2024-04-10
ACC-06970,CUST-03966,checking,2024-07-09
ACC-06971,CUST-00666,checking,2024-10-17
ACC-06972,CUST-00364,savings,2024-12-03
ACC-06973,CUST-00155,credit_card,2024-01-16
ACC-06974,CUST-03944,savings,2024-05-11
ACC-06975,CUST-03694,credit_card,2024-12-24
ACC-06976,CUST-03570,checking,2024-08-02
ACC-06977,CUST-04624,credit_card,2024-01-17
ACC-06978,CUST-04317,credit_card,2024-09-17
ACC-06979,CUST-01293,credit_card,2024-06-17
ACC-06980,CUST-01242,credit_card,2024-06-13
ACC-06981,CUST-00665,savings,2024-01-15
ACC-06982,CUST-01721,checking,2024-12-17
ACC-06983,CUST-02885,credit_card,2024-03-14
ACC-06984,CUST-04027,checking,2024-02-12
ACC-06985,CUST-03608,savings,2024-05-07
ACC-06986,CUST-02303,credit_card,2024-08-20
ACC-06987,CUST-04660,credit_card,2024-01-07
ACC-06988,CUST-04492,savings,2024-08-21
ACC-06989,CUST-01463,savings,2024-09-11
ACC-06990,CUST-00381,savings,2024-04-28
ACC-06991,CUST-01570,checking,2024-10-05
ACC-06992,CUST-01405,checking,2024-09-12
ACC-06993,CUST-04644,savings,2024-03-14
ACC-06994,CUST-02000,credit_card,2024-11-06
ACC-06995,CUST-00219,checking,2024-03-19
ACC-06996,CUST-00203,savings,2024-12-05
ACC-06997,CUST-04678,checking,2024-01-14
ACC-06998,CUST-00146,checking,2024-02-23
ACC-06999,CUST-02318,checking,2024-10-09
ACC-07000,CUST-03880,checking,2024-02-18
ACC-07001,CUST-03006,credit_card,2024-09-11
ACC-07002,CUST-04883,credit_card,2024-04-22
ACC-07003,CUST-00744,savings,2024-05-05
ACC-07004,CUST-02173,checking,2024-08-17
ACC-07005,CUST-00818,savings,2024-07-19
ACC-07006,CUST-04322,checking,2024-07-24
ACC-07007,CUST-04219,savings,2024-08-28
ACC-07008,CUST-01609,savings,2024-01-12
ACC-07009,CUST-00960,checking,2024-07-28
ACC-07010,CUST-01785,checking,2024-01-11
ACC-07011,CUST-04211,checking,2024-09-27
ACC-07012,CUST-02082,credit_card,2024-05-26
ACC-07013,CUST-01781,credit_card,2024-03-28
ACC-07014,CUST-01137,credit_card,2024-10-11
ACC-07015,CUST-02623,checking,2024-06-14
ACC-07016,CUST-03034,credit_card,2024-12-23
ACC-07017,CUST-03895,credit_card,2024-03-03
ACC-07018,CUST-00215,checking,2024-10-20
ACC-07019,CUST-04629,credit_card,2024-05-15
ACC-07020,CUST-00892,savings,2024-07-18
ACC-07021,CUST-04003,credit_card,2024-03-13
ACC-07022,CUST-00922,credit_card,2024-12-05
ACC-07023,CUST-04008,checking,2024-05-15
ACC-07024,CUST-00763,checking,2024-12-03
ACC-07025,CUST-02353,savings,2024-05-24
ACC-07026,CUST-04495,savings,2024-02-21
ACC-07027,CUST-03951,credit_card,2024-05-26
ACC-07028,CUST-00083,savings,2024-04-08
ACC-07029,CUST-02500,checking,2024-07-01
ACC-07030,CUST-02562,credit_card,2024-05-01
ACC-07031,CUST-01495,savings,2024-06-24
ACC-07032,CUST-03022,credit_card,2024-12-02
ACC-07033,CUST-00493,credit_card,2024-10-16
ACC-07034,CUST-04674,credit_card,2024-10-22
ACC-07035,CUST-03468,checking,2024-03-03
ACC-07036,CUST-03896,savings,2024-05-14
ACC-07037,CUST-03846,savings,2024-03-06
ACC-07038,CUST-01651,credit_card,2024-10-28
ACC-07039,CUST-02338,credit_card,2024-11-01
ACC-07040,CUST-04234,credit_card,2024-08-06
ACC-07041,CUST-02372,checking,2024-07-28
ACC-07042,CUST-03671,savings,2024-10-17
ACC-07043,CUST-03516,credit_card,2024-05-15
ACC-07044,CUST-01111,checking,2024-02-13
ACC-07045,CUST-02013,savings,2024-10-10
ACC-07046,CUST-03431,savings,2024-06-27
ACC-07047,CUST-01444,checking,2024-04-26
ACC-07048,CUST-04364,checking,2024-09-27
ACC-07049,CUST-03787,credit_card,2024-12-01
ACC-07050,CUST-03438,checking,2024-05-09
ACC-07051,CUST-04861,savings,2024-01-16
ACC-07052,CUST-04941,credit_card,2024-11-09
ACC-07053,CUST-03430,checking,2024-06-12
ACC-07054,CUST-01676,checking,2024-05-25
ACC-07055,CUST-03469,savings,2024-07-23
ACC-07056,CUST-04485,credit_card,2024-04-07
ACC-07057,CUST-01154,savings,2024-10-03
ACC-07058,CUST-04530,savings,2024-12-14
ACC-07059,CUST-01262,savings,2024-01-02
ACC-07060,CUST-02367,checking,2024-09-22
ACC-07061,CUST-01078,credit_card,2024-01-22
ACC-07062,CUST-03116,credit_card,2024-07-24
ACC-07063,CUST-00545,credit_card,2024-01-08
ACC-07064,CUST-01235,credit_card,2024-07-20
ACC-07065,CUST-01705,savings,2024-08-28
ACC-07066,CUST-02583,checking,2024-08-06
ACC-07067,CUST-04649,checking,2024-12-22
ACC-07068,CUST-03720,checking,2024-02-08
ACC-07069,CUST-01264,credit_card,2024-10-19
ACC-07070,CUST-03765,savings,2024-05-18
ACC-07071,CUST-01839,checking,2024-10-12
ACC-07072,CUST-03806,savings,2024-10-26
ACC-07073,CUST-03980,savings,2024-12-11
ACC-07074,CUST-03118,savings,2024-05-22
ACC-07075,CUST-03932,credit_card,2024-07-01
ACC-07076,CUST-00713,credit_card,2024-01-12
ACC-07077,CUST-03069,credit_card,2024-12-12
ACC-07078,CUST-01200,savings,2024-06-12
ACC-07079,CUST-01998,savings,2024-03-15
ACC-07080,CUST-00718,savings,2024-05-17
ACC-07081,CUST-03021,credit_card,2024-04-02
ACC-07082,CUST-00089,savings,2024-01-22
ACC-07083,CUST-02517,credit_card,2024-01-21
ACC-07084,CUST-02130,savings,2024-10-27
ACC-07085,CUST-02493,savings,2024-10-06
ACC-07086,CUST-02442,credit_card,2024-01-05
ACC-07087,CUST-01717,checking,2024-02-20
ACC-07088,CUST-00693,checking,2024-10-13
ACC-07089,CUST-04123,savings,2024-08-09
ACC-07090,CUST-01577,savings,2024-12-26
ACC-07091,CUST-02780,credit_card,2024-03-15
ACC-07092,CUST-04417,savings,2024-04-15
ACC-07093,CUST-01836,checking,2024-07-06
ACC-07094,CUST-01163,savings,2024-02-12
ACC-07095,CUST-04595,credit_card,2024-07-27
ACC-07096,CUST-00679,savings,2024-07-26
ACC-07097,CUST-04751,checking,2024-03-10
ACC-07098,CUST-00425,credit_card,2024-12-17
ACC-07099,CUST-01916,credit_card,2024-07-06
ACC-07100,CUST-04582,savings,2024-10-26
ACC-07101,CUST-03407,savings,2024-02-09
ACC-07102,CUST-00078,credit_card,2024-09-04
ACC-07103,CUST-01105,savings,2024-11-15
ACC-07104,CUST-00438,checking,2024-11-02
ACC-07105,CUST-04394,checking,2024-02-12
ACC-07106,CUST-03136,savings,2024-02-01
ACC-07107,CUST-01161,checking,2024-05-19
ACC-07108,CUST-01246,credit_card,2024-07-28
ACC-07109,CUST-01569,checking,2024-11-15
ACC-07110,CUST-03803,checking,2024-05-19
ACC-07111,CUST-00339,checking,2024-07-28
ACC-07112,CUST-01717,checking,2024-11-04
ACC-07113,CUST-04730,savings,2024-08-09
ACC-07114,CUST-00503,checking,2024-10-11
ACC-07115,CUST-03005,credit_card,2024-03-24
ACC-07116,CUST-02115,savings,2024-05-20
ACC-07117,CUST-03615,credit_card,2024-08-01
ACC-07118,CUST-00855,checking,2024-05-23
ACC-07119,CUST-00412,checking,2024-01-18
ACC-07120,CUST-04138,credit_card,2024-03-27
ACC-07121,CUST-04744,credit_card,2024-12-22
ACC-07122,CUST-02332,savings,2024-06-04
ACC-07123,CUST-02578,checking,2024-05-09
ACC-07124,CUST-04897,checking,2024-04-14
ACC-07125,CUST-01595,credit_card,2024-10-27
ACC-07126,CUST-01381,savings,2024-09-22
ACC-07127,CUST-00316,checking,2024-06-18
ACC-07128,CUST-01486,credit_card,2024-10-24
ACC-07129,CUST-04199,credit_card,2024-08-17
ACC-07130,CUST-04962,savings,2024-11-17
ACC-07131,CUST-02183,savings,2024-04-04
ACC-07132,CUST-00065,savings,2024-05-12
ACC-07133,CUST-04686,credit_card,2024-08-05
ACC-07134,CUST-03732,checking,2024-08-07
ACC-07135,CUST-03525,credit_card,2024-08-25
ACC-07136,CUST-00608,credit_card,2024-09-21
ACC-07137,CUST-04462,checking,2024-08-10
ACC-07138,CUST-02681,credit_card,2024-04-09
ACC-07139,CUST-03570,credit_card,2024-03-11
ACC-07140,CUST-02797,savings,2024-03-01
ACC-07141,CUST-03959,credit_card,2024-12-01
ACC-07142,CUST-00816,savings,2024-10-16
ACC-07143,CUST-02644,checking,2024-11-18
ACC-07144,CUST-03659,checking,2024-10-23
ACC-07145,CUST-03913,checking,2024-10-26
ACC-07146,CUST-01858,credit_card,2024-04-03
ACC-07147,CUST-03251,savings,2024-02-23
ACC-07148,CUST-01464,credit_card,2024-11-17
ACC-07149,CUST-04872,savings,2024-02-09
ACC-07150,CUST-04156,savings,2024-10-05
ACC-07151,CUST-02212,savings,2024-06-24
ACC-07152,CUST-04379,savings,2024-01-08
ACC-07153,CUST-04150,checking,2024-03-11
ACC-07154,CUST-03471,savings,2024-03-07
ACC-07155,CUST-02692,checking,2024-08-12
ACC-07156,CUST-01522,savings,2024-05-04
ACC-07157,CUST-00638,credit_card,2024-10-07
ACC-07158,CUST-00612,checking,2024-07-18
ACC-07159,CUST-03886,credit_card,2024-12-07
ACC-07160,CUST-04432,savings,2024-09-18
ACC-07161,CUST-01771,checking,2024-07-01
ACC-07162,CUST-00729,credit_card,2024-12-27
ACC-07163,CUST-04847,checking,2024-11-05
ACC-07164,CUST-00852,credit_card,2024-07-05
ACC-07165,CUST-01796,credit_card,2024-07-16
ACC-07166,CUST-03497,checking,2024-02-28
ACC-07167,CUST-03448,checking,2024-10-20
ACC-07168,CUST-02783,credit_card,2024-06-11
ACC-07169,CUST-03041,savings,2024-11-19
ACC-07170,CUST-00810,savings,2024-09-20
ACC-07171,CUST-03339,savings,2024-04-09
ACC-07172,CUST-04664,checking,2024-09-28
ACC-07173,CUST-03607,checking,2024-07-11
ACC-07174,CUST-04809,checking,2024-04-25
ACC-07175,CUST-01450,checking,2024-04-14
ACC-07176,CUST-02423,savings,2024-08-07
ACC-07177,CUST-03745,credit_card,2024-09-25
ACC-07178,CUST-02842,savings,2024-08-22
ACC-07179,CUST-01849,credit_card,2024-05-27
ACC-07180,CUST-01306,savings,2024-08-25
ACC-07181,CUST-02418,savings,2024-01-01
ACC-07182,CUST-01240,checking,2024-02-28
ACC-07183,CUST-04487,checking,2024-12-26
ACC-07184,CUST-02536,credit_card,2024-03-10
ACC-07185,CUST-01223,checking,2024-05-23
ACC-07186,CUST-02725,credit_card,2024-08-23
ACC-07187,CUST-01503,checking,2024-05-02
ACC-07188,CUST-00295,savings,2024-12-27
ACC-07189,CUST-00765,credit_card,2024-10-01
ACC-07190,CUST-03292,credit_card,2024-02-11
ACC-07191,CUST-04639,credit_card,2024-05-19
ACC-07192,CUST-04829,credit_card,2024-06-16
ACC-07193,CUST-02561,credit_card,2024-06-17
ACC-07194,CUST-03774,checking,2024-03-15
ACC-07195,CUST-04735,credit_card,2024-06-26
ACC-07196,CUST-04350,checking,2024-06-03
ACC-07197,CUST-03476,credit_card,2024-09-27
ACC-07198,CUST-01415,savings,2024-08-15
ACC-07199,CUST-03252,savings,2024-08-08
ACC-07200,CUST-01481,savings,2024-04-20
ACC-07201,CUST-00989,savings,2024-03-12
ACC-07202,CUST-03777,credit_card,2024-01-23
ACC-07203,CUST-02736,credit_card,2024-06-25
ACC-07204,CUST-03139,credit_card,2024-02-12
ACC-07205,CUST-01146,checking,2024-11-09
ACC-07206,CUST-04379,credit_card,2024-03-10
ACC-07207,CUST-00425,checking,2024-04-15
ACC-07208,CUST-04300,savings,2024-04-22
ACC-07209,CUST-04232,savings,2024-01-12
ACC-07210,CUST-03181,savings,2024-11-06
ACC-07211,CUST-04940,credit_card,2024-07-10
ACC-07212,CUST-00728,savings,2024-01-28
ACC-07213,CUST-02090,savings,2024-12-14
ACC-07214,CUST-00154,checking,2024-11-10
ACC-07215,CUST-02644,checking,2024-08-04
ACC-07216,CUST-02779,credit_card,2024-02-02
ACC-07217,CUST-00695,checking,2024-04-21
ACC-07218,CUST-02283,checking,2024-02-12
ACC-07219,CUST-02576,credit_card,2024-01-15
ACC-07220,CUST-00568,savings,2024-03-02
ACC-07221,CUST-02472,checking,2024-10-15
ACC-07222,CUST-04489,checking,2024-03-23
ACC-07223,CUST-04590,checking,2024-06-06
ACC-07224,CUST-03369,credit_card,2024-01-04
ACC-07225,CUST-02669,savings,2024-05-18
ACC-07226,CUST-03984,credit_card,2024-02-20
ACC-07227,CUST-03058,credit_card,2024-12-26
ACC-07228,CUST-02506,checking,2024-05-19
ACC-07229,CUST-04278,savings,2024-05-12
ACC-07230,CUST-04584,savings,2024-10-22
ACC-07231,CUST-04864,savings,2024-07-28
ACC-07232,CUST-04283,credit_card,2024-01-23
ACC-07233,CUST-00398,savings,2024-07-26
ACC-07234,CUST-02797,checking,2024-10-06
ACC-07235,CUST-03073,credit_card,2024-01-27
ACC-07236,CUST-00038,credit_card,2024-10-28
ACC-07237,CUST-04853,checking,2024-12-05
ACC-07238,CUST-03877,savings,2024-02-28
ACC-07239,CUST-01386,savings,2024-02-03
ACC-07240,CUST-03037,checking,2024-08-18
ACC-07241,CUST-01477,credit_card,2024-02-10
ACC-07242,CUST-04012,credit_card,2024-11-13
ACC-07243,CUST-01071,checking,2024-05-14
ACC-07244,CUST-02672,savings,2024-06-12
ACC-07245,CUST-01321,checking,2024-12-22
ACC-07246,CUST-01681,savings,2024-05-11
ACC-07247,CUST-02568,checking,2024-12-16
ACC-07248,CUST-04961,checking,2024-04-06
ACC-07249,CUST-01415,credit_card,2024-02-08
ACC-07250,CUST-02389,credit_card,2024-03-14
ACC-07251,CUST-03987,credit_card,2024-12-20
ACC-07252,CUST-00016,checking,2024-04-19
ACC-07253,CUST-02866,credit_card,2024-11-21
ACC-07254,CUST-02172,credit_card,2024-09-06
ACC-07255,CUST-00520,checking,2024-05-08
ACC-07256,CUST-01971,checking,2024-10-21
ACC-07257,CUST-03436,checking,2024-11-04
ACC-07258,CUST-02140,savings,2024-05-20
ACC-07259,CUST-04023,credit_card,2024-06-05
ACC-07260,CUST-02074,checking,2024-11-28
ACC-07261,CUST-01352,credit_card,2024-11-11
ACC-07262,CUST-04855,credit_card,2024-05-10
ACC-07263,CUST-00141,savings,2024-09-07
ACC-07264,CUST-03660,checking,2024-06-09
ACC-07265,CUST-02932,savings,2024-06-24
ACC-07266,CUST-00337,checking,2024-04-02
ACC-07267,CUST-00233,credit_card,2024-01-27
ACC-07268,CUST-01213,savings,2024-07-12
ACC-07269,CUST-03152,savings,2024-10-25
ACC-07270,CUST-02913,savings,2024-08-10
ACC-07271,CUST-04794,savings,2024-04-08
ACC-07272,CUST-03488,credit_card,2024-03-01
ACC-07273,CUST-01654,savings,2024-01-19
ACC-07274,CUST-04036,credit_card,2024-02-12
ACC-07275,CUST-02599,credit_card,2024-05-02
ACC-07276,CUST-01658,credit_card,2024-05-01
ACC-07277,CUST-03308,checking,2024-12-18
ACC-07278,CUST-00255,checking,2024-12-17
ACC-07279,CUST-03945,credit_card,2024-06-27
ACC-07280,CUST-00942,savings,2024-09-12
ACC-07281,CUST-02294,credit_card,2024-07-05
ACC-07282,CUST-00169,credit_card,2024-06-01
ACC-07283,CUST-03427,savings,2024-03-02
ACC-07284,CUST-01715,savings,2024-11-04
ACC-07285,CUST-03726,credit_card,2024-01-21
ACC-07286,CUST-02081,savings,2024-11-13
ACC-07287,CUST-01425,checking,2024-03-08
ACC-07288,CUST-00485,checking,2024-10-28
ACC-07289,CUST-00753,savings,2024-04-05
ACC-07290,CUST-03359,checking,2024-10-03
ACC-07291,CUST-00302,credit_card,2024-12-02
ACC-07292,CUST-03465,credit_card,2024-01-11
ACC-07293,CUST-04913,credit_card,2024-01-05
ACC-07294,CUST-01240,savings,2024-07-27
ACC-07295,CUST-03305,credit_card,2024-04-28
ACC-07296,CUST-01704,checking,2024-04-21
ACC-07297,CUST-04390,savings,2024-10-18
ACC-07298,CUST-00497,savings,2024-05-06
ACC-07299,CUST-00830,credit_card,2024-02-18
ACC-07300,CUST-00482,credit_card,2024-05-12
ACC-07301,CUST-03333,checking,2024-12-05
ACC-07302,CUST-04897,credit_card,2024-08-26
ACC-07303,CUST-03342,checking,2024-07-02
ACC-07304,CUST-02518,savings,2024-05-07
ACC-07305,CUST-00139,savings,2024-06-15
ACC-07306,CUST-03490,checking,2024-12-09
ACC-07307,CUST-04914,savings,2024-05-04
ACC-07308,CUST-01592,credit_card,2024-08-10
ACC-07309,CUST-02860,credit_card,2024-02-01
ACC-07310,CUST-01767,checking,2024-09-24
ACC-07311,CUST-01461,checking,2024-06-02
ACC-07312,CUST-00878,checking,2024-11-04
ACC-07313,CUST-02690,credit_card,2024-08-10
ACC-07314,CUST-04844,checking,2024-02-03
ACC-07315,CUST-01649,savings,2024-09-22
ACC-07316,CUST-02826,savings,2024-11-23
ACC-07317,CUST-04971,checking,2024-05-20
ACC-07318,CUST-00862,credit_card,2024-08-07
ACC-07319,CUST-02909,savings,2024-09-15
ACC-07320,CUST-04127,savings,2024-03-17
ACC-07321,CUST-02773,credit_card,2024-11-17
ACC-07322,CUST-04391,savings,2024-07-18
ACC-07323,CUST-00777,checking,2024-04-21
ACC-07324,CUST-02050,savings,2024-02-02
ACC-07325,CUST-02215,credit_card,2024-09-08
ACC-07326,CUST-04422,checking,2024-06-14
ACC-07327,CUST-00855,credit_card,2024-12-09
ACC-07328,CUST-02035,credit_card,2024-11-13
ACC-07329,CUST-04390,credit_card,2024-02-27
ACC-07330,CUST-02576,checking,2024-02-02
ACC-07331,CUST-03725,checking,2024-02-26
ACC-07332,CUST-01391,credit_card,2024-05-03
ACC-07333,CUST-01610,checking,2024-10-01
ACC-07334,CUST-03037,checking,2024-04-04
ACC-07335,CUST-04679,checking,2024-05-05
ACC-07336,CUST-04814,savings,2024-10-09
ACC-07337,CUST-00631,checking,2024-04-24
ACC-07338,CUST-02234,credit_card,2024-08-22
ACC-07339,CUST-04211,checking,2024-07-23
ACC-07340,CUST-01935,checking,2024-01-11
ACC-07341,CUST-02372,credit_card,2024-05-06
ACC-07342,CUST-02242,checking,2024-09-27
ACC-07343,CUST-04488,credit_card,2024-02-14
ACC-07344,CUST-02547,savings,2024-03-21
ACC-07345,CUST-00922,savings,2024-12-02
ACC-07346,CUST-01176,credit_card,2024-12-18
ACC-07347,CUST-01893,checking,2024-05-05
ACC-07348,CUST-01534,checking,2024-10-22
ACC-07349,CUST-04942,checking,2024-06-19
ACC-07350,CUST-03839,checking,2024-06-12
ACC-07351,CUST-03707,checking,2024-08-19
ACC-07352,CUST-02377,savings,2024-11-16
ACC-07353,CUST-01770,savings,2024-01-05
ACC-07354,CUST-03828,savings,2024-03-15
ACC-07355,CUST-01360,checking,2024-01-20
ACC-07356,CUST-04398,savings,2024-08-28
ACC-07357,CUST-04429,credit_card,2024-05-02
ACC-07358,CUST-00855,checking,2024-05-17
ACC-07359,CUST-03082,checking,2024-02-21
ACC-07360,CUST-04883,savings,2024-12-26
ACC-07361,CUST-02341,savings,2024-10-02
ACC-07362,CUST-04022,checking,2024-06-09
ACC-07363,CUST-02386,checking,2024-06-01
ACC-07364,CUST-04445,savings,2024-04-02
ACC-07365,CUST-04289,credit_card,2024-05-12
ACC-07366,CUST-01053,checking,2024-10-03
ACC-07367,CUST-03666,savings,2024-06-06
ACC-07368,CUST-03091,credit_card,2024-12-23
ACC-07369,CUST-01544,savings,2024-12-27
ACC-07370,CUST-04179,credit_card,2024-11-17
ACC-07371,CUST-03133,savings,2024-09-18
ACC-07372,CUST-02975,credit_card,2024-09-01
ACC-07373,CUST-01037,credit_card,2024-02-22
ACC-07374,CUST-02020,checking,2024-01-23
ACC-07375,CUST-01325,checking,2024-02-03
ACC-07376,CUST-02535,savings,2024-01-09
ACC-07377,CUST-03603,checking,2024-06-08
ACC-07378,CUST-04398,credit_card,2024-06-22
ACC-07379,CUST-02773,credit_card,2024-10-10
ACC-07380,CUST-02311,checking,2024-05-23
ACC-07381,CUST-02320,checking,2024-02-27
ACC-07382,CUST-01704,savings,2024-04-25
ACC-07383,CUST-01322,credit_card,2024-08-14
ACC-07384,CUST-00768,credit_card,2024-07-11
ACC-07385,CUST-01257,checking,2024-03-08
ACC-07386,CUST-03456,checking,2024-08-15
ACC-07387,CUST-02508,savings,2024-01-17
ACC-07388,CUST-00441,savings,2024-07-04
ACC-07389,CUST-04480,credit_card,2024-01-11
ACC-07390,CUST-00504,credit_card,2024-02-07
ACC-07391,CUST-03524,credit_card,2024-01-03
ACC-07392,CUST-01220,credit_card,2024-11-27
ACC-07393,CUST-01621,savings,2024-06-21
ACC-07394,CUST-03808,checking,2024-02-15
ACC-07395,CUST-04119,credit_card,2024-08-04
ACC-07396,CUST-01716,credit_card,2024-01-23
ACC-07397,CUST-01781,savings,2024-09-23
ACC-07398,CUST-03819,credit_card,2024-08-28
ACC-07399,CUST-02810,savings,2024-08-12
ACC-07400,CUST-00507,credit_card,2024-11-23
ACC-07401,CUST-02465,checking,2024-07-16
ACC-07402,CUST-04193,credit_card,2024-03-03
ACC-07403,CUST-02167,checking,2024-02-10
ACC-07404,CUST-01325,savings,2024-08-23
ACC-07405,CUST-01463,checking,2024-08-11
ACC-07406,CUST-04838,checking,2024-01-18
ACC-07407,CUST-00309,savings,2024-12-11
ACC-07408,CUST-01686,checking,2024-05-26
ACC-07409,CUST-02477,credit_card,2024-08-08
ACC-07410,CUST-04828,savings,2024-03-25
ACC-07411,CUST-01669,credit_card,2024-02-27
ACC-07412,CUST-01647,checking,2024-07-02
ACC-07413,CUST-04620,credit_card,2024-06-08
ACC-07414,CUST-03815,credit_card,2024-10-08
ACC-07415,CUST-02034,checking,2024-04-10
ACC-07416,CUST-03384,credit_card,2024-12-13
ACC-07417,CUST-00358,credit_card,2024-05-20
ACC-07418,CUST-04571,savings,2024-04-18
ACC-07419,CUST-03173,savings,2024-05-05
ACC-07420,CUST-00840,savings,2024-02-24
ACC-07421,CUST-01551,credit_card,2024-02-16
ACC-07422,CUST-02601,checking,2024-02-02
ACC-07423,CUST-02489,checking,2024-03-02
ACC-07424,CUST-01300,savings,2024-12-18
ACC-07425,CUST-04833,credit_card,2024-08-08
ACC-07426,CUST-00896,credit_card,2024-09-27
ACC-07427,CUST-02154,checking,2024-07-03
ACC-07428,CUST-01763,savings,2024-08-26
ACC-07429,CUST-02064,savings,2024-11-12
ACC-07430,CUST-00587,credit_card,2024-03-14
ACC-07431,CUST-01810,checking,2024-09-21
ACC-07432,CUST-02179,checking,2024-05-09
ACC-07433,CUST-01707,checking,2024-08-05
ACC-07434,CUST-01646,checking,2024-08-19
ACC-07435,CUST-02538,credit_card,2024-11-03
ACC-07436,CUST-04548,credit_card,2024-06-08
ACC-07437,CUST-02816,savings,2024-11-19
ACC-07438,CUST-01849,savings,2024-07-06
ACC-07439,CUST-01006,checking,2024-09-23
ACC-07440,CUST-01751,savings,2024-05-25
ACC-07441,CUST-04603,savings,2024-08-13
ACC-07442,CUST-01912,credit_card,2024-08-19
ACC-07443,CUST-03955,savings,2024-07-03
ACC-07444,CUST-00590,credit_card,2024-06-03
ACC-07445,CUST-01485,checking,2024-03-27
ACC-07446,CUST-04898,credit_card,2024-09-18
ACC-07447,CUST-00697,checking,2024-11-26
ACC-07448,CUST-01173,savings,2024-05-09
ACC-07449,CUST-01155,credit_card,2024-07-21
ACC-07450,CUST-01246,savings,2024-11-12
ACC-07451,CUST-02951,credit_card,2024-07-11
ACC-07452,CUST-01674,credit_card,2024-05-11
ACC-07453,CUST-02476,checking,2024-09-17
ACC-07454,CUST-01537,checking,2024-12-06
ACC-07455,CUST-04187,checking,2024-01-14
ACC-07456,CUST-02714,checking,2024-09-11
ACC-07457,CUST-03960,savings,2024-01-05
ACC-07458,CUST-01983,checking,2024-08-11
ACC-07459,CUST-00767,checking,2024-08-10
ACC-07460,CUST-02677,savings,2024-11-15
ACC-07461,CUST-01000,checking,2024-06-17
ACC-07462,CUST-02479,savings,2024-07-23
ACC-07463,CUST-04904,checking,2024-03-02
ACC-07464,CUST-01303,savings,2024-11-18
ACC-07465,CUST-02613,credit_card,2024-06-21
ACC-07466,CUST-04648,checking,2024-03-13
ACC-07467,CUST-03872,credit_card,2024-08-28
ACC-07468,CUST-04293,checking,2024-06-13
ACC-07469,CUST-02225,savings,2024-08-19
ACC-07470,CUST-00337,savings,2024-07-19
ACC-07471,CUST-00158,checking,2024-11-16
ACC-07472,CUST-03651,savings,2024-11-19
ACC-07473,CUST-01103,credit_card,2024-01-27
ACC-07474,CUST-04786,credit_card,2024-12-05
ACC-07475,CUST-04754,credit_card,2024-02-20
ACC-07476,CUST-02130,savings,2024-07-18
ACC-07477,CUST-00712,credit_card,2024-11-23
ACC-07478,CUST-04496,credit_card,2024-12-01
ACC-07479,CUST-04029,checking,2024-08-21
ACC-07480,CUST-04996,credit_card,2024-08-14
ACC-07481,CUST-00062,savings,2024-05-06
ACC-07482,CUST-03633,checking,2024-02-07
ACC-07483,CUST-01603,savings,2024-10-25
ACC-07484,CUST-01907,savings,2024-11-06
ACC-07485,CUST-03828,credit_card,2024-07-01
ACC-07486,CUST-00576,credit_card,2024-05-06
ACC-07487,CUST-01059,credit_card,2024-06-14
ACC-07488,CUST-02808,savings,2024-07-13
ACC-07489,CUST-00640,savings,2024-08-24
ACC-07490,CUST-03475,checking,2024-01-07
ACC-07491,CUST-01726,checking,2024-04-15
ACC-07492,CUST-00126,credit_card,2024-05-13
ACC-07493,CUST-04909,credit_card,2024-10-10
ACC-07494,CUST-04266,checking,2024-02-04
ACC-07495,CUST-01302,credit_card,2024-08-10
ACC-07496,CUST-04982,credit_card,2024-05-23
ACC-07497,CUST-00963,savings,2024-02-04
ACC-07498,CUST-04589,savings,2024-08-23
ACC-07499,CUST-02608,checking,2024-11-10
ACC-07500,CUST-03365,checking,2024-09-14
