customer_id,display_name,segment
CUST-00001,Synthetic Customer 00001,private_banking
CUST-00002,Synthetic Customer 00002,business
CUST-00003,Synthetic Customer 00003,retail
CUST-00004,Synthetic Customer 00004,business
CUST-00005,Synthetic Customer 00005,retail
CUST-00006,Synthetic Customer 00006,private_banking
CUST-00007,Synthetic Customer 00007,retail
CUST-00008,Synthetic Customer 00008,private_banking
CUST-00009,Synthetic Customer 00009,business
CUST-00010,Synthetic Customer 00010,business
CUST-00011,Synthetic Customer 00011,business
CUST-00012,Synthetic Customer 00012,business
CUST-00013,Synthetic Customer 00013,retail
CUST-00014,Synthetic Customer 00014,private_banking
CUST-00015,Synthetic Customer 00015,business
CUST-00016,Synthetic Customer 00016,private_banking
CUST-00017,Synthetic Customer 00017,retail
CUST-00018,Synthetic Customer 00018,business
CUST-00019,Synthetic Customer 00019,business
CUST-00020,Synthetic Customer 00020,retail
CUST-00021,Synthetic Customer 00021,private_banking
CUST-00022,Synthetic Customer 00022,private_banking
CUST-00023,Synthetic Customer 00023,private_banking
CUST-00024,Synthetic Customer 00024,private_banking
CUST-00025,Synthetic Customer 00025,business
CUST-00026,Synthetic Customer 00026,private_banking
CUST-00027,Synthetic Customer 00027,private_banking
CUST-00028,Synthetic Customer 00028,private_banking
CUST-00029,Synthetic Customer 00029,private_banking
CUST-00030,Synthetic Customer 00030,private_banking
CUST-00031,Synthetic Customer 00031,private_banking
CUST-00032,Synthetic Customer 00032,business
CUST-00033,Synthetic Customer 00033,business
CUST-00034,Synthetic Customer 00034,retail
CUST-00035,Synthetic Customer 00035,business
CUST-00036,Synthetic Customer 00036,private_banking
CUST-00037,Synthetic Customer 00037,retail
CUST-00038,Synthetic Customer 00038,business
CUST-00039,Synthetic Customer 00039,retail
CUST-00040,Synthetic Customer 00040,private_banking
CUST-00041,Synthetic Customer 00041,business
CUST-00042,Synthetic Customer 00042,retail
CUST-00043,Synthetic Customer 00043,business
CUST-00044,Synthetic Customer 00044,private_banking
CUST-00045,Synthetic Customer 00045,private_banking
CUST-00046,Synthetic Customer 00046,retail
CUST-00047,Synthetic Customer 00047,private_banking
CUST-00048,Synthetic Customer 00048,retail
CUST-00049,Synthetic Customer 00049,private_banking
CUST-00050,Synthetic Customer 00050,retail
CUST-00051,Synthetic Customer 00051,retail
CUST-00052,Synthetic Customer 00052,retail
CUST-00053,Synthetic Customer 00053,private_banking
CUST-00054,Synthetic Customer 00054,business
CUST-00055,Synthetic Customer 00055,retail
CUST-00056,Synthetic Customer 00056,private_banking
CUST-00057,Synthetic Customer 00057,retail
CUST-00058,Synthetic Customer 00058,private_banking
CUST-00059,Synthetic Customer 00059,business
CUST-00060,Synthetic Customer 00060,retail
CUST-00061,Synthetic Customer 00061,private_banking
CUST-00062,Synthetic Customer 00062,private_banking
CUST-00063,Synthetic Customer 00063,private_banking
CUST-00064,Synthetic Customer 00064,private_banking
CUST-00065,Synthetic Customer 00065,private_banking
CUST-00066,Synthetic Customer 00066,business
CUST-00067,Synthetic Customer 00067,private_banking
CUST-00068,Synthetic Customer 00068,private_banking
CUST-00069,Synthetic Customer 00069,retail
CUST-00070,Synthetic Customer 00070,retail
CUST-00071,Synthetic Customer 00071,private_banking
CUST-00072,Synthetic Customer 00072,business
CUST-00073,Synthetic Customer 00073,private_banking
CUST-00074,Synthetic Customer 00074,private_banking
CUST-00075,Synthetic Customer 00075,business
CUST-00076,Synthetic Customer 00076,retail
CUST-00077,Synthetic Customer 00077,retail
CUST-00078,Synthetic Customer 00078,business
CUST-00079,Synthetic Customer 00079,private_banking
CUST-00080,Synthetic Customer 00080,private_banking
CUST-00081,Synthetic Customer 00081,private_banking
CUST-00082,Synthetic Customer 00082,private_banking
CUST-00083,Synthetic Customer 00083,business
CUST-00084,Synthetic Customer 00084,business
CUST-00085,Synthetic Customer 00085,retail
CUST-00086,Synthetic Customer 00086,private_banking
CUST-00087,Synthetic Customer 00087,business
CUST-00088,Synthetic Customer 00088,business
CUST-00089,Synthetic Customer 00089,private_banking
CUST-00090,Synthetic Customer 00090,retail
CUST-00091,Synthetic Customer 00091,business
CUST-00092,Synthetic Customer 00092,retail
CUST-00093,Synthetic Customer 00093,business
CUST-00094,Synthetic Customer 00094,retail
CUST-00095,Synthetic Customer 00095,private_banking
CUST-00096,Synthetic Customer 00096,retail
CUST-00097,Synthetic Customer 00097,business
CUST-00098,Synthetic Customer 00098,retail
CUST-00099,Synthetic Customer 00099,private_banking
CUST-00100,Synthetic Customer 00100,business
CUST-00101,Synthetic Customer 00101,private_banking
CUST-00102,Synthetic Customer 00102,private_banking
CUST-00103,Synthetic Customer 00103,business
CUST-00104,Synthetic Customer 00104,private_banking
CUST-00105,Synthetic Customer 00105,private_banking
CUST-00106,Synthetic Customer 00106,private_banking
CUST-00107,Synthetic Customer 00107,business
CUST-00108,Synthetic Customer 00108,business
CUST-00109,Synthetic Customer 00109,private_banking
CUST-00110,Synthetic Customer 00110,business
CUST-00111,Synthetic Customer 00111,retail
CUST-00112,Synthetic Customer 00112,private_banking
CUST-00113,Synthetic Customer 00113,retail
CUST-00114,Synthetic Customer 00114,retail
CUST-00115,Synthetic Customer 00115,private_banking
CUST-00116,Synthetic Customer 00116,private_banking
CUST-00117,Synthetic Customer 00117,business
CUST-00118,Synthetic Customer 00118,business
CUST-00119,Synthetic Customer 00119,private_banking
CUST-00120,Synthetic Customer 00120,private_banking
CUST-00121,Synthetic Customer 00121,retail
CUST-00122,Synthetic Customer 00122,private_banking
CUST-00123,Synthetic Customer 00123,private_banking
CUST-00124,Synthetic Customer 00124,retail
CUST-00125,Synthetic Customer 00125,business
CUST-00126,Synthetic Customer 00126,business
CUST-00127,Synthetic Customer 00127,private_banking
CUST-00128,Synthetic Customer 00128,retail
CUST-00129,Synthetic Customer 00129,retail
CUST-00130,Synthetic Customer 00130,business
CUST-00131,Synthetic Customer 00131,private_banking
CUST-00132,Synthetic Customer 00132,retail
CUST-00133,Synthetic Customer 00133,private_banking
CUST-00134,Synthetic Customer 00134,retail
CUST-00135,Synthetic Customer 00135,business
CUST-00136,Synthetic Customer 00136,private_banking
CUST-00137,Synthetic Customer 00137,private_banking
CUST-00138,Synthetic Customer 00138,private_banking
CUST-00139,Synthetic Customer 00139,retail
CUST-00140,Synthetic Customer 00140,business
CUST-00141,Synthetic Customer 00141,retail
CUST-00142,Synthetic Customer 00142,private_banking
CUST-00143,Synthetic Customer 00143,retail
CUST-00144,Synthetic Customer 00144,business
CUST-00145,Synthetic Customer 00145,retail
CUST-00146,Synthetic Customer 00146,retail
CUST-00147,Synthetic Customer 00147,business
CUST-00148,Synthetic Customer 00148,retail
CUST-00149,Synthetic Customer 00149,business
CUST-00150,Synthetic Customer 00150,retail
CUST-00151,Synthetic Customer 00151,private_banking
CUST-00152,Synthetic Customer 00152,business
CUST-00153,Synthetic Customer 00153,business
CUST-00154,Synthetic Customer 00154,business
CUST-00155,Synthetic Customer 00155,retail
CUST-00156,Synthetic Customer 00156,private_banking
CUST-00157,Synthetic Customer 00157,retail
CUST-00158,Synthetic Customer 00158,private_banking
CUST-00159,Synthetic Customer 00159,private_banking
CUST-00160,Synthetic Customer 00160,private_banking
CUST-00161,Synthetic Customer 00161,retail
CUST-00162,Synthetic Customer 00162,retail
CUST-00163,Synthetic Customer 00163,business
CUST-00164,Synthetic Customer 00164,business
CUST-00165,Synthetic Customer 00165,private_banking
CUST-00166,Synthetic Customer 00166,retail
CUST-00167,Synthetic Customer 00167,business
CUST-00168,Synthetic Customer 00168,business
CUST-00169,Synthetic Customer 00169,retail
CUST-00170,Synthetic Customer 00170,private_banking
CUST-00171,Synthetic Customer 00171,retail
CUST-00172,Synthetic Customer 00172,business
CUST-00173,Synthetic Customer 00173,retail
CUST-00174,Synthetic Customer 00174,business
CUST-00175,Synthetic Customer 00175,private_banking
CUST-00176,Synthetic Customer 00176,business
CUST-00177,Synthetic Customer 00177,business
CUST-00178,Synthetic Customer 00178,retail
CUST-00179,Synthetic Customer 00179,business
CUST-00180,Synthetic Customer 00180,business
CUST-00181,Synthetic Customer 00181,business
CUST-00182,Synthetic Customer 00182,business
CUST-00183,Synthetic Customer 00183,private_banking
CUST-00184,Synthetic Customer 00184,retail
CUST-00185,Synthetic Customer 00185,private_banking
CUST-00186,Synthetic Customer 00186,business
CUST-00187,Synthetic Customer 00187,retail
CUST-00188,Synthetic Customer 00188,private_banking
CUST-00189,Synthetic Customer 00189,private_banking
CUST-00190,Synthetic Customer 00190,business
CUST-00191,Synthetic Customer 00191,private_banking
CUST-00192,Synthetic Customer 00192,private_banking
CUST-00193,Synthetic Customer 00193,business
CUST-00194,Synthetic Customer 00194,private_banking
CUST-00195,Synthetic Customer 00195,retail
CUST-00196,Synthetic Customer 00196,retail
CUST-00197,Synthetic Customer 00197,retail
CUST-00198,Synthetic Customer 00198,retail
CUST-00199,Synthetic Customer 00199,retail
CUST-00200,Synthetic Customer 00200,private_banking
CUST-00201,Synthetic Customer 00201,business
CUST-00202,Synthetic Customer 00202,private_banking
CUST-00203,Synthetic Customer 00203,retail
CUST-00204,Synthetic Customer 00204,private_banking
CUST-00205,Synthetic Customer 00205,private_banking
CUST-00206,Synthetic Customer 00206,private_banking
CUST-00207,Synthetic Customer 00207,business
CUST-00208,Synthetic Customer 00208,retail
CUST-00209,Synthetic Customer 00209,retail
CUST-00210,Synthetic Customer 00210,private_banking
CUST-00211,Synthetic Customer 00211,business
CUST-00212,Synthetic Customer 00212,private_banking
CUST-00213,Synthetic Customer 00213,business
CUST-00214,Synthetic Customer 00214,retail
CUST-00215,Synthetic Customer 00215,business
CUST-00216,Synthetic Customer 00216,private_banking
CUST-00217,Synthetic Customer 00217,retail
CUST-00218,Synthetic Customer 00218,business
CUST-00219,Synthetic Customer 00219,private_banking
CUST-00220,Synthetic Customer 00220,private_banking
CUST-00221,Synthetic Customer 00221,private_banking
CUST-00222,Synthetic Customer 00222,private_banking
CUST-00223,Synthetic Customer 00223,retail
CUST-00224,Synthetic Customer 00224,private_banking
CUST-00225,Synthetic Customer 00225,private_banking
CUST-00226,Synthetic Customer 00226,private_banking
CUST-00227,Synthetic Customer 00227,private_banking
CUST-00228,Synthetic Customer 00228,business
CUST-00229,Synthetic Customer 00229,business
CUST-00230,Synthetic Customer 00230,business
CUST-00231,Synthetic Customer 00231,business
CUST-00232,Synthetic Customer 00232,private_banking
CUST-00233,Synthetic Customer 00233,business
CUST-00234,Synthetic Customer 00234,business
CUST-00235,Synthetic Customer 00235,retail
CUST-00236,Synthetic Customer 00236,business
CUST-00237,Synthetic Customer 00237,private_banking
CUST-00238,Synthetic Customer 00238,private_banking
CUST-00239,Synthetic Customer 00239,business
CUST-00240,Synthetic Customer 00240,retail
CUST-00241,Synthetic Customer 00241,private_banking
CUST-00242,Synthetic Customer 00242,private_banking
CUST-00243,Synthetic Customer 00243,retail
CUST-00244,Synthetic Customer 00244,private_banking
CUST-00245,Synthetic Customer 00245,private_banking
CUST-00246,Synthetic Customer 00246,business
CUST-00247,Synthetic Customer 00247,retail
CUST-00248,Synthetic Customer 00248,business
CUST-00249,Synthetic Customer 00249,retail
CUST-00250,Synthetic Customer 00250,business
CUST-00251,Synthetic Customer 00251,private_banking
CUST-00252,Synthetic Customer 00252,business
CUST-00253,Synthetic Customer 00253,private_banking
CUST-00254,Synthetic Customer 00254,business
CUST-00255,Synthetic Customer 00255,business
CUST-00256,Synthetic Customer 00256,private_banking
CUST-00257,Synthetic Customer 00257,private_banking
CUST-00258,Synthetic Customer 00258,business
CUST-00259,Synthetic Customer 00259,private_banking
CUST-00260,Synthetic Customer 00260,retail
CUST-00261,Synthetic Customer 00261,retail
CUST-00262,Synthetic Customer 00262,business
CUST-00263,Synthetic Customer 00263,retail
CUST-00264,Synthetic Customer 00264,business
CUST-00265,Synthetic Customer 00265,private_banking
CUST-00266,Synthetic Customer 00266,retail
CUST-00267,Synthetic Customer 00267,retail
CUST-00268,Synthetic Customer 00268,private_banking
CUST-00269,Synthetic Customer 00269,private_banking
CUST-00270,Synthetic Customer 00270,private_banking
CUST-00271,Synthetic Customer 00271,private_banking
CUST-00272,Synthetic Customer 00272,retail
CUST-00273,Synthetic Customer 00273,retail
CUST-00274,Synthetic Customer 00274,retail
CUST-00275,Synthetic Customer 00275,business
CUST-00276,Synthetic Customer 00276,private_banking
CUST-00277,Synthetic Customer 00277,business
CUST-00278,Synthetic Customer 00278,business
CUST-00279,Synthetic Customer 00279,business
CUST-00280,Synthetic Customer 00280,retail
CUST-00281,Synthetic Customer 00281,private_banking
CUST-00282,Synthetic Customer 00282,retail
CUST-00283,Synthetic Customer 00283,retail
CUST-00284,Synthetic Customer 00284,retail
CUST-00285,Synthetic Customer 00285,private_banking
CUST-00286,Synthetic Customer 00286,private_banking
CUST-00287,Synthetic Customer 00287,private_banking
CUST-00288,Synthetic Customer 00288,retail
CUST-00289,Synthetic Customer 00289,business
CUST-00290,Synthetic Customer 00290,private_banking
CUST-00291,Synthetic Customer 00291,retail
CUST-00292,Synthetic Customer 00292,retail
CUST-00293,Synthetic Customer 00293,private_banking
CUST-00294,Synthetic Customer 00294,retail
CUST-00295,Synthetic Customer 00295,private_banking
CUST-00296,Synthetic Customer 00296,retail
CUST-00297,Synthetic Customer 00297,retail
CUST-00298,Synthetic Customer 00298,retail
CUST-00299,Synthetic Customer 00299,retail
CUST-00300,Synthetic Customer 00300,private_banking
CUST-00301,Synthetic Customer 00301,retail
CUST-00302,Synthetic Customer 00302,business
CUST-00303,Synthetic Customer 00303,business
CUST-00304,Synthetic Customer 00304,private_banking
CUST-00305,Synthetic Customer 00305,private_banking
CUST-00306,Synthetic Customer 00306,business
CUST-00307,Synthetic Customer 00307,retail
CUST-00308,Synthetic Customer 00308,business
CUST-00309,Synthetic Customer 00309,private_banking
CUST-00310,Synthetic Customer 00310,business
CUST-00311,Synthetic Customer 00311,business
CUST-00312,Synthetic Customer 00312,retail
CUST-00313,Synthetic Customer 00313,business
CUST-00314,Synthetic Customer 00314,retail
CUST-00315,Synthetic Customer 00315,retail
CUST-00316,Synthetic Customer 00316,private_banking
CUST-00317,Synthetic Customer 00317,private_banking
CUST-00318,Synthetic Customer 00318,retail
CUST-00319,Synthetic Customer 00319,business
CUST-00320,Synthetic Customer 00320,business
CUST-00321,Synthetic Customer 00321,retail
CUST-00322,Synthetic Customer 00322,retail
CUST-00323,Synthetic Customer 00323,business
CUST-00324,Synthetic Customer 00324,business
CUST-00325,Synthetic Customer 00325,retail
CUST-00326,Synthetic Customer 00326,business
CUST-00327,Synthetic Customer 00327,retail
CUST-00328,Synthetic Customer 00328,retail
CUST-00329,Synthetic Customer 00329,business
CUST-00330,Synthetic Customer 00330,business
CUST-00331,Synthetic Customer 00331,retail
CUST-00332,Synthetic Customer 00332,private_banking
CUST-00333,Synthetic Customer 00333,business
CUST-00334,Synthetic Customer 00334,private_banking
CUST-00335,Synthetic Customer 00335,business
CUST-00336,Synthetic Customer 00336,private_banking
CUST-00337,Synthetic Customer 00337,private_banking
CUST-00338,Synthetic Customer 00338,private_banking
CUST-00339,Synthetic Customer 00339,private_banking
CUST-00340,Synthetic Customer 00340,retail
CUST-00341,Synthetic Customer 00341,retail
CUST-00342,Synthetic Customer 00342,retail
CUST-00343,Synthetic Customer 00343,private_banking
CUST-00344,Synthetic Customer 00344,retail
CUST-00345,Synthetic Customer 00345,private_banking
CUST-00346,Synthetic Customer 00346,private_banking
CUST-00347,Synthetic Customer 00347,private_banking
CUST-00348,Synthetic Customer 00348,private_banking
CUST-00349,Synthetic Customer 00349,private_banking
CUST-00350,Synthetic Customer 00350,business
CUST-00351,Synthetic Customer 00351,retail
CUST-00352,Synthetic Customer 00352,business
CUST-00353,Synthetic Customer 00353,private_banking
CUST-00354,Synthetic Customer 00354,retail
CUST-00355,Synthetic Customer 00355,business
CUST-00356,Synthetic Customer 00356,business
CUST-00357,Synthetic Customer 00357,business
CUST-00358,Synthetic Customer 00358,retail
CUST-00359,Synthetic Customer 00359,business
CUST-00360,Synthetic Customer 00360,business
CUST-00361,Synthetic Customer 00361,private_banking
CUST-00362,Synthetic Customer 00362,private_banking
CUST-00363,Synthetic Customer 00363,private_banking
CUST-00364,Synthetic Customer 00364,business
CUST-00365,Synthetic Customer 00365,retail
CUST-00366,Synthetic Customer 00366,private_banking
CUST-00367,Synthetic Customer 00367,retail
CUST-00368,Synthetic Customer 00368,business
CUST-00369,Synthetic Customer 00369,business
CUST-00370,Synthetic Customer 00370,business
CUST-00371,Synthetic Customer 00371,business
CUST-00372,Synthetic Customer 00372,private_banking
CUST-00373,Synthetic Customer 00373,business
CUST-00374,Synthetic Customer 00374,retail
CUST-00375,Synthetic Customer 00375,retail
CUST-00376,Synthetic Customer 00376,retail
CUST-00377,Synthetic Customer 00377,private_banking
CUST-00378,Synthetic Customer 00378,retail
CUST-00379,Synthetic Customer 00379,private_banking
CUST-00380,Synthetic Customer 00380,retail
CUST-00381,Synthetic Customer 00381,business
CUST-00382,Synthetic Customer 00382,business
CUST-00383,Synthetic Customer 00383,private_banking
CUST-00384,Synthetic Customer 00384,private_banking
CUST-00385,Synthetic Customer 00385,business
CUST-00386,Synthetic Customer 00386,business
CUST-00387,Synthetic Customer 00387,private_banking
CUST-00388,Synthetic Customer 00388,retail
CUST-00389,Synthetic Customer 00389,private_banking
CUST-00390,Synthetic Customer 00390,business
CUST-00391,Synthetic Customer 00391,private_banking
CUST-00392,Synthetic Customer 00392,private_banking
CUST-00393,Synthetic Customer 00393,retail
CUST-00394,Synthetic Customer 00394,business
CUST-00395,Synthetic Customer 00395,retail
CUST-00396,Synthetic Customer 00396,retail
CUST-00397,Synthetic Customer 00397,retail
CUST-00398,Synthetic Customer 00398,retail
CUST-00399,Synthetic Customer 00399,business
CUST-00400,Synthetic Customer 00400,private_banking
CUST-00401,Synthetic Customer 00401,business
CUST-00402,Synthetic Customer 00402,private_banking
CUST-00403,Synthetic Customer 00403,business
CUST-00404,Synthetic Customer 00404,retail
CUST-00405,Synthetic Customer 00405,business
CUST-00406,Synthetic Customer 00406,business
CUST-00407,Synthetic Customer 00407,private_banking
CUST-00408,Synthetic Customer 00408,business
CUST-00409,Synthetic Customer 00409,private_banking
CUST-00410,Synthetic Customer 00410,private_banking
CUST-00411,Synthetic Customer 00411,business
CUST-00412,Synthetic Customer 00412,private_banking
CUST-00413,Synthetic Customer 00413,business
CUST-00414,Synthetic Customer 00414,retail
CUST-00415,Synthetic Customer 00415,private_banking
CUST-00416,Synthetic Customer 00416,private_banking
CUST-00417,Synthetic Customer 00417,business
CUST-00418,Synthetic Customer 00418,private_banking
CUST-00419,Synthetic Customer 00419,private_banking
CUST-00420,Synthetic Customer 00420,retail
CUST-00421,Synthetic Customer 00421,retail
CUST-00422,Synthetic Customer 00422,business
CUST-00423,Synthetic Customer 00423,business
CUST-00424,Synthetic Customer 00424,business
CUST-00425,Synthetic Customer 00425,retail
CUST-00426,Synthetic Customer 00426,business
CUST-00427,Synthetic Customer 00427,business
CUST-00428,Synthetic Customer 00428,business
CUST-00429,Synthetic Customer 00429,private_banking
CUST-00430,Synthetic Customer 00430,retail
CUST-00431,Synthetic Customer 00431,private_banking
CUST-00432,Synthetic Customer 00432,retail
CUST-00433,Synthetic Customer 00433,business
CUST-00434,Synthetic Customer 00434,private_banking
CUST-00435,Synthetic Customer 00435,private_banking
CUST-00436,Synthetic Customer 00436,private_banking
CUST-00437,Synthetic Customer 00437,private_banking
CUST-00438,Synthetic Customer 00438,retail
CUST-00439,Synthetic Customer 00439,business
CUST-00440,Synthetic Customer 00440,business
CUST-00441,Synthetic Customer 00441,retail
CUST-00442,Synthetic Customer 00442,retail
CUST-00443,Synthetic Customer 00443,retail
CUST-00444,Synthetic Customer 00444,private_banking
CUST-00445,Synthetic Customer 00445,private_banking
CUST-00446,Synthetic Customer 00446,private_banking
CUST-00447,Synthetic Customer 00447,private_banking
CUST-00448,Synthetic Customer 00448,business
CUST-00449,Synthetic Customer 00449,private_banking
CUST-00450,Synthetic Customer 00450,private_banking
CUST-00451,Synthetic Customer 00451,private_banking
CUST-00452,Synthetic Customer 00452,business
CUST-00453,Synthetic Customer 00453,business
CUST-00454,Synthetic Customer 00454,retail
CUST-00455,Synthetic Customer 00455,retail
CUST-00456,Synthetic Customer 00456,retail
CUST-00457,Synthetic Customer 00457,business
CUST-00458,Synthetic Customer 00458,retail
CUST-00459,Synthetic Customer 00459,business
CUST-00460,Synthetic Customer 00460,business
CUST-00461,Synthetic Customer 00461,private_banking
CUST-00462,Synthetic Customer 00462,retail
CUST-00463,Synthetic Customer 00463,business
CUST-00464,Synthetic Customer 00464,retail
CUST-00465,Synthetic Customer 00465,business
CUST-00466,Synthetic Customer 00466,retail
CUST-00467,Synthetic Customer 00467,business
CUST-00468,Synthetic Customer 00468,business
CUST-00469,Synthetic Customer 00469,private_banking
CUST-00470,Synthetic Customer 00470,business
CUST-00471,Synthetic Customer 00471,retail
CUST-00472,Synthetic Customer 00472,retail
CUST-00473,Synthetic Customer 00473,business
CUST-00474,Synthetic Customer 00474,business
CUST-00475,Synthetic Customer 00475,private_banking
CUST-00476,Synthetic Customer 00476,business
CUST-00477,Synthetic Customer 00477,private_banking
CUST-00478,Synthetic Customer 00478,business
CUST-00479,Synthetic Customer 00479,retail
CUST-00480,Synthetic Customer 00480,retail
CUST-00481,Synthetic Customer 00481,retail
CUST-00482,Synthetic Customer 00482,private_banking
CUST-00483,Synthetic Customer 00483,retail
CUST-00484,Synthetic Customer 00484,retail
CUST-00485,Synthetic Customer 00485,private_banking
CUST-00486,Synthetic Customer 00486,retail
CUST-00487,Synthetic Customer 00487,business
CUST-00488,Synthetic Customer 00488,retail
CUST-00489,Synthetic Customer 00489,business
CUST-00490,Synthetic Customer 00490,retail
CUST-00491,Synthetic Customer 00491,retail
CUST-00492,Synthetic Customer 00492,private_banking
CUST-00493,Synthetic Customer 00493,business
CUST-00494,Synthetic Customer 00494,private_banking
CUST-00495,Synthetic Customer 00495,retail
CUST-00496,Synthetic Customer 00496,private_banking
CUST-00497,Synthetic Customer 00497,retail
CUST-00498,Synthetic Customer 00498,private_banking
CUST-00499,Synthetic Customer 00499,private_banking
CUST-00500,Synthetic Customer 00500,retail
CUST-00501,Synthetic Customer 00501,retail
CUST-00502,Synthetic Customer 00502,retail
CUST-00503,Synthetic Customer 00503,business
CUST-00504,Synthetic Customer 00504,retail
CUST-00505,Synthetic Customer 00505,private_banking
CUST-00506,Synthetic Customer 00506,private_banking
CUST-00507,Synthetic Customer 00507,retail
CUST-00508,Synthetic Customer 00508,private_banking
CUST-00509,Synthetic Customer 00509,private_banking
CUST-00510,Synthetic Customer 00510,retail
CUST-00511,Synthetic Customer 00511,private_banking
CUST-00512,Synthetic Customer 00512,private_banking
CUST-00513,Synthetic Customer 00513,retail
CUST-00514,Synthetic Customer 00514,business
CUST-00515,Synthetic Customer 00515,private_banking
CUST-00516,Synthetic Customer 00516,business
CUST-00517,Synthetic Customer 00517,private_banking
CUST-00518,Synthetic Customer 00518,business
CUST-00519,Synthetic Customer 00519,business
CUST-00520,Synthetic Customer 00520,business
CUST-00521,Synthetic Customer 00521,business
CUST-00522,Synthetic Customer 00522,business
CUST-00523,Synthetic Customer 00523,business
CUST-00524,Synthetic Customer 00524,business
CUST-00525,Synthetic Customer 00525,private_banking
CUST-00526,Synthetic Customer 00526,business
CUST-00527,Synthetic Customer 00527,private_banking
CUST-00528,Synthetic Customer 00528,retail
CUST-00529,Synthetic Customer 00529,retail
CUST-00530,Synthetic Customer 00530,retail
CUST-00531,Synthetic Customer 00531,private_banking
CUST-00532,Synthetic Customer 00532,business
CUST-00533,Synthetic Customer 00533,private_banking
CUST-00534,Synthetic Customer 00534,private_banking
CUST-00535,Synthetic Customer 00535,retail
CUST-00536,Synthetic Customer 00536,business
CUST-00537,Synthetic Customer 00537,retail
CUST-00538,Synthetic Customer 00538,business
CUST-00539,Synthetic Customer 00539,retail
CUST-00540,Synthetic Customer 00540,private_banking
CUST-00541,Synthetic Customer 00541,retail
CUST-00542,Synthetic Customer 00542,private_banking
CUST-00543,Synthetic Customer 00543,retail
CUST-00544,Synthetic Customer 00544,business
CUST-00545,Synthetic Customer 00545,business
CUST-00546,Synthetic Customer 00546,business
CUST-00547,Synthetic Customer 00547,retail
CUST-00548,Synthetic Customer 00548,business
CUST-00549,Synthetic Customer 00549,retail
CUST-00550,Synthetic Customer 00550,private_banking
CUST-00551,Synthetic Customer 00551,private_banking
CUST-00552,Synthetic Customer 00552,business
CUST-00553,Synthetic Customer 00553,retail
CUST-00554,Synthetic Customer 00554,business
CUST-00555,Synthetic Customer 00555,retail
CUST-00556,Synthetic Customer 00556,private_banking
CUST-00557,Synthetic Customer 00557,retail
CUST-00558,Synthetic Customer 00558,private_banking
CUST-00559,Synthetic Customer 00559,retail
CUST-00560,Synthetic Customer 00560,private_banking
CUST-00561,Synthetic Customer 00561,private_banking
CUST-00562,Synthetic Customer 00562,retail
CUST-00563,Synthetic Customer 00563,business
CUST-00564,Synthetic Customer 00564,private_banking
CUST-00565,Synthetic Customer 00565,business
CUST-00566,Synthetic Customer 00566,private_banking
CUST-00567,Synthetic Customer 00567,business
CUST-00568,Synthetic Customer 00568,private_banking
CUST-00569,Synthetic Customer 00569,business
CUST-00570,Synthetic Customer 00570,private_banking
CUST-00571,Synthetic Customer 00571,business
CUST-00572,Synthetic Customer 00572,private_banking
CUST-00573,Synthetic Customer 00573,business
CUST-00574,Synthetic Customer 00574,business
CUST-00575,Synthetic Customer 00575,business
CUST-00576,Synthetic Customer 00576,retail
CUST-00577,Synthetic Customer 00577,retail
CUST-00578,Synthetic Customer 00578,retail
CUST-00579,Synthetic Customer 00579,private_banking
CUST-00580,Synthetic Customer 00580,business
CUST-00581,Synthetic Customer 00581,retail
CUST-00582,Synthetic Customer 00582,retail
CUST-00583,Synthetic Customer 00583,private_banking
CUST-00584,Synthetic Customer 00584,private_banking
CUST-00585,Synthetic Customer 00585,business
CUST-00586,Synthetic Customer 00586,private_banking
CUST-00587,Synthetic Customer 00587,private_banking
CUST-00588,Synthetic Customer 00588,retail
CUST-00589,Synthetic Customer 00589,business
CUST-00590,Synthetic Customer 00590,business
CUST-00591,Synthetic Customer 00591,private_banking
CUST-00592,Synthetic Customer 00592,business
CUST-00593,Synthetic Customer 00593,retail
CUST-00594,Synthetic Customer 00594,private_banking
CUST-00595,Synthetic Customer 00595,business
CUST-00596,Synthetic Customer 00596,business
CUST-00597,Synthetic Customer 00597,retail
CUST-00598,Synthetic Customer 00598,private_banking
CUST-00599,Synthetic Customer 00599,business
CUST-00600,Synthetic Customer 00600,retail
CUST-00601,Synthetic Customer 00601,retail
CUST-00602,Synthetic Customer 00602,retail
CUST-00603,Synthetic Customer 00603,business
CUST-00604,Synthetic Customer 00604,private_banking
CUST-00605,Synthetic Customer 00605,retail
CUST-00606,Synthetic Customer 00606,business
CUST-00607,Synthetic Customer 00607,business
CUST-00608,Synthetic Customer 00608,business
CUST-00609,Synthetic Customer 00609,private_banking
CUST-00610,Synthetic Customer 00610,retail
CUST-00611,Synthetic Customer 00611,private_banking
CUST-00612,Synthetic Customer 00612,business
CUST-00613,Synthetic Customer 00613,private_banking
CUST-00614,Synthetic Customer 00614,retail
CUST-00615,Synthetic Customer 00615,retail
CUST-00616,Synthetic Customer 00616,private_banking
CUST-00617,Synthetic Customer 00617,private_banking
CUST-00618,Synthetic Customer 00618,business
CUST-00619,Synthetic Customer 00619,business
CUST-00620,Synthetic Customer 00620,retail
CUST-00621,Synthetic Customer 00621,business
CUST-00622,Synthetic Customer 00622,business
CUST-00623,Synthetic Customer 00623,business
CUST-00624,Synthetic Customer 00624,business
CUST-00625,Synthetic Customer 00625,business
CUST-00626,Synthetic Customer 00626,retail
CUST-00627,Synthetic Customer 00627,retail
CUST-00628,Synthetic Customer 00628,retail
CUST-00629,Synthetic Customer 00629,retail
CUST-00630,Synthetic Customer 00630,private_banking
CUST-00631,Synthetic Customer 00631,private_banking
CUST-00632,Synthetic Customer 00632,business
CUST-00633,Synthetic Customer 00633,retail
CUST-00634,Synthetic Customer 00634,business
CUST-00635,Synthetic Customer 00635,business
CUST-00636,Synthetic Customer 00636,private_banking
CUST-00637,Synthetic Customer 00637,retail
CUST-00638,Synthetic Customer 00638,retail
CUST-00639,Synthetic Customer 00639,business
CUST-00640,Synthetic Customer 00640,business
CUST-00641,Synthetic Customer 00641,private_banking
CUST-00642,Synthetic Customer 00642,retail
CUST-00643,Synthetic Customer 00643,retail
CUST-00644,Synthetic Customer 00644,retail
CUST-00645,Synthetic Customer 00645,business
CUST-00646,Synthetic Customer 00646,private_banking
CUST-00647,Synthetic Customer 00647,retail
CUST-00648,Synthetic Customer 00648,retail
CUST-00649,Synthetic Customer 00649,business
CUST-00650,Synthetic Customer 00650,business
CUST-00651,Synthetic Customer 00651,retail
CUST-00652,Synthetic Customer 00652,retail
CUST-00653,Synthetic Customer 00653,business
CUST-00654,Synthetic Customer 00654,private_banking
CUST-00655,Synthetic Customer 00655,private_banking
CUST-00656,Synthetic Customer 00656,private_banking
CUST-00657,Synthetic Customer 00657,business
CUST-00658,Synthetic Customer 00658,retail
CUST-00659,Synthetic Customer 00659,retail
CUST-00660,Synthetic Customer 00660,retail
CUST-00661,Synthetic Customer 00661,private_banking
CUST-00662,Synthetic Customer 00662,business
CUST-00663,Synthetic Customer 00663,private_banking
CUST-00664,Synthetic Customer 00664,private_banking
CUST-00665,Synthetic Customer 00665,private_banking
CUST-00666,Synthetic Customer 00666,private_banking
CUST-00667,Synthetic Customer 00667,retail
CUST-00668,Synthetic Customer 00668,business
CUST-00669,Synthetic Customer 00669,business
CUST-00670,Synthetic Customer 00670,private_banking
CUST-00671,Synthetic Customer 00671,retail
CUST-00672,Synthetic Customer 00672,private_banking
CUST-00673,Synthetic Customer 00673,private_banking
CUST-00674,Synthetic Customer 00674,private_banking
CUST-00675,Synthetic Customer 00675,retail
CUST-00676,Synthetic Customer 00676,business
CUST-00677,Synthetic Customer 00677,private_banking
CUST-00678,Synthetic Customer 00678,private_banking
CUST-00679,Synthetic Customer 00679,private_banking
CUST-00680,Synthetic Customer 00680,business
CUST-00681,Synthetic Customer 00681,private_banking
CUST-00682,Synthetic Customer 00682,retail
CUST-00683,Synthetic Customer 00683,business
CUST-00684,Synthetic Customer 00684,business
CUST-00685,Synthetic Customer 00685,private_banking
CUST-00686,Synthetic Customer 00686,retail
CUST-00687,Synthetic Customer 00687,private_banking
CUST-00688,Synthetic Customer 00688,retail
CUST-00689,Synthetic Customer 00689,retail
CUST-00690,Synthetic Customer 00690,business
CUST-00691,Synthetic Customer 00691,retail
CUST-00692,Synthetic Customer 00692,private_banking
CUST-00693,Synthetic Customer 00693,business
CUST-00694,Synthetic Customer 00694,business
CUST-00695,Synthetic Customer 00695,business
CUST-00696,Synthetic Customer 00696,private_banking
CUST-00697,Synthetic Customer 00697,business
CUST-00698,Synthetic Customer 00698,retail
CUST-00699,Synthetic Customer 00699,business
CUST-00700,Synthetic Customer 00700,private_banking
CUST-00701,Synthetic Customer 00701,private_banking
CUST-00702,Synthetic Customer 00702,retail
CUST-00703,Synthetic Customer 00703,business
CUST-00704,Synthetic Customer 00704,business
CUST-00705,Synthetic Customer 00705,retail
CUST-00706,Synthetic Customer 00706,private_banking
CUST-00707,Synthetic Customer 00707,business
CUST-00708,Synthetic Customer 00708,private_banking
CUST-00709,Synthetic Customer 00709,private_banking
CUST-00710,Synthetic Customer 00710,business
CUST-00711,Synthetic Customer 00711,private_banking
CUST-00712,Synthetic Customer 00712,retail
CUST-00713,Synthetic Customer 00713,business
CUST-00714,Synthetic Customer 00714,business
CUST-00715,Synthetic Customer 00715,business
CUST-00716,Synthetic Customer 00716,private_banking
CUST-00717,Synthetic Customer 00717,business
CUST-00718,Synthetic Customer 00718,business
CUST-00719,Synthetic Customer 00719,private_banking
CUST-00720,Synthetic Customer 00720,private_banking
CUST-00721,Synthetic Customer 00721,business
CUST-00722,Synthetic Customer 00722,private_banking
CUST-00723,Synthetic Customer 00723,private_banking
CUST-00724,Synthetic Customer 00724,retail
CUST-00725,Synthetic Customer 00725,private_banking
CUST-00726,Synthetic Customer 00726,business
CUST-00727,Synthetic Customer 00727,business
CUST-00728,Synthetic Customer 00728,business
CUST-00729,Synthetic Customer 00729,private_banking
CUST-00730,Synthetic Customer 00730,private_banking
CUST-00731,Synthetic Customer 00731,private_banking
CUST-00732,Synthetic Customer 00732,business
CUST-00733,Synthetic Customer 00733,private_banking
CUST-00734,Synthetic Customer 00734,private_banking
CUST-00735,Synthetic Customer 00735,business
CUST-00736,Synthetic Customer 00736,business
CUST-00737,Synthetic Customer 00737,private_banking
CUST-00738,Synthetic Customer 00738,private_banking
CUST-00739,Synthetic Customer 00739,business
CUST-00740,Synthetic Customer 00740,private_banking
CUST-00741,Synthetic Customer 00741,private_banking
CUST-00742,Synthetic Customer 00742,private_banking
CUST-00743,Synthetic Customer 00743,private_banking
CUST-00744,Synthetic Customer 00744,private_banking
CUST-00745,Synthetic Customer 00745,private_banking
CUST-00746,Synthetic Customer 00746,retail
CUST-00747,Synthetic Customer 00747,retail
CUST-00748,Synthetic Customer 00748,private_banking
CUST-00749,Synthetic Customer 00749,retail
CUST-00750,Synthetic Customer 00750,business
CUST-00751,Synthetic Customer 00751,private_banking
CUST-00752,Synthetic Customer 00752,private_banking
CUST-00753,Synthetic Customer 00753,retail
CUST-00754,Synthetic Customer 00754,private_banking
CUST-00755,Synthetic Customer 00755,retail
CUST-00756,Synthetic Customer 00756,private_banking
CUST-00757,Synthetic Customer 00757,retail
CUST-00758,Synthetic Customer 00758,retail
CUST-00759,Synthetic Customer 00759,retail
CUST-00760,Synthetic Customer 00760,private_banking
CUST-00761,Synthetic Customer 00761,private_banking
CUST-00762,Synthetic Customer 00762,retail
CUST-00763,Synthetic Customer 00763,private_banking
CUST-00764,Synthetic Customer 00764,retail
CUST-00765,Synthetic Customer 00765,business
CUST-00766,Synthetic Customer 00766,private_banking
CUST-00767,Synthetic Customer 00767,business
CUST-00768,Synthetic Customer 00768,business
CUST-00769,Synthetic Customer 00769,business
CUST-00770,Synthetic Customer 00770,retail
CUST-00771,Synthetic Customer 00771,business
CUST-00772,Synthetic Customer 00772,business
CUST-00773,Synthetic Customer 00773,business
CUST-00774,Synthetic Customer 00774,business
CUST-00775,Synthetic Customer 00775,retail
CUST-00776,Synthetic Customer 00776,business
CUST-00777,Synthetic Customer 00777,business
CUST-00778,Synthetic Customer 00778,business
CUST-00779,Synthetic Customer 00779,retail
CUST-00780,Synthetic Customer 00780,retail
CUST-00781,Synthetic Customer 00781,private_banking
CUST-00782,Synthetic Customer 00782,private_banking
CUST-00783,Synthetic Customer 00783,retail
CUST-00784,Synthetic Customer 00784,business
CUST-00785,Synthetic Customer 00785,business
CUST-00786,Synthetic Customer 00786,business
CUST-00787,Synthetic Customer 00787,retail
CUST-00788,Synthetic Customer 00788,retail
CUST-00789,Synthetic Customer 00789,private_banking
CUST-00790,Synthetic Customer 00790,retail
CUST-00791,Synthetic Customer 00791,private_banking
CUST-00792,Synthetic Customer 00792,private_banking
CUST-00793,Synthetic Customer 00793,private_banking
CUST-00794,Synthetic Customer 00794,business
CUST-00795,Synthetic Customer 00795,business
CUST-00796,Synthetic Customer 00796,private_banking
CUST-00797,Synthetic Customer 00797,business
CUST-00798,Synthetic Customer 00798,retail
CUST-00799,Synthetic Customer 00799,private_banking
CUST-00800,Synthetic Customer 00800,private_banking
CUST-00801,Synthetic Customer 00801,private_banking
CUST-00802,Synthetic Customer 00802,retail
CUST-00803,Synthetic Customer 00803,retail
CUST-00804,Synthetic Customer 00804,business
CUST-00805,Synthetic Customer 00805,private_banking
CUST-00806,Synthetic Customer 00806,business
CUST-00807,Synthetic Customer 00807,private_banking
CUST-00808,Synthetic Customer 00808,retail
CUST-00809,Synthetic Customer 00809,private_banking
CUST-00810,Synthetic Customer 00810,private_banking
CUST-00811,Synthetic Customer 00811,business
CUST-00812,Synthetic Customer 00812,private_banking
CUST-00813,Synthetic Customer 00813,retail
CUST-00814,Synthetic Customer 00814,private_banking
CUST-00815,Synthetic Customer 00815,retail
CUST-00816,Synthetic Customer 00816,business
CUST-00817,Synthetic Customer 00817,business
CUST-00818,Synthetic Customer 00818,retail
CUST-00819,Synthetic Customer 00819,retail
CUST-00820,Synthetic Customer 00820,private_banking
CUST-00821,Synthetic Customer 00821,business
CUST-00822,Synthetic Customer 00822,private_banking
CUST-00823,Synthetic Customer 00823,retail
CUST-00824,Synthetic Customer 00824,business
CUST-00825,Synthetic Customer 00825,retail
CUST-00826,Synthetic Customer 00826,business
CUST-00827,Synthetic Customer 00827,retail
CUST-00828,Synthetic Customer 00828,business
CUST-00829,Synthetic Customer 00829,business
CUST-00830,Synthetic Customer 00830,retail
CUST-00831,Synthetic Customer 00831,business
CUST-00832,Synthetic Customer 00832,private_banking
CUST-00833,Synthetic Customer 00833,retail
CUST-00834,Synthetic Customer 00834,business
CUST-00835,Synthetic Customer 00835,private_banking
CUST-00836,Synthetic Customer 00836,business
CUST-00837,Synthetic Customer 00837,private_banking
CUST-00838,Synthetic Customer 00838,business
CUST-00839,Synthetic Customer 00839,retail
CUST-00840,Synthetic Customer 00840,business
CUST-00841,Synthetic Customer 00841,private_banking
CUST-00842,Synthetic Customer 00842,retail
CUST-00843,Synthetic Customer 00843,private_banking
CUST-00844,Synthetic Customer 00844,retail
CUST-00845,Synthetic Customer 00845,private_banking
CUST-00846,Synthetic Customer 00846,private_banking
CUST-00847,Synthetic Customer 00847,business
CUST-00848,Synthetic Customer 00848,retail
CUST-00849,Synthetic Customer 00849,retail
CUST-00850,Synthetic Customer 00850,private_banking
CUST-00851,Synthetic Customer 00851,retail
CUST-00852,Synthetic Customer 00852,retail
CUST-00853,Synthetic Customer 00853,private_banking
CUST-00854,Synthetic Customer 00854,retail
CUST-00855,Synthetic Customer 00855,private_banking
CUST-00856,Synthetic Customer 00856,business
CUST-00857,Synthetic Customer 00857,retail
CUST-00858,Synthetic Customer 00858,business
CUST-00859,Synthetic Customer 00859,private_banking
CUST-00860,Synthetic Customer 00860,business
CUST-00861,Synthetic Customer 00861,business
CUST-00862,Synthetic Customer 00862,private_banking
CUST-00863,Synthetic Customer 00863,business
CUST-00864,Synthetic Customer 00864,private_banking
CUST-00865,Synthetic Customer 00865,business
CUST-00866,Synthetic Customer 00866,business
CUST-00867,Synthetic Customer 00867,retail
CUST-00868,Synthetic Customer 00868,private_banking
CUST-00869,Synthetic Customer 00869,business
CUST-00870,Synthetic Customer 00870,business
CUST-00871,Synthetic Customer 00871,private_banking
CUST-00872,Synthetic Customer 00872,private_banking
CUST-00873,Synthetic Customer 00873,private_banking
CUST-00874,Synthetic Customer 00874,private_banking
CUST-00875,Synthetic Customer 00875,retail
CUST-00876,Synthetic Customer 00876,business
CUST-00877,Synthetic Customer 00877,retail
CUST-00878,Synthetic Customer 00878,private_banking
CUST-00879,Synthetic Customer 00879,private_banking
CUST-00880,Synthetic Customer 00880,business
CUST-00881,Synthetic Customer 00881,retail
CUST-00882,Synthetic Customer 00882,business
CUST-00883,Synthetic Customer 00883,retail
CUST-00884,Synthetic Customer 00884,private_banking
CUST-00885,Synthetic Customer 00885,private_banking
CUST-00886,Synthetic Customer 00886,retail
CUST-00887,Synthetic Customer 00887,private_banking
CUST-00888,Synthetic Customer 00888,private_banking
CUST-00889,Synthetic Customer 00889,private_banking
CUST-00890,Synthetic Customer 00890,retail
CUST-00891,Synthetic Customer 00891,private_banking
CUST-00892,Synthetic Customer 00892,business
CUST-00893,Synthetic Customer 00893,business
CUST-00894,Synthetic Customer 00894,private_banking
CUST-00895,Synthetic Customer 00895,private_banking
CUST-00896,Synthetic Customer 00896,private_banking
CUST-00897,Synthetic Customer 00897,business
CUST-00898,Synthetic Customer 00898,private_banking
CUST-00899,Synthetic Customer 00899,business
CUST-00900,Synthetic Customer 00900,private_banking
CUST-00901,Synthetic Customer 00901,private_banking
CUST-00902,Synthetic Customer 00902,business
CUST-00903,Synthetic Customer 00903,private_banking
CUST-00904,Synthetic Customer 00904,retail
CUST-00905,Synthetic Customer 00905,retail
CUST-00906,Synthetic Customer 00906,business
CUST-00907,Synthetic Customer 00907,retail
CUST-00908,Synthetic Customer 00908,retail
CUST-00909,Synthetic Customer 00909,business
CUST-00910,Synthetic Customer 00910,business
CUST-00911,Synthetic Customer 00911,business
CUST-00912,Synthetic Customer 00912,retail
CUST-00913,Synthetic Customer 00913,retail
CUST-00914,Synthetic Customer 00914,retail
CUST-00915,Synthetic Customer 00915,private_banking
CUST-00916,Synthetic Customer 00916,retail
CUST-00917,Synthetic Customer 00917,business
CUST-00918,Synthetic Customer 00918,business
CUST-00919,Synthetic Customer 00919,business
CUST-00920,Synthetic Customer 00920,business
CUST-00921,Synthetic Customer 00921,private_banking
CUST-00922,Synthetic Customer 00922,retail
CUST-00923,Synthetic Customer 00923,private_banking
CUST-00924,Synthetic Customer 00924,business
CUST-00925,Synthetic Customer 00925,business
CUST-00926,Synthetic Customer 00926,private_banking
CUST-00927,Synthetic Customer 00927,business
CUST-00928,Synthetic Customer 00928,retail
CUST-00929,Synthetic Customer 00929,business
CUST-00930,Synthetic Customer 00930,business
CUST-00931,Synthetic Customer 00931,private_banking
CUST-00932,Synthetic Customer 00932,retail
CUST-00933,Synthetic Customer 00933,business
CUST-00934,Synthetic Customer 00934,private_banking
CUST-00935,Synthetic Customer 00935,business
CUST-00936,Synthetic Customer 00936,retail
CUST-00937,Synthetic Customer 00937,business
CUST-00938,Synthetic Customer 00938,business
CUST-00939,Synthetic Customer 00939,private_banking
CUST-00940,Synthetic Customer 00940,retail
CUST-00941,Synthetic Customer 00941,business
CUST-00942,Synthetic Customer 00942,private_banking
CUST-00943,Synthetic Customer 00943,retail
CUST-00944,Synthetic Customer 00944,business
CUST-00945,Synthetic Customer 00945,private_banking
CUST-00946,Synthetic Customer 00946,private_banking
CUST-00947,Synthetic Customer 00947,retail
CUST-00948,Synthetic Customer 00948,retail
CUST-00949,Synthetic Customer 00949,retail
CUST-00950,Synthetic Customer 00950,retail
CUST-00951,Synthetic Customer 00951,business
CUST-00952,Synthetic Customer 00952,private_banking
CUST-00953,Synthetic Customer 00953,private_banking
CUST-00954,Synthetic Customer 00954,business
CUST-00955,Synthetic Customer 00955,private_banking
CUST-00956,Synthetic Customer 00956,retail
CUST-00957,Synthetic Customer 00957,retail
CUST-00958,Synthetic Customer 00958,business
CUST-00959,Synthetic Customer 00959,retail
CUST-00960,Synthetic Customer 00960,private_banking
CUST-00961,Synthetic Customer 00961,business
CUST-00962,Synthetic Customer 00962,private_banking
CUST-00963,Synthetic Customer 00963,business
CUST-00964,Synthetic Customer 00964,private_banking
CUST-00965,Synthetic Customer 00965,retail
CUST-00966,Synthetic Customer 00966,private_banking
CUST-00967,Synthetic Customer 00967,private_banking
CUST-00968,Synthetic Customer 00968,retail
CUST-00969,Synthetic Customer 00969,business
CUST-00970,Synthetic Customer 00970,business
CUST-00971,Synthetic Customer 00971,business
CUST-00972,Synthetic Customer 00972,private_banking
CUST-00973,Synthetic Customer 00973,retail
CUST-00974,Synthetic Customer 00974,business
CUST-00975,Synthetic Customer 00975,private_banking
CUST-00976,Synthetic Customer 00976,retail
CUST-00977,Synthetic Customer 00977,private_banking
CUST-00978,Synthetic Customer 00978,private_banking
CUST-00979,Synthetic Customer 00979,private_banking
CUST-00980,Synthetic Customer 00980,private_banking
CUST-00981,Synthetic Customer 00981,business
CUST-00982,Synthetic Customer 00982,business
CUST-00983,Synthetic Customer 00983,business
CUST-00984,Synthetic Customer 00984,retail
CUST-00985,Synthetic Customer 00985,retail
CUST-00986,Synthetic Customer 00986,retail
CUST-00987,Synthetic Customer 00987,private_banking
CUST-00988,Synthetic Customer 00988,retail
CUST-00989,Synthetic Customer 00989,business
CUST-00990,Synthetic Customer 00990,private_banking
CUST-00991,Synthetic Customer 00991,business
CUST-00992,Synthetic Customer 00992,business
CUST-00993,Synthetic Customer 00993,private_banking
CUST-00994,Synthetic Customer 00994,retail
CUST-00995,Synthetic Customer 00995,business
CUST-00996,Synthetic Customer 00996,retail
CUST-00997,Synthetic Customer 00997,private_banking
CUST-00998,Synthetic Customer 00998,retail
CUST-00999,Synthetic Customer 00999,private_banking
CUST-01000,Synthetic Customer 01000,business
CUST-01001,Synthetic Customer 01001,business
CUST-01002,Synthetic Customer 01002,private_banking
CUST-01003,Synthetic Customer 01003,retail
CUST-01004,Synthetic Customer 01004,private_banking
CUST-01005,Synthetic Customer 01005,private_banking
CUST-01006,Synthetic Customer 01006,business
CUST-01007,Synthetic Customer 01007,retail
CUST-01008,Synthetic Customer 01008,retail
CUST-01009,Synthetic Customer 01009,retail
CUST-01010,Synthetic Customer 01010,private_banking
CUST-01011,Synthetic Customer 01011,private_banking
CUST-01012,Synthetic Customer 01012,retail
CUST-01013,Synthetic Customer 01013,business
CUST-01014,Synthetic Customer 01014,retail
CUST-01015,Synthetic Customer 01015,business
CUST-01016,Synthetic Customer 01016,private_banking
CUST-01017,Synthetic Customer 01017,retail
CUST-01018,Synthetic Customer 01018,retail
CUST-01019,Synthetic Customer 01019,business
CUST-01020,Synthetic Customer 01020,business
CUST-01021,Synthetic Customer 01021,private_banking
CUST-01022,Synthetic Customer 01022,retail
CUST-01023,Synthetic Customer 01023,business
CUST-01024,Synthetic Customer 01024,business
CUST-01025,Synthetic Customer 01025,retail
CUST-01026,Synthetic Customer 01026,retail
CUST-01027,Synthetic Customer 01027,private_banking
CUST-01028,Synthetic Customer 01028,retail
CUST-01029,Synthetic Customer 01029,business
CUST-01030,Synthetic Customer 01030,private_banking
CUST-01031,Synthetic Customer 01031,retail
CUST-01032,Synthetic Customer 01032,private_banking
CUST-01033,Synthetic Customer 01033,retail
CUST-01034,Synthetic Customer 01034,retail
CUST-01035,Synthetic Customer 01035,private_banking
CUST-01036,Synthetic Customer 01036,business
CUST-01037,Synthetic Customer 01037,private_banking
CUST-01038,Synthetic Customer 01038,private_banking
CUST-01039,Synthetic Customer 01039,business
CUST-01040,Synthetic Customer 01040,business
CUST-01041,Synthetic Customer 01041,private_banking
CUST-01042,Synthetic Customer 01042,retail
CUST-01043,Synthetic Customer 01043,business
CUST-01044,Synthetic Customer 01044,business
CUST-01045,Synthetic Customer 01045,retail
CUST-01046,Synthetic Customer 01046,retail
CUST-01047,Synthetic Customer 01047,retail
CUST-01048,Synthetic Customer 01048,retail
CUST-01049,Synthetic Customer 01049,retail
CUST-01050,Synthetic Customer 01050,business
CUST-01051,Synthetic Customer 01051,business
CUST-01052,Synthetic Customer 01052,retail
CUST-01053,Synthetic Customer 01053,retail
CUST-01054,Synthetic Customer 01054,private_banking
CUST-01055,Synthetic Customer 01055,private_banking
CUST-01056,Synthetic Customer 01056,business
CUST-01057,Synthetic Customer 01057,private_banking
CUST-01058,Synthetic Customer 01058,private_banking
CUST-01059,Synthetic Customer 01059,retail
CUST-01060,Synthetic Customer 01060,private_banking
CUST-01061,Synthetic Customer 01061,business
CUST-01062,Synthetic Customer 01062,business
CUST-01063,Synthetic Customer 01063,private_banking
CUST-01064,Synthetic Customer 01064,business
CUST-01065,Synthetic Customer 01065,private_banking
CUST-01066,Synthetic Customer 01066,private_banking
CUST-01067,Synthetic Customer 01067,business
CUST-01068,Synthetic Customer 01068,private_banking
CUST-01069,Synthetic Customer 01069,retail
CUST-01070,Synthetic Customer 01070,private_banking
CUST-01071,Synthetic Customer 01071,retail
CUST-01072,Synthetic Customer 01072,business
CUST-01073,Synthetic Customer 01073,retail
CUST-01074,Synthetic Customer 01074,private_banking
CUST-01075,Synthetic Customer 01075,private_banking
CUST-01076,Synthetic Customer 01076,business
CUST-01077,Synthetic Customer 01077,business
CUST-01078,Synthetic Customer 01078,private_banking
CUST-01079,Synthetic Customer 01079,private_banking
CUST-01080,Synthetic Customer 01080,business
CUST-01081,Synthetic Customer 01081,retail
CUST-01082,Synthetic Customer 01082,business
CUST-01083,Synthetic Customer 01083,business
CUST-01084,Synthetic Customer 01084,private_banking
CUST-01085,Synthetic Customer 01085,retail
CUST-01086,Synthetic Customer 01086,retail
CUST-01087,Synthetic Customer 01087,retail
CUST-01088,Synthetic Customer 01088,retail
CUST-01089,Synthetic Customer 01089,retail
CUST-01090,Synthetic Customer 01090,business
CUST-01091,Synthetic Customer 01091,business
CUST-01092,Synthetic Customer 01092,business
CUST-01093,Synthetic Customer 01093,retail
CUST-01094,Synthetic Customer 01094,business
CUST-01095,Synthetic Customer 01095,retail
CUST-01096,Synthetic Customer 01096,private_banking
CUST-01097,Synthetic Customer 01097,business
CUST-01098,Synthetic Customer 01098,business
CUST-01099,Synthetic Customer 01099,business
CUST-01100,Synthetic Customer 01100,business
CUST-01101,Synthetic Customer 01101,retail
CUST-01102,Synthetic Customer 01102,retail
CUST-01103,Synthetic Customer 01103,retail
CUST-01104,Synthetic Customer 01104,private_banking
CUST-01105,Synthetic Customer 01105,business
CUST-01106,Synthetic Customer 01106,retail
CUST-01107,Synthetic Customer 01107,retail
CUST-01108,Synthetic Customer 01108,retail
CUST-01109,Synthetic Customer 01109,private_banking
CUST-01110,Synthetic Customer 01110,private_banking
CUST-01111,Synthetic Customer 01111,retail
CUST-01112,Synthetic Customer 01112,retail
CUST-01113,Synthetic Customer 01113,private_banking
CUST-01114,Synthetic Customer 01114,private_banking
CUST-01115,Synthetic Customer 01115,private_banking
CUST-01116,Synthetic Customer 01116,retail
CUST-01117,Synthetic Customer 01117,retail
CUST-01118,Synthetic Customer 01118,business
CUST-01119,Synthetic Customer 01119,business
CUST-01120,Synthetic Customer 01120,business
CUST-01121,Synthetic Customer 01121,private_banking
CUST-01122,Synthetic Customer 01122,private_banking
CUST-01123,Synthetic Customer 01123,retail
CUST-01124,Synthetic Customer 01124,private_banking
CUST-01125,Synthetic Customer 01125,retail
CUST-01126,Synthetic Customer 01126,business
CUST-01127,Synthetic Customer 01127,retail
CUST-01128,Synthetic Customer 01128,private_banking
CUST-01129,Synthetic Customer 01129,private_banking
CUST-01130,Synthetic Customer 01130,business
CUST-01131,Synthetic Customer 01131,private_banking
CUST-01132,Synthetic Customer 01132,private_banking
CUST-01133,Synthetic Customer 01133,business
CUST-01134,Synthetic Customer 01134,business
CUST-01135,Synthetic Customer 01135,business
CUST-01136,Synthetic Customer 01136,private_banking
CUST-01137,Synthetic Customer 01137,business
CUST-01138,Synthetic Customer 01138,business
CUST-01139,Synthetic Customer 01139,private_banking
CUST-01140,Synthetic Customer 01140,private_banking
CUST-01141,Synthetic Customer 01141,business
CUST-01142,Synthetic Customer 01142,private_banking
CUST-01143,Synthetic Customer 01143,private_banking
CUST-01144,Synthetic Customer 01144,retail
CUST-01145,Synthetic Customer 01145,retail
CUST-01146,Synthetic Customer 01146,retail
CUST-01147,Synthetic Customer 01147,retail
CUST-01148,Synthetic Customer 01148,business
CUST-01149,Synthetic Customer 01149,private_banking
CUST-01150,Synthetic Customer 01150,retail
CUST-01151,Synthetic Customer 01151,business
CUST-01152,Synthetic Customer 01152,private_banking
CUST-01153,Synthetic Customer 01153,retail
CUST-01154,Synthetic Customer 01154,private_banking
CUST-01155,Synthetic Customer 01155,private_banking
CUST-01156,Synthetic Customer 01156,private_banking
CUST-01157,Synthetic Customer 01157,private_banking
CUST-01158,Synthetic Customer 01158,business
CUST-01159,Synthetic Customer 01159,business
CUST-01160,Synthetic Customer 01160,private_banking
CUST-01161,Synthetic Customer 01161,retail
CUST-01162,Synthetic Customer 01162,business
CUST-01163,Synthetic Customer 01163,business
CUST-01164,Synthetic Customer 01164,business
CUST-01165,Synthetic Customer 01165,private_banking
CUST-01166,Synthetic Customer 01166,retail
CUST-01167,Synthetic Customer 01167,business
CUST-01168,Synthetic Customer 01168,retail
CUST-01169,Synthetic Customer 01169,business
CUST-01170,Synthetic Customer 01170,business
CUST-01171,Synthetic Customer 01171,business
CUST-01172,Synthetic Customer 01172,business
CUST-01173,Synthetic Customer 01173,private_banking
CUST-01174,Synthetic Customer 01174,business
CUST-01175,Synthetic Customer 01175,business
CUST-01176,Synthetic Customer 01176,business
CUST-01177,Synthetic Customer 01177,retail
CUST-01178,Synthetic Customer 01178,business
CUST-01179,Synthetic Customer 01179,business
CUST-01180,Synthetic Customer 01180,retail
CUST-01181,Synthetic Customer 01181,business
CUST-01182,Synthetic Customer 01182,retail
CUST-01183,Synthetic Customer 01183,business
CUST-01184,Synthetic Customer 01184,retail
CUST-01185,Synthetic Customer 01185,private_banking
CUST-01186,Synthetic Customer 01186,business
CUST-01187,Synthetic Customer 01187,retail
CUST-01188,Synthetic Customer 01188,business
CUST-01189,Synthetic Customer 01189,business
CUST-01190,Synthetic Customer 01190,retail
CUST-01191,Synthetic Customer 01191,business
CUST-01192,Synthetic Customer 01192,business
CUST-01193,Synthetic Customer 01193,retail
CUST-01194,Synthetic Customer 01194,business
CUST-01195,Synthetic Customer 01195,retail
CUST-01196,Synthetic Customer 01196,retail
CUST-01197,Synthetic Customer 01197,retail
CUST-01198,Synthetic Customer 01198,private_banking
CUST-01199,Synthetic Customer 01199,private_banking
CUST-01200,Synthetic Customer 01200,retail
CUST-01201,Synthetic Customer 01201,business
CUST-01202,Synthetic Customer 01202,business
CUST-01203,Synthetic Customer 01203,private_banking
CUST-01204,Synthetic Customer 01204,private_banking
CUST-01205,Synthetic Customer 01205,private_banking
CUST-01206,Synthetic Customer 01206,private_banking
CUST-01207,Synthetic Customer 01207,retail
CUST-01208,Synthetic Customer 01208,retail
CUST-01209,Synthetic Customer 01209,business
CUST-01210,Synthetic Customer 01210,business
CUST-01211,Synthetic Customer 01211,retail
CUST-01212,Synthetic Customer 01212,business
CUST-01213,Synthetic Customer 01213,private_banking
CUST-01214,Synthetic Customer 01214,retail
CUST-01215,Synthetic Customer 01215,business
CUST-01216,Synthetic Customer 01216,retail
CUST-01217,Synthetic Customer 01217,retail
CUST-01218,Synthetic Customer 01218,retail
CUST-01219,Synthetic Customer 01219,business
CUST-01220,Synthetic Customer 01220,private_banking
CUST-01221,Synthetic Customer 01221,retail
CUST-01222,Synthetic Customer 01222,business
CUST-01223,Synthetic Customer 01223,business
CUST-01224,Synthetic Customer 01224,business
CUST-01225,Synthetic Customer 01225,retail
CUST-01226,Synthetic Customer 01226,private_banking
CUST-01227,Synthetic Customer 01227,private_banking
CUST-01228,Synthetic Customer 01228,private_banking
CUST-01229,Synthetic Customer 01229,business
CUST-01230,Synthetic Customer 01230,retail
CUST-01231,Synthetic Customer 01231,private_banking
CUST-01232,Synthetic Customer 01232,business
CUST-01233,Synthetic Customer 01233,business
CUST-01234,Synthetic Customer 01234,retail
CUST-01235,Synthetic Customer 01235,private_banking
CUST-01236,Synthetic Customer 01236,retail
CUST-01237,Synthetic Customer 01237,retail
CUST-01238,Synthetic Customer 01238,private_banking
CUST-01239,Synthetic Customer 01239,business
CUST-01240,Synthetic Customer 01240,retail
CUST-01241,Synthetic Customer 01241,business
CUST-01242,Synthetic Customer 01242,retail
CUST-01243,Synthetic Customer 01243,retail
CUST-01244,Synthetic Customer 01244,private_banking
CUST-01245,Synthetic Customer 01245,business
CUST-01246,Synthetic Customer 01246,retail
CUST-01247,Synthetic Customer 01247,business
CUST-01248,Synthetic Customer 01248,retail
CUST-01249,Synthetic Customer 01249,private_banking
CUST-01250,Synthetic Customer 01250,business
CUST-01251,Synthetic Customer 01251,retail
CUST-01252,Synthetic Customer 01252,retail
CUST-01253,Synthetic Customer 01253,retail
CUST-01254,Synthetic Customer 01254,retail
CUST-01255,Synthetic Customer 01255,private_banking
CUST-01256,Synthetic Customer 01256,private_banking
CUST-01257,Synthetic Customer 01257,business
CUST-01258,Synthetic Customer 01258,retail
CUST-01259,Synthetic Customer 01259,retail
CUST-01260,Synthetic Customer 01260,private_banking
CUST-01261,Synthetic Customer 01261,private_banking
CUST-01262,Synthetic Customer 01262,private_banking
CUST-01263,Synthetic Customer 01263,private_banking
CUST-01264,Synthetic Customer 01264,business
CUST-01265,Synthetic Customer 01265,private_banking
CUST-01266,Synthetic Customer 01266,private_banking
CUST-01267,Synthetic Customer 01267,retail
CUST-01268,Synthetic Customer 01268,retail
CUST-01269,Synthetic Customer 01269,business
CUST-01270,Synthetic Customer 01270,private_banking
CUST-01271,Synthetic Customer 01271,retail
CUST-01272,Synthetic Customer 01272,business
CUST-01273,Synthetic Customer 01273,retail
CUST-01274,Synthetic Customer 01274,retail
CUST-01275,Synthetic Customer 01275,retail
CUST-01276,Synthetic Customer 01276,private_banking
CUST-01277,Synthetic Customer 01277,business
CUST-01278,Synthetic Customer 01278,private_banking
CUST-01279,Synthetic Customer 01279,retail
CUST-01280,Synthetic Customer 01280,private_banking
CUST-01281,Synthetic Customer 01281,private_banking
CUST-01282,Synthetic Customer 01282,retail
CUST-01283,Synthetic Customer 01283,retail
CUST-01284,Synthetic Customer 01284,private_banking
CUST-01285,Synthetic Customer 01285,retail
CUST-01286,Synthetic Customer 01286,business
CUST-01287,Synthetic Customer 01287,retail
CUST-01288,Synthetic Customer 01288,business
CUST-01289,Synthetic Customer 01289,retail
CUST-01290,Synthetic Customer 01290,retail
CUST-01291,Synthetic Customer 01291,retail
CUST-01292,Synthetic Customer 01292,retail
CUST-01293,Synthetic Customer 01293,retail
CUST-01294,Synthetic Customer 01294,business
CUST-01295,Synthetic Customer 01295,business
CUST-01296,Synthetic Customer 01296,retail
CUST-01297,Synthetic Customer 01297,business
CUST-01298,Synthetic Customer 01298,retail
CUST-01299,Synthetic Customer 01299,retail
CUST-01300,Synthetic Customer 01300,retail
CUST-01301,Synthetic Customer 01301,retail
CUST-01302,Synthetic Customer 01302,retail
CUST-01303,Synthetic Customer 01303,private_banking
CUST-01304,Synthetic Customer 01304,private_banking
CUST-01305,Synthetic Customer 01305,private_banking
CUST-01306,Synthetic Customer 01306,retail
CUST-01307,Synthetic Customer 01307,business
CUST-01308,Synthetic Customer 01308,retail
CUST-01309,Synthetic Customer 01309,private_banking
CUST-01310,Synthetic Customer 01310,private_banking
CUST-01311,Synthetic Customer 01311,business
CUST-01312,Synthetic Customer 01312,private_banking
CUST-01313,Synthetic Customer 01313,business
CUST-01314,Synthetic Customer 01314,private_banking
CUST-01315,Synthetic Customer 01315,private_banking
CUST-01316,Synthetic Customer 01316,private_banking
CUST-01317,Synthetic Customer 01317,business
CUST-01318,Synthetic Customer 01318,private_banking
CUST-01319,Synthetic Customer 01319,private_banking
CUST-01320,Synthetic Customer 01320,retail
CUST-01321,Synthetic Customer 01321,retail
CUST-01322,Synthetic Customer 01322,retail
CUST-01323,Synthetic Customer 01323,private_banking
CUST-01324,Synthetic Customer 01324,business
CUST-01325,Synthetic Customer 01325,retail
CUST-01326,Synthetic Customer 01326,private_banking
CUST-01327,Synthetic Customer 01327,retail
CUST-01328,Synthetic Customer 01328,business
CUST-01329,Synthetic Customer 01329,retail
CUST-01330,Synthetic Customer 01330,private_banking
CUST-01331,Synthetic Customer 01331,retail
CUST-01332,Synthetic Customer 01332,business
CUST-01333,Synthetic Customer 01333,business
CUST-01334,Synthetic Customer 01334,retail
CUST-01335,Synthetic Customer 01335,private_banking
CUST-01336,Synthetic Customer 01336,retail
CUST-01337,Synthetic Customer 01337,business
CUST-01338,Synthetic Customer 01338,retail
CUST-01339,Synthetic Customer 01339,business
CUST-01340,Synthetic Customer 01340,business
CUST-01341,Synthetic Customer 01341,private_banking
CUST-01342,Synthetic Customer 01342,retail
CUST-01343,Synthetic Customer 01343,retail
CUST-01344,Synthetic Customer 01344,business
CUST-01345,Synthetic Customer 01345,private_banking
CUST-01346,Synthetic Customer 01346,retail
CUST-01347,Synthetic Customer 01347,business
CUST-01348,Synthetic Customer 01348,retail
CUST-01349,Synthetic Customer 01349,retail
CUST-01350,Synthetic Customer 01350,business
CUST-01351,Synthetic Customer 01351,private_banking
CUST-01352,Synthetic Customer 01352,retail
CUST-01353,Synthetic Customer 01353,private_banking
CUST-01354,Synthetic Customer 01354,retail
CUST-01355,Synthetic Customer 01355,retail
CUST-01356,Synthetic Customer 01356,retail
CUST-01357,Synthetic Customer 01357,business
CUST-01358,Synthetic Customer 01358,business
CUST-01359,Synthetic Customer 01359,retail
CUST-01360,Synthetic Customer 01360,private_banking
CUST-01361,Synthetic Customer 01361,private_banking
CUST-01362,Synthetic Customer 01362,private_banking
CUST-01363,Synthetic Customer 01363,retail
CUST-01364,Synthetic Customer 01364,retail
CUST-01365,Synthetic Customer 01365,private_banking
CUST-01366,Synthetic Customer 01366,retail
CUST-01367,Synthetic Customer 01367,retail
CUST-01368,Synthetic Customer 01368,business
CUST-01369,Synthetic Customer 01369,private_banking
CUST-01370,Synthetic Customer 01370,private_banking
CUST-01371,Synthetic Customer 01371,retail
CUST-01372,Synthetic Customer 01372,business
CUST-01373,Synthetic Customer 01373,retail
CUST-01374,Synthetic Customer 01374,private_banking
CUST-01375,Synthetic Customer 01375,retail
CUST-01376,Synthetic Customer 01376,retail
CUST-01377,Synthetic Customer 01377,retail
CUST-01378,Synthetic Customer 01378,retail
CUST-01379,Synthetic Customer 01379,retail
CUST-01380,Synthetic Customer 01380,retail
CUST-01381,Synthetic Customer 01381,business
CUST-01382,Synthetic Customer 01382,private_banking
CUST-01383,Synthetic Customer 01383,retail
CUST-01384,Synthetic Customer 01384,business
CUST-01385,Synthetic Customer 01385,retail
CUST-01386,Synthetic Customer 01386,business
CUST-01387,Synthetic Customer 01387,retail
CUST-01388,Synthetic Customer 01388,business
CUST-01389,Synthetic Customer 01389,retail
CUST-01390,Synthetic Customer 01390,private_banking
CUST-01391,Synthetic Customer 01391,business
CUST-01392,Synthetic Customer 01392,private_banking
CUST-01393,Synthetic Customer 01393,business
CUST-01394,Synthetic Customer 01394,private_banking
CUST-01395,Synthetic Customer 01395,retail
CUST-01396,Synthetic Customer 01396,private_banking
CUST-01397,Synthetic Customer 01397,retail
CUST-01398,Synthetic Customer 01398,private_banking
CUST-01399,Synthetic Customer 01399,business
CUST-01400,Synthetic Customer 01400,retail
CUST-01401,Synthetic Customer 01401,private_banking
CUST-01402,Synthetic Customer 01402,business
CUST-01403,Synthetic Customer 01403,business
CUST-01404,Synthetic Customer 01404,private_banking
CUST-01405,Synthetic Customer 01405,business
CUST-01406,Synthetic Customer 01406,business
CUST-01407,Synthetic Customer 01407,business
CUST-01408,Synthetic Customer 01408,business
CUST-01409,Synthetic Customer 01409,business
CUST-01410,Synthetic Customer 01410,private_banking
CUST-01411,Synthetic Customer 01411,retail
CUST-01412,Synthetic Customer 01412,private_banking
CUST-01413,Synthetic Customer 01413,private_banking
CUST-01414,Synthetic Customer 01414,retail
CUST-01415,Synthetic Customer 01415,private_banking
CUST-01416,Synthetic Customer 01416,retail
CUST-01417,Synthetic Customer 01417,retail
CUST-01418,Synthetic Customer 01418,business
CUST-01419,Synthetic Customer 01419,retail
CUST-01420,Synthetic Customer 01420,retail
CUST-01421,Synthetic Customer 01421,business
CUST-01422,Synthetic Customer 01422,retail
CUST-01423,Synthetic Customer 01423,private_banking
CUST-01424,Synthetic Customer 01424,private_banking
CUST-01425,Synthetic Customer 01425,business
CUST-01426,Synthetic Customer 01426,retail
CUST-01427,Synthetic Customer 01427,private_banking
CUST-01428,Synthetic Customer 01428,business
CUST-01429,Synthetic Customer 01429,retail
CUST-01430,Synthetic Customer 01430,private_banking
CUST-01431,Synthetic Customer 01431,business
CUST-01432,Synthetic Customer 01432,private_banking
CUST-01433,Synthetic Customer 01433,business
CUST-01434,Synthetic Customer 01434,retail
CUST-01435,Synthetic Customer 01435,retail
CUST-01436,Synthetic Customer 01436,private_banking
CUST-01437,Synthetic Customer 01437,business
CUST-01438,Synthetic Customer 01438,business
CUST-01439,Synthetic Customer 01439,business
CUST-01440,Synthetic Customer 01440,retail
CUST-01441,Synthetic Customer 01441,private_banking
CUST-01442,Synthetic Customer 01442,private_banking
CUST-01443,Synthetic Customer 01443,private_banking
CUST-01444,Synthetic Customer 01444,private_banking
CUST-01445,Synthetic Customer 01445,retail
CUST-01446,Synthetic Customer 01446,private_banking
CUST-01447,Synthetic Customer 01447,retail
CUST-01448,Synthetic Customer 01448,business
CUST-01449,Synthetic Customer 01449,retail
CUST-01450,Synthetic Customer 01450,retail
CUST-01451,Synthetic Customer 01451,retail
CUST-01452,Synthetic Customer 01452,private_banking
CUST-01453,Synthetic Customer 01453,business
CUST-01454,Synthetic Customer 01454,private_banking
CUST-01455,Synthetic Customer 01455,private_banking
CUST-01456,Synthetic Customer 01456,retail
CUST-01457,Synthetic Customer 01457,private_banking
CUST-01458,Synthetic Customer 01458,private_banking
CUST-01459,Synthetic Customer 01459,business
CUST-01460,Synthetic Customer 01460,private_banking
CUST-01461,Synthetic Customer 01461,retail
CUST-01462,Synthetic Customer 01462,private_banking
CUST-01463,Synthetic Customer 01463,private_banking
CUST-01464,Synthetic Customer 01464,business
CUST-01465,Synthetic Customer 01465,retail
CUST-01466,Synthetic Customer 01466,retail
CUST-01467,Synthetic Customer 01467,private_banking
CUST-01468,Synthetic Customer 01468,retail
CUST-01469,Synthetic Customer 01469,retail
CUST-01470,Synthetic Customer 01470,retail
CUST-01471,Synthetic Customer 01471,retail
CUST-01472,Synthetic Customer 01472,retail
CUST-01473,Synthetic Customer 01473,private_banking
CUST-01474,Synthetic Customer 01474,private_banking
CUST-01475,Synthetic Customer 01475,business
CUST-01476,Synthetic Customer 01476,business
CUST-01477,Synthetic Customer 01477,business
CUST-01478,Synthetic Customer 01478,retail
CUST-01479,Synthetic Customer 01479,retail
CUST-01480,Synthetic Customer 01480,business
CUST-01481,Synthetic Customer 01481,private_banking
CUST-01482,Synthetic Customer 01482,private_banking
CUST-01483,Synthetic Customer 01483,retail
CUST-01484,Synthetic Customer 01484,business
CUST-01485,Synthetic Customer 01485,private_banking
CUST-01486,Synthetic Customer 01486,private_banking
CUST-01487,Synthetic Customer 01487,business
CUST-01488,Synthetic Customer 01488,business
CUST-01489,Synthetic Customer 01489,retail
CUST-01490,Synthetic Customer 01490,business
CUST-01491,Synthetic Customer 01491,retail
CUST-01492,Synthetic Customer 01492,private_banking
CUST-01493,Synthetic Customer 01493,private_banking
CUST-01494,Synthetic Customer 01494,business
CUST-01495,Synthetic Customer 01495,retail
CUST-01496,Synthetic Customer 01496,retail
CUST-01497,Synthetic Customer 01497,private_banking
CUST-01498,Synthetic Customer 01498,retail
CUST-01499,Synthetic Customer 01499,private_banking
CUST-01500,Synthetic Customer 01500,private_banking
CUST-01501,Synthetic Customer 01501,private_banking
CUST-01502,Synthetic Customer 01502,private_banking
CUST-01503,Synthetic Customer 01503,business
CUST-01504,Synthetic Customer 01504,retail
CUST-01505,Synthetic Customer 01505,private_banking
CUST-01506,Synthetic Customer 01506,retail
CUST-01507,Synthetic Customer 01507,private_banking
CUST-01508,Synthetic Customer 01508,private_banking
CUST-01509,Synthetic Customer 01509,retail
CUST-01510,Synthetic Customer 01510,retail
CUST-01511,Synthetic Customer 01511,retail
CUST-01512,Synthetic Customer 01512,retail
CUST-01513,Synthetic Customer 01513,business
CUST-01514,Synthetic Customer 01514,retail
CUST-01515,Synthetic Customer 01515,business
CUST-01516,Synthetic Customer 01516,retail
CUST-01517,Synthetic Customer 01517,business
CUST-01518,Synthetic Customer 01518,private_banking
CUST-01519,Synthetic Customer 01519,private_banking
CUST-01520,Synthetic Customer 01520,private_banking
CUST-01521,Synthetic Customer 01521,business
CUST-01522,Synthetic Customer 01522,private_banking
CUST-01523,Synthetic Customer 01523,business
CUST-01524,Synthetic Customer 01524,retail
CUST-01525,Synthetic Customer 01525,business
CUST-01526,Synthetic Customer 01526,business
CUST-01527,Synthetic Customer 01527,business
CUST-01528,Synthetic Customer 01528,private_banking
CUST-01529,Synthetic Customer 01529,business
CUST-01530,Synthetic Customer 01530,retail
CUST-01531,Synthetic Customer 01531,private_banking
CUST-01532,Synthetic Customer 01532,retail
CUST-01533,Synthetic Customer 01533,retail
CUST-01534,Synthetic Customer 01534,retail
CUST-01535,Synthetic Customer 01535,private_banking
CUST-01536,Synthetic Customer 01536,business
CUST-01537,Synthetic Customer 01537,private_banking
CUST-01538,Synthetic Customer 01538,retail
CUST-01539,Synthetic Customer 01539,business
CUST-01540,Synthetic Customer 01540,retail
CUST-01541,Synthetic Customer 01541,retail
CUST-01542,Synthetic Customer 01542,business
CUST-01543,Synthetic Customer 01543,retail
CUST-01544,Synthetic Customer 01544,retail
CUST-01545,Synthetic Customer 01545,business
CUST-01546,Synthetic Customer 01546,retail
CUST-01547,Synthetic Customer 01547,business
CUST-01548,Synthetic Customer 01548,retail
CUST-01549,Synthetic Customer 01549,business
CUST-01550,Synthetic Customer 01550,business
CUST-01551,Synthetic Customer 01551,private_banking
CUST-01552,Synthetic Customer 01552,retail
CUST-01553,Synthetic Customer 01553,private_banking
CUST-01554,Synthetic Customer 01554,business
CUST-01555,Synthetic Customer 01555,private_banking
CUST-01556,Synthetic Customer 01556,business
CUST-01557,Synthetic Customer 01557,private_banking
CUST-01558,Synthetic Customer 01558,business
CUST-01559,Synthetic Customer 01559,retail
CUST-01560,Synthetic Customer 01560,business
CUST-01561,Synthetic Customer 01561,private_banking
CUST-01562,Synthetic Customer 01562,business
CUST-01563,Synthetic Customer 01563,business
CUST-01564,Synthetic Customer 01564,retail
CUST-01565,Synthetic Customer 01565,business
CUST-01566,Synthetic Customer 01566,business
CUST-01567,Synthetic Customer 01567,business
CUST-01568,Synthetic Customer 01568,business
CUST-01569,Synthetic Customer 01569,retail
CUST-01570,Synthetic Customer 01570,retail
CUST-01571,Synthetic Customer 01571,business
CUST-01572,Synthetic Customer 01572,business
CUST-01573,Synthetic Customer 01573,retail
CUST-01574,Synthetic Customer 01574,business
CUST-01575,Synthetic Customer 01575,business
CUST-01576,Synthetic Customer 01576,private_banking
CUST-01577,Synthetic Customer 01577,private_banking
CUST-01578,Synthetic Customer 01578,retail
CUST-01579,Synthetic Customer 01579,retail
CUST-01580,Synthetic Customer 01580,private_banking
CUST-01581,Synthetic Customer 01581,retail
CUST-01582,Synthetic Customer 01582,retail
CUST-01583,Synthetic Customer 01583,retail
CUST-01584,Synthetic Customer 01584,business
CUST-01585,Synthetic Customer 01585,private_banking
CUST-01586,Synthetic Customer 01586,business
CUST-01587,Synthetic Customer 01587,private_banking
CUST-01588,Synthetic Customer 01588,business
CUST-01589,Synthetic Customer 01589,business
CUST-01590,Synthetic Customer 01590,retail
CUST-01591,Synthetic Customer 01591,private_banking
CUST-01592,Synthetic Customer 01592,private_banking
CUST-01593,Synthetic Customer 01593,business
CUST-01594,Synthetic Customer 01594,retail
CUST-01595,Synthetic Customer 01595,private_banking
CUST-01596,Synthetic Customer 01596,business
CUST-01597,Synthetic Customer 01597,retail
CUST-01598,Synthetic Customer 01598,retail
CUST-01599,Synthetic Customer 01599,business
CUST-01600,Synthetic Customer 01600,private_banking
CUST-01601,Synthetic Customer 01601,retail
CUST-01602,Synthetic Customer 01602,business
CUST-01603,Synthetic Customer 01603,retail
CUST-01604,Synthetic Customer 01604,private_banking
CUST-01605,Synthetic Customer 01605,business
CUST-01606,Synthetic Customer 01606,private_banking
CUST-01607,Synthetic Customer 01607,business
CUST-01608,Synthetic Customer 01608,business
CUST-01609,Synthetic Customer 01609,retail
CUST-01610,Synthetic Customer 01610,private_banking
CUST-01611,Synthetic Customer 01611,private_banking
CUST-01612,Synthetic Customer 01612,private_banking
CUST-01613,Synthetic Customer 01613,business
CUST-01614,Synthetic Customer 01614,retail
CUST-01615,Synthetic Customer 01615,retail
CUST-01616,Synthetic Customer 01616,retail
CUST-01617,Synthetic Customer 01617,business
CUST-01618,Synthetic Customer 01618,business
CUST-01619,Synthetic Customer 01619,retail
CUST-01620,Synthetic Customer 01620,private_banking
CUST-01621,Synthetic Customer 01621,business
CUST-01622,Synthetic Customer 01622,private_banking
CUST-01623,Synthetic Customer 01623,retail
CUST-01624,Synthetic Customer 01624,retail
CUST-01625,Synthetic Customer 01625,retail
CUST-01626,Synthetic Customer 01626,private_banking
CUST-01627,Synthetic Customer 01627,business
CUST-01628,Synthetic Customer 01628,retail
CUST-01629,Synthetic Customer 01629,private_banking
CUST-01630,Synthetic Customer 01630,private_banking
CUST-01631,Synthetic Customer 01631,private_banking
CUST-01632,Synthetic Customer 01632,business
CUST-01633,Synthetic Customer 01633,retail
CUST-01634,Synthetic Customer 01634,business
CUST-01635,Synthetic Customer 01635,private_banking
CUST-01636,Synthetic Customer 01636,business
CUST-01637,Synthetic Customer 01637,retail
CUST-01638,Synthetic Customer 01638,retail
CUST-01639,Synthetic Customer 01639,retail
CUST-01640,Synthetic Customer 01640,retail
CUST-01641,Synthetic Customer 01641,business
CUST-01642,Synthetic Customer 01642,retail
CUST-01643,Synthetic Customer 01643,retail
CUST-01644,Synthetic Customer 01644,business
CUST-01645,Synthetic Customer 01645,business
CUST-01646,Synthetic Customer 01646,business
CUST-01647,Synthetic Customer 01647,business
CUST-01648,Synthetic Customer 01648,business
CUST-01649,Synthetic Customer 01649,business
CUST-01650,Synthetic Customer 01650,business
CUST-01651,Synthetic Customer 01651,business
CUST-01652,Synthetic Customer 01652,private_banking
CUST-01653,Synthetic Customer 01653,retail
CUST-01654,Synthetic Customer 01654,retail
CUST-01655,Synthetic Customer 01655,business
CUST-01656,Synthetic Customer 01656,retail
CUST-01657,Synthetic Customer 01657,retail
CUST-01658,Synthetic Customer 01658,private_banking
CUST-01659,Synthetic Customer 01659,business
CUST-01660,Synthetic Customer 01660,business
CUST-01661,Synthetic Customer 01661,retail
CUST-01662,Synthetic Customer 01662,business
CUST-01663,Synthetic Customer 01663,business
CUST-01664,Synthetic Customer 01664,retail
CUST-01665,Synthetic Customer 01665,private_banking
CUST-01666,Synthetic Customer 01666,retail
CUST-01667,Synthetic Customer 01667,retail
CUST-01668,Synthetic Customer 01668,business
CUST-01669,Synthetic Customer 01669,retail
CUST-01670,Synthetic Customer 01670,business
CUST-01671,Synthetic Customer 01671,business
CUST-01672,Synthetic Customer 01672,retail
CUST-01673,Synthetic Customer 01673,retail
CUST-01674,Synthetic Customer 01674,business
CUST-01675,Synthetic Customer 01675,retail
CUST-01676,Synthetic Customer 01676,private_banking
CUST-01677,Synthetic Customer 01677,business
CUST-01678,Synthetic Customer 01678,private_banking
CUST-01679,Synthetic Customer 01679,private_banking
CUST-01680,Synthetic Customer 01680,retail
CUST-01681,Synthetic Customer 01681,private_banking
CUST-01682,Synthetic Customer 01682,private_banking
CUST-01683,Synthetic Customer 01683,private_banking
CUST-01684,Synthetic Customer 01684,retail
CUST-01685,Synthetic Customer 01685,business
CUST-01686,Synthetic Customer 01686,retail
CUST-01687,Synthetic Customer 01687,private_banking
CUST-01688,Synthetic Customer 01688,private_banking
CUST-01689,Synthetic Customer 01689,retail
CUST-01690,Synthetic Customer 01690,private_banking
CUST-01691,Synthetic Customer 01691,business
CUST-01692,Synthetic Customer 01692,business
CUST-01693,Synthetic Customer 01693,private_banking
CUST-01694,Synthetic Customer 01694,retail
CUST-01695,Synthetic Customer 01695,retail
CUST-01696,Synthetic Customer 01696,business
CUST-01697,Synthetic Customer 01697,retail
CUST-01698,Synthetic Customer 01698,business
CUST-01699,Synthetic Customer 01699,private_banking
CUST-01700,Synthetic Customer 01700,business
CUST-01701,Synthetic Customer 01701,retail
CUST-01702,Synthetic Customer 01702,business
CUST-01703,Synthetic Customer 01703,retail
CUST-01704,Synthetic Customer 01704,private_banking
CUST-01705,Synthetic Customer 01705,private_banking
CUST-01706,Synthetic Customer 01706,retail
CUST-01707,Synthetic Customer 01707,private_banking
CUST-01708,Synthetic Customer 01708,private_banking
CUST-01709,Synthetic Customer 01709,business
CUST-01710,Synthetic Customer 01710,retail
CUST-01711,Synthetic Customer 01711,private_banking
CUST-01712,Synthetic Customer 01712,retail
CUST-01713,Synthetic Customer 01713,business
CUST-01714,Synthetic Customer 01714,private_banking
CUST-01715,Synthetic Customer 01715,business
CUST-01716,Synthetic Customer 01716,private_banking
CUST-01717,Synthetic Customer 01717,business
CUST-01718,Synthetic Customer 01718,business
CUST-01719,Synthetic Customer 01719,retail
CUST-01720,Synthetic Customer 01720,retail
CUST-01721,Synthetic Customer 01721,retail
CUST-01722,Synthetic Customer 01722,business
CUST-01723,Synthetic Customer 01723,business
CUST-01724,Synthetic Customer 01724,business
CUST-01725,Synthetic Customer 01725,retail
CUST-01726,Synthetic Customer 01726,retail
CUST-01727,Synthetic Customer 01727,private_banking
CUST-01728,Synthetic Customer 01728,business
CUST-01729,Synthetic Customer 01729,private_banking
CUST-01730,Synthetic Customer 01730,business
CUST-01731,Synthetic Customer 01731,retail
CUST-01732,Synthetic Customer 01732,retail
CUST-01733,Synthetic Customer 01733,retail
CUST-01734,Synthetic Customer 01734,private_banking
CUST-01735,Synthetic Customer 01735,retail
CUST-01736,Synthetic Customer 01736,retail
CUST-01737,Synthetic Customer 01737,business
CUST-01738,Synthetic Customer 01738,business
CUST-01739,Synthetic Customer 01739,retail
CUST-01740,Synthetic Customer 01740,private_banking
CUST-01741,Synthetic Customer 01741,private_banking
CUST-01742,Synthetic Customer 01742,private_banking
CUST-01743,Synthetic Customer 01743,retail
CUST-01744,Synthetic Customer 01744,business
CUST-01745,Synthetic Customer 01745,private_banking
CUST-01746,Synthetic Customer 01746,retail
CUST-01747,Synthetic Customer 01747,retail
CUST-01748,Synthetic Customer 01748,business
CUST-01749,Synthetic Customer 01749,business
CUST-01750,Synthetic Customer 01750,retail
CUST-01751,Synthetic Customer 01751,business
CUST-01752,Synthetic Customer 01752,retail
CUST-01753,Synthetic Customer 01753,private_banking
CUST-01754,Synthetic Customer 01754,business
CUST-01755,Synthetic Customer 01755,private_banking
CUST-01756,Synthetic Customer 01756,retail
CUST-01757,Synthetic Customer 01757,private_banking
CUST-01758,Synthetic Customer 01758,private_banking
CUST-01759,Synthetic Customer 01759,business
CUST-01760,Synthetic Customer 01760,retail
CUST-01761,Synthetic Customer 01761,retail
CUST-01762,Synthetic Customer 01762,business
CUST-01763,Synthetic Customer 01763,retail
CUST-01764,Synthetic Customer 01764,private_banking
CUST-01765,Synthetic Customer 01765,retail
CUST-01766,Synthetic Customer 01766,private_banking
CUST-01767,Synthetic Customer 01767,business
CUST-01768,Synthetic Customer 01768,retail
CUST-01769,Synthetic Customer 01769,retail
CUST-01770,Synthetic Customer 01770,business
CUST-01771,Synthetic Customer 01771,retail
CUST-01772,Synthetic Customer 01772,retail
CUST-01773,Synthetic Customer 01773,retail
CUST-01774,Synthetic Customer 01774,retail
CUST-01775,Synthetic Customer 01775,private_banking
CUST-01776,Synthetic Customer 01776,private_banking
CUST-01777,Synthetic Customer 01777,retail
CUST-01778,Synthetic Customer 01778,retail
CUST-01779,Synthetic Customer 01779,business
CUST-01780,Synthetic Customer 01780,business
CUST-01781,Synthetic Customer 01781,retail
CUST-01782,Synthetic Customer 01782,business
CUST-01783,Synthetic Customer 01783,retail
CUST-01784,Synthetic Customer 01784,private_banking
CUST-01785,Synthetic Customer 01785,business
CUST-01786,Synthetic Customer 01786,retail
CUST-01787,Synthetic Customer 01787,business
CUST-01788,Synthetic Customer 01788,private_banking
CUST-01789,Synthetic Customer 01789,business
CUST-01790,Synthetic Customer 01790,business
CUST-01791,Synthetic Customer 01791,business
CUST-01792,Synthetic Customer 01792,business
CUST-01793,Synthetic Customer 01793,retail
CUST-01794,Synthetic Customer 01794,business
CUST-01795,Synthetic Customer 01795,private_banking
CUST-01796,Synthetic Customer 01796,retail
CUST-01797,Synthetic Customer 01797,business
CUST-01798,Synthetic Customer 01798,business
CUST-01799,Synthetic Customer 01799,private_banking
CUST-01800,Synthetic Customer 01800,retail
CUST-01801,Synthetic Customer 01801,business
CUST-01802,Synthetic Customer 01802,retail
CUST-01803,Synthetic Customer 01803,private_banking
CUST-01804,Synthetic Customer 01804,retail
CUST-01805,Synthetic Customer 01805,retail
CUST-01806,Synthetic Customer 01806,business
CUST-01807,Synthetic Customer 01807,retail
CUST-01808,Synthetic Customer 01808,retail
CUST-01809,Synthetic Customer 01809,private_banking
CUST-01810,Synthetic Customer 01810,retail
CUST-01811,Synthetic Customer 01811,business
CUST-01812,Synthetic Customer 01812,retail
CUST-01813,Synthetic Customer 01813,private_banking
CUST-01814,Synthetic Customer 01814,private_banking
CUST-01815,Synthetic Customer 01815,retail
CUST-01816,Synthetic Customer 01816,business
CUST-01817,Synthetic Customer 01817,business
CUST-01818,Synthetic Customer 01818,retail
CUST-01819,Synthetic Customer 01819,business
CUST-01820,Synthetic Customer 01820,business
CUST-01821,Synthetic Customer 01821,business
CUST-01822,Synthetic Customer 01822,private_banking
CUST-01823,Synthetic Customer 01823,private_banking
CUST-01824,Synthetic Customer 01824,private_banking
CUST-01825,Synthetic Customer 01825,retail
CUST-01826,Synthetic Customer 01826,business
CUST-01827,Synthetic Customer 01827,business
CUST-01828,Synthetic Customer 01828,private_banking
CUST-01829,Synthetic Customer 01829,business
CUST-01830,Synthetic Customer 01830,retail
CUST-01831,Synthetic Customer 01831,retail
CUST-01832,Synthetic Customer 01832,business
CUST-01833,Synthetic Customer 01833,business
CUST-01834,Synthetic Customer 01834,business
CUST-01835,Synthetic Customer 01835,retail
CUST-01836,Synthetic Customer 01836,retail
CUST-01837,Synthetic Customer 01837,private_banking
CUST-01838,Synthetic Customer 01838,business
CUST-01839,Synthetic Customer 01839,retail
CUST-01840,Synthetic Customer 01840,retail
CUST-01841,Synthetic Customer 01841,business
CUST-01842,Synthetic Customer 01842,private_banking
CUST-01843,Synthetic Customer 01843,private_banking
CUST-01844,Synthetic Customer 01844,retail
CUST-01845,Synthetic Customer 01845,retail
CUST-01846,Synthetic Customer 01846,business
CUST-01847,Synthetic Customer 01847,business
CUST-01848,Synthetic Customer 01848,retail
CUST-01849,Synthetic Customer 01849,private_banking
CUST-01850,Synthetic Customer 01850,business
CUST-01851,Synthetic Customer 01851,retail
CUST-01852,Synthetic Customer 01852,retail
CUST-01853,Synthetic Customer 01853,retail
CUST-01854,Synthetic Customer 01854,business
CUST-01855,Synthetic Customer 01855,business
CUST-01856,Synthetic Customer 01856,retail
CUST-01857,Synthetic Customer 01857,business
CUST-01858,Synthetic Customer 01858,retail
CUST-01859,Synthetic Customer 01859,retail
CUST-01860,Synthetic Customer 01860,retail
CUST-01861,Synthetic Customer 01861,retail
CUST-01862,Synthetic Customer 01862,retail
CUST-01863,Synthetic Customer 01863,business
CUST-01864,Synthetic Customer 01864,private_banking
CUST-01865,Synthetic Customer 01865,retail
CUST-01866,Synthetic Customer 01866,retail
CUST-01867,Synthetic Customer 01867,private_banking
CUST-01868,Synthetic Customer 01868,business
CUST-01869,Synthetic Customer 01869,retail
CUST-01870,Synthetic Customer 01870,retail
CUST-01871,Synthetic Customer 01871,business
CUST-01872,Synthetic Customer 01872,business
CUST-01873,Synthetic Customer 01873,business
CUST-01874,Synthetic Customer 01874,business
CUST-01875,Synthetic Customer 01875,private_banking
CUST-01876,Synthetic Customer 01876,business
CUST-01877,Synthetic Customer 01877,private_banking
CUST-01878,Synthetic Customer 01878,retail
CUST-01879,Synthetic Customer 01879,retail
CUST-01880,Synthetic Customer 01880,business
CUST-01881,Synthetic Customer 01881,private_banking
CUST-01882,Synthetic Customer 01882,retail
CUST-01883,Synthetic Customer 01883,business
CUST-01884,Synthetic Customer 01884,retail
CUST-01885,Synthetic Customer 01885,business
CUST-01886,Synthetic Customer 01886,retail
CUST-01887,Synthetic Customer 01887,retail
CUST-01888,Synthetic Customer 01888,business
CUST-01889,Synthetic Customer 01889,retail
CUST-01890,Synthetic Customer 01890,retail
CUST-01891,Synthetic Customer 01891,business
CUST-01892,Synthetic Customer 01892,business
CUST-01893,Synthetic Customer 01893,business
CUST-01894,Synthetic Customer 01894,private_banking
CUST-01895,Synthetic Customer 01895,retail
CUST-01896,Synthetic Customer 01896,business
CUST-01897,Synthetic Customer 01897,private_banking
CUST-01898,Synthetic Customer 01898,retail
CUST-01899,Synthetic Customer 01899,private_banking
CUST-01900,Synthetic Customer 01900,retail
CUST-01901,Synthetic Customer 01901,retail
CUST-01902,Synthetic Customer 01902,private_banking
CUST-01903,Synthetic Customer 01903,private_banking
CUST-01904,Synthetic Customer 01904,retail
CUST-01905,Synthetic Customer 01905,business
CUST-01906,Synthetic Customer 01906,private_banking
CUST-01907,Synthetic Customer 01907,private_banking
CUST-01908,Synthetic Customer 01908,private_banking
CUST-01909,Synthetic Customer 01909,business
CUST-01910,Synthetic Customer 01910,private_banking
CUST-01911,Synthetic Customer 01911,business
CUST-01912,Synthetic Customer 01912,business
CUST-01913,Synthetic Customer 01913,private_banking
CUST-01914,Synthetic Customer 01914,business
CUST-01915,Synthetic Customer 01915,business
CUST-01916,Synthetic Customer 01916,retail
CUST-01917,Synthetic Customer 01917,retail
CUST-01918,Synthetic Customer 01918,retail
CUST-01919,Synthetic Customer 01919,private_banking
CUST-01920,Synthetic Customer 01920,retail
CUST-01921,Synthetic Customer 01921,retail
CUST-01922,Synthetic Customer 01922,retail
CUST-01923,Synthetic Customer 01923,business
CUST-01924,Synthetic Customer 01924,retail
CUST-01925,Synthetic Customer 01925,private_banking
CUST-01926,Synthetic Customer 01926,retail
CUST-01927,Synthetic Customer 01927,retail
CUST-01928,Synthetic Customer 01928,business
CUST-01929,Synthetic Customer 01929,business
CUST-01930,Synthetic Customer 01930,private_banking
CUST-01931,Synthetic Customer 01931,retail
CUST-01932,Synthetic Customer 01932,business
CUST-01933,Synthetic Customer 01933,retail
CUST-01934,Synthetic Customer 01934,private_banking
CUST-01935,Synthetic Customer 01935,business
CUST-01936,Synthetic Customer 01936,business
CUST-01937,Synthetic Customer 01937,retail
CUST-01938,Synthetic Customer 01938,retail
CUST-01939,Synthetic Customer 01939,business
CUST-01940,Synthetic Customer 01940,retail
CUST-01941,Synthetic Customer 01941,business
CUST-01942,Synthetic Customer 01942,private_banking
CUST-01943,Synthetic Customer 01943,retail
CUST-01944,Synthetic Customer 01944,private_banking
CUST-01945,Synthetic Customer 01945,retail
CUST-01946,Synthetic Customer 01946,retail
CUST-01947,Synthetic Customer 01947,business
CUST-01948,Synthetic Customer 01948,private_banking
CUST-01949,Synthetic Customer 01949,business
CUST-01950,Synthetic Customer 01950,business
CUST-01951,Synthetic Customer 01951,private_banking
CUST-01952,Synthetic Customer 01952,business
CUST-01953,Synthetic Customer 01953,retail
CUST-01954,Synthetic Customer 01954,business
CUST-01955,Synthetic Customer 01955,private_banking
CUST-01956,Synthetic Customer 01956,business
CUST-01957,Synthetic Customer 01957,private_banking
CUST-01958,Synthetic Customer 01958,business
CUST-01959,Synthetic Customer 01959,business
CUST-01960,Synthetic Customer 01960,retail
CUST-01961,Synthetic Customer 01961,private_banking
CUST-01962,Synthetic Customer 01962,business
CUST-01963,Synthetic Customer 01963,business
CUST-01964,Synthetic Customer 01964,private_banking
CUST-01965,Synthetic Customer 01965,business
CUST-01966,Synthetic Customer 01966,business
CUST-01967,Synthetic Customer 01967,retail
CUST-01968,Synthetic Customer 01968,private_banking
CUST-01969,Synthetic Customer 01969,business
CUST-01970,Synthetic Customer 01970,private_banking
CUST-01971,Synthetic Customer 01971,private_banking
CUST-01972,Synthetic Customer 01972,retail
CUST-01973,Synthetic Customer 01973,business
CUST-01974,Synthetic Customer 01974,private_banking
CUST-01975,Synthetic Customer 01975,private_banking
CUST-01976,Synthetic Customer 01976,private_banking
CUST-01977,Synthetic Customer 01977,business
CUST-01978,Synthetic Customer 01978,retail
CUST-01979,Synthetic Customer 01979,private_banking
CUST-01980,Synthetic Customer 01980,business
CUST-01981,Synthetic Customer 01981,business
CUST-01982,Synthetic Customer 01982,private_banking
CUST-01983,Synthetic Customer 01983,retail
CUST-01984,Synthetic Customer 01984,business
CUST-01985,Synthetic Customer 01985,private_banking
CUST-01986,Synthetic Customer 01986,business
CUST-01987,Synthetic Customer 01987,business
CUST-01988,Synthetic Customer 01988,retail
CUST-01989,Synthetic Customer 01989,private_banking
CUST-01990,Synthetic Customer 01990,private_banking
CUST-01991,Synthetic Customer 01991,retail
CUST-01992,Synthetic Customer 01992,private_banking
CUST-01993,Synthetic Customer 01993,private_banking
CUST-01994,Synthetic Customer 01994,business
CUST-01995,Synthetic Customer 01995,retail
CUST-01996,Synthetic Customer 01996,private_banking
CUST-01997,Synthetic Customer 01997,retail
CUST-01998,Synthetic Customer 01998,retail
CUST-01999,Synthetic Customer 01999,retail
CUST-02000,Synthetic Customer 02000,retail
CUST-02001,Synthetic Customer 02001,business
CUST-02002,Synthetic Customer 02002,retail
CUST-02003,Synthetic Customer 02003,retail
CUST-02004,Synthetic Customer 02004,private_banking
CUST-02005,Synthetic Customer 02005,retail
CUST-02006,Synthetic Customer 02006,retail
CUST-02007,Synthetic Customer 02007,private_banking
CUST-02008,Synthetic Customer 02008,retail
CUST-02009,Synthetic Customer 02009,private_banking
CUST-02010,Synthetic Customer 02010,retail
CUST-02011,Synthetic Customer 02011,retail
CUST-02012,Synthetic Customer 02012,business
CUST-02013,Synthetic Customer 02013,private_banking
CUST-02014,Synthetic Customer 02014,private_banking
CUST-02015,Synthetic Customer 02015,retail
CUST-02016,Synthetic Customer 02016,retail
CUST-02017,Synthetic Customer 02017,private_banking
CUST-02018,Synthetic Customer 02018,business
CUST-02019,Synthetic Customer 02019,private_banking
CUST-02020,Synthetic Customer 02020,private_banking
CUST-02021,Synthetic Customer 02021,private_banking
CUST-02022,Synthetic Customer 02022,retail
CUST-02023,Synthetic Customer 02023,retail
CUST-02024,Synthetic Customer 02024,retail
CUST-02025,Synthetic Customer 02025,retail
CUST-02026,Synthetic Customer 02026,private_banking
CUST-02027,Synthetic Customer 02027,retail
CUST-02028,Synthetic Customer 02028,retail
CUST-02029,Synthetic Customer 02029,private_banking
CUST-02030,Synthetic Customer 02030,business
CUST-02031,Synthetic Customer 02031,private_banking
CUST-02032,Synthetic Customer 02032,retail
CUST-02033,Synthetic Customer 02033,retail
CUST-02034,Synthetic Customer 02034,retail
CUST-02035,Synthetic Customer 02035,private_banking
CUST-02036,Synthetic Customer 02036,business
CUST-02037,Synthetic Customer 02037,retail
CUST-02038,Synthetic Customer 02038,business
CUST-02039,Synthetic Customer 02039,private_banking
CUST-02040,Synthetic Customer 02040,business
CUST-02041,Synthetic Customer 02041,retail
CUST-02042,Synthetic Customer 02042,private_banking
CUST-02043,Synthetic Customer 02043,business
CUST-02044,Synthetic Customer 02044,private_banking
CUST-02045,Synthetic Customer 02045,retail
CUST-02046,Synthetic Customer 02046,business
CUST-02047,Synthetic Customer 02047,retail
CUST-02048,Synthetic Customer 02048,private_banking
CUST-02049,Synthetic Customer 02049,retail
CUST-02050,Synthetic Customer 02050,private_banking
CUST-02051,Synthetic Customer 02051,business
CUST-02052,Synthetic Customer 02052,private_banking
CUST-02053,Synthetic Customer 02053,private_banking
CUST-02054,Synthetic Customer 02054,retail
CUST-02055,Synthetic Customer 02055,private_banking
CUST-02056,Synthetic Customer 02056,retail
CUST-02057,Synthetic Customer 02057,retail
CUST-02058,Synthetic Customer 02058,private_banking
CUST-02059,Synthetic Customer 02059,retail
CUST-02060,Synthetic Customer 02060,private_banking
CUST-02061,Synthetic Customer 02061,private_banking
CUST-02062,Synthetic Customer 02062,retail
CUST-02063,Synthetic Customer 02063,private_banking
CUST-02064,Synthetic Customer 02064,business
CUST-02065,Synthetic Customer 02065,business
CUST-02066,Synthetic Customer 02066,retail
CUST-02067,Synthetic Customer 02067,private_banking
CUST-02068,Synthetic Customer 02068,retail
CUST-02069,Synthetic Customer 02069,business
CUST-02070,Synthetic Customer 02070,retail
CUST-02071,Synthetic Customer 02071,retail
CUST-02072,Synthetic Customer 02072,business
CUST-02073,Synthetic Customer 02073,retail
CUST-02074,Synthetic Customer 02074,private_banking
CUST-02075,Synthetic Customer 02075,business
CUST-02076,Synthetic Customer 02076,retail
CUST-02077,Synthetic Customer 02077,retail
CUST-02078,Synthetic Customer 02078,business
CUST-02079,Synthetic Customer 02079,private_banking
CUST-02080,Synthetic Customer 02080,business
CUST-02081,Synthetic Customer 02081,retail
CUST-02082,Synthetic Customer 02082,retail
CUST-02083,Synthetic Customer 02083,business
CUST-02084,Synthetic Customer 02084,business
CUST-02085,Synthetic Customer 02085,private_banking
CUST-02086,Synthetic Customer 02086,business
CUST-02087,Synthetic Customer 02087,private_banking
CUST-02088,Synthetic Customer 02088,business
CUST-02089,Synthetic Customer 02089,retail
CUST-02090,Synthetic Customer 02090,business
CUST-02091,Synthetic Customer 02091,business
CUST-02092,Synthetic Customer 02092,business
CUST-02093,Synthetic Customer 02093,private_banking
CUST-02094,Synthetic Customer 02094,retail
CUST-02095,Synthetic Customer 02095,business
CUST-02096,Synthetic Customer 02096,business
CUST-02097,Synthetic Customer 02097,business
CUST-02098,Synthetic Customer 02098,private_banking
CUST-02099,Synthetic Customer 02099,private_banking
CUST-02100,Synthetic Customer 02100,business
CUST-02101,Synthetic Customer 02101,retail
CUST-02102,Synthetic Customer 02102,private_banking
CUST-02103,Synthetic Customer 02103,private_banking
CUST-02104,Synthetic Customer 02104,private_banking
CUST-02105,Synthetic Customer 02105,business
CUST-02106,Synthetic Customer 02106,business
CUST-02107,Synthetic Customer 02107,private_banking
CUST-02108,Synthetic Customer 02108,private_banking
CUST-02109,Synthetic Customer 02109,business
CUST-02110,Synthetic Customer 02110,retail
CUST-02111,Synthetic Customer 02111,private_banking
CUST-02112,Synthetic Customer 02112,retail
CUST-02113,Synthetic Customer 02113,business
CUST-02114,Synthetic Customer 02114,retail
CUST-02115,Synthetic Customer 02115,retail
CUST-02116,Synthetic Customer 02116,business
CUST-02117,Synthetic Customer 02117,business
CUST-02118,Synthetic Customer 02118,private_banking
CUST-02119,Synthetic Customer 02119,business
CUST-02120,Synthetic Customer 02120,retail
CUST-02121,Synthetic Customer 02121,private_banking
CUST-02122,Synthetic Customer 02122,retail
CUST-02123,Synthetic Customer 02123,retail
CUST-02124,Synthetic Customer 02124,business
CUST-02125,Synthetic Customer 02125,private_banking
CUST-02126,Synthetic Customer 02126,business
CUST-02127,Synthetic Customer 02127,business
CUST-02128,Synthetic Customer 02128,business
CUST-02129,Synthetic Customer 02129,business
CUST-02130,Synthetic Customer 02130,business
CUST-02131,Synthetic Customer 02131,business
CUST-02132,Synthetic Customer 02132,retail
CUST-02133,Synthetic Customer 02133,business
CUST-02134,Synthetic Customer 02134,private_banking
CUST-02135,Synthetic Customer 02135,retail
CUST-02136,Synthetic Customer 02136,business
CUST-02137,Synthetic Customer 02137,business
CUST-02138,Synthetic Customer 02138,private_banking
CUST-02139,Synthetic Customer 02139,retail
CUST-02140,Synthetic Customer 02140,business
CUST-02141,Synthetic Customer 02141,private_banking
CUST-02142,Synthetic Customer 02142,business
CUST-02143,Synthetic Customer 02143,private_banking
CUST-02144,Synthetic Customer 02144,retail
CUST-02145,Synthetic Customer 02145,business
CUST-02146,Synthetic Customer 02146,private_banking
CUST-02147,Synthetic Customer 02147,private_banking
CUST-02148,Synthetic Customer 02148,private_banking
CUST-02149,Synthetic Customer 02149,private_banking
CUST-02150,Synthetic Customer 02150,retail
CUST-02151,Synthetic Customer 02151,retail
CUST-02152,Synthetic Customer 02152,private_banking
CUST-02153,Synthetic Customer 02153,retail
CUST-02154,Synthetic Customer 02154,retail
CUST-02155,Synthetic Customer 02155,business
CUST-02156,Synthetic Customer 02156,private_banking
CUST-02157,Synthetic Customer 02157,business
CUST-02158,Synthetic Customer 02158,retail
CUST-02159,Synthetic Customer 02159,business
CUST-02160,Synthetic Customer 02160,business
CUST-02161,Synthetic Customer 02161,retail
CUST-02162,Synthetic Customer 02162,business
CUST-02163,Synthetic Customer 02163,business
CUST-02164,Synthetic Customer 02164,private_banking
CUST-02165,Synthetic Customer 02165,private_banking
CUST-02166,Synthetic Customer 02166,business
CUST-02167,Synthetic Customer 02167,private_banking
CUST-02168,Synthetic Customer 02168,business
CUST-02169,Synthetic Customer 02169,retail
CUST-02170,Synthetic Customer 02170,private_banking
CUST-02171,Synthetic Customer 02171,business
CUST-02172,Synthetic Customer 02172,business
CUST-02173,Synthetic Customer 02173,private_banking
CUST-02174,Synthetic Customer 02174,retail
CUST-02175,Synthetic Customer 02175,private_banking
CUST-02176,Synthetic Customer 02176,business
CUST-02177,Synthetic Customer 02177,retail
CUST-02178,Synthetic Customer 02178,private_banking
CUST-02179,Synthetic Customer 02179,business
CUST-02180,Synthetic Customer 02180,business
CUST-02181,Synthetic Customer 02181,retail
CUST-02182,Synthetic Customer 02182,retail
CUST-02183,Synthetic Customer 02183,retail
CUST-02184,Synthetic Customer 02184,retail
CUST-02185,Synthetic Customer 02185,business
CUST-02186,Synthetic Customer 02186,private_banking
CUST-02187,Synthetic Customer 02187,business
CUST-02188,Synthetic Customer 02188,private_banking
CUST-02189,Synthetic Customer 02189,retail
CUST-02190,Synthetic Customer 02190,private_banking
CUST-02191,Synthetic Customer 02191,business
CUST-02192,Synthetic Customer 02192,retail
CUST-02193,Synthetic Customer 02193,business
CUST-02194,Synthetic Customer 02194,business
CUST-02195,Synthetic Customer 02195,private_banking
CUST-02196,Synthetic Customer 02196,retail
CUST-02197,Synthetic Customer 02197,private_banking
CUST-02198,Synthetic Customer 02198,business
CUST-02199,Synthetic Customer 02199,business
CUST-02200,Synthetic Customer 02200,private_banking
CUST-02201,Synthetic Customer 02201,private_banking
CUST-02202,Synthetic Customer 02202,retail
CUST-02203,Synthetic Customer 02203,private_banking
CUST-02204,Synthetic Customer 02204,private_banking
CUST-02205,Synthetic Customer 02205,business
CUST-02206,Synthetic Customer 02206,retail
CUST-02207,Synthetic Customer 02207,business
CUST-02208,Synthetic Customer 02208,private_banking
CUST-02209,Synthetic Customer 02209,private_banking
CUST-02210,Synthetic Customer 02210,retail
CUST-02211,Synthetic Customer 02211,private_banking
CUST-02212,Synthetic Customer 02212,private_banking
CUST-02213,Synthetic Customer 02213,business
CUST-02214,Synthetic Customer 02214,retail
CUST-02215,Synthetic Customer 02215,private_banking
CUST-02216,Synthetic Customer 02216,business
CUST-02217,Synthetic Customer 02217,business
CUST-02218,Synthetic Customer 02218,private_banking
CUST-02219,Synthetic Customer 02219,private_banking
CUST-02220,Synthetic Customer 02220,business
CUST-02221,Synthetic Customer 02221,retail
CUST-02222,Synthetic Customer 02222,business
CUST-02223,Synthetic Customer 02223,business
CUST-02224,Synthetic Customer 02224,retail
CUST-02225,Synthetic Customer 02225,private_banking
CUST-02226,Synthetic Customer 02226,business
CUST-02227,Synthetic Customer 02227,private_banking
CUST-02228,Synthetic Customer 02228,business
CUST-02229,Synthetic Customer 02229,retail
CUST-02230,Synthetic Customer 02230,retail
CUST-02231,Synthetic Customer 02231,retail
CUST-02232,Synthetic Customer 02232,retail
CUST-02233,Synthetic Customer 02233,business
CUST-02234,Synthetic Customer 02234,business
CUST-02235,Synthetic Customer 02235,business
CUST-02236,Synthetic Customer 02236,private_banking
CUST-02237,Synthetic Customer 02237,retail
CUST-02238,Synthetic Customer 02238,retail
CUST-02239,Synthetic Customer 02239,private_banking
CUST-02240,Synthetic Customer 02240,retail
CUST-02241,Synthetic Customer 02241,private_banking
CUST-02242,Synthetic Customer 02242,retail
CUST-02243,Synthetic Customer 02243,retail
CUST-02244,Synthetic Customer 02244,private_banking
CUST-02245,Synthetic Customer 02245,retail
CUST-02246,Synthetic Customer 02246,retail
CUST-02247,Synthetic Customer 02247,private_banking
CUST-02248,Synthetic Customer 02248,retail
CUST-02249,Synthetic Customer 02249,business
CUST-02250,Synthetic Customer 02250,retail
CUST-02251,Synthetic Customer 02251,business
CUST-02252,Synthetic Customer 02252,private_banking
CUST-02253,Synthetic Customer 02253,private_banking
CUST-02254,Synthetic Customer 02254,private_banking
CUST-02255,Synthetic Customer 02255,private_banking
CUST-02256,Synthetic Customer 02256,private_banking
CUST-02257,Synthetic Customer 02257,business
CUST-02258,Synthetic Customer 02258,retail
CUST-02259,Synthetic Customer 02259,private_banking
CUST-02260,Synthetic Customer 02260,business
CUST-02261,Synthetic Customer 02261,business
CUST-02262,Synthetic Customer 02262,retail
CUST-02263,Synthetic Customer 02263,retail
CUST-02264,Synthetic Customer 02264,business
CUST-02265,Synthetic Customer 02265,retail
CUST-02266,Synthetic Customer 02266,business
CUST-02267,Synthetic Customer 02267,retail
CUST-02268,Synthetic Customer 02268,retail
CUST-02269,Synthetic Customer 02269,business
CUST-02270,Synthetic Customer 02270,private_banking
CUST-02271,Synthetic Customer 02271,retail
CUST-02272,Synthetic Customer 02272,private_banking
CUST-02273,Synthetic Customer 02273,private_banking
CUST-02274,Synthetic Customer 02274,retail
CUST-02275,Synthetic Customer 02275,retail
CUST-02276,Synthetic Customer 02276,retail
CUST-02277,Synthetic Customer 02277,retail
CUST-02278,Synthetic Customer 02278,private_banking
CUST-02279,Synthetic Customer 02279,private_banking
CUST-02280,Synthetic Customer 02280,retail
CUST-02281,Synthetic Customer 02281,private_banking
CUST-02282,Synthetic Customer 02282,private_banking
CUST-02283,Synthetic Customer 02283,business
CUST-02284,Synthetic Customer 02284,business
CUST-02285,Synthetic Customer 02285,private_banking
CUST-02286,Synthetic Customer 02286,business
CUST-02287,Synthetic Customer 02287,private_banking
CUST-02288,Synthetic Customer 02288,private_banking
CUST-02289,Synthetic Customer 02289,business
CUST-02290,Synthetic Customer 02290,retail
CUST-02291,Synthetic Customer 02291,retail
CUST-02292,Synthetic Customer 02292,private_banking
CUST-02293,Synthetic Customer 02293,retail
CUST-02294,Synthetic Customer 02294,retail
CUST-02295,Synthetic Customer 02295,retail
CUST-02296,Synthetic Customer 02296,business
CUST-02297,Synthetic Customer 02297,private_banking
CUST-02298,Synthetic Customer 02298,retail
CUST-02299,Synthetic Customer 02299,retail
CUST-02300,Synthetic Customer 02300,private_banking
CUST-02301,Synthetic Customer 02301,private_banking
CUST-02302,Synthetic Customer 02302,private_banking
CUST-02303,Synthetic Customer 02303,private_banking
CUST-02304,Synthetic Customer 02304,private_banking
CUST-02305,Synthetic Customer 02305,business
CUST-02306,Synthetic Customer 02306,retail
CUST-02307,Synthetic Customer 02307,retail
CUST-02308,Synthetic Customer 02308,private_banking
CUST-02309,Synthetic Customer 02309,business
CUST-02310,Synthetic Customer 02310,business
CUST-02311,Synthetic Customer 02311,business
CUST-02312,Synthetic Customer 02312,business
CUST-02313,Synthetic Customer 02313,private_banking
CUST-02314,Synthetic Customer 02314,private_banking
CUST-02315,Synthetic Customer 02315,business
CUST-02316,Synthetic Customer 02316,retail
CUST-02317,Synthetic Customer 02317,private_banking
CUST-02318,Synthetic Customer 02318,business
CUST-02319,Synthetic Customer 02319,retail
CUST-02320,Synthetic Customer 02320,business
CUST-02321,Synthetic Customer 02321,business
CUST-02322,Synthetic Customer 02322,private_banking
CUST-02323,Synthetic Customer 02323,retail
CUST-02324,Synthetic Customer 02324,business
CUST-02325,Synthetic Customer 02325,private_banking
CUST-02326,Synthetic Customer 02326,business
CUST-02327,Synthetic Customer 02327,business
CUST-02328,Synthetic Customer 02328,private_banking
CUST-02329,Synthetic Customer 02329,private_banking
CUST-02330,Synthetic Customer 02330,private_banking
CUST-02331,Synthetic Customer 02331,private_banking
CUST-02332,Synthetic Customer 02332,private_banking
CUST-02333,Synthetic Customer 02333,private_banking
CUST-02334,Synthetic Customer 02334,private_banking
CUST-02335,Synthetic Customer 02335,retail
CUST-02336,Synthetic Customer 02336,private_banking
CUST-02337,Synthetic Customer 02337,retail
CUST-02338,Synthetic Customer 02338,business
CUST-02339,Synthetic Customer 02339,business
CUST-02340,Synthetic Customer 02340,retail
CUST-02341,Synthetic Customer 02341,retail
CUST-02342,Synthetic Customer 02342,business
CUST-02343,Synthetic Customer 02343,private_banking
CUST-02344,Synthetic Customer 02344,retail
CUST-02345,Synthetic Customer 02345,business
CUST-02346,Synthetic Customer 02346,business
CUST-02347,Synthetic Customer 02347,retail
CUST-02348,Synthetic Customer 02348,business
CUST-02349,Synthetic Customer 02349,private_banking
CUST-02350,Synthetic Customer 02350,retail
CUST-02351,Synthetic Customer 02351,retail
CUST-02352,Synthetic Customer 02352,retail
CUST-02353,Synthetic Customer 02353,business
CUST-02354,Synthetic Customer 02354,business
CUST-02355,Synthetic Customer 02355,private_banking
CUST-02356,Synthetic Customer 02356,business
CUST-02357,Synthetic Customer 02357,private_banking
CUST-02358,Synthetic Customer 02358,private_banking
CUST-02359,Synthetic Customer 02359,business
CUST-02360,Synthetic Customer 02360,business
CUST-02361,Synthetic Customer 02361,retail
CUST-02362,Synthetic Customer 02362,private_banking
CUST-02363,Synthetic Customer 02363,business
CUST-02364,Synthetic Customer 02364,business
CUST-02365,Synthetic Customer 02365,business
CUST-02366,Synthetic Customer 02366,private_banking
CUST-02367,Synthetic Customer 02367,business
CUST-02368,Synthetic Customer 02368,business
CUST-02369,Synthetic Customer 02369,business
CUST-02370,Synthetic Customer 02370,retail
CUST-02371,Synthetic Customer 02371,private_banking
CUST-02372,Synthetic Customer 02372,business
CUST-02373,Synthetic Customer 02373,private_banking
CUST-02374,Synthetic Customer 02374,retail
CUST-02375,Synthetic Customer 02375,private_banking
CUST-02376,Synthetic Customer 02376,private_banking
CUST-02377,Synthetic Customer 02377,retail
CUST-02378,Synthetic Customer 02378,private_banking
CUST-02379,Synthetic Customer 02379,business
CUST-02380,Synthetic Customer 02380,private_banking
CUST-02381,Synthetic Customer 02381,business
CUST-02382,Synthetic Customer 02382,private_banking
CUST-02383,Synthetic Customer 02383,retail
CUST-02384,Synthetic Customer 02384,private_banking
CUST-02385,Synthetic Customer 02385,private_banking
CUST-02386,Synthetic Customer 02386,retail
CUST-02387,Synthetic Customer 02387,private_banking
CUST-02388,Synthetic Customer 02388,private_banking
CUST-02389,Synthetic Customer 02389,private_banking
CUST-02390,Synthetic Customer 02390,business
CUST-02391,Synthetic Customer 02391,business
CUST-02392,Synthetic Customer 02392,private_banking
CUST-02393,Synthetic Customer 02393,retail
CUST-02394,Synthetic Customer 02394,private_banking
CUST-02395,Synthetic Customer 02395,retail
CUST-02396,Synthetic Customer 02396,private_banking
CUST-02397,Synthetic Customer 02397,retail
CUST-02398,Synthetic Customer 02398,business
CUST-02399,Synthetic Customer 02399,retail
CUST-02400,Synthetic Customer 02400,retail
CUST-02401,Synthetic Customer 02401,retail
CUST-02402,Synthetic Customer 02402,retail
CUST-02403,Synthetic Customer 02403,business
CUST-02404,Synthetic Customer 02404,business
CUST-02405,Synthetic Customer 02405,retail
CUST-02406,Synthetic Customer 02406,business
CUST-02407,Synthetic Customer 02407,private_banking
CUST-02408,Synthetic Customer 02408,private_banking
CUST-02409,Synthetic Customer 02409,retail
CUST-02410,Synthetic Customer 02410,private_banking
CUST-02411,Synthetic Customer 02411,retail
CUST-02412,Synthetic Customer 02412,business
CUST-02413,Synthetic Customer 02413,business
CUST-02414,Synthetic Customer 02414,retail
CUST-02415,Synthetic Customer 02415,private_banking
CUST-02416,Synthetic Customer 02416,private_banking
CUST-02417,Synthetic Customer 02417,retail
CUST-02418,Synthetic Customer 02418,private_banking
CUST-02419,Synthetic Customer 02419,private_banking
CUST-02420,Synthetic Customer 02420,business
CUST-02421,Synthetic Customer 02421,private_banking
CUST-02422,Synthetic Customer 02422,retail
CUST-02423,Synthetic Customer 02423,business
CUST-02424,Synthetic Customer 02424,business
CUST-02425,Synthetic Customer 02425,business
CUST-02426,Synthetic Customer 02426,retail
CUST-02427,Synthetic Customer 02427,private_banking
CUST-02428,Synthetic Customer 02428,business
CUST-02429,Synthetic Customer 02429,retail
CUST-02430,Synthetic Customer 02430,private_banking
CUST-02431,Synthetic Customer 02431,private_banking
CUST-02432,Synthetic Customer 02432,business
CUST-02433,Synthetic Customer 02433,private_banking
CUST-02434,Synthetic Customer 02434,private_banking
CUST-02435,Synthetic Customer 02435,business
CUST-02436,Synthetic Customer 02436,business
CUST-02437,Synthetic Customer 02437,business
CUST-02438,Synthetic Customer 02438,business
CUST-02439,Synthetic Customer 02439,business
CUST-02440,Synthetic Customer 02440,business
CUST-02441,Synthetic Customer 02441,business
CUST-02442,Synthetic Customer 02442,private_banking
CUST-02443,Synthetic Customer 02443,retail
CUST-02444,Synthetic Customer 02444,business
CUST-02445,Synthetic Customer 02445,retail
CUST-02446,Synthetic Customer 02446,retail
CUST-02447,Synthetic Customer 02447,private_banking
CUST-02448,Synthetic Customer 02448,business
CUST-02449,Synthetic Customer 02449,business
CUST-02450,Synthetic Customer 02450,retail
CUST-02451,Synthetic Customer 02451,business
CUST-02452,Synthetic Customer 02452,retail
CUST-02453,Synthetic Customer 02453,private_banking
CUST-02454,Synthetic Customer 02454,retail
CUST-02455,Synthetic Customer 02455,business
CUST-02456,Synthetic Customer 02456,business
CUST-02457,Synthetic Customer 02457,retail
CUST-02458,Synthetic Customer 02458,business
CUST-02459,Synthetic Customer 02459,private_banking
CUST-02460,Synthetic Customer 02460,business
CUST-02461,Synthetic Customer 02461,business
CUST-02462,Synthetic Customer 02462,private_banking
CUST-02463,Synthetic Customer 02463,business
CUST-02464,Synthetic Customer 02464,retail
CUST-02465,Synthetic Customer 02465,retail
CUST-02466,Synthetic Customer 02466,business
CUST-02467,Synthetic Customer 02467,retail
CUST-02468,Synthetic Customer 02468,business
CUST-02469,Synthetic Customer 02469,private_banking
CUST-02470,Synthetic Customer 02470,retail
CUST-02471,Synthetic Customer 02471,retail
CUST-02472,Synthetic Customer 02472,retail
CUST-02473,Synthetic Customer 02473,private_banking
CUST-02474,Synthetic Customer 02474,business
CUST-02475,Synthetic Customer 02475,private_banking
CUST-02476,Synthetic Customer 02476,retail
CUST-02477,Synthetic Customer 02477,private_banking
CUST-02478,Synthetic Customer 02478,business
CUST-02479,Synthetic Customer 02479,retail
CUST-02480,Synthetic Customer 02480,business
CUST-02481,Synthetic Customer 02481,retail
CUST-02482,Synthetic Customer 02482,private_banking
CUST-02483,Synthetic Customer 02483,business
CUST-02484,Synthetic Customer 02484,private_banking
CUST-02485,Synthetic Customer 02485,private_banking
CUST-02486,Synthetic Customer 02486,private_banking
CUST-02487,Synthetic Customer 02487,retail
CUST-02488,Synthetic Customer 02488,retail
CUST-02489,Synthetic Customer 02489,business
CUST-02490,Synthetic Customer 02490,business
CUST-02491,Synthetic Customer 02491,retail
CUST-02492,Synthetic Customer 02492,retail
CUST-02493,Synthetic Customer 02493,business
CUST-02494,Synthetic Customer 02494,retail
CUST-02495,Synthetic Customer 02495,business
CUST-02496,Synthetic Customer 02496,retail
CUST-02497,Synthetic Customer 02497,private_banking
CUST-02498,Synthetic Customer 02498,business
CUST-02499,Synthetic Customer 02499,retail
CUST-02500,Synthetic Customer 02500,retail
CUST-02501,Synthetic Customer 02501,private_banking
CUST-02502,Synthetic Customer 02502,private_banking
CUST-02503,Synthetic Customer 02503,private_banking
CUST-02504,Synthetic Customer 02504,business
CUST-02505,Synthetic Customer 02505,retail
CUST-02506,Synthetic Customer 02506,private_banking
CUST-02507,Synthetic Customer 02507,retail
CUST-02508,Synthetic Customer 02508,private_banking
CUST-02509,Synthetic Customer 02509,business
CUST-02510,Synthetic Customer 02510,business
CUST-02511,Synthetic Customer 02511,business
CUST-02512,Synthetic Customer 02512,retail
CUST-02513,Synthetic Customer 02513,private_banking
CUST-02514,Synthetic Customer 02514,retail
CUST-02515,Synthetic Customer 02515,retail
CUST-02516,Synthetic Customer 02516,business
CUST-02517,Synthetic Customer 02517,private_banking
CUST-02518,Synthetic Customer 02518,private_banking
CUST-02519,Synthetic Customer 02519,business
CUST-02520,Synthetic Customer 02520,retail
CUST-02521,Synthetic Customer 02521,private_banking
CUST-02522,Synthetic Customer 02522,private_banking
CUST-02523,Synthetic Customer 02523,private_banking
CUST-02524,Synthetic Customer 02524,business
CUST-02525,Synthetic Customer 02525,private_banking
CUST-02526,Synthetic Customer 02526,business
CUST-02527,Synthetic Customer 02527,business
CUST-02528,Synthetic Customer 02528,business
CUST-02529,Synthetic Customer 02529,business
CUST-02530,Synthetic Customer 02530,retail
CUST-02531,Synthetic Customer 02531,business
CUST-02532,Synthetic Customer 02532,private_banking
CUST-02533,Synthetic Customer 02533,private_banking
CUST-02534,Synthetic Customer 02534,retail
CUST-02535,Synthetic Customer 02535,business
CUST-02536,Synthetic Customer 02536,private_banking
CUST-02537,Synthetic Customer 02537,retail
CUST-02538,Synthetic Customer 02538,business
CUST-02539,Synthetic Customer 02539,private_banking
CUST-02540,Synthetic Customer 02540,business
CUST-02541,Synthetic Customer 02541,business
CUST-02542,Synthetic Customer 02542,private_banking
CUST-02543,Synthetic Customer 02543,retail
CUST-02544,Synthetic Customer 02544,private_banking
CUST-02545,Synthetic Customer 02545,business
CUST-02546,Synthetic Customer 02546,business
CUST-02547,Synthetic Customer 02547,private_banking
CUST-02548,Synthetic Customer 02548,retail
CUST-02549,Synthetic Customer 02549,retail
CUST-02550,Synthetic Customer 02550,private_banking
CUST-02551,Synthetic Customer 02551,private_banking
CUST-02552,Synthetic Customer 02552,retail
CUST-02553,Synthetic Customer 02553,business
CUST-02554,Synthetic Customer 02554,retail
CUST-02555,Synthetic Customer 02555,private_banking
CUST-02556,Synthetic Customer 02556,private_banking
CUST-02557,Synthetic Customer 02557,private_banking
CUST-02558,Synthetic Customer 02558,retail
CUST-02559,Synthetic Customer 02559,private_banking
CUST-02560,Synthetic Customer 02560,retail
CUST-02561,Synthetic Customer 02561,business
CUST-02562,Synthetic Customer 02562,retail
CUST-02563,Synthetic Customer 02563,business
CUST-02564,Synthetic Customer 02564,business
CUST-02565,Synthetic Customer 02565,private_banking
CUST-02566,Synthetic Customer 02566,business
CUST-02567,Synthetic Customer 02567,retail
CUST-02568,Synthetic Customer 02568,private_banking
CUST-02569,Synthetic Customer 02569,private_banking
CUST-02570,Synthetic Customer 02570,private_banking
CUST-02571,Synthetic Customer 02571,retail
CUST-02572,Synthetic Customer 02572,retail
CUST-02573,Synthetic Customer 02573,business
CUST-02574,Synthetic Customer 02574,retail
CUST-02575,Synthetic Customer 02575,business
CUST-02576,Synthetic Customer 02576,business
CUST-02577,Synthetic Customer 02577,retail
CUST-02578,Synthetic Customer 02578,retail
CUST-02579,Synthetic Customer 02579,business
CUST-02580,Synthetic Customer 02580,business
CUST-02581,Synthetic Customer 02581,business
CUST-02582,Synthetic Customer 02582,business
CUST-02583,Synthetic Customer 02583,retail
CUST-02584,Synthetic Customer 02584,business
CUST-02585,Synthetic Customer 02585,business
CUST-02586,Synthetic Customer 02586,retail
CUST-02587,Synthetic Customer 02587,private_banking
CUST-02588,Synthetic Customer 02588,private_banking
CUST-02589,Synthetic Customer 02589,retail
CUST-02590,Synthetic Customer 02590,retail
CUST-02591,Synthetic Customer 02591,retail
CUST-02592,Synthetic Customer 02592,retail
CUST-02593,Synthetic Customer 02593,business
CUST-02594,Synthetic Customer 02594,private_banking
CUST-02595,Synthetic Customer 02595,retail
CUST-02596,Synthetic Customer 02596,retail
CUST-02597,Synthetic Customer 02597,business
CUST-02598,Synthetic Customer 02598,business
CUST-02599,Synthetic Customer 02599,business
CUST-02600,Synthetic Customer 02600,private_banking
CUST-02601,Synthetic Customer 02601,business
CUST-02602,Synthetic Customer 02602,business
CUST-02603,Synthetic Customer 02603,private_banking
CUST-02604,Synthetic Customer 02604,retail
CUST-02605,Synthetic Customer 02605,business
CUST-02606,Synthetic Customer 02606,business
CUST-02607,Synthetic Customer 02607,business
CUST-02608,Synthetic Customer 02608,business
CUST-02609,Synthetic Customer 02609,business
CUST-02610,Synthetic Customer 02610,retail
CUST-02611,Synthetic Customer 02611,business
CUST-02612,Synthetic Customer 02612,business
CUST-02613,Synthetic Customer 02613,private_banking
CUST-02614,Synthetic Customer 02614,retail
CUST-02615,Synthetic Customer 02615,business
CUST-02616,Synthetic Customer 02616,business
CUST-02617,Synthetic Customer 02617,business
CUST-02618,Synthetic Customer 02618,business
CUST-02619,Synthetic Customer 02619,private_banking
CUST-02620,Synthetic Customer 02620,business
CUST-02621,Synthetic Customer 02621,retail
CUST-02622,Synthetic Customer 02622,business
CUST-02623,Synthetic Customer 02623,business
CUST-02624,Synthetic Customer 02624,business
CUST-02625,Synthetic Customer 02625,business
CUST-02626,Synthetic Customer 02626,retail
CUST-02627,Synthetic Customer 02627,private_banking
CUST-02628,Synthetic Customer 02628,business
CUST-02629,Synthetic Customer 02629,business
CUST-02630,Synthetic Customer 02630,retail
CUST-02631,Synthetic Customer 02631,retail
CUST-02632,Synthetic Customer 02632,private_banking
CUST-02633,Synthetic Customer 02633,retail
CUST-02634,Synthetic Customer 02634,retail
CUST-02635,Synthetic Customer 02635,private_banking
CUST-02636,Synthetic Customer 02636,retail
CUST-02637,Synthetic Customer 02637,retail
CUST-02638,Synthetic Customer 02638,business
CUST-02639,Synthetic Customer 02639,private_banking
CUST-02640,Synthetic Customer 02640,business
CUST-02641,Synthetic Customer 02641,business
CUST-02642,Synthetic Customer 02642,retail
CUST-02643,Synthetic Customer 02643,private_banking
CUST-02644,Synthetic Customer 02644,retail
CUST-02645,Synthetic Customer 02645,business
CUST-02646,Synthetic Customer 02646,private_banking
CUST-02647,Synthetic Customer 02647,business
CUST-02648,Synthetic Customer 02648,business
CUST-02649,Synthetic Customer 02649,retail
CUST-02650,Synthetic Customer 02650,private_banking
CUST-02651,Synthetic Customer 02651,retail
CUST-02652,Synthetic Customer 02652,business
CUST-02653,Synthetic Customer 02653,retail
CUST-02654,Synthetic Customer 02654,private_banking
CUST-02655,Synthetic Customer 02655,business
CUST-02656,Synthetic Customer 02656,private_banking
CUST-02657,Synthetic Customer 02657,business
CUST-02658,Synthetic Customer 02658,private_banking
CUST-02659,Synthetic Customer 02659,private_banking
CUST-02660,Synthetic Customer 02660,business
CUST-02661,Synthetic Customer 02661,private_banking
CUST-02662,Synthetic Customer 02662,private_banking
CUST-02663,Synthetic Customer 02663,business
CUST-02664,Synthetic Customer 02664,business
CUST-02665,Synthetic Customer 02665,private_banking
CUST-02666,Synthetic Customer 02666,retail
CUST-02667,Synthetic Customer 02667,business
CUST-02668,Synthetic Customer 02668,business
CUST-02669,Synthetic Customer 02669,business
CUST-02670,Synthetic Customer 02670,private_banking
CUST-02671,Synthetic Customer 02671,business
CUST-02672,Synthetic Customer 02672,private_banking
CUST-02673,Synthetic Customer 02673,business
CUST-02674,Synthetic Customer 02674,retail
CUST-02675,Synthetic Customer 02675,retail
CUST-02676,Synthetic Customer 02676,private_banking
CUST-02677,Synthetic Customer 02677,business
CUST-02678,Synthetic Customer 02678,business
CUST-02679,Synthetic Customer 02679,business
CUST-02680,Synthetic Customer 02680,business
CUST-02681,Synthetic Customer 02681,retail
CUST-02682,Synthetic Customer 02682,retail
CUST-02683,Synthetic Customer 02683,private_banking
CUST-02684,Synthetic Customer 02684,private_banking
CUST-02685,Synthetic Customer 02685,business
CUST-02686,Synthetic Customer 02686,private_banking
CUST-02687,Synthetic Customer 02687,retail
CUST-02688,Synthetic Customer 02688,business
CUST-02689,Synthetic Customer 02689,retail
CUST-02690,Synthetic Customer 02690,private_banking
CUST-02691,Synthetic Customer 02691,retail
CUST-02692,Synthetic Customer 02692,private_banking
CUST-02693,Synthetic Customer 02693,retail
CUST-02694,Synthetic Customer 02694,business
CUST-02695,Synthetic Customer 02695,business
CUST-02696,Synthetic Customer 02696,retail
CUST-02697,Synthetic Customer 02697,business
CUST-02698,Synthetic Customer 02698,private_banking
CUST-02699,Synthetic Customer 02699,private_banking
CUST-02700,Synthetic Customer 02700,retail
CUST-02701,Synthetic Customer 02701,business
CUST-02702,Synthetic Customer 02702,business
CUST-02703,Synthetic Customer 02703,business
CUST-02704,Synthetic Customer 02704,retail
CUST-02705,Synthetic Customer 02705,private_banking
CUST-02706,Synthetic Customer 02706,retail
CUST-02707,Synthetic Customer 02707,private_banking
CUST-02708,Synthetic Customer 02708,retail
CUST-02709,Synthetic Customer 02709,private_banking
CUST-02710,Synthetic Customer 02710,private_banking
CUST-02711,Synthetic Customer 02711,retail
CUST-02712,Synthetic Customer 02712,retail
CUST-02713,Synthetic Customer 02713,retail
CUST-02714,Synthetic Customer 02714,private_banking
CUST-02715,Synthetic Customer 02715,business
CUST-02716,Synthetic Customer 02716,business
CUST-02717,Synthetic Customer 02717,retail
CUST-02718,Synthetic Customer 02718,private_banking
CUST-02719,Synthetic Customer 02719,private_banking
CUST-02720,Synthetic Customer 02720,private_banking
CUST-02721,Synthetic Customer 02721,private_banking
CUST-02722,Synthetic Customer 02722,private_banking
CUST-02723,Synthetic Customer 02723,private_banking
CUST-02724,Synthetic Customer 02724,retail
CUST-02725,Synthetic Customer 02725,business
CUST-02726,Synthetic Customer 02726,retail
CUST-02727,Synthetic Customer 02727,private_banking
CUST-02728,Synthetic Customer 02728,business
CUST-02729,Synthetic Customer 02729,business
CUST-02730,Synthetic Customer 02730,private_banking
CUST-02731,Synthetic Customer 02731,retail
CUST-02732,Synthetic Customer 02732,business
CUST-02733,Synthetic Customer 02733,private_banking
CUST-02734,Synthetic Customer 02734,business
CUST-02735,Synthetic Customer 02735,retail
CUST-02736,Synthetic Customer 02736,private_banking
CUST-02737,Synthetic Customer 02737,business
CUST-02738,Synthetic Customer 02738,business
CUST-02739,Synthetic Customer 02739,business
CUST-02740,Synthetic Customer 02740,private_banking
CUST-02741,Synthetic Customer 02741,business
CUST-02742,Synthetic Customer 02742,retail
CUST-02743,Synthetic Customer 02743,business
CUST-02744,Synthetic Customer 02744,business
CUST-02745,Synthetic Customer 02745,retail
CUST-02746,Synthetic Customer 02746,private_banking
CUST-02747,Synthetic Customer 02747,private_banking
CUST-02748,Synthetic Customer 02748,business
CUST-02749,Synthetic Customer 02749,business
CUST-02750,Synthetic Customer 02750,retail
CUST-02751,Synthetic Customer 02751,retail
CUST-02752,Synthetic Customer 02752,business
CUST-02753,Synthetic Customer 02753,retail
CUST-02754,Synthetic Customer 02754,retail
CUST-02755,Synthetic Customer 02755,private_banking
CUST-02756,Synthetic Customer 02756,private_banking
CUST-02757,Synthetic Customer 02757,private_banking
CUST-02758,Synthetic Customer 02758,private_banking
CUST-02759,Synthetic Customer 02759,retail
CUST-02760,Synthetic Customer 02760,business
CUST-02761,Synthetic Customer 02761,retail
CUST-02762,Synthetic Customer 02762,private_banking
CUST-02763,Synthetic Customer 02763,private_banking
CUST-02764,Synthetic Customer 02764,retail
CUST-02765,Synthetic Customer 02765,business
CUST-02766,Synthetic Customer 02766,private_banking
CUST-02767,Synthetic Customer 02767,retail
CUST-02768,Synthetic Customer 02768,business
CUST-02769,Synthetic Customer 02769,private_banking
CUST-02770,Synthetic Customer 02770,private_banking
CUST-02771,Synthetic Customer 02771,private_banking
CUST-02772,Synthetic Customer 02772,retail
CUST-02773,Synthetic Customer 02773,private_banking
CUST-02774,Synthetic Customer 02774,business
CUST-02775,Synthetic Customer 02775,private_banking
CUST-02776,Synthetic Customer 02776,private_banking
CUST-02777,Synthetic Customer 02777,retail
CUST-02778,Synthetic Customer 02778,business
CUST-02779,Synthetic Customer 02779,retail
CUST-02780,Synthetic Customer 02780,business
CUST-02781,Synthetic Customer 02781,business
CUST-02782,Synthetic Customer 02782,retail
CUST-02783,Synthetic Customer 02783,business
CUST-02784,Synthetic Customer 02784,business
CUST-02785,Synthetic Customer 02785,private_banking
CUST-02786,Synthetic Customer 02786,retail
CUST-02787,Synthetic Customer 02787,business
CUST-02788,Synthetic Customer 02788,retail
CUST-02789,Synthetic Customer 02789,private_banking
CUST-02790,Synthetic Customer 02790,private_banking
CUST-02791,Synthetic Customer 02791,business
CUST-02792,Synthetic Customer 02792,retail
CUST-02793,Synthetic Customer 02793,retail
CUST-02794,Synthetic Customer 02794,private_banking
CUST-02795,Synthetic Customer 02795,private_banking
CUST-02796,Synthetic Customer 02796,business
CUST-02797,Synthetic Customer 02797,private_banking
CUST-02798,Synthetic Customer 02798,business
CUST-02799,Synthetic Customer 02799,private_banking
CUST-02800,Synthetic Customer 02800,business
CUST-02801,Synthetic Customer 02801,private_banking
CUST-02802,Synthetic Customer 02802,business
CUST-02803,Synthetic Customer 02803,business
CUST-02804,Synthetic Customer 02804,private_banking
CUST-02805,Synthetic Customer 02805,retail
CUST-02806,Synthetic Customer 02806,retail
CUST-02807,Synthetic Customer 02807,retail
CUST-02808,Synthetic Customer 02808,private_banking
CUST-02809,Synthetic Customer 02809,retail
CUST-02810,Synthetic Customer 02810,business
CUST-02811,Synthetic Customer 02811,retail
CUST-02812,Synthetic Customer 02812,business
CUST-02813,Synthetic Customer 02813,business
CUST-02814,Synthetic Customer 02814,retail
CUST-02815,Synthetic Customer 02815,business
CUST-02816,Synthetic Customer 02816,business
CUST-02817,Synthetic Customer 02817,private_banking
CUST-02818,Synthetic Customer 02818,private_banking
CUST-02819,Synthetic Customer 02819,retail
CUST-02820,Synthetic Customer 02820,business
CUST-02821,Synthetic Customer 02821,retail
CUST-02822,Synthetic Customer 02822,business
CUST-02823,Synthetic Customer 02823,business
CUST-02824,Synthetic Customer 02824,business
CUST-02825,Synthetic Customer 02825,business
CUST-02826,Synthetic Customer 02826,retail
CUST-02827,Synthetic Customer 02827,business
CUST-02828,Synthetic Customer 02828,retail
CUST-02829,Synthetic Customer 02829,retail
CUST-02830,Synthetic Customer 02830,business
CUST-02831,Synthetic Customer 02831,business
CUST-02832,Synthetic Customer 02832,business
CUST-02833,Synthetic Customer 02833,retail
CUST-02834,Synthetic Customer 02834,business
CUST-02835,Synthetic Customer 02835,retail
CUST-02836,Synthetic Customer 02836,business
CUST-02837,Synthetic Customer 02837,private_banking
CUST-02838,Synthetic Customer 02838,business
CUST-02839,Synthetic Customer 02839,business
CUST-02840,Synthetic Customer 02840,retail
CUST-02841,Synthetic Customer 02841,retail
CUST-02842,Synthetic Customer 02842,private_banking
CUST-02843,Synthetic Customer 02843,business
CUST-02844,Synthetic Customer 02844,retail
CUST-02845,Synthetic Customer 02845,business
CUST-02846,Synthetic Customer 02846,business
CUST-02847,Synthetic Customer 02847,business
CUST-02848,Synthetic Customer 02848,business
CUST-02849,Synthetic Customer 02849,retail
CUST-02850,Synthetic Customer 02850,business
CUST-02851,Synthetic Customer 02851,business
CUST-02852,Synthetic Customer 02852,private_banking
CUST-02853,Synthetic Customer 02853,retail
CUST-02854,Synthetic Customer 02854,private_banking
CUST-02855,Synthetic Customer 02855,private_banking
CUST-02856,Synthetic Customer 02856,business
CUST-02857,Synthetic Customer 02857,business
CUST-02858,Synthetic Customer 02858,business
CUST-02859,Synthetic Customer 02859,business
CUST-02860,Synthetic Customer 02860,business
CUST-02861,Synthetic Customer 02861,private_banking
CUST-02862,Synthetic Customer 02862,business
CUST-02863,Synthetic Customer 02863,private_banking
CUST-02864,Synthetic Customer 02864,private_banking
CUST-02865,Synthetic Customer 02865,private_banking
CUST-02866,Synthetic Customer 02866,business
CUST-02867,Synthetic Customer 02867,business
CUST-02868,Synthetic Customer 02868,retail
CUST-02869,Synthetic Customer 02869,business
CUST-02870,Synthetic Customer 02870,retail
CUST-02871,Synthetic Customer 02871,retail
CUST-02872,Synthetic Customer 02872,retail
CUST-02873,Synthetic Customer 02873,retail
CUST-02874,Synthetic Customer 02874,retail
CUST-02875,Synthetic Customer 02875,retail
CUST-02876,Synthetic Customer 02876,business
CUST-02877,Synthetic Customer 02877,private_banking
CUST-02878,Synthetic Customer 02878,business
CUST-02879,Synthetic Customer 02879,private_banking
CUST-02880,Synthetic Customer 02880,private_banking
CUST-02881,Synthetic Customer 02881,private_banking
CUST-02882,Synthetic Customer 02882,private_banking
CUST-02883,Synthetic Customer 02883,private_banking
CUST-02884,Synthetic Customer 02884,private_banking
CUST-02885,Synthetic Customer 02885,retail
CUST-02886,Synthetic Customer 02886,private_banking
CUST-02887,Synthetic Customer 02887,business
CUST-02888,Synthetic Customer 02888,private_banking
CUST-02889,Synthetic Customer 02889,retail
CUST-02890,Synthetic Customer 02890,retail
CUST-02891,Synthetic Customer 02891,retail
CUST-02892,Synthetic Customer 02892,private_banking
CUST-02893,Synthetic Customer 02893,retail
CUST-02894,Synthetic Customer 02894,private_banking
CUST-02895,Synthetic Customer 02895,private_banking
CUST-02896,Synthetic Customer 02896,private_banking
CUST-02897,Synthetic Customer 02897,business
CUST-02898,Synthetic Customer 02898,private_banking
CUST-02899,Synthetic Customer 02899,private_banking
CUST-02900,Synthetic Customer 02900,private_banking
CUST-02901,Synthetic Customer 02901,retail
CUST-02902,Synthetic Customer 02902,private_banking
CUST-02903,Synthetic Customer 02903,business
CUST-02904,Synthetic Customer 02904,business
CUST-02905,Synthetic Customer 02905,retail
CUST-02906,Synthetic Customer 02906,business
CUST-02907,Synthetic Customer 02907,retail
CUST-02908,Synthetic Customer 02908,private_banking
CUST-02909,Synthetic Customer 02909,private_banking
CUST-02910,Synthetic Customer 02910,retail
CUST-02911,Synthetic Customer 02911,business
CUST-02912,Synthetic Customer 02912,private_banking
CUST-02913,Synthetic Customer 02913,business
CUST-02914,Synthetic Customer 02914,business
CUST-02915,Synthetic Customer 02915,private_banking
CUST-02916,Synthetic Customer 02916,retail
CUST-02917,Synthetic Customer 02917,private_banking
CUST-02918,Synthetic Customer 02918,retail
CUST-02919,Synthetic Customer 02919,retail
CUST-02920,Synthetic Customer 02920,business
CUST-02921,Synthetic Customer 02921,private_banking
CUST-02922,Synthetic Customer 02922,business
CUST-02923,Synthetic Customer 02923,retail
CUST-02924,Synthetic Customer 02924,retail
CUST-02925,Synthetic Customer 02925,retail
CUST-02926,Synthetic Customer 02926,retail
CUST-02927,Synthetic Customer 02927,retail
CUST-02928,Synthetic Customer 02928,private_banking
CUST-02929,Synthetic Customer 02929,retail
CUST-02930,Synthetic Customer 02930,private_banking
CUST-02931,Synthetic Customer 02931,private_banking
CUST-02932,Synthetic Customer 02932,retail
CUST-02933,Synthetic Customer 02933,business
CUST-02934,Synthetic Customer 02934,business
CUST-02935,Synthetic Customer 02935,private_banking
CUST-02936,Synthetic Customer 02936,business
CUST-02937,Synthetic Customer 02937,business
CUST-02938,Synthetic Customer 02938,private_banking
CUST-02939,Synthetic Customer 02939,private_banking
CUST-02940,Synthetic Customer 02940,private_banking
CUST-02941,Synthetic Customer 02941,private_banking
CUST-02942,Synthetic Customer 02942,private_banking
CUST-02943,Synthetic Customer 02943,retail
CUST-02944,Synthetic Customer 02944,business
CUST-02945,Synthetic Customer 02945,business
CUST-02946,Synthetic Customer 02946,private_banking
CUST-02947,Synthetic Customer 02947,retail
CUST-02948,Synthetic Customer 02948,private_banking
CUST-02949,Synthetic Customer 02949,business
CUST-02950,Synthetic Customer 02950,retail
CUST-02951,Synthetic Customer 02951,retail
CUST-02952,Synthetic Customer 02952,retail
CUST-02953,Synthetic Customer 02953,business
CUST-02954,Synthetic Customer 02954,private_banking
CUST-02955,Synthetic Customer 02955,private_banking
CUST-02956,Synthetic Customer 02956,retail
CUST-02957,Synthetic Customer 02957,private_banking
CUST-02958,Synthetic Customer 02958,business
CUST-02959,Synthetic Customer 02959,business
CUST-02960,Synthetic Customer 02960,business
CUST-02961,Synthetic Customer 02961,retail
CUST-02962,Synthetic Customer 02962,business
CUST-02963,Synthetic Customer 02963,business
CUST-02964,Synthetic Customer 02964,private_banking
CUST-02965,Synthetic Customer 02965,retail
CUST-02966,Synthetic Customer 02966,private_banking
CUST-02967,Synthetic Customer 02967,private_banking
CUST-02968,Synthetic Customer 02968,private_banking
CUST-02969,Synthetic Customer 02969,business
CUST-02970,Synthetic Customer 02970,retail
CUST-02971,Synthetic Customer 02971,retail
CUST-02972,Synthetic Customer 02972,private_banking
CUST-02973,Synthetic Customer 02973,retail
CUST-02974,Synthetic Customer 02974,private_banking
CUST-02975,Synthetic Customer 02975,business
CUST-02976,Synthetic Customer 02976,private_banking
CUST-02977,Synthetic Customer 02977,private_banking
CUST-02978,Synthetic Customer 02978,business
CUST-02979,Synthetic Customer 02979,business
CUST-02980,Synthetic Customer 02980,retail
CUST-02981,Synthetic Customer 02981,private_banking
CUST-02982,Synthetic Customer 02982,retail
CUST-02983,Synthetic Customer 02983,business
CUST-02984,Synthetic Customer 02984,retail
CUST-02985,Synthetic Customer 02985,retail
CUST-02986,Synthetic Customer 02986,private_banking
CUST-02987,Synthetic Customer 02987,business
CUST-02988,Synthetic Customer 02988,business
CUST-02989,Synthetic Customer 02989,retail
CUST-02990,Synthetic Customer 02990,business
CUST-02991,Synthetic Customer 02991,private_banking
CUST-02992,Synthetic Customer 02992,retail
CUST-02993,Synthetic Customer 02993,business
CUST-02994,Synthetic Customer 02994,business
CUST-02995,Synthetic Customer 02995,business
CUST-02996,Synthetic Customer 02996,business
CUST-02997,Synthetic Customer 02997,business
CUST-02998,Synthetic Customer 02998,private_banking
CUST-02999,Synthetic Customer 02999,retail
CUST-03000,Synthetic Customer 03000,business
CUST-03001,Synthetic Customer 03001,private_banking
CUST-03002,Synthetic Customer 03002,private_banking
CUST-03003,Synthetic Customer 03003,business
CUST-03004,Synthetic Customer 03004,business
CUST-03005,Synthetic Customer 03005,private_banking
CUST-03006,Synthetic Customer 03006,private_banking
CUST-03007,Synthetic Customer 03007,retail
CUST-03008,Synthetic Customer 03008,business
CUST-03009,Synthetic Customer 03009,business
CUST-03010,Synthetic Customer 03010,retail
CUST-03011,Synthetic Customer 03011,private_banking
CUST-03012,Synthetic Customer 03012,private_banking
CUST-03013,Synthetic Customer 03013,retail
CUST-03014,Synthetic Customer 03014,retail
CUST-03015,Synthetic Customer 03015,private_banking
CUST-03016,Synthetic Customer 03016,retail
CUST-03017,Synthetic Customer 03017,business
CUST-03018,Synthetic Customer 03018,retail
CUST-03019,Synthetic Customer 03019,business
CUST-03020,Synthetic Customer 03020,private_banking
CUST-03021,Synthetic Customer 03021,private_banking
CUST-03022,Synthetic Customer 03022,retail
CUST-03023,Synthetic Customer 03023,private_banking
CUST-03024,Synthetic Customer 03024,business
CUST-03025,Synthetic Customer 03025,retail
CUST-03026,Synthetic Customer 03026,private_banking
CUST-03027,Synthetic Customer 03027,retail
CUST-03028,Synthetic Customer 03028,private_banking
CUST-03029,Synthetic Customer 03029,retail
CUST-03030,Synthetic Customer 03030,retail
CUST-03031,Synthetic Customer 03031,retail
CUST-03032,Synthetic Customer 03032,retail
CUST-03033,Synthetic Customer 03033,business
CUST-03034,Synthetic Customer 03034,private_banking
CUST-03035,Synthetic Customer 03035,retail
CUST-03036,Synthetic Customer 03036,business
CUST-03037,Synthetic Customer 03037,business
CUST-03038,Synthetic Customer 03038,private_banking
CUST-03039,Synthetic Customer 03039,retail
CUST-03040,Synthetic Customer 03040,retail
CUST-03041,Synthetic Customer 03041,retail
CUST-03042,Synthetic Customer 03042,private_banking
CUST-03043,Synthetic Customer 03043,business
CUST-03044,Synthetic Customer 03044,business
CUST-03045,Synthetic Customer 03045,retail
CUST-03046,Synthetic Customer 03046,private_banking
CUST-03047,Synthetic Customer 03047,private_banking
CUST-03048,Synthetic Customer 03048,business
CUST-03049,Synthetic Customer 03049,business
CUST-03050,Synthetic Customer 03050,business
CUST-03051,Synthetic Customer 03051,retail
CUST-03052,Synthetic Customer 03052,business
CUST-03053,Synthetic Customer 03053,private_banking
CUST-03054,Synthetic Customer 03054,business
CUST-03055,Synthetic Customer 03055,business
CUST-03056,Synthetic Customer 03056,retail
CUST-03057,Synthetic Customer 03057,private_banking
CUST-03058,Synthetic Customer 03058,private_banking
CUST-03059,Synthetic Customer 03059,retail
CUST-03060,Synthetic Customer 03060,retail
CUST-03061,Synthetic Customer 03061,retail
CUST-03062,Synthetic Customer 03062,private_banking
CUST-03063,Synthetic Customer 03063,business
CUST-03064,Synthetic Customer 03064,private_banking
CUST-03065,Synthetic Customer 03065,private_banking
CUST-03066,Synthetic Customer 03066,retail
CUST-03067,Synthetic Customer 03067,retail
CUST-03068,Synthetic Customer 03068,private_banking
CUST-03069,Synthetic Customer 03069,retail
CUST-03070,Synthetic Customer 03070,retail
CUST-03071,Synthetic Customer 03071,private_banking
CUST-03072,Synthetic Customer 03072,business
CUST-03073,Synthetic Customer 03073,retail
CUST-03074,Synthetic Customer 03074,private_banking
CUST-03075,Synthetic Customer 03075,private_banking
CUST-03076,Synthetic Customer 03076,business
CUST-03077,Synthetic Customer 03077,private_banking
CUST-03078,Synthetic Customer 03078,business
CUST-03079,Synthetic Customer 03079,private_banking
CUST-03080,Synthetic Customer 03080,business
CUST-03081,Synthetic Customer 03081,retail
CUST-03082,Synthetic Customer 03082,retail
CUST-03083,Synthetic Customer 03083,private_banking
CUST-03084,Synthetic Customer 03084,retail
CUST-03085,Synthetic Customer 03085,retail
CUST-03086,Synthetic Customer 03086,private_banking
CUST-03087,Synthetic Customer 03087,private_banking
CUST-03088,Synthetic Customer 03088,business
CUST-03089,Synthetic Customer 03089,private_banking
CUST-03090,Synthetic Customer 03090,private_banking
CUST-03091,Synthetic Customer 03091,private_banking
CUST-03092,Synthetic Customer 03092,business
CUST-03093,Synthetic Customer 03093,business
CUST-03094,Synthetic Customer 03094,business
CUST-03095,Synthetic Customer 03095,private_banking
CUST-03096,Synthetic Customer 03096,business
CUST-03097,Synthetic Customer 03097,business
CUST-03098,Synthetic Customer 03098,private_banking
CUST-03099,Synthetic Customer 03099,private_banking
CUST-03100,Synthetic Customer 03100,business
CUST-03101,Synthetic Customer 03101,retail
CUST-03102,Synthetic Customer 03102,private_banking
CUST-03103,Synthetic Customer 03103,private_banking
CUST-03104,Synthetic Customer 03104,retail
CUST-03105,Synthetic Customer 03105,retail
CUST-03106,Synthetic Customer 03106,business
CUST-03107,Synthetic Customer 03107,private_banking
CUST-03108,Synthetic Customer 03108,private_banking
CUST-03109,Synthetic Customer 03109,private_banking
CUST-03110,Synthetic Customer 03110,retail
CUST-03111,Synthetic Customer 03111,business
CUST-03112,Synthetic Customer 03112,retail
CUST-03113,Synthetic Customer 03113,business
CUST-03114,Synthetic Customer 03114,retail
CUST-03115,Synthetic Customer 03115,private_banking
CUST-03116,Synthetic Customer 03116,private_banking
CUST-03117,Synthetic Customer 03117,retail
CUST-03118,Synthetic Customer 03118,business
CUST-03119,Synthetic Customer 03119,retail
CUST-03120,Synthetic Customer 03120,business
CUST-03121,Synthetic Customer 03121,retail
CUST-03122,Synthetic Customer 03122,private_banking
CUST-03123,Synthetic Customer 03123,business
CUST-03124,Synthetic Customer 03124,business
CUST-03125,Synthetic Customer 03125,retail
CUST-03126,Synthetic Customer 03126,retail
CUST-03127,Synthetic Customer 03127,private_banking
CUST-03128,Synthetic Customer 03128,retail
CUST-03129,Synthetic Customer 03129,retail
CUST-03130,Synthetic Customer 03130,retail
CUST-03131,Synthetic Customer 03131,business
CUST-03132,Synthetic Customer 03132,business
CUST-03133,Synthetic Customer 03133,private_banking
CUST-03134,Synthetic Customer 03134,business
CUST-03135,Synthetic Customer 03135,business
CUST-03136,Synthetic Customer 03136,business
CUST-03137,Synthetic Customer 03137,retail
CUST-03138,Synthetic Customer 03138,private_banking
CUST-03139,Synthetic Customer 03139,private_banking
CUST-03140,Synthetic Customer 03140,private_banking
CUST-03141,Synthetic Customer 03141,business
CUST-03142,Synthetic Customer 03142,private_banking
CUST-03143,Synthetic Customer 03143,private_banking
CUST-03144,Synthetic Customer 03144,private_banking
CUST-03145,Synthetic Customer 03145,retail
CUST-03146,Synthetic Customer 03146,retail
CUST-03147,Synthetic Customer 03147,private_banking
CUST-03148,Synthetic Customer 03148,retail
CUST-03149,Synthetic Customer 03149,private_banking
CUST-03150,Synthetic Customer 03150,retail
CUST-03151,Synthetic Customer 03151,private_banking
CUST-03152,Synthetic Customer 03152,retail
CUST-03153,Synthetic Customer 03153,private_banking
CUST-03154,Synthetic Customer 03154,private_banking
CUST-03155,Synthetic Customer 03155,private_banking
CUST-03156,Synthetic Customer 03156,private_banking
CUST-03157,Synthetic Customer 03157,business
CUST-03158,Synthetic Customer 03158,private_banking
CUST-03159,Synthetic Customer 03159,retail
CUST-03160,Synthetic Customer 03160,business
CUST-03161,Synthetic Customer 03161,business
CUST-03162,Synthetic Customer 03162,business
CUST-03163,Synthetic Customer 03163,private_banking
CUST-03164,Synthetic Customer 03164,retail
CUST-03165,Synthetic Customer 03165,private_banking
CUST-03166,Synthetic Customer 03166,retail
CUST-03167,Synthetic Customer 03167,business
CUST-03168,Synthetic Customer 03168,retail
CUST-03169,Synthetic Customer 03169,retail
CUST-03170,Synthetic Customer 03170,private_banking
CUST-03171,Synthetic Customer 03171,private_banking
CUST-03172,Synthetic Customer 03172,private_banking
CUST-03173,Synthetic Customer 03173,retail
CUST-03174,Synthetic Customer 03174,retail
CUST-03175,Synthetic Customer 03175,retail
CUST-03176,Synthetic Customer 03176,private_banking
CUST-03177,Synthetic Customer 03177,private_banking
CUST-03178,Synthetic Customer 03178,retail
CUST-03179,Synthetic Customer 03179,business
CUST-03180,Synthetic Customer 03180,private_banking
CUST-03181,Synthetic Customer 03181,business
CUST-03182,Synthetic Customer 03182,business
CUST-03183,Synthetic Customer 03183,private_banking
CUST-03184,Synthetic Customer 03184,private_banking
CUST-03185,Synthetic Customer 03185,business
CUST-03186,Synthetic Customer 03186,private_banking
CUST-03187,Synthetic Customer 03187,private_banking
CUST-03188,Synthetic Customer 03188,private_banking
CUST-03189,Synthetic Customer 03189,business
CUST-03190,Synthetic Customer 03190,private_banking
CUST-03191,Synthetic Customer 03191,retail
CUST-03192,Synthetic Customer 03192,private_banking
CUST-03193,Synthetic Customer 03193,retail
CUST-03194,Synthetic Customer 03194,business
CUST-03195,Synthetic Customer 03195,private_banking
CUST-03196,Synthetic Customer 03196,business
CUST-03197,Synthetic Customer 03197,business
CUST-03198,Synthetic Customer 03198,private_banking
CUST-03199,Synthetic Customer 03199,retail
CUST-03200,Synthetic Customer 03200,business
CUST-03201,Synthetic Customer 03201,retail
CUST-03202,Synthetic Customer 03202,business
CUST-03203,Synthetic Customer 03203,business
CUST-03204,Synthetic Customer 03204,retail
CUST-03205,Synthetic Customer 03205,private_banking
CUST-03206,Synthetic Customer 03206,business
CUST-03207,Synthetic Customer 03207,business
CUST-03208,Synthetic Customer 03208,private_banking
CUST-03209,Synthetic Customer 03209,private_banking
CUST-03210,Synthetic Customer 03210,retail
CUST-03211,Synthetic Customer 03211,retail
CUST-03212,Synthetic Customer 03212,retail
CUST-03213,Synthetic Customer 03213,private_banking
CUST-03214,Synthetic Customer 03214,business
CUST-03215,Synthetic Customer 03215,private_banking
CUST-03216,Synthetic Customer 03216,private_banking
CUST-03217,Synthetic Customer 03217,retail
CUST-03218,Synthetic Customer 03218,private_banking
CUST-03219,Synthetic Customer 03219,private_banking
CUST-03220,Synthetic Customer 03220,business
CUST-03221,Synthetic Customer 03221,private_banking
CUST-03222,Synthetic Customer 03222,private_banking
CUST-03223,Synthetic Customer 03223,private_banking
CUST-03224,Synthetic Customer 03224,business
CUST-03225,Synthetic Customer 03225,retail
CUST-03226,Synthetic Customer 03226,retail
CUST-03227,Synthetic Customer 03227,retail
CUST-03228,Synthetic Customer 03228,private_banking
CUST-03229,Synthetic Customer 03229,retail
CUST-03230,Synthetic Customer 03230,business
CUST-03231,Synthetic Customer 03231,business
CUST-03232,Synthetic Customer 03232,private_banking
CUST-03233,Synthetic Customer 03233,retail
CUST-03234,Synthetic Customer 03234,retail
CUST-03235,Synthetic Customer 03235,business
CUST-03236,Synthetic Customer 03236,retail
CUST-03237,Synthetic Customer 03237,retail
CUST-03238,Synthetic Customer 03238,private_banking
CUST-03239,Synthetic Customer 03239,private_banking
CUST-03240,Synthetic Customer 03240,retail
CUST-03241,Synthetic Customer 03241,retail
CUST-03242,Synthetic Customer 03242,business
CUST-03243,Synthetic Customer 03243,retail
CUST-03244,Synthetic Customer 03244,business
CUST-03245,Synthetic Customer 03245,business
CUST-03246,Synthetic Customer 03246,business
CUST-03247,Synthetic Customer 03247,retail
CUST-03248,Synthetic Customer 03248,retail
CUST-03249,Synthetic Customer 03249,retail
CUST-03250,Synthetic Customer 03250,private_banking
CUST-03251,Synthetic Customer 03251,business
CUST-03252,Synthetic Customer 03252,retail
CUST-03253,Synthetic Customer 03253,business
CUST-03254,Synthetic Customer 03254,private_banking
CUST-03255,Synthetic Customer 03255,private_banking
CUST-03256,Synthetic Customer 03256,business
CUST-03257,Synthetic Customer 03257,private_banking
CUST-03258,Synthetic Customer 03258,private_banking
CUST-03259,Synthetic Customer 03259,retail
CUST-03260,Synthetic Customer 03260,private_banking
CUST-03261,Synthetic Customer 03261,retail
CUST-03262,Synthetic Customer 03262,business
CUST-03263,Synthetic Customer 03263,retail
CUST-03264,Synthetic Customer 03264,private_banking
CUST-03265,Synthetic Customer 03265,private_banking
CUST-03266,Synthetic Customer 03266,retail
CUST-03267,Synthetic Customer 03267,business
CUST-03268,Synthetic Customer 03268,retail
CUST-03269,Synthetic Customer 03269,business
CUST-03270,Synthetic Customer 03270,private_banking
CUST-03271,Synthetic Customer 03271,retail
CUST-03272,Synthetic Customer 03272,retail
CUST-03273,Synthetic Customer 03273,business
CUST-03274,Synthetic Customer 03274,retail
CUST-03275,Synthetic Customer 03275,retail
CUST-03276,Synthetic Customer 03276,business
CUST-03277,Synthetic Customer 03277,retail
CUST-03278,Synthetic Customer 03278,private_banking
CUST-03279,Synthetic Customer 03279,retail
CUST-03280,Synthetic Customer 03280,private_banking
CUST-03281,Synthetic Customer 03281,business
CUST-03282,Synthetic Customer 03282,retail
CUST-03283,Synthetic Customer 03283,retail
CUST-03284,Synthetic Customer 03284,retail
CUST-03285,Synthetic Customer 03285,business
CUST-03286,Synthetic Customer 03286,private_banking
CUST-03287,Synthetic Customer 03287,private_banking
CUST-03288,Synthetic Customer 03288,retail
CUST-03289,Synthetic Customer 03289,private_banking
CUST-03290,Synthetic Customer 03290,retail
CUST-03291,Synthetic Customer 03291,private_banking
CUST-03292,Synthetic Customer 03292,business
CUST-03293,Synthetic Customer 03293,retail
CUST-03294,Synthetic Customer 03294,private_banking
CUST-03295,Synthetic Customer 03295,private_banking
CUST-03296,Synthetic Customer 03296,retail
CUST-03297,Synthetic Customer 03297,retail
CUST-03298,Synthetic Customer 03298,private_banking
CUST-03299,Synthetic Customer 03299,private_banking
CUST-03300,Synthetic Customer 03300,business
CUST-03301,Synthetic Customer 03301,business
CUST-03302,Synthetic Customer 03302,retail
CUST-03303,Synthetic Customer 03303,private_banking
CUST-03304,Synthetic Customer 03304,retail
CUST-03305,Synthetic Customer 03305,business
CUST-03306,Synthetic Customer 03306,business
CUST-03307,Synthetic Customer 03307,retail
CUST-03308,Synthetic Customer 03308,business
CUST-03309,Synthetic Customer 03309,retail
CUST-03310,Synthetic Customer 03310,retail
CUST-03311,Synthetic Customer 03311,retail
CUST-03312,Synthetic Customer 03312,business
CUST-03313,Synthetic Customer 03313,private_banking
CUST-03314,Synthetic Customer 03314,retail
CUST-03315,Synthetic Customer 03315,private_banking
CUST-03316,Synthetic Customer 03316,retail
CUST-03317,Synthetic Customer 03317,retail
CUST-03318,Synthetic Customer 03318,business
CUST-03319,Synthetic Customer 03319,business
CUST-03320,Synthetic Customer 03320,private_banking
CUST-03321,Synthetic Customer 03321,business
CUST-03322,Synthetic Customer 03322,retail
CUST-03323,Synthetic Customer 03323,retail
CUST-03324,Synthetic Customer 03324,retail
CUST-03325,Synthetic Customer 03325,retail
CUST-03326,Synthetic Customer 03326,business
CUST-03327,Synthetic Customer 03327,private_banking
CUST-03328,Synthetic Customer 03328,private_banking
CUST-03329,Synthetic Customer 03329,private_banking
CUST-03330,Synthetic Customer 03330,retail
CUST-03331,Synthetic Customer 03331,business
CUST-03332,Synthetic Customer 03332,private_banking
CUST-03333,Synthetic Customer 03333,private_banking
CUST-03334,Synthetic Customer 03334,retail
CUST-03335,Synthetic Customer 03335,private_banking
CUST-03336,Synthetic Customer 03336,business
CUST-03337,Synthetic Customer 03337,retail
CUST-03338,Synthetic Customer 03338,business
CUST-03339,Synthetic Customer 03339,private_banking
CUST-03340,Synthetic Customer 03340,private_banking
CUST-03341,Synthetic Customer 03341,private_banking
CUST-03342,Synthetic Customer 03342,business
CUST-03343,Synthetic Customer 03343,retail
CUST-03344,Synthetic Customer 03344,business
CUST-03345,Synthetic Customer 03345,business
CUST-03346,Synthetic Customer 03346,business
CUST-03347,Synthetic Customer 03347,retail
CUST-03348,Synthetic Customer 03348,business
CUST-03349,Synthetic Customer 03349,business
CUST-03350,Synthetic Customer 03350,business
CUST-03351,Synthetic Customer 03351,business
CUST-03352,Synthetic Customer 03352,business
CUST-03353,Synthetic Customer 03353,private_banking
CUST-03354,Synthetic Customer 03354,retail
CUST-03355,Synthetic Customer 03355,business
CUST-03356,Synthetic Customer 03356,private_banking
CUST-03357,Synthetic Customer 03357,retail
CUST-03358,Synthetic Customer 03358,business
CUST-03359,Synthetic Customer 03359,business
CUST-03360,Synthetic Customer 03360,retail
CUST-03361,Synthetic Customer 03361,retail
CUST-03362,Synthetic Customer 03362,business
CUST-03363,Synthetic Customer 03363,retail
CUST-03364,Synthetic Customer 03364,retail
CUST-03365,Synthetic Customer 03365,retail
CUST-03366,Synthetic Customer 03366,retail
CUST-03367,Synthetic Customer 03367,business
CUST-03368,Synthetic Customer 03368,private_banking
CUST-03369,Synthetic Customer 03369,retail
CUST-03370,Synthetic Customer 03370,private_banking
CUST-03371,Synthetic Customer 03371,private_banking
CUST-03372,Synthetic Customer 03372,private_banking
CUST-03373,Synthetic Customer 03373,private_banking
CUST-03374,Synthetic Customer 03374,retail
CUST-03375,Synthetic Customer 03375,private_banking
CUST-03376,Synthetic Customer 03376,private_banking
CUST-03377,Synthetic Customer 03377,private_banking
CUST-03378,Synthetic Customer 03378,private_banking
CUST-03379,Synthetic Customer 03379,private_banking
CUST-03380,Synthetic Customer 03380,business
CUST-03381,Synthetic Customer 03381,business
CUST-03382,Synthetic Customer 03382,business
CUST-03383,Synthetic Customer 03383,retail
CUST-03384,Synthetic Customer 03384,business
CUST-03385,Synthetic Customer 03385,retail
CUST-03386,Synthetic Customer 03386,retail
CUST-03387,Synthetic Customer 03387,retail
CUST-03388,Synthetic Customer 03388,private_banking
CUST-03389,Synthetic Customer 03389,business
CUST-03390,Synthetic Customer 03390,business
CUST-03391,Synthetic Customer 03391,business
CUST-03392,Synthetic Customer 03392,private_banking
CUST-03393,Synthetic Customer 03393,retail
CUST-03394,Synthetic Customer 03394,private_banking
CUST-03395,Synthetic Customer 03395,retail
CUST-03396,Synthetic Customer 03396,private_banking
CUST-03397,Synthetic Customer 03397,retail
CUST-03398,Synthetic Customer 03398,private_banking
CUST-03399,Synthetic Customer 03399,private_banking
CUST-03400,Synthetic Customer 03400,business
CUST-03401,Synthetic Customer 03401,private_banking
CUST-03402,Synthetic Customer 03402,retail
CUST-03403,Synthetic Customer 03403,retail
CUST-03404,Synthetic Customer 03404,business
CUST-03405,Synthetic Customer 03405,business
CUST-03406,Synthetic Customer 03406,private_banking
CUST-03407,Synthetic Customer 03407,private_banking
CUST-03408,Synthetic Customer 03408,retail
CUST-03409,Synthetic Customer 03409,business
CUST-03410,Synthetic Customer 03410,private_banking
CUST-03411,Synthetic Customer 03411,business
CUST-03412,Synthetic Customer 03412,private_banking
CUST-03413,Synthetic Customer 03413,retail
CUST-03414,Synthetic Customer 03414,private_banking
CUST-03415,Synthetic Customer 03415,private_banking
CUST-03416,Synthetic Customer 03416,private_banking
CUST-03417,Synthetic Customer 03417,private_banking
CUST-03418,Synthetic Customer 03418,retail
CUST-03419,Synthetic Customer 03419,retail
CUST-03420,Synthetic Customer 03420,retail
CUST-03421,Synthetic Customer 03421,business
CUST-03422,Synthetic Customer 03422,business
CUST-03423,Synthetic Customer 03423,retail
CUST-03424,Synthetic Customer 03424,business
CUST-03425,Synthetic Customer 03425,private_banking
CUST-03426,Synthetic Customer 03426,retail
CUST-03427,Synthetic Customer 03427,private_banking
CUST-03428,Synthetic Customer 03428,business
CUST-03429,Synthetic Customer 03429,retail
CUST-03430,Synthetic Customer 03430,private_banking
CUST-03431,Synthetic Customer 03431,business
CUST-03432,Synthetic Customer 03432,retail
CUST-03433,Synthetic Customer 03433,retail
CUST-03434,Synthetic Customer 03434,retail
CUST-03435,Synthetic Customer 03435,business
CUST-03436,Synthetic Customer 03436,business
CUST-03437,Synthetic Customer 03437,retail
CUST-03438,Synthetic Customer 03438,retail
CUST-03439,Synthetic Customer 03439,private_banking
CUST-03440,Synthetic Customer 03440,private_banking
CUST-03441,Synthetic Customer 03441,private_banking
CUST-03442,Synthetic Customer 03442,retail
CUST-03443,Synthetic Customer 03443,retail
CUST-03444,Synthetic Customer 03444,business
CUST-03445,Synthetic Customer 03445,business
CUST-03446,Synthetic Customer 03446,business
CUST-03447,Synthetic Customer 03447,business
CUST-03448,Synthetic Customer 03448,retail
CUST-03449,Synthetic Customer 03449,business
CUST-03450,Synthetic Customer 03450,business
CUST-03451,Synthetic Customer 03451,retail
CUST-03452,Synthetic Customer 03452,private_banking
CUST-03453,Synthetic Customer 03453,retail
CUST-03454,Synthetic Customer 03454,retail
CUST-03455,Synthetic Customer 03455,private_banking
CUST-03456,Synthetic Customer 03456,private_banking
CUST-03457,Synthetic Customer 03457,business
CUST-03458,Synthetic Customer 03458,private_banking
CUST-03459,Synthetic Customer 03459,private_banking
CUST-03460,Synthetic Customer 03460,private_banking
CUST-03461,Synthetic Customer 03461,private_banking
CUST-03462,Synthetic Customer 03462,business
CUST-03463,Synthetic Customer 03463,private_banking
CUST-03464,Synthetic Customer 03464,private_banking
CUST-03465,Synthetic Customer 03465,business
CUST-03466,Synthetic Customer 03466,private_banking
CUST-03467,Synthetic Customer 03467,business
CUST-03468,Synthetic Customer 03468,private_banking
CUST-03469,Synthetic Customer 03469,private_banking
CUST-03470,Synthetic Customer 03470,business
CUST-03471,Synthetic Customer 03471,business
CUST-03472,Synthetic Customer 03472,private_banking
CUST-03473,Synthetic Customer 03473,private_banking
CUST-03474,Synthetic Customer 03474,retail
CUST-03475,Synthetic Customer 03475,private_banking
CUST-03476,Synthetic Customer 03476,retail
CUST-03477,Synthetic Customer 03477,retail
CUST-03478,Synthetic Customer 03478,retail
CUST-03479,Synthetic Customer 03479,business
CUST-03480,Synthetic Customer 03480,business
CUST-03481,Synthetic Customer 03481,business
CUST-03482,Synthetic Customer 03482,private_banking
CUST-03483,Synthetic Customer 03483,private_banking
CUST-03484,Synthetic Customer 03484,retail
CUST-03485,Synthetic Customer 03485,retail
CUST-03486,Synthetic Customer 03486,retail
CUST-03487,Synthetic Customer 03487,retail
CUST-03488,Synthetic Customer 03488,business
CUST-03489,Synthetic Customer 03489,business
CUST-03490,Synthetic Customer 03490,private_banking
CUST-03491,Synthetic Customer 03491,business
CUST-03492,Synthetic Customer 03492,business
CUST-03493,Synthetic Customer 03493,private_banking
CUST-03494,Synthetic Customer 03494,private_banking
CUST-03495,Synthetic Customer 03495,private_banking
CUST-03496,Synthetic Customer 03496,private_banking
CUST-03497,Synthetic Customer 03497,private_banking
CUST-03498,Synthetic Customer 03498,private_banking
CUST-03499,Synthetic Customer 03499,business
CUST-03500,Synthetic Customer 03500,private_banking
CUST-03501,Synthetic Customer 03501,private_banking
CUST-03502,Synthetic Customer 03502,retail
CUST-03503,Synthetic Customer 03503,retail
CUST-03504,Synthetic Customer 03504,retail
CUST-03505,Synthetic Customer 03505,retail
CUST-03506,Synthetic Customer 03506,private_banking
CUST-03507,Synthetic Customer 03507,private_banking
CUST-03508,Synthetic Customer 03508,retail
CUST-03509,Synthetic Customer 03509,retail
CUST-03510,Synthetic Customer 03510,business
CUST-03511,Synthetic Customer 03511,business
CUST-03512,Synthetic Customer 03512,business
CUST-03513,Synthetic Customer 03513,business
CUST-03514,Synthetic Customer 03514,retail
CUST-03515,Synthetic Customer 03515,retail
CUST-03516,Synthetic Customer 03516,retail
CUST-03517,Synthetic Customer 03517,retail
CUST-03518,Synthetic Customer 03518,business
CUST-03519,Synthetic Customer 03519,business
CUST-03520,Synthetic Customer 03520,private_banking
CUST-03521,Synthetic Customer 03521,private_banking
CUST-03522,Synthetic Customer 03522,retail
CUST-03523,Synthetic Customer 03523,private_banking
CUST-03524,Synthetic Customer 03524,business
CUST-03525,Synthetic Customer 03525,business
CUST-03526,Synthetic Customer 03526,business
CUST-03527,Synthetic Customer 03527,business
CUST-03528,Synthetic Customer 03528,business
CUST-03529,Synthetic Customer 03529,private_banking
CUST-03530,Synthetic Customer 03530,retail
CUST-03531,Synthetic Customer 03531,private_banking
CUST-03532,Synthetic Customer 03532,business
CUST-03533,Synthetic Customer 03533,retail
CUST-03534,Synthetic Customer 03534,private_banking
CUST-03535,Synthetic Customer 03535,private_banking
CUST-03536,Synthetic Customer 03536,retail
CUST-03537,Synthetic Customer 03537,business
CUST-03538,Synthetic Customer 03538,private_banking
CUST-03539,Synthetic Customer 03539,business
CUST-03540,Synthetic Customer 03540,business
CUST-03541,Synthetic Customer 03541,private_banking
CUST-03542,Synthetic Customer 03542,retail
CUST-03543,Synthetic Customer 03543,private_banking
CUST-03544,Synthetic Customer 03544,retail
CUST-03545,Synthetic Customer 03545,retail
CUST-03546,Synthetic Customer 03546,retail
CUST-03547,Synthetic Customer 03547,business
CUST-03548,Synthetic Customer 03548,retail
CUST-03549,Synthetic Customer 03549,retail
CUST-03550,Synthetic Customer 03550,private_banking
CUST-03551,Synthetic Customer 03551,business
CUST-03552,Synthetic Customer 03552,business
CUST-03553,Synthetic Customer 03553,business
CUST-03554,Synthetic Customer 03554,business
CUST-03555,Synthetic Customer 03555,private_banking
CUST-03556,Synthetic Customer 03556,retail
CUST-03557,Synthetic Customer 03557,retail
CUST-03558,Synthetic Customer 03558,business
CUST-03559,Synthetic Customer 03559,business
CUST-03560,Synthetic Customer 03560,private_banking
CUST-03561,Synthetic Customer 03561,business
CUST-03562,Synthetic Customer 03562,retail
CUST-03563,Synthetic Customer 03563,retail
CUST-03564,Synthetic Customer 03564,private_banking
CUST-03565,Synthetic Customer 03565,private_banking
CUST-03566,Synthetic Customer 03566,private_banking
CUST-03567,Synthetic Customer 03567,retail
CUST-03568,Synthetic Customer 03568,private_banking
CUST-03569,Synthetic Customer 03569,business
CUST-03570,Synthetic Customer 03570,retail
CUST-03571,Synthetic Customer 03571,business
CUST-03572,Synthetic Customer 03572,private_banking
CUST-03573,Synthetic Customer 03573,business
CUST-03574,Synthetic Customer 03574,private_banking
CUST-03575,Synthetic Customer 03575,business
CUST-03576,Synthetic Customer 03576,private_banking
CUST-03577,Synthetic Customer 03577,retail
CUST-03578,Synthetic Customer 03578,retail
CUST-03579,Synthetic Customer 03579,business
CUST-03580,Synthetic Customer 03580,business
CUST-03581,Synthetic Customer 03581,business
CUST-03582,Synthetic Customer 03582,business
CUST-03583,Synthetic Customer 03583,retail
CUST-03584,Synthetic Customer 03584,retail
CUST-03585,Synthetic Customer 03585,business
CUST-03586,Synthetic Customer 03586,business
CUST-03587,Synthetic Customer 03587,retail
CUST-03588,Synthetic Customer 03588,private_banking
CUST-03589,Synthetic Customer 03589,business
CUST-03590,Synthetic Customer 03590,retail
CUST-03591,Synthetic Customer 03591,retail
CUST-03592,Synthetic Customer 03592,retail
CUST-03593,Synthetic Customer 03593,retail
CUST-03594,Synthetic Customer 03594,business
CUST-03595,Synthetic Customer 03595,retail
CUST-03596,Synthetic Customer 03596,retail
CUST-03597,Synthetic Customer 03597,private_banking
CUST-03598,Synthetic Customer 03598,private_banking
CUST-03599,Synthetic Customer 03599,private_banking
CUST-03600,Synthetic Customer 03600,retail
CUST-03601,Synthetic Customer 03601,private_banking
CUST-03602,Synthetic Customer 03602,private_banking
CUST-03603,Synthetic Customer 03603,private_banking
CUST-03604,Synthetic Customer 03604,retail
CUST-03605,Synthetic Customer 03605,retail
CUST-03606,Synthetic Customer 03606,private_banking
CUST-03607,Synthetic Customer 03607,retail
CUST-03608,Synthetic Customer 03608,business
CUST-03609,Synthetic Customer 03609,retail
CUST-03610,Synthetic Customer 03610,business
CUST-03611,Synthetic Customer 03611,private_banking
CUST-03612,Synthetic Customer 03612,private_banking
CUST-03613,Synthetic Customer 03613,retail
CUST-03614,Synthetic Customer 03614,private_banking
CUST-03615,Synthetic Customer 03615,business
CUST-03616,Synthetic Customer 03616,retail
CUST-03617,Synthetic Customer 03617,private_banking
CUST-03618,Synthetic Customer 03618,retail
CUST-03619,Synthetic Customer 03619,private_banking
CUST-03620,Synthetic Customer 03620,private_banking
CUST-03621,Synthetic Customer 03621,retail
CUST-03622,Synthetic Customer 03622,private_banking
CUST-03623,Synthetic Customer 03623,business
CUST-03624,Synthetic Customer 03624,retail
CUST-03625,Synthetic Customer 03625,retail
CUST-03626,Synthetic Customer 03626,business
CUST-03627,Synthetic Customer 03627,retail
CUST-03628,Synthetic Customer 03628,business
CUST-03629,Synthetic Customer 03629,business
CUST-03630,Synthetic Customer 03630,business
CUST-03631,Synthetic Customer 03631,retail
CUST-03632,Synthetic Customer 03632,business
CUST-03633,Synthetic Customer 03633,business
CUST-03634,Synthetic Customer 03634,business
CUST-03635,Synthetic Customer 03635,private_banking
CUST-03636,Synthetic Customer 03636,private_banking
CUST-03637,Synthetic Customer 03637,retail
CUST-03638,Synthetic Customer 03638,retail
CUST-03639,Synthetic Customer 03639,retail
CUST-03640,Synthetic Customer 03640,retail
CUST-03641,Synthetic Customer 03641,retail
CUST-03642,Synthetic Customer 03642,private_banking
CUST-03643,Synthetic Customer 03643,private_banking
CUST-03644,Synthetic Customer 03644,business
CUST-03645,Synthetic Customer 03645,retail
CUST-03646,Synthetic Customer 03646,business
CUST-03647,Synthetic Customer 03647,business
CUST-03648,Synthetic Customer 03648,retail
CUST-03649,Synthetic Customer 03649,business
CUST-03650,Synthetic Customer 03650,private_banking
CUST-03651,Synthetic Customer 03651,private_banking
CUST-03652,Synthetic Customer 03652,retail
CUST-03653,Synthetic Customer 03653,retail
CUST-03654,Synthetic Customer 03654,business
CUST-03655,Synthetic Customer 03655,retail
CUST-03656,Synthetic Customer 03656,retail
CUST-03657,Synthetic Customer 03657,business
CUST-03658,Synthetic Customer 03658,retail
CUST-03659,Synthetic Customer 03659,private_banking
CUST-03660,Synthetic Customer 03660,business
CUST-03661,Synthetic Customer 03661,business
CUST-03662,Synthetic Customer 03662,private_banking
CUST-03663,Synthetic Customer 03663,business
CUST-03664,Synthetic Customer 03664,business
CUST-03665,Synthetic Customer 03665,business
CUST-03666,Synthetic Customer 03666,private_banking
CUST-03667,Synthetic Customer 03667,business
CUST-03668,Synthetic Customer 03668,business
CUST-03669,Synthetic Customer 03669,private_banking
CUST-03670,Synthetic Customer 03670,private_banking
CUST-03671,Synthetic Customer 03671,retail
CUST-03672,Synthetic Customer 03672,retail
CUST-03673,Synthetic Customer 03673,retail
CUST-03674,Synthetic Customer 03674,private_banking
CUST-03675,Synthetic Customer 03675,private_banking
CUST-03676,Synthetic Customer 03676,private_banking
CUST-03677,Synthetic Customer 03677,private_banking
CUST-03678,Synthetic Customer 03678,business
CUST-03679,Synthetic Customer 03679,business
CUST-03680,Synthetic Customer 03680,retail
CUST-03681,Synthetic Customer 03681,business
CUST-03682,Synthetic Customer 03682,business
CUST-03683,Synthetic Customer 03683,private_banking
CUST-03684,Synthetic Customer 03684,private_banking
CUST-03685,Synthetic Customer 03685,business
CUST-03686,Synthetic Customer 03686,private_banking
CUST-03687,Synthetic Customer 03687,business
CUST-03688,Synthetic Customer 03688,retail
CUST-03689,Synthetic Customer 03689,private_banking
CUST-03690,Synthetic Customer 03690,retail
CUST-03691,Synthetic Customer 03691,private_banking
CUST-03692,Synthetic Customer 03692,retail
CUST-03693,Synthetic Customer 03693,private_banking
CUST-03694,Synthetic Customer 03694,retail
CUST-03695,Synthetic Customer 03695,business
CUST-03696,Synthetic Customer 03696,retail
CUST-03697,Synthetic Customer 03697,private_banking
CUST-03698,Synthetic Customer 03698,business
CUST-03699,Synthetic Customer 03699,business
CUST-03700,Synthetic Customer 03700,business
CUST-03701,Synthetic Customer 03701,business
CUST-03702,Synthetic Customer 03702,retail
CUST-03703,Synthetic Customer 03703,business
CUST-03704,Synthetic Customer 03704,private_banking
CUST-03705,Synthetic Customer 03705,business
CUST-03706,Synthetic Customer 03706,private_banking
CUST-03707,Synthetic Customer 03707,private_banking
CUST-03708,Synthetic Customer 03708,private_banking
CUST-03709,Synthetic Customer 03709,business
CUST-03710,Synthetic Customer 03710,retail
CUST-03711,Synthetic Customer 03711,business
CUST-03712,Synthetic Customer 03712,private_banking
CUST-03713,Synthetic Customer 03713,business
CUST-03714,Synthetic Customer 03714,business
CUST-03715,Synthetic Customer 03715,retail
CUST-03716,Synthetic Customer 03716,retail
CUST-03717,Synthetic Customer 03717,business
CUST-03718,Synthetic Customer 03718,retail
CUST-03719,Synthetic Customer 03719,private_banking
CUST-03720,Synthetic Customer 03720,business
CUST-03721,Synthetic Customer 03721,retail
CUST-03722,Synthetic Customer 03722,private_banking
CUST-03723,Synthetic Customer 03723,business
CUST-03724,Synthetic Customer 03724,private_banking
CUST-03725,Synthetic Customer 03725,private_banking
CUST-03726,Synthetic Customer 03726,retail
CUST-03727,Synthetic Customer 03727,business
CUST-03728,Synthetic Customer 03728,business
CUST-03729,Synthetic Customer 03729,retail
CUST-03730,Synthetic Customer 03730,private_banking
CUST-03731,Synthetic Customer 03731,private_banking
CUST-03732,Synthetic Customer 03732,business
CUST-03733,Synthetic Customer 03733,private_banking
CUST-03734,Synthetic Customer 03734,private_banking
CUST-03735,Synthetic Customer 03735,private_banking
CUST-03736,Synthetic Customer 03736,retail
CUST-03737,Synthetic Customer 03737,business
CUST-03738,Synthetic Customer 03738,business
CUST-03739,Synthetic Customer 03739,retail
CUST-03740,Synthetic Customer 03740,private_banking
CUST-03741,Synthetic Customer 03741,business
CUST-03742,Synthetic Customer 03742,retail
CUST-03743,Synthetic Customer 03743,business
CUST-03744,Synthetic Customer 03744,business
CUST-03745,Synthetic Customer 03745,private_banking
CUST-03746,Synthetic Customer 03746,business
CUST-03747,Synthetic Customer 03747,retail
CUST-03748,Synthetic Customer 03748,private_banking
CUST-03749,Synthetic Customer 03749,business
CUST-03750,Synthetic Customer 03750,business
CUST-03751,Synthetic Customer 03751,private_banking
CUST-03752,Synthetic Customer 03752,retail
CUST-03753,Synthetic Customer 03753,business
CUST-03754,Synthetic Customer 03754,private_banking
CUST-03755,Synthetic Customer 03755,business
CUST-03756,Synthetic Customer 03756,business
CUST-03757,Synthetic Customer 03757,business
CUST-03758,Synthetic Customer 03758,business
CUST-03759,Synthetic Customer 03759,retail
CUST-03760,Synthetic Customer 03760,private_banking
CUST-03761,Synthetic Customer 03761,business
CUST-03762,Synthetic Customer 03762,business
CUST-03763,Synthetic Customer 03763,private_banking
CUST-03764,Synthetic Customer 03764,private_banking
CUST-03765,Synthetic Customer 03765,business
CUST-03766,Synthetic Customer 03766,retail
CUST-03767,Synthetic Customer 03767,business
CUST-03768,Synthetic Customer 03768,private_banking
CUST-03769,Synthetic Customer 03769,private_banking
CUST-03770,Synthetic Customer 03770,retail
CUST-03771,Synthetic Customer 03771,business
CUST-03772,Synthetic Customer 03772,retail
CUST-03773,Synthetic Customer 03773,retail
CUST-03774,Synthetic Customer 03774,business
CUST-03775,Synthetic Customer 03775,private_banking
CUST-03776,Synthetic Customer 03776,private_banking
CUST-03777,Synthetic Customer 03777,business
CUST-03778,Synthetic Customer 03778,private_banking
CUST-03779,Synthetic Customer 03779,private_banking
CUST-03780,Synthetic Customer 03780,private_banking
CUST-03781,Synthetic Customer 03781,business
CUST-03782,Synthetic Customer 03782,business
CUST-03783,Synthetic Customer 03783,business
CUST-03784,Synthetic Customer 03784,business
CUST-03785,Synthetic Customer 03785,private_banking
CUST-03786,Synthetic Customer 03786,private_banking
CUST-03787,Synthetic Customer 03787,retail
CUST-03788,Synthetic Customer 03788,private_banking
CUST-03789,Synthetic Customer 03789,private_banking
CUST-03790,Synthetic Customer 03790,retail
CUST-03791,Synthetic Customer 03791,private_banking
CUST-03792,Synthetic Customer 03792,private_banking
CUST-03793,Synthetic Customer 03793,private_banking
CUST-03794,Synthetic Customer 03794,retail
CUST-03795,Synthetic Customer 03795,private_banking
CUST-03796,Synthetic Customer 03796,private_banking
CUST-03797,Synthetic Customer 03797,business
CUST-03798,Synthetic Customer 03798,private_banking
CUST-03799,Synthetic Customer 03799,retail
CUST-03800,Synthetic Customer 03800,business
CUST-03801,Synthetic Customer 03801,business
CUST-03802,Synthetic Customer 03802,business
CUST-03803,Synthetic Customer 03803,private_banking
CUST-03804,Synthetic Customer 03804,business
CUST-03805,Synthetic Customer 03805,private_banking
CUST-03806,Synthetic Customer 03806,retail
CUST-03807,Synthetic Customer 03807,private_banking
CUST-03808,Synthetic Customer 03808,private_banking
CUST-03809,Synthetic Customer 03809,retail
CUST-03810,Synthetic Customer 03810,business
CUST-03811,Synthetic Customer 03811,business
CUST-03812,Synthetic Customer 03812,private_banking
CUST-03813,Synthetic Customer 03813,retail
CUST-03814,Synthetic Customer 03814,retail
CUST-03815,Synthetic Customer 03815,retail
CUST-03816,Synthetic Customer 03816,private_banking
CUST-03817,Synthetic Customer 03817,private_banking
CUST-03818,Synthetic Customer 03818,retail
CUST-03819,Synthetic Customer 03819,retail
CUST-03820,Synthetic Customer 03820,retail
CUST-03821,Synthetic Customer 03821,retail
CUST-03822,Synthetic Customer 03822,business
CUST-03823,Synthetic Customer 03823,business
CUST-03824,Synthetic Customer 03824,business
CUST-03825,Synthetic Customer 03825,private_banking
CUST-03826,Synthetic Customer 03826,private_banking
CUST-03827,Synthetic Customer 03827,retail
CUST-03828,Synthetic Customer 03828,private_banking
CUST-03829,Synthetic Customer 03829,retail
CUST-03830,Synthetic Customer 03830,retail
CUST-03831,Synthetic Customer 03831,retail
CUST-03832,Synthetic Customer 03832,retail
CUST-03833,Synthetic Customer 03833,business
CUST-03834,Synthetic Customer 03834,business
CUST-03835,Synthetic Customer 03835,business
CUST-03836,Synthetic Customer 03836,private_banking
CUST-03837,Synthetic Customer 03837,business
CUST-03838,Synthetic Customer 03838,retail
CUST-03839,Synthetic Customer 03839,retail
CUST-03840,Synthetic Customer 03840,private_banking
CUST-03841,Synthetic Customer 03841,business
CUST-03842,Synthetic Customer 03842,retail
CUST-03843,Synthetic Customer 03843,business
CUST-03844,Synthetic Customer 03844,retail
CUST-03845,Synthetic Customer 03845,retail
CUST-03846,Synthetic Customer 03846,retail
CUST-03847,Synthetic Customer 03847,private_banking
CUST-03848,Synthetic Customer 03848,retail
CUST-03849,Synthetic Customer 03849,private_banking
CUST-03850,Synthetic Customer 03850,business
CUST-03851,Synthetic Customer 03851,private_banking
CUST-03852,Synthetic Customer 03852,private_banking
CUST-03853,Synthetic Customer 03853,business
CUST-03854,Synthetic Customer 03854,private_banking
CUST-03855,Synthetic Customer 03855,business
CUST-03856,Synthetic Customer 03856,retail
CUST-03857,Synthetic Customer 03857,private_banking
CUST-03858,Synthetic Customer 03858,business
CUST-03859,Synthetic Customer 03859,business
CUST-03860,Synthetic Customer 03860,business
CUST-03861,Synthetic Customer 03861,private_banking
CUST-03862,Synthetic Customer 03862,retail
CUST-03863,Synthetic Customer 03863,private_banking
CUST-03864,Synthetic Customer 03864,private_banking
CUST-03865,Synthetic Customer 03865,business
CUST-03866,Synthetic Customer 03866,private_banking
CUST-03867,Synthetic Customer 03867,business
CUST-03868,Synthetic Customer 03868,retail
CUST-03869,Synthetic Customer 03869,business
CUST-03870,Synthetic Customer 03870,business
CUST-03871,Synthetic Customer 03871,retail
CUST-03872,Synthetic Customer 03872,retail
CUST-03873,Synthetic Customer 03873,business
CUST-03874,Synthetic Customer 03874,private_banking
CUST-03875,Synthetic Customer 03875,business
CUST-03876,Synthetic Customer 03876,private_banking
CUST-03877,Synthetic Customer 03877,retail
CUST-03878,Synthetic Customer 03878,private_banking
CUST-03879,Synthetic Customer 03879,retail
CUST-03880,Synthetic Customer 03880,business
CUST-03881,Synthetic Customer 03881,retail
CUST-03882,Synthetic Customer 03882,business
CUST-03883,Synthetic Customer 03883,retail
CUST-03884,Synthetic Customer 03884,business
CUST-03885,Synthetic Customer 03885,private_banking
CUST-03886,Synthetic Customer 03886,retail
CUST-03887,Synthetic Customer 03887,retail
CUST-03888,Synthetic Customer 03888,retail
CUST-03889,Synthetic Customer 03889,private_banking
CUST-03890,Synthetic Customer 03890,private_banking
CUST-03891,Synthetic Customer 03891,retail
CUST-03892,Synthetic Customer 03892,private_banking
CUST-03893,Synthetic Customer 03893,business
CUST-03894,Synthetic Customer 03894,business
CUST-03895,Synthetic Customer 03895,retail
CUST-03896,Synthetic Customer 03896,retail
CUST-03897,Synthetic Customer 03897,retail
CUST-03898,Synthetic Customer 03898,private_banking
CUST-03899,Synthetic Customer 03899,private_banking
CUST-03900,Synthetic Customer 03900,private_banking
CUST-03901,Synthetic Customer 03901,business
CUST-03902,Synthetic Customer 03902,private_banking
CUST-03903,Synthetic Customer 03903,private_banking
CUST-03904,Synthetic Customer 03904,retail
CUST-03905,Synthetic Customer 03905,business
CUST-03906,Synthetic Customer 03906,private_banking
CUST-03907,Synthetic Customer 03907,private_banking
CUST-03908,Synthetic Customer 03908,retail
CUST-03909,Synthetic Customer 03909,business
CUST-03910,Synthetic Customer 03910,private_banking
CUST-03911,Synthetic Customer 03911,private_banking
CUST-03912,Synthetic Customer 03912,business
CUST-03913,Synthetic Customer 03913,retail
CUST-03914,Synthetic Customer 03914,private_banking
CUST-03915,Synthetic Customer 03915,private_banking
CUST-03916,Synthetic Customer 03916,retail
CUST-03917,Synthetic Customer 03917,private_banking
CUST-03918,Synthetic Customer 03918,business
CUST-03919,Synthetic Customer 03919,business
CUST-03920,Synthetic Customer 03920,retail
CUST-03921,Synthetic Customer 03921,private_banking
CUST-03922,Synthetic Customer 03922,private_banking
CUST-03923,Synthetic Customer 03923,business
CUST-03924,Synthetic Customer 03924,private_banking
CUST-03925,Synthetic Customer 03925,retail
CUST-03926,Synthetic Customer 03926,private_banking
CUST-03927,Synthetic Customer 03927,business
CUST-03928,Synthetic Customer 03928,business
CUST-03929,Synthetic Customer 03929,business
CUST-03930,Synthetic Customer 03930,private_banking
CUST-03931,Synthetic Customer 03931,private_banking
CUST-03932,Synthetic Customer 03932,retail
CUST-03933,Synthetic Customer 03933,retail
CUST-03934,Synthetic Customer 03934,business
CUST-03935,Synthetic Customer 03935,retail
CUST-03936,Synthetic Customer 03936,business
CUST-03937,Synthetic Customer 03937,retail
CUST-03938,Synthetic Customer 03938,business
CUST-03939,Synthetic Customer 03939,private_banking
CUST-03940,Synthetic Customer 03940,retail
CUST-03941,Synthetic Customer 03941,business
CUST-03942,Synthetic Customer 03942,retail
CUST-03943,Synthetic Customer 03943,retail
CUST-03944,Synthetic Customer 03944,retail
CUST-03945,Synthetic Customer 03945,business
CUST-03946,Synthetic Customer 03946,retail
CUST-03947,Synthetic Customer 03947,private_banking
CUST-03948,Synthetic Customer 03948,private_banking
CUST-03949,Synthetic Customer 03949,retail
CUST-03950,Synthetic Customer 03950,private_banking
CUST-03951,Synthetic Customer 03951,private_banking
CUST-03952,Synthetic Customer 03952,retail
CUST-03953,Synthetic Customer 03953,retail
CUST-03954,Synthetic Customer 03954,business
CUST-03955,Synthetic Customer 03955,business
CUST-03956,Synthetic Customer 03956,business
CUST-03957,Synthetic Customer 03957,retail
CUST-03958,Synthetic Customer 03958,private_banking
CUST-03959,Synthetic Customer 03959,business
CUST-03960,Synthetic Customer 03960,private_banking
CUST-03961,Synthetic Customer 03961,private_banking
CUST-03962,Synthetic Customer 03962,retail
CUST-03963,Synthetic Customer 03963,private_banking
CUST-03964,Synthetic Customer 03964,private_banking
CUST-03965,Synthetic Customer 03965,private_banking
CUST-03966,Synthetic Customer 03966,private_banking
CUST-03967,Synthetic Customer 03967,business
CUST-03968,Synthetic Customer 03968,business
CUST-03969,Synthetic Customer 03969,private_banking
CUST-03970,Synthetic Customer 03970,business
CUST-03971,Synthetic Customer 03971,retail
CUST-03972,Synthetic Customer 03972,private_banking
CUST-03973,Synthetic Customer 03973,private_banking
CUST-03974,Synthetic Customer 03974,business
CUST-03975,Synthetic Customer 03975,private_banking
CUST-03976,Synthetic Customer 03976,retail
CUST-03977,Synthetic Customer 03977,business
CUST-03978,Synthetic Customer 03978,business
CUST-03979,Synthetic Customer 03979,private_banking
CUST-03980,Synthetic Customer 03980,private_banking
CUST-03981,Synthetic Customer 03981,business
CUST-03982,Synthetic Customer 03982,private_banking
CUST-03983,Synthetic Customer 03983,private_banking
CUST-03984,Synthetic Customer 03984,business
CUST-03985,Synthetic Customer 03985,business
CUST-03986,Synthetic Customer 03986,private_banking
CUST-03987,Synthetic Customer 03987,private_banking
CUST-03988,Synthetic Customer 03988,business
CUST-03989,Synthetic Customer 03989,retail
CUST-03990,Synthetic Customer 03990,private_banking
CUST-03991,Synthetic Customer 03991,private_banking
CUST-03992,Synthetic Customer 03992,business
CUST-03993,Synthetic Customer 03993,private_banking
CUST-03994,Synthetic Customer 03994,private_banking
CUST-03995,Synthetic Customer 03995,retail
CUST-03996,Synthetic Customer 03996,private_banking
CUST-03997,Synthetic Customer 03997,private_banking
CUST-03998,Synthetic Customer 03998,business
CUST-03999,Synthetic Customer 03999,business
CUST-04000,Synthetic Customer 04000,retail
CUST-04001,Synthetic Customer 04001,private_banking
CUST-04002,Synthetic Customer 04002,retail
CUST-04003,Synthetic Customer 04003,private_banking
CUST-04004,Synthetic Customer 04004,retail
CUST-04005,Synthetic Customer 04005,business
CUST-04006,Synthetic Customer 04006,business
CUST-04007,Synthetic Customer 04007,business
CUST-04008,Synthetic Customer 04008,business
CUST-04009,Synthetic Customer 04009,private_banking
CUST-04010,Synthetic Customer 04010,retail
CUST-04011,Synthetic Customer 04011,retail
CUST-04012,Synthetic Customer 04012,private_banking
CUST-04013,Synthetic Customer 04013,retail
CUST-04014,Synthetic Customer 04014,retail
CUST-04015,Synthetic Customer 04015,business
CUST-04016,Synthetic Customer 04016,business
CUST-04017,Synthetic Customer 04017,private_banking
CUST-04018,Synthetic Customer 04018,retail
CUST-04019,Synthetic Customer 04019,retail
CUST-04020,Synthetic Customer 04020,business
CUST-04021,Synthetic Customer 04021,retail
CUST-04022,Synthetic Customer 04022,private_banking
CUST-04023,Synthetic Customer 04023,business
CUST-04024,Synthetic Customer 04024,business
CUST-04025,Synthetic Customer 04025,business
CUST-04026,Synthetic Customer 04026,business
CUST-04027,Synthetic Customer 04027,private_banking
CUST-04028,Synthetic Customer 04028,private_banking
CUST-04029,Synthetic Customer 04029,retail
CUST-04030,Synthetic Customer 04030,retail
CUST-04031,Synthetic Customer 04031,business
CUST-04032,Synthetic Customer 04032,business
CUST-04033,Synthetic Customer 04033,business
CUST-04034,Synthetic Customer 04034,retail
CUST-04035,Synthetic Customer 04035,retail
CUST-04036,Synthetic Customer 04036,private_banking
CUST-04037,Synthetic Customer 04037,private_banking
CUST-04038,Synthetic Customer 04038,private_banking
CUST-04039,Synthetic Customer 04039,retail
CUST-04040,Synthetic Customer 04040,retail
CUST-04041,Synthetic Customer 04041,business
CUST-04042,Synthetic Customer 04042,business
CUST-04043,Synthetic Customer 04043,business
CUST-04044,Synthetic Customer 04044,business
CUST-04045,Synthetic Customer 04045,private_banking
CUST-04046,Synthetic Customer 04046,private_banking
CUST-04047,Synthetic Customer 04047,business
CUST-04048,Synthetic Customer 04048,retail
CUST-04049,Synthetic Customer 04049,retail
CUST-04050,Synthetic Customer 04050,business
CUST-04051,Synthetic Customer 04051,retail
CUST-04052,Synthetic Customer 04052,business
CUST-04053,Synthetic Customer 04053,business
CUST-04054,Synthetic Customer 04054,private_banking
CUST-04055,Synthetic Customer 04055,retail
CUST-04056,Synthetic Customer 04056,private_banking
CUST-04057,Synthetic Customer 04057,business
CUST-04058,Synthetic Customer 04058,retail
CUST-04059,Synthetic Customer 04059,private_banking
CUST-04060,Synthetic Customer 04060,private_banking
CUST-04061,Synthetic Customer 04061,business
CUST-04062,Synthetic Customer 04062,private_banking
CUST-04063,Synthetic Customer 04063,business
CUST-04064,Synthetic Customer 04064,private_banking
CUST-04065,Synthetic Customer 04065,private_banking
CUST-04066,Synthetic Customer 04066,retail
CUST-04067,Synthetic Customer 04067,retail
CUST-04068,Synthetic Customer 04068,retail
CUST-04069,Synthetic Customer 04069,private_banking
CUST-04070,Synthetic Customer 04070,private_banking
CUST-04071,Synthetic Customer 04071,private_banking
CUST-04072,Synthetic Customer 04072,business
CUST-04073,Synthetic Customer 04073,retail
CUST-04074,Synthetic Customer 04074,business
CUST-04075,Synthetic Customer 04075,retail
CUST-04076,Synthetic Customer 04076,business
CUST-04077,Synthetic Customer 04077,business
CUST-04078,Synthetic Customer 04078,retail
CUST-04079,Synthetic Customer 04079,retail
CUST-04080,Synthetic Customer 04080,retail
CUST-04081,Synthetic Customer 04081,business
CUST-04082,Synthetic Customer 04082,business
CUST-04083,Synthetic Customer 04083,business
CUST-04084,Synthetic Customer 04084,retail
CUST-04085,Synthetic Customer 04085,private_banking
CUST-04086,Synthetic Customer 04086,private_banking
CUST-04087,Synthetic Customer 04087,private_banking
CUST-04088,Synthetic Customer 04088,retail
CUST-04089,Synthetic Customer 04089,private_banking
CUST-04090,Synthetic Customer 04090,retail
CUST-04091,Synthetic Customer 04091,retail
CUST-04092,Synthetic Customer 04092,retail
CUST-04093,Synthetic Customer 04093,retail
CUST-04094,Synthetic Customer 04094,business
CUST-04095,Synthetic Customer 04095,private_banking
CUST-04096,Synthetic Customer 04096,private_banking
CUST-04097,Synthetic Customer 04097,private_banking
CUST-04098,Synthetic Customer 04098,private_banking
CUST-04099,Synthetic Customer 04099,retail
CUST-04100,Synthetic Customer 04100,private_banking
CUST-04101,Synthetic Customer 04101,retail
CUST-04102,Synthetic Customer 04102,business
CUST-04103,Synthetic Customer 04103,private_banking
CUST-04104,Synthetic Customer 04104,business
CUST-04105,Synthetic Customer 04105,private_banking
CUST-04106,Synthetic Customer 04106,business
CUST-04107,Synthetic Customer 04107,private_banking
CUST-04108,Synthetic Customer 04108,private_banking
CUST-04109,Synthetic Customer 04109,private_banking
CUST-04110,Synthetic Customer 04110,retail
CUST-04111,Synthetic Customer 04111,retail
CUST-04112,Synthetic Customer 04112,business
CUST-04113,Synthetic Customer 04113,business
CUST-04114,Synthetic Customer 04114,private_banking
CUST-04115,Synthetic Customer 04115,private_banking
CUST-04116,Synthetic Customer 04116,retail
CUST-04117,Synthetic Customer 04117,retail
CUST-04118,Synthetic Customer 04118,private_banking
CUST-04119,Synthetic Customer 04119,business
CUST-04120,Synthetic Customer 04120,private_banking
CUST-04121,Synthetic Customer 04121,private_banking
CUST-04122,Synthetic Customer 04122,business
CUST-04123,Synthetic Customer 04123,private_banking
CUST-04124,Synthetic Customer 04124,retail
CUST-04125,Synthetic Customer 04125,private_banking
CUST-04126,Synthetic Customer 04126,private_banking
CUST-04127,Synthetic Customer 04127,private_banking
CUST-04128,Synthetic Customer 04128,private_banking
CUST-04129,Synthetic Customer 04129,retail
CUST-04130,Synthetic Customer 04130,retail
CUST-04131,Synthetic Customer 04131,private_banking
CUST-04132,Synthetic Customer 04132,retail
CUST-04133,Synthetic Customer 04133,business
CUST-04134,Synthetic Customer 04134,private_banking
CUST-04135,Synthetic Customer 04135,business
CUST-04136,Synthetic Customer 04136,retail
CUST-04137,Synthetic Customer 04137,business
CUST-04138,Synthetic Customer 04138,retail
CUST-04139,Synthetic Customer 04139,business
CUST-04140,Synthetic Customer 04140,business
CUST-04141,Synthetic Customer 04141,private_banking
CUST-04142,Synthetic Customer 04142,retail
CUST-04143,Synthetic Customer 04143,business
CUST-04144,Synthetic Customer 04144,private_banking
CUST-04145,Synthetic Customer 04145,private_banking
CUST-04146,Synthetic Customer 04146,retail
CUST-04147,Synthetic Customer 04147,private_banking
CUST-04148,Synthetic Customer 04148,private_banking
CUST-04149,Synthetic Customer 04149,business
CUST-04150,Synthetic Customer 04150,private_banking
CUST-04151,Synthetic Customer 04151,retail
CUST-04152,Synthetic Customer 04152,private_banking
CUST-04153,Synthetic Customer 04153,retail
CUST-04154,Synthetic Customer 04154,retail
CUST-04155,Synthetic Customer 04155,retail
CUST-04156,Synthetic Customer 04156,business
CUST-04157,Synthetic Customer 04157,retail
CUST-04158,Synthetic Customer 04158,retail
CUST-04159,Synthetic Customer 04159,private_banking
CUST-04160,Synthetic Customer 04160,retail
CUST-04161,Synthetic Customer 04161,business
CUST-04162,Synthetic Customer 04162,business
CUST-04163,Synthetic Customer 04163,retail
CUST-04164,Synthetic Customer 04164,business
CUST-04165,Synthetic Customer 04165,business
CUST-04166,Synthetic Customer 04166,private_banking
CUST-04167,Synthetic Customer 04167,private_banking
CUST-04168,Synthetic Customer 04168,retail
CUST-04169,Synthetic Customer 04169,private_banking
CUST-04170,Synthetic Customer 04170,private_banking
CUST-04171,Synthetic Customer 04171,business
CUST-04172,Synthetic Customer 04172,private_banking
CUST-04173,Synthetic Customer 04173,retail
CUST-04174,Synthetic Customer 04174,business
CUST-04175,Synthetic Customer 04175,business
CUST-04176,Synthetic Customer 04176,business
CUST-04177,Synthetic Customer 04177,private_banking
CUST-04178,Synthetic Customer 04178,retail
CUST-04179,Synthetic Customer 04179,retail
CUST-04180,Synthetic Customer 04180,private_banking
CUST-04181,Synthetic Customer 04181,private_banking
CUST-04182,Synthetic Customer 04182,retail
CUST-04183,Synthetic Customer 04183,retail
CUST-04184,Synthetic Customer 04184,retail
CUST-04185,Synthetic Customer 04185,business
CUST-04186,Synthetic Customer 04186,retail
CUST-04187,Synthetic Customer 04187,private_banking
CUST-04188,Synthetic Customer 04188,business
CUST-04189,Synthetic Customer 04189,retail
CUST-04190,Synthetic Customer 04190,business
CUST-04191,Synthetic Customer 04191,business
CUST-04192,Synthetic Customer 04192,private_banking
CUST-04193,Synthetic Customer 04193,business
CUST-04194,Synthetic Customer 04194,retail
CUST-04195,Synthetic Customer 04195,retail
CUST-04196,Synthetic Customer 04196,business
CUST-04197,Synthetic Customer 04197,private_banking
CUST-04198,Synthetic Customer 04198,business
CUST-04199,Synthetic Customer 04199,business
CUST-04200,Synthetic Customer 04200,retail
CUST-04201,Synthetic Customer 04201,private_banking
CUST-04202,Synthetic Customer 04202,retail
CUST-04203,Synthetic Customer 04203,business
CUST-04204,Synthetic Customer 04204,private_banking
CUST-04205,Synthetic Customer 04205,private_banking
CUST-04206,Synthetic Customer 04206,retail
CUST-04207,Synthetic Customer 04207,retail
CUST-04208,Synthetic Customer 04208,private_banking
CUST-04209,Synthetic Customer 04209,private_banking
CUST-04210,Synthetic Customer 04210,private_banking
CUST-04211,Synthetic Customer 04211,private_banking
CUST-04212,Synthetic Customer 04212,retail
CUST-04213,Synthetic Customer 04213,private_banking
CUST-04214,Synthetic Customer 04214,business
CUST-04215,Synthetic Customer 04215,retail
CUST-04216,Synthetic Customer 04216,business
CUST-04217,Synthetic Customer 04217,business
CUST-04218,Synthetic Customer 04218,retail
CUST-04219,Synthetic Customer 04219,business
CUST-04220,Synthetic Customer 04220,private_banking
CUST-04221,Synthetic Customer 04221,business
CUST-04222,Synthetic Customer 04222,retail
CUST-04223,Synthetic Customer 04223,retail
CUST-04224,Synthetic Customer 04224,retail
CUST-04225,Synthetic Customer 04225,private_banking
CUST-04226,Synthetic Customer 04226,retail
CUST-04227,Synthetic Customer 04227,private_banking
CUST-04228,Synthetic Customer 04228,private_banking
CUST-04229,Synthetic Customer 04229,business
CUST-04230,Synthetic Customer 04230,business
CUST-04231,Synthetic Customer 04231,retail
CUST-04232,Synthetic Customer 04232,retail
CUST-04233,Synthetic Customer 04233,retail
CUST-04234,Synthetic Customer 04234,retail
CUST-04235,Synthetic Customer 04235,retail
CUST-04236,Synthetic Customer 04236,business
CUST-04237,Synthetic Customer 04237,retail
CUST-04238,Synthetic Customer 04238,private_banking
CUST-04239,Synthetic Customer 04239,retail
CUST-04240,Synthetic Customer 04240,business
CUST-04241,Synthetic Customer 04241,private_banking
CUST-04242,Synthetic Customer 04242,private_banking
CUST-04243,Synthetic Customer 04243,retail
CUST-04244,Synthetic Customer 04244,retail
CUST-04245,Synthetic Customer 04245,private_banking
CUST-04246,Synthetic Customer 04246,business
CUST-04247,Synthetic Customer 04247,retail
CUST-04248,Synthetic Customer 04248,business
CUST-04249,Synthetic Customer 04249,retail
CUST-04250,Synthetic Customer 04250,business
CUST-04251,Synthetic Customer 04251,private_banking
CUST-04252,Synthetic Customer 04252,retail
CUST-04253,Synthetic Customer 04253,retail
CUST-04254,Synthetic Customer 04254,private_banking
CUST-04255,Synthetic Customer 04255,retail
CUST-04256,Synthetic Customer 04256,private_banking
CUST-04257,Synthetic Customer 04257,retail
CUST-04258,Synthetic Customer 04258,business
CUST-04259,Synthetic Customer 04259,private_banking
CUST-04260,Synthetic Customer 04260,business
CUST-04261,Synthetic Customer 04261,business
CUST-04262,Synthetic Customer 04262,private_banking
CUST-04263,Synthetic Customer 04263,business
CUST-04264,Synthetic Customer 04264,business
CUST-04265,Synthetic Customer 04265,retail
CUST-04266,Synthetic Customer 04266,retail
CUST-04267,Synthetic Customer 04267,private_banking
CUST-04268,Synthetic Customer 04268,private_banking
CUST-04269,Synthetic Customer 04269,business
CUST-04270,Synthetic Customer 04270,business
CUST-04271,Synthetic Customer 04271,business
CUST-04272,Synthetic Customer 04272,business
CUST-04273,Synthetic Customer 04273,business
CUST-04274,Synthetic Customer 04274,business
CUST-04275,Synthetic Customer 04275,business
CUST-04276,Synthetic Customer 04276,business
CUST-04277,Synthetic Customer 04277,retail
CUST-04278,Synthetic Customer 04278,private_banking
CUST-04279,Synthetic Customer 04279,retail
CUST-04280,Synthetic Customer 04280,business
CUST-04281,Synthetic Customer 04281,retail
CUST-04282,Synthetic Customer 04282,retail
CUST-04283,Synthetic Customer 04283,retail
CUST-04284,Synthetic Customer 04284,private_banking
CUST-04285,Synthetic Customer 04285,private_banking
CUST-04286,Synthetic Customer 04286,private_banking
CUST-04287,Synthetic Customer 04287,retail
CUST-04288,Synthetic Customer 04288,private_banking
CUST-04289,Synthetic Customer 04289,private_banking
CUST-04290,Synthetic Customer 04290,business
CUST-04291,Synthetic Customer 04291,retail
CUST-04292,Synthetic Customer 04292,retail
CUST-04293,Synthetic Customer 04293,retail
CUST-04294,Synthetic Customer 04294,business
CUST-04295,Synthetic Customer 04295,business
CUST-04296,Synthetic Customer 04296,business
CUST-04297,Synthetic Customer 04297,business
CUST-04298,Synthetic Customer 04298,business
CUST-04299,Synthetic Customer 04299,retail
CUST-04300,Synthetic Customer 04300,retail
CUST-04301,Synthetic Customer 04301,business
CUST-04302,Synthetic Customer 04302,private_banking
CUST-04303,Synthetic Customer 04303,private_banking
CUST-04304,Synthetic Customer 04304,business
CUST-04305,Synthetic Customer 04305,private_banking
CUST-04306,Synthetic Customer 04306,business
CUST-04307,Synthetic Customer 04307,business
CUST-04308,Synthetic Customer 04308,private_banking
CUST-04309,Synthetic Customer 04309,retail
CUST-04310,Synthetic Customer 04310,private_banking
CUST-04311,Synthetic Customer 04311,retail
CUST-04312,Synthetic Customer 04312,retail
CUST-04313,Synthetic Customer 04313,retail
CUST-04314,Synthetic Customer 04314,business
CUST-04315,Synthetic Customer 04315,private_banking
CUST-04316,Synthetic Customer 04316,retail
CUST-04317,Synthetic Customer 04317,private_banking
CUST-04318,Synthetic Customer 04318,business
CUST-04319,Synthetic Customer 04319,retail
CUST-04320,Synthetic Customer 04320,private_banking
CUST-04321,Synthetic Customer 04321,retail
CUST-04322,Synthetic Customer 04322,retail
CUST-04323,Synthetic Customer 04323,private_banking
CUST-04324,Synthetic Customer 04324,private_banking
CUST-04325,Synthetic Customer 04325,retail
CUST-04326,Synthetic Customer 04326,business
CUST-04327,Synthetic Customer 04327,private_banking
CUST-04328,Synthetic Customer 04328,business
CUST-04329,Synthetic Customer 04329,retail
CUST-04330,Synthetic Customer 04330,private_banking
CUST-04331,Synthetic Customer 04331,retail
CUST-04332,Synthetic Customer 04332,business
CUST-04333,Synthetic Customer 04333,business
CUST-04334,Synthetic Customer 04334,business
CUST-04335,Synthetic Customer 04335,private_banking
CUST-04336,Synthetic Customer 04336,retail
CUST-04337,Synthetic Customer 04337,business
CUST-04338,Synthetic Customer 04338,private_banking
CUST-04339,Synthetic Customer 04339,retail
CUST-04340,Synthetic Customer 04340,business
CUST-04341,Synthetic Customer 04341,business
CUST-04342,Synthetic Customer 04342,private_banking
CUST-04343,Synthetic Customer 04343,private_banking
CUST-04344,Synthetic Customer 04344,retail
CUST-04345,Synthetic Customer 04345,business
CUST-04346,Synthetic Customer 04346,business
CUST-04347,Synthetic Customer 04347,business
CUST-04348,Synthetic Customer 04348,private_banking
CUST-04349,Synthetic Customer 04349,business
CUST-04350,Synthetic Customer 04350,private_banking
CUST-04351,Synthetic Customer 04351,private_banking
CUST-04352,Synthetic Customer 04352,retail
CUST-04353,Synthetic Customer 04353,business
CUST-04354,Synthetic Customer 04354,private_banking
CUST-04355,Synthetic Customer 04355,private_banking
CUST-04356,Synthetic Customer 04356,business
CUST-04357,Synthetic Customer 04357,business
CUST-04358,Synthetic Customer 04358,retail
CUST-04359,Synthetic Customer 04359,business
CUST-04360,Synthetic Customer 04360,business
CUST-04361,Synthetic Customer 04361,retail
CUST-04362,Synthetic Customer 04362,retail
CUST-04363,Synthetic Customer 04363,business
CUST-04364,Synthetic Customer 04364,private_banking
CUST-04365,Synthetic Customer 04365,private_banking
CUST-04366,Synthetic Customer 04366,business
CUST-04367,Synthetic Customer 04367,private_banking
CUST-04368,Synthetic Customer 04368,retail
CUST-04369,Synthetic Customer 04369,private_banking
CUST-04370,Synthetic Customer 04370,retail
CUST-04371,Synthetic Customer 04371,private_banking
CUST-04372,Synthetic Customer 04372,business
CUST-04373,Synthetic Customer 04373,retail
CUST-04374,Synthetic Customer 04374,retail
CUST-04375,Synthetic Customer 04375,business
CUST-04376,Synthetic Customer 04376,retail
CUST-04377,Synthetic Customer 04377,private_banking
CUST-04378,Synthetic Customer 04378,business
CUST-04379,Synthetic Customer 04379,retail
CUST-04380,Synthetic Customer 04380,retail
CUST-04381,Synthetic Customer 04381,private_banking
CUST-04382,Synthetic Customer 04382,business
CUST-04383,Synthetic Customer 04383,private_banking
CUST-04384,Synthetic Customer 04384,private_banking
CUST-04385,Synthetic Customer 04385,retail
CUST-04386,Synthetic Customer 04386,business
CUST-04387,Synthetic Customer 04387,private_banking
CUST-04388,Synthetic Customer 04388,business
CUST-04389,Synthetic Customer 04389,private_banking
CUST-04390,Synthetic Customer 04390,business
CUST-04391,Synthetic Customer 04391,retail
CUST-04392,Synthetic Customer 04392,private_banking
CUST-04393,Synthetic Customer 04393,retail
CUST-04394,Synthetic Customer 04394,private_banking
CUST-04395,Synthetic Customer 04395,retail
CUST-04396,Synthetic Customer 04396,retail
CUST-04397,Synthetic Customer 04397,retail
CUST-04398,Synthetic Customer 04398,business
CUST-04399,Synthetic Customer 04399,retail
CUST-04400,Synthetic Customer 04400,retail
CUST-04401,Synthetic Customer 04401,private_banking
CUST-04402,Synthetic Customer 04402,retail
CUST-04403,Synthetic Customer 04403,retail
CUST-04404,Synthetic Customer 04404,private_banking
CUST-04405,Synthetic Customer 04405,retail
CUST-04406,Synthetic Customer 04406,retail
CUST-04407,Synthetic Customer 04407,business
CUST-04408,Synthetic Customer 04408,business
CUST-04409,Synthetic Customer 04409,retail
CUST-04410,Synthetic Customer 04410,private_banking
CUST-04411,Synthetic Customer 04411,private_banking
CUST-04412,Synthetic Customer 04412,business
CUST-04413,Synthetic Customer 04413,business
CUST-04414,Synthetic Customer 04414,business
CUST-04415,Synthetic Customer 04415,business
CUST-04416,Synthetic Customer 04416,private_banking
CUST-04417,Synthetic Customer 04417,private_banking
CUST-04418,Synthetic Customer 04418,business
CUST-04419,Synthetic Customer 04419,private_banking
CUST-04420,Synthetic Customer 04420,retail
CUST-04421,Synthetic Customer 04421,business
CUST-04422,Synthetic Customer 04422,business
CUST-04423,Synthetic Customer 04423,retail
CUST-04424,Synthetic Customer 04424,business
CUST-04425,Synthetic Customer 04425,private_banking
CUST-04426,Synthetic Customer 04426,retail
CUST-04427,Synthetic Customer 04427,business
CUST-04428,Synthetic Customer 04428,retail
CUST-04429,Synthetic Customer 04429,private_banking
CUST-04430,Synthetic Customer 04430,private_banking
CUST-04431,Synthetic Customer 04431,private_banking
CUST-04432,Synthetic Customer 04432,business
CUST-04433,Synthetic Customer 04433,retail
CUST-04434,Synthetic Customer 04434,business
CUST-04435,Synthetic Customer 04435,business
CUST-04436,Synthetic Customer 04436,retail
CUST-04437,Synthetic Customer 04437,business
CUST-04438,Synthetic Customer 04438,retail
CUST-04439,Synthetic Customer 04439,business
CUST-04440,Synthetic Customer 04440,retail
CUST-04441,Synthetic Customer 04441,retail
CUST-04442,Synthetic Customer 04442,business
CUST-04443,Synthetic Customer 04443,retail
CUST-04444,Synthetic Customer 04444,retail
CUST-04445,Synthetic Customer 04445,private_banking
CUST-04446,Synthetic Customer 04446,retail
CUST-04447,Synthetic Customer 04447,private_banking
CUST-04448,Synthetic Customer 04448,retail
CUST-04449,Synthetic Customer 04449,retail
CUST-04450,Synthetic Customer 04450,retail
CUST-04451,Synthetic Customer 04451,private_banking
CUST-04452,Synthetic Customer 04452,retail
CUST-04453,Synthetic Customer 04453,private_banking
CUST-04454,Synthetic Customer 04454,private_banking
CUST-04455,Synthetic Customer 04455,business
CUST-04456,Synthetic Customer 04456,retail
CUST-04457,Synthetic Customer 04457,business
CUST-04458,Synthetic Customer 04458,business
CUST-04459,Synthetic Customer 04459,retail
CUST-04460,Synthetic Customer 04460,retail
CUST-04461,Synthetic Customer 04461,retail
CUST-04462,Synthetic Customer 04462,private_banking
CUST-04463,Synthetic Customer 04463,retail
CUST-04464,Synthetic Customer 04464,private_banking
CUST-04465,Synthetic Customer 04465,retail
CUST-04466,Synthetic Customer 04466,business
CUST-04467,Synthetic Customer 04467,retail
CUST-04468,Synthetic Customer 04468,private_banking
CUST-04469,Synthetic Customer 04469,business
CUST-04470,Synthetic Customer 04470,retail
CUST-04471,Synthetic Customer 04471,private_banking
CUST-04472,Synthetic Customer 04472,business
CUST-04473,Synthetic Customer 04473,business
CUST-04474,Synthetic Customer 04474,retail
CUST-04475,Synthetic Customer 04475,private_banking
CUST-04476,Synthetic Customer 04476,retail
CUST-04477,Synthetic Customer 04477,private_banking
CUST-04478,Synthetic Customer 04478,private_banking
CUST-04479,Synthetic Customer 04479,private_banking
CUST-04480,Synthetic Customer 04480,private_banking
CUST-04481,Synthetic Customer 04481,retail
CUST-04482,Synthetic Customer 04482,private_banking
CUST-04483,Synthetic Customer 04483,retail
CUST-04484,Synthetic Customer 04484,business
CUST-04485,Synthetic Customer 04485,retail
CUST-04486,Synthetic Customer 04486,private_banking
CUST-04487,Synthetic Customer 04487,business
CUST-04488,Synthetic Customer 04488,business
CUST-04489,Synthetic Customer 04489,business
CUST-04490,Synthetic Customer 04490,private_banking
CUST-04491,Synthetic Customer 04491,retail
CUST-04492,Synthetic Customer 04492,retail
CUST-04493,Synthetic Customer 04493,business
CUST-04494,Synthetic Customer 04494,private_banking
CUST-04495,Synthetic Customer 04495,business
CUST-04496,Synthetic Customer 04496,business
CUST-04497,Synthetic Customer 04497,private_banking
CUST-04498,Synthetic Customer 04498,private_banking
CUST-04499,Synthetic Customer 04499,retail
CUST-04500,Synthetic Customer 04500,private_banking
CUST-04501,Synthetic Customer 04501,private_banking
CUST-04502,Synthetic Customer 04502,retail
CUST-04503,Synthetic Customer 04503,business
CUST-04504,Synthetic Customer 04504,private_banking
CUST-04505,Synthetic Customer 04505,retail
CUST-04506,Synthetic Customer 04506,retail
CUST-04507,Synthetic Customer 04507,business
CUST-04508,Synthetic Customer 04508,private_banking
CUST-04509,Synthetic Customer 04509,private_banking
CUST-04510,Synthetic Customer 04510,business
CUST-04511,Synthetic Customer 04511,retail
CUST-04512,Synthetic Customer 04512,private_banking
CUST-04513,Synthetic Customer 04513,private_banking
CUST-04514,Synthetic Customer 04514,private_banking
CUST-04515,Synthetic Customer 04515,business
CUST-04516,Synthetic Customer 04516,private_banking
CUST-04517,Synthetic Customer 04517,retail
CUST-04518,Synthetic Customer 04518,private_banking
CUST-04519,Synthetic Customer 04519,business
CUST-04520,Synthetic Customer 04520,business
CUST-04521,Synthetic Customer 04521,retail
CUST-04522,Synthetic Customer 04522,private_banking
CUST-04523,Synthetic Customer 04523,business
CUST-04524,Synthetic Customer 04524,private_banking
CUST-04525,Synthetic Customer 04525,business
CUST-04526,Synthetic Customer 04526,retail
CUST-04527,Synthetic Customer 04527,retail
CUST-04528,Synthetic Customer 04528,private_banking
CUST-04529,Synthetic Customer 04529,private_banking
CUST-04530,Synthetic Customer 04530,private_banking
CUST-04531,Synthetic Customer 04531,private_banking
CUST-04532,Synthetic Customer 04532,business
CUST-04533,Synthetic Customer 04533,business
CUST-04534,Synthetic Customer 04534,business
CUST-04535,Synthetic Customer 04535,business
CUST-04536,Synthetic Customer 04536,private_banking
CUST-04537,Synthetic Customer 04537,retail
CUST-04538,Synthetic Customer 04538,retail
CUST-04539,Synthetic Customer 04539,business
CUST-04540,Synthetic Customer 04540,business
CUST-04541,Synthetic Customer 04541,business
CUST-04542,Synthetic Customer 04542,private_banking
CUST-04543,Synthetic Customer 04543,business
CUST-04544,Synthetic Customer 04544,retail
CUST-04545,Synthetic Customer 04545,business
CUST-04546,Synthetic Customer 04546,retail
CUST-04547,Synthetic Customer 04547,private_banking
CUST-04548,Synthetic Customer 04548,private_banking
CUST-04549,Synthetic Customer 04549,business
CUST-04550,Synthetic Customer 04550,private_banking
CUST-04551,Synthetic Customer 04551,private_banking
CUST-04552,Synthetic Customer 04552,private_banking
CUST-04553,Synthetic Customer 04553,business
CUST-04554,Synthetic Customer 04554,retail
CUST-04555,Synthetic Customer 04555,private_banking
CUST-04556,Synthetic Customer 04556,private_banking
CUST-04557,Synthetic Customer 04557,retail
CUST-04558,Synthetic Customer 04558,retail
CUST-04559,Synthetic Customer 04559,retail
CUST-04560,Synthetic Customer 04560,private_banking
CUST-04561,Synthetic Customer 04561,business
CUST-04562,Synthetic Customer 04562,private_banking
CUST-04563,Synthetic Customer 04563,retail
CUST-04564,Synthetic Customer 04564,business
CUST-04565,Synthetic Customer 04565,retail
CUST-04566,Synthetic Customer 04566,private_banking
CUST-04567,Synthetic Customer 04567,business
CUST-04568,Synthetic Customer 04568,retail
CUST-04569,Synthetic Customer 04569,private_banking
CUST-04570,Synthetic Customer 04570,private_banking
CUST-04571,Synthetic Customer 04571,retail
CUST-04572,Synthetic Customer 04572,business
CUST-04573,Synthetic Customer 04573,private_banking
CUST-04574,Synthetic Customer 04574,retail
CUST-04575,Synthetic Customer 04575,private_banking
CUST-04576,Synthetic Customer 04576,retail
CUST-04577,Synthetic Customer 04577,business
CUST-04578,Synthetic Customer 04578,private_banking
CUST-04579,Synthetic Customer 04579,retail
CUST-04580,Synthetic Customer 04580,private_banking
CUST-04581,Synthetic Customer 04581,private_banking
CUST-04582,Synthetic Customer 04582,business
CUST-04583,Synthetic Customer 04583,private_banking
CUST-04584,Synthetic Customer 04584,private_banking
CUST-04585,Synthetic Customer 04585,business
CUST-04586,Synthetic Customer 04586,private_banking
CUST-04587,Synthetic Customer 04587,business
CUST-04588,Synthetic Customer 04588,business
CUST-04589,Synthetic Customer 04589,private_banking
CUST-04590,Synthetic Customer 04590,private_banking
CUST-04591,Synthetic Customer 04591,business
CUST-04592,Synthetic Customer 04592,business
CUST-04593,Synthetic Customer 04593,private_banking
CUST-04594,Synthetic Customer 04594,retail
CUST-04595,Synthetic Customer 04595,retail
CUST-04596,Synthetic Customer 04596,private_banking
CUST-04597,Synthetic Customer 04597,retail
CUST-04598,Synthetic Customer 04598,retail
CUST-04599,Synthetic Customer 04599,retail
CUST-04600,Synthetic Customer 04600,business
CUST-04601,Synthetic Customer 04601,business
CUST-04602,Synthetic Customer 04602,business
CUST-04603,Synthetic Customer 04603,private_banking
CUST-04604,Synthetic Customer 04604,private_banking
CUST-04605,Synthetic Customer 04605,private_banking
CUST-04606,Synthetic Customer 04606,business
CUST-04607,Synthetic Customer 04607,private_banking
CUST-04608,Synthetic Customer 04608,business
CUST-04609,Synthetic Customer 04609,retail
CUST-04610,Synthetic Customer 04610,business
CUST-04611,Synthetic Customer 04611,business
CUST-04612,Synthetic Customer 04612,private_banking
CUST-04613,Synthetic Customer 04613,private_banking
CUST-04614,Synthetic Customer 04614,retail
CUST-04615,Synthetic Customer 04615,business
CUST-04616,Synthetic Customer 04616,private_banking
CUST-04617,Synthetic Customer 04617,business
CUST-04618,Synthetic Customer 04618,business
CUST-04619,Synthetic Customer 04619,business
CUST-04620,Synthetic Customer 04620,business
CUST-04621,Synthetic Customer 04621,business
CUST-04622,Synthetic Customer 04622,private_banking
CUST-04623,Synthetic Customer 04623,business
CUST-04624,Synthetic Customer 04624,private_banking
CUST-04625,Synthetic Customer 04625,retail
CUST-04626,Synthetic Customer 04626,retail
CUST-04627,Synthetic Customer 04627,private_banking
CUST-04628,Synthetic Customer 04628,retail
CUST-04629,Synthetic Customer 04629,retail
CUST-04630,Synthetic Customer 04630,business
CUST-04631,Synthetic Customer 04631,business
CUST-04632,Synthetic Customer 04632,private_banking
CUST-04633,Synthetic Customer 04633,retail
CUST-04634,Synthetic Customer 04634,private_banking
CUST-04635,Synthetic Customer 04635,business
CUST-04636,Synthetic Customer 04636,business
CUST-04637,Synthetic Customer 04637,retail
CUST-04638,Synthetic Customer 04638,business
CUST-04639,Synthetic Customer 04639,retail
CUST-04640,Synthetic Customer 04640,business
CUST-04641,Synthetic Customer 04641,business
CUST-04642,Synthetic Customer 04642,retail
CUST-04643,Synthetic Customer 04643,business
CUST-04644,Synthetic Customer 04644,business
CUST-04645,Synthetic Customer 04645,retail
CUST-04646,Synthetic Customer 04646,retail
CUST-04647,Synthetic Customer 04647,private_banking
CUST-04648,Synthetic Customer 04648,private_banking
CUST-04649,Synthetic Customer 04649,retail
CUST-04650,Synthetic Customer 04650,private_banking
CUST-04651,Synthetic Customer 04651,retail
CUST-04652,Synthetic Customer 04652,private_banking
CUST-04653,Synthetic Customer 04653,private_banking
CUST-04654,Synthetic Customer 04654,retail
CUST-04655,Synthetic Customer 04655,retail
CUST-04656,Synthetic Customer 04656,private_banking
CUST-04657,Synthetic Customer 04657,private_banking
CUST-04658,Synthetic Customer 04658,retail
CUST-04659,Synthetic Customer 04659,retail
CUST-04660,Synthetic Customer 04660,retail
CUST-04661,Synthetic Customer 04661,retail
CUST-04662,Synthetic Customer 04662,business
CUST-04663,Synthetic Customer 04663,private_banking
CUST-04664,Synthetic Customer 04664,private_banking
CUST-04665,Synthetic Customer 04665,retail
CUST-04666,Synthetic Customer 04666,business
CUST-04667,Synthetic Customer 04667,private_banking
CUST-04668,Synthetic Customer 04668,retail
CUST-04669,Synthetic Customer 04669,retail
CUST-04670,Synthetic Customer 04670,business
CUST-04671,Synthetic Customer 04671,private_banking
CUST-04672,Synthetic Customer 04672,retail
CUST-04673,Synthetic Customer 04673,business
CUST-04674,Synthetic Customer 04674,retail
CUST-04675,Synthetic Customer 04675,retail
CUST-04676,Synthetic Customer 04676,business
CUST-04677,Synthetic Customer 04677,business
CUST-04678,Synthetic Customer 04678,private_banking
CUST-04679,Synthetic Customer 04679,private_banking
CUST-04680,Synthetic Customer 04680,business
CUST-04681,Synthetic Customer 04681,private_banking
CUST-04682,Synthetic Customer 04682,private_banking
CUST-04683,Synthetic Customer 04683,retail
CUST-04684,Synthetic Customer 04684,business
CUST-04685,Synthetic Customer 04685,private_banking
CUST-04686,Synthetic Customer 04686,private_banking
CUST-04687,Synthetic Customer 04687,private_banking
CUST-04688,Synthetic Customer 04688,business
CUST-04689,Synthetic Customer 04689,business
CUST-04690,Synthetic Customer 04690,business
CUST-04691,Synthetic Customer 04691,business
CUST-04692,Synthetic Customer 04692,business
CUST-04693,Synthetic Customer 04693,business
CUST-04694,Synthetic Customer 04694,retail
CUST-04695,Synthetic Customer 04695,private_banking
CUST-04696,Synthetic Customer 04696,private_banking
CUST-04697,Synthetic Customer 04697,retail
CUST-04698,Synthetic Customer 04698,private_banking
CUST-04699,Synthetic Customer 04699,business
CUST-04700,Synthetic Customer 04700,retail
CUST-04701,Synthetic Customer 04701,retail
CUST-04702,Synthetic Customer 04702,business
CUST-04703,Synthetic Customer 04703,private_banking
CUST-04704,Synthetic Customer 04704,private_banking
CUST-04705,Synthetic Customer 04705,private_banking
CUST-04706,Synthetic Customer 04706,business
CUST-04707,Synthetic Customer 04707,private_banking
CUST-04708,Synthetic Customer 04708,business
CUST-04709,Synthetic Customer 04709,retail
CUST-04710,Synthetic Customer 04710,business
CUST-04711,Synthetic Customer 04711,retail
CUST-04712,Synthetic Customer 04712,retail
CUST-04713,Synthetic Customer 04713,retail
CUST-04714,Synthetic Customer 04714,business
CUST-04715,Synthetic Customer 04715,private_banking
CUST-04716,Synthetic Customer 04716,business
CUST-04717,Synthetic Customer 04717,business
CUST-04718,Synthetic Customer 04718,private_banking
CUST-04719,Synthetic Customer 04719,private_banking
CUST-04720,Synthetic Customer 04720,business
CUST-04721,Synthetic Customer 04721,retail
CUST-04722,Synthetic Customer 04722,retail
CUST-04723,Synthetic Customer 04723,business
CUST-04724,Synthetic Customer 04724,private_banking
CUST-04725,Synthetic Customer 04725,private_banking
CUST-04726,Synthetic Customer 04726,business
CUST-04727,Synthetic Customer 04727,business
CUST-04728,Synthetic Customer 04728,retail
CUST-04729,Synthetic Customer 04729,private_banking
CUST-04730,Synthetic Customer 04730,business
CUST-04731,Synthetic Customer 04731,retail
CUST-04732,Synthetic Customer 04732,private_banking
CUST-04733,Synthetic Customer 04733,business
CUST-04734,Synthetic Customer 04734,retail
CUST-04735,Synthetic Customer 04735,private_banking
CUST-04736,Synthetic Customer 04736,private_banking
CUST-04737,Synthetic Customer 04737,retail
CUST-04738,Synthetic Customer 04738,business
CUST-04739,Synthetic Customer 04739,business
CUST-04740,Synthetic Customer 04740,private_banking
CUST-04741,Synthetic Customer 04741,retail
CUST-04742,Synthetic Customer 04742,private_banking
CUST-04743,Synthetic Customer 04743,retail
CUST-04744,Synthetic Customer 04744,retail
CUST-04745,Synthetic Customer 04745,business
CUST-04746,Synthetic Customer 04746,private_banking
CUST-04747,Synthetic Customer 04747,private_banking
CUST-04748,Synthetic Customer 04748,private_banking
CUST-04749,Synthetic Customer 04749,business
CUST-04750,Synthetic Customer 04750,business
CUST-04751,Synthetic Customer 04751,business
CUST-04752,Synthetic Customer 04752,retail
CUST-04753,Synthetic Customer 04753,private_banking
CUST-04754,Synthetic Customer 04754,business
CUST-04755,Synthetic Customer 04755,retail
CUST-04756,Synthetic Customer 04756,retail
CUST-04757,Synthetic Customer 04757,private_banking
CUST-04758,Synthetic Customer 04758,business
CUST-04759,Synthetic Customer 04759,business
CUST-04760,Synthetic Customer 04760,private_banking
CUST-04761,Synthetic Customer 04761,private_banking
CUST-04762,Synthetic Customer 04762,retail
CUST-04763,Synthetic Customer 04763,private_banking
CUST-04764,Synthetic Customer 04764,retail
CUST-04765,Synthetic Customer 04765,business
CUST-04766,Synthetic Customer 04766,private_banking
CUST-04767,Synthetic Customer 04767,private_banking
CUST-04768,Synthetic Customer 04768,private_banking
CUST-04769,Synthetic Customer 04769,business
CUST-04770,Synthetic Customer 04770,private_banking
CUST-04771,Synthetic Customer 04771,retail
CUST-04772,Synthetic Customer 04772,retail
CUST-04773,Synthetic Customer 04773,retail
CUST-04774,Synthetic Customer 04774,retail
CUST-04775,Synthetic Customer 04775,private_banking
CUST-04776,Synthetic Customer 04776,private_banking
CUST-04777,Synthetic Customer 04777,retail
CUST-04778,Synthetic Customer 04778,retail
CUST-04779,Synthetic Customer 04779,retail
CUST-04780,Synthetic Customer 04780,business
CUST-04781,Synthetic Customer 04781,retail
CUST-04782,Synthetic Customer 04782,private_banking
CUST-04783,Synthetic Customer 04783,business
CUST-04784,Synthetic Customer 04784,private_banking
CUST-04785,Synthetic Customer 04785,private_banking
CUST-04786,Synthetic Customer 04786,private_banking
CUST-04787,Synthetic Customer 04787,retail
CUST-04788,Synthetic Customer 04788,retail
CUST-04789,Synthetic Customer 04789,retail
CUST-04790,Synthetic Customer 04790,business
CUST-04791,Synthetic Customer 04791,private_banking
CUST-04792,Synthetic Customer 04792,retail
CUST-04793,Synthetic Customer 04793,business
CUST-04794,Synthetic Customer 04794,retail
CUST-04795,Synthetic Customer 04795,retail
CUST-04796,Synthetic Customer 04796,retail
CUST-04797,Synthetic Customer 04797,business
CUST-04798,Synthetic Customer 04798,private_banking
CUST-04799,Synthetic Customer 04799,business
CUST-04800,Synthetic Customer 04800,business
CUST-04801,Synthetic Customer 04801,business
CUST-04802,Synthetic Customer 04802,retail
CUST-04803,Synthetic Customer 04803,retail
CUST-04804,Synthetic Customer 04804,private_banking
CUST-04805,Synthetic Customer 04805,business
CUST-04806,Synthetic Customer 04806,business
CUST-04807,Synthetic Customer 04807,private_banking
CUST-04808,Synthetic Customer 04808,retail
CUST-04809,Synthetic Customer 04809,private_banking
CUST-04810,Synthetic Customer 04810,business
CUST-04811,Synthetic Customer 04811,private_banking
CUST-04812,Synthetic Customer 04812,retail
CUST-04813,Synthetic Customer 04813,private_banking
CUST-04814,Synthetic Customer 04814,retail
CUST-04815,Synthetic Customer 04815,private_banking
CUST-04816,Synthetic Customer 04816,retail
CUST-04817,Synthetic Customer 04817,private_banking
CUST-04818,Synthetic Customer 04818,business
CUST-04819,Synthetic Customer 04819,private_banking
CUST-04820,Synthetic Customer 04820,business
CUST-04821,Synthetic Customer 04821,retail
CUST-04822,Synthetic Customer 04822,private_banking
CUST-04823,Synthetic Customer 04823,private_banking
CUST-04824,Synthetic Customer 04824,retail
CUST-04825,Synthetic Customer 04825,retail
CUST-04826,Synthetic Customer 04826,retail
CUST-04827,Synthetic Customer 04827,business
CUST-04828,Synthetic Customer 04828,private_banking
CUST-04829,Synthetic Customer 04829,business
CUST-04830,Synthetic Customer 04830,retail
CUST-04831,Synthetic Customer 04831,private_banking
CUST-04832,Synthetic Customer 04832,private_banking
CUST-04833,Synthetic Customer 04833,retail
CUST-04834,Synthetic Customer 04834,private_banking
CUST-04835,Synthetic Customer 04835,private_banking
CUST-04836,Synthetic Customer 04836,business
CUST-04837,Synthetic Customer 04837,retail
CUST-04838,Synthetic Customer 04838,retail
CUST-04839,Synthetic Customer 04839,business
CUST-04840,Synthetic Customer 04840,private_banking
CUST-04841,Synthetic Customer 04841,retail
CUST-04842,Synthetic Customer 04842,business
CUST-04843,Synthetic Customer 04843,private_banking
CUST-04844,Synthetic Customer 04844,business
CUST-04845,Synthetic Customer 04845,private_banking
CUST-04846,Synthetic Customer 04846,business
CUST-04847,Synthetic Customer 04847,business
CUST-04848,Synthetic Customer 04848,business
CUST-04849,Synthetic Customer 04849,business
CUST-04850,Synthetic Customer 04850,private_banking
CUST-04851,Synthetic Customer 04851,business
CUST-04852,Synthetic Customer 04852,business
CUST-04853,Synthetic Customer 04853,private_banking
CUST-04854,Synthetic Customer 04854,private_banking
CUST-04855,Synthetic Customer 04855,retail
CUST-04856,Synthetic Customer 04856,business
CUST-04857,Synthetic Customer 04857,business
CUST-04858,Synthetic Customer 04858,retail
CUST-04859,Synthetic Customer 04859,private_banking
CUST-04860,Synthetic Customer 04860,business
CUST-04861,Synthetic Customer 04861,retail
CUST-04862,Synthetic Customer 04862,business
CUST-04863,Synthetic Customer 04863,retail
CUST-04864,Synthetic Customer 04864,private_banking
CUST-04865,Synthetic Customer 04865,business
CUST-04866,Synthetic Customer 04866,private_banking
CUST-04867,Synthetic Customer 04867,retail
CUST-04868,Synthetic Customer 04868,business
CUST-04869,Synthetic Customer 04869,private_banking
CUST-04870,Synthetic Customer 04870,business
CUST-04871,Synthetic Customer 04871,retail
CUST-04872,Synthetic Customer 04872,private_banking
CUST-04873,Synthetic Customer 04873,private_banking
CUST-04874,Synthetic Customer 04874,retail
CUST-04875,Synthetic Customer 04875,retail
CUST-04876,Synthetic Customer 04876,business
CUST-04877,Synthetic Customer 04877,business
CUST-04878,Synthetic Customer 04878,retail
CUST-04879,Synthetic Customer 04879,private_banking
CUST-04880,Synthetic Customer 04880,business
CUST-04881,Synthetic Customer 04881,private_banking
CUST-04882,Synthetic Customer 04882,retail
CUST-04883,Synthetic Customer 04883,retail
CUST-04884,Synthetic Customer 04884,retail
CUST-04885,Synthetic Customer 04885,private_banking
CUST-04886,Synthetic Customer 04886,business
CUST-04887,Synthetic Customer 04887,business
CUST-04888,Synthetic Customer 04888,business
CUST-04889,Synthetic Customer 04889,business
CUST-04890,Synthetic Customer 04890,private_banking
CUST-04891,Synthetic Customer 04891,retail
CUST-04892,Synthetic Customer 04892,retail
CUST-04893,Synthetic Customer 04893,retail
CUST-04894,Synthetic Customer 04894,private_banking
CUST-04895,Synthetic Customer 04895,retail
CUST-04896,Synthetic Customer 04896,retail
CUST-04897,Synthetic Customer 04897,retail
CUST-04898,Synthetic Customer 04898,retail
CUST-04899,Synthetic Customer 04899,retail
CUST-04900,Synthetic Customer 04900,business
CUST-04901,Synthetic Customer 04901,private_banking
CUST-04902,Synthetic Customer 04902,retail
CUST-04903,Synthetic Customer 04903,retail
CUST-04904,Synthetic Customer 04904,business
CUST-04905,Synthetic Customer 04905,business
CUST-04906,Synthetic Customer 04906,private_banking
CUST-04907,Synthetic Customer 04907,private_banking
CUST-04908,Synthetic Customer 04908,business
CUST-04909,Synthetic Customer 04909,private_banking
CUST-04910,Synthetic Customer 04910,private_banking
CUST-04911,Synthetic Customer 04911,business
CUST-04912,Synthetic Customer 04912,private_banking
CUST-04913,Synthetic Customer 04913,private_banking
CUST-04914,Synthetic Customer 04914,private_banking
CUST-04915,Synthetic Customer 04915,private_banking
CUST-04916,Synthetic Customer 04916,retail
CUST-04917,Synthetic Customer 04917,business
CUST-04918,Synthetic Customer 04918,business
CUST-04919,Synthetic Customer 04919,business
CUST-04920,Synthetic Customer 04920,retail
CUST-04921,Synthetic Customer 04921,business
CUST-04922,Synthetic Customer 04922,private_banking
CUST-04923,Synthetic Customer 04923,business
CUST-04924,Synthetic Customer 04924,retail
CUST-04925,Synthetic Customer 04925,retail
CUST-04926,Synthetic Customer 04926,business
CUST-04927,Synthetic Customer 04927,retail
CUST-04928,Synthetic Customer 04928,business
CUST-04929,Synthetic Customer 04929,retail
CUST-04930,Synthetic Customer 04930,private_banking
CUST-04931,Synthetic Customer 04931,retail
CUST-04932,Synthetic Customer 04932,private_banking
CUST-04933,Synthetic Customer 04933,business
CUST-04934,Synthetic Customer 04934,business
CUST-04935,Synthetic Customer 04935,private_banking
CUST-04936,Synthetic Customer 04936,private_banking
CUST-04937,Synthetic Customer 04937,private_banking
CUST-04938,Synthetic Customer 04938,retail
CUST-04939,Synthetic Customer 04939,private_banking
CUST-04940,Synthetic Customer 04940,business
CUST-04941,Synthetic Customer 04941,private_banking
CUST-04942,Synthetic Customer 04942,retail
CUST-04943,Synthetic Customer 04943,retail
CUST-04944,Synthetic Customer 04944,business
CUST-04945,Synthetic Customer 04945,private_banking
CUST-04946,Synthetic Customer 04946,retail
CUST-04947,Synthetic Customer 04947,retail
CUST-04948,Synthetic Customer 04948,private_banking
CUST-04949,Synthetic Customer 04949,retail
CUST-04950,Synthetic Customer 04950,retail
CUST-04951,Synthetic Customer 04951,retail
CUST-04952,Synthetic Customer 04952,business
CUST-04953,Synthetic Customer 04953,retail
CUST-04954,Synthetic Customer 04954,business
CUST-04955,Synthetic Customer 04955,business
CUST-04956,Synthetic Customer 04956,private_banking
CUST-04957,Synthetic Customer 04957,business
CUST-04958,Synthetic Customer 04958,retail
CUST-04959,Synthetic Customer 04959,business
CUST-04960,Synthetic Customer 04960,retail
CUST-04961,Synthetic Customer 04961,business
CUST-04962,Synthetic Customer 04962,private_banking
CUST-04963,Synthetic Customer 04963,business
CUST-04964,Synthetic Customer 04964,private_banking
CUST-04965,Synthetic Customer 04965,retail
CUST-04966,Synthetic Customer 04966,private_banking
CUST-04967,Synthetic Customer 04967,retail
CUST-04968,Synthetic Customer 04968,business
CUST-04969,Synthetic Customer 04969,business
CUST-04970,Synthetic Customer 04970,retail
CUST-04971,Synthetic Customer 04971,private_banking
CUST-04972,Synthetic Customer 04972,business
CUST-04973,Synthetic Customer 04973,private_banking
CUST-04974,Synthetic Customer 04974,retail
CUST-04975,Synthetic Customer 04975,private_banking
CUST-04976,Synthetic Customer 04976,retail
CUST-04977,Synthetic Customer 04977,private_banking
CUST-04978,Synthetic Customer 04978,business
CUST-04979,Synthetic Customer 04979,retail
CUST-04980,Synthetic Customer 04980,private_banking
CUST-04981,Synthetic Customer 04981,business
CUST-04982,Synthetic Customer 04982,business
CUST-04983,Synthetic Customer 04983,private_banking
CUST-04984,Synthetic Customer 04984,private_banking
CUST-04985,Synthetic Customer 04985,business
CUST-04986,Synthetic Customer 04986,retail
CUST-04987,Synthetic Customer 04987,private_banking
CUST-04988,Synthetic Customer 04988,private_banking
CUST-04989,Synthetic Customer 04989,business
CUST-04990,Synthetic Customer 04990,business
CUST-04991,Synthetic Customer 04991,private_banking
CUST-04992,Synthetic Customer 04992,retail
CUST-04993,Synthetic Customer 04993,retail
CUST-04994,Synthetic Customer 04994,retail
CUST-04995,Synthetic Customer 04995,private_banking
CUST-04996,Synthetic Customer 04996,business
CUST-04997,Synthetic Customer 04997,private_banking
CUST-04998,Synthetic Customer 04998,business
CUST-04999,Synthetic Customer 04999,retail
CUST-05000,Synthetic Customer 05000,retail
