case_id,transaction_id,account_id,status,risk_score,opened_at
FC-00001,TXN-010638,ACC-06344,closed_no_fraud,0.48,2026-07-17
FC-00002,TXN-025910,ACC-01257,investigating,0.93,2026-07-23
FC-00003,TXN-029306,ACC-06844,closed_no_fraud,0.96,2026-03-26
FC-00004,TXN-011213,ACC-00186,closed_no_fraud,0.69,2026-04-17
FC-00005,TXN-042759,ACC-02825,investigating,0.62,2026-07-16
FC-00006,TXN-048697,ACC-01118,closed_no_fraud,0.82,2026-07-18
FC-00007,TXN-036606,ACC-00495,confirmed_fraud,0.56,2026-01-16
FC-00008,TXN-027034,ACC-03191,investigating,0.57,2026-06-15
FC-00009,TXN-009045,ACC-03590,open,0.49,2026-01-16
FC-00010,TXN-001162,ACC-03319,open,0.81,2026-02-17
FC-00011,TXN-001324,ACC-01072,confirmed_fraud,0.81,2026-02-25
FC-00012,TXN-032728,ACC-03833,open,0.71,2026-08-21
FC-00013,TXN-047958,ACC-03022,closed_no_fraud,0.8,2026-01-13
FC-00014,TXN-042376,ACC-00831,open,0.72,2026-08-16
FC-00015,TXN-014990,ACC-01308,investigating,0.83,2026-07-10
FC-00016,TXN-045787,ACC-06130,open,0.55,2026-02-15
FC-00017,TXN-021092,ACC-01153,open,0.49,2026-07-26
FC-00018,TXN-040371,ACC-06445,investigating,0.65,2026-01-15
FC-00019,TXN-014049,ACC-03695,investigating,0.5,2026-04-04
FC-00020,TXN-035981,ACC-02305,open,0.56,2026-01-17
FC-00021,TXN-015446,ACC-01402,confirmed_fraud,0.43,2026-05-25
FC-00022,TXN-010570,ACC-03854,open,0.49,2026-04-16
FC-00023,TXN-017759,ACC-03212,confirmed_fraud,0.78,2026-01-26
FC-00024,TXN-048767,ACC-03622,confirmed_fraud,0.61,2026-08-13
FC-00025,TXN-013550,ACC-03133,closed_no_fraud,0.61,2026-02-25
FC-00026,TXN-042656,ACC-01362,open,0.77,2026-02-11
FC-00027,TXN-007302,ACC-04928,closed_no_fraud,0.89,2026-07-09
FC-00028,TXN-035001,ACC-01451,investigating,0.56,2026-08-06
FC-00029,TXN-011065,ACC-06902,investigating,0.95,2026-04-04
FC-00030,TXN-015333,ACC-03342,investigating,0.45,2026-02-08
FC-00031,TXN-030742,ACC-06019,closed_no_fraud,0.62,2026-03-27
FC-00032,TXN-040482,ACC-04914,investigating,0.64,2026-08-04
FC-00033,TXN-041330,ACC-03687,closed_no_fraud,0.4,2026-03-28
FC-00034,TXN-040913,ACC-01814,confirmed_fraud,0.74,2026-04-26
FC-00035,TXN-044087,ACC-00257,open,0.52,2026-06-26
FC-00036,TXN-025296,ACC-02380,confirmed_fraud,0.46,2026-04-25
FC-00037,TXN-003290,ACC-04651,closed_no_fraud,0.61,2026-05-13
FC-00038,TXN-027772,ACC-03603,confirmed_fraud,0.84,2026-08-26
FC-00039,TXN-042743,ACC-04140,confirmed_fraud,0.57,2026-07-23
FC-00040,TXN-019193,ACC-00539,open,0.41,2026-03-27
FC-00041,TXN-025517,ACC-07409,closed_no_fraud,0.59,2026-06-11
FC-00042,TXN-002316,ACC-01890,investigating,0.97,2026-07-11
FC-00043,TXN-028391,ACC-06474,closed_no_fraud,0.48,2026-04-08
FC-00044,TXN-011405,ACC-05066,investigating,0.59,2026-08-13
FC-00045,TXN-023725,ACC-03008,closed_no_fraud,0.48,2026-07-22
FC-00046,TXN-015426,ACC-01124,open,0.58,2026-08-21
FC-00047,TXN-019433,ACC-01350,confirmed_fraud,0.57,2026-08-19
FC-00048,TXN-003466,ACC-04141,open,0.55,2026-01-25
FC-00049,TXN-040309,ACC-06524,open,0.54,2026-04-09
FC-00050,TXN-015534,ACC-04153,open,0.74,2026-04-23
FC-00051,TXN-038104,ACC-07099,investigating,0.58,2026-01-16
FC-00052,TXN-015910,ACC-03660,open,0.7,2026-05-22
FC-00053,TXN-010481,ACC-05079,confirmed_fraud,0.47,2026-01-26
FC-00054,TXN-021912,ACC-07223,open,0.9,2026-04-06
FC-00055,TXN-032840,ACC-04030,closed_no_fraud,0.57,2026-01-17
FC-00056,TXN-045756,ACC-03685,investigating,0.72,2026-07-17
FC-00057,TXN-011962,ACC-05721,investigating,0.75,2026-04-08
FC-00058,TXN-021767,ACC-04185,investigating,0.73,2026-05-08
FC-00059,TXN-030378,ACC-02817,investigating,0.49,2026-05-17
FC-00060,TXN-022506,ACC-06605,open,0.97,2026-02-17
FC-00061,TXN-018741,ACC-07025,closed_no_fraud,0.9,2026-06-20
FC-00062,TXN-021442,ACC-06341,investigating,0.79,2026-04-16
FC-00063,TXN-016181,ACC-04363,open,0.9,2026-05-16
FC-00064,TXN-042829,ACC-06555,open,0.86,2026-03-18
FC-00065,TXN-025646,ACC-03413,confirmed_fraud,0.73,2026-01-22
FC-00066,TXN-013984,ACC-02272,open,0.97,2026-08-21
FC-00067,TXN-015237,ACC-02963,closed_no_fraud,0.55,2026-05-19
FC-00068,TXN-000149,ACC-05712,open,0.93,2026-05-08
FC-00069,TXN-019287,ACC-06813,open,0.48,2026-06-04
FC-00070,TXN-000525,ACC-02060,closed_no_fraud,0.66,2026-05-08
FC-00071,TXN-016928,ACC-02354,confirmed_fraud,0.56,2026-03-24
FC-00072,TXN-034418,ACC-05905,investigating,0.5,2026-07-17
FC-00073,TXN-034661,ACC-00739,open,0.88,2026-08-20
FC-00074,TXN-030864,ACC-03049,investigating,0.86,2026-05-22
FC-00075,TXN-008663,ACC-07121,closed_no_fraud,0.81,2026-08-07
FC-00076,TXN-007081,ACC-02613,confirmed_fraud,0.87,2026-01-27
FC-00077,TXN-039641,ACC-05336,open,0.57,2026-05-28
FC-00078,TXN-017097,ACC-04539,open,0.78,2026-08-06
FC-00079,TXN-032909,ACC-01459,confirmed_fraud,0.48,2026-06-03
FC-00080,TXN-037181,ACC-01737,open,0.93,2026-06-14
FC-00081,TXN-024854,ACC-07350,confirmed_fraud,0.68,2026-06-14
FC-00082,TXN-015573,ACC-01301,open,0.62,2026-03-11
FC-00083,TXN-001234,ACC-01044,investigating,0.54,2026-04-13
FC-00084,TXN-008331,ACC-00357,closed_no_fraud,0.91,2026-05-02
FC-00085,TXN-002209,ACC-05093,closed_no_fraud,0.67,2026-03-17
FC-00086,TXN-046359,ACC-04290,open,0.53,2026-07-06
FC-00087,TXN-021542,ACC-02655,investigating,0.75,2026-01-18
FC-00088,TXN-042544,ACC-03680,confirmed_fraud,0.75,2026-04-10
FC-00089,TXN-020596,ACC-05061,open,0.65,2026-03-01
FC-00090,TXN-011680,ACC-00884,closed_no_fraud,0.61,2026-02-22
FC-00091,TXN-041393,ACC-02083,closed_no_fraud,0.66,2026-01-07
FC-00092,TXN-033551,ACC-05258,confirmed_fraud,0.58,2026-08-08
FC-00093,TXN-030295,ACC-02058,confirmed_fraud,0.82,2026-08-28
FC-00094,TXN-043743,ACC-03774,closed_no_fraud,0.79,2026-06-09
FC-00095,TXN-045200,ACC-06630,closed_no_fraud,0.45,2026-04-19
FC-00096,TXN-034976,ACC-07435,closed_no_fraud,0.41,2026-05-02
FC-00097,TXN-009273,ACC-00420,open,0.44,2026-05-17
FC-00098,TXN-011427,ACC-01761,closed_no_fraud,0.63,2026-06-26
FC-00099,TXN-027089,ACC-06124,confirmed_fraud,0.93,2026-04-17
FC-00100,TXN-016597,ACC-01649,closed_no_fraud,0.77,2026-01-21
FC-00101,TXN-036361,ACC-02940,investigating,0.64,2026-08-25
FC-00102,TXN-031186,ACC-06392,confirmed_fraud,0.66,2026-01-03
FC-00103,TXN-004660,ACC-07474,confirmed_fraud,0.8,2026-08-03
FC-00104,TXN-008722,ACC-02064,confirmed_fraud,0.8,2026-01-23
FC-00105,TXN-035975,ACC-04765,open,0.5,2026-06-07
FC-00106,TXN-018374,ACC-05057,closed_no_fraud,0.77,2026-06-21
FC-00107,TXN-012930,ACC-00105,confirmed_fraud,0.96,2026-01-23
FC-00108,TXN-036427,ACC-01261,investigating,0.43,2026-02-28
FC-00109,TXN-039912,ACC-04249,confirmed_fraud,0.65,2026-03-19
FC-00110,TXN-012507,ACC-04402,open,0.91,2026-06-27
FC-00111,TXN-025265,ACC-01534,investigating,0.84,2026-05-07
FC-00112,TXN-018441,ACC-05408,confirmed_fraud,0.87,2026-03-26
FC-00113,TXN-037049,ACC-03423,open,0.64,2026-06-18
FC-00114,TXN-025984,ACC-05462,confirmed_fraud,0.67,2026-06-03
FC-00115,TXN-010926,ACC-02929,open,0.94,2026-04-16
FC-00116,TXN-048606,ACC-01909,confirmed_fraud,0.43,2026-02-04
FC-00117,TXN-022215,ACC-07094,open,0.65,2026-02-27
FC-00118,TXN-021739,ACC-03151,confirmed_fraud,0.45,2026-01-18
FC-00119,TXN-001699,ACC-04814,closed_no_fraud,0.48,2026-05-01
FC-00120,TXN-029986,ACC-02632,investigating,0.92,2026-03-21
FC-00121,TXN-010882,ACC-01124,open,0.71,2026-08-10
FC-00122,TXN-024963,ACC-03725,investigating,0.44,2026-07-11
FC-00123,TXN-020030,ACC-05247,closed_no_fraud,0.48,2026-01-03
FC-00124,TXN-047003,ACC-02175,investigating,0.95,2026-06-17
FC-00125,TXN-021401,ACC-02368,open,0.59,2026-06-20
FC-00126,TXN-043384,ACC-05821,investigating,0.44,2026-04-18
FC-00127,TXN-038082,ACC-06707,investigating,0.53,2026-08-20
FC-00128,TXN-002051,ACC-03215,closed_no_fraud,0.65,2026-06-25
FC-00129,TXN-025672,ACC-00443,investigating,0.78,2026-06-04
FC-00130,TXN-035105,ACC-05539,investigating,0.7,2026-03-18
FC-00131,TXN-048977,ACC-04985,closed_no_fraud,0.94,2026-05-15
FC-00132,TXN-039918,ACC-01087,confirmed_fraud,0.82,2026-08-19
FC-00133,TXN-019426,ACC-06287,investigating,0.86,2026-06-04
FC-00134,TXN-048175,ACC-04008,investigating,0.96,2026-05-23
FC-00135,TXN-004539,ACC-00220,confirmed_fraud,0.42,2026-03-21
FC-00136,TXN-027391,ACC-02892,closed_no_fraud,0.52,2026-03-20
FC-00137,TXN-034028,ACC-07442,open,0.72,2026-07-13
FC-00138,TXN-009325,ACC-04757,closed_no_fraud,0.88,2026-07-05
FC-00139,TXN-008858,ACC-02136,investigating,0.58,2026-04-24
FC-00140,TXN-003330,ACC-02257,open,0.83,2026-02-16
FC-00141,TXN-000510,ACC-05799,confirmed_fraud,0.45,2026-02-05
FC-00142,TXN-029347,ACC-02591,investigating,0.91,2026-05-27
FC-00143,TXN-012380,ACC-05953,closed_no_fraud,0.45,2026-05-17
FC-00144,TXN-029032,ACC-01735,confirmed_fraud,0.75,2026-05-16
FC-00145,TXN-039219,ACC-05445,open,0.84,2026-08-22
FC-00146,TXN-014926,ACC-05848,investigating,0.48,2026-01-01
FC-00147,TXN-028330,ACC-01872,investigating,0.41,2026-03-08
FC-00148,TXN-006080,ACC-04691,investigating,0.65,2026-06-19
FC-00149,TXN-048443,ACC-03134,confirmed_fraud,0.49,2026-08-17
FC-00150,TXN-006423,ACC-03549,investigating,0.54,2026-02-22
FC-00151,TXN-015316,ACC-05669,open,0.74,2026-04-15
FC-00152,TXN-004836,ACC-05963,closed_no_fraud,0.77,2026-02-06
FC-00153,TXN-042581,ACC-06161,confirmed_fraud,0.41,2026-04-05
FC-00154,TXN-033125,ACC-01233,investigating,0.47,2026-03-26
FC-00155,TXN-033312,ACC-00956,open,0.87,2026-03-24
FC-00156,TXN-021389,ACC-03348,investigating,0.93,2026-05-05
FC-00157,TXN-044289,ACC-02357,closed_no_fraud,0.78,2026-07-13
FC-00158,TXN-037383,ACC-00076,investigating,0.48,2026-03-21
FC-00159,TXN-004322,ACC-07444,closed_no_fraud,0.52,2026-06-05
FC-00160,TXN-001891,ACC-02770,confirmed_fraud,0.66,2026-05-03
FC-00161,TXN-026174,ACC-00054,confirmed_fraud,0.73,2026-05-13
FC-00162,TXN-047683,ACC-02067,closed_no_fraud,0.82,2026-01-28
FC-00163,TXN-048434,ACC-02138,investigating,0.63,2026-05-08
FC-00164,TXN-013976,ACC-02498,investigating,0.93,2026-02-12
FC-00165,TXN-041673,ACC-02963,closed_no_fraud,0.48,2026-07-25
FC-00166,TXN-038674,ACC-02026,investigating,0.63,2026-04-15
FC-00167,TXN-020422,ACC-03704,closed_no_fraud,0.55,2026-01-20
FC-00168,TXN-022066,ACC-04741,confirmed_fraud,0.42,2026-04-28
FC-00169,TXN-029603,ACC-03242,confirmed_fraud,0.56,2026-04-09
FC-00170,TXN-020271,ACC-05922,open,0.6,2026-01-10
FC-00171,TXN-046182,ACC-01746,confirmed_fraud,0.47,2026-03-22
FC-00172,TXN-016554,ACC-01906,closed_no_fraud,0.67,2026-04-28
FC-00173,TXN-021528,ACC-00039,investigating,0.5,2026-01-17
FC-00174,TXN-007945,ACC-02985,confirmed_fraud,0.97,2026-03-19
FC-00175,TXN-031773,ACC-06023,investigating,0.54,2026-04-28
FC-00176,TXN-012091,ACC-05934,open,0.85,2026-03-13
FC-00177,TXN-028693,ACC-00822,confirmed_fraud,0.9,2026-04-05
FC-00178,TXN-048481,ACC-06983,closed_no_fraud,0.43,2026-08-24
FC-00179,TXN-012322,ACC-01634,open,0.57,2026-02-03
FC-00180,TXN-004824,ACC-03133,investigating,0.45,2026-06-27
FC-00181,TXN-037422,ACC-00266,closed_no_fraud,0.73,2026-05-19
FC-00182,TXN-030631,ACC-00939,confirmed_fraud,0.53,2026-01-21
FC-00183,TXN-015265,ACC-03063,closed_no_fraud,0.77,2026-06-27
FC-00184,TXN-039760,ACC-02276,confirmed_fraud,0.53,2026-06-08
FC-00185,TXN-021060,ACC-03442,investigating,0.75,2026-07-03
FC-00186,TXN-015540,ACC-01084,closed_no_fraud,0.86,2026-05-12
FC-00187,TXN-014154,ACC-01033,closed_no_fraud,0.85,2026-03-23
FC-00188,TXN-000143,ACC-02282,confirmed_fraud,0.82,2026-07-09
FC-00189,TXN-030068,ACC-00281,confirmed_fraud,0.52,2026-03-07
FC-00190,TXN-045742,ACC-02843,confirmed_fraud,0.77,2026-01-19
FC-00191,TXN-045508,ACC-02551,closed_no_fraud,0.52,2026-06-20
FC-00192,TXN-020614,ACC-00985,closed_no_fraud,0.77,2026-07-12
FC-00193,TXN-040062,ACC-06733,investigating,0.97,2026-02-19
FC-00194,TXN-005955,ACC-02561,closed_no_fraud,0.88,2026-08-11
FC-00195,TXN-000064,ACC-03525,open,0.72,2026-02-16
FC-00196,TXN-049810,ACC-06292,investigating,0.65,2026-07-14
FC-00197,TXN-001499,ACC-04842,open,0.94,2026-01-11
FC-00198,TXN-004929,ACC-04321,confirmed_fraud,0.74,2026-08-27
FC-00199,TXN-014145,ACC-00806,confirmed_fraud,0.95,2026-02-14
FC-00200,TXN-020294,ACC-00363,confirmed_fraud,0.75,2026-03-11
FC-00201,TXN-002723,ACC-00929,closed_no_fraud,0.71,2026-08-15
FC-00202,TXN-018100,ACC-02613,investigating,0.85,2026-04-24
FC-00203,TXN-041682,ACC-02174,confirmed_fraud,0.48,2026-01-19
FC-00204,TXN-038586,ACC-01691,investigating,0.41,2026-05-21
FC-00205,TXN-002083,ACC-05162,investigating,0.63,2026-05-22
FC-00206,TXN-035377,ACC-02810,open,0.68,2026-02-22
FC-00207,TXN-023610,ACC-00372,open,0.83,2026-07-14
FC-00208,TXN-022971,ACC-06737,closed_no_fraud,0.48,2026-04-02
FC-00209,TXN-031008,ACC-02221,confirmed_fraud,0.72,2026-02-27
FC-00210,TXN-015381,ACC-04729,open,0.4,2026-03-20
FC-00211,TXN-022174,ACC-05226,confirmed_fraud,0.5,2026-03-08
FC-00212,TXN-011844,ACC-04167,investigating,0.93,2026-05-27
FC-00213,TXN-009137,ACC-03932,investigating,0.94,2026-07-14
FC-00214,TXN-026201,ACC-05929,confirmed_fraud,0.96,2026-08-12
FC-00215,TXN-020436,ACC-00756,confirmed_fraud,0.9,2026-08-28
FC-00216,TXN-026845,ACC-03465,closed_no_fraud,0.97,2026-03-08
FC-00217,TXN-020128,ACC-06018,open,0.77,2026-03-19
FC-00218,TXN-007954,ACC-02984,closed_no_fraud,0.85,2026-02-13
FC-00219,TXN-016621,ACC-04556,investigating,0.92,2026-07-10
FC-00220,TXN-028939,ACC-03703,closed_no_fraud,0.73,2026-01-02
FC-00221,TXN-037343,ACC-06072,closed_no_fraud,0.54,2026-04-15
FC-00222,TXN-020717,ACC-01237,confirmed_fraud,0.51,2026-03-08
FC-00223,TXN-038256,ACC-04645,confirmed_fraud,0.71,2026-03-24
FC-00224,TXN-038009,ACC-02683,confirmed_fraud,0.76,2026-05-01
FC-00225,TXN-046085,ACC-05791,confirmed_fraud,0.65,2026-06-04
FC-00226,TXN-030803,ACC-03043,closed_no_fraud,0.8,2026-02-26
FC-00227,TXN-032921,ACC-01818,open,0.68,2026-03-02
FC-00228,TXN-037543,ACC-03822,confirmed_fraud,0.9,2026-04-05
FC-00229,TXN-019220,ACC-02705,open,0.82,2026-06-06
FC-00230,TXN-004393,ACC-03836,confirmed_fraud,0.69,2026-07-05
FC-00231,TXN-031790,ACC-02404,closed_no_fraud,0.45,2026-04-22
FC-00232,TXN-005900,ACC-06496,closed_no_fraud,0.52,2026-05-01
FC-00233,TXN-017942,ACC-00043,confirmed_fraud,0.59,2026-07-11
FC-00234,TXN-049937,ACC-01516,confirmed_fraud,0.81,2026-06-04
FC-00235,TXN-045167,ACC-03239,investigating,0.43,2026-06-06
FC-00236,TXN-026127,ACC-03497,confirmed_fraud,0.6,2026-05-08
FC-00237,TXN-047309,ACC-06965,closed_no_fraud,0.84,2026-05-23
FC-00238,TXN-025754,ACC-06147,closed_no_fraud,0.44,2026-08-15
FC-00239,TXN-042234,ACC-01747,confirmed_fraud,0.51,2026-01-22
FC-00240,TXN-038740,ACC-06239,confirmed_fraud,0.94,2026-04-14
FC-00241,TXN-001958,ACC-05853,open,0.74,2026-03-18
FC-00242,TXN-009381,ACC-02959,investigating,0.4,2026-08-12
FC-00243,TXN-022403,ACC-03812,open,0.68,2026-03-10
FC-00244,TXN-027854,ACC-01644,closed_no_fraud,0.89,2026-07-05
FC-00245,TXN-004941,ACC-00403,investigating,0.63,2026-05-26
FC-00246,TXN-015177,ACC-04556,investigating,0.86,2026-07-28
FC-00247,TXN-024658,ACC-01634,closed_no_fraud,0.45,2026-07-12
FC-00248,TXN-008940,ACC-02322,closed_no_fraud,0.69,2026-04-08
FC-00249,TXN-039804,ACC-01465,confirmed_fraud,0.71,2026-05-15
FC-00250,TXN-030098,ACC-05580,open,0.58,2026-07-08
FC-00251,TXN-045823,ACC-07012,confirmed_fraud,0.61,2026-06-26
FC-00252,TXN-002527,ACC-05268,open,0.87,2026-02-13
FC-00253,TXN-033640,ACC-06133,investigating,0.67,2026-06-20
FC-00254,TXN-002038,ACC-04508,closed_no_fraud,0.64,2026-06-28
FC-00255,TXN-041503,ACC-01167,investigating,0.54,2026-07-24
FC-00256,TXN-045938,ACC-04560,open,0.49,2026-02-28
FC-00257,TXN-007625,ACC-01626,investigating,0.89,2026-07-28
FC-00258,TXN-045696,ACC-06671,confirmed_fraud,0.41,2026-08-26
FC-00259,TXN-032838,ACC-03389,open,0.67,2026-08-05
FC-00260,TXN-015549,ACC-07243,confirmed_fraud,0.84,2026-01-12
FC-00261,TXN-005606,ACC-05265,closed_no_fraud,0.59,2026-01-08
FC-00262,TXN-013391,ACC-03232,closed_no_fraud,0.87,2026-02-07
FC-00263,TXN-012417,ACC-04143,open,0.89,2026-03-05
FC-00264,TXN-047740,ACC-03786,confirmed_fraud,0.55,2026-07-24
FC-00265,TXN-009216,ACC-00035,open,0.46,2026-07-25
FC-00266,TXN-034573,ACC-06372,closed_no_fraud,0.52,2026-06-25
FC-00267,TXN-010318,ACC-01074,closed_no_fraud,0.59,2026-01-18
FC-00268,TXN-046499,ACC-05533,open,0.63,2026-07-19
FC-00269,TXN-016898,ACC-06086,closed_no_fraud,0.64,2026-03-01
FC-00270,TXN-008323,ACC-03279,open,0.89,2026-07-26
FC-00271,TXN-043029,ACC-06785,closed_no_fraud,0.51,2026-05-06
FC-00272,TXN-015867,ACC-00652,closed_no_fraud,0.8,2026-04-13
FC-00273,TXN-019590,ACC-00247,confirmed_fraud,0.48,2026-08-01
FC-00274,TXN-038679,ACC-06594,confirmed_fraud,0.4,2026-04-26
FC-00275,TXN-026543,ACC-05768,confirmed_fraud,0.78,2026-05-13
FC-00276,TXN-023671,ACC-02103,investigating,0.43,2026-01-27
FC-00277,TXN-002726,ACC-05280,investigating,0.51,2026-03-03
FC-00278,TXN-039094,ACC-00920,closed_no_fraud,0.93,2026-05-25
FC-00279,TXN-005915,ACC-07368,investigating,0.79,2026-04-27
FC-00280,TXN-002481,ACC-05303,investigating,0.91,2026-01-10
FC-00281,TXN-018037,ACC-04878,confirmed_fraud,0.48,2026-05-17
FC-00282,TXN-014562,ACC-00419,open,0.64,2026-02-15
FC-00283,TXN-047826,ACC-04610,confirmed_fraud,0.79,2026-02-12
FC-00284,TXN-037166,ACC-00180,confirmed_fraud,0.88,2026-01-16
FC-00285,TXN-009867,ACC-02466,closed_no_fraud,0.58,2026-03-22
FC-00286,TXN-003019,ACC-06204,investigating,0.72,2026-06-07
FC-00287,TXN-045320,ACC-01939,open,0.45,2026-07-17
FC-00288,TXN-027261,ACC-05396,confirmed_fraud,0.61,2026-08-09
FC-00289,TXN-023472,ACC-05353,investigating,0.53,2026-06-17
FC-00290,TXN-043580,ACC-06725,investigating,0.92,2026-03-11
FC-00291,TXN-025091,ACC-04852,investigating,0.44,2026-01-21
FC-00292,TXN-020083,ACC-02476,open,0.45,2026-01-26
FC-00293,TXN-040768,ACC-03556,investigating,0.43,2026-03-23
FC-00294,TXN-006677,ACC-07130,open,0.54,2026-02-28
FC-00295,TXN-020118,ACC-06618,investigating,0.93,2026-06-27
FC-00296,TXN-009312,ACC-04407,investigating,0.56,2026-06-19
FC-00297,TXN-043637,ACC-05391,open,0.62,2026-05-23
FC-00298,TXN-027708,ACC-03142,confirmed_fraud,0.61,2026-01-15
FC-00299,TXN-022716,ACC-03905,confirmed_fraud,0.51,2026-04-13
FC-00300,TXN-034903,ACC-02263,open,0.41,2026-07-19
FC-00301,TXN-012557,ACC-00654,investigating,0.87,2026-04-09
FC-00302,TXN-004201,ACC-06584,closed_no_fraud,0.91,2026-07-04
FC-00303,TXN-049321,ACC-06485,confirmed_fraud,0.96,2026-01-01
FC-00304,TXN-029017,ACC-01971,confirmed_fraud,0.45,2026-07-11
FC-00305,TXN-026049,ACC-07307,open,0.54,2026-05-07
FC-00306,TXN-024028,ACC-02558,closed_no_fraud,0.57,2026-07-23
FC-00307,TXN-045423,ACC-04779,open,0.59,2026-02-14
FC-00308,TXN-036713,ACC-01685,open,0.82,2026-06-16
FC-00309,TXN-022603,ACC-04269,investigating,0.97,2026-06-03
FC-00310,TXN-027808,ACC-05942,open,0.54,2026-08-06
FC-00311,TXN-040055,ACC-00485,open,0.57,2026-08-18
FC-00312,TXN-019296,ACC-03899,open,0.54,2026-03-23
FC-00313,TXN-002632,ACC-06385,confirmed_fraud,0.7,2026-06-22
FC-00314,TXN-031822,ACC-04491,closed_no_fraud,0.9,2026-07-27
FC-00315,TXN-042963,ACC-02587,investigating,0.59,2026-08-17
FC-00316,TXN-048902,ACC-00161,open,0.78,2026-06-26
FC-00317,TXN-036371,ACC-02980,open,0.56,2026-07-25
FC-00318,TXN-037653,ACC-01639,closed_no_fraud,0.77,2026-01-18
FC-00319,TXN-045224,ACC-06953,confirmed_fraud,0.66,2026-05-18
FC-00320,TXN-028418,ACC-06625,closed_no_fraud,0.63,2026-03-07
FC-00321,TXN-033882,ACC-04856,confirmed_fraud,0.76,2026-05-28
FC-00322,TXN-006380,ACC-02056,closed_no_fraud,0.77,2026-07-15
FC-00323,TXN-034094,ACC-02982,confirmed_fraud,0.7,2026-06-04
FC-00324,TXN-012537,ACC-04127,open,0.45,2026-03-13
FC-00325,TXN-022735,ACC-01467,open,0.52,2026-06-03
FC-00326,TXN-018621,ACC-03727,open,0.47,2026-06-01
FC-00327,TXN-004487,ACC-07100,investigating,0.52,2026-06-23
FC-00328,TXN-024783,ACC-02198,closed_no_fraud,0.44,2026-05-10
FC-00329,TXN-031841,ACC-06016,confirmed_fraud,0.8,2026-08-21
FC-00330,TXN-024685,ACC-00812,open,0.97,2026-01-15
FC-00331,TXN-048881,ACC-04098,closed_no_fraud,0.8,2026-06-20
FC-00332,TXN-013680,ACC-05829,closed_no_fraud,0.71,2026-06-02
FC-00333,TXN-029817,ACC-02679,confirmed_fraud,0.65,2026-05-02
FC-00334,TXN-012936,ACC-05441,investigating,0.88,2026-08-02
FC-00335,TXN-049821,ACC-02222,closed_no_fraud,0.96,2026-08-26
FC-00336,TXN-004265,ACC-00016,confirmed_fraud,0.49,2026-06-06
FC-00337,TXN-007820,ACC-02367,confirmed_fraud,0.92,2026-01-06
FC-00338,TXN-014466,ACC-07478,closed_no_fraud,0.62,2026-01-13
FC-00339,TXN-018396,ACC-03712,investigating,0.47,2026-06-02
FC-00340,TXN-049718,ACC-04567,confirmed_fraud,0.88,2026-04-17
FC-00341,TXN-033318,ACC-04980,confirmed_fraud,0.49,2026-01-12
FC-00342,TXN-000894,ACC-06977,open,0.58,2026-02-06
FC-00343,TXN-003124,ACC-04937,closed_no_fraud,0.46,2026-05-15
FC-00344,TXN-034292,ACC-05220,confirmed_fraud,0.61,2026-06-21
FC-00345,TXN-006096,ACC-01645,investigating,0.61,2026-07-16
FC-00346,TXN-045544,ACC-04896,open,0.72,2026-01-17
FC-00347,TXN-008756,ACC-03147,closed_no_fraud,0.67,2026-01-09
FC-00348,TXN-018005,ACC-05747,confirmed_fraud,0.5,2026-03-11
FC-00349,TXN-048347,ACC-00465,investigating,0.57,2026-08-13
FC-00350,TXN-023523,ACC-05027,closed_no_fraud,0.87,2026-03-10
FC-00351,TXN-039333,ACC-06200,confirmed_fraud,0.71,2026-01-20
FC-00352,TXN-030259,ACC-04472,investigating,0.5,2026-02-25
FC-00353,TXN-043465,ACC-06356,open,0.63,2026-08-16
FC-00354,TXN-030790,ACC-06078,open,0.45,2026-08-05
FC-00355,TXN-030204,ACC-04932,closed_no_fraud,0.8,2026-08-11
FC-00356,TXN-024043,ACC-04291,confirmed_fraud,0.5,2026-07-21
FC-00357,TXN-041115,ACC-03556,investigating,0.67,2026-06-15
FC-00358,TXN-024676,ACC-01224,investigating,0.5,2026-07-15
FC-00359,TXN-017402,ACC-05920,confirmed_fraud,0.95,2026-02-06
FC-00360,TXN-032330,ACC-00465,confirmed_fraud,0.5,2026-02-06
FC-00361,TXN-000737,ACC-03718,open,0.76,2026-01-15
FC-00362,TXN-044925,ACC-07199,investigating,0.66,2026-06-17
FC-00363,TXN-028883,ACC-05966,confirmed_fraud,0.97,2026-04-19
FC-00364,TXN-017865,ACC-00819,investigating,0.9,2026-01-01
FC-00365,TXN-009545,ACC-06077,open,0.95,2026-06-18
FC-00366,TXN-000664,ACC-03713,closed_no_fraud,0.76,2026-04-05
FC-00367,TXN-011691,ACC-02155,confirmed_fraud,0.62,2026-03-09
FC-00368,TXN-020842,ACC-04809,investigating,0.48,2026-03-26
FC-00369,TXN-033827,ACC-01415,open,0.93,2026-07-23
FC-00370,TXN-036396,ACC-01524,closed_no_fraud,0.78,2026-05-27
FC-00371,TXN-048261,ACC-00762,closed_no_fraud,0.56,2026-03-17
FC-00372,TXN-004555,ACC-05637,closed_no_fraud,0.91,2026-08-20
FC-00373,TXN-002528,ACC-07035,closed_no_fraud,0.57,2026-04-10
FC-00374,TXN-044383,ACC-02405,investigating,0.5,2026-08-15
FC-00375,TXN-002900,ACC-06165,confirmed_fraud,0.64,2026-01-14
FC-00376,TXN-020733,ACC-00442,closed_no_fraud,0.66,2026-01-25
FC-00377,TXN-045256,ACC-04703,open,0.66,2026-08-28
FC-00378,TXN-035328,ACC-03994,investigating,0.76,2026-01-05
FC-00379,TXN-002372,ACC-06209,confirmed_fraud,0.63,2026-07-01
FC-00380,TXN-025183,ACC-01259,open,0.7,2026-03-18
FC-00381,TXN-036129,ACC-01227,investigating,0.8,2026-04-20
FC-00382,TXN-038369,ACC-00022,investigating,0.79,2026-03-22
FC-00383,TXN-010429,ACC-02679,confirmed_fraud,0.75,2026-07-27
FC-00384,TXN-004686,ACC-02663,open,0.52,2026-05-27
FC-00385,TXN-021710,ACC-07237,open,0.48,2026-05-23
FC-00386,TXN-041691,ACC-02544,closed_no_fraud,0.82,2026-01-16
FC-00387,TXN-032189,ACC-00383,open,0.45,2026-05-25
FC-00388,TXN-013275,ACC-04617,investigating,0.83,2026-01-02
FC-00389,TXN-015925,ACC-01292,confirmed_fraud,0.98,2026-04-20
FC-00390,TXN-021526,ACC-01569,confirmed_fraud,0.87,2026-01-15
FC-00391,TXN-042454,ACC-05200,closed_no_fraud,0.69,2026-06-11
FC-00392,TXN-022815,ACC-00666,open,0.56,2026-05-13
FC-00393,TXN-042826,ACC-04862,open,0.81,2026-01-28
FC-00394,TXN-019964,ACC-00297,closed_no_fraud,0.75,2026-05-14
FC-00395,TXN-023453,ACC-07492,closed_no_fraud,0.91,2026-05-09
FC-00396,TXN-005623,ACC-05013,investigating,0.91,2026-03-07
FC-00397,TXN-002828,ACC-03199,confirmed_fraud,0.98,2026-06-28
FC-00398,TXN-039305,ACC-02473,closed_no_fraud,0.81,2026-06-14
FC-00399,TXN-007160,ACC-03867,confirmed_fraud,0.84,2026-01-21
FC-00400,TXN-020360,ACC-04192,closed_no_fraud,0.61,2026-03-14
FC-00401,TXN-021222,ACC-02377,open,0.82,2026-04-10
FC-00402,TXN-022789,ACC-02100,closed_no_fraud,0.45,2026-08-27
FC-00403,TXN-048646,ACC-03808,open,0.84,2026-05-08
FC-00404,TXN-045171,ACC-02691,closed_no_fraud,0.54,2026-05-13
FC-00405,TXN-018818,ACC-01407,confirmed_fraud,0.84,2026-03-17
FC-00406,TXN-003487,ACC-04725,confirmed_fraud,0.76,2026-05-09
FC-00407,TXN-005257,ACC-03565,closed_no_fraud,0.53,2026-03-19
FC-00408,TXN-010836,ACC-03490,closed_no_fraud,0.79,2026-02-15
FC-00409,TXN-023632,ACC-02983,closed_no_fraud,0.81,2026-07-25
FC-00410,TXN-041810,ACC-02488,confirmed_fraud,0.57,2026-02-01
FC-00411,TXN-007140,ACC-02761,open,0.63,2026-01-20
FC-00412,TXN-046794,ACC-05017,confirmed_fraud,0.93,2026-07-11
FC-00413,TXN-047479,ACC-06022,investigating,0.92,2026-02-19
FC-00414,TXN-029764,ACC-02267,investigating,0.94,2026-01-04
FC-00415,TXN-049691,ACC-01229,open,0.57,2026-01-25
FC-00416,TXN-047068,ACC-03646,confirmed_fraud,0.44,2026-03-25
FC-00417,TXN-009744,ACC-05616,closed_no_fraud,0.59,2026-03-02
FC-00418,TXN-030253,ACC-04312,closed_no_fraud,0.45,2026-03-14
FC-00419,TXN-047065,ACC-05416,confirmed_fraud,0.48,2026-07-06
FC-00420,TXN-003573,ACC-04922,investigating,0.71,2026-02-14
FC-00421,TXN-033535,ACC-05964,investigating,0.77,2026-03-03
FC-00422,TXN-035877,ACC-06555,open,0.89,2026-05-18
FC-00423,TXN-031816,ACC-06553,confirmed_fraud,0.68,2026-05-05
FC-00424,TXN-020713,ACC-04039,investigating,0.5,2026-08-24
FC-00425,TXN-043545,ACC-01016,confirmed_fraud,0.9,2026-02-02
FC-00426,TXN-027956,ACC-04887,investigating,0.51,2026-02-04
FC-00427,TXN-001236,ACC-00509,investigating,0.83,2026-01-09
FC-00428,TXN-041546,ACC-02831,open,0.45,2026-05-09
FC-00429,TXN-046049,ACC-05114,investigating,0.68,2026-03-16
FC-00430,TXN-026584,ACC-04003,closed_no_fraud,0.84,2026-02-26
FC-00431,TXN-009556,ACC-05819,open,0.54,2026-05-10
FC-00432,TXN-000460,ACC-03294,investigating,0.72,2026-02-06
FC-00433,TXN-031479,ACC-03741,closed_no_fraud,0.97,2026-01-14
FC-00434,TXN-029097,ACC-04918,confirmed_fraud,0.82,2026-07-17
FC-00435,TXN-010478,ACC-05987,confirmed_fraud,0.97,2026-08-06
FC-00436,TXN-049288,ACC-05183,confirmed_fraud,0.86,2026-05-16
FC-00437,TXN-048826,ACC-05518,investigating,0.93,2026-08-10
FC-00438,TXN-029013,ACC-02024,closed_no_fraud,0.47,2026-01-01
FC-00439,TXN-048292,ACC-03210,closed_no_fraud,0.82,2026-03-14
FC-00440,TXN-033499,ACC-03089,open,0.61,2026-05-03
FC-00441,TXN-011550,ACC-06193,open,0.62,2026-02-05
FC-00442,TXN-035444,ACC-00632,investigating,0.8,2026-05-25
FC-00443,TXN-020793,ACC-02292,open,0.43,2026-03-14
FC-00444,TXN-047672,ACC-03315,closed_no_fraud,0.94,2026-05-06
FC-00445,TXN-008193,ACC-06655,confirmed_fraud,0.89,2026-06-20
FC-00446,TXN-010736,ACC-04824,confirmed_fraud,0.52,2026-08-11
FC-00447,TXN-000542,ACC-03920,confirmed_fraud,0.42,2026-04-13
FC-00448,TXN-003777,ACC-01591,investigating,0.9,2026-05-26
FC-00449,TXN-033008,ACC-01834,confirmed_fraud,0.74,2026-05-26
FC-00450,TXN-021358,ACC-05617,closed_no_fraud,0.76,2026-01-13
FC-00451,TXN-025420,ACC-05617,open,0.67,2026-03-10
FC-00452,TXN-036789,ACC-05596,investigating,0.96,2026-01-28
FC-00453,TXN-045231,ACC-04491,closed_no_fraud,0.94,2026-03-21
FC-00454,TXN-010303,ACC-04454,investigating,0.6,2026-03-07
FC-00455,TXN-029022,ACC-06109,confirmed_fraud,0.43,2026-07-02
FC-00456,TXN-048451,ACC-03059,confirmed_fraud,0.43,2026-04-01
FC-00457,TXN-012538,ACC-01260,confirmed_fraud,0.73,2026-03-24
FC-00458,TXN-023968,ACC-05383,confirmed_fraud,0.94,2026-07-20
FC-00459,TXN-031633,ACC-02890,closed_no_fraud,0.44,2026-04-01
FC-00460,TXN-006383,ACC-03458,confirmed_fraud,0.71,2026-02-23
FC-00461,TXN-030494,ACC-03258,confirmed_fraud,0.96,2026-03-17
FC-00462,TXN-044636,ACC-04074,open,0.75,2026-08-14
FC-00463,TXN-001039,ACC-03612,investigating,0.63,2026-05-08
FC-00464,TXN-011308,ACC-06338,confirmed_fraud,0.82,2026-04-25
FC-00465,TXN-038388,ACC-05232,investigating,0.67,2026-03-27
FC-00466,TXN-035140,ACC-06280,confirmed_fraud,0.68,2026-02-23
FC-00467,TXN-033234,ACC-07493,confirmed_fraud,0.5,2026-05-22
FC-00468,TXN-027561,ACC-00245,confirmed_fraud,0.95,2026-08-12
FC-00469,TXN-005802,ACC-03826,confirmed_fraud,0.7,2026-06-01
FC-00470,TXN-038491,ACC-04610,confirmed_fraud,0.45,2026-02-25
FC-00471,TXN-011682,ACC-00750,confirmed_fraud,0.74,2026-08-28
FC-00472,TXN-047421,ACC-04320,closed_no_fraud,0.62,2026-03-05
FC-00473,TXN-044392,ACC-06341,confirmed_fraud,0.95,2026-02-07
FC-00474,TXN-000690,ACC-00135,open,0.92,2026-04-27
FC-00475,TXN-003725,ACC-06505,investigating,0.44,2026-03-09
FC-00476,TXN-010563,ACC-01760,closed_no_fraud,0.66,2026-08-16
FC-00477,TXN-021562,ACC-05145,confirmed_fraud,0.64,2026-01-17
FC-00478,TXN-010311,ACC-06086,investigating,0.57,2026-02-26
FC-00479,TXN-013422,ACC-03511,closed_no_fraud,0.92,2026-03-07
FC-00480,TXN-015715,ACC-05624,open,0.94,2026-02-22
FC-00481,TXN-042275,ACC-00928,confirmed_fraud,0.88,2026-06-20
FC-00482,TXN-044774,ACC-04292,investigating,0.59,2026-06-17
FC-00483,TXN-028670,ACC-01266,investigating,0.86,2026-02-08
FC-00484,TXN-041135,ACC-03905,closed_no_fraud,0.45,2026-04-25
FC-00485,TXN-002284,ACC-04637,closed_no_fraud,0.93,2026-04-22
FC-00486,TXN-033807,ACC-02843,closed_no_fraud,0.85,2026-08-18
FC-00487,TXN-011471,ACC-04526,open,0.93,2026-07-02
FC-00488,TXN-039044,ACC-03736,closed_no_fraud,0.49,2026-05-12
FC-00489,TXN-036308,ACC-06633,confirmed_fraud,0.66,2026-01-21
FC-00490,TXN-016363,ACC-03047,investigating,0.48,2026-03-08
FC-00491,TXN-002079,ACC-06590,closed_no_fraud,0.47,2026-03-24
FC-00492,TXN-047751,ACC-03568,open,0.76,2026-02-06
FC-00493,TXN-011763,ACC-05380,open,0.81,2026-05-25
FC-00494,TXN-028148,ACC-02211,investigating,0.64,2026-03-08
FC-00495,TXN-027328,ACC-05275,confirmed_fraud,0.73,2026-01-09
FC-00496,TXN-020971,ACC-02864,closed_no_fraud,0.98,2026-06-11
FC-00497,TXN-040941,ACC-05843,confirmed_fraud,0.83,2026-01-22
FC-00498,TXN-035722,ACC-00047,confirmed_fraud,0.46,2026-03-03
FC-00499,TXN-002119,ACC-00079,confirmed_fraud,0.75,2026-04-18
FC-00500,TXN-005136,ACC-01916,confirmed_fraud,0.52,2026-08-07
FC-00501,TXN-000406,ACC-03756,investigating,0.61,2026-05-10
FC-00502,TXN-008210,ACC-01251,closed_no_fraud,0.92,2026-02-22
FC-00503,TXN-023095,ACC-02290,confirmed_fraud,0.57,2026-07-04
FC-00504,TXN-037076,ACC-01693,closed_no_fraud,0.89,2026-02-09
FC-00505,TXN-049938,ACC-01556,confirmed_fraud,0.89,2026-04-20
FC-00506,TXN-011681,ACC-07179,confirmed_fraud,0.59,2026-08-19
FC-00507,TXN-008548,ACC-03395,closed_no_fraud,0.79,2026-04-01
FC-00508,TXN-019084,ACC-00428,investigating,0.43,2026-06-16
FC-00509,TXN-035682,ACC-07436,confirmed_fraud,0.89,2026-03-24
FC-00510,TXN-025713,ACC-05476,investigating,0.87,2026-01-09
FC-00511,TXN-034569,ACC-00110,investigating,0.88,2026-05-03
FC-00512,TXN-006081,ACC-02944,investigating,0.69,2026-08-22
FC-00513,TXN-008926,ACC-05458,open,0.78,2026-03-03
FC-00514,TXN-004103,ACC-06078,investigating,0.52,2026-01-19
FC-00515,TXN-007476,ACC-04232,closed_no_fraud,0.54,2026-04-06
FC-00516,TXN-005447,ACC-05482,open,0.93,2026-08-23
FC-00517,TXN-007224,ACC-00037,investigating,0.48,2026-02-22
FC-00518,TXN-046252,ACC-04036,closed_no_fraud,0.69,2026-06-17
FC-00519,TXN-040039,ACC-02679,closed_no_fraud,0.82,2026-03-16
FC-00520,TXN-001072,ACC-01745,closed_no_fraud,0.96,2026-02-16
FC-00521,TXN-007747,ACC-03083,closed_no_fraud,0.56,2026-03-18
FC-00522,TXN-000117,ACC-01950,confirmed_fraud,0.54,2026-03-14
FC-00523,TXN-010888,ACC-04646,open,0.58,2026-04-15
FC-00524,TXN-044131,ACC-03136,open,0.78,2026-04-14
FC-00525,TXN-024643,ACC-07458,open,0.46,2026-08-02
FC-00526,TXN-029636,ACC-05794,investigating,0.63,2026-02-12
FC-00527,TXN-030644,ACC-03439,closed_no_fraud,0.79,2026-04-27
FC-00528,TXN-038397,ACC-07381,confirmed_fraud,0.87,2026-04-05
FC-00529,TXN-043429,ACC-03506,confirmed_fraud,0.61,2026-04-17
FC-00530,TXN-013621,ACC-02340,investigating,0.94,2026-01-12
FC-00531,TXN-046549,ACC-05051,investigating,0.67,2026-03-06
FC-00532,TXN-004916,ACC-01859,open,0.48,2026-02-25
FC-00533,TXN-012101,ACC-06392,open,0.73,2026-08-14
FC-00534,TXN-043752,ACC-02708,closed_no_fraud,0.74,2026-06-13
FC-00535,TXN-006240,ACC-05028,confirmed_fraud,0.43,2026-07-27
FC-00536,TXN-023983,ACC-03936,confirmed_fraud,0.73,2026-07-08
FC-00537,TXN-000100,ACC-04872,confirmed_fraud,0.51,2026-06-12
FC-00538,TXN-004648,ACC-03895,confirmed_fraud,0.56,2026-07-01
FC-00539,TXN-047449,ACC-04239,investigating,0.96,2026-05-17
FC-00540,TXN-023975,ACC-06673,confirmed_fraud,0.53,2026-03-14
FC-00541,TXN-029170,ACC-00321,confirmed_fraud,0.91,2026-07-15
FC-00542,TXN-031220,ACC-06650,open,0.87,2026-02-02
FC-00543,TXN-011745,ACC-02551,closed_no_fraud,0.63,2026-03-20
FC-00544,TXN-022731,ACC-04437,open,0.48,2026-01-08
FC-00545,TXN-012932,ACC-07194,closed_no_fraud,0.53,2026-06-11
FC-00546,TXN-021545,ACC-01493,investigating,0.41,2026-08-20
FC-00547,TXN-015452,ACC-07048,confirmed_fraud,0.98,2026-08-27
FC-00548,TXN-010544,ACC-02449,open,0.65,2026-02-06
FC-00549,TXN-024716,ACC-03169,closed_no_fraud,0.57,2026-03-14
FC-00550,TXN-027612,ACC-00884,investigating,0.74,2026-04-02
FC-00551,TXN-030697,ACC-02217,closed_no_fraud,0.92,2026-03-28
FC-00552,TXN-023709,ACC-04300,confirmed_fraud,0.76,2026-02-06
FC-00553,TXN-043840,ACC-03281,confirmed_fraud,0.9,2026-01-21
FC-00554,TXN-044597,ACC-07455,confirmed_fraud,0.4,2026-01-04
FC-00555,TXN-030925,ACC-02098,investigating,0.58,2026-02-14
FC-00556,TXN-033747,ACC-02079,investigating,0.95,2026-08-19
FC-00557,TXN-041950,ACC-06847,confirmed_fraud,0.58,2026-04-02
FC-00558,TXN-034658,ACC-02706,closed_no_fraud,0.58,2026-07-10
FC-00559,TXN-028194,ACC-02766,confirmed_fraud,0.41,2026-08-07
FC-00560,TXN-010818,ACC-04055,confirmed_fraud,0.82,2026-08-27
FC-00561,TXN-046443,ACC-02583,investigating,0.82,2026-06-06
FC-00562,TXN-046777,ACC-05960,confirmed_fraud,0.96,2026-01-22
FC-00563,TXN-016056,ACC-00264,confirmed_fraud,0.68,2026-02-15
FC-00564,TXN-025308,ACC-02232,confirmed_fraud,0.65,2026-06-09
FC-00565,TXN-010507,ACC-04507,open,0.43,2026-06-09
FC-00566,TXN-044424,ACC-01458,confirmed_fraud,0.42,2026-06-26
FC-00567,TXN-009560,ACC-04383,investigating,0.44,2026-06-07
FC-00568,TXN-010243,ACC-06400,confirmed_fraud,0.93,2026-07-10
FC-00569,TXN-047045,ACC-04111,investigating,0.45,2026-01-07
FC-00570,TXN-015168,ACC-06133,confirmed_fraud,0.41,2026-03-10
FC-00571,TXN-037154,ACC-07064,open,0.71,2026-05-08
FC-00572,TXN-010346,ACC-00482,confirmed_fraud,0.82,2026-08-06
FC-00573,TXN-005801,ACC-00524,investigating,0.54,2026-07-25
FC-00574,TXN-004242,ACC-07320,investigating,0.86,2026-04-02
FC-00575,TXN-029533,ACC-00328,confirmed_fraud,0.53,2026-04-12
FC-00576,TXN-015499,ACC-05605,closed_no_fraud,0.62,2026-03-07
FC-00577,TXN-027575,ACC-03336,investigating,0.95,2026-06-12
FC-00578,TXN-048394,ACC-04753,open,0.82,2026-06-27
FC-00579,TXN-049318,ACC-07220,investigating,0.65,2026-05-24
FC-00580,TXN-018781,ACC-01478,confirmed_fraud,0.8,2026-06-06
FC-00581,TXN-042652,ACC-02578,confirmed_fraud,0.72,2026-05-19
FC-00582,TXN-046369,ACC-03617,investigating,0.84,2026-01-28
FC-00583,TXN-008728,ACC-07476,open,0.53,2026-02-26
FC-00584,TXN-038039,ACC-07384,closed_no_fraud,0.53,2026-07-08
FC-00585,TXN-028594,ACC-00521,open,0.59,2026-05-17
FC-00586,TXN-044431,ACC-00460,closed_no_fraud,0.55,2026-01-10
FC-00587,TXN-005689,ACC-06794,open,0.41,2026-06-19
FC-00588,TXN-032096,ACC-02075,closed_no_fraud,0.46,2026-06-17
FC-00589,TXN-005791,ACC-03399,open,0.61,2026-01-25
FC-00590,TXN-001186,ACC-00257,open,0.95,2026-06-27
FC-00591,TXN-000667,ACC-06102,investigating,0.96,2026-04-03
FC-00592,TXN-036080,ACC-00888,confirmed_fraud,0.92,2026-08-10
FC-00593,TXN-015890,ACC-03920,confirmed_fraud,0.74,2026-04-09
FC-00594,TXN-000749,ACC-05492,investigating,0.75,2026-05-24
FC-00595,TXN-000234,ACC-03021,closed_no_fraud,0.49,2026-08-18
FC-00596,TXN-047783,ACC-02839,open,0.41,2026-01-20
FC-00597,TXN-049408,ACC-02533,open,0.74,2026-05-06
FC-00598,TXN-035798,ACC-00609,investigating,0.63,2026-07-26
FC-00599,TXN-036780,ACC-03293,open,0.56,2026-05-17
FC-00600,TXN-047583,ACC-04225,investigating,0.47,2026-07-10
FC-00601,TXN-000926,ACC-01426,investigating,0.84,2026-02-14
FC-00602,TXN-019687,ACC-03330,confirmed_fraud,0.7,2026-06-24
FC-00603,TXN-043293,ACC-02573,closed_no_fraud,0.78,2026-01-05
FC-00604,TXN-019318,ACC-04951,closed_no_fraud,0.73,2026-08-08
FC-00605,TXN-028823,ACC-02316,confirmed_fraud,0.95,2026-03-25
FC-00606,TXN-019165,ACC-01299,investigating,0.7,2026-02-26
FC-00607,TXN-013035,ACC-02479,closed_no_fraud,0.93,2026-01-24
FC-00608,TXN-025581,ACC-06942,closed_no_fraud,0.87,2026-01-08
FC-00609,TXN-042426,ACC-03231,investigating,0.5,2026-08-03
FC-00610,TXN-049357,ACC-02968,closed_no_fraud,0.69,2026-02-06
FC-00611,TXN-034519,ACC-01063,closed_no_fraud,0.74,2026-04-22
FC-00612,TXN-018206,ACC-02911,investigating,0.76,2026-03-28
FC-00613,TXN-004218,ACC-05598,open,0.58,2026-08-16
FC-00614,TXN-013670,ACC-00666,confirmed_fraud,0.61,2026-04-21
FC-00615,TXN-005968,ACC-02380,closed_no_fraud,0.59,2026-05-18
FC-00616,TXN-003135,ACC-03789,investigating,0.98,2026-05-03
FC-00617,TXN-009495,ACC-00635,confirmed_fraud,0.49,2026-02-28
FC-00618,TXN-033249,ACC-04951,open,0.73,2026-01-17
FC-00619,TXN-035885,ACC-00841,investigating,0.75,2026-04-17
FC-00620,TXN-022367,ACC-05939,closed_no_fraud,0.9,2026-06-13
FC-00621,TXN-010115,ACC-02583,open,0.55,2026-04-04
FC-00622,TXN-021674,ACC-06622,investigating,0.49,2026-02-13
FC-00623,TXN-037397,ACC-06679,open,0.77,2026-03-27
FC-00624,TXN-025023,ACC-00513,open,0.71,2026-01-07
FC-00625,TXN-038929,ACC-06482,closed_no_fraud,0.86,2026-01-15
FC-00626,TXN-024268,ACC-00511,confirmed_fraud,0.51,2026-03-10
FC-00627,TXN-003768,ACC-03141,confirmed_fraud,0.83,2026-03-10
FC-00628,TXN-011644,ACC-02437,closed_no_fraud,0.47,2026-08-08
FC-00629,TXN-032851,ACC-03095,open,0.47,2026-01-10
FC-00630,TXN-022341,ACC-03424,confirmed_fraud,0.76,2026-07-21
FC-00631,TXN-047960,ACC-03776,confirmed_fraud,0.89,2026-03-10
FC-00632,TXN-018543,ACC-01058,open,0.77,2026-07-15
FC-00633,TXN-023908,ACC-06272,confirmed_fraud,0.6,2026-05-09
FC-00634,TXN-033311,ACC-05465,open,0.8,2026-06-24
FC-00635,TXN-042735,ACC-05371,closed_no_fraud,0.61,2026-04-11
FC-00636,TXN-016503,ACC-03584,investigating,0.72,2026-05-11
FC-00637,TXN-029011,ACC-04941,closed_no_fraud,0.57,2026-06-07
FC-00638,TXN-015543,ACC-00438,investigating,0.66,2026-07-13
FC-00639,TXN-045447,ACC-02856,confirmed_fraud,0.45,2026-01-25
FC-00640,TXN-040100,ACC-00895,investigating,0.44,2026-06-16
FC-00641,TXN-045601,ACC-05172,confirmed_fraud,0.5,2026-02-18
FC-00642,TXN-023068,ACC-04459,closed_no_fraud,0.7,2026-04-20
FC-00643,TXN-040776,ACC-05134,investigating,0.51,2026-06-16
FC-00644,TXN-007780,ACC-06165,open,0.96,2026-07-24
FC-00645,TXN-025153,ACC-06652,closed_no_fraud,0.89,2026-01-28
FC-00646,TXN-036638,ACC-01229,open,0.62,2026-05-07
FC-00647,TXN-016073,ACC-05083,investigating,0.93,2026-04-16
FC-00648,TXN-025250,ACC-01397,investigating,0.75,2026-08-25
FC-00649,TXN-047144,ACC-02249,investigating,0.67,2026-07-08
FC-00650,TXN-016691,ACC-02201,confirmed_fraud,0.5,2026-05-06
FC-00651,TXN-049884,ACC-04204,closed_no_fraud,0.87,2026-06-25
FC-00652,TXN-043041,ACC-05309,investigating,0.52,2026-01-22
FC-00653,TXN-034886,ACC-07078,confirmed_fraud,0.79,2026-04-10
FC-00654,TXN-022277,ACC-06050,confirmed_fraud,0.45,2026-06-03
FC-00655,TXN-026595,ACC-04486,open,0.89,2026-08-17
FC-00656,TXN-004624,ACC-06916,investigating,0.72,2026-04-07
FC-00657,TXN-031043,ACC-00895,confirmed_fraud,0.95,2026-01-22
FC-00658,TXN-001910,ACC-07083,open,0.86,2026-02-10
FC-00659,TXN-041882,ACC-05605,closed_no_fraud,0.68,2026-02-24
FC-00660,TXN-006036,ACC-04235,confirmed_fraud,0.95,2026-05-10
FC-00661,TXN-028502,ACC-02277,closed_no_fraud,0.83,2026-01-09
FC-00662,TXN-013118,ACC-00509,investigating,0.46,2026-03-08
FC-00663,TXN-008503,ACC-02694,investigating,0.56,2026-07-28
FC-00664,TXN-005879,ACC-02737,open,0.97,2026-04-26
FC-00665,TXN-041168,ACC-01604,investigating,0.62,2026-07-19
FC-00666,TXN-013996,ACC-03269,confirmed_fraud,0.6,2026-03-26
FC-00667,TXN-017318,ACC-07466,closed_no_fraud,0.69,2026-05-06
FC-00668,TXN-013839,ACC-00284,confirmed_fraud,0.8,2026-07-28
FC-00669,TXN-008927,ACC-00740,open,0.89,2026-07-26
FC-00670,TXN-047025,ACC-01690,investigating,0.84,2026-08-08
FC-00671,TXN-040957,ACC-03075,confirmed_fraud,0.58,2026-06-18
FC-00672,TXN-045517,ACC-06457,confirmed_fraud,0.85,2026-05-15
FC-00673,TXN-039808,ACC-04701,closed_no_fraud,0.66,2026-03-22
FC-00674,TXN-029572,ACC-04831,investigating,0.69,2026-02-13
FC-00675,TXN-000086,ACC-00893,closed_no_fraud,0.57,2026-01-20
FC-00676,TXN-012986,ACC-02951,investigating,0.83,2026-08-24
FC-00677,TXN-021770,ACC-03996,closed_no_fraud,0.86,2026-01-07
FC-00678,TXN-008277,ACC-05598,open,0.67,2026-07-03
FC-00679,TXN-034705,ACC-05461,confirmed_fraud,0.78,2026-01-06
FC-00680,TXN-015094,ACC-00935,open,0.83,2026-08-14
FC-00681,TXN-048830,ACC-00948,investigating,0.85,2026-04-07
FC-00682,TXN-022805,ACC-06072,investigating,0.93,2026-08-03
FC-00683,TXN-033716,ACC-04021,investigating,0.66,2026-07-18
FC-00684,TXN-044543,ACC-00048,confirmed_fraud,0.45,2026-04-11
FC-00685,TXN-046302,ACC-01174,investigating,0.55,2026-02-03
FC-00686,TXN-024712,ACC-00908,closed_no_fraud,0.69,2026-03-27
FC-00687,TXN-039029,ACC-02815,open,0.98,2026-07-22
FC-00688,TXN-006252,ACC-04808,open,0.79,2026-04-01
FC-00689,TXN-006060,ACC-02077,investigating,0.9,2026-05-02
FC-00690,TXN-049486,ACC-03199,open,0.41,2026-07-01
FC-00691,TXN-028238,ACC-05882,closed_no_fraud,0.46,2026-04-07
FC-00692,TXN-007870,ACC-03694,confirmed_fraud,0.74,2026-05-24
FC-00693,TXN-046218,ACC-02405,closed_no_fraud,0.97,2026-01-04
FC-00694,TXN-010855,ACC-03270,closed_no_fraud,0.66,2026-02-03
FC-00695,TXN-006955,ACC-00311,investigating,0.58,2026-03-10
FC-00696,TXN-020186,ACC-05351,open,0.53,2026-03-21
FC-00697,TXN-042866,ACC-04393,open,0.64,2026-06-03
FC-00698,TXN-013766,ACC-04530,investigating,0.89,2026-04-24
FC-00699,TXN-047082,ACC-06525,closed_no_fraud,0.97,2026-08-18
FC-00700,TXN-006697,ACC-07323,confirmed_fraud,0.74,2026-08-14
FC-00701,TXN-026707,ACC-04937,confirmed_fraud,0.58,2026-08-02
FC-00702,TXN-022705,ACC-04617,open,0.53,2026-01-24
FC-00703,TXN-046785,ACC-06381,closed_no_fraud,0.8,2026-05-09
FC-00704,TXN-046912,ACC-07100,closed_no_fraud,0.91,2026-01-01
FC-00705,TXN-024872,ACC-05250,closed_no_fraud,0.44,2026-04-22
FC-00706,TXN-012361,ACC-07449,open,0.45,2026-08-27
FC-00707,TXN-041469,ACC-02599,closed_no_fraud,0.94,2026-05-18
FC-00708,TXN-000792,ACC-02115,closed_no_fraud,0.44,2026-04-23
FC-00709,TXN-034928,ACC-02571,investigating,0.51,2026-08-07
FC-00710,TXN-004623,ACC-07365,confirmed_fraud,0.9,2026-04-13
FC-00711,TXN-032693,ACC-07270,closed_no_fraud,0.88,2026-07-12
FC-00712,TXN-022149,ACC-05101,investigating,0.82,2026-03-21
FC-00713,TXN-024226,ACC-05072,open,0.45,2026-06-24
FC-00714,TXN-026742,ACC-04722,investigating,0.5,2026-05-01
FC-00715,TXN-025199,ACC-01486,closed_no_fraud,0.57,2026-02-26
FC-00716,TXN-009929,ACC-03496,open,0.47,2026-03-03
FC-00717,TXN-046600,ACC-04736,investigating,0.47,2026-07-02
FC-00718,TXN-040417,ACC-03883,closed_no_fraud,0.82,2026-07-07
FC-00719,TXN-004363,ACC-01829,investigating,0.69,2026-04-19
FC-00720,TXN-034709,ACC-00377,open,0.65,2026-06-22
FC-00721,TXN-046694,ACC-04852,confirmed_fraud,0.42,2026-08-13
FC-00722,TXN-039018,ACC-00352,confirmed_fraud,0.67,2026-04-10
FC-00723,TXN-037365,ACC-07475,investigating,0.44,2026-04-23
FC-00724,TXN-034018,ACC-00755,open,0.92,2026-06-07
FC-00725,TXN-042668,ACC-06604,confirmed_fraud,0.84,2026-01-20
FC-00726,TXN-027719,ACC-05867,investigating,0.49,2026-03-07
FC-00727,TXN-013863,ACC-07480,confirmed_fraud,0.68,2026-01-24
FC-00728,TXN-003057,ACC-01584,closed_no_fraud,0.87,2026-05-22
FC-00729,TXN-041982,ACC-05461,closed_no_fraud,0.57,2026-01-27
FC-00730,TXN-039642,ACC-04712,open,0.89,2026-08-11
FC-00731,TXN-034354,ACC-01829,investigating,0.43,2026-04-17
FC-00732,TXN-008528,ACC-03476,confirmed_fraud,0.52,2026-07-01
FC-00733,TXN-036468,ACC-00373,closed_no_fraud,0.6,2026-01-01
FC-00734,TXN-027353,ACC-02722,investigating,0.43,2026-02-20
FC-00735,TXN-040229,ACC-03529,confirmed_fraud,0.74,2026-07-25
FC-00736,TXN-020290,ACC-04961,closed_no_fraud,0.54,2026-07-22
FC-00737,TXN-048621,ACC-05250,confirmed_fraud,0.72,2026-08-08
FC-00738,TXN-022947,ACC-01240,confirmed_fraud,0.86,2026-08-04
FC-00739,TXN-015450,ACC-02356,investigating,0.67,2026-07-09
FC-00740,TXN-031819,ACC-04104,closed_no_fraud,0.94,2026-01-03
FC-00741,TXN-023890,ACC-04108,confirmed_fraud,0.68,2026-01-15
FC-00742,TXN-037414,ACC-06769,investigating,0.81,2026-04-26
FC-00743,TXN-045435,ACC-04671,confirmed_fraud,0.61,2026-05-11
FC-00744,TXN-032853,ACC-03090,open,0.82,2026-03-25
FC-00745,TXN-009547,ACC-02543,investigating,0.48,2026-04-12
FC-00746,TXN-013937,ACC-04680,confirmed_fraud,0.66,2026-06-26
FC-00747,TXN-029113,ACC-05225,open,0.48,2026-06-02
FC-00748,TXN-042641,ACC-04188,investigating,0.79,2026-08-04
FC-00749,TXN-008070,ACC-04497,closed_no_fraud,0.57,2026-06-24
FC-00750,TXN-041299,ACC-06246,investigating,0.63,2026-03-05
FC-00751,TXN-026283,ACC-00289,closed_no_fraud,0.54,2026-07-08
FC-00752,TXN-028340,ACC-06849,closed_no_fraud,0.9,2026-01-26
FC-00753,TXN-026210,ACC-04116,closed_no_fraud,0.73,2026-03-23
FC-00754,TXN-025553,ACC-04225,confirmed_fraud,0.66,2026-02-07
FC-00755,TXN-029667,ACC-06865,investigating,0.86,2026-05-04
FC-00756,TXN-014918,ACC-03678,open,0.77,2026-01-04
FC-00757,TXN-041784,ACC-04987,confirmed_fraud,0.64,2026-08-10
FC-00758,TXN-008115,ACC-01835,closed_no_fraud,0.75,2026-08-07
FC-00759,TXN-031184,ACC-06116,open,0.93,2026-07-22
FC-00760,TXN-013498,ACC-01431,closed_no_fraud,0.62,2026-05-28
FC-00761,TXN-015263,ACC-06967,investigating,0.68,2026-08-12
FC-00762,TXN-049454,ACC-02870,investigating,0.49,2026-07-28
FC-00763,TXN-010138,ACC-04829,open,0.67,2026-06-03
FC-00764,TXN-022039,ACC-01402,closed_no_fraud,0.53,2026-04-02
FC-00765,TXN-007374,ACC-01778,confirmed_fraud,0.6,2026-07-23
FC-00766,TXN-041753,ACC-04138,open,0.61,2026-04-17
FC-00767,TXN-049783,ACC-03289,closed_no_fraud,0.74,2026-01-01
FC-00768,TXN-038171,ACC-03146,open,0.52,2026-02-12
FC-00769,TXN-020974,ACC-06650,investigating,0.8,2026-01-15
FC-00770,TXN-012178,ACC-00301,investigating,0.44,2026-01-04
FC-00771,TXN-004108,ACC-04719,open,0.55,2026-02-23
FC-00772,TXN-036926,ACC-03217,closed_no_fraud,0.95,2026-06-15
FC-00773,TXN-032910,ACC-00013,confirmed_fraud,0.43,2026-03-22
FC-00774,TXN-011454,ACC-00099,open,0.85,2026-04-04
FC-00775,TXN-011272,ACC-06775,closed_no_fraud,0.88,2026-07-23
FC-00776,TXN-039120,ACC-03264,closed_no_fraud,0.63,2026-08-11
FC-00777,TXN-033341,ACC-00355,closed_no_fraud,0.65,2026-05-19
FC-00778,TXN-042917,ACC-00022,closed_no_fraud,0.42,2026-02-26
FC-00779,TXN-018659,ACC-01618,investigating,0.89,2026-06-15
FC-00780,TXN-026151,ACC-04459,open,0.61,2026-06-26
FC-00781,TXN-044164,ACC-01942,confirmed_fraud,0.6,2026-06-02
FC-00782,TXN-034253,ACC-05550,closed_no_fraud,0.46,2026-05-04
FC-00783,TXN-037251,ACC-03997,closed_no_fraud,0.45,2026-08-23
FC-00784,TXN-019112,ACC-03654,investigating,0.97,2026-05-16
FC-00785,TXN-017181,ACC-05723,open,0.8,2026-05-24
FC-00786,TXN-049920,ACC-01638,open,0.41,2026-03-20
FC-00787,TXN-037328,ACC-00704,investigating,0.4,2026-06-27
FC-00788,TXN-034038,ACC-03613,closed_no_fraud,0.64,2026-02-10
FC-00789,TXN-043082,ACC-06677,investigating,0.53,2026-08-26
FC-00790,TXN-042834,ACC-05021,confirmed_fraud,0.82,2026-08-20
FC-00791,TXN-020526,ACC-00842,open,0.42,2026-03-11
FC-00792,TXN-047916,ACC-07467,open,0.68,2026-02-23
FC-00793,TXN-036919,ACC-04894,investigating,0.45,2026-02-09
FC-00794,TXN-028717,ACC-06891,open,0.9,2026-05-08
FC-00795,TXN-034224,ACC-03689,open,0.85,2026-07-02
FC-00796,TXN-036041,ACC-00411,investigating,0.67,2026-06-27
FC-00797,TXN-004491,ACC-05708,closed_no_fraud,0.68,2026-01-02
FC-00798,TXN-044304,ACC-03102,investigating,0.75,2026-01-02
FC-00799,TXN-004118,ACC-06418,confirmed_fraud,0.44,2026-06-04
FC-00800,TXN-035783,ACC-06212,open,0.87,2026-02-21
FC-00801,TXN-025560,ACC-07069,open,0.66,2026-05-11
FC-00802,TXN-030475,ACC-00923,closed_no_fraud,0.88,2026-07-15
FC-00803,TXN-006478,ACC-02889,open,0.95,2026-01-14
FC-00804,TXN-049717,ACC-03456,investigating,0.44,2026-08-27
FC-00805,TXN-003479,ACC-06935,investigating,0.9,2026-06-08
FC-00806,TXN-044806,ACC-06267,investigating,0.94,2026-04-25
FC-00807,TXN-028187,ACC-01086,confirmed_fraud,0.85,2026-04-19
FC-00808,TXN-029881,ACC-05267,open,0.87,2026-04-15
FC-00809,TXN-010427,ACC-01053,investigating,0.6,2026-05-15
FC-00810,TXN-040763,ACC-01455,open,0.87,2026-07-22
FC-00811,TXN-013210,ACC-04802,open,0.54,2026-01-19
FC-00812,TXN-016738,ACC-05083,closed_no_fraud,0.74,2026-01-26
FC-00813,TXN-013383,ACC-03503,open,0.5,2026-02-01
FC-00814,TXN-012784,ACC-00565,confirmed_fraud,0.69,2026-07-12
FC-00815,TXN-044573,ACC-04434,closed_no_fraud,0.57,2026-07-22
FC-00816,TXN-033189,ACC-03669,closed_no_fraud,0.71,2026-08-20
FC-00817,TXN-000153,ACC-06862,investigating,0.59,2026-02-25
FC-00818,TXN-040425,ACC-02340,open,0.5,2026-07-24
FC-00819,TXN-001561,ACC-04282,confirmed_fraud,0.4,2026-07-25
FC-00820,TXN-018172,ACC-03671,investigating,0.59,2026-07-23
FC-00821,TXN-024807,ACC-07110,investigating,0.67,2026-05-22
FC-00822,TXN-001417,ACC-03582,open,0.48,2026-03-01
FC-00823,TXN-007872,ACC-02680,investigating,0.55,2026-03-05
FC-00824,TXN-017210,ACC-06261,closed_no_fraud,0.54,2026-01-04
FC-00825,TXN-017839,ACC-03342,confirmed_fraud,0.89,2026-01-06
FC-00826,TXN-003222,ACC-07288,confirmed_fraud,0.6,2026-04-24
FC-00827,TXN-012816,ACC-07371,closed_no_fraud,0.77,2026-08-17
FC-00828,TXN-010117,ACC-04175,closed_no_fraud,0.91,2026-06-06
FC-00829,TXN-023925,ACC-03837,investigating,0.65,2026-04-17
FC-00830,TXN-038724,ACC-03893,confirmed_fraud,0.92,2026-01-17
FC-00831,TXN-007248,ACC-07434,closed_no_fraud,0.8,2026-04-19
FC-00832,TXN-030919,ACC-07198,investigating,0.69,2026-02-23
FC-00833,TXN-026068,ACC-01209,closed_no_fraud,0.72,2026-08-28
FC-00834,TXN-020048,ACC-07284,open,0.46,2026-07-27
FC-00835,TXN-048258,ACC-05281,open,0.44,2026-03-01
FC-00836,TXN-020891,ACC-06316,confirmed_fraud,0.49,2026-05-13
FC-00837,TXN-049059,ACC-00883,open,0.42,2026-07-19
FC-00838,TXN-008048,ACC-03093,investigating,0.58,2026-06-04
FC-00839,TXN-000931,ACC-04089,closed_no_fraud,0.85,2026-08-07
FC-00840,TXN-040058,ACC-00632,closed_no_fraud,0.77,2026-07-01
FC-00841,TXN-006828,ACC-02176,confirmed_fraud,0.63,2026-08-28
FC-00842,TXN-046517,ACC-05167,investigating,0.69,2026-02-05
FC-00843,TXN-027871,ACC-06925,confirmed_fraud,0.87,2026-04-24
FC-00844,TXN-012059,ACC-02076,confirmed_fraud,0.83,2026-06-13
FC-00845,TXN-011811,ACC-00032,open,0.9,2026-04-05
FC-00846,TXN-029664,ACC-03491,closed_no_fraud,0.74,2026-02-12
FC-00847,TXN-021766,ACC-04149,closed_no_fraud,0.67,2026-05-11
FC-00848,TXN-029148,ACC-00759,open,0.9,2026-05-28
FC-00849,TXN-002973,ACC-05346,open,0.48,2026-07-07
FC-00850,TXN-044452,ACC-03679,open,0.53,2026-04-21
FC-00851,TXN-018257,ACC-02470,confirmed_fraud,0.79,2026-06-08
FC-00852,TXN-040325,ACC-03182,confirmed_fraud,0.77,2026-07-04
FC-00853,TXN-003810,ACC-02150,investigating,0.55,2026-08-08
FC-00854,TXN-033871,ACC-00814,open,0.52,2026-07-08
FC-00855,TXN-014929,ACC-00350,open,0.69,2026-01-28
FC-00856,TXN-016704,ACC-00496,confirmed_fraud,0.69,2026-06-12
FC-00857,TXN-006232,ACC-04172,closed_no_fraud,0.7,2026-06-22
FC-00858,TXN-027115,ACC-05692,investigating,0.4,2026-04-04
FC-00859,TXN-018243,ACC-04070,open,0.82,2026-03-08
FC-00860,TXN-039179,ACC-05641,confirmed_fraud,0.48,2026-07-09
FC-00861,TXN-013798,ACC-04647,investigating,0.86,2026-04-07
FC-00862,TXN-001414,ACC-05036,open,0.91,2026-07-27
FC-00863,TXN-028197,ACC-00254,open,0.68,2026-01-07
FC-00864,TXN-034135,ACC-03987,investigating,0.83,2026-05-03
FC-00865,TXN-024878,ACC-06355,closed_no_fraud,0.87,2026-06-26
FC-00866,TXN-007864,ACC-01120,open,0.42,2026-08-19
FC-00867,TXN-040801,ACC-00917,closed_no_fraud,0.44,2026-01-05
FC-00868,TXN-031327,ACC-03395,investigating,0.92,2026-07-02
FC-00869,TXN-002834,ACC-01063,open,0.71,2026-01-09
FC-00870,TXN-018246,ACC-05239,confirmed_fraud,0.61,2026-04-25
FC-00871,TXN-012773,ACC-05684,open,0.86,2026-07-27
FC-00872,TXN-000980,ACC-01549,open,0.91,2026-04-03
FC-00873,TXN-028870,ACC-03299,open,0.96,2026-08-07
FC-00874,TXN-006781,ACC-05428,closed_no_fraud,0.5,2026-08-01
FC-00875,TXN-027377,ACC-01640,confirmed_fraud,0.78,2026-05-01
FC-00876,TXN-027250,ACC-03604,investigating,0.96,2026-03-24
FC-00877,TXN-031534,ACC-06750,confirmed_fraud,0.45,2026-01-09
FC-00878,TXN-022518,ACC-05230,investigating,0.86,2026-05-26
FC-00879,TXN-000661,ACC-03893,closed_no_fraud,0.63,2026-02-05
FC-00880,TXN-039578,ACC-01675,closed_no_fraud,0.86,2026-04-06
FC-00881,TXN-036207,ACC-02683,closed_no_fraud,0.78,2026-06-12
FC-00882,TXN-008617,ACC-01287,confirmed_fraud,0.88,2026-06-14
FC-00883,TXN-046867,ACC-02047,open,0.87,2026-03-27
FC-00884,TXN-018700,ACC-05118,investigating,0.8,2026-01-12
FC-00885,TXN-042566,ACC-01235,closed_no_fraud,0.47,2026-05-25
FC-00886,TXN-011158,ACC-06569,investigating,0.93,2026-08-16
FC-00887,TXN-002234,ACC-05200,open,0.46,2026-07-16
FC-00888,TXN-021875,ACC-00796,confirmed_fraud,0.97,2026-02-13
FC-00889,TXN-019535,ACC-04980,confirmed_fraud,0.71,2026-05-26
FC-00890,TXN-005251,ACC-04942,investigating,0.64,2026-04-19
FC-00891,TXN-048770,ACC-02010,closed_no_fraud,0.44,2026-08-12
FC-00892,TXN-044185,ACC-05552,open,0.52,2026-01-02
FC-00893,TXN-016919,ACC-05837,confirmed_fraud,0.75,2026-07-21
FC-00894,TXN-020296,ACC-00316,investigating,0.88,2026-05-10
FC-00895,TXN-029769,ACC-05230,open,0.56,2026-08-17
FC-00896,TXN-034981,ACC-01763,confirmed_fraud,0.96,2026-05-16
FC-00897,TXN-018673,ACC-03998,investigating,0.51,2026-02-18
FC-00898,TXN-037140,ACC-07115,confirmed_fraud,0.66,2026-01-26
FC-00899,TXN-036191,ACC-02668,investigating,0.7,2026-05-15
FC-00900,TXN-034611,ACC-04763,closed_no_fraud,0.94,2026-05-26
FC-00901,TXN-047784,ACC-01454,open,0.76,2026-04-18
FC-00902,TXN-004127,ACC-06588,confirmed_fraud,0.92,2026-08-18
FC-00903,TXN-026760,ACC-02510,investigating,0.71,2026-06-27
FC-00904,TXN-011060,ACC-02404,closed_no_fraud,0.87,2026-02-12
FC-00905,TXN-047019,ACC-02871,open,0.88,2026-03-14
FC-00906,TXN-008804,ACC-01580,open,0.9,2026-05-10
FC-00907,TXN-023154,ACC-05236,investigating,0.85,2026-06-28
FC-00908,TXN-005768,ACC-01536,investigating,0.8,2026-04-20
FC-00909,TXN-029511,ACC-05530,confirmed_fraud,0.89,2026-07-24
FC-00910,TXN-013844,ACC-02758,closed_no_fraud,0.7,2026-06-22
FC-00911,TXN-038968,ACC-02867,open,0.77,2026-02-23
FC-00912,TXN-019399,ACC-07478,investigating,0.46,2026-08-18
FC-00913,TXN-012338,ACC-01521,open,0.63,2026-08-27
FC-00914,TXN-044502,ACC-05591,open,0.49,2026-06-12
FC-00915,TXN-003164,ACC-03721,open,0.46,2026-03-18
FC-00916,TXN-032960,ACC-06690,investigating,0.87,2026-08-20
FC-00917,TXN-021574,ACC-00126,investigating,0.42,2026-03-22
FC-00918,TXN-040724,ACC-06603,confirmed_fraud,0.46,2026-07-28
FC-00919,TXN-001603,ACC-02835,closed_no_fraud,0.43,2026-01-02
FC-00920,TXN-039459,ACC-00337,open,0.59,2026-05-27
FC-00921,TXN-048903,ACC-02462,open,0.74,2026-01-27
FC-00922,TXN-042639,ACC-02373,closed_no_fraud,0.46,2026-02-21
FC-00923,TXN-046170,ACC-03471,closed_no_fraud,0.46,2026-07-01
FC-00924,TXN-017736,ACC-03629,open,0.62,2026-02-11
FC-00925,TXN-018906,ACC-04734,closed_no_fraud,0.92,2026-02-24
FC-00926,TXN-035173,ACC-01897,open,0.6,2026-04-04
FC-00927,TXN-020070,ACC-00712,confirmed_fraud,0.95,2026-01-08
FC-00928,TXN-000378,ACC-00434,open,0.54,2026-04-05
FC-00929,TXN-026579,ACC-07275,investigating,0.67,2026-01-22
FC-00930,TXN-045262,ACC-02516,closed_no_fraud,0.61,2026-07-07
FC-00931,TXN-003832,ACC-02191,confirmed_fraud,0.64,2026-08-14
FC-00932,TXN-002765,ACC-00961,open,0.95,2026-05-05
FC-00933,TXN-007960,ACC-01803,confirmed_fraud,0.69,2026-06-13
FC-00934,TXN-004800,ACC-02803,investigating,0.67,2026-08-28
FC-00935,TXN-024120,ACC-02846,investigating,0.81,2026-02-23
FC-00936,TXN-046041,ACC-01496,investigating,0.42,2026-08-09
FC-00937,TXN-037842,ACC-07255,closed_no_fraud,0.79,2026-08-05
FC-00938,TXN-027163,ACC-01729,open,0.46,2026-04-06
FC-00939,TXN-037871,ACC-03050,investigating,0.82,2026-05-21
FC-00940,TXN-003980,ACC-00995,open,0.69,2026-08-05
FC-00941,TXN-040954,ACC-03836,closed_no_fraud,0.73,2026-07-20
FC-00942,TXN-031961,ACC-05133,confirmed_fraud,0.85,2026-02-28
FC-00943,TXN-014671,ACC-03952,closed_no_fraud,0.73,2026-03-03
FC-00944,TXN-007119,ACC-05253,confirmed_fraud,0.78,2026-01-15
FC-00945,TXN-005422,ACC-04961,investigating,0.94,2026-02-06
FC-00946,TXN-016569,ACC-04726,open,0.57,2026-08-07
FC-00947,TXN-030808,ACC-04995,investigating,0.61,2026-05-09
FC-00948,TXN-032009,ACC-07188,investigating,0.49,2026-03-25
FC-00949,TXN-008142,ACC-05755,open,0.91,2026-07-23
FC-00950,TXN-038261,ACC-02092,open,0.74,2026-08-22
FC-00951,TXN-034540,ACC-04780,closed_no_fraud,0.88,2026-07-15
FC-00952,TXN-003418,ACC-05237,open,0.64,2026-06-05
FC-00953,TXN-015670,ACC-03731,closed_no_fraud,0.77,2026-02-21
FC-00954,TXN-045198,ACC-05850,open,0.41,2026-03-25
FC-00955,TXN-024147,ACC-04754,open,0.52,2026-02-22
FC-00956,TXN-018244,ACC-04132,closed_no_fraud,0.91,2026-05-08
FC-00957,TXN-005984,ACC-05901,investigating,0.65,2026-07-12
FC-00958,TXN-019123,ACC-04096,open,0.67,2026-04-12
FC-00959,TXN-018914,ACC-05524,open,0.58,2026-01-22
FC-00960,TXN-048576,ACC-05702,closed_no_fraud,0.91,2026-05-16
FC-00961,TXN-005344,ACC-06473,confirmed_fraud,0.9,2026-01-19
FC-00962,TXN-029597,ACC-03143,confirmed_fraud,0.72,2026-02-27
FC-00963,TXN-024926,ACC-05915,investigating,0.82,2026-01-26
FC-00964,TXN-030945,ACC-05143,closed_no_fraud,0.8,2026-05-11
FC-00965,TXN-044963,ACC-03187,closed_no_fraud,0.79,2026-08-18
FC-00966,TXN-021685,ACC-04646,closed_no_fraud,0.57,2026-05-04
FC-00967,TXN-007786,ACC-01348,confirmed_fraud,0.85,2026-05-10
FC-00968,TXN-028027,ACC-01341,open,0.75,2026-06-10
FC-00969,TXN-002048,ACC-06947,investigating,0.68,2026-03-09
FC-00970,TXN-009502,ACC-01164,open,0.46,2026-08-16
FC-00971,TXN-024739,ACC-03043,open,0.67,2026-02-19
FC-00972,TXN-007519,ACC-05359,confirmed_fraud,0.51,2026-04-23
FC-00973,TXN-017050,ACC-00447,closed_no_fraud,0.88,2026-05-24
FC-00974,TXN-028793,ACC-00503,confirmed_fraud,0.9,2026-02-08
FC-00975,TXN-031723,ACC-00958,confirmed_fraud,0.93,2026-05-04
FC-00976,TXN-017143,ACC-01287,confirmed_fraud,0.78,2026-02-04
FC-00977,TXN-025579,ACC-05803,open,0.82,2026-02-08
FC-00978,TXN-031824,ACC-00741,confirmed_fraud,0.64,2026-08-06
FC-00979,TXN-017926,ACC-01189,confirmed_fraud,0.41,2026-08-23
FC-00980,TXN-016917,ACC-05176,confirmed_fraud,0.56,2026-05-21
FC-00981,TXN-035352,ACC-04893,open,0.86,2026-05-08
FC-00982,TXN-035496,ACC-04806,open,0.46,2026-03-18
FC-00983,TXN-022137,ACC-02388,confirmed_fraud,0.52,2026-06-08
FC-00984,TXN-019906,ACC-00641,closed_no_fraud,0.53,2026-04-26
FC-00985,TXN-020402,ACC-04146,confirmed_fraud,0.81,2026-02-23
FC-00986,TXN-037989,ACC-02207,closed_no_fraud,0.63,2026-01-06
FC-00987,TXN-006808,ACC-03528,open,0.81,2026-06-24
FC-00988,TXN-001040,ACC-05417,investigating,0.51,2026-07-09
FC-00989,TXN-013269,ACC-00546,closed_no_fraud,0.79,2026-03-02
FC-00990,TXN-039123,ACC-05448,open,0.47,2026-05-04
FC-00991,TXN-020394,ACC-02419,closed_no_fraud,0.74,2026-02-08
FC-00992,TXN-020065,ACC-01080,confirmed_fraud,0.55,2026-04-10
FC-00993,TXN-014510,ACC-03079,closed_no_fraud,0.47,2026-05-11
FC-00994,TXN-013434,ACC-05216,open,0.86,2026-02-22
FC-00995,TXN-025675,ACC-02756,confirmed_fraud,0.86,2026-04-06
FC-00996,TXN-044589,ACC-03881,investigating,0.87,2026-04-06
FC-00997,TXN-016951,ACC-05643,investigating,0.55,2026-08-15
FC-00998,TXN-043390,ACC-06307,confirmed_fraud,0.51,2026-06-27
FC-00999,TXN-040252,ACC-02974,investigating,0.97,2026-08-28
FC-01000,TXN-022548,ACC-05395,confirmed_fraud,0.94,2026-05-06
FC-01001,TXN-042535,ACC-05835,confirmed_fraud,0.48,2026-02-25
FC-01002,TXN-045336,ACC-06858,investigating,0.56,2026-02-07
FC-01003,TXN-029093,ACC-06929,open,0.61,2026-06-19
FC-01004,TXN-010501,ACC-00196,open,0.83,2026-01-18
FC-01005,TXN-035110,ACC-07294,investigating,0.79,2026-08-17
FC-01006,TXN-007746,ACC-03439,investigating,0.74,2026-05-18
FC-01007,TXN-007703,ACC-00640,confirmed_fraud,0.78,2026-05-26
FC-01008,TXN-031025,ACC-02532,confirmed_fraud,0.65,2026-02-19
FC-01009,TXN-049507,ACC-05998,open,0.85,2026-02-12
FC-01010,TXN-016312,ACC-06192,closed_no_fraud,0.67,2026-03-28
FC-01011,TXN-009099,ACC-07079,confirmed_fraud,0.81,2026-06-17
FC-01012,TXN-000742,ACC-01156,open,0.7,2026-08-03
FC-01013,TXN-000643,ACC-00769,investigating,0.44,2026-05-11
FC-01014,TXN-038486,ACC-06712,confirmed_fraud,0.66,2026-05-24
FC-01015,TXN-003964,ACC-02187,investigating,0.98,2026-08-02
FC-01016,TXN-036897,ACC-01689,open,0.91,2026-01-26
FC-01017,TXN-003788,ACC-07004,closed_no_fraud,0.57,2026-06-03
FC-01018,TXN-000906,ACC-02136,closed_no_fraud,0.61,2026-06-10
FC-01019,TXN-010266,ACC-06577,closed_no_fraud,0.81,2026-06-27
FC-01020,TXN-033862,ACC-06344,investigating,0.52,2026-08-06
FC-01021,TXN-021999,ACC-06838,confirmed_fraud,0.72,2026-03-22
FC-01022,TXN-027437,ACC-01085,closed_no_fraud,0.82,2026-05-14
FC-01023,TXN-002436,ACC-04628,open,0.5,2026-03-16
FC-01024,TXN-049196,ACC-07040,investigating,0.77,2026-02-05
FC-01025,TXN-049621,ACC-07371,open,0.91,2026-02-16
FC-01026,TXN-006998,ACC-03614,confirmed_fraud,0.75,2026-02-13
FC-01027,TXN-030779,ACC-01510,closed_no_fraud,0.67,2026-01-09
FC-01028,TXN-005471,ACC-01851,open,0.5,2026-03-24
FC-01029,TXN-011317,ACC-04964,open,0.83,2026-07-04
FC-01030,TXN-027636,ACC-05679,investigating,0.84,2026-05-16
FC-01031,TXN-035288,ACC-04371,investigating,0.68,2026-07-04
FC-01032,TXN-044570,ACC-05573,closed_no_fraud,0.93,2026-02-11
FC-01033,TXN-020427,ACC-00731,investigating,0.8,2026-07-16
FC-01034,TXN-010932,ACC-06416,open,0.68,2026-03-16
FC-01035,TXN-006034,ACC-03331,investigating,0.84,2026-07-10
FC-01036,TXN-008634,ACC-00040,open,0.49,2026-07-02
FC-01037,TXN-047474,ACC-02681,confirmed_fraud,0.56,2026-01-05
FC-01038,TXN-034628,ACC-05799,closed_no_fraud,0.69,2026-01-06
FC-01039,TXN-013829,ACC-05705,open,0.8,2026-01-02
FC-01040,TXN-001549,ACC-02334,closed_no_fraud,0.85,2026-03-27
FC-01041,TXN-043126,ACC-02013,investigating,0.91,2026-04-06
FC-01042,TXN-042688,ACC-03762,closed_no_fraud,0.58,2026-02-12
FC-01043,TXN-005686,ACC-01075,closed_no_fraud,0.76,2026-05-26
FC-01044,TXN-020213,ACC-03168,open,0.71,2026-01-22
FC-01045,TXN-046333,ACC-04925,investigating,0.89,2026-07-24
FC-01046,TXN-014007,ACC-06543,investigating,0.57,2026-05-08
FC-01047,TXN-042533,ACC-03641,confirmed_fraud,0.73,2026-06-03
FC-01048,TXN-003690,ACC-01686,investigating,0.65,2026-05-18
FC-01049,TXN-004285,ACC-07371,open,0.53,2026-07-12
FC-01050,TXN-004120,ACC-05595,investigating,0.4,2026-04-10
FC-01051,TXN-034892,ACC-04436,closed_no_fraud,0.43,2026-01-27
FC-01052,TXN-003496,ACC-05656,closed_no_fraud,0.63,2026-03-24
FC-01053,TXN-014712,ACC-00112,open,0.98,2026-01-02
FC-01054,TXN-017268,ACC-01504,investigating,0.54,2026-08-28
FC-01055,TXN-045522,ACC-00229,investigating,0.97,2026-07-21
FC-01056,TXN-003882,ACC-01992,investigating,0.59,2026-01-08
FC-01057,TXN-043648,ACC-06472,open,0.81,2026-07-20
FC-01058,TXN-047891,ACC-03085,investigating,0.57,2026-03-18
FC-01059,TXN-023717,ACC-03300,investigating,0.84,2026-06-16
FC-01060,TXN-008260,ACC-05361,investigating,0.85,2026-05-12
FC-01061,TXN-042037,ACC-02394,open,0.93,2026-01-11
FC-01062,TXN-013924,ACC-04326,closed_no_fraud,0.64,2026-05-18
FC-01063,TXN-034202,ACC-05939,closed_no_fraud,0.52,2026-03-28
FC-01064,TXN-003296,ACC-03952,investigating,0.82,2026-01-08
FC-01065,TXN-002619,ACC-01321,investigating,0.82,2026-05-03
FC-01066,TXN-021881,ACC-06805,open,0.42,2026-03-12
FC-01067,TXN-017257,ACC-04779,open,0.53,2026-08-24
FC-01068,TXN-025793,ACC-04970,closed_no_fraud,0.57,2026-05-21
FC-01069,TXN-022347,ACC-04256,closed_no_fraud,0.41,2026-05-14
FC-01070,TXN-013834,ACC-03024,confirmed_fraud,0.64,2026-05-28
FC-01071,TXN-029532,ACC-00970,open,0.81,2026-03-20
FC-01072,TXN-008470,ACC-06226,confirmed_fraud,0.96,2026-07-02
FC-01073,TXN-014858,ACC-07427,open,0.92,2026-01-21
FC-01074,TXN-017876,ACC-00524,investigating,0.61,2026-01-18
FC-01075,TXN-003560,ACC-06677,closed_no_fraud,0.98,2026-05-16
FC-01076,TXN-013947,ACC-05995,closed_no_fraud,0.51,2026-01-16
FC-01077,TXN-004578,ACC-03212,investigating,0.92,2026-06-25
FC-01078,TXN-024999,ACC-02629,investigating,0.86,2026-01-13
FC-01079,TXN-007147,ACC-05754,confirmed_fraud,0.69,2026-02-14
FC-01080,TXN-006599,ACC-00189,investigating,0.98,2026-08-26
FC-01081,TXN-037085,ACC-05162,confirmed_fraud,0.86,2026-05-03
FC-01082,TXN-028387,ACC-03143,open,0.77,2026-02-06
FC-01083,TXN-030434,ACC-04148,confirmed_fraud,0.42,2026-03-09
FC-01084,TXN-022944,ACC-07157,closed_no_fraud,0.87,2026-05-05
FC-01085,TXN-040950,ACC-00663,confirmed_fraud,0.9,2026-06-10
FC-01086,TXN-020218,ACC-07278,confirmed_fraud,0.47,2026-02-02
FC-01087,TXN-018345,ACC-06610,closed_no_fraud,0.48,2026-06-08
FC-01088,TXN-034872,ACC-06100,investigating,0.65,2026-08-25
FC-01089,TXN-035046,ACC-04939,investigating,0.44,2026-02-12
FC-01090,TXN-006754,ACC-05614,confirmed_fraud,0.9,2026-06-11
FC-01091,TXN-049780,ACC-04966,confirmed_fraud,0.62,2026-03-16
FC-01092,TXN-046638,ACC-04095,investigating,0.8,2026-05-11
FC-01093,TXN-032102,ACC-01297,investigating,0.67,2026-04-04
FC-01094,TXN-025728,ACC-03001,confirmed_fraud,0.73,2026-01-12
FC-01095,TXN-012324,ACC-06727,investigating,0.95,2026-01-08
FC-01096,TXN-034496,ACC-03292,closed_no_fraud,0.45,2026-07-14
FC-01097,TXN-004550,ACC-06212,investigating,0.76,2026-07-08
FC-01098,TXN-023533,ACC-06714,open,0.9,2026-01-20
FC-01099,TXN-043498,ACC-04943,investigating,0.83,2026-07-13
FC-01100,TXN-043058,ACC-05130,closed_no_fraud,0.81,2026-07-14
FC-01101,TXN-041826,ACC-02789,investigating,0.73,2026-04-01
FC-01102,TXN-044161,ACC-06385,confirmed_fraud,0.82,2026-06-21
FC-01103,TXN-033417,ACC-06263,investigating,0.72,2026-04-17
FC-01104,TXN-048180,ACC-06625,confirmed_fraud,0.63,2026-08-16
FC-01105,TXN-027585,ACC-02956,open,0.47,2026-06-10
FC-01106,TXN-026082,ACC-04149,open,0.83,2026-01-18
FC-01107,TXN-030455,ACC-01007,investigating,0.71,2026-01-09
FC-01108,TXN-040566,ACC-03801,closed_no_fraud,0.44,2026-01-01
FC-01109,TXN-042314,ACC-00386,open,0.74,2026-02-22
FC-01110,TXN-010124,ACC-06993,closed_no_fraud,0.69,2026-01-04
FC-01111,TXN-019332,ACC-04829,open,0.6,2026-03-22
FC-01112,TXN-000432,ACC-02498,closed_no_fraud,0.69,2026-08-08
FC-01113,TXN-047625,ACC-04436,open,0.68,2026-07-20
FC-01114,TXN-049715,ACC-00282,closed_no_fraud,0.58,2026-04-09
FC-01115,TXN-027641,ACC-02525,closed_no_fraud,0.5,2026-02-08
FC-01116,TXN-009996,ACC-07243,closed_no_fraud,0.48,2026-02-03
FC-01117,TXN-006360,ACC-00974,closed_no_fraud,0.47,2026-01-16
FC-01118,TXN-038445,ACC-01219,investigating,0.54,2026-07-03
FC-01119,TXN-039465,ACC-01455,investigating,0.58,2026-04-26
FC-01120,TXN-021757,ACC-07134,closed_no_fraud,0.5,2026-01-01
FC-01121,TXN-032729,ACC-01265,investigating,0.83,2026-04-11
FC-01122,TXN-008296,ACC-02484,closed_no_fraud,0.7,2026-07-08
FC-01123,TXN-037357,ACC-04761,closed_no_fraud,0.42,2026-02-19
FC-01124,TXN-048946,ACC-00539,investigating,0.91,2026-02-27
FC-01125,TXN-016627,ACC-05294,closed_no_fraud,0.57,2026-05-23
FC-01126,TXN-026569,ACC-00517,open,0.62,2026-07-17
FC-01127,TXN-020739,ACC-00353,investigating,0.7,2026-02-10
FC-01128,TXN-015940,ACC-07303,confirmed_fraud,0.94,2026-08-03
FC-01129,TXN-029676,ACC-05073,investigating,0.6,2026-03-25
FC-01130,TXN-029858,ACC-03304,confirmed_fraud,0.5,2026-05-11
FC-01131,TXN-007808,ACC-04712,closed_no_fraud,0.96,2026-01-18
FC-01132,TXN-037751,ACC-04626,investigating,0.57,2026-06-27
FC-01133,TXN-045044,ACC-01759,investigating,0.65,2026-02-06
FC-01134,TXN-009899,ACC-06232,confirmed_fraud,0.56,2026-02-02
FC-01135,TXN-044314,ACC-05883,confirmed_fraud,0.52,2026-03-28
FC-01136,TXN-018684,ACC-00406,closed_no_fraud,0.75,2026-03-14
FC-01137,TXN-001334,ACC-06672,open,0.42,2026-02-13
FC-01138,TXN-045012,ACC-00673,investigating,0.92,2026-03-27
FC-01139,TXN-013077,ACC-01451,open,0.73,2026-06-12
FC-01140,TXN-012047,ACC-02496,investigating,0.92,2026-08-24
FC-01141,TXN-000716,ACC-02282,open,0.73,2026-03-28
FC-01142,TXN-036673,ACC-04164,investigating,0.64,2026-02-13
FC-01143,TXN-036063,ACC-06612,investigating,0.69,2026-05-20
FC-01144,TXN-005329,ACC-02489,closed_no_fraud,0.73,2026-05-16
FC-01145,TXN-048861,ACC-02538,confirmed_fraud,0.86,2026-04-07
FC-01146,TXN-011995,ACC-05763,open,0.59,2026-02-16
FC-01147,TXN-039600,ACC-06297,confirmed_fraud,0.88,2026-06-26
FC-01148,TXN-028951,ACC-01587,closed_no_fraud,0.61,2026-03-15
FC-01149,TXN-028591,ACC-03913,closed_no_fraud,0.92,2026-08-28
FC-01150,TXN-044687,ACC-02506,open,0.62,2026-01-02
FC-01151,TXN-023654,ACC-03024,confirmed_fraud,0.66,2026-03-07
FC-01152,TXN-008883,ACC-01356,open,0.52,2026-04-03
FC-01153,TXN-007236,ACC-05368,investigating,0.67,2026-01-23
FC-01154,TXN-004980,ACC-04530,investigating,0.53,2026-06-10
FC-01155,TXN-036621,ACC-06174,confirmed_fraud,0.88,2026-04-20
FC-01156,TXN-010732,ACC-02798,open,0.83,2026-01-21
FC-01157,TXN-009293,ACC-06052,investigating,0.59,2026-01-12
FC-01158,TXN-021343,ACC-06843,confirmed_fraud,0.49,2026-03-18
FC-01159,TXN-035712,ACC-04947,closed_no_fraud,0.43,2026-07-23
FC-01160,TXN-016593,ACC-00706,open,0.94,2026-04-23
FC-01161,TXN-049590,ACC-04680,investigating,0.85,2026-02-26
FC-01162,TXN-004510,ACC-02247,open,0.42,2026-03-23
FC-01163,TXN-038810,ACC-00636,investigating,0.74,2026-01-03
FC-01164,TXN-030169,ACC-01731,investigating,0.65,2026-07-07
FC-01165,TXN-037448,ACC-03507,open,0.56,2026-01-20
FC-01166,TXN-045673,ACC-00205,open,0.95,2026-05-03
FC-01167,TXN-016889,ACC-06247,confirmed_fraud,0.54,2026-06-09
FC-01168,TXN-005186,ACC-03157,closed_no_fraud,0.97,2026-06-24
FC-01169,TXN-025116,ACC-06460,open,0.87,2026-05-12
FC-01170,TXN-028699,ACC-03706,open,0.67,2026-01-14
FC-01171,TXN-035460,ACC-02298,investigating,0.94,2026-07-08
FC-01172,TXN-000552,ACC-00076,investigating,0.49,2026-05-11
FC-01173,TXN-049566,ACC-05344,investigating,0.68,2026-02-24
FC-01174,TXN-022483,ACC-02674,open,0.71,2026-05-07
FC-01175,TXN-034637,ACC-02601,open,0.52,2026-01-26
FC-01176,TXN-026175,ACC-05979,closed_no_fraud,0.7,2026-07-07
FC-01177,TXN-032782,ACC-02316,closed_no_fraud,0.63,2026-02-26
FC-01178,TXN-036675,ACC-00976,confirmed_fraud,0.81,2026-08-26
FC-01179,TXN-023677,ACC-07353,closed_no_fraud,0.94,2026-04-06
FC-01180,TXN-036005,ACC-03457,confirmed_fraud,0.77,2026-06-07
FC-01181,TXN-010131,ACC-01720,closed_no_fraud,0.55,2026-07-23
FC-01182,TXN-024130,ACC-06145,closed_no_fraud,0.44,2026-04-22
FC-01183,TXN-045585,ACC-02211,open,0.6,2026-07-19
FC-01184,TXN-006462,ACC-00538,closed_no_fraud,0.72,2026-05-26
FC-01185,TXN-037012,ACC-05060,closed_no_fraud,0.57,2026-07-16
FC-01186,TXN-028780,ACC-05371,confirmed_fraud,0.52,2026-04-01
FC-01187,TXN-031962,ACC-01399,investigating,0.96,2026-02-15
FC-01188,TXN-010819,ACC-01143,confirmed_fraud,0.6,2026-06-15
FC-01189,TXN-011349,ACC-00238,open,0.75,2026-08-12
FC-01190,TXN-007144,ACC-01600,closed_no_fraud,0.95,2026-06-27
FC-01191,TXN-010790,ACC-06520,confirmed_fraud,0.89,2026-05-21
FC-01192,TXN-006488,ACC-03671,closed_no_fraud,0.65,2026-06-24
FC-01193,TXN-030869,ACC-02232,confirmed_fraud,0.72,2026-02-01
FC-01194,TXN-003358,ACC-04485,closed_no_fraud,0.91,2026-06-10
FC-01195,TXN-022418,ACC-05776,open,0.73,2026-05-21
FC-01196,TXN-015706,ACC-02288,confirmed_fraud,0.55,2026-04-16
FC-01197,TXN-015798,ACC-04736,open,0.85,2026-06-26
FC-01198,TXN-039575,ACC-04616,investigating,0.55,2026-04-06
FC-01199,TXN-020959,ACC-02630,open,0.61,2026-02-21
FC-01200,TXN-029427,ACC-00970,investigating,0.42,2026-06-26
FC-01201,TXN-015705,ACC-01927,investigating,0.62,2026-04-07
FC-01202,TXN-036226,ACC-05594,confirmed_fraud,0.53,2026-06-04
FC-01203,TXN-043888,ACC-00896,closed_no_fraud,0.79,2026-02-28
FC-01204,TXN-000824,ACC-00851,investigating,0.72,2026-08-10
FC-01205,TXN-044440,ACC-02654,investigating,0.47,2026-05-05
FC-01206,TXN-037788,ACC-02057,open,0.8,2026-01-20
FC-01207,TXN-049130,ACC-06176,closed_no_fraud,0.97,2026-07-09
FC-01208,TXN-031295,ACC-03207,open,0.51,2026-06-24
FC-01209,TXN-021223,ACC-06509,closed_no_fraud,0.6,2026-06-18
FC-01210,TXN-012421,ACC-04849,open,0.82,2026-08-24
FC-01211,TXN-007045,ACC-01854,confirmed_fraud,0.69,2026-06-10
FC-01212,TXN-002039,ACC-00648,closed_no_fraud,0.55,2026-01-23
FC-01213,TXN-049037,ACC-02307,open,0.87,2026-03-12
FC-01214,TXN-020863,ACC-01723,closed_no_fraud,0.55,2026-07-27
FC-01215,TXN-043951,ACC-01229,investigating,0.64,2026-07-09
FC-01216,TXN-027514,ACC-05493,open,0.89,2026-05-11
FC-01217,TXN-042891,ACC-01144,open,0.6,2026-08-03
FC-01218,TXN-049119,ACC-05139,investigating,0.98,2026-03-14
FC-01219,TXN-000559,ACC-04138,confirmed_fraud,0.9,2026-05-01
FC-01220,TXN-048474,ACC-07024,open,0.97,2026-06-05
FC-01221,TXN-027249,ACC-01288,investigating,0.83,2026-08-24
FC-01222,TXN-046978,ACC-01262,closed_no_fraud,0.43,2026-01-16
FC-01223,TXN-033024,ACC-05644,confirmed_fraud,0.76,2026-07-17
FC-01224,TXN-020110,ACC-06420,investigating,0.68,2026-07-17
FC-01225,TXN-021336,ACC-05674,open,0.6,2026-06-19
FC-01226,TXN-001187,ACC-02120,confirmed_fraud,0.67,2026-08-25
FC-01227,TXN-012636,ACC-03201,confirmed_fraud,0.53,2026-02-27
FC-01228,TXN-046324,ACC-02149,investigating,0.8,2026-04-20
FC-01229,TXN-027086,ACC-06229,confirmed_fraud,0.98,2026-02-19
FC-01230,TXN-049168,ACC-04951,investigating,0.49,2026-06-22
FC-01231,TXN-048766,ACC-04745,confirmed_fraud,0.42,2026-05-20
FC-01232,TXN-003081,ACC-04120,closed_no_fraud,0.73,2026-08-26
FC-01233,TXN-013971,ACC-06681,closed_no_fraud,0.79,2026-02-27
FC-01234,TXN-018300,ACC-06203,confirmed_fraud,0.78,2026-06-28
FC-01235,TXN-039919,ACC-04229,closed_no_fraud,0.55,2026-03-02
FC-01236,TXN-008515,ACC-02120,open,0.44,2026-04-12
FC-01237,TXN-029039,ACC-06815,closed_no_fraud,0.93,2026-01-02
FC-01238,TXN-021186,ACC-04007,confirmed_fraud,0.56,2026-01-03
FC-01239,TXN-014137,ACC-07039,open,0.78,2026-07-22
FC-01240,TXN-031580,ACC-01364,closed_no_fraud,0.87,2026-06-05
FC-01241,TXN-025796,ACC-00608,confirmed_fraud,0.73,2026-05-19
FC-01242,TXN-006778,ACC-06603,closed_no_fraud,0.62,2026-05-15
FC-01243,TXN-048955,ACC-00086,open,0.67,2026-08-04
FC-01244,TXN-019085,ACC-07353,closed_no_fraud,0.8,2026-03-09
FC-01245,TXN-006541,ACC-02730,open,0.81,2026-08-13
FC-01246,TXN-002344,ACC-00903,investigating,0.74,2026-05-08
FC-01247,TXN-025683,ACC-01764,investigating,0.72,2026-02-17
FC-01248,TXN-018569,ACC-02489,closed_no_fraud,0.76,2026-07-03
FC-01249,TXN-005093,ACC-02531,open,0.63,2026-08-03
FC-01250,TXN-032573,ACC-02213,confirmed_fraud,0.9,2026-07-04
FC-01251,TXN-008730,ACC-01102,open,0.53,2026-05-24
FC-01252,TXN-008933,ACC-06669,investigating,0.53,2026-07-26
FC-01253,TXN-006821,ACC-03043,investigating,0.95,2026-05-23
FC-01254,TXN-040379,ACC-01751,investigating,0.48,2026-07-02
FC-01255,TXN-041592,ACC-01277,open,0.7,2026-01-28
FC-01256,TXN-031227,ACC-03973,open,0.87,2026-03-07
FC-01257,TXN-047691,ACC-02052,investigating,0.62,2026-06-05
FC-01258,TXN-005898,ACC-02975,investigating,0.79,2026-07-05
FC-01259,TXN-043320,ACC-06094,confirmed_fraud,0.6,2026-03-23
FC-01260,TXN-021101,ACC-01877,open,0.65,2026-06-04
FC-01261,TXN-024511,ACC-00380,confirmed_fraud,0.72,2026-01-15
FC-01262,TXN-025087,ACC-03373,open,0.4,2026-07-22
FC-01263,TXN-036860,ACC-07206,confirmed_fraud,0.69,2026-06-01
FC-01264,TXN-000712,ACC-02677,confirmed_fraud,0.63,2026-01-07
FC-01265,TXN-040345,ACC-05992,confirmed_fraud,0.58,2026-01-21
FC-01266,TXN-021167,ACC-06895,confirmed_fraud,0.73,2026-08-07
FC-01267,TXN-000988,ACC-05484,investigating,0.62,2026-05-11
FC-01268,TXN-034740,ACC-03013,open,0.96,2026-01-09
FC-01269,TXN-026271,ACC-04256,open,0.51,2026-05-26
FC-01270,TXN-007409,ACC-07027,closed_no_fraud,0.5,2026-02-11
FC-01271,TXN-016732,ACC-02473,closed_no_fraud,0.83,2026-06-11
FC-01272,TXN-012235,ACC-05780,investigating,0.93,2026-07-08
FC-01273,TXN-045216,ACC-06033,closed_no_fraud,0.4,2026-05-13
FC-01274,TXN-033183,ACC-00415,closed_no_fraud,0.61,2026-02-02
FC-01275,TXN-038450,ACC-03880,investigating,0.78,2026-08-22
FC-01276,TXN-015302,ACC-02364,closed_no_fraud,0.87,2026-04-28
FC-01277,TXN-006154,ACC-02599,open,0.5,2026-01-27
FC-01278,TXN-046911,ACC-04637,open,0.66,2026-08-03
FC-01279,TXN-037828,ACC-00832,investigating,0.58,2026-02-19
FC-01280,TXN-031682,ACC-02823,closed_no_fraud,0.76,2026-01-18
FC-01281,TXN-009854,ACC-06136,investigating,0.42,2026-01-11
FC-01282,TXN-004936,ACC-02599,confirmed_fraud,0.96,2026-07-07
FC-01283,TXN-044623,ACC-01425,investigating,0.56,2026-07-20
FC-01284,TXN-014659,ACC-00147,confirmed_fraud,0.9,2026-08-19
FC-01285,TXN-044779,ACC-02145,confirmed_fraud,0.62,2026-06-19
FC-01286,TXN-011121,ACC-05489,confirmed_fraud,0.95,2026-06-26
FC-01287,TXN-026748,ACC-03354,confirmed_fraud,0.9,2026-04-20
FC-01288,TXN-035002,ACC-01470,open,0.61,2026-02-20
FC-01289,TXN-042647,ACC-05533,investigating,0.87,2026-08-21
FC-01290,TXN-020588,ACC-01425,closed_no_fraud,0.95,2026-02-06
FC-01291,TXN-039532,ACC-03967,open,0.42,2026-01-12
FC-01292,TXN-046164,ACC-04588,closed_no_fraud,0.7,2026-05-07
FC-01293,TXN-034001,ACC-04430,confirmed_fraud,0.96,2026-04-14
FC-01294,TXN-021444,ACC-02303,open,0.49,2026-03-26
FC-01295,TXN-011612,ACC-05306,closed_no_fraud,0.89,2026-04-01
FC-01296,TXN-037425,ACC-00513,confirmed_fraud,0.42,2026-07-04
FC-01297,TXN-046594,ACC-01559,investigating,0.98,2026-08-23
FC-01298,TXN-018368,ACC-05118,confirmed_fraud,0.6,2026-04-25
FC-01299,TXN-009554,ACC-05322,closed_no_fraud,0.69,2026-02-15
FC-01300,TXN-040013,ACC-05576,confirmed_fraud,0.69,2026-04-14
FC-01301,TXN-033007,ACC-01691,confirmed_fraud,0.9,2026-02-18
FC-01302,TXN-015283,ACC-02961,closed_no_fraud,0.56,2026-04-10
FC-01303,TXN-031178,ACC-06359,confirmed_fraud,0.89,2026-05-27
FC-01304,TXN-029662,ACC-00637,open,0.41,2026-02-12
FC-01305,TXN-019619,ACC-02130,closed_no_fraud,0.87,2026-05-04
FC-01306,TXN-043706,ACC-05887,closed_no_fraud,0.63,2026-04-25
FC-01307,TXN-015777,ACC-05888,open,0.64,2026-08-02
FC-01308,TXN-036567,ACC-07430,investigating,0.96,2026-07-03
FC-01309,TXN-018536,ACC-06225,investigating,0.88,2026-02-19
FC-01310,TXN-017906,ACC-06010,closed_no_fraud,0.87,2026-08-07
FC-01311,TXN-045635,ACC-06184,confirmed_fraud,0.47,2026-02-18
FC-01312,TXN-031523,ACC-03802,investigating,0.71,2026-01-20
FC-01313,TXN-011167,ACC-05698,open,0.47,2026-02-05
FC-01314,TXN-005375,ACC-00026,open,0.52,2026-07-27
FC-01315,TXN-003470,ACC-07108,confirmed_fraud,0.8,2026-01-11
FC-01316,TXN-041410,ACC-05656,investigating,0.44,2026-03-21
FC-01317,TXN-046113,ACC-02836,investigating,0.76,2026-03-03
FC-01318,TXN-042877,ACC-01311,confirmed_fraud,0.52,2026-02-26
FC-01319,TXN-004576,ACC-02514,open,0.84,2026-06-15
FC-01320,TXN-044376,ACC-05735,confirmed_fraud,0.95,2026-02-01
FC-01321,TXN-045043,ACC-02647,investigating,0.66,2026-01-02
FC-01322,TXN-023553,ACC-02951,open,0.96,2026-01-13
FC-01323,TXN-038179,ACC-00074,confirmed_fraud,0.72,2026-04-14
FC-01324,TXN-042550,ACC-00724,open,0.57,2026-03-24
FC-01325,TXN-048917,ACC-06513,closed_no_fraud,0.42,2026-01-23
FC-01326,TXN-014549,ACC-02039,investigating,0.76,2026-02-03
FC-01327,TXN-047733,ACC-05697,confirmed_fraud,0.44,2026-02-13
FC-01328,TXN-022710,ACC-01161,open,0.44,2026-06-04
FC-01329,TXN-043687,ACC-06913,closed_no_fraud,0.67,2026-01-22
FC-01330,TXN-000580,ACC-03563,investigating,0.68,2026-01-15
FC-01331,TXN-037961,ACC-04713,closed_no_fraud,0.55,2026-02-01
FC-01332,TXN-030977,ACC-00205,investigating,0.53,2026-03-06
FC-01333,TXN-000864,ACC-07405,confirmed_fraud,0.56,2026-06-16
FC-01334,TXN-020593,ACC-04939,confirmed_fraud,0.84,2026-02-16
FC-01335,TXN-016653,ACC-05871,confirmed_fraud,0.74,2026-01-20
FC-01336,TXN-008758,ACC-02458,investigating,0.45,2026-06-03
FC-01337,TXN-042043,ACC-05335,confirmed_fraud,0.92,2026-05-08
FC-01338,TXN-023108,ACC-00479,investigating,0.95,2026-05-24
FC-01339,TXN-009632,ACC-05648,closed_no_fraud,0.46,2026-04-21
FC-01340,TXN-044187,ACC-02007,investigating,0.52,2026-08-25
FC-01341,TXN-026854,ACC-00750,confirmed_fraud,0.75,2026-01-01
FC-01342,TXN-005024,ACC-03156,open,0.84,2026-04-14
FC-01343,TXN-042087,ACC-00234,open,0.47,2026-06-14
FC-01344,TXN-029655,ACC-00667,closed_no_fraud,0.92,2026-07-02
FC-01345,TXN-030815,ACC-03629,investigating,0.78,2026-08-21
FC-01346,TXN-010776,ACC-05797,closed_no_fraud,0.85,2026-04-28
FC-01347,TXN-001733,ACC-01120,investigating,0.91,2026-04-19
FC-01348,TXN-032163,ACC-02050,confirmed_fraud,0.58,2026-05-11
FC-01349,TXN-035504,ACC-00983,open,0.51,2026-07-28
FC-01350,TXN-009742,ACC-05898,confirmed_fraud,0.88,2026-03-06
FC-01351,TXN-049153,ACC-05383,confirmed_fraud,0.87,2026-01-16
FC-01352,TXN-031377,ACC-04667,closed_no_fraud,0.93,2026-05-08
FC-01353,TXN-010511,ACC-05090,confirmed_fraud,0.44,2026-04-10
FC-01354,TXN-019079,ACC-05738,investigating,0.74,2026-07-17
FC-01355,TXN-040718,ACC-06085,confirmed_fraud,0.8,2026-02-16
FC-01356,TXN-009297,ACC-06356,confirmed_fraud,0.75,2026-05-10
FC-01357,TXN-023882,ACC-00480,confirmed_fraud,0.73,2026-08-18
FC-01358,TXN-019247,ACC-00240,confirmed_fraud,0.68,2026-03-15
FC-01359,TXN-043168,ACC-03866,closed_no_fraud,0.87,2026-07-24
FC-01360,TXN-039684,ACC-03201,investigating,0.96,2026-01-27
FC-01361,TXN-014149,ACC-03474,closed_no_fraud,0.88,2026-05-04
FC-01362,TXN-047514,ACC-03184,closed_no_fraud,0.57,2026-01-21
FC-01363,TXN-005413,ACC-00484,investigating,0.46,2026-01-10
FC-01364,TXN-031171,ACC-06970,confirmed_fraud,0.45,2026-02-14
FC-01365,TXN-031726,ACC-01569,investigating,0.76,2026-08-25
FC-01366,TXN-009122,ACC-06634,confirmed_fraud,0.83,2026-02-21
FC-01367,TXN-009326,ACC-02411,confirmed_fraud,0.83,2026-04-13
FC-01368,TXN-002741,ACC-00460,closed_no_fraud,0.92,2026-07-10
FC-01369,TXN-008367,ACC-07061,confirmed_fraud,0.57,2026-05-20
FC-01370,TXN-005020,ACC-02769,open,0.66,2026-03-10
FC-01371,TXN-025403,ACC-01102,closed_no_fraud,0.43,2026-07-19
FC-01372,TXN-025766,ACC-04127,open,0.67,2026-01-07
FC-01373,TXN-049058,ACC-06791,open,0.74,2026-07-12
FC-01374,TXN-024423,ACC-01320,confirmed_fraud,0.82,2026-01-18
FC-01375,TXN-025577,ACC-07436,closed_no_fraud,0.69,2026-07-10
FC-01376,TXN-011931,ACC-03084,investigating,0.62,2026-07-10
FC-01377,TXN-012160,ACC-03321,confirmed_fraud,0.54,2026-04-24
FC-01378,TXN-043568,ACC-00544,open,0.48,2026-06-13
FC-01379,TXN-036326,ACC-06809,investigating,0.46,2026-07-21
FC-01380,TXN-033904,ACC-04674,open,0.5,2026-08-09
FC-01381,TXN-049736,ACC-00148,confirmed_fraud,0.61,2026-06-18
FC-01382,TXN-005592,ACC-02114,investigating,0.86,2026-02-11
FC-01383,TXN-041930,ACC-01505,open,0.85,2026-06-24
FC-01384,TXN-028071,ACC-00334,investigating,0.55,2026-03-11
FC-01385,TXN-027574,ACC-01218,open,0.57,2026-04-21
FC-01386,TXN-023692,ACC-06027,confirmed_fraud,0.86,2026-05-20
FC-01387,TXN-011871,ACC-02786,investigating,0.69,2026-06-03
FC-01388,TXN-018740,ACC-07246,investigating,0.44,2026-04-22
FC-01389,TXN-009683,ACC-04631,confirmed_fraud,0.61,2026-08-25
FC-01390,TXN-002582,ACC-01890,open,0.93,2026-01-23
FC-01391,TXN-004245,ACC-03289,open,0.48,2026-01-07
FC-01392,TXN-000887,ACC-04236,confirmed_fraud,0.6,2026-02-09
FC-01393,TXN-020751,ACC-07054,closed_no_fraud,0.55,2026-06-17
FC-01394,TXN-048650,ACC-02516,closed_no_fraud,0.91,2026-05-05
FC-01395,TXN-007289,ACC-01501,investigating,0.68,2026-03-28
FC-01396,TXN-024127,ACC-03065,closed_no_fraud,0.63,2026-06-01
FC-01397,TXN-000320,ACC-05856,confirmed_fraud,0.66,2026-01-16
FC-01398,TXN-004021,ACC-06513,closed_no_fraud,0.68,2026-07-04
FC-01399,TXN-042396,ACC-01456,investigating,0.77,2026-02-11
FC-01400,TXN-047906,ACC-00640,open,0.47,2026-08-07
FC-01401,TXN-026414,ACC-01657,confirmed_fraud,0.44,2026-07-26
FC-01402,TXN-029296,ACC-02350,closed_no_fraud,0.68,2026-01-19
FC-01403,TXN-042802,ACC-05734,confirmed_fraud,0.42,2026-06-16
FC-01404,TXN-040387,ACC-02542,open,0.67,2026-02-13
FC-01405,TXN-004806,ACC-00133,investigating,0.42,2026-07-12
FC-01406,TXN-027367,ACC-06265,open,0.81,2026-01-06
FC-01407,TXN-018429,ACC-03046,closed_no_fraud,0.92,2026-02-12
FC-01408,TXN-015083,ACC-00592,closed_no_fraud,0.45,2026-02-07
FC-01409,TXN-026550,ACC-00733,closed_no_fraud,0.69,2026-08-18
FC-01410,TXN-002728,ACC-06524,confirmed_fraud,0.83,2026-07-19
FC-01411,TXN-000726,ACC-04286,investigating,0.57,2026-03-22
FC-01412,TXN-010958,ACC-04086,investigating,0.86,2026-04-15
FC-01413,TXN-017359,ACC-05109,confirmed_fraud,0.49,2026-08-17
FC-01414,TXN-012944,ACC-03355,investigating,0.71,2026-05-22
FC-01415,TXN-031677,ACC-00270,open,0.94,2026-01-09
FC-01416,TXN-049665,ACC-06650,investigating,0.59,2026-03-15
FC-01417,TXN-002767,ACC-01311,open,0.68,2026-01-10
FC-01418,TXN-028630,ACC-00892,open,0.97,2026-03-05
FC-01419,TXN-000397,ACC-05879,open,0.55,2026-04-13
FC-01420,TXN-038215,ACC-00210,open,0.56,2026-07-15
FC-01421,TXN-023893,ACC-02237,investigating,0.51,2026-07-11
FC-01422,TXN-035615,ACC-02763,open,0.56,2026-01-11
FC-01423,TXN-015014,ACC-00783,open,0.94,2026-08-04
FC-01424,TXN-049796,ACC-05273,confirmed_fraud,0.78,2026-07-17
FC-01425,TXN-002695,ACC-00401,investigating,0.85,2026-08-15
FC-01426,TXN-027221,ACC-05424,open,0.51,2026-04-27
FC-01427,TXN-011233,ACC-00614,closed_no_fraud,0.67,2026-04-21
FC-01428,TXN-029388,ACC-04492,open,0.95,2026-01-01
FC-01429,TXN-035243,ACC-00358,closed_no_fraud,0.95,2026-05-04
FC-01430,TXN-017078,ACC-02582,confirmed_fraud,0.64,2026-06-25
FC-01431,TXN-025367,ACC-04974,confirmed_fraud,0.86,2026-02-28
FC-01432,TXN-037124,ACC-03229,confirmed_fraud,0.5,2026-03-16
FC-01433,TXN-048074,ACC-01738,closed_no_fraud,0.46,2026-08-26
FC-01434,TXN-036169,ACC-00767,closed_no_fraud,0.93,2026-05-28
FC-01435,TXN-028725,ACC-05787,investigating,0.43,2026-06-21
FC-01436,TXN-043385,ACC-00318,investigating,0.86,2026-02-14
FC-01437,TXN-017271,ACC-01612,closed_no_fraud,0.63,2026-03-16
FC-01438,TXN-049651,ACC-07000,investigating,0.47,2026-03-06
FC-01439,TXN-035420,ACC-05764,investigating,0.92,2026-04-06
FC-01440,TXN-017892,ACC-07017,open,0.49,2026-02-04
FC-01441,TXN-020232,ACC-07155,open,0.55,2026-07-13
FC-01442,TXN-011954,ACC-07026,confirmed_fraud,0.42,2026-01-11
FC-01443,TXN-013577,ACC-04057,closed_no_fraud,0.5,2026-08-11
FC-01444,TXN-026184,ACC-01771,closed_no_fraud,0.72,2026-08-01
FC-01445,TXN-047315,ACC-02930,confirmed_fraud,0.64,2026-08-04
FC-01446,TXN-046835,ACC-05836,confirmed_fraud,0.52,2026-04-27
FC-01447,TXN-016954,ACC-05616,closed_no_fraud,0.86,2026-06-13
FC-01448,TXN-012014,ACC-02248,confirmed_fraud,0.68,2026-05-20
FC-01449,TXN-013501,ACC-06007,closed_no_fraud,0.42,2026-07-09
FC-01450,TXN-045130,ACC-04583,closed_no_fraud,0.54,2026-03-26
FC-01451,TXN-032895,ACC-03455,open,0.85,2026-02-14
FC-01452,TXN-001224,ACC-04927,confirmed_fraud,0.86,2026-08-01
FC-01453,TXN-012547,ACC-01451,investigating,0.65,2026-03-28
FC-01454,TXN-007271,ACC-03482,open,0.48,2026-08-20
FC-01455,TXN-024284,ACC-05273,confirmed_fraud,0.67,2026-02-19
FC-01456,TXN-031752,ACC-05438,investigating,0.93,2026-05-28
FC-01457,TXN-013377,ACC-06042,closed_no_fraud,0.91,2026-05-15
FC-01458,TXN-007263,ACC-05862,closed_no_fraud,0.88,2026-02-24
FC-01459,TXN-014643,ACC-01688,open,0.79,2026-01-20
FC-01460,TXN-039448,ACC-04549,confirmed_fraud,0.8,2026-04-27
FC-01461,TXN-036685,ACC-03822,open,0.89,2026-04-17
FC-01462,TXN-002603,ACC-02668,open,0.53,2026-04-22
FC-01463,TXN-047505,ACC-01538,open,0.67,2026-06-09
FC-01464,TXN-006269,ACC-04741,confirmed_fraud,0.62,2026-05-22
FC-01465,TXN-028182,ACC-06219,investigating,0.44,2026-05-09
FC-01466,TXN-010845,ACC-03920,confirmed_fraud,0.88,2026-02-03
FC-01467,TXN-011315,ACC-01984,investigating,0.84,2026-06-27
FC-01468,TXN-037765,ACC-06700,confirmed_fraud,0.71,2026-02-23
FC-01469,TXN-048403,ACC-02352,confirmed_fraud,0.62,2026-08-16
FC-01470,TXN-002768,ACC-01762,open,0.91,2026-07-27
FC-01471,TXN-015911,ACC-02507,investigating,0.78,2026-07-19
FC-01472,TXN-012213,ACC-00353,open,0.46,2026-05-22
FC-01473,TXN-003972,ACC-04796,investigating,0.87,2026-07-10
FC-01474,TXN-034252,ACC-07208,closed_no_fraud,0.42,2026-04-14
FC-01475,TXN-041490,ACC-03173,confirmed_fraud,0.56,2026-07-19
FC-01476,TXN-031108,ACC-01341,investigating,0.41,2026-06-09
FC-01477,TXN-028559,ACC-02844,confirmed_fraud,0.7,2026-02-18
FC-01478,TXN-028015,ACC-00668,investigating,0.58,2026-08-07
FC-01479,TXN-009341,ACC-01880,confirmed_fraud,0.63,2026-07-20
FC-01480,TXN-001388,ACC-07202,confirmed_fraud,0.71,2026-02-15
FC-01481,TXN-014622,ACC-05633,open,0.44,2026-06-18
FC-01482,TXN-034669,ACC-04323,open,0.93,2026-01-28
FC-01483,TXN-046715,ACC-00872,open,0.98,2026-03-05
FC-01484,TXN-007759,ACC-02993,confirmed_fraud,0.51,2026-04-01
FC-01485,TXN-005762,ACC-05553,investigating,0.83,2026-06-25
FC-01486,TXN-012453,ACC-00764,investigating,0.81,2026-07-21
FC-01487,TXN-033597,ACC-00064,confirmed_fraud,0.77,2026-08-18
FC-01488,TXN-009506,ACC-06464,closed_no_fraud,0.45,2026-03-24
FC-01489,TXN-034826,ACC-06939,open,0.51,2026-02-09
FC-01490,TXN-014008,ACC-04859,investigating,0.85,2026-06-13
FC-01491,TXN-022408,ACC-06974,closed_no_fraud,0.44,2026-07-25
FC-01492,TXN-017702,ACC-03996,closed_no_fraud,0.5,2026-07-26
FC-01493,TXN-043685,ACC-04063,open,0.96,2026-08-06
FC-01494,TXN-042787,ACC-06895,open,0.87,2026-07-15
FC-01495,TXN-035510,ACC-00841,open,0.68,2026-08-10
FC-01496,TXN-017153,ACC-04608,open,0.78,2026-05-16
FC-01497,TXN-038751,ACC-01992,confirmed_fraud,0.56,2026-05-02
FC-01498,TXN-016366,ACC-05268,closed_no_fraud,0.73,2026-01-18
FC-01499,TXN-048396,ACC-01926,closed_no_fraud,0.43,2026-05-12
FC-01500,TXN-012826,ACC-00336,confirmed_fraud,0.77,2026-08-06
FC-01501,TXN-029007,ACC-02487,open,0.45,2026-08-02
FC-01502,TXN-045318,ACC-02131,investigating,0.81,2026-07-10
FC-01503,TXN-033672,ACC-05766,investigating,0.4,2026-05-20
FC-01504,TXN-019455,ACC-01497,confirmed_fraud,0.51,2026-03-01
FC-01505,TXN-036151,ACC-07289,open,0.75,2026-07-01
FC-01506,TXN-016538,ACC-05910,closed_no_fraud,0.85,2026-07-27
FC-01507,TXN-049069,ACC-02777,closed_no_fraud,0.45,2026-07-12
FC-01508,TXN-034634,ACC-03536,closed_no_fraud,0.8,2026-04-08
FC-01509,TXN-049056,ACC-00159,open,0.5,2026-08-20
FC-01510,TXN-033806,ACC-05004,closed_no_fraud,0.88,2026-01-23
FC-01511,TXN-006111,ACC-06660,open,0.43,2026-06-13
FC-01512,TXN-046227,ACC-04828,confirmed_fraud,0.87,2026-03-13
FC-01513,TXN-036052,ACC-06824,open,0.62,2026-04-16
FC-01514,TXN-012887,ACC-02442,confirmed_fraud,0.78,2026-08-14
FC-01515,TXN-028224,ACC-06580,open,0.43,2026-05-10
FC-01516,TXN-038250,ACC-04166,confirmed_fraud,0.86,2026-03-23
FC-01517,TXN-000789,ACC-04492,investigating,0.89,2026-08-02
FC-01518,TXN-026256,ACC-00198,investigating,0.41,2026-04-10
FC-01519,TXN-049381,ACC-06566,investigating,0.84,2026-03-18
FC-01520,TXN-015864,ACC-04657,confirmed_fraud,0.58,2026-04-01
FC-01521,TXN-026154,ACC-07123,open,0.81,2026-02-11
FC-01522,TXN-036934,ACC-06675,open,0.93,2026-08-25
FC-01523,TXN-033865,ACC-00089,confirmed_fraud,0.42,2026-01-24
FC-01524,TXN-038788,ACC-03233,confirmed_fraud,0.61,2026-05-22
FC-01525,TXN-030040,ACC-06674,closed_no_fraud,0.43,2026-02-11
FC-01526,TXN-039650,ACC-03554,confirmed_fraud,0.68,2026-02-28
FC-01527,TXN-034455,ACC-01678,investigating,0.58,2026-03-19
FC-01528,TXN-039655,ACC-03476,confirmed_fraud,0.64,2026-01-09
FC-01529,TXN-029842,ACC-05458,open,0.75,2026-07-02
FC-01530,TXN-025022,ACC-04499,closed_no_fraud,0.55,2026-04-08
FC-01531,TXN-020947,ACC-01452,confirmed_fraud,0.94,2026-05-12
FC-01532,TXN-007267,ACC-01742,open,0.58,2026-05-20
FC-01533,TXN-041634,ACC-02819,confirmed_fraud,0.6,2026-03-27
FC-01534,TXN-000458,ACC-03924,closed_no_fraud,0.74,2026-08-23
FC-01535,TXN-019226,ACC-01232,confirmed_fraud,0.53,2026-04-22
FC-01536,TXN-018631,ACC-04526,confirmed_fraud,0.87,2026-05-17
FC-01537,TXN-022299,ACC-03850,open,0.8,2026-05-04
FC-01538,TXN-039542,ACC-06544,closed_no_fraud,0.5,2026-02-09
FC-01539,TXN-009644,ACC-06837,confirmed_fraud,0.68,2026-07-27
FC-01540,TXN-033835,ACC-00024,closed_no_fraud,0.48,2026-05-16
FC-01541,TXN-020310,ACC-01831,open,0.56,2026-04-07
FC-01542,TXN-025351,ACC-02672,confirmed_fraud,0.94,2026-07-24
FC-01543,TXN-027748,ACC-00662,closed_no_fraud,0.6,2026-08-09
FC-01544,TXN-041552,ACC-03984,confirmed_fraud,0.48,2026-01-16
FC-01545,TXN-016669,ACC-01935,closed_no_fraud,0.66,2026-08-24
FC-01546,TXN-024828,ACC-02150,investigating,0.54,2026-08-09
FC-01547,TXN-009686,ACC-03738,closed_no_fraud,0.47,2026-04-25
FC-01548,TXN-013782,ACC-07160,closed_no_fraud,0.87,2026-07-27
FC-01549,TXN-021902,ACC-02489,open,0.62,2026-02-06
FC-01550,TXN-000212,ACC-04420,open,0.66,2026-02-18
FC-01551,TXN-025806,ACC-02221,investigating,0.83,2026-04-15
FC-01552,TXN-024939,ACC-04840,confirmed_fraud,0.7,2026-01-24
FC-01553,TXN-012884,ACC-07189,investigating,0.76,2026-03-06
FC-01554,TXN-012688,ACC-03381,closed_no_fraud,0.42,2026-06-19
FC-01555,TXN-029441,ACC-04066,closed_no_fraud,0.8,2026-02-17
FC-01556,TXN-041413,ACC-04619,closed_no_fraud,0.61,2026-07-15
FC-01557,TXN-031958,ACC-03408,investigating,0.96,2026-08-07
FC-01558,TXN-020011,ACC-01867,closed_no_fraud,0.58,2026-02-17
FC-01559,TXN-010853,ACC-03060,confirmed_fraud,0.59,2026-01-16
FC-01560,TXN-049128,ACC-05297,confirmed_fraud,0.96,2026-04-04
FC-01561,TXN-001918,ACC-05764,open,0.47,2026-06-08
FC-01562,TXN-043822,ACC-04389,open,0.81,2026-07-20
FC-01563,TXN-014275,ACC-03299,open,0.76,2026-05-12
FC-01564,TXN-038086,ACC-03887,closed_no_fraud,0.91,2026-05-13
FC-01565,TXN-000367,ACC-05912,confirmed_fraud,0.55,2026-04-14
FC-01566,TXN-036842,ACC-01107,closed_no_fraud,0.74,2026-04-28
FC-01567,TXN-019026,ACC-00863,confirmed_fraud,0.89,2026-02-26
FC-01568,TXN-041487,ACC-01501,confirmed_fraud,0.5,2026-02-14
FC-01569,TXN-011658,ACC-03917,closed_no_fraud,0.96,2026-07-09
FC-01570,TXN-037877,ACC-00607,closed_no_fraud,0.8,2026-07-17
FC-01571,TXN-044637,ACC-05346,confirmed_fraud,0.6,2026-02-24
FC-01572,TXN-002776,ACC-01926,investigating,0.4,2026-02-28
FC-01573,TXN-021113,ACC-00332,open,0.42,2026-03-04
FC-01574,TXN-037212,ACC-06148,confirmed_fraud,0.55,2026-06-09
FC-01575,TXN-043330,ACC-00042,open,0.48,2026-03-03
FC-01576,TXN-016803,ACC-00451,closed_no_fraud,0.93,2026-08-18
FC-01577,TXN-029042,ACC-02456,closed_no_fraud,0.94,2026-01-26
FC-01578,TXN-042775,ACC-04430,confirmed_fraud,0.73,2026-06-06
FC-01579,TXN-007692,ACC-02304,confirmed_fraud,0.87,2026-02-10
FC-01580,TXN-031879,ACC-04385,closed_no_fraud,0.44,2026-06-28
FC-01581,TXN-037796,ACC-06397,confirmed_fraud,0.67,2026-01-10
FC-01582,TXN-025481,ACC-07249,confirmed_fraud,0.45,2026-06-12
FC-01583,TXN-042644,ACC-00360,investigating,0.59,2026-02-21
FC-01584,TXN-042477,ACC-03448,open,0.48,2026-02-22
FC-01585,TXN-049705,ACC-03969,investigating,0.82,2026-01-15
FC-01586,TXN-028240,ACC-05788,investigating,0.89,2026-06-05
FC-01587,TXN-008087,ACC-03554,confirmed_fraud,0.86,2026-04-28
FC-01588,TXN-031734,ACC-07240,open,0.7,2026-06-27
FC-01589,TXN-035802,ACC-01551,open,0.75,2026-05-14
FC-01590,TXN-011835,ACC-06290,confirmed_fraud,0.51,2026-05-17
FC-01591,TXN-017328,ACC-02556,investigating,0.69,2026-05-27
FC-01592,TXN-041550,ACC-01350,investigating,0.81,2026-07-24
FC-01593,TXN-012546,ACC-01493,closed_no_fraud,0.96,2026-04-07
FC-01594,TXN-029907,ACC-00418,confirmed_fraud,0.83,2026-03-27
FC-01595,TXN-008936,ACC-02253,open,0.53,2026-08-21
FC-01596,TXN-044652,ACC-07095,closed_no_fraud,0.49,2026-01-09
FC-01597,TXN-034027,ACC-00559,closed_no_fraud,0.71,2026-03-19
FC-01598,TXN-013224,ACC-06382,confirmed_fraud,0.88,2026-04-18
FC-01599,TXN-000410,ACC-04696,confirmed_fraud,0.76,2026-04-07
FC-01600,TXN-029000,ACC-00149,confirmed_fraud,0.5,2026-05-27
FC-01601,TXN-043470,ACC-06740,closed_no_fraud,0.45,2026-06-22
FC-01602,TXN-010358,ACC-03708,confirmed_fraud,0.62,2026-05-24
FC-01603,TXN-015744,ACC-06757,confirmed_fraud,0.64,2026-08-18
FC-01604,TXN-037693,ACC-00638,closed_no_fraud,0.7,2026-07-04
FC-01605,TXN-038372,ACC-04969,investigating,0.53,2026-03-27
FC-01606,TXN-035630,ACC-01650,open,0.86,2026-08-03
FC-01607,TXN-005657,ACC-06272,investigating,0.97,2026-07-08
FC-01608,TXN-003986,ACC-03086,investigating,0.53,2026-02-07
FC-01609,TXN-044562,ACC-06951,open,0.78,2026-05-24
FC-01610,TXN-015269,ACC-05232,investigating,0.9,2026-05-22
FC-01611,TXN-044618,ACC-07353,confirmed_fraud,0.57,2026-04-03
FC-01612,TXN-036643,ACC-01603,confirmed_fraud,0.5,2026-08-16
FC-01613,TXN-028827,ACC-06857,open,0.53,2026-07-10
FC-01614,TXN-016978,ACC-00997,confirmed_fraud,0.96,2026-02-11
FC-01615,TXN-016435,ACC-00837,confirmed_fraud,0.65,2026-01-09
FC-01616,TXN-018998,ACC-02892,closed_no_fraud,0.75,2026-08-20
FC-01617,TXN-035083,ACC-03671,confirmed_fraud,0.9,2026-04-03
FC-01618,TXN-001712,ACC-00985,confirmed_fraud,0.52,2026-01-24
FC-01619,TXN-042424,ACC-05107,investigating,0.6,2026-01-26
FC-01620,TXN-026924,ACC-05596,confirmed_fraud,0.59,2026-01-20
FC-01621,TXN-008018,ACC-02293,confirmed_fraud,0.69,2026-04-20
FC-01622,TXN-047789,ACC-01130,open,0.64,2026-07-21
FC-01623,TXN-006940,ACC-06949,open,0.45,2026-06-12
FC-01624,TXN-024045,ACC-00095,open,0.91,2026-02-28
FC-01625,TXN-018903,ACC-01878,closed_no_fraud,0.51,2026-03-15
FC-01626,TXN-022210,ACC-01797,closed_no_fraud,0.86,2026-08-23
FC-01627,TXN-001486,ACC-02537,open,0.61,2026-02-23
FC-01628,TXN-036001,ACC-05537,investigating,0.73,2026-05-28
FC-01629,TXN-038661,ACC-02494,closed_no_fraud,0.89,2026-04-07
FC-01630,TXN-014476,ACC-05317,open,0.72,2026-04-04
FC-01631,TXN-040517,ACC-05264,open,0.77,2026-05-27
FC-01632,TXN-039383,ACC-04182,open,0.63,2026-03-04
FC-01633,TXN-048224,ACC-00423,open,0.77,2026-03-09
FC-01634,TXN-013112,ACC-04850,closed_no_fraud,0.89,2026-04-12
FC-01635,TXN-025815,ACC-07240,investigating,0.66,2026-05-02
FC-01636,TXN-025996,ACC-05850,closed_no_fraud,0.55,2026-02-28
FC-01637,TXN-019627,ACC-03834,open,0.62,2026-08-03
FC-01638,TXN-009439,ACC-04051,open,0.51,2026-07-23
FC-01639,TXN-023746,ACC-02610,investigating,0.98,2026-05-14
FC-01640,TXN-041928,ACC-04874,open,0.82,2026-02-06
FC-01641,TXN-020622,ACC-04049,investigating,0.91,2026-08-17
FC-01642,TXN-013061,ACC-01085,open,0.61,2026-05-16
FC-01643,TXN-000932,ACC-06657,confirmed_fraud,0.78,2026-01-10
FC-01644,TXN-009072,ACC-01397,confirmed_fraud,0.47,2026-01-09
FC-01645,TXN-047126,ACC-06148,investigating,0.89,2026-08-20
FC-01646,TXN-049230,ACC-04272,investigating,0.94,2026-01-11
FC-01647,TXN-017650,ACC-02915,investigating,0.46,2026-05-04
FC-01648,TXN-039214,ACC-03993,open,0.76,2026-07-05
FC-01649,TXN-048636,ACC-05170,open,0.66,2026-05-28
FC-01650,TXN-044180,ACC-00948,closed_no_fraud,0.87,2026-08-06
FC-01651,TXN-020557,ACC-05131,confirmed_fraud,0.6,2026-03-07
FC-01652,TXN-025313,ACC-03129,closed_no_fraud,0.72,2026-01-04
FC-01653,TXN-015608,ACC-03344,closed_no_fraud,0.63,2026-05-10
FC-01654,TXN-027557,ACC-00414,closed_no_fraud,0.4,2026-06-15
FC-01655,TXN-028490,ACC-05386,investigating,0.64,2026-08-08
FC-01656,TXN-036071,ACC-04393,closed_no_fraud,0.68,2026-01-28
FC-01657,TXN-001783,ACC-02739,confirmed_fraud,0.95,2026-08-22
FC-01658,TXN-024534,ACC-03972,confirmed_fraud,0.5,2026-01-07
FC-01659,TXN-014123,ACC-05549,investigating,0.74,2026-05-17
FC-01660,TXN-040178,ACC-04081,open,0.73,2026-07-14
FC-01661,TXN-013421,ACC-03652,investigating,0.96,2026-01-18
FC-01662,TXN-021312,ACC-00423,investigating,0.57,2026-06-27
FC-01663,TXN-028332,ACC-06095,investigating,0.44,2026-01-17
FC-01664,TXN-020640,ACC-05940,closed_no_fraud,0.56,2026-06-26
FC-01665,TXN-038460,ACC-07090,confirmed_fraud,0.81,2026-06-17
FC-01666,TXN-027324,ACC-00760,investigating,0.46,2026-03-05
FC-01667,TXN-016970,ACC-01355,investigating,0.55,2026-02-07
FC-01668,TXN-014501,ACC-01609,closed_no_fraud,0.88,2026-04-27
FC-01669,TXN-005572,ACC-01894,investigating,0.56,2026-03-03
FC-01670,TXN-024595,ACC-02109,closed_no_fraud,0.84,2026-05-04
FC-01671,TXN-017564,ACC-00456,confirmed_fraud,0.9,2026-04-05
FC-01672,TXN-040550,ACC-04089,confirmed_fraud,0.92,2026-06-11
FC-01673,TXN-013800,ACC-03576,closed_no_fraud,0.93,2026-07-26
FC-01674,TXN-031435,ACC-01387,open,0.74,2026-01-27
FC-01675,TXN-027519,ACC-03134,confirmed_fraud,0.54,2026-07-05
FC-01676,TXN-011577,ACC-01112,closed_no_fraud,0.57,2026-07-02
FC-01677,TXN-025624,ACC-01604,closed_no_fraud,0.62,2026-03-04
FC-01678,TXN-017825,ACC-04901,investigating,0.98,2026-03-25
FC-01679,TXN-033766,ACC-02238,open,0.57,2026-06-17
FC-01680,TXN-049847,ACC-03955,investigating,0.98,2026-03-27
FC-01681,TXN-047286,ACC-06839,closed_no_fraud,0.73,2026-01-05
FC-01682,TXN-016787,ACC-02157,investigating,0.59,2026-02-25
FC-01683,TXN-032101,ACC-05678,confirmed_fraud,0.91,2026-03-08
FC-01684,TXN-002479,ACC-03427,open,0.71,2026-03-24
FC-01685,TXN-023585,ACC-03085,investigating,0.88,2026-02-12
FC-01686,TXN-030033,ACC-05182,confirmed_fraud,0.64,2026-05-06
FC-01687,TXN-014993,ACC-06575,confirmed_fraud,0.49,2026-08-16
FC-01688,TXN-039336,ACC-03885,confirmed_fraud,0.42,2026-05-16
FC-01689,TXN-007174,ACC-06430,open,0.64,2026-03-08
FC-01690,TXN-034750,ACC-06230,confirmed_fraud,0.43,2026-04-13
FC-01691,TXN-003030,ACC-02618,investigating,0.61,2026-07-21
FC-01692,TXN-049215,ACC-00853,closed_no_fraud,0.92,2026-07-21
FC-01693,TXN-043203,ACC-06779,confirmed_fraud,0.46,2026-06-15
FC-01694,TXN-038836,ACC-02961,open,0.88,2026-07-12
FC-01695,TXN-026796,ACC-05267,closed_no_fraud,0.92,2026-06-21
FC-01696,TXN-014680,ACC-06044,open,0.87,2026-06-09
FC-01697,TXN-016955,ACC-00778,open,0.81,2026-04-11
FC-01698,TXN-007750,ACC-05336,confirmed_fraud,0.74,2026-01-28
FC-01699,TXN-049506,ACC-00810,investigating,0.4,2026-04-01
FC-01700,TXN-036812,ACC-01225,closed_no_fraud,0.43,2026-07-10
FC-01701,TXN-038649,ACC-02926,open,0.54,2026-08-12
FC-01702,TXN-010834,ACC-05360,confirmed_fraud,0.83,2026-05-03
FC-01703,TXN-036710,ACC-01136,open,0.44,2026-04-26
FC-01704,TXN-030007,ACC-04944,investigating,0.41,2026-05-09
FC-01705,TXN-048242,ACC-03601,confirmed_fraud,0.7,2026-02-28
FC-01706,TXN-008474,ACC-00285,investigating,0.82,2026-01-08
FC-01707,TXN-030145,ACC-00134,open,0.91,2026-06-17
FC-01708,TXN-035353,ACC-01575,closed_no_fraud,0.51,2026-04-05
FC-01709,TXN-038748,ACC-06591,open,0.89,2026-01-27
FC-01710,TXN-033677,ACC-05250,investigating,0.9,2026-02-13
FC-01711,TXN-043838,ACC-01819,closed_no_fraud,0.83,2026-05-14
FC-01712,TXN-023280,ACC-03169,open,0.8,2026-07-07
FC-01713,TXN-022322,ACC-05467,investigating,0.84,2026-07-04
FC-01714,TXN-013723,ACC-00945,closed_no_fraud,0.86,2026-01-06
FC-01715,TXN-008556,ACC-02087,closed_no_fraud,0.72,2026-05-21
FC-01716,TXN-003907,ACC-03979,investigating,0.67,2026-05-10
FC-01717,TXN-045557,ACC-03626,investigating,0.82,2026-06-12
FC-01718,TXN-029354,ACC-00098,investigating,0.47,2026-04-25
FC-01719,TXN-030060,ACC-00476,closed_no_fraud,0.49,2026-06-22
FC-01720,TXN-037554,ACC-03002,closed_no_fraud,0.95,2026-06-18
FC-01721,TXN-030188,ACC-05558,investigating,0.54,2026-06-04
FC-01722,TXN-026302,ACC-04678,confirmed_fraud,0.56,2026-04-24
FC-01723,TXN-042341,ACC-03147,confirmed_fraud,0.7,2026-06-17
FC-01724,TXN-019995,ACC-03906,investigating,0.49,2026-08-25
FC-01725,TXN-000282,ACC-02455,closed_no_fraud,0.62,2026-03-24
FC-01726,TXN-035921,ACC-01344,closed_no_fraud,0.51,2026-05-11
FC-01727,TXN-027168,ACC-06835,investigating,0.78,2026-03-04
FC-01728,TXN-015560,ACC-03136,closed_no_fraud,0.45,2026-01-07
FC-01729,TXN-037024,ACC-04257,closed_no_fraud,0.56,2026-03-03
FC-01730,TXN-022152,ACC-04300,confirmed_fraud,0.44,2026-03-05
FC-01731,TXN-008055,ACC-06835,closed_no_fraud,0.59,2026-02-15
FC-01732,TXN-001552,ACC-02239,open,0.69,2026-06-03
FC-01733,TXN-016932,ACC-01064,closed_no_fraud,0.77,2026-06-16
FC-01734,TXN-018778,ACC-05660,open,0.78,2026-08-12
FC-01735,TXN-021775,ACC-00127,confirmed_fraud,0.6,2026-05-03
FC-01736,TXN-002254,ACC-05390,open,0.84,2026-08-19
FC-01737,TXN-042708,ACC-03578,closed_no_fraud,0.72,2026-03-13
FC-01738,TXN-015073,ACC-03860,confirmed_fraud,0.44,2026-03-19
FC-01739,TXN-033568,ACC-00430,open,0.9,2026-04-25
FC-01740,TXN-033443,ACC-03472,open,0.87,2026-01-08
FC-01741,TXN-015790,ACC-00121,open,0.91,2026-07-22
FC-01742,TXN-007215,ACC-00776,closed_no_fraud,0.84,2026-01-28
FC-01743,TXN-036657,ACC-02631,investigating,0.47,2026-04-24
FC-01744,TXN-031927,ACC-07064,confirmed_fraud,0.92,2026-06-01
FC-01745,TXN-027254,ACC-05041,investigating,0.78,2026-04-23
FC-01746,TXN-014177,ACC-05307,confirmed_fraud,0.92,2026-03-23
FC-01747,TXN-023901,ACC-04645,closed_no_fraud,0.91,2026-03-17
FC-01748,TXN-040356,ACC-00124,open,0.97,2026-06-28
FC-01749,TXN-004219,ACC-01762,closed_no_fraud,0.82,2026-07-26
FC-01750,TXN-026782,ACC-05716,confirmed_fraud,0.78,2026-03-22
FC-01751,TXN-015401,ACC-05994,closed_no_fraud,0.71,2026-02-22
FC-01752,TXN-011104,ACC-05867,investigating,0.92,2026-03-18
FC-01753,TXN-036532,ACC-01471,investigating,0.72,2026-05-25
FC-01754,TXN-035530,ACC-01837,open,0.5,2026-02-17
FC-01755,TXN-032239,ACC-01763,closed_no_fraud,0.55,2026-06-28
FC-01756,TXN-036394,ACC-03339,closed_no_fraud,0.44,2026-06-03
FC-01757,TXN-016495,ACC-00540,open,0.41,2026-03-08
FC-01758,TXN-017056,ACC-01429,closed_no_fraud,0.59,2026-05-09
FC-01759,TXN-045419,ACC-03682,confirmed_fraud,0.54,2026-06-14
FC-01760,TXN-048000,ACC-00658,confirmed_fraud,0.6,2026-01-16
FC-01761,TXN-014699,ACC-03292,confirmed_fraud,0.76,2026-06-27
FC-01762,TXN-020329,ACC-06001,confirmed_fraud,0.74,2026-06-25
FC-01763,TXN-017470,ACC-04711,investigating,0.56,2026-03-04
FC-01764,TXN-021386,ACC-00787,closed_no_fraud,0.47,2026-02-06
FC-01765,TXN-048144,ACC-05587,open,0.66,2026-01-19
FC-01766,TXN-014513,ACC-07434,investigating,0.49,2026-07-27
FC-01767,TXN-047591,ACC-00182,investigating,0.76,2026-01-03
FC-01768,TXN-017946,ACC-06148,confirmed_fraud,0.66,2026-01-14
FC-01769,TXN-024671,ACC-02526,investigating,0.63,2026-07-12
FC-01770,TXN-034854,ACC-06621,open,0.48,2026-02-28
FC-01771,TXN-009307,ACC-00812,closed_no_fraud,0.46,2026-01-15
FC-01772,TXN-018014,ACC-03738,investigating,0.89,2026-01-20
FC-01773,TXN-025083,ACC-05096,open,0.84,2026-05-04
FC-01774,TXN-005452,ACC-00693,confirmed_fraud,0.66,2026-01-22
FC-01775,TXN-041040,ACC-03684,confirmed_fraud,0.69,2026-08-16
FC-01776,TXN-024370,ACC-06619,confirmed_fraud,0.82,2026-02-02
FC-01777,TXN-008689,ACC-01355,closed_no_fraud,0.69,2026-07-14
FC-01778,TXN-014638,ACC-05533,confirmed_fraud,0.73,2026-07-13
FC-01779,TXN-036281,ACC-04568,closed_no_fraud,0.58,2026-04-08
FC-01780,TXN-012348,ACC-01774,confirmed_fraud,0.96,2026-06-08
FC-01781,TXN-008499,ACC-04338,closed_no_fraud,0.5,2026-07-15
FC-01782,TXN-048555,ACC-00322,open,0.48,2026-06-07
FC-01783,TXN-028832,ACC-00276,open,0.77,2026-08-09
FC-01784,TXN-024655,ACC-05658,closed_no_fraud,0.85,2026-01-03
FC-01785,TXN-028405,ACC-01779,open,0.42,2026-02-23
FC-01786,TXN-042927,ACC-01603,investigating,0.54,2026-03-08
FC-01787,TXN-012902,ACC-01720,closed_no_fraud,0.47,2026-01-16
FC-01788,TXN-044853,ACC-06002,investigating,0.8,2026-08-19
FC-01789,TXN-022669,ACC-05186,investigating,0.64,2026-07-26
FC-01790,TXN-025977,ACC-03400,closed_no_fraud,0.47,2026-08-08
FC-01791,TXN-043992,ACC-04202,closed_no_fraud,0.58,2026-08-20
FC-01792,TXN-037080,ACC-01645,investigating,0.63,2026-02-09
FC-01793,TXN-025691,ACC-06428,investigating,0.86,2026-07-27
FC-01794,TXN-009434,ACC-01068,closed_no_fraud,0.52,2026-07-05
FC-01795,TXN-016929,ACC-05165,closed_no_fraud,0.86,2026-02-10
FC-01796,TXN-021492,ACC-04942,open,0.63,2026-02-23
FC-01797,TXN-001620,ACC-05178,open,0.56,2026-04-28
FC-01798,TXN-010861,ACC-06437,confirmed_fraud,0.86,2026-08-09
FC-01799,TXN-047432,ACC-00032,open,0.67,2026-01-25
FC-01800,TXN-020056,ACC-06638,closed_no_fraud,0.77,2026-01-01
FC-01801,TXN-012109,ACC-05982,open,0.85,2026-06-18
FC-01802,TXN-038051,ACC-02942,investigating,0.87,2026-05-03
FC-01803,TXN-035375,ACC-02097,closed_no_fraud,0.96,2026-01-13
FC-01804,TXN-010297,ACC-03421,investigating,0.86,2026-03-01
FC-01805,TXN-010935,ACC-06918,open,0.66,2026-02-02
FC-01806,TXN-049760,ACC-01232,confirmed_fraud,0.72,2026-05-22
FC-01807,TXN-008248,ACC-01105,confirmed_fraud,0.52,2026-07-16
FC-01808,TXN-005185,ACC-01375,open,0.67,2026-08-18
FC-01809,TXN-015502,ACC-07011,investigating,0.62,2026-02-10
FC-01810,TXN-014287,ACC-03458,open,0.91,2026-01-22
FC-01811,TXN-044284,ACC-03112,open,0.97,2026-02-14
FC-01812,TXN-016367,ACC-04538,closed_no_fraud,0.76,2026-03-18
FC-01813,TXN-016566,ACC-03184,open,0.74,2026-02-12
FC-01814,TXN-026395,ACC-06967,investigating,0.47,2026-01-01
FC-01815,TXN-035580,ACC-03130,confirmed_fraud,0.47,2026-04-12
FC-01816,TXN-032022,ACC-02507,investigating,0.48,2026-01-26
FC-01817,TXN-025552,ACC-00036,confirmed_fraud,0.64,2026-05-28
FC-01818,TXN-028393,ACC-06559,investigating,0.74,2026-04-14
FC-01819,TXN-029448,ACC-00451,open,0.75,2026-02-08
FC-01820,TXN-001995,ACC-01242,open,0.83,2026-06-24
FC-01821,TXN-036159,ACC-02541,closed_no_fraud,0.42,2026-04-07
FC-01822,TXN-037036,ACC-04205,investigating,0.51,2026-08-27
FC-01823,TXN-041761,ACC-02932,closed_no_fraud,0.8,2026-07-11
FC-01824,TXN-038850,ACC-07382,investigating,0.84,2026-08-10
FC-01825,TXN-019286,ACC-04726,confirmed_fraud,0.87,2026-07-18
FC-01826,TXN-026568,ACC-04457,closed_no_fraud,0.55,2026-06-23
FC-01827,TXN-041409,ACC-03930,investigating,0.79,2026-08-10
FC-01828,TXN-041594,ACC-06151,closed_no_fraud,0.41,2026-08-02
FC-01829,TXN-009608,ACC-02065,open,0.47,2026-05-12
FC-01830,TXN-008450,ACC-04007,confirmed_fraud,0.91,2026-01-24
FC-01831,TXN-026301,ACC-04985,closed_no_fraud,0.82,2026-04-14
FC-01832,TXN-040837,ACC-02900,open,0.65,2026-08-07
FC-01833,TXN-046356,ACC-01743,confirmed_fraud,0.52,2026-01-12
FC-01834,TXN-015057,ACC-04213,confirmed_fraud,0.77,2026-07-13
FC-01835,TXN-006047,ACC-04357,open,0.74,2026-03-21
FC-01836,TXN-028987,ACC-04093,open,0.63,2026-01-26
FC-01837,TXN-026441,ACC-04407,confirmed_fraud,0.77,2026-08-01
FC-01838,TXN-023381,ACC-06378,open,0.93,2026-08-16
FC-01839,TXN-049982,ACC-00022,confirmed_fraud,0.46,2026-08-12
FC-01840,TXN-031200,ACC-05295,confirmed_fraud,0.41,2026-02-03
FC-01841,TXN-028877,ACC-04134,open,0.89,2026-08-22
FC-01842,TXN-028567,ACC-01786,investigating,0.92,2026-06-11
FC-01843,TXN-044167,ACC-00927,open,0.97,2026-06-11
FC-01844,TXN-048112,ACC-02851,closed_no_fraud,0.94,2026-03-28
FC-01845,TXN-044645,ACC-01639,confirmed_fraud,0.7,2026-05-17
FC-01846,TXN-043373,ACC-06686,confirmed_fraud,0.76,2026-02-04
FC-01847,TXN-041415,ACC-02367,open,0.55,2026-06-22
FC-01848,TXN-000587,ACC-01686,closed_no_fraud,0.43,2026-06-23
FC-01849,TXN-005965,ACC-00600,closed_no_fraud,0.62,2026-05-09
FC-01850,TXN-032990,ACC-06250,investigating,0.68,2026-05-24
FC-01851,TXN-037683,ACC-07417,investigating,0.89,2026-06-08
FC-01852,TXN-006199,ACC-04988,investigating,0.56,2026-06-23
FC-01853,TXN-018756,ACC-02333,open,0.61,2026-06-09
FC-01854,TXN-025146,ACC-01765,open,0.63,2026-05-25
FC-01855,TXN-021319,ACC-03989,investigating,0.53,2026-03-18
FC-01856,TXN-005996,ACC-00633,investigating,0.55,2026-07-13
FC-01857,TXN-041783,ACC-04322,closed_no_fraud,0.71,2026-05-19
FC-01858,TXN-049086,ACC-00708,confirmed_fraud,0.48,2026-01-19
FC-01859,TXN-011049,ACC-00720,closed_no_fraud,0.58,2026-05-14
FC-01860,TXN-002515,ACC-07453,open,0.73,2026-06-28
FC-01861,TXN-013042,ACC-06458,open,0.86,2026-06-03
FC-01862,TXN-049162,ACC-00542,confirmed_fraud,0.65,2026-08-24
FC-01863,TXN-022034,ACC-01783,investigating,0.84,2026-07-14
FC-01864,TXN-002876,ACC-04463,open,0.45,2026-05-06
FC-01865,TXN-041402,ACC-02849,open,0.73,2026-06-16
FC-01866,TXN-036708,ACC-05298,open,0.86,2026-03-14
FC-01867,TXN-033555,ACC-06756,closed_no_fraud,0.96,2026-07-21
FC-01868,TXN-033522,ACC-07025,open,0.65,2026-05-05
FC-01869,TXN-034276,ACC-00760,confirmed_fraud,0.67,2026-03-12
FC-01870,TXN-035948,ACC-04102,closed_no_fraud,0.59,2026-04-28
FC-01871,TXN-029980,ACC-04077,open,0.67,2026-02-21
FC-01872,TXN-048300,ACC-06135,confirmed_fraud,0.63,2026-01-07
FC-01873,TXN-000924,ACC-02708,confirmed_fraud,0.63,2026-01-03
FC-01874,TXN-037758,ACC-05755,closed_no_fraud,0.86,2026-06-07
FC-01875,TXN-005554,ACC-00637,investigating,0.94,2026-01-11
FC-01876,TXN-013288,ACC-01868,confirmed_fraud,0.52,2026-02-11
FC-01877,TXN-001274,ACC-03871,investigating,0.7,2026-02-28
FC-01878,TXN-025071,ACC-06601,open,0.55,2026-03-26
FC-01879,TXN-002892,ACC-00027,investigating,0.94,2026-07-07
FC-01880,TXN-031119,ACC-02000,investigating,0.5,2026-07-16
FC-01881,TXN-049471,ACC-00531,investigating,0.58,2026-04-08
FC-01882,TXN-019512,ACC-06065,open,0.8,2026-05-16
FC-01883,TXN-011101,ACC-03980,open,0.77,2026-06-12
FC-01884,TXN-036346,ACC-00172,open,0.62,2026-03-07
FC-01885,TXN-002913,ACC-06037,closed_no_fraud,0.79,2026-08-05
FC-01886,TXN-021245,ACC-05428,open,0.62,2026-08-11
FC-01887,TXN-019009,ACC-01589,confirmed_fraud,0.88,2026-04-12
FC-01888,TXN-047061,ACC-00918,confirmed_fraud,0.69,2026-04-07
FC-01889,TXN-026698,ACC-03067,open,0.41,2026-01-12
FC-01890,TXN-001036,ACC-04883,closed_no_fraud,0.45,2026-02-26
FC-01891,TXN-025880,ACC-04571,open,0.69,2026-01-15
FC-01892,TXN-031244,ACC-01117,closed_no_fraud,0.53,2026-08-07
FC-01893,TXN-035726,ACC-03797,confirmed_fraud,0.79,2026-05-11
FC-01894,TXN-043366,ACC-02739,open,0.41,2026-06-03
FC-01895,TXN-029003,ACC-01961,investigating,0.79,2026-08-27
FC-01896,TXN-019071,ACC-02229,closed_no_fraud,0.6,2026-03-09
FC-01897,TXN-006251,ACC-03938,closed_no_fraud,0.95,2026-07-01
FC-01898,TXN-024745,ACC-01545,closed_no_fraud,0.79,2026-06-06
FC-01899,TXN-008976,ACC-04802,open,0.41,2026-05-25
FC-01900,TXN-027156,ACC-02760,closed_no_fraud,0.44,2026-06-27
FC-01901,TXN-003608,ACC-06287,closed_no_fraud,0.96,2026-01-25
FC-01902,TXN-015065,ACC-00446,open,0.59,2026-07-11
FC-01903,TXN-004885,ACC-01526,confirmed_fraud,0.47,2026-05-09
FC-01904,TXN-018460,ACC-05435,closed_no_fraud,0.56,2026-04-22
FC-01905,TXN-013916,ACC-07151,open,0.72,2026-01-12
FC-01906,TXN-024722,ACC-06711,open,0.69,2026-03-04
FC-01907,TXN-002725,ACC-07125,open,0.89,2026-04-04
FC-01908,TXN-001631,ACC-07069,confirmed_fraud,0.87,2026-05-28
FC-01909,TXN-035145,ACC-00235,closed_no_fraud,0.89,2026-07-16
FC-01910,TXN-016227,ACC-01561,closed_no_fraud,0.76,2026-03-15
FC-01911,TXN-024193,ACC-00041,open,0.43,2026-06-22
FC-01912,TXN-019664,ACC-01940,investigating,0.46,2026-06-06
FC-01913,TXN-039719,ACC-00446,open,0.62,2026-08-01
FC-01914,TXN-012174,ACC-01986,open,0.77,2026-01-06
FC-01915,TXN-039250,ACC-03050,investigating,0.8,2026-07-03
FC-01916,TXN-017603,ACC-04138,confirmed_fraud,0.61,2026-03-26
FC-01917,TXN-000550,ACC-02595,open,0.83,2026-06-23
FC-01918,TXN-031850,ACC-02716,confirmed_fraud,0.85,2026-01-25
FC-01919,TXN-018736,ACC-06579,open,0.95,2026-04-10
FC-01920,TXN-027865,ACC-02667,confirmed_fraud,0.76,2026-05-02
FC-01921,TXN-017472,ACC-00179,confirmed_fraud,0.5,2026-01-26
FC-01922,TXN-030222,ACC-05246,investigating,0.83,2026-04-01
FC-01923,TXN-022783,ACC-03832,closed_no_fraud,0.86,2026-07-02
FC-01924,TXN-048071,ACC-04226,closed_no_fraud,0.61,2026-08-19
FC-01925,TXN-006430,ACC-03799,closed_no_fraud,0.84,2026-01-21
FC-01926,TXN-040860,ACC-01429,investigating,0.71,2026-04-02
FC-01927,TXN-041481,ACC-04527,closed_no_fraud,0.42,2026-05-01
FC-01928,TXN-018591,ACC-05469,closed_no_fraud,0.74,2026-07-07
FC-01929,TXN-019585,ACC-05519,investigating,0.43,2026-05-18
FC-01930,TXN-039480,ACC-02392,open,0.5,2026-01-20
FC-01931,TXN-042315,ACC-00497,confirmed_fraud,0.42,2026-04-12
FC-01932,TXN-002034,ACC-04926,confirmed_fraud,0.65,2026-03-15
FC-01933,TXN-041419,ACC-02855,confirmed_fraud,0.44,2026-06-06
FC-01934,TXN-039887,ACC-05274,closed_no_fraud,0.52,2026-02-09
FC-01935,TXN-002588,ACC-04486,closed_no_fraud,0.87,2026-08-09
FC-01936,TXN-031272,ACC-02521,confirmed_fraud,0.54,2026-07-08
FC-01937,TXN-023482,ACC-06297,confirmed_fraud,0.43,2026-05-04
FC-01938,TXN-048092,ACC-00563,investigating,0.79,2026-03-15
FC-01939,TXN-048119,ACC-01220,investigating,0.5,2026-04-08
FC-01940,TXN-029568,ACC-03447,closed_no_fraud,0.9,2026-08-05
FC-01941,TXN-029284,ACC-04554,closed_no_fraud,0.88,2026-02-24
FC-01942,TXN-011607,ACC-03299,open,0.59,2026-07-13
FC-01943,TXN-042120,ACC-05557,confirmed_fraud,0.6,2026-06-28
FC-01944,TXN-030550,ACC-03644,open,0.68,2026-05-08
FC-01945,TXN-013092,ACC-02021,closed_no_fraud,0.61,2026-04-11
FC-01946,TXN-008537,ACC-01931,open,0.64,2026-04-17
FC-01947,TXN-020106,ACC-02951,open,0.86,2026-07-01
FC-01948,TXN-037717,ACC-06135,confirmed_fraud,0.62,2026-06-23
FC-01949,TXN-007495,ACC-04435,open,0.98,2026-02-01
FC-01950,TXN-045895,ACC-01354,closed_no_fraud,0.41,2026-08-09
FC-01951,TXN-002848,ACC-04584,investigating,0.62,2026-02-07
FC-01952,TXN-024099,ACC-04991,confirmed_fraud,0.94,2026-01-01
FC-01953,TXN-032079,ACC-01823,closed_no_fraud,0.67,2026-07-06
FC-01954,TXN-034493,ACC-03385,confirmed_fraud,0.91,2026-05-04
FC-01955,TXN-044295,ACC-03683,open,0.53,2026-07-01
FC-01956,TXN-031831,ACC-02487,confirmed_fraud,0.6,2026-04-06
FC-01957,TXN-038021,ACC-03711,closed_no_fraud,0.53,2026-05-01
FC-01958,TXN-011505,ACC-01523,investigating,0.71,2026-01-28
FC-01959,TXN-002847,ACC-06820,confirmed_fraud,0.57,2026-07-19
FC-01960,TXN-034041,ACC-06403,closed_no_fraud,0.57,2026-02-21
FC-01961,TXN-037420,ACC-02974,confirmed_fraud,0.68,2026-03-03
FC-01962,TXN-046518,ACC-06285,open,0.76,2026-05-08
FC-01963,TXN-033403,ACC-03282,confirmed_fraud,0.46,2026-02-28
FC-01964,TXN-036921,ACC-07298,closed_no_fraud,0.76,2026-01-22
FC-01965,TXN-034364,ACC-00555,closed_no_fraud,0.68,2026-01-20
FC-01966,TXN-034672,ACC-02219,confirmed_fraud,0.62,2026-01-12
FC-01967,TXN-010728,ACC-02481,investigating,0.76,2026-03-27
FC-01968,TXN-023567,ACC-02679,confirmed_fraud,0.88,2026-02-02
FC-01969,TXN-018699,ACC-00665,investigating,0.63,2026-01-25
FC-01970,TXN-040380,ACC-05032,open,0.53,2026-01-15
FC-01971,TXN-014127,ACC-06645,investigating,0.45,2026-01-18
FC-01972,TXN-007797,ACC-01120,open,0.56,2026-04-23
FC-01973,TXN-007090,ACC-04453,open,0.67,2026-05-05
FC-01974,TXN-037472,ACC-04757,closed_no_fraud,0.96,2026-04-25
FC-01975,TXN-035246,ACC-02271,confirmed_fraud,0.85,2026-01-26
FC-01976,TXN-026181,ACC-05434,confirmed_fraud,0.91,2026-08-18
FC-01977,TXN-032730,ACC-04507,investigating,0.42,2026-08-11
FC-01978,TXN-020512,ACC-06895,open,0.67,2026-06-16
FC-01979,TXN-016241,ACC-04357,investigating,0.82,2026-08-28
FC-01980,TXN-047072,ACC-06374,investigating,0.92,2026-07-10
FC-01981,TXN-018346,ACC-06787,confirmed_fraud,0.84,2026-08-18
FC-01982,TXN-027339,ACC-05680,open,0.51,2026-07-23
FC-01983,TXN-039794,ACC-06108,open,0.59,2026-06-11
FC-01984,TXN-048222,ACC-00245,closed_no_fraud,0.77,2026-05-21
FC-01985,TXN-000196,ACC-02534,open,0.68,2026-01-12
FC-01986,TXN-035033,ACC-06861,confirmed_fraud,0.83,2026-08-15
FC-01987,TXN-018968,ACC-05504,closed_no_fraud,0.45,2026-02-01
FC-01988,TXN-009601,ACC-06100,open,0.51,2026-08-03
FC-01989,TXN-003973,ACC-00201,closed_no_fraud,0.67,2026-03-03
FC-01990,TXN-030599,ACC-01720,open,0.89,2026-01-14
FC-01991,TXN-017490,ACC-02352,confirmed_fraud,0.58,2026-02-11
FC-01992,TXN-008285,ACC-05648,open,0.75,2026-06-23
FC-01993,TXN-017551,ACC-00860,open,0.59,2026-02-06
FC-01994,TXN-038289,ACC-00105,investigating,0.68,2026-08-27
FC-01995,TXN-037382,ACC-05719,investigating,0.45,2026-05-01
FC-01996,TXN-048777,ACC-05848,investigating,0.68,2026-06-14
FC-01997,TXN-031131,ACC-03837,investigating,0.52,2026-03-18
FC-01998,TXN-048699,ACC-04083,confirmed_fraud,0.66,2026-01-14
FC-01999,TXN-005230,ACC-01891,open,0.81,2026-07-18
FC-02000,TXN-009979,ACC-01716,confirmed_fraud,0.73,2026-05-16
FC-02001,TXN-041494,ACC-02044,confirmed_fraud,0.73,2026-02-09
FC-02002,TXN-026071,ACC-05107,confirmed_fraud,0.97,2026-03-07
FC-02003,TXN-041264,ACC-00071,open,0.6,2026-03-02
FC-02004,TXN-004893,ACC-00172,confirmed_fraud,0.57,2026-02-07
FC-02005,TXN-043957,ACC-03142,confirmed_fraud,0.85,2026-08-07
FC-02006,TXN-007314,ACC-03711,closed_no_fraud,0.76,2026-02-13
FC-02007,TXN-038951,ACC-04384,confirmed_fraud,0.66,2026-07-13
FC-02008,TXN-024369,ACC-00275,investigating,0.63,2026-07-18
FC-02009,TXN-028104,ACC-03427,confirmed_fraud,0.77,2026-02-18
FC-02010,TXN-001182,ACC-03435,investigating,0.67,2026-01-17
FC-02011,TXN-031492,ACC-04506,closed_no_fraud,0.59,2026-03-11
FC-02012,TXN-004781,ACC-05124,closed_no_fraud,0.75,2026-02-28
FC-02013,TXN-015187,ACC-04527,confirmed_fraud,0.65,2026-03-12
FC-02014,TXN-037007,ACC-02500,open,0.56,2026-08-05
FC-02015,TXN-044833,ACC-02655,closed_no_fraud,0.9,2026-04-02
FC-02016,TXN-043503,ACC-05281,investigating,0.64,2026-05-23
FC-02017,TXN-039266,ACC-06166,closed_no_fraud,0.61,2026-07-25
FC-02018,TXN-043926,ACC-04724,open,0.73,2026-06-06
FC-02019,TXN-010851,ACC-03240,closed_no_fraud,0.41,2026-05-11
FC-02020,TXN-009652,ACC-02772,investigating,0.89,2026-04-17
FC-02021,TXN-048210,ACC-01075,closed_no_fraud,0.59,2026-02-01
FC-02022,TXN-042208,ACC-04763,closed_no_fraud,0.93,2026-04-04
FC-02023,TXN-020764,ACC-06936,open,0.64,2026-07-17
FC-02024,TXN-019141,ACC-02937,confirmed_fraud,0.41,2026-05-10
FC-02025,TXN-011815,ACC-00538,open,0.79,2026-05-10
FC-02026,TXN-046498,ACC-05243,closed_no_fraud,0.54,2026-01-27
FC-02027,TXN-035129,ACC-00138,closed_no_fraud,0.49,2026-03-11
FC-02028,TXN-005570,ACC-00773,confirmed_fraud,0.51,2026-07-28
FC-02029,TXN-007526,ACC-04799,open,0.63,2026-02-05
FC-02030,TXN-011081,ACC-03989,confirmed_fraud,0.84,2026-03-09
FC-02031,TXN-030650,ACC-04827,open,0.7,2026-06-22
FC-02032,TXN-039060,ACC-01541,closed_no_fraud,0.42,2026-04-23
FC-02033,TXN-018255,ACC-03515,confirmed_fraud,0.42,2026-05-04
FC-02034,TXN-046488,ACC-02178,closed_no_fraud,0.8,2026-02-24
FC-02035,TXN-032412,ACC-01697,confirmed_fraud,0.4,2026-07-19
FC-02036,TXN-004421,ACC-04251,closed_no_fraud,0.53,2026-01-16
FC-02037,TXN-037103,ACC-06327,open,0.88,2026-03-03
FC-02038,TXN-001204,ACC-02486,investigating,0.5,2026-02-26
FC-02039,TXN-032320,ACC-02431,closed_no_fraud,0.41,2026-04-18
FC-02040,TXN-000268,ACC-02409,investigating,0.62,2026-05-10
FC-02041,TXN-010328,ACC-06765,investigating,0.72,2026-02-23
FC-02042,TXN-015917,ACC-02702,confirmed_fraud,0.93,2026-03-11
FC-02043,TXN-031688,ACC-05326,confirmed_fraud,0.61,2026-07-19
FC-02044,TXN-017661,ACC-05800,closed_no_fraud,0.83,2026-02-26
FC-02045,TXN-049972,ACC-05722,investigating,0.79,2026-02-26
FC-02046,TXN-022248,ACC-05641,open,0.88,2026-02-28
FC-02047,TXN-045118,ACC-01983,confirmed_fraud,0.59,2026-08-05
FC-02048,TXN-004293,ACC-01810,closed_no_fraud,0.67,2026-01-05
FC-02049,TXN-039299,ACC-03002,investigating,0.76,2026-05-26
FC-02050,TXN-027728,ACC-02046,confirmed_fraud,0.73,2026-04-11
FC-02051,TXN-001200,ACC-01764,open,0.77,2026-01-13
FC-02052,TXN-015605,ACC-02141,confirmed_fraud,0.81,2026-06-24
FC-02053,TXN-010650,ACC-05054,closed_no_fraud,0.7,2026-04-20
FC-02054,TXN-004000,ACC-05661,closed_no_fraud,0.75,2026-01-11
FC-02055,TXN-017588,ACC-05193,closed_no_fraud,0.95,2026-07-17
FC-02056,TXN-010744,ACC-04088,open,0.46,2026-07-27
FC-02057,TXN-033870,ACC-05690,confirmed_fraud,0.45,2026-06-19
FC-02058,TXN-010632,ACC-01259,open,0.49,2026-07-06
FC-02059,TXN-042551,ACC-05698,open,0.94,2026-02-06
FC-02060,TXN-010119,ACC-06541,investigating,0.93,2026-06-04
FC-02061,TXN-040386,ACC-06539,confirmed_fraud,0.71,2026-05-05
FC-02062,TXN-033045,ACC-07189,investigating,0.53,2026-03-13
FC-02063,TXN-033089,ACC-00471,closed_no_fraud,0.84,2026-07-11
FC-02064,TXN-017552,ACC-04281,confirmed_fraud,0.63,2026-07-24
FC-02065,TXN-041431,ACC-04492,confirmed_fraud,0.7,2026-03-03
FC-02066,TXN-033054,ACC-04754,investigating,0.74,2026-02-27
FC-02067,TXN-023147,ACC-00351,investigating,0.51,2026-03-28
FC-02068,TXN-033651,ACC-03931,investigating,0.61,2026-06-15
FC-02069,TXN-017708,ACC-07194,closed_no_fraud,0.5,2026-06-18
FC-02070,TXN-014361,ACC-06863,confirmed_fraud,0.98,2026-08-12
FC-02071,TXN-019602,ACC-02057,investigating,0.52,2026-08-07
FC-02072,TXN-027959,ACC-07435,closed_no_fraud,0.51,2026-08-20
FC-02073,TXN-005361,ACC-07450,investigating,0.45,2026-05-10
FC-02074,TXN-006285,ACC-07219,closed_no_fraud,0.65,2026-03-14
FC-02075,TXN-027943,ACC-00992,open,0.56,2026-01-01
FC-02076,TXN-021323,ACC-00922,confirmed_fraud,0.84,2026-03-27
FC-02077,TXN-044674,ACC-03956,closed_no_fraud,0.51,2026-05-22
FC-02078,TXN-006126,ACC-04400,open,0.48,2026-02-17
FC-02079,TXN-022943,ACC-01416,investigating,0.93,2026-01-18
FC-02080,TXN-047384,ACC-05863,investigating,0.89,2026-05-03
FC-02081,TXN-011952,ACC-04231,open,0.51,2026-08-06
FC-02082,TXN-038033,ACC-03571,open,0.93,2026-05-11
FC-02083,TXN-006223,ACC-02891,investigating,0.98,2026-03-08
FC-02084,TXN-032879,ACC-07375,open,0.91,2026-04-05
FC-02085,TXN-035927,ACC-02078,investigating,0.78,2026-03-11
FC-02086,TXN-030968,ACC-07260,open,0.65,2026-07-08
FC-02087,TXN-010666,ACC-00303,confirmed_fraud,0.8,2026-06-27
FC-02088,TXN-025312,ACC-01800,closed_no_fraud,0.52,2026-03-14
FC-02089,TXN-040066,ACC-01742,confirmed_fraud,0.83,2026-06-04
FC-02090,TXN-042606,ACC-02217,open,0.83,2026-02-20
FC-02091,TXN-040419,ACC-04533,open,0.86,2026-06-13
FC-02092,TXN-028178,ACC-02849,closed_no_fraud,0.72,2026-07-23
FC-02093,TXN-016019,ACC-01816,closed_no_fraud,0.54,2026-08-03
FC-02094,TXN-004098,ACC-07060,investigating,0.98,2026-05-02
FC-02095,TXN-032518,ACC-06770,closed_no_fraud,0.43,2026-02-20
FC-02096,TXN-000368,ACC-06479,closed_no_fraud,0.58,2026-07-03
FC-02097,TXN-039594,ACC-03964,open,0.57,2026-01-09
FC-02098,TXN-034509,ACC-02354,confirmed_fraud,0.45,2026-03-14
FC-02099,TXN-030206,ACC-02647,investigating,0.84,2026-01-15
FC-02100,TXN-011100,ACC-05706,investigating,0.71,2026-01-01
FC-02101,TXN-039052,ACC-01886,open,0.53,2026-06-04
FC-02102,TXN-022274,ACC-07317,investigating,0.73,2026-04-05
FC-02103,TXN-006758,ACC-04025,investigating,0.79,2026-05-07
FC-02104,TXN-040306,ACC-01061,closed_no_fraud,0.7,2026-01-26
FC-02105,TXN-007505,ACC-05743,closed_no_fraud,0.55,2026-03-23
FC-02106,TXN-043130,ACC-02940,investigating,0.83,2026-06-18
FC-02107,TXN-047582,ACC-00974,investigating,0.72,2026-08-22
FC-02108,TXN-013291,ACC-01281,investigating,0.92,2026-02-25
FC-02109,TXN-022910,ACC-03629,open,0.51,2026-07-03
FC-02110,TXN-049232,ACC-00444,investigating,0.77,2026-02-28
FC-02111,TXN-031553,ACC-06397,confirmed_fraud,0.68,2026-05-26
FC-02112,TXN-005000,ACC-01925,open,0.8,2026-06-27
FC-02113,TXN-026420,ACC-04411,confirmed_fraud,0.45,2026-08-03
FC-02114,TXN-019459,ACC-02591,closed_no_fraud,0.93,2026-04-26
FC-02115,TXN-000439,ACC-05587,closed_no_fraud,0.54,2026-07-07
FC-02116,TXN-042561,ACC-03627,investigating,0.44,2026-03-28
FC-02117,TXN-000339,ACC-01372,investigating,0.55,2026-04-16
FC-02118,TXN-028661,ACC-03585,confirmed_fraud,0.93,2026-06-13
FC-02119,TXN-036285,ACC-03885,closed_no_fraud,0.83,2026-05-21
FC-02120,TXN-002740,ACC-02615,confirmed_fraud,0.77,2026-08-07
FC-02121,TXN-019298,ACC-01494,confirmed_fraud,0.69,2026-02-15
FC-02122,TXN-011701,ACC-01569,open,0.44,2026-05-26
FC-02123,TXN-032774,ACC-04663,closed_no_fraud,0.9,2026-02-05
FC-02124,TXN-018136,ACC-02157,closed_no_fraud,0.55,2026-08-25
FC-02125,TXN-018853,ACC-01758,confirmed_fraud,0.76,2026-03-02
FC-02126,TXN-008269,ACC-04426,confirmed_fraud,0.7,2026-01-08
FC-02127,TXN-038849,ACC-01684,investigating,0.56,2026-06-08
FC-02128,TXN-019293,ACC-05904,closed_no_fraud,0.56,2026-03-10
FC-02129,TXN-008982,ACC-02309,closed_no_fraud,0.44,2026-08-13
FC-02130,TXN-006019,ACC-03840,open,0.64,2026-08-26
FC-02131,TXN-036335,ACC-01906,open,0.84,2026-04-05
FC-02132,TXN-018892,ACC-01874,confirmed_fraud,0.63,2026-04-27
FC-02133,TXN-007568,ACC-00673,closed_no_fraud,0.54,2026-03-25
FC-02134,TXN-022870,ACC-02664,closed_no_fraud,0.64,2026-08-10
FC-02135,TXN-032352,ACC-03556,open,0.46,2026-01-28
FC-02136,TXN-031170,ACC-05230,open,0.91,2026-01-04
FC-02137,TXN-007991,ACC-02253,open,0.42,2026-06-06
FC-02138,TXN-016850,ACC-04717,open,0.6,2026-01-08
FC-02139,TXN-000730,ACC-04966,investigating,0.66,2026-03-12
FC-02140,TXN-043546,ACC-00087,confirmed_fraud,0.94,2026-01-24
FC-02141,TXN-015444,ACC-05637,open,0.91,2026-01-26
FC-02142,TXN-009819,ACC-06777,open,0.86,2026-08-09
FC-02143,TXN-012875,ACC-04527,closed_no_fraud,0.8,2026-02-01
FC-02144,TXN-008736,ACC-00082,investigating,0.71,2026-05-01
FC-02145,TXN-040897,ACC-03618,open,0.53,2026-06-03
FC-02146,TXN-023549,ACC-06292,open,0.76,2026-02-11
FC-02147,TXN-003976,ACC-06576,investigating,0.92,2026-03-05
FC-02148,TXN-012624,ACC-03560,investigating,0.76,2026-02-08
FC-02149,TXN-038877,ACC-06259,confirmed_fraud,0.76,2026-08-06
FC-02150,TXN-040161,ACC-06486,confirmed_fraud,0.56,2026-06-22
FC-02151,TXN-021530,ACC-04950,investigating,0.49,2026-05-03
FC-02152,TXN-040256,ACC-06682,closed_no_fraud,0.7,2026-02-28
FC-02153,TXN-035070,ACC-07156,confirmed_fraud,0.46,2026-03-15
FC-02154,TXN-004944,ACC-01223,open,0.74,2026-02-11
FC-02155,TXN-013304,ACC-01841,confirmed_fraud,0.86,2026-02-05
FC-02156,TXN-030113,ACC-03431,investigating,0.93,2026-05-24
FC-02157,TXN-000953,ACC-04930,closed_no_fraud,0.41,2026-05-12
FC-02158,TXN-000375,ACC-06565,investigating,0.68,2026-06-26
FC-02159,TXN-020063,ACC-03929,open,0.8,2026-05-10
FC-02160,TXN-004616,ACC-06107,investigating,0.88,2026-01-19
FC-02161,TXN-039905,ACC-01294,open,0.77,2026-04-05
FC-02162,TXN-017667,ACC-03996,investigating,0.57,2026-05-21
FC-02163,TXN-042526,ACC-00013,investigating,0.93,2026-03-16
FC-02164,TXN-023504,ACC-05495,open,0.77,2026-03-10
FC-02165,TXN-028431,ACC-00081,closed_no_fraud,0.67,2026-05-08
FC-02166,TXN-037484,ACC-01773,investigating,0.52,2026-01-16
FC-02167,TXN-032364,ACC-06026,investigating,0.87,2026-08-24
FC-02168,TXN-005754,ACC-02509,closed_no_fraud,0.53,2026-04-21
FC-02169,TXN-042399,ACC-03708,closed_no_fraud,0.93,2026-04-17
FC-02170,TXN-035042,ACC-06645,confirmed_fraud,0.58,2026-04-18
FC-02171,TXN-009778,ACC-04936,confirmed_fraud,0.84,2026-05-20
FC-02172,TXN-027204,ACC-06188,confirmed_fraud,0.62,2026-01-27
FC-02173,TXN-007029,ACC-06702,confirmed_fraud,0.88,2026-07-28
FC-02174,TXN-015339,ACC-00370,closed_no_fraud,0.45,2026-08-21
FC-02175,TXN-004228,ACC-03742,open,0.91,2026-02-21
FC-02176,TXN-043684,ACC-06647,confirmed_fraud,0.63,2026-02-13
FC-02177,TXN-006190,ACC-01729,investigating,0.73,2026-07-19
FC-02178,TXN-001153,ACC-01167,closed_no_fraud,0.74,2026-07-03
FC-02179,TXN-005736,ACC-00397,confirmed_fraud,0.82,2026-05-08
FC-02180,TXN-030221,ACC-02216,confirmed_fraud,0.67,2026-07-04
FC-02181,TXN-031458,ACC-05341,open,0.82,2026-03-13
FC-02182,TXN-019265,ACC-02672,investigating,0.45,2026-04-02
FC-02183,TXN-042659,ACC-03644,closed_no_fraud,0.96,2026-06-06
FC-02184,TXN-020680,ACC-03415,open,0.56,2026-08-24
FC-02185,TXN-010680,ACC-05066,investigating,0.43,2026-07-28
FC-02186,TXN-038699,ACC-04977,open,0.75,2026-05-12
FC-02187,TXN-032657,ACC-00805,investigating,0.7,2026-08-20
FC-02188,TXN-019785,ACC-06189,confirmed_fraud,0.87,2026-08-27
FC-02189,TXN-034410,ACC-03822,confirmed_fraud,0.46,2026-05-22
FC-02190,TXN-026849,ACC-04064,confirmed_fraud,0.68,2026-04-01
FC-02191,TXN-028380,ACC-00228,investigating,0.66,2026-08-24
FC-02192,TXN-037453,ACC-00344,open,0.75,2026-07-03
FC-02193,TXN-018449,ACC-07342,open,0.95,2026-04-10
FC-02194,TXN-043382,ACC-05706,closed_no_fraud,0.56,2026-08-20
FC-02195,TXN-031300,ACC-05417,closed_no_fraud,0.46,2026-07-02
FC-02196,TXN-040678,ACC-05473,closed_no_fraud,0.81,2026-05-03
FC-02197,TXN-034601,ACC-04432,investigating,0.95,2026-01-28
FC-02198,TXN-021769,ACC-05871,open,0.92,2026-06-26
FC-02199,TXN-012685,ACC-02144,confirmed_fraud,0.61,2026-07-01
FC-02200,TXN-021536,ACC-02943,investigating,0.41,2026-05-02
FC-02201,TXN-039920,ACC-03691,open,0.61,2026-04-16
FC-02202,TXN-000051,ACC-06209,closed_no_fraud,0.6,2026-05-21
FC-02203,TXN-008552,ACC-01764,confirmed_fraud,0.41,2026-01-10
FC-02204,TXN-029640,ACC-01600,open,0.41,2026-08-17
FC-02205,TXN-017224,ACC-06378,confirmed_fraud,0.43,2026-05-03
FC-02206,TXN-043659,ACC-02544,investigating,0.5,2026-08-08
FC-02207,TXN-016662,ACC-03837,confirmed_fraud,0.66,2026-08-25
FC-02208,TXN-003460,ACC-05852,confirmed_fraud,0.75,2026-03-07
FC-02209,TXN-017405,ACC-06549,investigating,0.95,2026-05-11
FC-02210,TXN-030236,ACC-06971,investigating,0.55,2026-01-28
FC-02211,TXN-007305,ACC-02573,investigating,0.83,2026-03-05
FC-02212,TXN-035576,ACC-01929,confirmed_fraud,0.96,2026-08-24
FC-02213,TXN-004963,ACC-05314,closed_no_fraud,0.9,2026-03-09
FC-02214,TXN-006572,ACC-05570,confirmed_fraud,0.92,2026-02-26
FC-02215,TXN-031738,ACC-04999,closed_no_fraud,0.69,2026-04-16
FC-02216,TXN-019284,ACC-00783,confirmed_fraud,0.93,2026-07-01
FC-02217,TXN-046771,ACC-01385,open,0.95,2026-06-15
FC-02218,TXN-028651,ACC-06929,closed_no_fraud,0.68,2026-08-03
FC-02219,TXN-010779,ACC-05662,open,0.55,2026-07-16
FC-02220,TXN-009227,ACC-00054,closed_no_fraud,0.95,2026-05-18
FC-02221,TXN-032113,ACC-05442,investigating,0.64,2026-07-05
FC-02222,TXN-011160,ACC-03148,investigating,0.83,2026-08-19
FC-02223,TXN-013360,ACC-01958,closed_no_fraud,0.73,2026-06-16
FC-02224,TXN-015158,ACC-04939,open,0.74,2026-03-13
FC-02225,TXN-039122,ACC-06396,open,0.48,2026-07-04
FC-02226,TXN-022534,ACC-00610,open,0.73,2026-08-05
FC-02227,TXN-033442,ACC-06184,closed_no_fraud,0.87,2026-08-16
FC-02228,TXN-017828,ACC-06307,investigating,0.66,2026-05-16
FC-02229,TXN-005137,ACC-03528,closed_no_fraud,0.44,2026-05-12
FC-02230,TXN-034632,ACC-04359,confirmed_fraud,0.61,2026-04-25
FC-02231,TXN-013426,ACC-05633,open,0.58,2026-05-13
FC-02232,TXN-038231,ACC-02318,confirmed_fraud,0.87,2026-03-11
FC-02233,TXN-000425,ACC-00319,closed_no_fraud,0.4,2026-05-26
FC-02234,TXN-047116,ACC-00109,confirmed_fraud,0.85,2026-04-17
FC-02235,TXN-009760,ACC-04486,closed_no_fraud,0.55,2026-01-13
FC-02236,TXN-046987,ACC-04034,confirmed_fraud,0.59,2026-08-24
FC-02237,TXN-019924,ACC-04582,confirmed_fraud,0.77,2026-07-27
FC-02238,TXN-042276,ACC-00289,open,0.73,2026-05-06
FC-02239,TXN-021558,ACC-03926,confirmed_fraud,0.8,2026-06-14
FC-02240,TXN-035252,ACC-02071,open,0.87,2026-08-22
FC-02241,TXN-047616,ACC-04322,investigating,0.91,2026-01-08
FC-02242,TXN-035640,ACC-05040,confirmed_fraud,0.72,2026-08-22
FC-02243,TXN-017778,ACC-00282,open,0.77,2026-05-15
FC-02244,TXN-005216,ACC-04260,investigating,0.79,2026-04-09
FC-02245,TXN-014706,ACC-03523,closed_no_fraud,0.77,2026-01-16
FC-02246,TXN-011456,ACC-05727,investigating,0.7,2026-01-10
FC-02247,TXN-042879,ACC-03710,confirmed_fraud,0.52,2026-05-16
FC-02248,TXN-012596,ACC-01551,closed_no_fraud,0.5,2026-04-11
FC-02249,TXN-042451,ACC-03890,open,0.46,2026-01-08
FC-02250,TXN-015215,ACC-00326,open,0.97,2026-03-27
FC-02251,TXN-029241,ACC-04252,closed_no_fraud,0.52,2026-04-27
FC-02252,TXN-014732,ACC-06520,investigating,0.64,2026-02-05
FC-02253,TXN-004244,ACC-05262,open,0.79,2026-02-08
FC-02254,TXN-006070,ACC-06500,confirmed_fraud,0.61,2026-07-28
FC-02255,TXN-005370,ACC-01263,investigating,0.67,2026-05-10
FC-02256,TXN-019957,ACC-03259,confirmed_fraud,0.85,2026-05-24
FC-02257,TXN-045545,ACC-04702,investigating,0.5,2026-03-20
FC-02258,TXN-000914,ACC-01979,closed_no_fraud,0.75,2026-07-17
FC-02259,TXN-031914,ACC-02833,closed_no_fraud,0.42,2026-06-06
FC-02260,TXN-033572,ACC-03755,closed_no_fraud,0.59,2026-05-08
FC-02261,TXN-046583,ACC-03174,open,0.77,2026-07-02
FC-02262,TXN-018788,ACC-01440,confirmed_fraud,0.53,2026-06-03
FC-02263,TXN-037984,ACC-06225,confirmed_fraud,0.4,2026-05-14
FC-02264,TXN-038302,ACC-01945,open,0.66,2026-06-28
FC-02265,TXN-000903,ACC-00709,investigating,0.74,2026-01-01
FC-02266,TXN-049641,ACC-04843,investigating,0.6,2026-03-25
FC-02267,TXN-002156,ACC-03257,open,0.85,2026-03-13
FC-02268,TXN-022187,ACC-03179,confirmed_fraud,0.8,2026-03-13
FC-02269,TXN-007646,ACC-05519,confirmed_fraud,0.65,2026-05-03
FC-02270,TXN-040087,ACC-01562,open,0.8,2026-02-16
FC-02271,TXN-008813,ACC-01982,open,0.97,2026-03-06
FC-02272,TXN-025208,ACC-07187,open,0.4,2026-07-08
FC-02273,TXN-012943,ACC-04287,closed_no_fraud,0.61,2026-07-09
FC-02274,TXN-029342,ACC-02823,investigating,0.86,2026-08-06
FC-02275,TXN-026047,ACC-02774,investigating,0.72,2026-08-10
FC-02276,TXN-032790,ACC-01778,confirmed_fraud,0.8,2026-03-12
FC-02277,TXN-012921,ACC-01257,investigating,0.79,2026-06-23
FC-02278,TXN-010858,ACC-05283,investigating,0.89,2026-02-06
FC-02279,TXN-049358,ACC-03988,closed_no_fraud,0.84,2026-02-08
FC-02280,TXN-010307,ACC-04229,investigating,0.69,2026-06-16
FC-02281,TXN-029144,ACC-07380,closed_no_fraud,0.7,2026-01-27
FC-02282,TXN-008693,ACC-06815,closed_no_fraud,0.97,2026-05-26
FC-02283,TXN-043754,ACC-04124,confirmed_fraud,0.79,2026-05-09
FC-02284,TXN-047655,ACC-00607,closed_no_fraud,0.6,2026-08-03
FC-02285,TXN-030429,ACC-02375,open,0.59,2026-02-21
FC-02286,TXN-039076,ACC-05919,closed_no_fraud,0.84,2026-08-03
FC-02287,TXN-041033,ACC-02778,closed_no_fraud,0.44,2026-07-14
FC-02288,TXN-029461,ACC-02881,closed_no_fraud,0.82,2026-08-17
FC-02289,TXN-049144,ACC-02906,closed_no_fraud,0.62,2026-05-23
FC-02290,TXN-005317,ACC-02515,investigating,0.47,2026-03-18
FC-02291,TXN-048304,ACC-05914,closed_no_fraud,0.62,2026-07-11
FC-02292,TXN-031581,ACC-01687,investigating,0.86,2026-07-22
FC-02293,TXN-003942,ACC-01278,open,0.59,2026-08-01
FC-02294,TXN-031503,ACC-04766,closed_no_fraud,0.77,2026-03-15
FC-02295,TXN-008153,ACC-03335,open,0.7,2026-04-28
FC-02296,TXN-030841,ACC-04458,confirmed_fraud,0.8,2026-03-28
FC-02297,TXN-038939,ACC-04488,open,0.48,2026-08-09
FC-02298,TXN-042504,ACC-00681,closed_no_fraud,0.54,2026-07-13
FC-02299,TXN-020956,ACC-04733,confirmed_fraud,0.66,2026-02-07
FC-02300,TXN-013963,ACC-00314,confirmed_fraud,0.63,2026-06-06
FC-02301,TXN-047898,ACC-06737,closed_no_fraud,0.48,2026-07-05
FC-02302,TXN-006209,ACC-05483,investigating,0.61,2026-05-17
FC-02303,TXN-031528,ACC-07321,investigating,0.47,2026-03-13
FC-02304,TXN-004846,ACC-02919,confirmed_fraud,0.63,2026-04-19
FC-02305,TXN-042099,ACC-00003,confirmed_fraud,0.81,2026-05-16
FC-02306,TXN-018669,ACC-04452,investigating,0.67,2026-04-07
FC-02307,TXN-007168,ACC-07269,confirmed_fraud,0.93,2026-01-06
FC-02308,TXN-045907,ACC-02950,investigating,0.66,2026-05-17
FC-02309,TXN-048275,ACC-03850,investigating,0.71,2026-02-22
FC-02310,TXN-016359,ACC-02213,confirmed_fraud,0.72,2026-02-27
FC-02311,TXN-023206,ACC-05283,open,0.45,2026-04-24
FC-02312,TXN-009761,ACC-07332,confirmed_fraud,0.45,2026-01-09
FC-02313,TXN-026989,ACC-01288,investigating,0.57,2026-03-17
FC-02314,TXN-003481,ACC-01398,open,0.97,2026-08-22
FC-02315,TXN-046031,ACC-07456,confirmed_fraud,0.58,2026-03-03
FC-02316,TXN-041257,ACC-02644,closed_no_fraud,0.73,2026-03-13
FC-02317,TXN-017170,ACC-06782,investigating,0.89,2026-02-24
FC-02318,TXN-024947,ACC-02585,confirmed_fraud,0.95,2026-05-14
FC-02319,TXN-007705,ACC-04047,investigating,0.62,2026-01-09
FC-02320,TXN-024299,ACC-05017,investigating,0.8,2026-01-20
FC-02321,TXN-027995,ACC-06419,confirmed_fraud,0.75,2026-03-27
FC-02322,TXN-024564,ACC-04547,open,0.72,2026-03-15
FC-02323,TXN-000039,ACC-05143,confirmed_fraud,0.95,2026-04-10
FC-02324,TXN-025013,ACC-00403,closed_no_fraud,0.94,2026-06-10
FC-02325,TXN-039501,ACC-02596,closed_no_fraud,0.91,2026-08-16
FC-02326,TXN-044147,ACC-03627,open,0.6,2026-02-16
FC-02327,TXN-022440,ACC-04666,closed_no_fraud,0.78,2026-01-16
FC-02328,TXN-043402,ACC-00602,investigating,0.47,2026-06-15
FC-02329,TXN-044598,ACC-07107,investigating,0.53,2026-03-16
FC-02330,TXN-033377,ACC-03873,closed_no_fraud,0.44,2026-08-15
FC-02331,TXN-044168,ACC-01554,closed_no_fraud,0.83,2026-02-27
FC-02332,TXN-016343,ACC-03857,investigating,0.58,2026-03-04
FC-02333,TXN-009132,ACC-01482,investigating,0.47,2026-07-17
FC-02334,TXN-045115,ACC-00814,investigating,0.44,2026-08-16
FC-02335,TXN-016809,ACC-01707,investigating,0.81,2026-04-21
FC-02336,TXN-013870,ACC-00066,open,0.48,2026-01-24
FC-02337,TXN-020494,ACC-04247,investigating,0.81,2026-03-18
FC-02338,TXN-001164,ACC-03931,open,0.84,2026-04-17
FC-02339,TXN-008092,ACC-06674,investigating,0.76,2026-03-26
FC-02340,TXN-003435,ACC-07409,closed_no_fraud,0.84,2026-01-27
FC-02341,TXN-019629,ACC-00070,closed_no_fraud,0.43,2026-02-07
FC-02342,TXN-041523,ACC-07333,investigating,0.68,2026-08-23
FC-02343,TXN-045668,ACC-01707,confirmed_fraud,0.53,2026-02-26
FC-02344,TXN-025838,ACC-05334,closed_no_fraud,0.68,2026-03-07
FC-02345,TXN-021026,ACC-07265,confirmed_fraud,0.91,2026-05-04
FC-02346,TXN-026732,ACC-04417,open,0.91,2026-06-03
FC-02347,TXN-000794,ACC-02686,open,0.64,2026-03-10
FC-02348,TXN-031371,ACC-05284,closed_no_fraud,0.51,2026-03-11
FC-02349,TXN-022723,ACC-01504,confirmed_fraud,0.86,2026-04-01
FC-02350,TXN-021819,ACC-03722,closed_no_fraud,0.51,2026-02-01
FC-02351,TXN-002471,ACC-05650,open,0.77,2026-04-07
FC-02352,TXN-039176,ACC-03894,confirmed_fraud,0.89,2026-06-14
FC-02353,TXN-033402,ACC-05535,confirmed_fraud,0.56,2026-01-20
FC-02354,TXN-048761,ACC-01690,closed_no_fraud,0.75,2026-03-21
FC-02355,TXN-035014,ACC-03115,confirmed_fraud,0.4,2026-04-11
FC-02356,TXN-019898,ACC-01429,investigating,0.41,2026-01-01
FC-02357,TXN-004446,ACC-00229,investigating,0.47,2026-05-07
FC-02358,TXN-015505,ACC-01690,open,0.42,2026-03-15
FC-02359,TXN-026612,ACC-03134,investigating,0.42,2026-01-23
FC-02360,TXN-040152,ACC-01533,open,0.71,2026-02-26
FC-02361,TXN-032764,ACC-00726,open,0.97,2026-07-06
FC-02362,TXN-040002,ACC-01724,confirmed_fraud,0.59,2026-03-03
FC-02363,TXN-016606,ACC-04159,closed_no_fraud,0.64,2026-07-05
FC-02364,TXN-029303,ACC-02731,closed_no_fraud,0.66,2026-03-08
FC-02365,TXN-030235,ACC-06979,closed_no_fraud,0.57,2026-03-04
FC-02366,TXN-035018,ACC-07059,open,0.44,2026-08-11
FC-02367,TXN-012825,ACC-02572,confirmed_fraud,0.64,2026-02-08
FC-02368,TXN-023040,ACC-05333,confirmed_fraud,0.78,2026-01-10
FC-02369,TXN-011503,ACC-04878,investigating,0.44,2026-07-03
FC-02370,TXN-025962,ACC-04203,open,0.45,2026-01-27
FC-02371,TXN-025502,ACC-00092,confirmed_fraud,0.41,2026-08-21
FC-02372,TXN-039274,ACC-02669,closed_no_fraud,0.92,2026-04-04
FC-02373,TXN-005446,ACC-02641,confirmed_fraud,0.86,2026-02-27
FC-02374,TXN-003444,ACC-00552,investigating,0.68,2026-07-22
FC-02375,TXN-005612,ACC-03371,closed_no_fraud,0.81,2026-03-23
FC-02376,TXN-001857,ACC-04487,closed_no_fraud,0.68,2026-02-04
FC-02377,TXN-040022,ACC-06625,open,0.44,2026-01-04
FC-02378,TXN-022871,ACC-04450,confirmed_fraud,0.85,2026-04-03
FC-02379,TXN-047775,ACC-05168,closed_no_fraud,0.7,2026-07-02
FC-02380,TXN-029150,ACC-00520,closed_no_fraud,0.84,2026-02-25
FC-02381,TXN-047964,ACC-05460,open,0.49,2026-06-07
FC-02382,TXN-029546,ACC-01505,open,0.48,2026-08-27
FC-02383,TXN-011540,ACC-01972,closed_no_fraud,0.89,2026-02-19
FC-02384,TXN-015365,ACC-06177,open,0.98,2026-04-04
FC-02385,TXN-006690,ACC-05809,confirmed_fraud,0.93,2026-01-10
FC-02386,TXN-020750,ACC-01512,open,0.69,2026-08-27
FC-02387,TXN-017307,ACC-04249,open,0.95,2026-05-13
FC-02388,TXN-017365,ACC-01601,closed_no_fraud,0.49,2026-01-04
FC-02389,TXN-007950,ACC-00364,investigating,0.51,2026-08-12
FC-02390,TXN-015616,ACC-07225,investigating,0.45,2026-03-09
FC-02391,TXN-034442,ACC-02927,open,0.53,2026-04-16
FC-02392,TXN-039184,ACC-06504,open,0.94,2026-07-09
FC-02393,TXN-046939,ACC-06981,closed_no_fraud,0.84,2026-08-26
FC-02394,TXN-035481,ACC-01792,investigating,0.47,2026-02-09
FC-02395,TXN-016670,ACC-04747,confirmed_fraud,0.74,2026-06-17
FC-02396,TXN-024617,ACC-00647,confirmed_fraud,0.77,2026-04-23
FC-02397,TXN-019400,ACC-03217,investigating,0.69,2026-02-16
FC-02398,TXN-002968,ACC-05158,open,0.84,2026-07-11
FC-02399,TXN-047054,ACC-01453,investigating,0.8,2026-07-24
FC-02400,TXN-000467,ACC-01233,investigating,0.47,2026-02-14
FC-02401,TXN-027302,ACC-00368,investigating,0.63,2026-03-13
FC-02402,TXN-023031,ACC-02467,investigating,0.63,2026-06-20
FC-02403,TXN-027455,ACC-02066,investigating,0.6,2026-02-15
FC-02404,TXN-039229,ACC-00770,closed_no_fraud,0.71,2026-07-07
FC-02405,TXN-044626,ACC-00670,investigating,0.9,2026-03-07
FC-02406,TXN-015105,ACC-00545,investigating,0.5,2026-02-01
FC-02407,TXN-011853,ACC-02442,open,0.43,2026-08-07
FC-02408,TXN-010468,ACC-07099,open,0.97,2026-04-26
FC-02409,TXN-004805,ACC-02533,confirmed_fraud,0.82,2026-02-11
FC-02410,TXN-029189,ACC-01787,closed_no_fraud,0.63,2026-01-27
FC-02411,TXN-034156,ACC-00253,closed_no_fraud,0.87,2026-01-20
FC-02412,TXN-041591,ACC-01610,closed_no_fraud,0.72,2026-07-13
FC-02413,TXN-048420,ACC-02819,confirmed_fraud,0.92,2026-03-23
FC-02414,TXN-011689,ACC-02675,investigating,0.86,2026-05-25
FC-02415,TXN-035065,ACC-05197,closed_no_fraud,0.87,2026-03-17
FC-02416,TXN-013660,ACC-01729,open,0.79,2026-08-27
FC-02417,TXN-043326,ACC-06175,closed_no_fraud,0.45,2026-07-08
FC-02418,TXN-019728,ACC-06524,investigating,0.67,2026-03-17
FC-02419,TXN-009592,ACC-06251,confirmed_fraud,0.75,2026-01-12
FC-02420,TXN-014147,ACC-07347,open,0.73,2026-06-11
FC-02421,TXN-000715,ACC-06507,open,0.67,2026-01-01
FC-02422,TXN-002132,ACC-06675,open,0.94,2026-05-11
FC-02423,TXN-048046,ACC-06147,closed_no_fraud,0.52,2026-02-20
FC-02424,TXN-014702,ACC-07047,closed_no_fraud,0.9,2026-01-18
FC-02425,TXN-001697,ACC-02583,confirmed_fraud,0.55,2026-03-18
FC-02426,TXN-043027,ACC-00829,closed_no_fraud,0.95,2026-01-03
FC-02427,TXN-021677,ACC-07105,investigating,0.6,2026-05-23
FC-02428,TXN-048066,ACC-00043,open,0.54,2026-04-22
FC-02429,TXN-035383,ACC-03036,investigating,0.68,2026-08-03
FC-02430,TXN-040359,ACC-05895,confirmed_fraud,0.67,2026-04-25
FC-02431,TXN-045281,ACC-01320,closed_no_fraud,0.48,2026-04-18
FC-02432,TXN-003208,ACC-03517,confirmed_fraud,0.67,2026-02-25
FC-02433,TXN-040835,ACC-00972,closed_no_fraud,0.61,2026-06-06
FC-02434,TXN-027836,ACC-03580,investigating,0.5,2026-07-15
FC-02435,TXN-028412,ACC-01329,investigating,0.7,2026-05-20
FC-02436,TXN-012337,ACC-01956,confirmed_fraud,0.48,2026-02-09
FC-02437,TXN-042253,ACC-04482,closed_no_fraud,0.43,2026-08-05
FC-02438,TXN-028907,ACC-01434,investigating,0.62,2026-03-10
FC-02439,TXN-019189,ACC-07051,open,0.62,2026-05-22
FC-02440,TXN-035041,ACC-00469,closed_no_fraud,0.64,2026-05-09
FC-02441,TXN-023905,ACC-03262,closed_no_fraud,0.53,2026-01-18
FC-02442,TXN-039077,ACC-00932,closed_no_fraud,0.66,2026-01-24
FC-02443,TXN-033606,ACC-00905,open,0.83,2026-04-04
FC-02444,TXN-009459,ACC-01093,investigating,0.8,2026-08-08
FC-02445,TXN-008790,ACC-05810,closed_no_fraud,0.89,2026-01-22
FC-02446,TXN-042365,ACC-05484,closed_no_fraud,0.62,2026-06-01
FC-02447,TXN-038778,ACC-01842,closed_no_fraud,0.76,2026-06-14
FC-02448,TXN-028637,ACC-07232,confirmed_fraud,0.65,2026-06-15
FC-02449,TXN-036545,ACC-02564,open,0.54,2026-08-10
FC-02450,TXN-003627,ACC-01087,confirmed_fraud,0.5,2026-01-27
FC-02451,TXN-036995,ACC-02934,investigating,0.72,2026-01-22
FC-02452,TXN-017560,ACC-03994,open,0.82,2026-06-03
FC-02453,TXN-000568,ACC-03553,closed_no_fraud,0.48,2026-06-07
FC-02454,TXN-045379,ACC-03665,closed_no_fraud,0.61,2026-06-15
FC-02455,TXN-043215,ACC-04498,confirmed_fraud,0.55,2026-02-27
FC-02456,TXN-015383,ACC-02900,investigating,0.5,2026-04-27
FC-02457,TXN-009943,ACC-03478,confirmed_fraud,0.61,2026-06-06
FC-02458,TXN-005796,ACC-02538,closed_no_fraud,0.94,2026-05-26
FC-02459,TXN-034578,ACC-01496,closed_no_fraud,0.85,2026-02-27
FC-02460,TXN-024673,ACC-04096,closed_no_fraud,0.95,2026-03-07
FC-02461,TXN-022713,ACC-07147,open,0.96,2026-07-09
FC-02462,TXN-040733,ACC-03622,investigating,0.85,2026-02-26
FC-02463,TXN-014849,ACC-04107,investigating,0.44,2026-07-21
FC-02464,TXN-002794,ACC-05392,closed_no_fraud,0.74,2026-02-01
FC-02465,TXN-007063,ACC-02365,closed_no_fraud,0.8,2026-03-02
FC-02466,TXN-041448,ACC-07140,confirmed_fraud,0.61,2026-08-18
FC-02467,TXN-007688,ACC-04710,investigating,0.86,2026-08-26
FC-02468,TXN-006688,ACC-06687,open,0.47,2026-07-01
FC-02469,TXN-043947,ACC-04519,confirmed_fraud,0.87,2026-04-23
FC-02470,TXN-012240,ACC-05464,closed_no_fraud,0.68,2026-04-06
FC-02471,TXN-000703,ACC-07207,open,0.51,2026-07-07
FC-02472,TXN-007135,ACC-04771,investigating,0.93,2026-05-27
FC-02473,TXN-013608,ACC-00327,investigating,0.45,2026-03-14
FC-02474,TXN-045083,ACC-03445,open,0.44,2026-03-18
FC-02475,TXN-034235,ACC-02610,investigating,0.51,2026-02-09
FC-02476,TXN-025181,ACC-05495,closed_no_fraud,0.84,2026-08-09
FC-02477,TXN-017583,ACC-06630,closed_no_fraud,0.67,2026-02-28
FC-02478,TXN-018982,ACC-04523,investigating,0.81,2026-04-11
FC-02479,TXN-039479,ACC-03065,closed_no_fraud,0.58,2026-01-07
FC-02480,TXN-032931,ACC-03043,investigating,0.4,2026-08-19
FC-02481,TXN-048996,ACC-04024,closed_no_fraud,0.98,2026-04-08
FC-02482,TXN-019888,ACC-05267,closed_no_fraud,0.88,2026-03-05
FC-02483,TXN-016628,ACC-06802,open,0.72,2026-07-15
FC-02484,TXN-008907,ACC-00505,investigating,0.42,2026-01-24
FC-02485,TXN-024821,ACC-05806,closed_no_fraud,0.68,2026-03-28
FC-02486,TXN-017175,ACC-06294,open,0.57,2026-03-18
FC-02487,TXN-008726,ACC-00158,investigating,0.9,2026-04-15
FC-02488,TXN-035672,ACC-04845,confirmed_fraud,0.73,2026-03-02
FC-02489,TXN-026344,ACC-06624,closed_no_fraud,0.41,2026-01-16
FC-02490,TXN-028618,ACC-00761,closed_no_fraud,0.56,2026-02-10
FC-02491,TXN-038630,ACC-03612,open,0.9,2026-07-11
FC-02492,TXN-043015,ACC-05004,open,0.5,2026-01-27
FC-02493,TXN-039444,ACC-06104,open,0.41,2026-06-15
FC-02494,TXN-011604,ACC-07232,confirmed_fraud,0.94,2026-08-23
FC-02495,TXN-003583,ACC-01302,open,0.57,2026-04-05
FC-02496,TXN-001810,ACC-03855,open,0.56,2026-04-01
FC-02497,TXN-028606,ACC-05742,closed_no_fraud,0.64,2026-02-26
FC-02498,TXN-002277,ACC-03522,open,0.56,2026-04-08
FC-02499,TXN-015709,ACC-00437,investigating,0.4,2026-04-21
FC-02500,TXN-045461,ACC-04764,confirmed_fraud,0.58,2026-02-26
FC-02501,TXN-043113,ACC-03011,closed_no_fraud,0.84,2026-07-14
FC-02502,TXN-039528,ACC-02371,open,0.78,2026-08-20
FC-02503,TXN-021632,ACC-05434,confirmed_fraud,0.45,2026-05-15
FC-02504,TXN-032293,ACC-07480,open,0.96,2026-08-20
FC-02505,TXN-027060,ACC-04753,investigating,0.53,2026-03-22
FC-02506,TXN-034939,ACC-00473,open,0.81,2026-06-17
FC-02507,TXN-005856,ACC-05149,investigating,0.95,2026-06-15
FC-02508,TXN-044331,ACC-06480,open,0.4,2026-02-22
FC-02509,TXN-008221,ACC-03234,confirmed_fraud,0.56,2026-05-03
FC-02510,TXN-046683,ACC-01849,open,0.42,2026-03-16
FC-02511,TXN-033596,ACC-03716,closed_no_fraud,0.75,2026-06-11
FC-02512,TXN-044077,ACC-05597,confirmed_fraud,0.48,2026-06-18
FC-02513,TXN-016160,ACC-01406,closed_no_fraud,0.66,2026-06-06
FC-02514,TXN-021876,ACC-04307,open,0.67,2026-06-05
FC-02515,TXN-047294,ACC-05332,open,0.64,2026-08-20
FC-02516,TXN-020193,ACC-00132,closed_no_fraud,0.45,2026-06-20
FC-02517,TXN-028545,ACC-02519,confirmed_fraud,0.83,2026-08-21
FC-02518,TXN-008544,ACC-05884,open,0.61,2026-02-20
FC-02519,TXN-023195,ACC-02422,confirmed_fraud,0.95,2026-01-02
FC-02520,TXN-005019,ACC-00549,open,0.43,2026-05-16
FC-02521,TXN-040184,ACC-03835,confirmed_fraud,0.62,2026-08-19
FC-02522,TXN-016894,ACC-04819,investigating,0.51,2026-07-01
FC-02523,TXN-010648,ACC-02317,closed_no_fraud,0.6,2026-08-17
FC-02524,TXN-007187,ACC-02799,closed_no_fraud,0.57,2026-07-10
FC-02525,TXN-033428,ACC-00450,investigating,0.91,2026-04-21
FC-02526,TXN-020655,ACC-05842,open,0.93,2026-02-27
FC-02527,TXN-035092,ACC-05804,open,0.69,2026-04-09
FC-02528,TXN-031855,ACC-04064,closed_no_fraud,0.89,2026-05-09
FC-02529,TXN-044542,ACC-01222,confirmed_fraud,0.83,2026-07-18
FC-02530,TXN-028898,ACC-04683,investigating,0.88,2026-08-05
FC-02531,TXN-011294,ACC-05933,closed_no_fraud,0.77,2026-01-05
FC-02532,TXN-043106,ACC-07415,open,0.77,2026-06-28
FC-02533,TXN-018909,ACC-01824,open,0.61,2026-02-15
FC-02534,TXN-034769,ACC-04170,confirmed_fraud,0.86,2026-07-05
FC-02535,TXN-002809,ACC-02129,confirmed_fraud,0.69,2026-07-24
FC-02536,TXN-007827,ACC-06387,open,0.76,2026-06-06
FC-02537,TXN-023960,ACC-05304,investigating,0.66,2026-06-02
FC-02538,TXN-034714,ACC-05263,confirmed_fraud,0.42,2026-01-10
FC-02539,TXN-028843,ACC-05201,confirmed_fraud,0.49,2026-02-18
FC-02540,TXN-006466,ACC-01428,confirmed_fraud,0.75,2026-06-27
FC-02541,TXN-030202,ACC-06431,investigating,0.67,2026-08-03
FC-02542,TXN-031955,ACC-05791,closed_no_fraud,0.64,2026-06-05
FC-02543,TXN-049825,ACC-01220,investigating,0.52,2026-05-08
FC-02544,TXN-027148,ACC-00725,confirmed_fraud,0.89,2026-05-22
FC-02545,TXN-012839,ACC-06246,open,0.44,2026-08-21
FC-02546,TXN-019430,ACC-04183,investigating,0.75,2026-03-20
FC-02547,TXN-007127,ACC-00846,closed_no_fraud,0.95,2026-07-02
FC-02548,TXN-003173,ACC-03488,closed_no_fraud,0.82,2026-04-17
FC-02549,TXN-028190,ACC-06720,confirmed_fraud,0.55,2026-05-15
FC-02550,TXN-024977,ACC-04193,closed_no_fraud,0.75,2026-04-03
FC-02551,TXN-014151,ACC-06828,open,0.81,2026-08-25
FC-02552,TXN-024482,ACC-04179,open,0.71,2026-03-17
FC-02553,TXN-040411,ACC-05066,closed_no_fraud,0.54,2026-01-26
FC-02554,TXN-020104,ACC-06395,confirmed_fraud,0.64,2026-02-22
FC-02555,TXN-018595,ACC-00520,investigating,0.95,2026-05-07
FC-02556,TXN-035936,ACC-02613,confirmed_fraud,0.93,2026-02-08
FC-02557,TXN-035680,ACC-04498,confirmed_fraud,0.93,2026-06-27
FC-02558,TXN-031128,ACC-05891,closed_no_fraud,0.67,2026-01-07
FC-02559,TXN-008574,ACC-03172,confirmed_fraud,0.49,2026-01-20
FC-02560,TXN-024973,ACC-06678,closed_no_fraud,0.6,2026-05-15
FC-02561,TXN-041830,ACC-07275,closed_no_fraud,0.74,2026-08-24
FC-02562,TXN-036305,ACC-05985,closed_no_fraud,0.63,2026-06-26
FC-02563,TXN-006113,ACC-01933,closed_no_fraud,0.54,2026-03-26
FC-02564,TXN-023308,ACC-04579,closed_no_fraud,0.72,2026-02-05
FC-02565,TXN-025596,ACC-01596,confirmed_fraud,0.92,2026-07-05
FC-02566,TXN-047879,ACC-03870,open,0.48,2026-04-10
FC-02567,TXN-004938,ACC-07217,open,0.6,2026-01-17
FC-02568,TXN-029048,ACC-05980,confirmed_fraud,0.79,2026-07-11
FC-02569,TXN-041790,ACC-00122,open,0.42,2026-05-12
FC-02570,TXN-009441,ACC-00523,confirmed_fraud,0.49,2026-01-09
FC-02571,TXN-009756,ACC-01979,investigating,0.87,2026-04-03
FC-02572,TXN-021822,ACC-04385,closed_no_fraud,0.88,2026-04-23
FC-02573,TXN-029449,ACC-06867,closed_no_fraud,0.96,2026-07-26
FC-02574,TXN-014605,ACC-06572,confirmed_fraud,0.87,2026-07-14
FC-02575,TXN-005101,ACC-01119,closed_no_fraud,0.85,2026-05-09
FC-02576,TXN-032481,ACC-02288,open,0.97,2026-01-18
FC-02577,TXN-022844,ACC-06936,investigating,0.96,2026-07-21
FC-02578,TXN-023711,ACC-05888,investigating,0.43,2026-04-08
FC-02579,TXN-034639,ACC-03515,confirmed_fraud,0.8,2026-03-11
FC-02580,TXN-040617,ACC-07063,confirmed_fraud,0.51,2026-01-10
FC-02581,TXN-041253,ACC-02337,investigating,0.8,2026-08-22
FC-02582,TXN-048571,ACC-00677,open,0.68,2026-01-08
FC-02583,TXN-031885,ACC-05108,confirmed_fraud,0.47,2026-01-06
FC-02584,TXN-007919,ACC-07175,open,0.86,2026-07-21
FC-02585,TXN-019133,ACC-02562,open,0.43,2026-06-26
FC-02586,TXN-049237,ACC-02190,closed_no_fraud,0.56,2026-04-03
FC-02587,TXN-013382,ACC-00565,open,0.78,2026-04-21
FC-02588,TXN-041485,ACC-04676,investigating,0.66,2026-06-11
FC-02589,TXN-020081,ACC-01338,open,0.52,2026-07-27
FC-02590,TXN-048303,ACC-06460,investigating,0.84,2026-07-06
FC-02591,TXN-005698,ACC-06732,open,0.81,2026-02-28
FC-02592,TXN-001116,ACC-03401,investigating,0.73,2026-04-23
FC-02593,TXN-017290,ACC-01118,confirmed_fraud,0.72,2026-08-04
FC-02594,TXN-044235,ACC-00685,open,0.82,2026-08-27
FC-02595,TXN-044214,ACC-02297,closed_no_fraud,0.59,2026-08-23
FC-02596,TXN-015179,ACC-01269,investigating,0.65,2026-06-14
FC-02597,TXN-028930,ACC-05523,confirmed_fraud,0.72,2026-04-23
FC-02598,TXN-009135,ACC-05135,closed_no_fraud,0.9,2026-04-18
FC-02599,TXN-001930,ACC-00621,open,0.79,2026-04-25
FC-02600,TXN-041144,ACC-01622,confirmed_fraud,0.8,2026-03-17
FC-02601,TXN-040513,ACC-05646,investigating,0.66,2026-02-16
FC-02602,TXN-037349,ACC-05590,open,0.75,2026-05-28
FC-02603,TXN-008307,ACC-07041,closed_no_fraud,0.88,2026-03-09
FC-02604,TXN-030743,ACC-03201,confirmed_fraud,0.85,2026-02-20
FC-02605,TXN-018663,ACC-01722,closed_no_fraud,0.41,2026-08-08
FC-02606,TXN-016884,ACC-05432,open,0.81,2026-07-02
FC-02607,TXN-031407,ACC-01119,confirmed_fraud,0.57,2026-04-24
FC-02608,TXN-023964,ACC-02235,confirmed_fraud,0.55,2026-04-12
FC-02609,TXN-011546,ACC-04973,investigating,0.97,2026-04-05
FC-02610,TXN-040351,ACC-07276,closed_no_fraud,0.69,2026-07-10
FC-02611,TXN-035389,ACC-04640,investigating,0.72,2026-07-25
FC-02612,TXN-029230,ACC-05251,confirmed_fraud,0.42,2026-01-23
FC-02613,TXN-006224,ACC-05860,confirmed_fraud,0.68,2026-02-06
FC-02614,TXN-025436,ACC-01888,confirmed_fraud,0.5,2026-05-06
FC-02615,TXN-003615,ACC-06470,confirmed_fraud,0.94,2026-07-02
FC-02616,TXN-004306,ACC-00912,confirmed_fraud,0.54,2026-06-07
FC-02617,TXN-018228,ACC-05363,confirmed_fraud,0.6,2026-02-21
FC-02618,TXN-038537,ACC-04920,closed_no_fraud,0.75,2026-02-26
FC-02619,TXN-045033,ACC-01841,open,0.42,2026-03-12
FC-02620,TXN-023589,ACC-00787,open,0.92,2026-06-25
FC-02621,TXN-015914,ACC-04356,confirmed_fraud,0.68,2026-05-09
FC-02622,TXN-031114,ACC-02380,confirmed_fraud,0.58,2026-01-25
FC-02623,TXN-007662,ACC-02686,investigating,0.84,2026-07-21
FC-02624,TXN-027762,ACC-00351,confirmed_fraud,0.86,2026-07-27
FC-02625,TXN-033410,ACC-03089,investigating,0.7,2026-04-02
FC-02626,TXN-027550,ACC-03688,confirmed_fraud,0.79,2026-01-03
FC-02627,TXN-046695,ACC-06084,open,0.47,2026-07-08
FC-02628,TXN-045188,ACC-00710,closed_no_fraud,0.48,2026-04-08
FC-02629,TXN-028938,ACC-01613,open,0.95,2026-06-09
FC-02630,TXN-028188,ACC-04872,investigating,0.49,2026-06-26
FC-02631,TXN-023900,ACC-04933,investigating,0.61,2026-06-26
FC-02632,TXN-025142,ACC-02084,closed_no_fraud,0.51,2026-05-13
FC-02633,TXN-019164,ACC-04119,investigating,0.44,2026-03-18
FC-02634,TXN-024641,ACC-04475,investigating,0.98,2026-05-11
FC-02635,TXN-002405,ACC-04649,confirmed_fraud,0.63,2026-08-05
FC-02636,TXN-032965,ACC-03100,open,0.43,2026-08-25
FC-02637,TXN-036351,ACC-03195,confirmed_fraud,0.8,2026-01-19
FC-02638,TXN-034680,ACC-05120,investigating,0.67,2026-05-11
FC-02639,TXN-001858,ACC-07189,open,0.5,2026-06-07
FC-02640,TXN-013953,ACC-00823,investigating,0.58,2026-04-05
FC-02641,TXN-037435,ACC-06914,investigating,0.66,2026-02-15
FC-02642,TXN-017425,ACC-02642,investigating,0.87,2026-07-23
FC-02643,TXN-049467,ACC-03705,closed_no_fraud,0.77,2026-04-28
FC-02644,TXN-010378,ACC-01038,open,0.75,2026-01-11
FC-02645,TXN-049771,ACC-01088,closed_no_fraud,0.82,2026-04-23
FC-02646,TXN-031057,ACC-06035,open,0.49,2026-03-28
FC-02647,TXN-018386,ACC-06482,open,0.56,2026-07-22
FC-02648,TXN-021886,ACC-03746,confirmed_fraud,0.96,2026-04-13
FC-02649,TXN-032767,ACC-00149,investigating,0.68,2026-02-12
FC-02650,TXN-000746,ACC-04693,open,0.86,2026-05-27
FC-02651,TXN-023324,ACC-06357,confirmed_fraud,0.44,2026-08-28
FC-02652,TXN-013506,ACC-03567,confirmed_fraud,0.92,2026-02-03
FC-02653,TXN-014894,ACC-02866,open,0.59,2026-02-02
FC-02654,TXN-010923,ACC-02721,confirmed_fraud,0.72,2026-02-08
FC-02655,TXN-017885,ACC-02068,confirmed_fraud,0.87,2026-04-22
FC-02656,TXN-049063,ACC-03386,closed_no_fraud,0.49,2026-03-09
FC-02657,TXN-042045,ACC-02880,open,0.66,2026-03-17
FC-02658,TXN-026790,ACC-02911,confirmed_fraud,0.83,2026-01-17
FC-02659,TXN-048459,ACC-06503,closed_no_fraud,0.53,2026-05-03
FC-02660,TXN-034523,ACC-07044,closed_no_fraud,0.44,2026-08-13
FC-02661,TXN-034913,ACC-01900,closed_no_fraud,0.58,2026-04-09
FC-02662,TXN-014253,ACC-03291,closed_no_fraud,0.67,2026-03-09
FC-02663,TXN-031485,ACC-06633,confirmed_fraud,0.41,2026-02-08
FC-02664,TXN-049898,ACC-06311,confirmed_fraud,0.87,2026-06-23
FC-02665,TXN-007451,ACC-05492,closed_no_fraud,0.66,2026-04-15
FC-02666,TXN-013011,ACC-05688,closed_no_fraud,0.85,2026-04-28
FC-02667,TXN-027797,ACC-01917,investigating,0.82,2026-07-05
FC-02668,TXN-049176,ACC-00930,closed_no_fraud,0.58,2026-01-07
FC-02669,TXN-024096,ACC-01831,confirmed_fraud,0.63,2026-07-24
FC-02670,TXN-019180,ACC-05858,open,0.46,2026-06-03
FC-02671,TXN-023813,ACC-04145,investigating,0.42,2026-05-13
FC-02672,TXN-044224,ACC-00515,investigating,0.95,2026-08-28
FC-02673,TXN-026940,ACC-04358,open,0.48,2026-03-14
FC-02674,TXN-017034,ACC-00309,confirmed_fraud,0.61,2026-04-14
FC-02675,TXN-020462,ACC-01662,open,0.75,2026-08-28
FC-02676,TXN-001074,ACC-02996,investigating,0.69,2026-05-23
FC-02677,TXN-039680,ACC-04309,open,0.92,2026-08-13
FC-02678,TXN-017222,ACC-02933,closed_no_fraud,0.77,2026-02-21
FC-02679,TXN-010752,ACC-06983,open,0.56,2026-02-28
FC-02680,TXN-035146,ACC-05879,investigating,0.77,2026-03-10
FC-02681,TXN-048664,ACC-00413,confirmed_fraud,0.56,2026-02-01
FC-02682,TXN-019246,ACC-06586,investigating,0.89,2026-05-24
FC-02683,TXN-020491,ACC-05464,confirmed_fraud,0.51,2026-07-10
FC-02684,TXN-023785,ACC-03178,confirmed_fraud,0.85,2026-02-09
FC-02685,TXN-029133,ACC-01481,confirmed_fraud,0.82,2026-08-26
FC-02686,TXN-044191,ACC-05274,investigating,0.47,2026-01-24
FC-02687,TXN-027048,ACC-07102,investigating,0.86,2026-06-25
FC-02688,TXN-028328,ACC-05405,open,0.72,2026-02-06
FC-02689,TXN-046557,ACC-01871,closed_no_fraud,0.91,2026-08-25
FC-02690,TXN-020642,ACC-01452,confirmed_fraud,0.48,2026-08-21
FC-02691,TXN-023062,ACC-03609,confirmed_fraud,0.82,2026-02-20
FC-02692,TXN-042596,ACC-06208,open,0.68,2026-03-11
FC-02693,TXN-025807,ACC-06071,confirmed_fraud,0.55,2026-04-15
FC-02694,TXN-049905,ACC-03397,investigating,0.93,2026-07-07
FC-02695,TXN-046615,ACC-04025,closed_no_fraud,0.6,2026-02-12
FC-02696,TXN-016656,ACC-01457,closed_no_fraud,0.51,2026-07-22
FC-02697,TXN-043798,ACC-02236,investigating,0.95,2026-01-19
FC-02698,TXN-012200,ACC-01791,closed_no_fraud,0.77,2026-07-13
FC-02699,TXN-042382,ACC-05512,investigating,0.89,2026-03-09
FC-02700,TXN-024959,ACC-03241,open,0.56,2026-03-05
FC-02701,TXN-029051,ACC-06242,open,0.7,2026-08-01
FC-02702,TXN-028809,ACC-03810,investigating,0.52,2026-08-26
FC-02703,TXN-021299,ACC-06730,confirmed_fraud,0.73,2026-03-02
FC-02704,TXN-047252,ACC-04438,confirmed_fraud,0.74,2026-01-07
FC-02705,TXN-041250,ACC-03287,investigating,0.71,2026-01-17
FC-02706,TXN-018039,ACC-03030,investigating,0.69,2026-03-15
FC-02707,TXN-028251,ACC-07285,investigating,0.91,2026-01-17
FC-02708,TXN-037596,ACC-04415,confirmed_fraud,0.86,2026-06-08
FC-02709,TXN-004161,ACC-01954,confirmed_fraud,0.94,2026-07-12
FC-02710,TXN-021402,ACC-04968,closed_no_fraud,0.6,2026-08-28
FC-02711,TXN-011665,ACC-01527,closed_no_fraud,0.77,2026-04-24
FC-02712,TXN-011855,ACC-03928,investigating,0.96,2026-06-04
FC-02713,TXN-018667,ACC-05444,investigating,0.67,2026-07-02
FC-02714,TXN-013267,ACC-01599,confirmed_fraud,0.53,2026-04-16
FC-02715,TXN-037581,ACC-05658,closed_no_fraud,0.71,2026-05-21
FC-02716,TXN-014148,ACC-03628,open,0.57,2026-01-16
FC-02717,TXN-047090,ACC-07045,confirmed_fraud,0.91,2026-08-04
FC-02718,TXN-032738,ACC-06816,confirmed_fraud,0.56,2026-02-16
FC-02719,TXN-049362,ACC-01645,confirmed_fraud,0.87,2026-06-05
FC-02720,TXN-036585,ACC-05016,closed_no_fraud,0.68,2026-01-21
FC-02721,TXN-048833,ACC-03121,open,0.46,2026-07-16
FC-02722,TXN-042069,ACC-04495,confirmed_fraud,0.44,2026-07-25
FC-02723,TXN-007685,ACC-04215,open,0.73,2026-02-26
FC-02724,TXN-023857,ACC-05288,open,0.84,2026-01-20
FC-02725,TXN-039870,ACC-04075,investigating,0.47,2026-07-25
FC-02726,TXN-045477,ACC-05672,closed_no_fraud,0.69,2026-03-26
FC-02727,TXN-025234,ACC-02098,investigating,0.87,2026-06-28
FC-02728,TXN-018497,ACC-07472,open,0.98,2026-01-27
FC-02729,TXN-018485,ACC-00092,open,0.63,2026-02-18
FC-02730,TXN-037438,ACC-05764,confirmed_fraud,0.84,2026-07-08
FC-02731,TXN-049041,ACC-01893,investigating,0.88,2026-05-18
FC-02732,TXN-025102,ACC-01019,confirmed_fraud,0.92,2026-01-07
FC-02733,TXN-049854,ACC-03918,confirmed_fraud,0.73,2026-07-02
FC-02734,TXN-026145,ACC-05774,open,0.8,2026-08-14
FC-02735,TXN-047825,ACC-05822,investigating,0.56,2026-07-13
FC-02736,TXN-002210,ACC-00852,confirmed_fraud,0.63,2026-06-02
FC-02737,TXN-031142,ACC-00527,investigating,0.92,2026-08-23
FC-02738,TXN-015849,ACC-00881,closed_no_fraud,0.95,2026-01-10
FC-02739,TXN-029005,ACC-04462,open,0.96,2026-01-18
FC-02740,TXN-046286,ACC-00899,confirmed_fraud,0.69,2026-04-14
FC-02741,TXN-025563,ACC-05749,investigating,0.55,2026-07-10
FC-02742,TXN-037104,ACC-00620,open,0.51,2026-05-06
FC-02743,TXN-034962,ACC-01378,investigating,0.44,2026-02-24
FC-02744,TXN-013933,ACC-00863,investigating,0.89,2026-02-25
FC-02745,TXN-035396,ACC-04128,investigating,0.46,2026-07-19
FC-02746,TXN-010876,ACC-02796,investigating,0.54,2026-05-21
FC-02747,TXN-009405,ACC-00130,investigating,0.53,2026-07-13
FC-02748,TXN-014160,ACC-06684,open,0.86,2026-06-13
FC-02749,TXN-044859,ACC-04754,investigating,0.42,2026-04-16
FC-02750,TXN-039039,ACC-01142,confirmed_fraud,0.47,2026-05-08
FC-02751,TXN-006312,ACC-03764,closed_no_fraud,0.79,2026-01-10
FC-02752,TXN-011412,ACC-04446,confirmed_fraud,0.82,2026-06-23
FC-02753,TXN-027704,ACC-06247,closed_no_fraud,0.57,2026-06-25
FC-02754,TXN-035703,ACC-05939,investigating,0.91,2026-04-15
FC-02755,TXN-019172,ACC-03936,investigating,0.98,2026-05-06
FC-02756,TXN-044356,ACC-06084,investigating,0.64,2026-04-20
FC-02757,TXN-017437,ACC-02857,investigating,0.64,2026-08-02
FC-02758,TXN-025936,ACC-03166,confirmed_fraud,0.97,2026-01-22
FC-02759,TXN-029445,ACC-00599,open,0.78,2026-05-25
FC-02760,TXN-011095,ACC-06337,confirmed_fraud,0.72,2026-01-16
FC-02761,TXN-046552,ACC-01499,investigating,0.48,2026-03-17
FC-02762,TXN-015723,ACC-00652,investigating,0.69,2026-04-08
FC-02763,TXN-033043,ACC-03465,investigating,0.89,2026-03-15
FC-02764,TXN-018185,ACC-00666,open,0.96,2026-07-07
FC-02765,TXN-032188,ACC-04210,open,0.95,2026-02-08
FC-02766,TXN-026624,ACC-06481,investigating,0.98,2026-06-28
FC-02767,TXN-020258,ACC-05588,investigating,0.91,2026-02-24
FC-02768,TXN-008655,ACC-07303,open,0.76,2026-02-23
FC-02769,TXN-029257,ACC-00631,confirmed_fraud,0.94,2026-01-20
FC-02770,TXN-043986,ACC-04019,open,0.56,2026-02-06
FC-02771,TXN-037809,ACC-03840,confirmed_fraud,0.69,2026-01-26
FC-02772,TXN-020179,ACC-04056,closed_no_fraud,0.65,2026-07-27
FC-02773,TXN-037385,ACC-03310,closed_no_fraud,0.95,2026-03-01
FC-02774,TXN-035006,ACC-03543,confirmed_fraud,0.51,2026-06-11
FC-02775,TXN-039216,ACC-03812,closed_no_fraud,0.9,2026-07-16
FC-02776,TXN-032882,ACC-05953,closed_no_fraud,0.64,2026-08-02
FC-02777,TXN-011659,ACC-01828,closed_no_fraud,0.7,2026-02-02
FC-02778,TXN-006275,ACC-07129,closed_no_fraud,0.96,2026-05-26
FC-02779,TXN-026815,ACC-04048,open,0.7,2026-05-27
FC-02780,TXN-022373,ACC-03650,investigating,0.66,2026-02-20
FC-02781,TXN-007044,ACC-06417,closed_no_fraud,0.94,2026-02-02
FC-02782,TXN-000579,ACC-04878,confirmed_fraud,0.73,2026-08-19
FC-02783,TXN-037695,ACC-04021,investigating,0.61,2026-02-23
FC-02784,TXN-023281,ACC-03200,open,0.97,2026-08-05
FC-02785,TXN-047652,ACC-05101,investigating,0.88,2026-05-23
FC-02786,TXN-048225,ACC-05168,closed_no_fraud,0.44,2026-01-17
FC-02787,TXN-032900,ACC-03321,open,0.57,2026-08-27
FC-02788,TXN-040577,ACC-00514,confirmed_fraud,0.79,2026-02-13
FC-02789,TXN-012112,ACC-04364,investigating,0.53,2026-06-12
FC-02790,TXN-036135,ACC-00798,investigating,0.69,2026-01-03
FC-02791,TXN-032318,ACC-03498,investigating,0.49,2026-03-03
FC-02792,TXN-015919,ACC-01646,closed_no_fraud,0.59,2026-03-22
FC-02793,TXN-019697,ACC-06638,closed_no_fraud,0.6,2026-01-21
FC-02794,TXN-034563,ACC-06758,investigating,0.76,2026-05-13
FC-02795,TXN-018132,ACC-01586,confirmed_fraud,0.8,2026-08-12
FC-02796,TXN-036799,ACC-07152,open,0.9,2026-01-01
FC-02797,TXN-008373,ACC-02496,confirmed_fraud,0.48,2026-01-19
FC-02798,TXN-024758,ACC-02910,closed_no_fraud,0.62,2026-08-13
FC-02799,TXN-000518,ACC-04652,closed_no_fraud,0.72,2026-06-02
FC-02800,TXN-045916,ACC-02965,confirmed_fraud,0.68,2026-07-01
FC-02801,TXN-015936,ACC-05435,open,0.94,2026-03-20
FC-02802,TXN-049720,ACC-07113,investigating,0.95,2026-08-27
FC-02803,TXN-023744,ACC-05713,closed_no_fraud,0.58,2026-07-18
FC-02804,TXN-008691,ACC-05296,investigating,0.4,2026-03-26
FC-02805,TXN-036635,ACC-04253,investigating,0.94,2026-08-20
FC-02806,TXN-025034,ACC-05564,investigating,0.65,2026-01-13
FC-02807,TXN-016026,ACC-04101,open,0.44,2026-05-16
FC-02808,TXN-018049,ACC-07444,open,0.42,2026-03-24
FC-02809,TXN-001896,ACC-03704,investigating,0.95,2026-05-18
FC-02810,TXN-028961,ACC-01298,investigating,0.74,2026-02-20
FC-02811,TXN-005731,ACC-05398,investigating,0.93,2026-06-22
FC-02812,TXN-044328,ACC-03717,investigating,0.47,2026-02-23
FC-02813,TXN-015652,ACC-05228,confirmed_fraud,0.87,2026-08-13
FC-02814,TXN-048343,ACC-02611,closed_no_fraud,0.58,2026-05-06
FC-02815,TXN-022795,ACC-02030,open,0.81,2026-04-09
FC-02816,TXN-002009,ACC-04021,closed_no_fraud,0.75,2026-03-19
FC-02817,TXN-036127,ACC-06133,closed_no_fraud,0.86,2026-07-04
FC-02818,TXN-032957,ACC-07458,confirmed_fraud,0.72,2026-02-11
FC-02819,TXN-031659,ACC-07081,investigating,0.81,2026-05-19
FC-02820,TXN-007465,ACC-06225,open,0.78,2026-02-14
FC-02821,TXN-048043,ACC-03441,confirmed_fraud,0.47,2026-03-01
FC-02822,TXN-030516,ACC-07305,investigating,0.8,2026-08-08
FC-02823,TXN-021359,ACC-03481,closed_no_fraud,0.5,2026-05-08
FC-02824,TXN-019487,ACC-00883,open,0.84,2026-07-14
FC-02825,TXN-011629,ACC-06283,closed_no_fraud,0.46,2026-05-20
FC-02826,TXN-024411,ACC-05212,closed_no_fraud,0.77,2026-01-24
FC-02827,TXN-023648,ACC-01952,confirmed_fraud,0.82,2026-01-24
FC-02828,TXN-032804,ACC-02453,open,0.92,2026-01-09
FC-02829,TXN-047511,ACC-02993,open,0.85,2026-08-25
FC-02830,TXN-023379,ACC-07005,investigating,0.85,2026-06-20
FC-02831,TXN-013982,ACC-03429,confirmed_fraud,0.74,2026-08-11
FC-02832,TXN-044476,ACC-00491,investigating,0.82,2026-02-28
FC-02833,TXN-031856,ACC-06493,open,0.67,2026-05-04
FC-02834,TXN-031696,ACC-00569,closed_no_fraud,0.66,2026-02-06
FC-02835,TXN-003074,ACC-01047,closed_no_fraud,0.95,2026-01-06
FC-02836,TXN-005181,ACC-00206,open,0.68,2026-03-09
FC-02837,TXN-034263,ACC-03513,closed_no_fraud,0.6,2026-01-25
FC-02838,TXN-003875,ACC-03557,investigating,0.94,2026-03-22
FC-02839,TXN-042482,ACC-00982,investigating,0.55,2026-01-12
FC-02840,TXN-007308,ACC-05125,investigating,0.75,2026-05-21
FC-02841,TXN-049879,ACC-04772,open,0.72,2026-07-20
FC-02842,TXN-049032,ACC-00950,closed_no_fraud,0.96,2026-08-21
FC-02843,TXN-028311,ACC-01888,investigating,0.92,2026-02-16
FC-02844,TXN-046947,ACC-03536,confirmed_fraud,0.6,2026-06-13
FC-02845,TXN-012814,ACC-06582,confirmed_fraud,0.53,2026-01-10
FC-02846,TXN-036600,ACC-05623,open,0.46,2026-08-07
FC-02847,TXN-021201,ACC-02380,closed_no_fraud,0.69,2026-06-07
FC-02848,TXN-049388,ACC-01683,open,0.86,2026-07-26
FC-02849,TXN-044537,ACC-04445,closed_no_fraud,0.5,2026-03-27
FC-02850,TXN-044308,ACC-01287,investigating,0.56,2026-06-11
FC-02851,TXN-025895,ACC-04181,investigating,0.57,2026-04-19
FC-02852,TXN-032073,ACC-06662,open,0.89,2026-01-03
FC-02853,TXN-027824,ACC-00194,confirmed_fraud,0.54,2026-03-04
FC-02854,TXN-033361,ACC-01700,open,0.78,2026-02-28
FC-02855,TXN-020970,ACC-00669,investigating,0.46,2026-08-13
FC-02856,TXN-018059,ACC-07085,investigating,0.92,2026-08-25
FC-02857,TXN-001473,ACC-06243,investigating,0.45,2026-01-03
FC-02858,TXN-048127,ACC-02948,investigating,0.51,2026-02-20
FC-02859,TXN-044661,ACC-03836,investigating,0.41,2026-06-26
FC-02860,TXN-037408,ACC-01856,confirmed_fraud,0.47,2026-08-03
FC-02861,TXN-035775,ACC-05734,investigating,0.96,2026-04-07
FC-02862,TXN-003612,ACC-00976,investigating,0.86,2026-03-01
FC-02863,TXN-004850,ACC-01916,closed_no_fraud,0.79,2026-08-09
FC-02864,TXN-008163,ACC-01113,open,0.56,2026-08-22
FC-02865,TXN-018979,ACC-04139,investigating,0.59,2026-07-06
FC-02866,TXN-038868,ACC-03799,closed_no_fraud,0.75,2026-07-18
FC-02867,TXN-007875,ACC-06922,closed_no_fraud,0.71,2026-04-03
FC-02868,TXN-015241,ACC-03531,closed_no_fraud,0.92,2026-07-23
FC-02869,TXN-021781,ACC-01067,closed_no_fraud,0.85,2026-08-14
FC-02870,TXN-027744,ACC-06641,investigating,0.55,2026-01-04
FC-02871,TXN-020249,ACC-02902,confirmed_fraud,0.67,2026-01-14
FC-02872,TXN-009847,ACC-02306,confirmed_fraud,0.69,2026-08-13
FC-02873,TXN-033647,ACC-02743,closed_no_fraud,0.96,2026-08-24
FC-02874,TXN-013810,ACC-05520,confirmed_fraud,0.74,2026-05-02
FC-02875,TXN-018630,ACC-01992,closed_no_fraud,0.43,2026-08-02
FC-02876,TXN-045319,ACC-04257,investigating,0.53,2026-01-26
FC-02877,TXN-020143,ACC-00578,open,0.98,2026-03-12
FC-02878,TXN-040028,ACC-05945,closed_no_fraud,0.92,2026-04-21
FC-02879,TXN-010755,ACC-05149,confirmed_fraud,0.78,2026-02-16
FC-02880,TXN-041373,ACC-00370,open,0.56,2026-07-04
FC-02881,TXN-023377,ACC-02432,confirmed_fraud,0.75,2026-08-17
FC-02882,TXN-047951,ACC-01860,closed_no_fraud,0.56,2026-04-11
FC-02883,TXN-022362,ACC-00465,closed_no_fraud,0.93,2026-02-26
FC-02884,TXN-014122,ACC-00422,investigating,0.53,2026-04-13
FC-02885,TXN-046334,ACC-07036,closed_no_fraud,0.83,2026-07-12
FC-02886,TXN-038217,ACC-07030,open,0.97,2026-08-15
FC-02887,TXN-012038,ACC-01769,open,0.89,2026-05-20
FC-02888,TXN-008328,ACC-05516,closed_no_fraud,0.96,2026-06-01
FC-02889,TXN-048209,ACC-04733,open,0.75,2026-06-11
FC-02890,TXN-012088,ACC-00052,confirmed_fraud,0.73,2026-01-14
FC-02891,TXN-027632,ACC-06525,closed_no_fraud,0.92,2026-03-12
FC-02892,TXN-043556,ACC-03283,closed_no_fraud,0.75,2026-02-02
FC-02893,TXN-040074,ACC-05488,closed_no_fraud,0.55,2026-05-20
FC-02894,TXN-042744,ACC-01118,investigating,0.59,2026-08-21
FC-02895,TXN-029338,ACC-06747,open,0.94,2026-04-06
FC-02896,TXN-009987,ACC-07154,investigating,0.79,2026-06-15
FC-02897,TXN-039171,ACC-01775,investigating,0.73,2026-06-20
FC-02898,TXN-031874,ACC-00131,closed_no_fraud,0.97,2026-06-17
FC-02899,TXN-000188,ACC-01661,closed_no_fraud,0.66,2026-05-02
FC-02900,TXN-010292,ACC-07327,confirmed_fraud,0.68,2026-07-08
FC-02901,TXN-005738,ACC-00003,confirmed_fraud,0.48,2026-04-25
FC-02902,TXN-049214,ACC-07000,investigating,0.43,2026-06-10
FC-02903,TXN-030359,ACC-06791,investigating,0.98,2026-04-26
FC-02904,TXN-009100,ACC-04542,investigating,0.84,2026-03-15
FC-02905,TXN-014979,ACC-05615,closed_no_fraud,0.92,2026-05-01
FC-02906,TXN-040104,ACC-02904,investigating,0.91,2026-08-13
FC-02907,TXN-031869,ACC-03485,closed_no_fraud,0.9,2026-04-19
FC-02908,TXN-007412,ACC-00824,open,0.79,2026-02-12
FC-02909,TXN-034014,ACC-04747,closed_no_fraud,0.64,2026-04-08
FC-02910,TXN-037487,ACC-01966,confirmed_fraud,0.51,2026-07-18
FC-02911,TXN-037256,ACC-01766,investigating,0.81,2026-05-20
FC-02912,TXN-001244,ACC-03631,confirmed_fraud,0.94,2026-02-08
FC-02913,TXN-041526,ACC-00179,open,0.5,2026-06-03
FC-02914,TXN-014640,ACC-04052,open,0.78,2026-04-13
FC-02915,TXN-038185,ACC-00008,open,0.86,2026-07-10
FC-02916,TXN-039940,ACC-06467,closed_no_fraud,0.79,2026-04-01
FC-02917,TXN-028395,ACC-04067,investigating,0.62,2026-02-04
FC-02918,TXN-026911,ACC-02059,confirmed_fraud,0.71,2026-02-08
FC-02919,TXN-033227,ACC-04942,confirmed_fraud,0.65,2026-01-27
FC-02920,TXN-025604,ACC-03237,investigating,0.98,2026-01-03
FC-02921,TXN-046379,ACC-04836,open,0.88,2026-08-18
FC-02922,TXN-005408,ACC-03349,open,0.95,2026-02-12
FC-02923,TXN-032659,ACC-06695,open,0.98,2026-02-02
FC-02924,TXN-047966,ACC-01318,confirmed_fraud,0.44,2026-04-16
FC-02925,TXN-010137,ACC-06645,investigating,0.77,2026-04-13
FC-02926,TXN-036522,ACC-06146,open,0.73,2026-08-12
FC-02927,TXN-041529,ACC-00806,closed_no_fraud,0.52,2026-04-20
FC-02928,TXN-048999,ACC-02458,open,0.57,2026-03-20
FC-02929,TXN-042011,ACC-02845,closed_no_fraud,0.82,2026-02-27
FC-02930,TXN-044274,ACC-00526,confirmed_fraud,0.65,2026-07-12
FC-02931,TXN-025003,ACC-04506,open,0.81,2026-05-19
FC-02932,TXN-017192,ACC-02963,open,0.82,2026-06-01
FC-02933,TXN-040271,ACC-02347,confirmed_fraud,0.47,2026-05-28
FC-02934,TXN-039003,ACC-01200,investigating,0.71,2026-04-01
FC-02935,TXN-047629,ACC-03339,closed_no_fraud,0.57,2026-04-04
FC-02936,TXN-038018,ACC-04507,closed_no_fraud,0.58,2026-08-21
FC-02937,TXN-016311,ACC-05108,open,0.45,2026-01-14
FC-02938,TXN-042171,ACC-00819,confirmed_fraud,0.55,2026-06-03
FC-02939,TXN-033998,ACC-00865,open,0.78,2026-03-12
FC-02940,TXN-044441,ACC-01296,investigating,0.45,2026-01-13
FC-02941,TXN-021834,ACC-00641,open,0.79,2026-01-11
FC-02942,TXN-039976,ACC-01179,confirmed_fraud,0.55,2026-06-18
FC-02943,TXN-009051,ACC-03622,investigating,0.73,2026-04-15
FC-02944,TXN-026547,ACC-03673,open,0.64,2026-04-17
FC-02945,TXN-048882,ACC-02496,open,0.45,2026-04-09
FC-02946,TXN-009154,ACC-07395,investigating,0.89,2026-04-06
FC-02947,TXN-033621,ACC-00493,confirmed_fraud,0.52,2026-05-27
FC-02948,TXN-023463,ACC-04391,investigating,0.59,2026-02-25
FC-02949,TXN-025500,ACC-02346,confirmed_fraud,0.77,2026-08-20
FC-02950,TXN-040580,ACC-06586,closed_no_fraud,0.73,2026-06-07
FC-02951,TXN-047292,ACC-00584,open,0.52,2026-07-23
FC-02952,TXN-026864,ACC-03913,open,0.81,2026-06-22
FC-02953,TXN-022489,ACC-00371,open,0.41,2026-07-14
FC-02954,TXN-033928,ACC-00247,open,0.85,2026-05-22
FC-02955,TXN-009236,ACC-02357,investigating,0.63,2026-08-16
FC-02956,TXN-036769,ACC-04243,investigating,0.67,2026-04-17
FC-02957,TXN-005881,ACC-01271,open,0.73,2026-08-09
FC-02958,TXN-019263,ACC-01990,open,0.59,2026-08-08
FC-02959,TXN-009174,ACC-03764,closed_no_fraud,0.5,2026-08-08
FC-02960,TXN-007803,ACC-00661,investigating,0.55,2026-05-02
FC-02961,TXN-026664,ACC-07007,investigating,0.86,2026-01-18
FC-02962,TXN-026064,ACC-01522,investigating,0.42,2026-06-05
FC-02963,TXN-027639,ACC-00893,open,0.88,2026-07-20
FC-02964,TXN-041596,ACC-01741,closed_no_fraud,0.61,2026-03-14
FC-02965,TXN-033723,ACC-04709,confirmed_fraud,0.94,2026-08-04
FC-02966,TXN-041817,ACC-06108,confirmed_fraud,0.66,2026-05-24
FC-02967,TXN-036840,ACC-01270,closed_no_fraud,0.54,2026-04-09
FC-02968,TXN-048698,ACC-02209,confirmed_fraud,0.84,2026-06-09
FC-02969,TXN-030940,ACC-02309,investigating,0.89,2026-04-02
FC-02970,TXN-041768,ACC-03734,open,0.63,2026-07-14
FC-02971,TXN-003857,ACC-03886,confirmed_fraud,0.78,2026-02-17
FC-02972,TXN-042804,ACC-00911,open,0.48,2026-07-12
FC-02973,TXN-010148,ACC-00790,confirmed_fraud,0.68,2026-01-07
FC-02974,TXN-033814,ACC-05311,closed_no_fraud,0.42,2026-04-28
FC-02975,TXN-043566,ACC-02968,investigating,0.81,2026-06-09
FC-02976,TXN-000420,ACC-05815,open,0.44,2026-01-17
FC-02977,TXN-031430,ACC-03446,open,0.43,2026-03-09
FC-02978,TXN-049877,ACC-02949,confirmed_fraud,0.87,2026-02-16
FC-02979,TXN-044791,ACC-00342,investigating,0.46,2026-01-09
FC-02980,TXN-018800,ACC-03621,investigating,0.41,2026-02-11
FC-02981,TXN-024855,ACC-04682,open,0.49,2026-01-07
FC-02982,TXN-010475,ACC-04783,open,0.83,2026-02-12
FC-02983,TXN-030087,ACC-02194,confirmed_fraud,0.52,2026-01-15
FC-02984,TXN-030291,ACC-03931,investigating,0.7,2026-05-13
FC-02985,TXN-028571,ACC-06466,investigating,0.83,2026-04-11
FC-02986,TXN-004205,ACC-01141,open,0.74,2026-02-22
FC-02987,TXN-028441,ACC-06694,investigating,0.63,2026-02-25
FC-02988,TXN-025286,ACC-02091,investigating,0.54,2026-02-02
FC-02989,TXN-048742,ACC-04604,investigating,0.93,2026-07-14
FC-02990,TXN-038925,ACC-04566,confirmed_fraud,0.7,2026-01-02
FC-02991,TXN-012972,ACC-06139,open,0.96,2026-07-28
FC-02992,TXN-019928,ACC-03795,confirmed_fraud,0.5,2026-02-28
FC-02993,TXN-015126,ACC-00613,open,0.42,2026-03-13
FC-02994,TXN-042008,ACC-04606,open,0.79,2026-08-15
FC-02995,TXN-016023,ACC-03397,investigating,0.71,2026-08-04
FC-02996,TXN-006395,ACC-03556,closed_no_fraud,0.89,2026-03-26
FC-02997,TXN-029726,ACC-03850,open,0.75,2026-05-07
FC-02998,TXN-029041,ACC-01637,confirmed_fraud,0.84,2026-06-09
FC-02999,TXN-006953,ACC-03026,closed_no_fraud,0.71,2026-04-16
FC-03000,TXN-025698,ACC-07388,confirmed_fraud,0.87,2026-06-11
