signal_id,product_id,store_id,signal_type,trend_percent,detected_at
SIG-00001,PROD-02036,STORE-0314,seasonal,27.3,2026-08-24
SIG-00002,PROD-01008,STORE-0417,seasonal,-18.4,2026-04-03
SIG-00003,PROD-04848,STORE-0495,seasonal,2.4,2026-06-21
SIG-00004,PROD-03505,STORE-0470,seasonal,75.2,2026-01-19
SIG-00005,PROD-04411,STORE-0034,seasonal,-27.8,2026-03-26
SIG-00006,PROD-03740,STORE-0333,seasonal,24.0,2026-06-28
SIG-00007,PROD-03655,STORE-0385,spike,16.3,2026-02-20
SIG-00008,PROD-01509,STORE-0079,spike,-21.9,2026-07-28
SIG-00009,PROD-02432,STORE-0306,decline,76.5,2026-03-01
SIG-00010,PROD-03872,STORE-0475,spike,37.9,2026-07-12
SIG-00011,PROD-04992,STORE-0402,decline,74.4,2026-06-04
SIG-00012,PROD-02529,STORE-0234,spike,-10.2,2026-04-27
SIG-00013,PROD-00962,STORE-0250,decline,26.3,2026-04-10
SIG-00014,PROD-01264,STORE-0366,spike,2.4,2026-07-23
SIG-00015,PROD-02531,STORE-0405,seasonal,-23.1,2026-04-23
SIG-00016,PROD-03866,STORE-0164,spike,-9.6,2026-03-04
SIG-00017,PROD-02728,STORE-0381,spike,32.6,2026-08-13
SIG-00018,PROD-02288,STORE-0252,decline,-22.6,2026-04-16
SIG-00019,PROD-02519,STORE-0120,spike,26.3,2026-08-01
SIG-00020,PROD-04477,STORE-0297,spike,-0.2,2026-08-14
SIG-00021,PROD-02536,STORE-0132,spike,76.5,2026-08-04
SIG-00022,PROD-00023,STORE-0245,seasonal,-18.7,2026-01-18
SIG-00023,PROD-01992,STORE-0365,decline,-5.1,2026-03-07
SIG-00024,PROD-04841,STORE-0438,seasonal,53.9,2026-01-28
SIG-00025,PROD-01348,STORE-0483,spike,25.2,2026-02-08
SIG-00026,PROD-01634,STORE-0187,spike,22.6,2026-01-19
SIG-00027,PROD-01951,STORE-0479,spike,53.4,2026-01-25
SIG-00028,PROD-03499,STORE-0483,spike,-20.4,2026-05-04
SIG-00029,PROD-04035,STORE-0260,spike,3.8,2026-08-28
SIG-00030,PROD-03168,STORE-0390,seasonal,2.2,2026-07-04
SIG-00031,PROD-00981,STORE-0296,seasonal,58.7,2026-04-05
SIG-00032,PROD-04603,STORE-0442,seasonal,-10.1,2026-07-22
SIG-00033,PROD-03846,STORE-0136,seasonal,29.9,2026-03-03
SIG-00034,PROD-00845,STORE-0421,spike,42.4,2026-01-03
SIG-00035,PROD-04871,STORE-0309,spike,38.8,2026-01-14
SIG-00036,PROD-04084,STORE-0063,decline,71.5,2026-05-05
SIG-00037,PROD-04231,STORE-0172,seasonal,23.7,2026-03-25
SIG-00038,PROD-03227,STORE-0330,seasonal,-3.5,2026-01-17
SIG-00039,PROD-04038,STORE-0456,decline,20.4,2026-02-06
SIG-00040,PROD-04832,STORE-0155,decline,-1.9,2026-03-27
SIG-00041,PROD-04747,STORE-0427,decline,40.2,2026-08-22
SIG-00042,PROD-01708,STORE-0181,seasonal,43.4,2026-01-08
SIG-00043,PROD-04311,STORE-0379,decline,-17.2,2026-02-10
SIG-00044,PROD-01383,STORE-0350,seasonal,72.3,2026-08-07
SIG-00045,PROD-03085,STORE-0023,seasonal,72.1,2026-08-27
SIG-00046,PROD-01148,STORE-0352,seasonal,24.4,2026-04-22
SIG-00047,PROD-03089,STORE-0191,spike,5.5,2026-08-22
SIG-00048,PROD-01275,STORE-0054,spike,66.4,2026-08-22
SIG-00049,PROD-01949,STORE-0027,decline,-33.7,2026-04-16
SIG-00050,PROD-03104,STORE-0321,spike,11.0,2026-03-20
SIG-00051,PROD-03895,STORE-0311,decline,-2.0,2026-06-11
SIG-00052,PROD-00255,STORE-0051,spike,-32.2,2026-04-26
SIG-00053,PROD-04881,STORE-0447,decline,-32.9,2026-01-08
SIG-00054,PROD-00746,STORE-0488,decline,4.5,2026-05-21
SIG-00055,PROD-01717,STORE-0482,spike,11.5,2026-04-04
SIG-00056,PROD-04978,STORE-0137,spike,-18.6,2026-04-27
SIG-00057,PROD-01610,STORE-0134,decline,-1.6,2026-03-26
SIG-00058,PROD-00508,STORE-0048,spike,37.2,2026-03-02
SIG-00059,PROD-00789,STORE-0469,spike,46.2,2026-08-12
SIG-00060,PROD-01409,STORE-0107,seasonal,-18.1,2026-03-23
SIG-00061,PROD-04183,STORE-0395,decline,-30.2,2026-03-07
SIG-00062,PROD-03574,STORE-0200,spike,2.1,2026-02-14
SIG-00063,PROD-02301,STORE-0171,decline,-4.9,2026-02-10
SIG-00064,PROD-02205,STORE-0428,spike,9.1,2026-02-20
SIG-00065,PROD-00253,STORE-0484,decline,37.3,2026-04-17
SIG-00066,PROD-03438,STORE-0146,seasonal,-25.8,2026-02-19
SIG-00067,PROD-02041,STORE-0108,seasonal,-29.6,2026-02-01
SIG-00068,PROD-04474,STORE-0020,spike,9.9,2026-06-09
SIG-00069,PROD-01227,STORE-0012,decline,42.4,2026-04-28
SIG-00070,PROD-01766,STORE-0248,spike,64.5,2026-07-21
SIG-00071,PROD-00827,STORE-0056,seasonal,-38.2,2026-03-11
SIG-00072,PROD-04727,STORE-0036,spike,36.7,2026-04-25
SIG-00073,PROD-01313,STORE-0204,seasonal,69.4,2026-07-11
SIG-00074,PROD-02038,STORE-0216,spike,32.1,2026-03-28
SIG-00075,PROD-03505,STORE-0149,spike,17.7,2026-01-18
SIG-00076,PROD-00556,STORE-0010,seasonal,72.5,2026-04-06
SIG-00077,PROD-01094,STORE-0333,seasonal,56.5,2026-07-22
SIG-00078,PROD-04425,STORE-0287,spike,47.6,2026-06-16
SIG-00079,PROD-00500,STORE-0037,spike,-16.2,2026-07-23
SIG-00080,PROD-03619,STORE-0075,seasonal,56.0,2026-01-23
SIG-00081,PROD-02593,STORE-0114,seasonal,40.8,2026-06-08
SIG-00082,PROD-04744,STORE-0459,decline,37.8,2026-02-19
SIG-00083,PROD-02075,STORE-0054,spike,53.5,2026-07-10
SIG-00084,PROD-04149,STORE-0389,seasonal,24.5,2026-01-13
SIG-00085,PROD-03206,STORE-0341,seasonal,9.1,2026-05-05
SIG-00086,PROD-02633,STORE-0122,decline,63.5,2026-01-18
SIG-00087,PROD-04476,STORE-0280,decline,37.7,2026-02-01
SIG-00088,PROD-03334,STORE-0180,seasonal,-24.3,2026-06-16
SIG-00089,PROD-00477,STORE-0208,spike,73.0,2026-06-26
SIG-00090,PROD-01942,STORE-0261,seasonal,-24.0,2026-06-28
SIG-00091,PROD-01333,STORE-0243,decline,-0.8,2026-03-22
SIG-00092,PROD-00587,STORE-0129,decline,-37.6,2026-07-04
SIG-00093,PROD-04671,STORE-0413,seasonal,-15.1,2026-08-01
SIG-00094,PROD-02177,STORE-0220,spike,-22.8,2026-06-11
SIG-00095,PROD-04917,STORE-0427,decline,44.0,2026-03-10
SIG-00096,PROD-03877,STORE-0273,spike,27.9,2026-04-18
SIG-00097,PROD-00468,STORE-0372,spike,58.4,2026-05-28
SIG-00098,PROD-04486,STORE-0228,decline,-34.3,2026-08-22
SIG-00099,PROD-02182,STORE-0091,decline,18.9,2026-03-06
SIG-00100,PROD-03244,STORE-0213,decline,-20.1,2026-06-12
SIG-00101,PROD-01044,STORE-0453,seasonal,26.1,2026-01-07
SIG-00102,PROD-02224,STORE-0414,seasonal,49.6,2026-04-21
SIG-00103,PROD-00628,STORE-0333,spike,-28.6,2026-08-21
SIG-00104,PROD-02393,STORE-0219,spike,43.3,2026-04-04
SIG-00105,PROD-03695,STORE-0481,decline,15.3,2026-06-02
SIG-00106,PROD-04893,STORE-0314,decline,-30.9,2026-08-11
SIG-00107,PROD-02186,STORE-0189,seasonal,71.4,2026-04-28
SIG-00108,PROD-04717,STORE-0247,seasonal,10.4,2026-05-22
SIG-00109,PROD-02923,STORE-0064,spike,23.5,2026-06-10
SIG-00110,PROD-04730,STORE-0115,decline,16.5,2026-06-11
SIG-00111,PROD-03260,STORE-0026,decline,51.1,2026-02-06
SIG-00112,PROD-04572,STORE-0458,spike,-31.9,2026-02-13
SIG-00113,PROD-04581,STORE-0368,spike,31.2,2026-05-20
SIG-00114,PROD-04800,STORE-0234,spike,-3.3,2026-04-12
SIG-00115,PROD-01976,STORE-0491,seasonal,-11.7,2026-06-02
SIG-00116,PROD-03519,STORE-0270,decline,50.8,2026-05-23
SIG-00117,PROD-04255,STORE-0166,seasonal,41.6,2026-01-18
SIG-00118,PROD-02175,STORE-0405,spike,26.1,2026-01-19
SIG-00119,PROD-00487,STORE-0264,seasonal,-35.7,2026-04-09
SIG-00120,PROD-01672,STORE-0189,decline,25.8,2026-01-18
SIG-00121,PROD-02982,STORE-0072,seasonal,78.6,2026-08-28
SIG-00122,PROD-01948,STORE-0280,seasonal,-31.4,2026-02-02
SIG-00123,PROD-01507,STORE-0499,spike,-28.8,2026-08-20
SIG-00124,PROD-01016,STORE-0154,seasonal,51.9,2026-07-05
SIG-00125,PROD-04798,STORE-0395,spike,5.4,2026-04-01
SIG-00126,PROD-02526,STORE-0245,spike,9.3,2026-01-19
SIG-00127,PROD-01971,STORE-0462,spike,24.8,2026-05-22
SIG-00128,PROD-00791,STORE-0200,decline,68.3,2026-01-04
SIG-00129,PROD-00309,STORE-0452,spike,28.3,2026-02-18
SIG-00130,PROD-04154,STORE-0433,decline,78.2,2026-03-27
SIG-00131,PROD-04376,STORE-0275,seasonal,57.8,2026-04-21
SIG-00132,PROD-04860,STORE-0022,seasonal,-8.5,2026-02-12
SIG-00133,PROD-04801,STORE-0295,spike,2.4,2026-07-13
SIG-00134,PROD-03454,STORE-0202,spike,-10.2,2026-01-11
SIG-00135,PROD-04551,STORE-0438,seasonal,27.9,2026-02-01
SIG-00136,PROD-00418,STORE-0213,decline,12.5,2026-06-12
SIG-00137,PROD-04708,STORE-0011,spike,79.7,2026-06-12
SIG-00138,PROD-00564,STORE-0423,spike,46.6,2026-04-15
SIG-00139,PROD-01172,STORE-0296,spike,7.8,2026-07-02
SIG-00140,PROD-00170,STORE-0071,decline,-0.6,2026-07-15
SIG-00141,PROD-01072,STORE-0020,spike,-1.4,2026-06-27
SIG-00142,PROD-03170,STORE-0474,seasonal,-23.3,2026-07-12
SIG-00143,PROD-03179,STORE-0364,spike,67.0,2026-03-05
SIG-00144,PROD-01452,STORE-0152,seasonal,25.0,2026-03-20
SIG-00145,PROD-00241,STORE-0213,seasonal,42.4,2026-02-21
SIG-00146,PROD-03019,STORE-0444,decline,45.1,2026-02-28
SIG-00147,PROD-00137,STORE-0422,decline,73.0,2026-03-11
SIG-00148,PROD-01276,STORE-0485,seasonal,44.8,2026-05-06
SIG-00149,PROD-03216,STORE-0381,spike,15.8,2026-02-13
SIG-00150,PROD-00245,STORE-0320,seasonal,25.4,2026-02-17
SIG-00151,PROD-00234,STORE-0435,decline,35.4,2026-03-18
SIG-00152,PROD-03504,STORE-0182,spike,65.9,2026-06-22
SIG-00153,PROD-01785,STORE-0250,spike,56.5,2026-04-20
SIG-00154,PROD-03194,STORE-0411,decline,-17.7,2026-08-04
SIG-00155,PROD-04493,STORE-0172,seasonal,20.6,2026-01-14
SIG-00156,PROD-02718,STORE-0136,spike,4.4,2026-08-12
SIG-00157,PROD-04828,STORE-0240,spike,-8.7,2026-03-04
SIG-00158,PROD-02129,STORE-0458,seasonal,-26.7,2026-01-10
SIG-00159,PROD-04138,STORE-0225,seasonal,6.5,2026-06-15
SIG-00160,PROD-01380,STORE-0442,seasonal,-6.5,2026-02-26
SIG-00161,PROD-01058,STORE-0394,seasonal,-34.1,2026-04-06
SIG-00162,PROD-01372,STORE-0188,seasonal,76.7,2026-04-04
SIG-00163,PROD-03612,STORE-0063,spike,37.1,2026-03-08
SIG-00164,PROD-01309,STORE-0477,spike,60.5,2026-08-10
SIG-00165,PROD-04744,STORE-0444,decline,34.2,2026-04-16
SIG-00166,PROD-02165,STORE-0331,seasonal,-10.9,2026-08-25
SIG-00167,PROD-02923,STORE-0361,spike,5.2,2026-03-17
SIG-00168,PROD-03994,STORE-0174,decline,5.4,2026-08-14
SIG-00169,PROD-02609,STORE-0365,decline,-10.9,2026-01-14
SIG-00170,PROD-00104,STORE-0078,decline,4.7,2026-03-14
SIG-00171,PROD-04501,STORE-0493,spike,64.8,2026-05-02
SIG-00172,PROD-00227,STORE-0357,seasonal,55.0,2026-02-20
SIG-00173,PROD-04772,STORE-0412,seasonal,-25.3,2026-08-28
SIG-00174,PROD-00356,STORE-0014,seasonal,42.5,2026-08-23
SIG-00175,PROD-02544,STORE-0094,seasonal,-28.1,2026-05-01
SIG-00176,PROD-00603,STORE-0012,spike,76.8,2026-07-08
SIG-00177,PROD-00955,STORE-0073,seasonal,46.3,2026-07-19
SIG-00178,PROD-02667,STORE-0486,decline,-17.1,2026-08-15
SIG-00179,PROD-01070,STORE-0134,spike,26.4,2026-05-12
SIG-00180,PROD-02264,STORE-0107,seasonal,65.4,2026-08-18
SIG-00181,PROD-04857,STORE-0424,spike,23.8,2026-04-20
SIG-00182,PROD-03148,STORE-0044,spike,-27.2,2026-07-23
SIG-00183,PROD-02365,STORE-0192,spike,20.8,2026-04-20
SIG-00184,PROD-02152,STORE-0247,seasonal,16.9,2026-08-22
SIG-00185,PROD-04739,STORE-0290,decline,70.5,2026-07-25
SIG-00186,PROD-04565,STORE-0277,decline,-18.5,2026-06-27
SIG-00187,PROD-04063,STORE-0287,decline,74.2,2026-05-12
SIG-00188,PROD-01173,STORE-0339,spike,65.1,2026-07-13
SIG-00189,PROD-03217,STORE-0084,spike,1.2,2026-03-28
SIG-00190,PROD-00994,STORE-0060,seasonal,-4.6,2026-01-04
SIG-00191,PROD-00818,STORE-0395,decline,59.9,2026-02-26
SIG-00192,PROD-04435,STORE-0101,decline,-11.0,2026-05-11
SIG-00193,PROD-00617,STORE-0325,decline,19.3,2026-07-26
SIG-00194,PROD-02440,STORE-0124,decline,32.3,2026-07-17
SIG-00195,PROD-01581,STORE-0211,decline,-34.9,2026-08-25
SIG-00196,PROD-02738,STORE-0091,spike,34.3,2026-03-11
SIG-00197,PROD-04701,STORE-0431,spike,21.1,2026-03-25
SIG-00198,PROD-02480,STORE-0334,spike,49.6,2026-02-23
SIG-00199,PROD-04471,STORE-0317,decline,-26.5,2026-02-23
SIG-00200,PROD-02897,STORE-0248,decline,41.0,2026-07-20
SIG-00201,PROD-04116,STORE-0478,seasonal,-15.5,2026-03-16
SIG-00202,PROD-00546,STORE-0206,decline,22.0,2026-06-25
SIG-00203,PROD-01580,STORE-0454,spike,54.9,2026-05-01
SIG-00204,PROD-03969,STORE-0390,seasonal,13.5,2026-07-05
SIG-00205,PROD-03338,STORE-0132,decline,19.0,2026-01-19
SIG-00206,PROD-00529,STORE-0151,decline,12.6,2026-06-02
SIG-00207,PROD-01049,STORE-0001,spike,-26.0,2026-08-12
SIG-00208,PROD-04835,STORE-0453,decline,-3.4,2026-08-24
SIG-00209,PROD-04691,STORE-0309,spike,-23.2,2026-04-25
SIG-00210,PROD-02655,STORE-0034,spike,34.0,2026-07-16
SIG-00211,PROD-04316,STORE-0474,spike,2.2,2026-03-09
SIG-00212,PROD-04620,STORE-0191,seasonal,-17.0,2026-01-18
SIG-00213,PROD-04249,STORE-0103,spike,0.4,2026-02-27
SIG-00214,PROD-01303,STORE-0199,decline,23.1,2026-08-06
SIG-00215,PROD-02425,STORE-0221,seasonal,37.2,2026-01-02
SIG-00216,PROD-02322,STORE-0245,decline,3.2,2026-05-19
SIG-00217,PROD-01168,STORE-0404,spike,2.6,2026-01-07
SIG-00218,PROD-02533,STORE-0029,decline,-4.3,2026-06-07
SIG-00219,PROD-04616,STORE-0209,seasonal,27.0,2026-04-23
SIG-00220,PROD-04355,STORE-0438,decline,-1.3,2026-07-03
SIG-00221,PROD-02353,STORE-0126,decline,41.6,2026-04-15
SIG-00222,PROD-00938,STORE-0092,spike,15.3,2026-03-01
SIG-00223,PROD-02509,STORE-0319,spike,63.5,2026-05-22
SIG-00224,PROD-02048,STORE-0033,decline,-23.4,2026-02-19
SIG-00225,PROD-00483,STORE-0285,decline,79.8,2026-03-24
SIG-00226,PROD-03890,STORE-0470,seasonal,23.5,2026-06-18
SIG-00227,PROD-02210,STORE-0432,spike,63.5,2026-01-08
SIG-00228,PROD-02514,STORE-0286,seasonal,56.4,2026-08-27
SIG-00229,PROD-02755,STORE-0123,decline,13.5,2026-02-17
SIG-00230,PROD-01354,STORE-0032,seasonal,-14.3,2026-06-10
SIG-00231,PROD-02937,STORE-0273,spike,-18.9,2026-03-08
SIG-00232,PROD-03874,STORE-0058,decline,22.5,2026-01-22
SIG-00233,PROD-04182,STORE-0170,decline,-1.1,2026-06-11
SIG-00234,PROD-04846,STORE-0349,decline,62.0,2026-08-19
SIG-00235,PROD-03865,STORE-0436,seasonal,12.1,2026-07-15
SIG-00236,PROD-01136,STORE-0016,spike,45.0,2026-03-08
SIG-00237,PROD-00636,STORE-0097,spike,32.3,2026-01-24
SIG-00238,PROD-03602,STORE-0196,spike,32.2,2026-04-15
SIG-00239,PROD-00462,STORE-0016,decline,-35.7,2026-05-23
SIG-00240,PROD-04151,STORE-0088,spike,26.1,2026-07-26
SIG-00241,PROD-04219,STORE-0224,spike,74.3,2026-08-17
SIG-00242,PROD-00428,STORE-0051,spike,57.3,2026-06-06
SIG-00243,PROD-02714,STORE-0356,decline,17.3,2026-05-05
SIG-00244,PROD-02922,STORE-0252,seasonal,-12.2,2026-01-20
SIG-00245,PROD-02135,STORE-0339,seasonal,24.0,2026-07-24
SIG-00246,PROD-02576,STORE-0380,seasonal,-39.5,2026-01-23
SIG-00247,PROD-00652,STORE-0155,seasonal,7.5,2026-04-28
SIG-00248,PROD-03185,STORE-0017,seasonal,56.1,2026-07-03
SIG-00249,PROD-00148,STORE-0186,seasonal,-35.4,2026-01-10
SIG-00250,PROD-03575,STORE-0389,seasonal,-2.5,2026-02-13
SIG-00251,PROD-01787,STORE-0092,spike,79.9,2026-08-25
SIG-00252,PROD-03213,STORE-0294,seasonal,-34.8,2026-07-23
SIG-00253,PROD-00292,STORE-0032,decline,7.1,2026-07-15
SIG-00254,PROD-00700,STORE-0189,spike,50.5,2026-04-12
SIG-00255,PROD-01201,STORE-0370,decline,-2.7,2026-02-03
SIG-00256,PROD-03010,STORE-0089,decline,48.5,2026-03-06
SIG-00257,PROD-04895,STORE-0151,spike,-19.1,2026-08-22
SIG-00258,PROD-04434,STORE-0126,spike,52.8,2026-02-14
SIG-00259,PROD-02413,STORE-0153,decline,-35.4,2026-06-06
SIG-00260,PROD-03239,STORE-0202,seasonal,43.8,2026-06-28
SIG-00261,PROD-03189,STORE-0041,seasonal,35.9,2026-08-26
SIG-00262,PROD-01305,STORE-0129,seasonal,29.0,2026-06-22
SIG-00263,PROD-02377,STORE-0125,decline,77.1,2026-05-05
SIG-00264,PROD-00627,STORE-0135,decline,57.4,2026-07-11
SIG-00265,PROD-04744,STORE-0038,spike,-13.4,2026-03-09
SIG-00266,PROD-03306,STORE-0207,spike,32.4,2026-03-26
SIG-00267,PROD-04866,STORE-0181,decline,-0.1,2026-03-08
SIG-00268,PROD-00154,STORE-0194,seasonal,42.6,2026-06-06
SIG-00269,PROD-03568,STORE-0262,decline,-27.0,2026-05-25
SIG-00270,PROD-04188,STORE-0406,decline,-4.6,2026-06-02
SIG-00271,PROD-04310,STORE-0217,spike,73.2,2026-03-27
SIG-00272,PROD-01501,STORE-0309,seasonal,4.9,2026-03-27
SIG-00273,PROD-01420,STORE-0054,spike,-24.3,2026-02-14
SIG-00274,PROD-02701,STORE-0436,decline,72.7,2026-06-24
SIG-00275,PROD-01310,STORE-0015,seasonal,79.0,2026-08-03
SIG-00276,PROD-02694,STORE-0461,spike,20.2,2026-06-15
SIG-00277,PROD-04096,STORE-0288,spike,28.1,2026-03-10
SIG-00278,PROD-03765,STORE-0234,seasonal,-27.9,2026-01-07
SIG-00279,PROD-02746,STORE-0046,spike,-9.2,2026-06-26
SIG-00280,PROD-01982,STORE-0425,decline,-33.0,2026-07-23
SIG-00281,PROD-03684,STORE-0143,seasonal,2.8,2026-02-22
SIG-00282,PROD-03947,STORE-0151,seasonal,68.7,2026-07-19
SIG-00283,PROD-04602,STORE-0007,seasonal,76.0,2026-02-20
SIG-00284,PROD-03906,STORE-0465,decline,70.2,2026-07-26
SIG-00285,PROD-04449,STORE-0367,spike,63.4,2026-04-17
SIG-00286,PROD-02051,STORE-0396,decline,0.7,2026-04-08
SIG-00287,PROD-01154,STORE-0240,spike,31.4,2026-01-04
SIG-00288,PROD-04062,STORE-0385,decline,1.1,2026-05-13
SIG-00289,PROD-03963,STORE-0124,spike,33.8,2026-05-12
SIG-00290,PROD-02003,STORE-0055,seasonal,3.3,2026-04-05
SIG-00291,PROD-02168,STORE-0487,decline,41.6,2026-04-16
SIG-00292,PROD-00075,STORE-0286,seasonal,51.0,2026-01-09
SIG-00293,PROD-00602,STORE-0202,decline,25.1,2026-01-13
SIG-00294,PROD-01243,STORE-0144,seasonal,-33.6,2026-05-12
SIG-00295,PROD-00710,STORE-0053,seasonal,-26.7,2026-05-01
SIG-00296,PROD-03525,STORE-0041,decline,43.4,2026-07-27
SIG-00297,PROD-03995,STORE-0011,decline,-23.7,2026-05-20
SIG-00298,PROD-02999,STORE-0497,spike,61.3,2026-05-11
SIG-00299,PROD-01729,STORE-0139,decline,4.4,2026-06-20
SIG-00300,PROD-04374,STORE-0150,decline,7.8,2026-08-24
SIG-00301,PROD-03456,STORE-0156,spike,1.6,2026-01-17
SIG-00302,PROD-00807,STORE-0002,seasonal,76.5,2026-05-05
SIG-00303,PROD-04156,STORE-0113,decline,6.8,2026-01-09
SIG-00304,PROD-02181,STORE-0328,spike,27.1,2026-08-03
SIG-00305,PROD-00596,STORE-0289,spike,44.9,2026-01-26
SIG-00306,PROD-03441,STORE-0405,seasonal,-24.2,2026-06-24
SIG-00307,PROD-00146,STORE-0229,spike,57.6,2026-03-24
SIG-00308,PROD-04272,STORE-0359,spike,46.5,2026-06-22
SIG-00309,PROD-04188,STORE-0451,seasonal,36.5,2026-02-17
SIG-00310,PROD-00033,STORE-0368,spike,56.5,2026-07-08
SIG-00311,PROD-01740,STORE-0449,spike,28.6,2026-04-09
SIG-00312,PROD-01053,STORE-0056,decline,3.9,2026-03-22
SIG-00313,PROD-03050,STORE-0241,seasonal,-35.5,2026-05-25
SIG-00314,PROD-02866,STORE-0365,spike,-31.5,2026-08-17
SIG-00315,PROD-04626,STORE-0017,spike,4.2,2026-01-06
SIG-00316,PROD-00049,STORE-0410,decline,55.7,2026-02-04
SIG-00317,PROD-01715,STORE-0499,decline,-29.3,2026-02-22
SIG-00318,PROD-03369,STORE-0441,decline,-14.0,2026-06-03
SIG-00319,PROD-01121,STORE-0411,decline,56.0,2026-04-20
SIG-00320,PROD-04191,STORE-0129,spike,18.7,2026-07-04
SIG-00321,PROD-03017,STORE-0296,decline,-34.8,2026-01-12
SIG-00322,PROD-00091,STORE-0156,decline,-22.5,2026-01-13
SIG-00323,PROD-03523,STORE-0470,seasonal,58.4,2026-08-18
SIG-00324,PROD-02662,STORE-0480,seasonal,43.9,2026-07-28
SIG-00325,PROD-03541,STORE-0195,spike,-32.2,2026-02-15
SIG-00326,PROD-02712,STORE-0254,seasonal,0.1,2026-01-01
SIG-00327,PROD-03908,STORE-0255,seasonal,24.4,2026-01-24
SIG-00328,PROD-00765,STORE-0408,seasonal,71.0,2026-05-24
SIG-00329,PROD-01883,STORE-0413,spike,15.2,2026-06-05
SIG-00330,PROD-03292,STORE-0374,spike,9.5,2026-06-08
SIG-00331,PROD-00464,STORE-0157,decline,33.0,2026-08-03
SIG-00332,PROD-02316,STORE-0044,spike,50.1,2026-05-06
SIG-00333,PROD-04292,STORE-0466,seasonal,-25.4,2026-06-13
SIG-00334,PROD-02122,STORE-0141,seasonal,-13.5,2026-07-04
SIG-00335,PROD-01954,STORE-0316,spike,37.5,2026-08-09
SIG-00336,PROD-00300,STORE-0018,decline,53.5,2026-07-11
SIG-00337,PROD-01368,STORE-0268,seasonal,76.6,2026-01-21
SIG-00338,PROD-02454,STORE-0460,seasonal,-30.8,2026-02-14
SIG-00339,PROD-02976,STORE-0211,decline,38.1,2026-06-03
SIG-00340,PROD-00280,STORE-0021,seasonal,54.8,2026-07-06
SIG-00341,PROD-02988,STORE-0481,decline,67.5,2026-06-25
SIG-00342,PROD-03160,STORE-0067,spike,42.1,2026-07-01
SIG-00343,PROD-04953,STORE-0389,seasonal,41.4,2026-03-14
SIG-00344,PROD-03974,STORE-0455,decline,38.9,2026-05-28
SIG-00345,PROD-00810,STORE-0402,spike,-31.7,2026-08-27
SIG-00346,PROD-03201,STORE-0271,spike,-15.9,2026-06-14
SIG-00347,PROD-00884,STORE-0043,seasonal,20.3,2026-03-27
SIG-00348,PROD-04184,STORE-0481,seasonal,51.3,2026-04-11
SIG-00349,PROD-00091,STORE-0500,decline,2.6,2026-05-14
SIG-00350,PROD-04193,STORE-0232,seasonal,20.3,2026-01-26
SIG-00351,PROD-04936,STORE-0118,decline,-14.3,2026-08-18
SIG-00352,PROD-04154,STORE-0093,seasonal,-11.9,2026-05-06
SIG-00353,PROD-00603,STORE-0394,spike,57.1,2026-05-02
SIG-00354,PROD-01184,STORE-0067,spike,23.7,2026-06-14
SIG-00355,PROD-00014,STORE-0255,seasonal,-18.3,2026-03-08
SIG-00356,PROD-01921,STORE-0446,decline,36.1,2026-05-22
SIG-00357,PROD-02826,STORE-0098,spike,-14.6,2026-01-01
SIG-00358,PROD-01767,STORE-0432,spike,7.0,2026-05-22
SIG-00359,PROD-02094,STORE-0226,decline,49.2,2026-05-20
SIG-00360,PROD-01016,STORE-0093,seasonal,38.2,2026-08-04
SIG-00361,PROD-03548,STORE-0064,spike,-32.2,2026-04-18
SIG-00362,PROD-02976,STORE-0447,decline,-28.7,2026-07-01
SIG-00363,PROD-04785,STORE-0123,seasonal,21.1,2026-01-11
SIG-00364,PROD-03565,STORE-0051,spike,76.6,2026-05-11
SIG-00365,PROD-03985,STORE-0377,decline,4.1,2026-04-27
SIG-00366,PROD-01087,STORE-0009,seasonal,52.7,2026-06-21
SIG-00367,PROD-03607,STORE-0082,decline,14.1,2026-03-21
SIG-00368,PROD-00039,STORE-0219,seasonal,75.1,2026-03-26
SIG-00369,PROD-02318,STORE-0101,seasonal,47.7,2026-01-19
SIG-00370,PROD-04816,STORE-0390,decline,67.7,2026-07-19
SIG-00371,PROD-01244,STORE-0432,spike,17.9,2026-04-10
SIG-00372,PROD-03782,STORE-0403,decline,31.0,2026-03-04
SIG-00373,PROD-02225,STORE-0030,spike,40.8,2026-05-12
SIG-00374,PROD-00764,STORE-0375,decline,-34.2,2026-04-15
SIG-00375,PROD-03590,STORE-0402,seasonal,30.9,2026-02-22
SIG-00376,PROD-03390,STORE-0422,decline,25.4,2026-01-07
SIG-00377,PROD-04531,STORE-0154,spike,2.3,2026-03-04
SIG-00378,PROD-03144,STORE-0294,decline,41.6,2026-02-25
SIG-00379,PROD-03888,STORE-0357,spike,-9.6,2026-02-28
SIG-00380,PROD-02713,STORE-0148,spike,-30.0,2026-06-02
SIG-00381,PROD-03280,STORE-0336,seasonal,10.1,2026-08-02
SIG-00382,PROD-02226,STORE-0141,decline,55.0,2026-03-24
SIG-00383,PROD-03273,STORE-0385,spike,54.5,2026-07-22
SIG-00384,PROD-02331,STORE-0061,spike,30.2,2026-08-27
SIG-00385,PROD-00862,STORE-0430,decline,-23.1,2026-03-04
SIG-00386,PROD-00997,STORE-0431,decline,26.0,2026-08-22
SIG-00387,PROD-01656,STORE-0331,spike,-37.4,2026-07-04
SIG-00388,PROD-00011,STORE-0481,seasonal,42.5,2026-02-22
SIG-00389,PROD-02872,STORE-0231,decline,25.9,2026-04-08
SIG-00390,PROD-03488,STORE-0434,decline,64.3,2026-07-21
SIG-00391,PROD-04244,STORE-0131,spike,-36.9,2026-04-14
SIG-00392,PROD-00327,STORE-0471,decline,44.3,2026-07-17
SIG-00393,PROD-03925,STORE-0334,spike,-28.3,2026-03-18
SIG-00394,PROD-01715,STORE-0185,seasonal,34.5,2026-06-04
SIG-00395,PROD-03909,STORE-0364,spike,-2.3,2026-04-19
SIG-00396,PROD-00433,STORE-0315,decline,22.9,2026-07-14
SIG-00397,PROD-03656,STORE-0326,decline,2.2,2026-02-01
SIG-00398,PROD-02621,STORE-0454,decline,11.1,2026-04-19
SIG-00399,PROD-03105,STORE-0259,decline,-19.3,2026-03-12
SIG-00400,PROD-04300,STORE-0406,spike,-5.7,2026-05-15
SIG-00401,PROD-01063,STORE-0068,spike,47.2,2026-02-17
SIG-00402,PROD-02870,STORE-0201,decline,53.9,2026-05-16
SIG-00403,PROD-03950,STORE-0111,seasonal,-23.2,2026-03-12
SIG-00404,PROD-00254,STORE-0491,seasonal,-24.2,2026-08-05
SIG-00405,PROD-03488,STORE-0445,spike,66.3,2026-04-12
SIG-00406,PROD-03926,STORE-0345,seasonal,64.3,2026-03-17
SIG-00407,PROD-04977,STORE-0270,seasonal,-10.0,2026-08-22
SIG-00408,PROD-01050,STORE-0077,seasonal,4.9,2026-08-17
SIG-00409,PROD-03893,STORE-0431,decline,-2.0,2026-01-22
SIG-00410,PROD-01859,STORE-0027,spike,47.1,2026-08-07
SIG-00411,PROD-03345,STORE-0299,seasonal,0.8,2026-08-27
SIG-00412,PROD-04921,STORE-0050,spike,60.2,2026-03-08
SIG-00413,PROD-04902,STORE-0004,decline,15.6,2026-05-19
SIG-00414,PROD-01499,STORE-0037,seasonal,2.4,2026-04-11
SIG-00415,PROD-02638,STORE-0016,seasonal,65.3,2026-06-11
SIG-00416,PROD-00915,STORE-0409,seasonal,61.8,2026-05-25
SIG-00417,PROD-01547,STORE-0284,spike,25.0,2026-01-17
SIG-00418,PROD-00837,STORE-0299,seasonal,70.7,2026-06-26
SIG-00419,PROD-02123,STORE-0249,seasonal,32.4,2026-08-15
SIG-00420,PROD-00400,STORE-0165,seasonal,-34.3,2026-02-16
SIG-00421,PROD-03005,STORE-0399,seasonal,73.1,2026-01-01
SIG-00422,PROD-04276,STORE-0192,decline,76.8,2026-06-05
SIG-00423,PROD-02976,STORE-0165,spike,46.4,2026-01-14
SIG-00424,PROD-00499,STORE-0046,seasonal,20.7,2026-04-25
SIG-00425,PROD-03121,STORE-0199,seasonal,10.6,2026-06-21
SIG-00426,PROD-03767,STORE-0245,decline,59.0,2026-04-22
SIG-00427,PROD-01031,STORE-0020,seasonal,4.2,2026-01-17
SIG-00428,PROD-00500,STORE-0224,spike,-39.3,2026-02-12
SIG-00429,PROD-01371,STORE-0105,spike,76.0,2026-01-17
SIG-00430,PROD-01958,STORE-0058,seasonal,58.2,2026-04-22
SIG-00431,PROD-03902,STORE-0028,decline,79.0,2026-07-19
SIG-00432,PROD-03077,STORE-0022,seasonal,70.8,2026-04-22
SIG-00433,PROD-04151,STORE-0475,decline,-1.4,2026-02-04
SIG-00434,PROD-02046,STORE-0251,spike,38.8,2026-01-07
SIG-00435,PROD-03813,STORE-0356,decline,79.2,2026-03-17
SIG-00436,PROD-00281,STORE-0306,decline,65.3,2026-05-12
SIG-00437,PROD-04399,STORE-0166,decline,11.0,2026-02-16
SIG-00438,PROD-01036,STORE-0175,decline,79.0,2026-01-12
SIG-00439,PROD-03986,STORE-0402,decline,41.3,2026-05-17
SIG-00440,PROD-01899,STORE-0067,decline,67.5,2026-02-23
SIG-00441,PROD-03926,STORE-0316,spike,33.9,2026-05-11
SIG-00442,PROD-04635,STORE-0140,decline,43.5,2026-01-13
SIG-00443,PROD-04283,STORE-0213,spike,13.0,2026-03-28
SIG-00444,PROD-01652,STORE-0012,seasonal,78.2,2026-05-27
SIG-00445,PROD-01419,STORE-0234,decline,52.9,2026-07-01
SIG-00446,PROD-02798,STORE-0195,seasonal,-5.0,2026-01-18
SIG-00447,PROD-02448,STORE-0252,spike,-3.4,2026-02-28
SIG-00448,PROD-00731,STORE-0102,spike,46.3,2026-01-15
SIG-00449,PROD-01081,STORE-0440,decline,-0.1,2026-01-15
SIG-00450,PROD-02675,STORE-0203,seasonal,14.1,2026-08-02
SIG-00451,PROD-02528,STORE-0258,decline,50.8,2026-06-15
SIG-00452,PROD-01997,STORE-0175,spike,42.5,2026-06-11
SIG-00453,PROD-00117,STORE-0482,decline,52.6,2026-03-20
SIG-00454,PROD-03942,STORE-0343,decline,14.3,2026-08-01
SIG-00455,PROD-04854,STORE-0474,spike,-37.4,2026-06-28
SIG-00456,PROD-04131,STORE-0349,seasonal,28.3,2026-06-28
SIG-00457,PROD-00832,STORE-0409,seasonal,-25.6,2026-08-16
SIG-00458,PROD-03684,STORE-0397,spike,45.3,2026-03-09
SIG-00459,PROD-03646,STORE-0002,spike,57.0,2026-08-08
SIG-00460,PROD-01103,STORE-0468,spike,-19.8,2026-02-26
SIG-00461,PROD-02853,STORE-0165,seasonal,-10.5,2026-07-16
SIG-00462,PROD-04307,STORE-0195,spike,50.8,2026-08-23
SIG-00463,PROD-03776,STORE-0386,decline,-36.6,2026-04-13
SIG-00464,PROD-01259,STORE-0046,decline,-39.6,2026-02-11
SIG-00465,PROD-04861,STORE-0016,seasonal,27.3,2026-06-21
SIG-00466,PROD-02779,STORE-0316,decline,-22.4,2026-05-23
SIG-00467,PROD-04782,STORE-0488,spike,-1.9,2026-08-16
SIG-00468,PROD-03671,STORE-0475,spike,15.6,2026-08-03
SIG-00469,PROD-03491,STORE-0376,seasonal,63.7,2026-05-09
SIG-00470,PROD-00733,STORE-0448,spike,-23.1,2026-07-06
SIG-00471,PROD-03019,STORE-0381,seasonal,-31.0,2026-02-05
SIG-00472,PROD-04920,STORE-0350,seasonal,-20.7,2026-01-06
SIG-00473,PROD-01464,STORE-0342,seasonal,41.2,2026-05-04
SIG-00474,PROD-04229,STORE-0168,decline,1.7,2026-08-10
SIG-00475,PROD-03569,STORE-0425,spike,79.3,2026-01-21
SIG-00476,PROD-04180,STORE-0468,decline,-22.1,2026-05-05
SIG-00477,PROD-04218,STORE-0131,decline,-2.1,2026-02-23
SIG-00478,PROD-02903,STORE-0037,spike,3.4,2026-02-16
SIG-00479,PROD-01814,STORE-0212,spike,-30.1,2026-08-28
SIG-00480,PROD-00639,STORE-0403,spike,-20.5,2026-07-25
SIG-00481,PROD-00475,STORE-0392,decline,-20.7,2026-03-13
SIG-00482,PROD-03762,STORE-0212,spike,-12.5,2026-06-13
SIG-00483,PROD-02051,STORE-0070,seasonal,-11.2,2026-02-25
SIG-00484,PROD-02280,STORE-0108,seasonal,41.4,2026-03-21
SIG-00485,PROD-00833,STORE-0106,seasonal,25.6,2026-02-03
SIG-00486,PROD-02598,STORE-0212,decline,-0.0,2026-04-18
SIG-00487,PROD-03856,STORE-0113,spike,33.1,2026-05-27
SIG-00488,PROD-02571,STORE-0364,seasonal,67.0,2026-06-05
SIG-00489,PROD-03547,STORE-0158,seasonal,9.4,2026-04-11
SIG-00490,PROD-04706,STORE-0032,spike,30.7,2026-04-28
SIG-00491,PROD-03089,STORE-0284,spike,3.5,2026-03-04
SIG-00492,PROD-00454,STORE-0075,decline,44.4,2026-01-06
SIG-00493,PROD-03867,STORE-0408,decline,-3.1,2026-07-16
SIG-00494,PROD-00641,STORE-0147,decline,61.8,2026-03-17
SIG-00495,PROD-00699,STORE-0067,spike,32.1,2026-07-08
SIG-00496,PROD-02771,STORE-0346,decline,10.5,2026-05-09
SIG-00497,PROD-02534,STORE-0370,spike,33.7,2026-01-09
SIG-00498,PROD-01312,STORE-0388,decline,-36.7,2026-04-16
SIG-00499,PROD-04851,STORE-0211,spike,77.9,2026-06-05
SIG-00500,PROD-04215,STORE-0349,decline,55.3,2026-03-12
SIG-00501,PROD-04067,STORE-0099,spike,4.7,2026-03-01
SIG-00502,PROD-02672,STORE-0446,decline,-20.8,2026-07-28
SIG-00503,PROD-04995,STORE-0119,spike,27.9,2026-01-12
SIG-00504,PROD-00521,STORE-0303,seasonal,45.0,2026-02-17
SIG-00505,PROD-03239,STORE-0172,decline,42.3,2026-06-05
SIG-00506,PROD-04373,STORE-0225,spike,-32.1,2026-03-01
SIG-00507,PROD-02307,STORE-0230,seasonal,-17.0,2026-06-07
SIG-00508,PROD-04897,STORE-0476,seasonal,-30.3,2026-01-15
SIG-00509,PROD-04341,STORE-0331,spike,15.9,2026-03-08
SIG-00510,PROD-04669,STORE-0170,spike,23.9,2026-08-22
SIG-00511,PROD-00126,STORE-0344,spike,-30.3,2026-04-08
SIG-00512,PROD-04016,STORE-0475,spike,59.2,2026-02-20
SIG-00513,PROD-04016,STORE-0125,decline,66.8,2026-07-03
SIG-00514,PROD-03079,STORE-0464,spike,-25.8,2026-06-09
SIG-00515,PROD-02546,STORE-0121,seasonal,75.8,2026-02-21
SIG-00516,PROD-01342,STORE-0321,spike,70.7,2026-02-11
SIG-00517,PROD-01174,STORE-0270,seasonal,32.3,2026-08-26
SIG-00518,PROD-03736,STORE-0336,spike,-27.1,2026-07-25
SIG-00519,PROD-04263,STORE-0271,decline,-11.5,2026-06-01
SIG-00520,PROD-03629,STORE-0265,seasonal,75.4,2026-04-19
SIG-00521,PROD-02568,STORE-0458,seasonal,-30.6,2026-01-02
SIG-00522,PROD-03753,STORE-0374,decline,-8.0,2026-07-22
SIG-00523,PROD-02289,STORE-0033,spike,79.5,2026-04-09
SIG-00524,PROD-03828,STORE-0479,spike,70.8,2026-04-28
SIG-00525,PROD-04365,STORE-0476,decline,-38.4,2026-06-07
SIG-00526,PROD-04788,STORE-0065,seasonal,7.1,2026-07-17
SIG-00527,PROD-04847,STORE-0343,spike,-18.1,2026-08-24
SIG-00528,PROD-03878,STORE-0267,spike,41.9,2026-08-05
SIG-00529,PROD-01072,STORE-0321,seasonal,47.7,2026-03-04
SIG-00530,PROD-03799,STORE-0001,spike,18.3,2026-01-10
SIG-00531,PROD-03817,STORE-0114,decline,-34.1,2026-02-05
SIG-00532,PROD-00359,STORE-0438,spike,-39.0,2026-01-18
SIG-00533,PROD-01170,STORE-0424,decline,-29.5,2026-04-18
SIG-00534,PROD-01426,STORE-0208,seasonal,57.6,2026-02-13
SIG-00535,PROD-00231,STORE-0311,spike,26.8,2026-05-05
SIG-00536,PROD-01741,STORE-0300,spike,23.2,2026-03-17
SIG-00537,PROD-04866,STORE-0274,decline,78.0,2026-07-02
SIG-00538,PROD-03256,STORE-0004,seasonal,56.9,2026-07-16
SIG-00539,PROD-00818,STORE-0194,seasonal,71.6,2026-02-22
SIG-00540,PROD-00875,STORE-0077,seasonal,-27.0,2026-08-26
SIG-00541,PROD-01325,STORE-0424,decline,79.0,2026-07-16
SIG-00542,PROD-00878,STORE-0394,seasonal,41.7,2026-04-15
SIG-00543,PROD-04496,STORE-0344,seasonal,-28.0,2026-06-23
SIG-00544,PROD-01619,STORE-0003,decline,-24.4,2026-05-14
SIG-00545,PROD-03962,STORE-0257,seasonal,23.4,2026-03-17
SIG-00546,PROD-02086,STORE-0366,decline,21.4,2026-04-01
SIG-00547,PROD-03276,STORE-0461,seasonal,60.1,2026-06-14
SIG-00548,PROD-04740,STORE-0095,spike,61.4,2026-05-02
SIG-00549,PROD-01578,STORE-0044,seasonal,17.1,2026-08-24
SIG-00550,PROD-00541,STORE-0021,seasonal,1.7,2026-01-25
SIG-00551,PROD-03461,STORE-0175,spike,34.0,2026-01-27
SIG-00552,PROD-01087,STORE-0314,seasonal,-10.8,2026-04-11
SIG-00553,PROD-02148,STORE-0369,spike,15.5,2026-08-02
SIG-00554,PROD-00683,STORE-0391,seasonal,-36.8,2026-05-24
SIG-00555,PROD-00992,STORE-0441,seasonal,0.4,2026-03-20
SIG-00556,PROD-02344,STORE-0288,decline,65.7,2026-03-19
SIG-00557,PROD-00009,STORE-0278,decline,32.7,2026-01-02
SIG-00558,PROD-02763,STORE-0035,seasonal,61.7,2026-07-24
SIG-00559,PROD-00008,STORE-0152,seasonal,32.9,2026-07-23
SIG-00560,PROD-00584,STORE-0258,decline,54.7,2026-02-03
SIG-00561,PROD-00578,STORE-0138,spike,-18.4,2026-02-20
SIG-00562,PROD-03352,STORE-0253,spike,23.3,2026-06-16
SIG-00563,PROD-02638,STORE-0315,decline,44.8,2026-05-06
SIG-00564,PROD-00665,STORE-0317,seasonal,53.3,2026-05-07
SIG-00565,PROD-03015,STORE-0248,spike,17.4,2026-05-18
SIG-00566,PROD-03621,STORE-0113,spike,75.9,2026-02-24
SIG-00567,PROD-02267,STORE-0022,spike,43.6,2026-01-04
SIG-00568,PROD-04528,STORE-0172,seasonal,52.0,2026-05-14
SIG-00569,PROD-03882,STORE-0213,decline,72.0,2026-07-24
SIG-00570,PROD-01399,STORE-0271,seasonal,-30.9,2026-07-13
SIG-00571,PROD-03616,STORE-0486,seasonal,-5.5,2026-04-19
SIG-00572,PROD-00099,STORE-0081,decline,13.7,2026-05-10
SIG-00573,PROD-01345,STORE-0279,spike,-1.0,2026-07-09
SIG-00574,PROD-03122,STORE-0063,seasonal,-24.2,2026-05-05
SIG-00575,PROD-00138,STORE-0311,spike,30.7,2026-08-07
SIG-00576,PROD-01161,STORE-0036,seasonal,27.9,2026-05-25
SIG-00577,PROD-02948,STORE-0130,spike,-19.5,2026-07-14
SIG-00578,PROD-02050,STORE-0242,spike,57.6,2026-07-18
SIG-00579,PROD-01650,STORE-0218,seasonal,-29.7,2026-01-16
SIG-00580,PROD-02634,STORE-0336,spike,-35.7,2026-07-04
SIG-00581,PROD-02802,STORE-0187,spike,54.1,2026-07-16
SIG-00582,PROD-02987,STORE-0301,seasonal,2.3,2026-08-14
SIG-00583,PROD-01707,STORE-0370,spike,70.1,2026-04-27
SIG-00584,PROD-02552,STORE-0207,seasonal,79.2,2026-06-06
SIG-00585,PROD-01402,STORE-0424,seasonal,52.7,2026-01-17
SIG-00586,PROD-02625,STORE-0115,decline,9.2,2026-07-19
SIG-00587,PROD-04660,STORE-0440,spike,-14.0,2026-06-27
SIG-00588,PROD-03583,STORE-0330,decline,40.6,2026-03-28
SIG-00589,PROD-01870,STORE-0127,seasonal,31.5,2026-05-19
SIG-00590,PROD-03008,STORE-0172,spike,44.3,2026-01-02
SIG-00591,PROD-00990,STORE-0039,decline,30.1,2026-07-04
SIG-00592,PROD-02289,STORE-0450,decline,-1.8,2026-01-27
SIG-00593,PROD-03690,STORE-0186,seasonal,76.6,2026-03-21
SIG-00594,PROD-04652,STORE-0004,spike,-38.0,2026-08-25
SIG-00595,PROD-04605,STORE-0319,seasonal,14.4,2026-07-23
SIG-00596,PROD-03886,STORE-0096,spike,-12.3,2026-04-20
SIG-00597,PROD-01844,STORE-0265,decline,78.3,2026-04-26
SIG-00598,PROD-02898,STORE-0087,spike,39.4,2026-08-26
SIG-00599,PROD-02373,STORE-0257,spike,40.2,2026-02-17
SIG-00600,PROD-01098,STORE-0453,spike,35.6,2026-08-03
SIG-00601,PROD-03758,STORE-0023,decline,-15.9,2026-01-28
SIG-00602,PROD-04438,STORE-0475,spike,13.3,2026-04-16
SIG-00603,PROD-00896,STORE-0298,decline,-23.7,2026-02-19
SIG-00604,PROD-03158,STORE-0265,spike,-26.8,2026-01-17
SIG-00605,PROD-04381,STORE-0367,spike,52.3,2026-04-06
SIG-00606,PROD-01677,STORE-0315,seasonal,53.9,2026-02-19
SIG-00607,PROD-00526,STORE-0211,spike,19.1,2026-04-09
SIG-00608,PROD-00830,STORE-0021,seasonal,64.7,2026-01-07
SIG-00609,PROD-01686,STORE-0222,decline,67.4,2026-04-20
SIG-00610,PROD-04508,STORE-0046,decline,51.8,2026-07-15
SIG-00611,PROD-03629,STORE-0388,seasonal,54.6,2026-05-23
SIG-00612,PROD-00721,STORE-0112,spike,38.6,2026-04-11
SIG-00613,PROD-04211,STORE-0396,decline,66.1,2026-05-20
SIG-00614,PROD-01220,STORE-0181,decline,74.5,2026-06-20
SIG-00615,PROD-00203,STORE-0169,spike,-27.4,2026-03-20
SIG-00616,PROD-03673,STORE-0014,seasonal,42.5,2026-02-07
SIG-00617,PROD-04435,STORE-0190,decline,39.5,2026-05-21
SIG-00618,PROD-04915,STORE-0409,decline,58.6,2026-06-18
SIG-00619,PROD-03746,STORE-0064,decline,-36.5,2026-06-02
SIG-00620,PROD-00413,STORE-0344,seasonal,38.6,2026-04-16
SIG-00621,PROD-01430,STORE-0238,decline,26.1,2026-01-26
SIG-00622,PROD-02505,STORE-0108,seasonal,45.7,2026-06-04
SIG-00623,PROD-02200,STORE-0358,decline,-14.1,2026-02-12
SIG-00624,PROD-04896,STORE-0357,decline,-27.7,2026-06-13
SIG-00625,PROD-00812,STORE-0058,spike,-35.9,2026-04-16
SIG-00626,PROD-01699,STORE-0077,decline,-25.1,2026-06-05
SIG-00627,PROD-02678,STORE-0271,decline,8.1,2026-01-05
SIG-00628,PROD-00158,STORE-0187,seasonal,-11.2,2026-08-21
SIG-00629,PROD-00540,STORE-0211,seasonal,-29.1,2026-01-27
SIG-00630,PROD-01562,STORE-0225,spike,60.9,2026-01-12
SIG-00631,PROD-01101,STORE-0483,spike,-2.3,2026-07-25
SIG-00632,PROD-01534,STORE-0138,seasonal,74.1,2026-02-14
SIG-00633,PROD-01408,STORE-0332,spike,28.9,2026-01-16
SIG-00634,PROD-01792,STORE-0050,decline,24.1,2026-04-18
SIG-00635,PROD-01980,STORE-0127,seasonal,29.2,2026-07-15
SIG-00636,PROD-03914,STORE-0090,decline,-27.4,2026-08-17
SIG-00637,PROD-04462,STORE-0376,decline,-34.3,2026-01-07
SIG-00638,PROD-03832,STORE-0170,seasonal,47.6,2026-05-28
SIG-00639,PROD-04354,STORE-0356,decline,-24.5,2026-06-20
SIG-00640,PROD-00261,STORE-0156,decline,-19.0,2026-07-03
SIG-00641,PROD-02064,STORE-0177,decline,30.8,2026-07-03
SIG-00642,PROD-00160,STORE-0085,decline,50.8,2026-01-21
SIG-00643,PROD-04031,STORE-0409,decline,9.3,2026-06-25
SIG-00644,PROD-02707,STORE-0026,seasonal,-9.5,2026-07-01
SIG-00645,PROD-02145,STORE-0111,decline,10.2,2026-05-11
SIG-00646,PROD-04924,STORE-0086,seasonal,-18.4,2026-04-19
SIG-00647,PROD-01077,STORE-0022,decline,45.1,2026-04-16
SIG-00648,PROD-00886,STORE-0465,seasonal,0.1,2026-02-08
SIG-00649,PROD-03302,STORE-0107,spike,0.3,2026-04-17
SIG-00650,PROD-04607,STORE-0458,seasonal,-28.7,2026-05-12
SIG-00651,PROD-00613,STORE-0276,decline,58.5,2026-01-21
SIG-00652,PROD-00365,STORE-0198,decline,-2.8,2026-05-19
SIG-00653,PROD-00352,STORE-0025,spike,-25.6,2026-08-25
SIG-00654,PROD-04806,STORE-0385,spike,60.9,2026-07-28
SIG-00655,PROD-03728,STORE-0227,decline,37.8,2026-08-22
SIG-00656,PROD-04158,STORE-0323,seasonal,55.4,2026-04-06
SIG-00657,PROD-03718,STORE-0045,seasonal,60.6,2026-07-25
SIG-00658,PROD-00819,STORE-0294,decline,-18.9,2026-06-08
SIG-00659,PROD-01875,STORE-0356,decline,-9.2,2026-06-28
SIG-00660,PROD-01788,STORE-0259,decline,30.1,2026-04-07
SIG-00661,PROD-04441,STORE-0170,spike,-12.5,2026-01-25
SIG-00662,PROD-03400,STORE-0384,decline,-25.7,2026-06-24
SIG-00663,PROD-00033,STORE-0226,spike,-11.5,2026-02-13
SIG-00664,PROD-01940,STORE-0349,spike,56.4,2026-05-09
SIG-00665,PROD-02049,STORE-0314,decline,5.9,2026-04-05
SIG-00666,PROD-01372,STORE-0445,seasonal,-28.3,2026-03-19
SIG-00667,PROD-00503,STORE-0052,seasonal,-26.8,2026-03-04
SIG-00668,PROD-01622,STORE-0081,spike,-0.1,2026-05-06
SIG-00669,PROD-03136,STORE-0017,spike,22.6,2026-07-15
SIG-00670,PROD-02790,STORE-0222,seasonal,-35.1,2026-03-17
SIG-00671,PROD-03755,STORE-0213,spike,-31.1,2026-05-18
SIG-00672,PROD-00920,STORE-0262,decline,-32.3,2026-02-02
SIG-00673,PROD-03690,STORE-0231,spike,0.6,2026-04-22
SIG-00674,PROD-02458,STORE-0386,seasonal,-12.1,2026-02-05
SIG-00675,PROD-01170,STORE-0316,seasonal,15.3,2026-05-20
SIG-00676,PROD-03098,STORE-0316,spike,-27.6,2026-02-26
SIG-00677,PROD-01773,STORE-0187,seasonal,-29.7,2026-08-04
SIG-00678,PROD-04392,STORE-0192,seasonal,-23.0,2026-01-09
SIG-00679,PROD-02673,STORE-0248,seasonal,-38.5,2026-04-15
SIG-00680,PROD-00565,STORE-0175,spike,14.6,2026-04-27
SIG-00681,PROD-03525,STORE-0438,spike,8.7,2026-05-05
SIG-00682,PROD-00670,STORE-0316,spike,77.1,2026-03-14
SIG-00683,PROD-04046,STORE-0290,decline,-27.9,2026-03-18
SIG-00684,PROD-03147,STORE-0315,seasonal,73.0,2026-03-25
SIG-00685,PROD-04220,STORE-0435,decline,43.2,2026-07-14
SIG-00686,PROD-02709,STORE-0366,spike,-20.6,2026-01-12
SIG-00687,PROD-00234,STORE-0348,spike,-34.2,2026-07-04
SIG-00688,PROD-01025,STORE-0391,seasonal,8.4,2026-01-22
SIG-00689,PROD-01540,STORE-0348,decline,-38.6,2026-02-12
SIG-00690,PROD-00328,STORE-0204,decline,-20.1,2026-01-07
SIG-00691,PROD-03979,STORE-0351,decline,72.5,2026-08-17
SIG-00692,PROD-03367,STORE-0358,decline,21.2,2026-06-25
SIG-00693,PROD-00402,STORE-0193,spike,15.6,2026-07-07
SIG-00694,PROD-03083,STORE-0375,decline,21.5,2026-01-13
SIG-00695,PROD-01763,STORE-0067,spike,1.9,2026-06-25
SIG-00696,PROD-03094,STORE-0349,seasonal,1.3,2026-02-20
SIG-00697,PROD-02681,STORE-0482,decline,-4.8,2026-02-15
SIG-00698,PROD-01794,STORE-0003,seasonal,48.4,2026-06-24
SIG-00699,PROD-01174,STORE-0279,decline,-17.8,2026-08-01
SIG-00700,PROD-03610,STORE-0392,decline,66.7,2026-03-09
SIG-00701,PROD-01095,STORE-0163,decline,47.6,2026-02-23
SIG-00702,PROD-02342,STORE-0013,seasonal,-24.2,2026-02-18
SIG-00703,PROD-02472,STORE-0248,spike,-26.8,2026-02-07
SIG-00704,PROD-01193,STORE-0051,spike,-18.9,2026-04-26
SIG-00705,PROD-02015,STORE-0317,seasonal,59.3,2026-03-15
SIG-00706,PROD-03460,STORE-0455,decline,-1.9,2026-05-22
SIG-00707,PROD-03243,STORE-0077,seasonal,35.4,2026-05-15
SIG-00708,PROD-02014,STORE-0424,seasonal,38.9,2026-04-16
SIG-00709,PROD-03393,STORE-0055,decline,-15.8,2026-04-02
SIG-00710,PROD-00750,STORE-0004,seasonal,-16.4,2026-03-19
SIG-00711,PROD-02786,STORE-0067,spike,-17.9,2026-06-26
SIG-00712,PROD-00792,STORE-0397,spike,-2.8,2026-07-05
SIG-00713,PROD-03822,STORE-0163,decline,61.6,2026-02-05
SIG-00714,PROD-02865,STORE-0124,decline,45.5,2026-02-06
SIG-00715,PROD-04599,STORE-0467,spike,27.9,2026-07-11
SIG-00716,PROD-01349,STORE-0308,seasonal,-6.6,2026-06-28
SIG-00717,PROD-03243,STORE-0087,decline,43.9,2026-06-24
SIG-00718,PROD-04010,STORE-0305,seasonal,41.2,2026-02-13
SIG-00719,PROD-01062,STORE-0035,seasonal,59.4,2026-06-20
SIG-00720,PROD-02611,STORE-0132,spike,42.2,2026-02-27
SIG-00721,PROD-03689,STORE-0490,spike,-12.0,2026-06-12
SIG-00722,PROD-01108,STORE-0019,seasonal,66.6,2026-08-04
SIG-00723,PROD-04869,STORE-0432,seasonal,-15.3,2026-06-19
SIG-00724,PROD-02496,STORE-0072,seasonal,39.6,2026-06-24
SIG-00725,PROD-04519,STORE-0113,seasonal,8.8,2026-08-27
SIG-00726,PROD-03703,STORE-0349,decline,-3.4,2026-08-13
SIG-00727,PROD-02303,STORE-0232,seasonal,8.1,2026-07-05
SIG-00728,PROD-01183,STORE-0021,seasonal,-28.2,2026-06-05
SIG-00729,PROD-03065,STORE-0273,decline,7.0,2026-03-16
SIG-00730,PROD-03360,STORE-0321,decline,-26.4,2026-08-24
SIG-00731,PROD-03062,STORE-0319,spike,26.3,2026-05-26
SIG-00732,PROD-03376,STORE-0488,decline,-39.0,2026-07-04
SIG-00733,PROD-02177,STORE-0073,decline,-3.8,2026-01-06
SIG-00734,PROD-00120,STORE-0350,spike,33.4,2026-02-12
SIG-00735,PROD-04371,STORE-0263,decline,31.0,2026-05-23
SIG-00736,PROD-02526,STORE-0417,seasonal,38.5,2026-07-25
SIG-00737,PROD-01781,STORE-0027,spike,-37.1,2026-07-22
SIG-00738,PROD-04640,STORE-0366,decline,58.6,2026-08-10
SIG-00739,PROD-00148,STORE-0205,seasonal,48.3,2026-08-18
SIG-00740,PROD-01105,STORE-0434,spike,52.0,2026-04-20
SIG-00741,PROD-00078,STORE-0406,spike,-4.6,2026-06-02
SIG-00742,PROD-01774,STORE-0430,seasonal,10.5,2026-05-22
SIG-00743,PROD-03797,STORE-0352,spike,34.2,2026-07-06
SIG-00744,PROD-00392,STORE-0027,decline,19.1,2026-07-04
SIG-00745,PROD-01218,STORE-0323,decline,-2.9,2026-01-03
SIG-00746,PROD-04128,STORE-0296,spike,69.0,2026-06-28
SIG-00747,PROD-00412,STORE-0480,seasonal,73.6,2026-04-28
SIG-00748,PROD-04886,STORE-0321,decline,56.5,2026-04-01
SIG-00749,PROD-01382,STORE-0377,seasonal,29.7,2026-08-08
SIG-00750,PROD-04216,STORE-0193,decline,47.9,2026-01-18
SIG-00751,PROD-03912,STORE-0203,spike,-28.0,2026-01-02
SIG-00752,PROD-03115,STORE-0065,decline,-21.7,2026-05-05
SIG-00753,PROD-01503,STORE-0357,decline,62.8,2026-04-15
SIG-00754,PROD-03635,STORE-0382,seasonal,31.6,2026-05-01
SIG-00755,PROD-04538,STORE-0350,seasonal,11.7,2026-03-12
SIG-00756,PROD-02747,STORE-0036,decline,-3.7,2026-02-01
SIG-00757,PROD-02344,STORE-0080,decline,27.9,2026-07-19
SIG-00758,PROD-03543,STORE-0223,spike,64.9,2026-04-23
SIG-00759,PROD-04783,STORE-0091,spike,-24.7,2026-05-08
SIG-00760,PROD-04539,STORE-0210,spike,71.1,2026-04-11
SIG-00761,PROD-04704,STORE-0343,spike,-37.1,2026-05-05
SIG-00762,PROD-04054,STORE-0488,decline,66.4,2026-02-17
SIG-00763,PROD-00275,STORE-0212,decline,37.6,2026-05-06
SIG-00764,PROD-01244,STORE-0320,decline,72.7,2026-05-25
SIG-00765,PROD-04381,STORE-0034,seasonal,18.1,2026-02-23
SIG-00766,PROD-03529,STORE-0129,spike,44.7,2026-03-05
SIG-00767,PROD-02014,STORE-0028,seasonal,35.3,2026-06-26
SIG-00768,PROD-02849,STORE-0255,seasonal,50.5,2026-03-07
SIG-00769,PROD-00741,STORE-0174,seasonal,38.8,2026-01-17
SIG-00770,PROD-00867,STORE-0282,seasonal,39.3,2026-04-20
SIG-00771,PROD-00479,STORE-0072,decline,-35.8,2026-07-16
SIG-00772,PROD-02857,STORE-0439,spike,56.4,2026-02-27
SIG-00773,PROD-04632,STORE-0165,decline,-12.9,2026-08-15
SIG-00774,PROD-00435,STORE-0185,spike,-37.7,2026-03-24
SIG-00775,PROD-04019,STORE-0462,seasonal,60.1,2026-04-20
SIG-00776,PROD-03163,STORE-0264,decline,32.2,2026-06-28
SIG-00777,PROD-01373,STORE-0040,decline,-20.8,2026-04-12
SIG-00778,PROD-02684,STORE-0434,decline,2.5,2026-02-09
SIG-00779,PROD-00279,STORE-0366,spike,3.1,2026-06-13
SIG-00780,PROD-01445,STORE-0051,seasonal,-35.6,2026-08-22
SIG-00781,PROD-02449,STORE-0439,spike,43.6,2026-01-20
SIG-00782,PROD-03987,STORE-0374,spike,-36.0,2026-02-28
SIG-00783,PROD-01746,STORE-0462,decline,-29.0,2026-05-05
SIG-00784,PROD-02056,STORE-0175,spike,41.3,2026-07-20
SIG-00785,PROD-03957,STORE-0314,seasonal,33.9,2026-06-09
SIG-00786,PROD-04582,STORE-0161,spike,18.7,2026-01-04
SIG-00787,PROD-03420,STORE-0282,seasonal,16.4,2026-06-21
SIG-00788,PROD-03530,STORE-0246,decline,32.3,2026-04-20
SIG-00789,PROD-01249,STORE-0469,decline,27.4,2026-07-27
SIG-00790,PROD-04111,STORE-0257,decline,-30.6,2026-07-24
SIG-00791,PROD-01844,STORE-0195,spike,5.6,2026-05-12
SIG-00792,PROD-03901,STORE-0418,seasonal,-16.9,2026-08-20
SIG-00793,PROD-03526,STORE-0281,decline,-1.9,2026-04-14
SIG-00794,PROD-02574,STORE-0055,spike,65.7,2026-06-12
SIG-00795,PROD-01572,STORE-0210,decline,24.5,2026-04-21
SIG-00796,PROD-04908,STORE-0007,seasonal,66.8,2026-06-12
SIG-00797,PROD-01332,STORE-0003,seasonal,-9.6,2026-08-23
SIG-00798,PROD-00106,STORE-0011,decline,-21.5,2026-01-26
SIG-00799,PROD-00030,STORE-0280,seasonal,40.9,2026-08-14
SIG-00800,PROD-00753,STORE-0343,decline,65.7,2026-06-04
SIG-00801,PROD-01652,STORE-0035,decline,-25.2,2026-03-08
SIG-00802,PROD-04154,STORE-0407,decline,7.0,2026-08-01
SIG-00803,PROD-00798,STORE-0194,seasonal,42.8,2026-04-27
SIG-00804,PROD-03360,STORE-0448,spike,73.9,2026-01-25
SIG-00805,PROD-03804,STORE-0011,decline,59.5,2026-07-27
SIG-00806,PROD-03070,STORE-0207,spike,-13.4,2026-02-17
SIG-00807,PROD-00170,STORE-0118,decline,73.0,2026-03-02
SIG-00808,PROD-04093,STORE-0187,decline,36.9,2026-05-13
SIG-00809,PROD-03431,STORE-0478,decline,-12.3,2026-07-23
SIG-00810,PROD-01063,STORE-0243,spike,18.4,2026-05-06
SIG-00811,PROD-04740,STORE-0443,spike,39.5,2026-02-09
SIG-00812,PROD-03381,STORE-0173,decline,45.4,2026-03-18
SIG-00813,PROD-02564,STORE-0200,decline,-11.6,2026-03-02
SIG-00814,PROD-03030,STORE-0042,spike,71.3,2026-08-25
SIG-00815,PROD-02521,STORE-0278,seasonal,-3.2,2026-01-15
SIG-00816,PROD-03809,STORE-0084,decline,49.7,2026-02-10
SIG-00817,PROD-00564,STORE-0167,spike,-1.4,2026-04-21
SIG-00818,PROD-00758,STORE-0256,seasonal,51.6,2026-04-03
SIG-00819,PROD-02413,STORE-0296,decline,34.7,2026-05-08
SIG-00820,PROD-02754,STORE-0276,decline,-19.2,2026-03-05
SIG-00821,PROD-03322,STORE-0487,decline,32.0,2026-08-06
SIG-00822,PROD-03413,STORE-0302,spike,77.7,2026-06-23
SIG-00823,PROD-03371,STORE-0466,decline,-20.0,2026-06-24
SIG-00824,PROD-00659,STORE-0414,seasonal,75.9,2026-08-02
SIG-00825,PROD-04434,STORE-0397,decline,-2.1,2026-08-07
SIG-00826,PROD-02411,STORE-0235,seasonal,70.0,2026-04-11
SIG-00827,PROD-01549,STORE-0468,spike,51.1,2026-05-08
SIG-00828,PROD-03891,STORE-0224,spike,20.2,2026-02-27
SIG-00829,PROD-03662,STORE-0119,decline,48.2,2026-04-03
SIG-00830,PROD-02677,STORE-0198,decline,-32.5,2026-07-08
SIG-00831,PROD-02487,STORE-0217,spike,75.2,2026-03-15
SIG-00832,PROD-00311,STORE-0359,spike,-5.3,2026-04-14
SIG-00833,PROD-00404,STORE-0344,decline,32.9,2026-02-15
SIG-00834,PROD-01271,STORE-0376,seasonal,-35.5,2026-01-05
SIG-00835,PROD-04760,STORE-0058,decline,12.9,2026-02-21
SIG-00836,PROD-03037,STORE-0257,spike,-0.3,2026-05-05
SIG-00837,PROD-00783,STORE-0309,spike,7.0,2026-05-04
SIG-00838,PROD-02297,STORE-0319,spike,-8.2,2026-07-26
SIG-00839,PROD-00662,STORE-0046,seasonal,68.1,2026-06-18
SIG-00840,PROD-02075,STORE-0396,seasonal,69.8,2026-04-27
SIG-00841,PROD-01100,STORE-0256,seasonal,71.3,2026-04-05
SIG-00842,PROD-03475,STORE-0091,spike,53.1,2026-06-10
SIG-00843,PROD-00907,STORE-0239,decline,5.9,2026-07-22
SIG-00844,PROD-00062,STORE-0484,decline,-34.0,2026-01-14
SIG-00845,PROD-01482,STORE-0129,decline,-38.4,2026-02-18
SIG-00846,PROD-02246,STORE-0352,spike,25.7,2026-06-21
SIG-00847,PROD-04702,STORE-0061,seasonal,20.4,2026-08-28
SIG-00848,PROD-01089,STORE-0469,decline,65.0,2026-06-10
SIG-00849,PROD-04705,STORE-0482,decline,14.6,2026-04-27
SIG-00850,PROD-02786,STORE-0103,decline,57.8,2026-01-08
SIG-00851,PROD-02922,STORE-0153,seasonal,-26.1,2026-02-10
SIG-00852,PROD-00166,STORE-0028,seasonal,-32.3,2026-02-21
SIG-00853,PROD-02814,STORE-0017,decline,27.4,2026-07-03
SIG-00854,PROD-01249,STORE-0447,decline,-31.4,2026-01-09
SIG-00855,PROD-00346,STORE-0001,decline,61.9,2026-03-25
SIG-00856,PROD-03581,STORE-0066,seasonal,64.6,2026-04-12
SIG-00857,PROD-01728,STORE-0334,spike,-29.8,2026-01-18
SIG-00858,PROD-03808,STORE-0474,spike,66.9,2026-05-14
SIG-00859,PROD-04010,STORE-0337,seasonal,54.2,2026-04-05
SIG-00860,PROD-00942,STORE-0101,decline,61.9,2026-05-22
SIG-00861,PROD-00970,STORE-0312,seasonal,38.0,2026-06-16
SIG-00862,PROD-01438,STORE-0042,spike,-10.6,2026-04-18
SIG-00863,PROD-00199,STORE-0445,decline,39.8,2026-01-18
SIG-00864,PROD-01233,STORE-0067,seasonal,-1.0,2026-03-19
SIG-00865,PROD-04549,STORE-0035,decline,69.9,2026-04-09
SIG-00866,PROD-03215,STORE-0304,seasonal,43.3,2026-03-19
SIG-00867,PROD-00750,STORE-0405,decline,-16.1,2026-08-03
SIG-00868,PROD-01133,STORE-0013,seasonal,-24.0,2026-08-27
SIG-00869,PROD-00156,STORE-0413,decline,58.5,2026-02-17
SIG-00870,PROD-02767,STORE-0435,spike,-14.9,2026-01-10
SIG-00871,PROD-00881,STORE-0221,decline,63.1,2026-02-16
SIG-00872,PROD-00538,STORE-0066,spike,43.7,2026-03-24
SIG-00873,PROD-03765,STORE-0076,spike,-21.3,2026-05-18
SIG-00874,PROD-01660,STORE-0172,spike,54.8,2026-04-16
SIG-00875,PROD-01259,STORE-0120,spike,-28.5,2026-06-16
SIG-00876,PROD-01213,STORE-0450,spike,-36.9,2026-02-22
SIG-00877,PROD-04390,STORE-0144,spike,-18.9,2026-08-15
SIG-00878,PROD-01640,STORE-0129,spike,50.0,2026-04-24
SIG-00879,PROD-00779,STORE-0390,spike,-12.4,2026-07-15
SIG-00880,PROD-03344,STORE-0439,decline,-26.8,2026-05-10
SIG-00881,PROD-02346,STORE-0225,spike,36.9,2026-05-04
SIG-00882,PROD-02463,STORE-0371,spike,18.8,2026-04-16
SIG-00883,PROD-02527,STORE-0197,decline,31.3,2026-08-07
SIG-00884,PROD-04177,STORE-0148,spike,62.7,2026-02-11
SIG-00885,PROD-02684,STORE-0254,decline,73.0,2026-04-10
SIG-00886,PROD-02067,STORE-0415,seasonal,25.1,2026-08-26
SIG-00887,PROD-04329,STORE-0492,seasonal,7.2,2026-01-02
SIG-00888,PROD-01230,STORE-0150,spike,-34.2,2026-06-01
SIG-00889,PROD-01051,STORE-0266,decline,-20.8,2026-05-15
SIG-00890,PROD-02704,STORE-0203,spike,-28.1,2026-08-08
SIG-00891,PROD-02267,STORE-0385,spike,18.1,2026-06-10
SIG-00892,PROD-01657,STORE-0042,spike,75.0,2026-03-05
SIG-00893,PROD-01585,STORE-0291,spike,26.6,2026-02-13
SIG-00894,PROD-03403,STORE-0101,seasonal,44.5,2026-08-26
SIG-00895,PROD-00140,STORE-0372,spike,29.2,2026-05-25
SIG-00896,PROD-00496,STORE-0073,spike,74.9,2026-07-28
SIG-00897,PROD-04793,STORE-0341,spike,-5.3,2026-03-20
SIG-00898,PROD-04405,STORE-0456,seasonal,24.5,2026-07-09
SIG-00899,PROD-04653,STORE-0458,spike,48.0,2026-03-03
SIG-00900,PROD-00143,STORE-0157,seasonal,-31.9,2026-08-23
SIG-00901,PROD-03524,STORE-0331,spike,47.2,2026-06-08
SIG-00902,PROD-03946,STORE-0341,decline,59.1,2026-02-27
SIG-00903,PROD-00748,STORE-0462,spike,38.2,2026-06-17
SIG-00904,PROD-04059,STORE-0484,spike,27.5,2026-08-18
SIG-00905,PROD-02801,STORE-0153,spike,75.3,2026-05-11
SIG-00906,PROD-00513,STORE-0116,decline,-32.9,2026-06-02
SIG-00907,PROD-03140,STORE-0092,decline,1.8,2026-03-19
SIG-00908,PROD-02875,STORE-0052,seasonal,57.7,2026-06-11
SIG-00909,PROD-01112,STORE-0224,seasonal,22.8,2026-07-07
SIG-00910,PROD-03137,STORE-0060,spike,-20.8,2026-04-28
SIG-00911,PROD-00845,STORE-0419,spike,-0.5,2026-07-26
SIG-00912,PROD-00040,STORE-0476,seasonal,4.3,2026-05-03
SIG-00913,PROD-03722,STORE-0188,spike,-21.9,2026-02-04
SIG-00914,PROD-02813,STORE-0074,decline,47.3,2026-04-08
SIG-00915,PROD-00464,STORE-0188,spike,31.5,2026-01-17
SIG-00916,PROD-01919,STORE-0369,spike,-14.7,2026-01-08
SIG-00917,PROD-04659,STORE-0290,decline,23.5,2026-03-28
SIG-00918,PROD-02676,STORE-0370,spike,58.4,2026-03-10
SIG-00919,PROD-02696,STORE-0340,decline,3.3,2026-06-11
SIG-00920,PROD-00240,STORE-0074,seasonal,26.2,2026-06-23
SIG-00921,PROD-03557,STORE-0197,seasonal,72.4,2026-06-03
SIG-00922,PROD-02979,STORE-0444,spike,-5.2,2026-06-16
SIG-00923,PROD-00405,STORE-0355,spike,26.1,2026-03-18
SIG-00924,PROD-03327,STORE-0243,decline,-14.6,2026-05-15
SIG-00925,PROD-02737,STORE-0004,seasonal,-10.4,2026-05-07
SIG-00926,PROD-01381,STORE-0226,seasonal,-11.8,2026-06-17
SIG-00927,PROD-00925,STORE-0037,decline,-10.0,2026-02-14
SIG-00928,PROD-01808,STORE-0097,seasonal,-8.1,2026-04-13
SIG-00929,PROD-02278,STORE-0383,decline,-5.2,2026-01-25
SIG-00930,PROD-04695,STORE-0186,seasonal,48.8,2026-01-19
SIG-00931,PROD-03135,STORE-0367,spike,73.3,2026-07-22
SIG-00932,PROD-03261,STORE-0151,decline,-32.5,2026-01-23
SIG-00933,PROD-00457,STORE-0338,decline,67.6,2026-03-18
SIG-00934,PROD-01727,STORE-0345,seasonal,29.5,2026-06-02
SIG-00935,PROD-01659,STORE-0458,spike,46.0,2026-08-19
SIG-00936,PROD-03088,STORE-0404,decline,-4.5,2026-04-23
SIG-00937,PROD-04530,STORE-0075,spike,5.7,2026-08-22
SIG-00938,PROD-00306,STORE-0434,spike,69.9,2026-08-28
SIG-00939,PROD-02288,STORE-0457,seasonal,30.4,2026-02-05
SIG-00940,PROD-03587,STORE-0403,seasonal,-37.0,2026-03-28
SIG-00941,PROD-03845,STORE-0187,spike,59.6,2026-02-11
SIG-00942,PROD-02452,STORE-0363,spike,-2.7,2026-03-12
SIG-00943,PROD-01753,STORE-0477,spike,-4.7,2026-03-27
SIG-00944,PROD-01105,STORE-0052,decline,32.9,2026-04-18
SIG-00945,PROD-00225,STORE-0296,seasonal,28.9,2026-07-02
SIG-00946,PROD-03853,STORE-0106,decline,48.9,2026-02-19
SIG-00947,PROD-02143,STORE-0212,spike,77.8,2026-04-14
SIG-00948,PROD-00950,STORE-0084,spike,55.8,2026-08-07
SIG-00949,PROD-01682,STORE-0265,seasonal,-33.7,2026-01-06
SIG-00950,PROD-03380,STORE-0291,decline,76.3,2026-07-24
SIG-00951,PROD-01428,STORE-0485,spike,59.9,2026-06-21
SIG-00952,PROD-01852,STORE-0185,spike,-22.5,2026-05-22
SIG-00953,PROD-02123,STORE-0225,spike,76.1,2026-05-09
SIG-00954,PROD-01268,STORE-0221,decline,-22.7,2026-08-13
SIG-00955,PROD-03447,STORE-0014,decline,49.3,2026-02-22
SIG-00956,PROD-00424,STORE-0043,spike,-14.2,2026-02-04
SIG-00957,PROD-01811,STORE-0296,spike,-5.2,2026-03-27
SIG-00958,PROD-04320,STORE-0220,spike,45.3,2026-07-06
SIG-00959,PROD-00720,STORE-0026,seasonal,-21.0,2026-07-24
SIG-00960,PROD-04931,STORE-0174,seasonal,58.8,2026-06-04
SIG-00961,PROD-00465,STORE-0001,decline,55.2,2026-07-22
SIG-00962,PROD-00403,STORE-0039,decline,32.9,2026-01-13
SIG-00963,PROD-03603,STORE-0179,seasonal,79.7,2026-06-17
SIG-00964,PROD-02430,STORE-0158,seasonal,-16.0,2026-01-13
SIG-00965,PROD-02430,STORE-0479,seasonal,-38.9,2026-08-22
SIG-00966,PROD-00868,STORE-0117,spike,45.9,2026-01-13
SIG-00967,PROD-00310,STORE-0016,decline,-18.3,2026-05-12
SIG-00968,PROD-03351,STORE-0136,decline,13.7,2026-04-05
SIG-00969,PROD-04093,STORE-0378,seasonal,-9.3,2026-03-27
SIG-00970,PROD-00059,STORE-0121,seasonal,47.9,2026-01-03
SIG-00971,PROD-01650,STORE-0494,decline,22.4,2026-05-19
SIG-00972,PROD-00686,STORE-0327,decline,-32.6,2026-04-06
SIG-00973,PROD-03107,STORE-0091,seasonal,48.6,2026-06-05
SIG-00974,PROD-02370,STORE-0427,decline,44.5,2026-02-19
SIG-00975,PROD-04443,STORE-0235,seasonal,34.8,2026-03-11
SIG-00976,PROD-02038,STORE-0245,seasonal,19.9,2026-02-10
SIG-00977,PROD-03053,STORE-0417,decline,69.1,2026-02-14
SIG-00978,PROD-02195,STORE-0059,decline,16.9,2026-02-24
SIG-00979,PROD-00725,STORE-0066,decline,-5.4,2026-07-20
SIG-00980,PROD-03719,STORE-0399,seasonal,-24.1,2026-01-27
SIG-00981,PROD-00528,STORE-0425,decline,66.9,2026-03-25
SIG-00982,PROD-03985,STORE-0415,decline,78.5,2026-01-11
SIG-00983,PROD-03517,STORE-0381,spike,77.5,2026-04-23
SIG-00984,PROD-01029,STORE-0062,spike,56.6,2026-05-04
SIG-00985,PROD-04062,STORE-0076,decline,-35.5,2026-04-07
SIG-00986,PROD-04672,STORE-0411,seasonal,70.2,2026-07-23
SIG-00987,PROD-01279,STORE-0499,spike,14.6,2026-04-25
SIG-00988,PROD-04251,STORE-0340,decline,37.1,2026-01-22
SIG-00989,PROD-01872,STORE-0051,decline,-11.2,2026-05-01
SIG-00990,PROD-04659,STORE-0269,decline,34.5,2026-07-07
SIG-00991,PROD-00235,STORE-0020,spike,41.7,2026-03-14
SIG-00992,PROD-01385,STORE-0241,decline,37.4,2026-01-07
SIG-00993,PROD-00951,STORE-0114,seasonal,17.0,2026-07-18
SIG-00994,PROD-04985,STORE-0486,seasonal,-39.2,2026-04-22
SIG-00995,PROD-01418,STORE-0485,spike,-4.0,2026-06-18
SIG-00996,PROD-04330,STORE-0468,seasonal,51.3,2026-03-28
SIG-00997,PROD-01518,STORE-0312,seasonal,-8.1,2026-03-07
SIG-00998,PROD-02876,STORE-0490,decline,28.0,2026-07-08
SIG-00999,PROD-02972,STORE-0340,spike,-29.2,2026-03-03
SIG-01000,PROD-03912,STORE-0034,seasonal,52.7,2026-03-07
SIG-01001,PROD-02950,STORE-0295,seasonal,18.5,2026-06-13
SIG-01002,PROD-01984,STORE-0492,seasonal,36.8,2026-07-10
SIG-01003,PROD-01393,STORE-0097,spike,30.9,2026-02-08
SIG-01004,PROD-03927,STORE-0035,spike,-4.0,2026-06-22
SIG-01005,PROD-01471,STORE-0003,seasonal,-21.0,2026-07-24
SIG-01006,PROD-01654,STORE-0489,seasonal,-4.3,2026-01-16
SIG-01007,PROD-03113,STORE-0002,spike,54.4,2026-05-07
SIG-01008,PROD-02814,STORE-0215,decline,47.8,2026-03-19
SIG-01009,PROD-02801,STORE-0233,decline,33.0,2026-06-10
SIG-01010,PROD-01534,STORE-0140,spike,51.9,2026-06-25
SIG-01011,PROD-02337,STORE-0412,spike,71.5,2026-05-04
SIG-01012,PROD-01582,STORE-0376,decline,-35.8,2026-06-04
SIG-01013,PROD-02818,STORE-0082,decline,34.6,2026-07-04
SIG-01014,PROD-04232,STORE-0121,seasonal,4.9,2026-08-01
SIG-01015,PROD-04430,STORE-0373,seasonal,-1.3,2026-05-01
SIG-01016,PROD-02328,STORE-0365,spike,11.7,2026-04-16
SIG-01017,PROD-02862,STORE-0076,decline,6.7,2026-04-12
SIG-01018,PROD-01266,STORE-0026,spike,-5.7,2026-03-13
SIG-01019,PROD-00376,STORE-0457,seasonal,55.9,2026-05-20
SIG-01020,PROD-01537,STORE-0348,seasonal,-18.2,2026-01-27
SIG-01021,PROD-00408,STORE-0040,spike,2.3,2026-05-27
SIG-01022,PROD-03450,STORE-0128,spike,-1.7,2026-01-19
SIG-01023,PROD-02179,STORE-0495,spike,57.4,2026-03-22
SIG-01024,PROD-02716,STORE-0066,spike,-38.0,2026-01-25
SIG-01025,PROD-01872,STORE-0269,decline,-8.8,2026-03-08
SIG-01026,PROD-00938,STORE-0343,spike,51.4,2026-08-03
SIG-01027,PROD-00692,STORE-0449,spike,25.4,2026-03-27
SIG-01028,PROD-01558,STORE-0177,seasonal,-28.7,2026-03-17
SIG-01029,PROD-04023,STORE-0321,spike,25.6,2026-08-03
SIG-01030,PROD-03703,STORE-0384,seasonal,71.3,2026-04-28
SIG-01031,PROD-00364,STORE-0386,decline,69.2,2026-01-15
SIG-01032,PROD-03389,STORE-0104,decline,75.6,2026-07-07
SIG-01033,PROD-00838,STORE-0137,seasonal,-16.4,2026-02-14
SIG-01034,PROD-02776,STORE-0071,seasonal,-17.0,2026-08-21
SIG-01035,PROD-03779,STORE-0421,decline,55.2,2026-03-23
SIG-01036,PROD-03429,STORE-0238,seasonal,-3.3,2026-07-10
SIG-01037,PROD-01940,STORE-0043,decline,30.2,2026-05-01
SIG-01038,PROD-00471,STORE-0241,seasonal,-37.0,2026-02-08
SIG-01039,PROD-00663,STORE-0108,decline,38.0,2026-03-05
SIG-01040,PROD-02669,STORE-0165,seasonal,78.5,2026-02-17
SIG-01041,PROD-03106,STORE-0024,seasonal,62.0,2026-01-19
SIG-01042,PROD-03251,STORE-0383,spike,14.5,2026-08-03
SIG-01043,PROD-01486,STORE-0083,spike,-3.2,2026-03-10
SIG-01044,PROD-00925,STORE-0028,decline,62.2,2026-04-11
SIG-01045,PROD-02290,STORE-0490,seasonal,67.0,2026-02-18
SIG-01046,PROD-04023,STORE-0217,seasonal,74.7,2026-08-07
SIG-01047,PROD-03677,STORE-0082,decline,-17.6,2026-02-28
SIG-01048,PROD-01252,STORE-0313,decline,52.0,2026-02-19
SIG-01049,PROD-00327,STORE-0208,decline,37.2,2026-02-05
SIG-01050,PROD-03383,STORE-0144,decline,41.1,2026-08-14
SIG-01051,PROD-04054,STORE-0253,seasonal,47.2,2026-02-23
SIG-01052,PROD-02673,STORE-0208,spike,68.5,2026-01-09
SIG-01053,PROD-03783,STORE-0216,spike,71.3,2026-05-10
SIG-01054,PROD-02617,STORE-0380,spike,24.8,2026-05-18
SIG-01055,PROD-04383,STORE-0397,seasonal,1.3,2026-03-09
SIG-01056,PROD-04099,STORE-0273,spike,73.0,2026-01-12
SIG-01057,PROD-04608,STORE-0445,decline,12.9,2026-03-01
SIG-01058,PROD-02259,STORE-0447,seasonal,-12.0,2026-07-03
SIG-01059,PROD-01387,STORE-0349,seasonal,-21.3,2026-04-20
SIG-01060,PROD-02194,STORE-0473,seasonal,53.6,2026-08-07
SIG-01061,PROD-03941,STORE-0461,spike,-21.5,2026-05-15
SIG-01062,PROD-03873,STORE-0326,decline,9.5,2026-05-06
SIG-01063,PROD-01820,STORE-0260,decline,2.8,2026-07-06
SIG-01064,PROD-03575,STORE-0257,spike,-30.2,2026-05-26
SIG-01065,PROD-04123,STORE-0194,decline,-13.4,2026-04-08
SIG-01066,PROD-03637,STORE-0162,decline,79.4,2026-08-13
SIG-01067,PROD-01832,STORE-0442,decline,53.2,2026-05-03
SIG-01068,PROD-01810,STORE-0075,decline,73.7,2026-06-12
SIG-01069,PROD-03258,STORE-0352,seasonal,0.2,2026-06-03
SIG-01070,PROD-03898,STORE-0360,decline,29.1,2026-02-27
SIG-01071,PROD-01181,STORE-0352,spike,74.5,2026-05-12
SIG-01072,PROD-02926,STORE-0433,seasonal,-24.3,2026-07-18
SIG-01073,PROD-02722,STORE-0111,spike,-2.9,2026-03-03
SIG-01074,PROD-03763,STORE-0261,seasonal,34.8,2026-02-08
SIG-01075,PROD-01309,STORE-0194,decline,12.2,2026-08-05
SIG-01076,PROD-00188,STORE-0253,seasonal,14.5,2026-06-04
SIG-01077,PROD-03064,STORE-0309,decline,18.2,2026-02-22
SIG-01078,PROD-01001,STORE-0265,spike,52.7,2026-04-06
SIG-01079,PROD-04593,STORE-0394,seasonal,41.1,2026-05-25
SIG-01080,PROD-00243,STORE-0351,spike,-27.1,2026-08-20
SIG-01081,PROD-04213,STORE-0065,decline,30.9,2026-02-26
SIG-01082,PROD-04252,STORE-0319,seasonal,-14.9,2026-06-07
SIG-01083,PROD-00016,STORE-0273,seasonal,54.9,2026-06-17
SIG-01084,PROD-04405,STORE-0202,decline,-11.1,2026-08-09
SIG-01085,PROD-01631,STORE-0304,spike,40.3,2026-01-02
SIG-01086,PROD-00645,STORE-0337,spike,42.8,2026-03-06
SIG-01087,PROD-01404,STORE-0258,seasonal,-23.3,2026-06-02
SIG-01088,PROD-03837,STORE-0273,decline,56.8,2026-06-05
SIG-01089,PROD-01796,STORE-0477,spike,-19.1,2026-05-21
SIG-01090,PROD-03807,STORE-0111,seasonal,-21.5,2026-04-21
SIG-01091,PROD-03274,STORE-0080,decline,51.4,2026-01-17
SIG-01092,PROD-04055,STORE-0355,decline,29.0,2026-02-28
SIG-01093,PROD-03646,STORE-0211,seasonal,36.7,2026-04-11
SIG-01094,PROD-03968,STORE-0332,spike,-10.5,2026-07-11
SIG-01095,PROD-01647,STORE-0165,seasonal,-33.8,2026-07-15
SIG-01096,PROD-03679,STORE-0083,seasonal,40.6,2026-05-25
SIG-01097,PROD-00071,STORE-0123,decline,51.5,2026-04-19
SIG-01098,PROD-01178,STORE-0245,seasonal,-21.4,2026-03-07
SIG-01099,PROD-01556,STORE-0380,decline,-27.2,2026-08-12
SIG-01100,PROD-00001,STORE-0335,decline,-5.7,2026-02-14
SIG-01101,PROD-00360,STORE-0202,decline,-27.0,2026-04-16
SIG-01102,PROD-00339,STORE-0222,decline,8.7,2026-05-15
SIG-01103,PROD-00410,STORE-0232,spike,66.4,2026-01-14
SIG-01104,PROD-00408,STORE-0224,spike,5.7,2026-08-01
SIG-01105,PROD-00547,STORE-0232,seasonal,42.6,2026-06-13
SIG-01106,PROD-01895,STORE-0382,decline,-15.8,2026-07-17
SIG-01107,PROD-03505,STORE-0044,spike,59.5,2026-05-27
SIG-01108,PROD-02699,STORE-0231,decline,39.4,2026-07-16
SIG-01109,PROD-03256,STORE-0288,spike,69.7,2026-01-22
SIG-01110,PROD-01346,STORE-0135,decline,-37.2,2026-03-23
SIG-01111,PROD-04003,STORE-0417,seasonal,10.4,2026-08-09
SIG-01112,PROD-04131,STORE-0263,spike,-11.8,2026-05-20
SIG-01113,PROD-03505,STORE-0009,seasonal,47.6,2026-03-25
SIG-01114,PROD-03938,STORE-0486,spike,12.4,2026-07-16
SIG-01115,PROD-03100,STORE-0414,spike,78.2,2026-07-27
SIG-01116,PROD-04682,STORE-0492,decline,-39.2,2026-02-11
SIG-01117,PROD-03941,STORE-0119,spike,-35.7,2026-04-08
SIG-01118,PROD-04350,STORE-0181,seasonal,44.8,2026-05-21
SIG-01119,PROD-01857,STORE-0309,spike,-21.7,2026-08-15
SIG-01120,PROD-02170,STORE-0451,spike,14.1,2026-01-09
SIG-01121,PROD-03786,STORE-0499,decline,48.4,2026-01-02
SIG-01122,PROD-02888,STORE-0482,decline,69.4,2026-04-06
SIG-01123,PROD-01574,STORE-0132,seasonal,-25.7,2026-02-16
SIG-01124,PROD-00805,STORE-0369,decline,-32.6,2026-07-11
SIG-01125,PROD-02294,STORE-0082,spike,3.5,2026-04-05
SIG-01126,PROD-00808,STORE-0281,spike,-39.0,2026-07-11
SIG-01127,PROD-01259,STORE-0206,seasonal,45.9,2026-04-12
SIG-01128,PROD-04316,STORE-0002,decline,-37.5,2026-03-14
SIG-01129,PROD-00735,STORE-0214,spike,-39.0,2026-07-07
SIG-01130,PROD-01865,STORE-0488,spike,-18.6,2026-06-19
SIG-01131,PROD-01788,STORE-0094,seasonal,15.2,2026-05-28
SIG-01132,PROD-02956,STORE-0288,seasonal,7.5,2026-04-09
SIG-01133,PROD-00282,STORE-0064,spike,64.0,2026-04-17
SIG-01134,PROD-00649,STORE-0368,spike,39.4,2026-02-08
SIG-01135,PROD-04340,STORE-0009,spike,-15.1,2026-02-07
SIG-01136,PROD-01285,STORE-0230,seasonal,19.9,2026-02-06
SIG-01137,PROD-04443,STORE-0245,seasonal,41.0,2026-07-07
SIG-01138,PROD-03067,STORE-0246,decline,-15.0,2026-03-14
SIG-01139,PROD-00821,STORE-0346,seasonal,-37.2,2026-08-08
SIG-01140,PROD-01998,STORE-0498,spike,-29.5,2026-07-01
SIG-01141,PROD-01550,STORE-0141,seasonal,20.5,2026-06-24
SIG-01142,PROD-03131,STORE-0176,seasonal,17.2,2026-04-28
SIG-01143,PROD-02667,STORE-0127,decline,58.0,2026-05-24
SIG-01144,PROD-03612,STORE-0449,spike,53.7,2026-07-08
SIG-01145,PROD-04804,STORE-0291,seasonal,-3.5,2026-06-22
SIG-01146,PROD-01043,STORE-0325,seasonal,-26.7,2026-06-09
SIG-01147,PROD-00199,STORE-0388,spike,-37.9,2026-08-23
SIG-01148,PROD-02531,STORE-0378,spike,63.1,2026-02-09
SIG-01149,PROD-00214,STORE-0326,spike,4.8,2026-07-19
SIG-01150,PROD-04179,STORE-0377,seasonal,47.5,2026-01-09
SIG-01151,PROD-02478,STORE-0028,decline,18.5,2026-04-07
SIG-01152,PROD-04214,STORE-0184,decline,26.1,2026-02-16
SIG-01153,PROD-03287,STORE-0383,seasonal,27.7,2026-02-15
SIG-01154,PROD-04637,STORE-0199,spike,62.5,2026-03-24
SIG-01155,PROD-01085,STORE-0157,spike,48.7,2026-02-02
SIG-01156,PROD-04230,STORE-0216,seasonal,24.4,2026-05-04
SIG-01157,PROD-04658,STORE-0259,decline,68.9,2026-02-22
SIG-01158,PROD-00889,STORE-0299,seasonal,37.3,2026-04-10
SIG-01159,PROD-02950,STORE-0241,decline,51.0,2026-01-17
SIG-01160,PROD-03793,STORE-0003,decline,59.2,2026-05-10
SIG-01161,PROD-03653,STORE-0138,decline,-26.4,2026-04-09
SIG-01162,PROD-02609,STORE-0185,seasonal,0.8,2026-05-12
SIG-01163,PROD-03151,STORE-0244,spike,-3.7,2026-03-18
SIG-01164,PROD-02024,STORE-0039,seasonal,10.6,2026-08-27
SIG-01165,PROD-03137,STORE-0329,spike,18.4,2026-01-09
SIG-01166,PROD-03935,STORE-0268,decline,45.1,2026-04-27
SIG-01167,PROD-02059,STORE-0401,seasonal,28.0,2026-06-22
SIG-01168,PROD-04904,STORE-0261,decline,50.9,2026-07-27
SIG-01169,PROD-04178,STORE-0365,decline,-26.6,2026-08-05
SIG-01170,PROD-01352,STORE-0040,decline,6.1,2026-06-15
SIG-01171,PROD-03846,STORE-0173,seasonal,26.7,2026-01-10
SIG-01172,PROD-01809,STORE-0126,spike,66.8,2026-02-06
SIG-01173,PROD-03025,STORE-0264,decline,-35.5,2026-07-17
SIG-01174,PROD-04268,STORE-0149,spike,-0.5,2026-05-16
SIG-01175,PROD-03632,STORE-0466,spike,58.5,2026-06-08
SIG-01176,PROD-00706,STORE-0376,decline,59.0,2026-02-17
SIG-01177,PROD-00546,STORE-0186,spike,17.8,2026-03-27
SIG-01178,PROD-04690,STORE-0097,spike,74.4,2026-06-18
SIG-01179,PROD-03793,STORE-0204,decline,46.8,2026-01-06
SIG-01180,PROD-04635,STORE-0192,spike,37.9,2026-04-18
SIG-01181,PROD-02400,STORE-0179,seasonal,-7.5,2026-04-27
SIG-01182,PROD-02158,STORE-0161,decline,70.5,2026-03-18
SIG-01183,PROD-00613,STORE-0449,spike,37.4,2026-03-27
SIG-01184,PROD-03747,STORE-0023,decline,5.5,2026-03-09
SIG-01185,PROD-03541,STORE-0035,seasonal,77.2,2026-06-15
SIG-01186,PROD-03533,STORE-0374,decline,60.1,2026-05-01
SIG-01187,PROD-04698,STORE-0107,spike,-28.9,2026-07-20
SIG-01188,PROD-03857,STORE-0191,seasonal,68.1,2026-04-17
SIG-01189,PROD-03974,STORE-0150,decline,16.0,2026-07-21
SIG-01190,PROD-03501,STORE-0405,decline,7.2,2026-04-08
SIG-01191,PROD-04871,STORE-0393,seasonal,49.9,2026-03-27
SIG-01192,PROD-04368,STORE-0034,seasonal,14.2,2026-05-24
SIG-01193,PROD-01435,STORE-0425,seasonal,-19.3,2026-04-17
SIG-01194,PROD-00475,STORE-0288,decline,14.4,2026-05-14
SIG-01195,PROD-04238,STORE-0363,spike,-5.0,2026-08-13
SIG-01196,PROD-00753,STORE-0086,seasonal,50.5,2026-05-19
SIG-01197,PROD-02444,STORE-0242,spike,-9.9,2026-07-04
SIG-01198,PROD-01545,STORE-0302,spike,38.5,2026-02-04
SIG-01199,PROD-04169,STORE-0422,decline,28.4,2026-05-01
SIG-01200,PROD-01199,STORE-0339,seasonal,11.8,2026-03-13
SIG-01201,PROD-02440,STORE-0391,seasonal,-3.4,2026-01-12
SIG-01202,PROD-02034,STORE-0111,decline,39.5,2026-06-11
SIG-01203,PROD-03628,STORE-0173,decline,18.1,2026-06-25
SIG-01204,PROD-01508,STORE-0189,decline,65.8,2026-04-11
SIG-01205,PROD-00584,STORE-0116,spike,34.0,2026-02-15
SIG-01206,PROD-03070,STORE-0292,seasonal,17.0,2026-05-20
SIG-01207,PROD-01557,STORE-0152,seasonal,54.4,2026-04-27
SIG-01208,PROD-01604,STORE-0446,decline,26.6,2026-01-13
SIG-01209,PROD-00242,STORE-0214,spike,75.6,2026-04-11
SIG-01210,PROD-02473,STORE-0224,spike,65.0,2026-06-07
SIG-01211,PROD-01673,STORE-0253,spike,16.5,2026-03-02
SIG-01212,PROD-01425,STORE-0290,decline,62.6,2026-06-07
SIG-01213,PROD-04251,STORE-0290,decline,49.6,2026-05-28
SIG-01214,PROD-00633,STORE-0204,spike,-35.2,2026-06-26
SIG-01215,PROD-00992,STORE-0179,decline,17.7,2026-05-21
SIG-01216,PROD-04038,STORE-0100,spike,-11.5,2026-02-23
SIG-01217,PROD-04536,STORE-0361,seasonal,62.0,2026-04-26
SIG-01218,PROD-02831,STORE-0216,seasonal,-6.5,2026-04-09
SIG-01219,PROD-01393,STORE-0400,spike,-32.9,2026-03-23
SIG-01220,PROD-00271,STORE-0230,decline,-1.1,2026-02-14
SIG-01221,PROD-02702,STORE-0210,spike,-32.9,2026-01-28
SIG-01222,PROD-04141,STORE-0055,decline,-13.8,2026-06-11
SIG-01223,PROD-03281,STORE-0320,decline,-8.2,2026-06-23
SIG-01224,PROD-01455,STORE-0196,seasonal,-25.5,2026-01-27
SIG-01225,PROD-02184,STORE-0436,spike,-13.8,2026-06-17
SIG-01226,PROD-00861,STORE-0062,decline,-14.3,2026-03-02
SIG-01227,PROD-03886,STORE-0023,decline,49.8,2026-08-06
SIG-01228,PROD-01153,STORE-0147,seasonal,36.1,2026-07-27
SIG-01229,PROD-00203,STORE-0214,seasonal,-11.8,2026-07-04
SIG-01230,PROD-03889,STORE-0438,spike,26.7,2026-05-12
SIG-01231,PROD-03274,STORE-0114,decline,24.2,2026-04-07
SIG-01232,PROD-02012,STORE-0145,seasonal,-25.3,2026-04-13
SIG-01233,PROD-03381,STORE-0484,spike,1.0,2026-06-19
SIG-01234,PROD-00827,STORE-0212,seasonal,-6.9,2026-04-17
SIG-01235,PROD-04658,STORE-0029,spike,48.5,2026-08-01
SIG-01236,PROD-00320,STORE-0372,seasonal,65.0,2026-06-22
SIG-01237,PROD-00731,STORE-0208,seasonal,19.7,2026-08-13
SIG-01238,PROD-04294,STORE-0363,spike,43.8,2026-05-10
SIG-01239,PROD-01285,STORE-0417,seasonal,18.5,2026-02-12
SIG-01240,PROD-01033,STORE-0134,spike,59.0,2026-02-01
SIG-01241,PROD-02876,STORE-0351,decline,55.3,2026-06-11
SIG-01242,PROD-00232,STORE-0297,decline,63.7,2026-03-16
SIG-01243,PROD-04154,STORE-0486,decline,51.3,2026-04-09
SIG-01244,PROD-00517,STORE-0228,seasonal,-17.2,2026-01-16
SIG-01245,PROD-02353,STORE-0476,seasonal,-22.7,2026-08-02
SIG-01246,PROD-04887,STORE-0045,spike,-13.6,2026-05-14
SIG-01247,PROD-04778,STORE-0117,decline,-12.7,2026-02-04
SIG-01248,PROD-02693,STORE-0160,decline,-9.0,2026-02-06
SIG-01249,PROD-00818,STORE-0134,decline,16.4,2026-05-10
SIG-01250,PROD-02229,STORE-0447,spike,4.5,2026-03-14
SIG-01251,PROD-01485,STORE-0043,decline,31.0,2026-04-27
SIG-01252,PROD-01084,STORE-0253,decline,-16.9,2026-02-27
SIG-01253,PROD-01452,STORE-0081,spike,-8.0,2026-08-14
SIG-01254,PROD-01659,STORE-0376,decline,5.0,2026-02-26
SIG-01255,PROD-00213,STORE-0282,spike,34.2,2026-08-27
SIG-01256,PROD-01333,STORE-0237,decline,70.5,2026-06-16
SIG-01257,PROD-02317,STORE-0048,decline,-29.7,2026-04-18
SIG-01258,PROD-02104,STORE-0067,decline,12.9,2026-06-03
SIG-01259,PROD-01122,STORE-0029,decline,45.5,2026-03-27
SIG-01260,PROD-02781,STORE-0135,spike,68.2,2026-03-12
SIG-01261,PROD-02743,STORE-0016,decline,31.3,2026-03-16
SIG-01262,PROD-01376,STORE-0160,seasonal,50.0,2026-01-05
SIG-01263,PROD-01039,STORE-0247,decline,-38.0,2026-02-13
SIG-01264,PROD-01033,STORE-0488,decline,-26.0,2026-06-05
SIG-01265,PROD-03715,STORE-0290,seasonal,9.5,2026-05-12
SIG-01266,PROD-02515,STORE-0167,seasonal,64.1,2026-08-11
SIG-01267,PROD-04639,STORE-0282,seasonal,55.0,2026-02-12
SIG-01268,PROD-00110,STORE-0253,decline,41.4,2026-03-19
SIG-01269,PROD-00868,STORE-0225,spike,57.7,2026-03-02
SIG-01270,PROD-02307,STORE-0343,seasonal,18.3,2026-07-08
SIG-01271,PROD-01362,STORE-0453,spike,28.5,2026-05-08
SIG-01272,PROD-02742,STORE-0253,decline,-23.2,2026-07-08
SIG-01273,PROD-02607,STORE-0186,decline,11.4,2026-06-19
SIG-01274,PROD-04549,STORE-0270,spike,20.6,2026-04-09
SIG-01275,PROD-01255,STORE-0152,seasonal,14.6,2026-03-07
SIG-01276,PROD-03308,STORE-0332,spike,62.1,2026-03-04
SIG-01277,PROD-02571,STORE-0367,spike,65.8,2026-04-27
SIG-01278,PROD-01667,STORE-0248,decline,-38.2,2026-07-02
SIG-01279,PROD-04010,STORE-0471,spike,-25.4,2026-06-12
SIG-01280,PROD-01004,STORE-0208,spike,11.2,2026-06-08
SIG-01281,PROD-04134,STORE-0233,seasonal,72.5,2026-08-18
SIG-01282,PROD-01909,STORE-0083,decline,76.5,2026-03-23
SIG-01283,PROD-03560,STORE-0496,spike,35.6,2026-06-24
SIG-01284,PROD-04709,STORE-0026,decline,-24.9,2026-06-26
SIG-01285,PROD-03551,STORE-0279,spike,-28.1,2026-02-21
SIG-01286,PROD-02225,STORE-0463,spike,1.8,2026-01-20
SIG-01287,PROD-00772,STORE-0076,seasonal,24.2,2026-03-21
SIG-01288,PROD-02197,STORE-0493,seasonal,-32.7,2026-06-18
SIG-01289,PROD-03617,STORE-0187,seasonal,-14.2,2026-05-27
SIG-01290,PROD-01891,STORE-0232,decline,-15.8,2026-08-11
SIG-01291,PROD-01196,STORE-0081,spike,-10.9,2026-04-24
SIG-01292,PROD-00225,STORE-0299,decline,39.0,2026-03-24
SIG-01293,PROD-04787,STORE-0447,seasonal,-37.9,2026-08-17
SIG-01294,PROD-03957,STORE-0049,seasonal,57.7,2026-07-24
SIG-01295,PROD-03920,STORE-0264,spike,-30.8,2026-06-21
SIG-01296,PROD-01392,STORE-0016,seasonal,10.3,2026-03-25
SIG-01297,PROD-02715,STORE-0082,spike,18.6,2026-02-10
SIG-01298,PROD-04855,STORE-0338,spike,-20.6,2026-07-20
SIG-01299,PROD-00826,STORE-0495,decline,65.1,2026-01-03
SIG-01300,PROD-03824,STORE-0060,seasonal,53.2,2026-01-04
SIG-01301,PROD-00271,STORE-0378,decline,15.3,2026-02-08
SIG-01302,PROD-01267,STORE-0080,seasonal,-14.0,2026-08-01
SIG-01303,PROD-00640,STORE-0314,decline,78.2,2026-07-09
SIG-01304,PROD-03051,STORE-0072,seasonal,42.7,2026-07-01
SIG-01305,PROD-02084,STORE-0413,decline,-5.4,2026-01-22
SIG-01306,PROD-04334,STORE-0424,decline,56.2,2026-03-25
SIG-01307,PROD-01643,STORE-0011,decline,29.0,2026-05-08
SIG-01308,PROD-01027,STORE-0462,seasonal,-3.4,2026-06-06
SIG-01309,PROD-02024,STORE-0205,spike,-29.5,2026-01-20
SIG-01310,PROD-00513,STORE-0394,spike,-21.4,2026-05-27
SIG-01311,PROD-02242,STORE-0100,spike,19.1,2026-04-09
SIG-01312,PROD-03562,STORE-0302,seasonal,-8.1,2026-07-28
SIG-01313,PROD-04298,STORE-0316,spike,61.5,2026-04-26
SIG-01314,PROD-04815,STORE-0468,spike,49.8,2026-06-23
SIG-01315,PROD-00853,STORE-0159,decline,33.8,2026-01-14
SIG-01316,PROD-03318,STORE-0244,seasonal,45.0,2026-07-04
SIG-01317,PROD-02759,STORE-0367,spike,50.5,2026-06-26
SIG-01318,PROD-04984,STORE-0389,seasonal,-22.2,2026-08-18
SIG-01319,PROD-01782,STORE-0484,seasonal,70.8,2026-05-17
SIG-01320,PROD-02360,STORE-0021,spike,52.5,2026-02-25
SIG-01321,PROD-03055,STORE-0312,spike,75.1,2026-07-28
SIG-01322,PROD-00426,STORE-0093,spike,26.3,2026-07-14
SIG-01323,PROD-01814,STORE-0076,decline,79.9,2026-03-20
SIG-01324,PROD-04205,STORE-0178,spike,-21.3,2026-05-28
SIG-01325,PROD-00263,STORE-0126,spike,24.2,2026-02-12
SIG-01326,PROD-03096,STORE-0276,spike,-5.5,2026-07-14
SIG-01327,PROD-03370,STORE-0111,spike,79.0,2026-05-04
SIG-01328,PROD-01669,STORE-0284,seasonal,51.3,2026-06-08
SIG-01329,PROD-04656,STORE-0447,decline,15.9,2026-07-10
SIG-01330,PROD-00689,STORE-0311,seasonal,73.0,2026-07-11
SIG-01331,PROD-02818,STORE-0197,spike,-13.6,2026-04-19
SIG-01332,PROD-03998,STORE-0136,seasonal,-38.3,2026-08-10
SIG-01333,PROD-02984,STORE-0323,decline,2.7,2026-02-21
SIG-01334,PROD-03021,STORE-0088,decline,21.9,2026-01-27
SIG-01335,PROD-03143,STORE-0491,spike,-39.1,2026-06-14
SIG-01336,PROD-02861,STORE-0068,decline,29.6,2026-07-01
SIG-01337,PROD-04834,STORE-0114,spike,47.1,2026-04-05
SIG-01338,PROD-01424,STORE-0377,decline,3.9,2026-05-28
SIG-01339,PROD-04750,STORE-0350,spike,70.5,2026-04-19
SIG-01340,PROD-01462,STORE-0254,seasonal,-19.0,2026-07-04
SIG-01341,PROD-01516,STORE-0479,spike,-31.1,2026-06-19
SIG-01342,PROD-01683,STORE-0399,spike,34.4,2026-02-14
SIG-01343,PROD-04442,STORE-0456,spike,15.5,2026-01-27
SIG-01344,PROD-03871,STORE-0069,spike,-12.2,2026-02-11
SIG-01345,PROD-01991,STORE-0160,spike,11.9,2026-04-09
SIG-01346,PROD-01696,STORE-0068,seasonal,59.9,2026-07-10
SIG-01347,PROD-03870,STORE-0106,decline,58.5,2026-04-01
SIG-01348,PROD-03373,STORE-0296,decline,74.0,2026-08-17
SIG-01349,PROD-02550,STORE-0219,spike,-8.2,2026-08-08
SIG-01350,PROD-02984,STORE-0361,seasonal,52.4,2026-04-16
SIG-01351,PROD-00333,STORE-0473,decline,57.5,2026-07-21
SIG-01352,PROD-04439,STORE-0156,decline,59.9,2026-02-22
SIG-01353,PROD-00731,STORE-0456,seasonal,-21.0,2026-01-04
SIG-01354,PROD-00797,STORE-0219,decline,73.4,2026-07-07
SIG-01355,PROD-03921,STORE-0206,decline,10.8,2026-08-19
SIG-01356,PROD-03943,STORE-0492,spike,50.8,2026-08-05
SIG-01357,PROD-01249,STORE-0389,decline,70.2,2026-06-20
SIG-01358,PROD-00403,STORE-0037,seasonal,63.8,2026-08-10
SIG-01359,PROD-00917,STORE-0258,seasonal,44.9,2026-05-24
SIG-01360,PROD-04000,STORE-0106,decline,43.5,2026-05-27
SIG-01361,PROD-04669,STORE-0145,seasonal,78.8,2026-06-22
SIG-01362,PROD-00568,STORE-0181,spike,47.8,2026-02-02
SIG-01363,PROD-03575,STORE-0217,decline,25.1,2026-05-04
SIG-01364,PROD-01086,STORE-0034,decline,17.1,2026-02-21
SIG-01365,PROD-03334,STORE-0158,decline,2.8,2026-05-13
SIG-01366,PROD-03597,STORE-0079,seasonal,43.3,2026-01-08
SIG-01367,PROD-02632,STORE-0227,seasonal,68.8,2026-02-20
SIG-01368,PROD-04303,STORE-0348,spike,15.3,2026-01-26
SIG-01369,PROD-03010,STORE-0280,decline,-1.2,2026-07-18
SIG-01370,PROD-02243,STORE-0374,seasonal,30.1,2026-01-22
SIG-01371,PROD-04322,STORE-0122,decline,63.2,2026-08-26
SIG-01372,PROD-04584,STORE-0378,spike,78.4,2026-08-23
SIG-01373,PROD-04629,STORE-0081,spike,53.3,2026-03-20
SIG-01374,PROD-04622,STORE-0056,spike,20.6,2026-02-04
SIG-01375,PROD-01358,STORE-0415,spike,52.0,2026-01-25
SIG-01376,PROD-01546,STORE-0439,decline,12.1,2026-08-09
SIG-01377,PROD-01889,STORE-0070,spike,51.9,2026-05-08
SIG-01378,PROD-02487,STORE-0306,spike,46.8,2026-02-14
SIG-01379,PROD-03560,STORE-0319,spike,-17.3,2026-08-28
SIG-01380,PROD-02906,STORE-0266,seasonal,-3.1,2026-08-12
SIG-01381,PROD-00287,STORE-0419,seasonal,71.8,2026-05-28
SIG-01382,PROD-00520,STORE-0129,spike,13.5,2026-04-22
SIG-01383,PROD-01955,STORE-0421,spike,-16.7,2026-08-18
SIG-01384,PROD-00524,STORE-0022,spike,64.9,2026-06-11
SIG-01385,PROD-00270,STORE-0097,seasonal,-20.1,2026-04-09
SIG-01386,PROD-01654,STORE-0422,decline,-35.2,2026-02-06
SIG-01387,PROD-00484,STORE-0291,spike,36.9,2026-04-13
SIG-01388,PROD-00529,STORE-0374,seasonal,79.9,2026-06-12
SIG-01389,PROD-01028,STORE-0166,seasonal,64.9,2026-07-07
SIG-01390,PROD-01537,STORE-0445,seasonal,55.4,2026-08-02
SIG-01391,PROD-04181,STORE-0082,decline,-21.8,2026-07-02
SIG-01392,PROD-03359,STORE-0046,seasonal,42.0,2026-06-28
SIG-01393,PROD-00387,STORE-0184,seasonal,-23.4,2026-04-12
SIG-01394,PROD-00525,STORE-0248,seasonal,-37.7,2026-06-23
SIG-01395,PROD-03686,STORE-0278,spike,39.1,2026-07-12
SIG-01396,PROD-04220,STORE-0421,seasonal,59.2,2026-06-13
SIG-01397,PROD-00401,STORE-0401,seasonal,-28.9,2026-04-16
SIG-01398,PROD-00350,STORE-0161,decline,47.3,2026-06-28
SIG-01399,PROD-00329,STORE-0233,spike,-5.8,2026-08-22
SIG-01400,PROD-04318,STORE-0128,spike,5.7,2026-06-01
SIG-01401,PROD-00263,STORE-0110,spike,-37.1,2026-04-11
SIG-01402,PROD-01537,STORE-0075,decline,8.0,2026-05-07
SIG-01403,PROD-04073,STORE-0056,spike,32.3,2026-08-13
SIG-01404,PROD-02860,STORE-0020,spike,57.5,2026-08-16
SIG-01405,PROD-02249,STORE-0075,decline,40.5,2026-03-18
SIG-01406,PROD-02147,STORE-0169,seasonal,-7.2,2026-02-26
SIG-01407,PROD-04165,STORE-0243,decline,-20.5,2026-01-02
SIG-01408,PROD-00575,STORE-0226,seasonal,10.7,2026-06-24
SIG-01409,PROD-04706,STORE-0003,decline,26.5,2026-01-28
SIG-01410,PROD-02221,STORE-0371,seasonal,-0.4,2026-06-14
SIG-01411,PROD-02846,STORE-0146,spike,49.4,2026-04-16
SIG-01412,PROD-01590,STORE-0303,decline,75.4,2026-07-28
SIG-01413,PROD-04224,STORE-0100,spike,4.7,2026-06-18
SIG-01414,PROD-00321,STORE-0466,decline,-0.6,2026-03-04
SIG-01415,PROD-01358,STORE-0464,seasonal,11.2,2026-03-20
SIG-01416,PROD-04382,STORE-0094,spike,61.5,2026-08-21
SIG-01417,PROD-03772,STORE-0356,decline,72.6,2026-07-25
SIG-01418,PROD-03610,STORE-0265,spike,-10.8,2026-03-21
SIG-01419,PROD-00047,STORE-0351,decline,-9.4,2026-06-08
SIG-01420,PROD-02565,STORE-0466,seasonal,21.1,2026-01-23
SIG-01421,PROD-01213,STORE-0325,spike,78.3,2026-04-22
SIG-01422,PROD-04497,STORE-0087,seasonal,31.3,2026-01-22
SIG-01423,PROD-01440,STORE-0037,spike,19.0,2026-01-13
SIG-01424,PROD-02173,STORE-0234,seasonal,73.0,2026-04-28
SIG-01425,PROD-00743,STORE-0342,seasonal,16.1,2026-02-05
SIG-01426,PROD-01134,STORE-0062,decline,12.0,2026-01-16
SIG-01427,PROD-03157,STORE-0391,seasonal,18.7,2026-01-21
SIG-01428,PROD-04543,STORE-0466,spike,74.3,2026-03-25
SIG-01429,PROD-01048,STORE-0139,seasonal,13.3,2026-08-07
SIG-01430,PROD-02140,STORE-0461,decline,38.8,2026-06-07
SIG-01431,PROD-02349,STORE-0359,seasonal,-14.7,2026-01-24
SIG-01432,PROD-00446,STORE-0094,spike,3.2,2026-04-25
SIG-01433,PROD-03116,STORE-0439,spike,-27.4,2026-07-23
SIG-01434,PROD-00524,STORE-0035,decline,30.1,2026-06-14
SIG-01435,PROD-02717,STORE-0349,decline,14.9,2026-05-23
SIG-01436,PROD-04360,STORE-0243,spike,30.9,2026-07-13
SIG-01437,PROD-00432,STORE-0428,decline,59.8,2026-02-12
SIG-01438,PROD-02484,STORE-0164,seasonal,45.9,2026-04-19
SIG-01439,PROD-04441,STORE-0077,seasonal,-32.6,2026-04-09
SIG-01440,PROD-03777,STORE-0361,spike,59.0,2026-01-07
SIG-01441,PROD-03352,STORE-0329,seasonal,73.9,2026-07-16
SIG-01442,PROD-02153,STORE-0155,seasonal,-8.4,2026-04-17
SIG-01443,PROD-03248,STORE-0249,spike,61.0,2026-05-14
SIG-01444,PROD-03435,STORE-0494,decline,-36.5,2026-03-10
SIG-01445,PROD-01798,STORE-0100,spike,3.7,2026-02-28
SIG-01446,PROD-02800,STORE-0446,seasonal,27.4,2026-07-14
SIG-01447,PROD-02894,STORE-0283,seasonal,3.1,2026-07-10
SIG-01448,PROD-01701,STORE-0208,decline,-3.6,2026-04-02
SIG-01449,PROD-03455,STORE-0044,decline,32.3,2026-08-17
SIG-01450,PROD-04139,STORE-0028,seasonal,43.9,2026-01-08
SIG-01451,PROD-01494,STORE-0058,decline,57.6,2026-04-19
SIG-01452,PROD-02618,STORE-0099,spike,58.1,2026-06-13
SIG-01453,PROD-02564,STORE-0407,spike,1.4,2026-01-21
SIG-01454,PROD-04086,STORE-0473,spike,31.3,2026-07-08
SIG-01455,PROD-00232,STORE-0483,decline,37.8,2026-04-15
SIG-01456,PROD-03316,STORE-0045,spike,-11.2,2026-08-19
SIG-01457,PROD-04005,STORE-0360,seasonal,27.1,2026-06-24
SIG-01458,PROD-02701,STORE-0195,decline,52.8,2026-05-17
SIG-01459,PROD-02342,STORE-0435,spike,56.9,2026-05-25
SIG-01460,PROD-00518,STORE-0230,seasonal,-9.7,2026-07-18
SIG-01461,PROD-03801,STORE-0112,spike,23.8,2026-01-16
SIG-01462,PROD-03723,STORE-0025,decline,65.8,2026-03-23
SIG-01463,PROD-02539,STORE-0156,seasonal,36.7,2026-04-22
SIG-01464,PROD-04835,STORE-0050,seasonal,73.4,2026-01-28
SIG-01465,PROD-02691,STORE-0498,seasonal,-16.2,2026-05-25
SIG-01466,PROD-03224,STORE-0023,seasonal,17.4,2026-04-07
SIG-01467,PROD-00382,STORE-0430,seasonal,11.1,2026-08-02
SIG-01468,PROD-01938,STORE-0088,seasonal,9.1,2026-06-17
SIG-01469,PROD-02709,STORE-0287,decline,-4.4,2026-04-25
SIG-01470,PROD-01910,STORE-0263,seasonal,39.4,2026-04-15
SIG-01471,PROD-00964,STORE-0453,seasonal,-32.0,2026-01-28
SIG-01472,PROD-04869,STORE-0011,decline,71.1,2026-01-03
SIG-01473,PROD-03438,STORE-0144,seasonal,64.0,2026-05-22
SIG-01474,PROD-03405,STORE-0494,decline,-8.7,2026-05-25
SIG-01475,PROD-03757,STORE-0336,spike,17.7,2026-03-10
SIG-01476,PROD-00546,STORE-0374,spike,31.1,2026-07-02
SIG-01477,PROD-02098,STORE-0105,seasonal,15.7,2026-01-09
SIG-01478,PROD-00370,STORE-0170,decline,16.2,2026-03-27
SIG-01479,PROD-03082,STORE-0035,spike,-4.1,2026-03-10
SIG-01480,PROD-04737,STORE-0478,decline,60.6,2026-03-21
SIG-01481,PROD-02060,STORE-0488,spike,37.6,2026-06-15
SIG-01482,PROD-04706,STORE-0404,seasonal,-17.5,2026-05-07
SIG-01483,PROD-02612,STORE-0112,seasonal,70.8,2026-07-02
SIG-01484,PROD-00355,STORE-0109,decline,59.6,2026-05-23
SIG-01485,PROD-00030,STORE-0421,decline,-4.0,2026-01-08
SIG-01486,PROD-04501,STORE-0500,spike,-2.8,2026-05-27
SIG-01487,PROD-01593,STORE-0464,seasonal,72.8,2026-01-08
SIG-01488,PROD-00599,STORE-0086,seasonal,10.9,2026-08-23
SIG-01489,PROD-01319,STORE-0217,decline,-34.4,2026-08-24
SIG-01490,PROD-04322,STORE-0007,decline,38.2,2026-07-18
SIG-01491,PROD-04840,STORE-0314,spike,8.5,2026-04-08
SIG-01492,PROD-03972,STORE-0201,seasonal,61.5,2026-03-23
SIG-01493,PROD-01862,STORE-0020,decline,-12.0,2026-07-16
SIG-01494,PROD-00717,STORE-0283,spike,57.2,2026-07-20
SIG-01495,PROD-04208,STORE-0471,decline,-22.3,2026-03-10
SIG-01496,PROD-01255,STORE-0378,spike,35.6,2026-07-27
SIG-01497,PROD-01408,STORE-0438,seasonal,16.5,2026-04-12
SIG-01498,PROD-02723,STORE-0007,seasonal,32.1,2026-07-28
SIG-01499,PROD-04088,STORE-0274,seasonal,-17.1,2026-03-15
SIG-01500,PROD-03685,STORE-0451,spike,6.6,2026-02-11
SIG-01501,PROD-02056,STORE-0189,seasonal,-29.8,2026-04-25
SIG-01502,PROD-04329,STORE-0059,spike,-2.5,2026-02-06
SIG-01503,PROD-02533,STORE-0234,spike,-20.5,2026-08-27
SIG-01504,PROD-01201,STORE-0207,seasonal,-2.4,2026-05-03
SIG-01505,PROD-03905,STORE-0160,spike,46.0,2026-06-21
SIG-01506,PROD-04765,STORE-0442,seasonal,-3.0,2026-04-17
SIG-01507,PROD-02791,STORE-0205,spike,11.5,2026-01-18
SIG-01508,PROD-03514,STORE-0064,decline,28.0,2026-03-24
SIG-01509,PROD-03489,STORE-0069,spike,75.9,2026-07-18
SIG-01510,PROD-03279,STORE-0188,seasonal,46.2,2026-05-26
SIG-01511,PROD-03294,STORE-0057,seasonal,66.2,2026-05-19
SIG-01512,PROD-00077,STORE-0039,decline,-26.5,2026-05-21
SIG-01513,PROD-04431,STORE-0490,spike,15.8,2026-05-14
SIG-01514,PROD-02973,STORE-0224,decline,14.6,2026-03-13
SIG-01515,PROD-01877,STORE-0141,spike,35.0,2026-08-06
SIG-01516,PROD-01075,STORE-0457,decline,-26.9,2026-08-26
SIG-01517,PROD-02293,STORE-0185,spike,49.8,2026-08-21
SIG-01518,PROD-04991,STORE-0031,decline,75.5,2026-08-05
SIG-01519,PROD-01673,STORE-0082,decline,18.6,2026-06-12
SIG-01520,PROD-02177,STORE-0275,spike,-29.1,2026-05-10
SIG-01521,PROD-02091,STORE-0038,spike,-15.0,2026-04-05
SIG-01522,PROD-00654,STORE-0362,seasonal,-9.1,2026-06-25
SIG-01523,PROD-02204,STORE-0397,spike,43.3,2026-03-14
SIG-01524,PROD-00380,STORE-0350,decline,29.8,2026-07-28
SIG-01525,PROD-01534,STORE-0336,spike,-0.6,2026-02-02
SIG-01526,PROD-01773,STORE-0107,decline,50.3,2026-06-01
SIG-01527,PROD-02723,STORE-0476,decline,31.8,2026-02-15
SIG-01528,PROD-01995,STORE-0436,decline,-21.8,2026-05-18
SIG-01529,PROD-03390,STORE-0250,seasonal,38.8,2026-01-11
SIG-01530,PROD-01447,STORE-0319,decline,23.1,2026-03-01
SIG-01531,PROD-01137,STORE-0291,decline,24.4,2026-08-16
SIG-01532,PROD-01135,STORE-0342,spike,13.0,2026-02-06
SIG-01533,PROD-04770,STORE-0071,decline,-39.1,2026-05-21
SIG-01534,PROD-01110,STORE-0055,seasonal,46.7,2026-07-17
SIG-01535,PROD-00277,STORE-0306,spike,-31.6,2026-05-03
SIG-01536,PROD-01719,STORE-0294,seasonal,54.1,2026-07-20
SIG-01537,PROD-02439,STORE-0024,seasonal,-20.4,2026-08-20
SIG-01538,PROD-00029,STORE-0054,seasonal,-38.1,2026-03-16
SIG-01539,PROD-02848,STORE-0388,seasonal,-29.1,2026-01-05
SIG-01540,PROD-00433,STORE-0462,seasonal,15.8,2026-06-21
SIG-01541,PROD-01582,STORE-0257,seasonal,71.3,2026-02-21
SIG-01542,PROD-00289,STORE-0238,spike,-1.4,2026-04-11
SIG-01543,PROD-04896,STORE-0191,spike,58.9,2026-04-27
SIG-01544,PROD-02144,STORE-0333,spike,29.3,2026-04-06
SIG-01545,PROD-00961,STORE-0236,decline,9.9,2026-07-18
SIG-01546,PROD-04040,STORE-0068,decline,26.0,2026-08-09
SIG-01547,PROD-01239,STORE-0011,decline,45.9,2026-07-25
SIG-01548,PROD-00480,STORE-0329,seasonal,70.1,2026-05-01
SIG-01549,PROD-02600,STORE-0130,spike,-34.4,2026-02-04
SIG-01550,PROD-01711,STORE-0058,decline,0.0,2026-03-09
SIG-01551,PROD-02661,STORE-0419,seasonal,-18.3,2026-07-15
SIG-01552,PROD-00511,STORE-0222,decline,-20.3,2026-04-15
SIG-01553,PROD-04983,STORE-0415,seasonal,1.9,2026-06-10
SIG-01554,PROD-02190,STORE-0017,spike,68.5,2026-08-13
SIG-01555,PROD-04359,STORE-0294,seasonal,67.4,2026-03-04
SIG-01556,PROD-02688,STORE-0115,spike,47.5,2026-02-27
SIG-01557,PROD-02200,STORE-0168,spike,34.2,2026-02-03
SIG-01558,PROD-01499,STORE-0338,spike,77.0,2026-05-12
SIG-01559,PROD-03799,STORE-0377,spike,31.6,2026-08-08
SIG-01560,PROD-03884,STORE-0068,decline,38.6,2026-03-19
SIG-01561,PROD-00769,STORE-0071,decline,12.2,2026-06-13
SIG-01562,PROD-04400,STORE-0125,decline,15.8,2026-02-14
SIG-01563,PROD-00503,STORE-0353,spike,54.1,2026-08-14
SIG-01564,PROD-04530,STORE-0368,decline,19.6,2026-07-20
SIG-01565,PROD-01852,STORE-0452,spike,-6.1,2026-08-14
SIG-01566,PROD-02099,STORE-0219,seasonal,65.0,2026-03-15
SIG-01567,PROD-02736,STORE-0254,decline,18.6,2026-05-26
SIG-01568,PROD-03769,STORE-0374,seasonal,51.1,2026-06-01
SIG-01569,PROD-04575,STORE-0295,decline,-37.6,2026-06-28
SIG-01570,PROD-02079,STORE-0302,seasonal,-29.8,2026-08-01
SIG-01571,PROD-04105,STORE-0122,seasonal,78.2,2026-06-06
SIG-01572,PROD-03909,STORE-0032,decline,64.7,2026-04-12
SIG-01573,PROD-01501,STORE-0307,seasonal,14.3,2026-03-12
SIG-01574,PROD-01169,STORE-0041,decline,-34.3,2026-06-06
SIG-01575,PROD-03912,STORE-0271,decline,10.8,2026-06-12
SIG-01576,PROD-01954,STORE-0010,decline,29.6,2026-03-16
SIG-01577,PROD-03318,STORE-0114,decline,30.5,2026-05-06
SIG-01578,PROD-04976,STORE-0133,decline,66.7,2026-03-24
SIG-01579,PROD-01195,STORE-0421,seasonal,49.2,2026-07-07
SIG-01580,PROD-03017,STORE-0167,seasonal,77.7,2026-07-12
SIG-01581,PROD-01573,STORE-0084,seasonal,21.7,2026-07-09
SIG-01582,PROD-03777,STORE-0186,spike,-18.5,2026-03-12
SIG-01583,PROD-01084,STORE-0266,seasonal,9.6,2026-01-05
SIG-01584,PROD-02271,STORE-0436,spike,32.5,2026-06-19
SIG-01585,PROD-02255,STORE-0406,decline,15.7,2026-07-03
SIG-01586,PROD-00400,STORE-0321,decline,2.1,2026-07-18
SIG-01587,PROD-01222,STORE-0195,spike,67.6,2026-01-07
SIG-01588,PROD-00758,STORE-0284,decline,-10.3,2026-06-19
SIG-01589,PROD-00469,STORE-0087,decline,20.1,2026-01-21
SIG-01590,PROD-04075,STORE-0007,decline,13.3,2026-04-04
SIG-01591,PROD-02136,STORE-0230,decline,35.7,2026-07-01
SIG-01592,PROD-00709,STORE-0370,decline,-28.0,2026-05-02
SIG-01593,PROD-01616,STORE-0356,spike,60.8,2026-02-04
SIG-01594,PROD-02411,STORE-0103,seasonal,25.9,2026-07-25
SIG-01595,PROD-03272,STORE-0413,decline,-26.2,2026-02-25
SIG-01596,PROD-00524,STORE-0121,seasonal,-11.7,2026-02-08
SIG-01597,PROD-03050,STORE-0069,decline,-14.5,2026-04-08
SIG-01598,PROD-04116,STORE-0160,decline,50.6,2026-02-24
SIG-01599,PROD-03992,STORE-0380,seasonal,2.7,2026-07-23
SIG-01600,PROD-01248,STORE-0029,spike,56.2,2026-07-17
SIG-01601,PROD-02228,STORE-0397,seasonal,17.4,2026-08-26
SIG-01602,PROD-04524,STORE-0104,spike,71.4,2026-07-26
SIG-01603,PROD-01569,STORE-0090,spike,-4.6,2026-01-05
SIG-01604,PROD-03529,STORE-0404,spike,-13.0,2026-07-25
SIG-01605,PROD-04635,STORE-0052,decline,9.1,2026-06-15
SIG-01606,PROD-03801,STORE-0366,spike,3.8,2026-03-02
SIG-01607,PROD-04354,STORE-0194,decline,-11.2,2026-05-08
SIG-01608,PROD-01027,STORE-0498,decline,63.5,2026-01-24
SIG-01609,PROD-04044,STORE-0459,decline,1.9,2026-08-18
SIG-01610,PROD-01303,STORE-0475,seasonal,48.8,2026-05-07
SIG-01611,PROD-02382,STORE-0433,spike,-36.9,2026-08-06
SIG-01612,PROD-03499,STORE-0111,seasonal,69.6,2026-02-09
SIG-01613,PROD-01900,STORE-0391,decline,62.0,2026-01-01
SIG-01614,PROD-00071,STORE-0081,seasonal,-38.4,2026-06-13
SIG-01615,PROD-03636,STORE-0364,decline,-37.1,2026-06-21
SIG-01616,PROD-02942,STORE-0390,spike,4.0,2026-04-12
SIG-01617,PROD-01003,STORE-0314,spike,79.6,2026-01-19
SIG-01618,PROD-04206,STORE-0368,seasonal,15.2,2026-01-24
SIG-01619,PROD-03404,STORE-0223,spike,26.7,2026-03-06
SIG-01620,PROD-04917,STORE-0270,seasonal,45.7,2026-02-13
SIG-01621,PROD-01640,STORE-0390,seasonal,44.9,2026-06-02
SIG-01622,PROD-00947,STORE-0348,spike,-31.1,2026-01-19
SIG-01623,PROD-03028,STORE-0102,spike,78.0,2026-05-10
SIG-01624,PROD-01420,STORE-0348,decline,-39.8,2026-03-10
SIG-01625,PROD-02438,STORE-0181,seasonal,31.5,2026-05-19
SIG-01626,PROD-01117,STORE-0165,decline,-5.4,2026-04-07
SIG-01627,PROD-00581,STORE-0363,seasonal,73.3,2026-01-22
SIG-01628,PROD-00969,STORE-0178,spike,-37.4,2026-06-10
SIG-01629,PROD-01086,STORE-0176,spike,-35.1,2026-04-23
SIG-01630,PROD-02459,STORE-0163,decline,8.9,2026-07-24
SIG-01631,PROD-04282,STORE-0425,spike,57.6,2026-02-16
SIG-01632,PROD-00206,STORE-0249,seasonal,-4.6,2026-06-26
SIG-01633,PROD-02704,STORE-0334,spike,73.1,2026-04-14
SIG-01634,PROD-03057,STORE-0132,seasonal,-29.0,2026-01-27
SIG-01635,PROD-01581,STORE-0430,decline,63.2,2026-02-17
SIG-01636,PROD-01313,STORE-0427,decline,1.9,2026-05-03
SIG-01637,PROD-04419,STORE-0475,seasonal,11.5,2026-06-15
SIG-01638,PROD-02158,STORE-0357,spike,40.6,2026-03-15
SIG-01639,PROD-00466,STORE-0446,decline,70.8,2026-06-22
SIG-01640,PROD-03986,STORE-0435,spike,17.2,2026-05-17
SIG-01641,PROD-00522,STORE-0307,spike,71.9,2026-08-21
SIG-01642,PROD-02621,STORE-0056,seasonal,62.9,2026-05-16
SIG-01643,PROD-03989,STORE-0454,seasonal,-3.4,2026-05-18
SIG-01644,PROD-03918,STORE-0445,decline,71.2,2026-01-20
SIG-01645,PROD-00296,STORE-0390,decline,-9.5,2026-05-02
SIG-01646,PROD-00585,STORE-0111,decline,60.5,2026-04-07
SIG-01647,PROD-02127,STORE-0031,seasonal,70.6,2026-05-22
SIG-01648,PROD-04651,STORE-0119,decline,-23.7,2026-07-06
SIG-01649,PROD-03524,STORE-0345,seasonal,19.5,2026-06-19
SIG-01650,PROD-04523,STORE-0303,decline,29.6,2026-08-11
SIG-01651,PROD-04647,STORE-0179,seasonal,-33.6,2026-08-09
SIG-01652,PROD-02685,STORE-0130,decline,59.8,2026-01-02
SIG-01653,PROD-01151,STORE-0024,decline,-27.7,2026-07-02
SIG-01654,PROD-01923,STORE-0338,decline,-27.9,2026-01-01
SIG-01655,PROD-04651,STORE-0413,seasonal,49.3,2026-05-24
SIG-01656,PROD-01328,STORE-0253,spike,-33.8,2026-04-05
SIG-01657,PROD-03839,STORE-0361,seasonal,24.1,2026-05-02
SIG-01658,PROD-00021,STORE-0013,decline,72.4,2026-06-04
SIG-01659,PROD-01767,STORE-0101,spike,-27.1,2026-07-23
SIG-01660,PROD-01767,STORE-0390,seasonal,65.6,2026-05-19
SIG-01661,PROD-04633,STORE-0112,spike,42.3,2026-06-09
SIG-01662,PROD-01507,STORE-0483,decline,4.2,2026-06-02
SIG-01663,PROD-03183,STORE-0321,seasonal,-36.9,2026-01-24
SIG-01664,PROD-04306,STORE-0070,spike,-11.8,2026-07-19
SIG-01665,PROD-02603,STORE-0119,spike,73.8,2026-08-08
SIG-01666,PROD-00228,STORE-0477,decline,-21.6,2026-02-13
SIG-01667,PROD-02265,STORE-0085,decline,-4.0,2026-01-15
SIG-01668,PROD-03731,STORE-0067,seasonal,25.7,2026-02-24
SIG-01669,PROD-00479,STORE-0348,decline,-10.1,2026-01-27
SIG-01670,PROD-00972,STORE-0265,decline,8.7,2026-03-19
SIG-01671,PROD-03094,STORE-0243,spike,29.4,2026-07-12
SIG-01672,PROD-00296,STORE-0201,seasonal,12.0,2026-03-09
SIG-01673,PROD-01110,STORE-0187,seasonal,31.8,2026-04-23
SIG-01674,PROD-01458,STORE-0135,decline,-33.3,2026-08-21
SIG-01675,PROD-02591,STORE-0430,seasonal,8.1,2026-03-26
SIG-01676,PROD-00967,STORE-0042,decline,50.9,2026-05-12
SIG-01677,PROD-02287,STORE-0025,spike,45.2,2026-01-01
SIG-01678,PROD-02802,STORE-0233,seasonal,23.2,2026-05-09
SIG-01679,PROD-02279,STORE-0113,spike,-35.3,2026-02-06
SIG-01680,PROD-00051,STORE-0232,seasonal,57.5,2026-07-01
SIG-01681,PROD-04698,STORE-0212,spike,39.2,2026-03-01
SIG-01682,PROD-04319,STORE-0437,decline,61.5,2026-06-04
SIG-01683,PROD-02090,STORE-0103,spike,40.0,2026-05-07
SIG-01684,PROD-00619,STORE-0053,spike,-4.1,2026-05-11
SIG-01685,PROD-00552,STORE-0045,decline,47.8,2026-01-17
SIG-01686,PROD-04673,STORE-0155,spike,26.6,2026-08-08
SIG-01687,PROD-03812,STORE-0146,decline,57.0,2026-03-19
SIG-01688,PROD-02665,STORE-0496,spike,-0.2,2026-02-05
SIG-01689,PROD-00027,STORE-0421,spike,29.7,2026-02-14
SIG-01690,PROD-04782,STORE-0197,spike,1.7,2026-07-17
SIG-01691,PROD-01348,STORE-0243,spike,1.8,2026-01-03
SIG-01692,PROD-04570,STORE-0397,seasonal,-20.3,2026-07-27
SIG-01693,PROD-00923,STORE-0461,decline,-11.5,2026-01-07
SIG-01694,PROD-04080,STORE-0438,seasonal,58.7,2026-06-10
SIG-01695,PROD-04981,STORE-0351,seasonal,-3.6,2026-05-17
SIG-01696,PROD-01526,STORE-0328,spike,59.3,2026-05-19
SIG-01697,PROD-01658,STORE-0284,spike,32.2,2026-08-09
SIG-01698,PROD-01071,STORE-0404,seasonal,39.1,2026-06-25
SIG-01699,PROD-01859,STORE-0218,seasonal,-16.5,2026-04-26
SIG-01700,PROD-04371,STORE-0400,decline,-11.3,2026-06-09
SIG-01701,PROD-01165,STORE-0052,decline,5.3,2026-01-05
SIG-01702,PROD-03311,STORE-0002,seasonal,77.4,2026-04-04
SIG-01703,PROD-00460,STORE-0351,spike,14.9,2026-02-21
SIG-01704,PROD-03865,STORE-0446,decline,55.6,2026-01-04
SIG-01705,PROD-03977,STORE-0207,seasonal,50.2,2026-05-10
SIG-01706,PROD-04111,STORE-0498,seasonal,51.2,2026-05-25
SIG-01707,PROD-02726,STORE-0056,decline,49.6,2026-07-07
SIG-01708,PROD-04165,STORE-0362,spike,-31.4,2026-07-09
SIG-01709,PROD-03090,STORE-0461,decline,0.7,2026-08-03
SIG-01710,PROD-04683,STORE-0176,spike,9.4,2026-03-22
SIG-01711,PROD-01289,STORE-0392,spike,-33.0,2026-06-01
SIG-01712,PROD-03729,STORE-0353,seasonal,64.9,2026-05-02
SIG-01713,PROD-04735,STORE-0056,seasonal,64.6,2026-04-09
SIG-01714,PROD-03356,STORE-0410,spike,58.3,2026-03-17
SIG-01715,PROD-04746,STORE-0423,spike,65.7,2026-05-13
SIG-01716,PROD-03494,STORE-0144,spike,68.3,2026-08-24
SIG-01717,PROD-01519,STORE-0408,decline,29.5,2026-02-26
SIG-01718,PROD-00952,STORE-0003,seasonal,64.5,2026-06-12
SIG-01719,PROD-03988,STORE-0028,seasonal,-21.8,2026-02-20
SIG-01720,PROD-03987,STORE-0380,spike,-37.5,2026-07-21
SIG-01721,PROD-01702,STORE-0043,seasonal,6.5,2026-03-21
SIG-01722,PROD-01471,STORE-0263,seasonal,-2.8,2026-06-23
SIG-01723,PROD-03934,STORE-0158,spike,59.7,2026-06-18
SIG-01724,PROD-04120,STORE-0410,seasonal,3.3,2026-04-16
SIG-01725,PROD-00452,STORE-0319,spike,72.9,2026-07-08
SIG-01726,PROD-04418,STORE-0054,spike,25.7,2026-02-25
SIG-01727,PROD-04205,STORE-0362,seasonal,-7.2,2026-01-27
SIG-01728,PROD-04268,STORE-0316,decline,72.9,2026-03-09
SIG-01729,PROD-04615,STORE-0322,spike,16.3,2026-02-09
SIG-01730,PROD-01728,STORE-0194,spike,10.6,2026-03-16
SIG-01731,PROD-00109,STORE-0411,decline,-33.3,2026-01-12
SIG-01732,PROD-02502,STORE-0440,seasonal,72.8,2026-07-02
SIG-01733,PROD-03436,STORE-0436,spike,51.0,2026-05-28
SIG-01734,PROD-01729,STORE-0061,decline,-39.5,2026-01-25
SIG-01735,PROD-03892,STORE-0049,spike,-29.5,2026-08-15
SIG-01736,PROD-00801,STORE-0475,spike,50.0,2026-03-05
SIG-01737,PROD-02030,STORE-0152,spike,30.5,2026-07-24
SIG-01738,PROD-02278,STORE-0042,decline,60.1,2026-01-25
SIG-01739,PROD-03858,STORE-0198,spike,-12.5,2026-06-20
SIG-01740,PROD-02854,STORE-0249,spike,-32.2,2026-04-10
SIG-01741,PROD-03935,STORE-0121,spike,-30.6,2026-08-17
SIG-01742,PROD-00382,STORE-0032,seasonal,0.8,2026-06-10
SIG-01743,PROD-04112,STORE-0403,spike,39.7,2026-07-03
SIG-01744,PROD-02485,STORE-0456,decline,-0.3,2026-06-21
SIG-01745,PROD-03395,STORE-0321,decline,22.0,2026-03-14
SIG-01746,PROD-04294,STORE-0137,seasonal,57.0,2026-07-01
SIG-01747,PROD-04031,STORE-0040,seasonal,-18.7,2026-07-01
SIG-01748,PROD-04201,STORE-0165,decline,9.4,2026-07-19
SIG-01749,PROD-04138,STORE-0128,spike,68.9,2026-04-12
SIG-01750,PROD-04501,STORE-0269,seasonal,-13.4,2026-06-20
SIG-01751,PROD-01792,STORE-0356,spike,-4.3,2026-04-09
SIG-01752,PROD-00424,STORE-0069,seasonal,23.2,2026-07-10
SIG-01753,PROD-03559,STORE-0383,decline,75.4,2026-07-13
SIG-01754,PROD-02868,STORE-0496,seasonal,-2.0,2026-07-05
SIG-01755,PROD-02547,STORE-0141,decline,54.7,2026-07-09
SIG-01756,PROD-02708,STORE-0045,spike,55.7,2026-03-04
SIG-01757,PROD-03364,STORE-0289,decline,26.3,2026-01-18
SIG-01758,PROD-00103,STORE-0310,decline,-22.9,2026-02-18
SIG-01759,PROD-03369,STORE-0360,decline,-12.7,2026-05-13
SIG-01760,PROD-01077,STORE-0297,spike,43.6,2026-06-27
SIG-01761,PROD-00281,STORE-0475,decline,43.1,2026-04-10
SIG-01762,PROD-02443,STORE-0018,decline,31.1,2026-07-19
SIG-01763,PROD-01456,STORE-0120,seasonal,56.9,2026-08-27
SIG-01764,PROD-01522,STORE-0496,spike,33.0,2026-05-13
SIG-01765,PROD-01797,STORE-0006,spike,65.3,2026-03-23
SIG-01766,PROD-00212,STORE-0304,seasonal,2.3,2026-07-11
SIG-01767,PROD-03955,STORE-0286,seasonal,22.7,2026-05-15
SIG-01768,PROD-04257,STORE-0353,seasonal,45.9,2026-03-26
SIG-01769,PROD-01422,STORE-0079,decline,63.8,2026-04-27
SIG-01770,PROD-03378,STORE-0156,spike,-11.9,2026-03-14
SIG-01771,PROD-03532,STORE-0209,decline,-12.7,2026-02-13
SIG-01772,PROD-03937,STORE-0380,seasonal,27.9,2026-08-22
SIG-01773,PROD-01929,STORE-0337,seasonal,-11.3,2026-01-19
SIG-01774,PROD-02559,STORE-0110,seasonal,45.3,2026-08-08
SIG-01775,PROD-00349,STORE-0103,decline,36.7,2026-06-07
SIG-01776,PROD-00428,STORE-0237,decline,36.1,2026-07-12
SIG-01777,PROD-01987,STORE-0001,spike,-7.4,2026-02-10
SIG-01778,PROD-01839,STORE-0074,spike,19.2,2026-08-19
SIG-01779,PROD-02162,STORE-0498,decline,43.1,2026-03-08
SIG-01780,PROD-00268,STORE-0209,seasonal,-16.3,2026-06-23
SIG-01781,PROD-04752,STORE-0099,decline,49.0,2026-07-10
SIG-01782,PROD-03802,STORE-0231,spike,-20.0,2026-05-08
SIG-01783,PROD-00229,STORE-0183,decline,4.9,2026-06-10
SIG-01784,PROD-04808,STORE-0496,spike,55.8,2026-04-17
SIG-01785,PROD-03858,STORE-0038,seasonal,-8.9,2026-05-15
SIG-01786,PROD-03259,STORE-0346,spike,66.0,2026-07-25
SIG-01787,PROD-00871,STORE-0034,seasonal,-36.4,2026-01-14
SIG-01788,PROD-00637,STORE-0484,decline,60.4,2026-08-02
SIG-01789,PROD-03578,STORE-0200,decline,-9.1,2026-03-26
SIG-01790,PROD-03711,STORE-0332,seasonal,-27.9,2026-07-09
SIG-01791,PROD-00606,STORE-0401,decline,-11.3,2026-03-25
SIG-01792,PROD-04621,STORE-0382,spike,18.7,2026-03-14
SIG-01793,PROD-01585,STORE-0318,seasonal,27.6,2026-02-02
SIG-01794,PROD-01934,STORE-0184,spike,-36.6,2026-04-19
SIG-01795,PROD-04566,STORE-0211,spike,49.6,2026-03-10
SIG-01796,PROD-01406,STORE-0202,decline,17.1,2026-06-27
SIG-01797,PROD-02382,STORE-0229,decline,55.5,2026-02-17
SIG-01798,PROD-02918,STORE-0289,spike,43.4,2026-05-14
SIG-01799,PROD-04223,STORE-0428,seasonal,8.6,2026-01-22
SIG-01800,PROD-02682,STORE-0446,seasonal,56.7,2026-02-17
SIG-01801,PROD-02714,STORE-0212,seasonal,-22.7,2026-05-08
SIG-01802,PROD-04804,STORE-0274,decline,-13.9,2026-07-22
SIG-01803,PROD-02720,STORE-0490,decline,65.0,2026-03-24
SIG-01804,PROD-04330,STORE-0441,decline,29.4,2026-07-06
SIG-01805,PROD-04840,STORE-0214,spike,-31.2,2026-08-25
SIG-01806,PROD-00961,STORE-0283,spike,-13.1,2026-08-20
SIG-01807,PROD-04584,STORE-0273,seasonal,1.0,2026-03-03
SIG-01808,PROD-02000,STORE-0374,seasonal,47.8,2026-04-23
SIG-01809,PROD-04932,STORE-0097,decline,22.2,2026-05-18
SIG-01810,PROD-01915,STORE-0152,decline,5.2,2026-04-19
SIG-01811,PROD-02250,STORE-0039,seasonal,60.5,2026-07-18
SIG-01812,PROD-03173,STORE-0374,decline,46.6,2026-05-11
SIG-01813,PROD-02060,STORE-0052,spike,76.5,2026-01-10
SIG-01814,PROD-02795,STORE-0281,decline,-14.0,2026-03-24
SIG-01815,PROD-02798,STORE-0352,decline,13.4,2026-04-06
SIG-01816,PROD-04875,STORE-0090,spike,-30.2,2026-08-10
SIG-01817,PROD-03077,STORE-0380,seasonal,46.1,2026-05-06
SIG-01818,PROD-04582,STORE-0494,seasonal,71.1,2026-01-21
SIG-01819,PROD-04110,STORE-0191,spike,-21.6,2026-07-07
SIG-01820,PROD-04910,STORE-0407,seasonal,-3.3,2026-03-26
SIG-01821,PROD-01014,STORE-0130,spike,44.2,2026-04-26
SIG-01822,PROD-02481,STORE-0467,seasonal,58.7,2026-04-14
SIG-01823,PROD-01703,STORE-0254,seasonal,58.7,2026-04-12
SIG-01824,PROD-04357,STORE-0381,seasonal,78.5,2026-06-15
SIG-01825,PROD-04347,STORE-0059,decline,8.4,2026-04-02
SIG-01826,PROD-00994,STORE-0406,seasonal,-1.0,2026-02-26
SIG-01827,PROD-00877,STORE-0299,spike,46.2,2026-05-24
SIG-01828,PROD-02839,STORE-0452,decline,46.3,2026-08-18
SIG-01829,PROD-01981,STORE-0415,spike,50.0,2026-02-20
SIG-01830,PROD-00482,STORE-0345,decline,-21.6,2026-07-03
SIG-01831,PROD-02492,STORE-0277,decline,-6.5,2026-08-15
SIG-01832,PROD-02231,STORE-0131,spike,19.0,2026-04-28
SIG-01833,PROD-00260,STORE-0402,decline,-23.1,2026-02-05
SIG-01834,PROD-04942,STORE-0267,seasonal,52.6,2026-01-13
SIG-01835,PROD-02815,STORE-0411,seasonal,-29.5,2026-01-16
SIG-01836,PROD-01748,STORE-0301,spike,24.5,2026-01-02
SIG-01837,PROD-04959,STORE-0143,spike,49.9,2026-05-22
SIG-01838,PROD-00541,STORE-0295,decline,22.8,2026-04-07
SIG-01839,PROD-04449,STORE-0487,seasonal,51.5,2026-01-15
SIG-01840,PROD-03423,STORE-0358,spike,2.6,2026-02-10
SIG-01841,PROD-01540,STORE-0029,seasonal,70.8,2026-02-22
SIG-01842,PROD-03738,STORE-0048,spike,43.7,2026-01-22
SIG-01843,PROD-02549,STORE-0013,spike,39.5,2026-07-23
SIG-01844,PROD-00049,STORE-0456,spike,-13.9,2026-07-23
SIG-01845,PROD-01562,STORE-0346,seasonal,8.8,2026-03-07
SIG-01846,PROD-04907,STORE-0124,seasonal,74.2,2026-08-04
SIG-01847,PROD-01360,STORE-0271,decline,28.2,2026-03-15
SIG-01848,PROD-04837,STORE-0006,seasonal,62.5,2026-01-10
SIG-01849,PROD-02972,STORE-0469,spike,54.8,2026-02-15
SIG-01850,PROD-00955,STORE-0112,decline,-34.0,2026-08-25
SIG-01851,PROD-04868,STORE-0061,decline,-23.5,2026-04-20
SIG-01852,PROD-01584,STORE-0449,spike,47.6,2026-01-02
SIG-01853,PROD-02561,STORE-0020,decline,-4.4,2026-06-26
SIG-01854,PROD-02251,STORE-0116,seasonal,-7.0,2026-01-08
SIG-01855,PROD-03626,STORE-0256,spike,3.9,2026-08-20
SIG-01856,PROD-01214,STORE-0014,seasonal,76.3,2026-01-24
SIG-01857,PROD-04451,STORE-0423,spike,-7.7,2026-02-22
SIG-01858,PROD-01580,STORE-0414,decline,72.6,2026-05-09
SIG-01859,PROD-01954,STORE-0126,spike,19.1,2026-04-05
SIG-01860,PROD-03331,STORE-0415,decline,43.4,2026-01-26
SIG-01861,PROD-02288,STORE-0050,decline,-17.9,2026-04-06
SIG-01862,PROD-04133,STORE-0388,decline,-33.6,2026-07-26
SIG-01863,PROD-00714,STORE-0387,seasonal,61.4,2026-01-05
SIG-01864,PROD-03386,STORE-0399,decline,68.9,2026-07-03
SIG-01865,PROD-03595,STORE-0020,spike,-35.4,2026-01-13
SIG-01866,PROD-03962,STORE-0441,decline,30.1,2026-03-07
SIG-01867,PROD-00892,STORE-0296,spike,-7.6,2026-06-03
SIG-01868,PROD-03224,STORE-0230,seasonal,-8.8,2026-03-12
SIG-01869,PROD-02393,STORE-0044,decline,-7.7,2026-06-12
SIG-01870,PROD-03651,STORE-0275,decline,-34.1,2026-03-19
SIG-01871,PROD-01811,STORE-0195,spike,79.1,2026-06-15
SIG-01872,PROD-01130,STORE-0050,seasonal,-37.2,2026-07-26
SIG-01873,PROD-00020,STORE-0296,spike,22.3,2026-04-20
SIG-01874,PROD-01440,STORE-0055,decline,-14.7,2026-04-28
SIG-01875,PROD-03198,STORE-0041,seasonal,-17.7,2026-05-20
SIG-01876,PROD-03466,STORE-0422,spike,74.7,2026-03-15
SIG-01877,PROD-02511,STORE-0345,seasonal,-28.3,2026-01-22
SIG-01878,PROD-01650,STORE-0035,seasonal,33.7,2026-04-27
SIG-01879,PROD-02785,STORE-0080,seasonal,-9.9,2026-06-16
SIG-01880,PROD-04395,STORE-0455,decline,65.2,2026-03-15
SIG-01881,PROD-03685,STORE-0084,seasonal,58.8,2026-06-26
SIG-01882,PROD-02140,STORE-0201,decline,77.4,2026-08-27
SIG-01883,PROD-03076,STORE-0003,decline,51.7,2026-04-01
SIG-01884,PROD-00726,STORE-0200,seasonal,-33.6,2026-06-03
SIG-01885,PROD-02432,STORE-0194,seasonal,-31.2,2026-01-01
SIG-01886,PROD-04389,STORE-0388,seasonal,13.9,2026-08-23
SIG-01887,PROD-00282,STORE-0260,seasonal,-1.9,2026-07-10
SIG-01888,PROD-00743,STORE-0005,spike,-18.9,2026-05-22
SIG-01889,PROD-01103,STORE-0269,spike,-7.6,2026-01-18
SIG-01890,PROD-02000,STORE-0023,seasonal,55.3,2026-07-21
SIG-01891,PROD-01452,STORE-0037,spike,35.9,2026-08-07
SIG-01892,PROD-04567,STORE-0439,decline,37.3,2026-06-11
SIG-01893,PROD-02748,STORE-0129,seasonal,-33.9,2026-03-07
SIG-01894,PROD-02281,STORE-0265,decline,74.5,2026-06-17
SIG-01895,PROD-01595,STORE-0026,decline,67.4,2026-02-04
SIG-01896,PROD-03506,STORE-0206,spike,78.5,2026-03-09
SIG-01897,PROD-02908,STORE-0342,seasonal,11.0,2026-01-19
SIG-01898,PROD-01328,STORE-0012,seasonal,-38.7,2026-03-17
SIG-01899,PROD-02338,STORE-0189,decline,69.5,2026-02-11
SIG-01900,PROD-04075,STORE-0468,decline,66.5,2026-01-21
SIG-01901,PROD-02488,STORE-0396,seasonal,34.0,2026-02-20
SIG-01902,PROD-02299,STORE-0295,spike,37.7,2026-06-23
SIG-01903,PROD-01087,STORE-0234,seasonal,34.3,2026-07-27
SIG-01904,PROD-00476,STORE-0311,spike,-37.1,2026-08-03
SIG-01905,PROD-02187,STORE-0174,seasonal,9.5,2026-03-25
SIG-01906,PROD-03533,STORE-0232,decline,-36.5,2026-06-14
SIG-01907,PROD-01316,STORE-0428,decline,78.8,2026-03-03
SIG-01908,PROD-01551,STORE-0289,spike,26.8,2026-08-11
SIG-01909,PROD-04556,STORE-0095,decline,-27.9,2026-03-26
SIG-01910,PROD-01746,STORE-0232,decline,-12.8,2026-06-17
SIG-01911,PROD-02766,STORE-0068,seasonal,-33.2,2026-03-05
SIG-01912,PROD-04357,STORE-0089,spike,-21.3,2026-04-15
SIG-01913,PROD-04278,STORE-0410,seasonal,-35.8,2026-05-20
SIG-01914,PROD-04487,STORE-0241,spike,63.5,2026-03-11
SIG-01915,PROD-03262,STORE-0377,seasonal,47.2,2026-02-19
SIG-01916,PROD-02380,STORE-0294,seasonal,14.5,2026-02-08
SIG-01917,PROD-00220,STORE-0386,seasonal,68.0,2026-04-11
SIG-01918,PROD-00799,STORE-0494,spike,-27.7,2026-01-07
SIG-01919,PROD-01419,STORE-0093,spike,39.0,2026-04-09
SIG-01920,PROD-00936,STORE-0440,spike,-4.0,2026-04-11
SIG-01921,PROD-04469,STORE-0024,spike,70.2,2026-05-21
SIG-01922,PROD-01716,STORE-0087,seasonal,63.0,2026-01-28
SIG-01923,PROD-04379,STORE-0126,seasonal,43.1,2026-08-24
SIG-01924,PROD-00494,STORE-0372,decline,32.0,2026-01-26
SIG-01925,PROD-00922,STORE-0258,decline,12.8,2026-03-14
SIG-01926,PROD-02990,STORE-0308,spike,37.3,2026-06-26
SIG-01927,PROD-02910,STORE-0014,seasonal,-28.2,2026-08-02
SIG-01928,PROD-02778,STORE-0396,spike,22.1,2026-04-06
SIG-01929,PROD-04187,STORE-0224,decline,50.5,2026-07-11
SIG-01930,PROD-03811,STORE-0462,decline,2.9,2026-01-08
SIG-01931,PROD-03497,STORE-0092,decline,60.0,2026-07-14
SIG-01932,PROD-01077,STORE-0320,spike,10.1,2026-08-22
SIG-01933,PROD-01615,STORE-0334,seasonal,66.3,2026-06-09
SIG-01934,PROD-02771,STORE-0218,seasonal,70.6,2026-01-13
SIG-01935,PROD-00989,STORE-0022,decline,35.8,2026-07-18
SIG-01936,PROD-01757,STORE-0460,seasonal,19.6,2026-06-09
SIG-01937,PROD-01144,STORE-0254,seasonal,8.3,2026-04-16
SIG-01938,PROD-01350,STORE-0436,seasonal,60.4,2026-03-13
SIG-01939,PROD-00373,STORE-0337,decline,6.2,2026-06-02
SIG-01940,PROD-01393,STORE-0228,seasonal,-28.4,2026-05-17
SIG-01941,PROD-03703,STORE-0371,spike,56.8,2026-06-18
SIG-01942,PROD-00597,STORE-0153,decline,-35.6,2026-06-13
SIG-01943,PROD-04091,STORE-0156,seasonal,10.7,2026-02-14
SIG-01944,PROD-02668,STORE-0212,spike,-18.1,2026-03-28
SIG-01945,PROD-03198,STORE-0185,decline,59.6,2026-04-28
SIG-01946,PROD-04163,STORE-0097,spike,-19.3,2026-06-25
SIG-01947,PROD-01314,STORE-0269,spike,22.8,2026-06-11
SIG-01948,PROD-00304,STORE-0402,decline,65.9,2026-03-22
SIG-01949,PROD-00361,STORE-0290,spike,44.9,2026-01-24
SIG-01950,PROD-00873,STORE-0366,spike,-13.1,2026-01-16
SIG-01951,PROD-02411,STORE-0491,spike,17.4,2026-03-02
SIG-01952,PROD-01428,STORE-0457,spike,39.2,2026-03-01
SIG-01953,PROD-01957,STORE-0021,spike,76.0,2026-02-01
SIG-01954,PROD-03968,STORE-0227,decline,-31.0,2026-04-25
SIG-01955,PROD-00449,STORE-0027,decline,59.2,2026-01-14
SIG-01956,PROD-02961,STORE-0375,seasonal,31.6,2026-08-05
SIG-01957,PROD-02696,STORE-0463,seasonal,47.7,2026-05-04
SIG-01958,PROD-01782,STORE-0059,spike,-18.2,2026-05-23
SIG-01959,PROD-04960,STORE-0210,spike,-6.5,2026-01-22
SIG-01960,PROD-01796,STORE-0017,seasonal,77.8,2026-02-02
SIG-01961,PROD-00847,STORE-0460,decline,55.3,2026-06-20
SIG-01962,PROD-02762,STORE-0221,decline,67.0,2026-06-25
SIG-01963,PROD-03941,STORE-0393,seasonal,34.3,2026-04-25
SIG-01964,PROD-02391,STORE-0289,spike,41.1,2026-07-25
SIG-01965,PROD-04625,STORE-0196,decline,65.2,2026-05-28
SIG-01966,PROD-04674,STORE-0403,spike,-23.9,2026-04-26
SIG-01967,PROD-00725,STORE-0298,seasonal,-38.8,2026-01-02
SIG-01968,PROD-01752,STORE-0054,decline,-7.5,2026-08-18
SIG-01969,PROD-00877,STORE-0344,seasonal,39.2,2026-07-26
SIG-01970,PROD-00887,STORE-0157,seasonal,37.4,2026-05-21
SIG-01971,PROD-03374,STORE-0193,decline,65.7,2026-02-09
SIG-01972,PROD-01290,STORE-0081,decline,-3.1,2026-01-10
SIG-01973,PROD-04906,STORE-0128,spike,-39.8,2026-03-05
SIG-01974,PROD-02579,STORE-0477,seasonal,9.0,2026-01-16
SIG-01975,PROD-02310,STORE-0091,spike,68.5,2026-06-06
SIG-01976,PROD-01621,STORE-0214,spike,-22.3,2026-07-17
SIG-01977,PROD-04891,STORE-0352,decline,-25.4,2026-07-14
SIG-01978,PROD-03408,STORE-0062,seasonal,25.8,2026-03-12
SIG-01979,PROD-00181,STORE-0113,spike,7.2,2026-03-04
SIG-01980,PROD-04562,STORE-0035,spike,57.8,2026-02-11
SIG-01981,PROD-02016,STORE-0365,seasonal,-15.9,2026-01-08
SIG-01982,PROD-04526,STORE-0289,decline,12.3,2026-05-28
SIG-01983,PROD-04929,STORE-0355,decline,33.1,2026-08-06
SIG-01984,PROD-01151,STORE-0477,spike,-31.9,2026-03-23
SIG-01985,PROD-02358,STORE-0201,decline,21.2,2026-03-17
SIG-01986,PROD-02925,STORE-0142,seasonal,-9.0,2026-07-18
SIG-01987,PROD-02009,STORE-0033,spike,-31.8,2026-03-17
SIG-01988,PROD-02636,STORE-0405,seasonal,-11.2,2026-04-05
SIG-01989,PROD-00224,STORE-0237,decline,-36.3,2026-04-02
SIG-01990,PROD-04326,STORE-0354,spike,78.6,2026-06-15
SIG-01991,PROD-04488,STORE-0085,seasonal,36.4,2026-02-10
SIG-01992,PROD-02232,STORE-0460,seasonal,0.3,2026-07-15
SIG-01993,PROD-00907,STORE-0217,spike,73.3,2026-07-26
SIG-01994,PROD-04822,STORE-0110,spike,78.1,2026-08-21
SIG-01995,PROD-01495,STORE-0364,spike,39.2,2026-05-12
SIG-01996,PROD-04955,STORE-0119,seasonal,-26.5,2026-05-05
SIG-01997,PROD-04478,STORE-0121,seasonal,25.6,2026-05-26
SIG-01998,PROD-00711,STORE-0473,seasonal,57.4,2026-05-15
SIG-01999,PROD-03914,STORE-0145,seasonal,15.9,2026-02-18
SIG-02000,PROD-00396,STORE-0220,spike,51.1,2026-07-26
SIG-02001,PROD-01370,STORE-0439,seasonal,53.8,2026-02-23
SIG-02002,PROD-04745,STORE-0197,seasonal,-32.0,2026-05-27
SIG-02003,PROD-02063,STORE-0085,seasonal,-29.6,2026-07-08
SIG-02004,PROD-01140,STORE-0036,spike,43.4,2026-08-11
SIG-02005,PROD-01764,STORE-0284,seasonal,-1.3,2026-04-10
SIG-02006,PROD-03156,STORE-0292,spike,13.7,2026-03-01
SIG-02007,PROD-04145,STORE-0137,seasonal,-29.8,2026-06-28
SIG-02008,PROD-03960,STORE-0091,seasonal,38.1,2026-03-01
SIG-02009,PROD-01834,STORE-0343,spike,25.8,2026-05-02
SIG-02010,PROD-00930,STORE-0333,seasonal,41.3,2026-06-18
SIG-02011,PROD-01079,STORE-0436,spike,36.9,2026-03-20
SIG-02012,PROD-03066,STORE-0388,seasonal,1.7,2026-06-17
SIG-02013,PROD-04854,STORE-0315,seasonal,24.9,2026-02-12
SIG-02014,PROD-02215,STORE-0437,spike,10.8,2026-05-14
SIG-02015,PROD-02821,STORE-0142,seasonal,-26.7,2026-08-09
SIG-02016,PROD-02017,STORE-0385,seasonal,46.4,2026-07-11
SIG-02017,PROD-03116,STORE-0005,decline,27.1,2026-06-23
SIG-02018,PROD-02072,STORE-0413,decline,-11.4,2026-05-03
SIG-02019,PROD-02722,STORE-0196,seasonal,41.4,2026-02-06
SIG-02020,PROD-03689,STORE-0389,spike,-33.6,2026-02-28
SIG-02021,PROD-00020,STORE-0178,seasonal,-1.1,2026-06-05
SIG-02022,PROD-00554,STORE-0356,decline,-30.7,2026-02-24
SIG-02023,PROD-04073,STORE-0209,seasonal,29.0,2026-08-27
SIG-02024,PROD-03691,STORE-0047,seasonal,49.3,2026-01-01
SIG-02025,PROD-03520,STORE-0143,seasonal,8.8,2026-07-10
SIG-02026,PROD-03272,STORE-0385,decline,21.8,2026-02-26
SIG-02027,PROD-02034,STORE-0274,spike,26.8,2026-06-06
SIG-02028,PROD-04085,STORE-0209,seasonal,16.8,2026-04-13
SIG-02029,PROD-04710,STORE-0308,decline,50.0,2026-08-24
SIG-02030,PROD-04180,STORE-0089,seasonal,70.3,2026-08-17
SIG-02031,PROD-02757,STORE-0172,spike,60.0,2026-01-05
SIG-02032,PROD-02425,STORE-0246,seasonal,29.3,2026-05-01
SIG-02033,PROD-02119,STORE-0018,spike,16.0,2026-07-04
SIG-02034,PROD-03555,STORE-0375,spike,44.8,2026-05-23
SIG-02035,PROD-01791,STORE-0122,seasonal,49.5,2026-05-06
SIG-02036,PROD-01828,STORE-0482,decline,75.0,2026-01-23
SIG-02037,PROD-03904,STORE-0213,spike,43.3,2026-06-13
SIG-02038,PROD-01095,STORE-0052,decline,-35.2,2026-06-05
SIG-02039,PROD-03447,STORE-0020,decline,-0.7,2026-08-03
SIG-02040,PROD-03309,STORE-0370,seasonal,46.2,2026-04-24
SIG-02041,PROD-00550,STORE-0407,seasonal,-32.7,2026-07-01
SIG-02042,PROD-02492,STORE-0462,seasonal,5.8,2026-07-14
SIG-02043,PROD-04487,STORE-0327,spike,38.2,2026-02-09
SIG-02044,PROD-04478,STORE-0365,decline,76.6,2026-05-04
SIG-02045,PROD-03544,STORE-0484,seasonal,6.8,2026-03-11
SIG-02046,PROD-01989,STORE-0451,decline,42.2,2026-07-20
SIG-02047,PROD-00193,STORE-0239,spike,10.9,2026-01-19
SIG-02048,PROD-01939,STORE-0011,seasonal,46.3,2026-01-09
SIG-02049,PROD-00513,STORE-0084,spike,0.1,2026-05-20
SIG-02050,PROD-03654,STORE-0077,decline,42.0,2026-06-17
SIG-02051,PROD-02958,STORE-0334,decline,55.0,2026-04-06
SIG-02052,PROD-04789,STORE-0276,spike,12.9,2026-08-12
SIG-02053,PROD-01685,STORE-0244,seasonal,64.2,2026-08-28
SIG-02054,PROD-04129,STORE-0365,spike,24.4,2026-04-03
SIG-02055,PROD-00764,STORE-0177,spike,6.0,2026-04-08
SIG-02056,PROD-00729,STORE-0284,spike,-7.6,2026-04-06
SIG-02057,PROD-01837,STORE-0061,seasonal,-14.1,2026-06-11
SIG-02058,PROD-01393,STORE-0122,seasonal,44.3,2026-08-24
SIG-02059,PROD-01569,STORE-0287,spike,67.3,2026-05-23
SIG-02060,PROD-02927,STORE-0383,seasonal,43.2,2026-02-27
SIG-02061,PROD-03928,STORE-0236,spike,49.6,2026-05-27
SIG-02062,PROD-02968,STORE-0232,seasonal,10.4,2026-06-05
SIG-02063,PROD-01118,STORE-0339,seasonal,18.0,2026-06-12
SIG-02064,PROD-04743,STORE-0012,spike,6.5,2026-04-15
SIG-02065,PROD-02645,STORE-0159,seasonal,-24.1,2026-03-02
SIG-02066,PROD-00723,STORE-0214,spike,-15.5,2026-03-13
SIG-02067,PROD-00399,STORE-0354,seasonal,-19.3,2026-04-12
SIG-02068,PROD-03411,STORE-0157,decline,61.7,2026-04-11
SIG-02069,PROD-00943,STORE-0124,spike,-17.5,2026-08-24
SIG-02070,PROD-04800,STORE-0311,seasonal,78.1,2026-06-20
SIG-02071,PROD-02814,STORE-0170,spike,-33.9,2026-04-27
SIG-02072,PROD-01506,STORE-0379,spike,-31.5,2026-05-06
SIG-02073,PROD-04964,STORE-0216,seasonal,-0.5,2026-06-19
SIG-02074,PROD-01240,STORE-0122,decline,58.4,2026-01-18
SIG-02075,PROD-02763,STORE-0253,seasonal,67.2,2026-02-02
SIG-02076,PROD-03493,STORE-0304,spike,64.7,2026-05-09
SIG-02077,PROD-02022,STORE-0304,seasonal,28.4,2026-01-13
SIG-02078,PROD-04981,STORE-0295,spike,-7.0,2026-05-07
SIG-02079,PROD-03551,STORE-0236,spike,18.9,2026-01-20
SIG-02080,PROD-04820,STORE-0426,decline,7.2,2026-01-25
SIG-02081,PROD-03546,STORE-0174,spike,67.8,2026-03-17
SIG-02082,PROD-02027,STORE-0487,decline,-38.1,2026-06-15
SIG-02083,PROD-03257,STORE-0317,seasonal,27.0,2026-07-23
SIG-02084,PROD-02497,STORE-0042,decline,41.7,2026-01-02
SIG-02085,PROD-02761,STORE-0411,spike,11.8,2026-07-26
SIG-02086,PROD-04952,STORE-0413,decline,7.2,2026-08-26
SIG-02087,PROD-02374,STORE-0296,spike,18.2,2026-01-06
SIG-02088,PROD-04855,STORE-0374,spike,38.6,2026-03-08
SIG-02089,PROD-03692,STORE-0239,spike,42.5,2026-04-01
SIG-02090,PROD-03632,STORE-0281,decline,-18.1,2026-01-23
SIG-02091,PROD-00148,STORE-0062,spike,67.0,2026-01-18
SIG-02092,PROD-00605,STORE-0069,seasonal,78.8,2026-08-25
SIG-02093,PROD-04895,STORE-0392,seasonal,23.8,2026-01-15
SIG-02094,PROD-04619,STORE-0144,seasonal,-8.6,2026-03-26
SIG-02095,PROD-04428,STORE-0073,seasonal,17.3,2026-02-19
SIG-02096,PROD-02863,STORE-0158,spike,10.9,2026-08-04
SIG-02097,PROD-02605,STORE-0084,spike,-6.3,2026-07-28
SIG-02098,PROD-03855,STORE-0225,spike,19.5,2026-08-08
SIG-02099,PROD-02679,STORE-0407,spike,23.2,2026-01-28
SIG-02100,PROD-02701,STORE-0152,spike,8.7,2026-04-18
SIG-02101,PROD-03487,STORE-0173,decline,41.2,2026-05-12
SIG-02102,PROD-02219,STORE-0485,decline,74.1,2026-03-23
SIG-02103,PROD-03568,STORE-0203,seasonal,65.5,2026-04-26
SIG-02104,PROD-02393,STORE-0366,decline,68.6,2026-04-26
SIG-02105,PROD-00669,STORE-0445,spike,54.0,2026-02-13
SIG-02106,PROD-04337,STORE-0086,spike,57.5,2026-05-16
SIG-02107,PROD-01984,STORE-0146,decline,-21.4,2026-08-14
SIG-02108,PROD-02647,STORE-0259,spike,55.9,2026-01-20
SIG-02109,PROD-00461,STORE-0147,spike,45.0,2026-04-28
SIG-02110,PROD-03459,STORE-0103,decline,-23.4,2026-07-26
SIG-02111,PROD-02099,STORE-0082,decline,-14.4,2026-07-01
SIG-02112,PROD-01366,STORE-0376,spike,53.0,2026-06-07
SIG-02113,PROD-04286,STORE-0022,decline,-37.3,2026-01-05
SIG-02114,PROD-02214,STORE-0030,spike,-26.4,2026-03-15
SIG-02115,PROD-04317,STORE-0210,decline,56.1,2026-04-25
SIG-02116,PROD-01096,STORE-0236,decline,-14.9,2026-06-05
SIG-02117,PROD-04686,STORE-0008,spike,-16.6,2026-02-07
SIG-02118,PROD-03786,STORE-0252,seasonal,-2.8,2026-07-06
SIG-02119,PROD-03822,STORE-0327,spike,-30.5,2026-03-27
SIG-02120,PROD-02685,STORE-0008,spike,28.9,2026-04-28
SIG-02121,PROD-04772,STORE-0314,spike,37.2,2026-07-09
SIG-02122,PROD-04135,STORE-0042,decline,48.5,2026-03-27
SIG-02123,PROD-00542,STORE-0052,spike,52.4,2026-03-12
SIG-02124,PROD-00968,STORE-0191,seasonal,-34.4,2026-03-16
SIG-02125,PROD-00561,STORE-0037,decline,75.1,2026-05-25
SIG-02126,PROD-02862,STORE-0348,spike,-35.5,2026-06-22
SIG-02127,PROD-00041,STORE-0137,spike,75.5,2026-07-07
SIG-02128,PROD-01819,STORE-0149,spike,-31.3,2026-02-05
SIG-02129,PROD-01813,STORE-0362,decline,18.6,2026-02-21
SIG-02130,PROD-00807,STORE-0305,seasonal,35.5,2026-08-03
SIG-02131,PROD-02005,STORE-0107,spike,-31.1,2026-01-06
SIG-02132,PROD-01512,STORE-0042,seasonal,31.8,2026-04-14
SIG-02133,PROD-01984,STORE-0188,seasonal,27.7,2026-06-08
SIG-02134,PROD-03754,STORE-0102,seasonal,62.2,2026-03-24
SIG-02135,PROD-04238,STORE-0043,spike,-3.8,2026-05-26
SIG-02136,PROD-04339,STORE-0492,spike,10.6,2026-07-28
SIG-02137,PROD-01813,STORE-0414,spike,35.2,2026-06-18
SIG-02138,PROD-04187,STORE-0104,seasonal,65.2,2026-03-03
SIG-02139,PROD-00927,STORE-0043,spike,32.0,2026-06-14
SIG-02140,PROD-03160,STORE-0088,seasonal,56.8,2026-04-03
SIG-02141,PROD-00369,STORE-0463,seasonal,20.3,2026-02-25
SIG-02142,PROD-01795,STORE-0245,spike,67.1,2026-02-09
SIG-02143,PROD-00188,STORE-0265,spike,42.1,2026-06-10
SIG-02144,PROD-02561,STORE-0135,seasonal,69.2,2026-08-16
SIG-02145,PROD-00574,STORE-0110,decline,64.7,2026-02-26
SIG-02146,PROD-03471,STORE-0257,seasonal,-36.1,2026-01-23
SIG-02147,PROD-04686,STORE-0499,seasonal,-0.2,2026-01-28
SIG-02148,PROD-00049,STORE-0287,spike,38.1,2026-03-17
SIG-02149,PROD-04003,STORE-0175,seasonal,-24.4,2026-08-23
SIG-02150,PROD-00179,STORE-0288,spike,-29.3,2026-02-25
SIG-02151,PROD-03369,STORE-0145,spike,30.5,2026-07-14
SIG-02152,PROD-03173,STORE-0167,spike,59.4,2026-08-21
SIG-02153,PROD-03043,STORE-0380,seasonal,68.2,2026-08-23
SIG-02154,PROD-04839,STORE-0476,decline,-15.3,2026-02-23
SIG-02155,PROD-00452,STORE-0290,spike,76.6,2026-03-16
SIG-02156,PROD-02880,STORE-0120,seasonal,21.5,2026-03-07
SIG-02157,PROD-02402,STORE-0285,seasonal,-31.9,2026-06-10
SIG-02158,PROD-03162,STORE-0231,decline,-34.6,2026-01-02
SIG-02159,PROD-02564,STORE-0244,spike,70.4,2026-06-06
SIG-02160,PROD-00646,STORE-0345,decline,62.9,2026-04-21
SIG-02161,PROD-00737,STORE-0076,spike,11.3,2026-08-04
SIG-02162,PROD-02100,STORE-0130,seasonal,54.3,2026-08-02
SIG-02163,PROD-00218,STORE-0436,seasonal,25.1,2026-03-24
SIG-02164,PROD-01759,STORE-0400,seasonal,-16.9,2026-04-08
SIG-02165,PROD-02868,STORE-0113,seasonal,5.4,2026-08-26
SIG-02166,PROD-01477,STORE-0135,decline,-10.8,2026-07-01
SIG-02167,PROD-02669,STORE-0040,spike,-3.7,2026-08-16
SIG-02168,PROD-02398,STORE-0444,spike,57.9,2026-06-01
SIG-02169,PROD-02007,STORE-0145,decline,1.1,2026-01-24
SIG-02170,PROD-03901,STORE-0212,seasonal,-6.8,2026-07-19
SIG-02171,PROD-03618,STORE-0022,spike,32.0,2026-01-18
SIG-02172,PROD-00602,STORE-0382,seasonal,46.2,2026-02-07
SIG-02173,PROD-01111,STORE-0373,decline,75.2,2026-01-26
SIG-02174,PROD-01619,STORE-0137,spike,1.9,2026-08-02
SIG-02175,PROD-04051,STORE-0304,seasonal,69.4,2026-07-19
SIG-02176,PROD-00782,STORE-0451,spike,39.4,2026-04-19
SIG-02177,PROD-01565,STORE-0485,spike,67.8,2026-05-20
SIG-02178,PROD-00185,STORE-0448,decline,15.4,2026-04-26
SIG-02179,PROD-01457,STORE-0050,decline,69.8,2026-03-25
SIG-02180,PROD-04380,STORE-0200,spike,1.7,2026-04-01
SIG-02181,PROD-00067,STORE-0176,spike,-6.1,2026-04-17
SIG-02182,PROD-00810,STORE-0425,seasonal,-23.1,2026-04-09
SIG-02183,PROD-04136,STORE-0431,decline,74.3,2026-03-22
SIG-02184,PROD-03168,STORE-0230,seasonal,-15.2,2026-08-01
SIG-02185,PROD-02531,STORE-0452,seasonal,-31.3,2026-07-16
SIG-02186,PROD-03510,STORE-0106,decline,47.6,2026-04-01
SIG-02187,PROD-01269,STORE-0257,decline,40.8,2026-02-09
SIG-02188,PROD-00216,STORE-0450,decline,21.4,2026-08-27
SIG-02189,PROD-02782,STORE-0490,decline,76.3,2026-01-19
SIG-02190,PROD-03833,STORE-0127,decline,56.0,2026-08-20
SIG-02191,PROD-01885,STORE-0280,spike,44.5,2026-03-08
SIG-02192,PROD-03137,STORE-0211,seasonal,-33.7,2026-08-15
SIG-02193,PROD-02201,STORE-0246,seasonal,69.9,2026-01-23
SIG-02194,PROD-04252,STORE-0170,decline,-21.8,2026-02-07
SIG-02195,PROD-00187,STORE-0168,decline,-39.9,2026-01-11
SIG-02196,PROD-00216,STORE-0229,decline,57.5,2026-01-16
SIG-02197,PROD-04858,STORE-0379,decline,13.4,2026-05-08
SIG-02198,PROD-01615,STORE-0029,seasonal,-15.8,2026-06-04
SIG-02199,PROD-00221,STORE-0349,spike,-8.3,2026-07-11
SIG-02200,PROD-04210,STORE-0109,seasonal,66.4,2026-04-01
SIG-02201,PROD-04972,STORE-0232,decline,3.4,2026-01-07
SIG-02202,PROD-03204,STORE-0397,seasonal,-23.9,2026-06-17
SIG-02203,PROD-04922,STORE-0027,decline,63.8,2026-04-24
SIG-02204,PROD-01725,STORE-0226,spike,11.3,2026-07-12
SIG-02205,PROD-01652,STORE-0286,decline,70.3,2026-02-11
SIG-02206,PROD-00846,STORE-0195,spike,-37.2,2026-05-14
SIG-02207,PROD-02903,STORE-0222,spike,39.2,2026-04-08
SIG-02208,PROD-03093,STORE-0415,decline,50.6,2026-07-02
SIG-02209,PROD-04641,STORE-0271,decline,57.3,2026-06-15
SIG-02210,PROD-01692,STORE-0157,spike,51.1,2026-06-27
SIG-02211,PROD-02265,STORE-0231,seasonal,25.8,2026-07-06
SIG-02212,PROD-00311,STORE-0089,decline,-26.7,2026-05-28
SIG-02213,PROD-00004,STORE-0232,decline,-21.8,2026-02-26
SIG-02214,PROD-04436,STORE-0390,seasonal,-15.2,2026-04-23
SIG-02215,PROD-04948,STORE-0281,decline,37.4,2026-03-05
SIG-02216,PROD-00478,STORE-0366,spike,71.8,2026-06-18
SIG-02217,PROD-01306,STORE-0263,spike,46.3,2026-01-28
SIG-02218,PROD-02764,STORE-0500,seasonal,27.5,2026-01-25
SIG-02219,PROD-00347,STORE-0038,spike,-18.2,2026-08-24
SIG-02220,PROD-03871,STORE-0061,seasonal,59.8,2026-05-01
SIG-02221,PROD-01402,STORE-0483,decline,-22.6,2026-02-03
SIG-02222,PROD-03918,STORE-0086,decline,77.7,2026-02-01
SIG-02223,PROD-02033,STORE-0394,spike,71.6,2026-05-09
SIG-02224,PROD-03375,STORE-0332,spike,65.6,2026-08-12
SIG-02225,PROD-01902,STORE-0019,decline,-23.5,2026-01-19
SIG-02226,PROD-03364,STORE-0215,spike,-17.4,2026-08-21
SIG-02227,PROD-02683,STORE-0243,spike,12.3,2026-07-26
SIG-02228,PROD-03740,STORE-0156,spike,22.8,2026-08-15
SIG-02229,PROD-03713,STORE-0287,seasonal,5.3,2026-05-01
SIG-02230,PROD-00024,STORE-0249,seasonal,66.0,2026-06-27
SIG-02231,PROD-00044,STORE-0500,seasonal,-10.9,2026-08-21
SIG-02232,PROD-00452,STORE-0355,seasonal,29.6,2026-05-20
SIG-02233,PROD-03104,STORE-0034,decline,13.8,2026-01-20
SIG-02234,PROD-01086,STORE-0499,seasonal,55.9,2026-03-18
SIG-02235,PROD-03922,STORE-0225,spike,69.7,2026-04-17
SIG-02236,PROD-00563,STORE-0323,seasonal,37.4,2026-05-26
SIG-02237,PROD-04247,STORE-0132,spike,-5.9,2026-02-16
SIG-02238,PROD-03578,STORE-0465,decline,0.6,2026-05-26
SIG-02239,PROD-03408,STORE-0387,spike,-5.4,2026-08-13
SIG-02240,PROD-01825,STORE-0194,spike,55.1,2026-08-15
SIG-02241,PROD-01107,STORE-0098,decline,78.4,2026-03-11
SIG-02242,PROD-04900,STORE-0133,spike,63.1,2026-06-15
SIG-02243,PROD-03912,STORE-0364,seasonal,-4.0,2026-08-21
SIG-02244,PROD-04778,STORE-0344,spike,-13.4,2026-02-26
SIG-02245,PROD-01368,STORE-0153,spike,39.3,2026-08-11
SIG-02246,PROD-04872,STORE-0349,decline,51.2,2026-07-01
SIG-02247,PROD-00792,STORE-0091,spike,30.1,2026-02-16
SIG-02248,PROD-01000,STORE-0273,decline,5.9,2026-04-03
SIG-02249,PROD-01737,STORE-0149,seasonal,45.7,2026-02-08
SIG-02250,PROD-04155,STORE-0357,spike,69.4,2026-05-10
SIG-02251,PROD-01101,STORE-0162,seasonal,53.0,2026-03-10
SIG-02252,PROD-02251,STORE-0140,seasonal,-14.2,2026-01-24
SIG-02253,PROD-03537,STORE-0462,seasonal,24.7,2026-04-03
SIG-02254,PROD-02796,STORE-0135,spike,24.6,2026-06-05
SIG-02255,PROD-02559,STORE-0023,seasonal,79.8,2026-06-04
SIG-02256,PROD-01880,STORE-0331,decline,-39.3,2026-08-26
SIG-02257,PROD-02302,STORE-0027,decline,-10.3,2026-02-13
SIG-02258,PROD-02861,STORE-0155,seasonal,59.9,2026-08-28
SIG-02259,PROD-03412,STORE-0248,spike,40.0,2026-04-17
SIG-02260,PROD-03562,STORE-0424,spike,26.8,2026-01-10
SIG-02261,PROD-03407,STORE-0398,seasonal,-10.0,2026-06-26
SIG-02262,PROD-00515,STORE-0272,spike,51.6,2026-02-06
SIG-02263,PROD-03449,STORE-0435,decline,17.2,2026-04-26
SIG-02264,PROD-00339,STORE-0444,decline,9.7,2026-02-19
SIG-02265,PROD-00581,STORE-0427,decline,-33.9,2026-01-15
SIG-02266,PROD-04871,STORE-0336,decline,-28.8,2026-07-27
SIG-02267,PROD-01109,STORE-0321,decline,65.6,2026-08-10
SIG-02268,PROD-04211,STORE-0117,decline,42.6,2026-02-20
SIG-02269,PROD-00035,STORE-0002,decline,-3.5,2026-03-10
SIG-02270,PROD-02587,STORE-0466,seasonal,54.0,2026-07-07
SIG-02271,PROD-03922,STORE-0195,spike,45.5,2026-01-21
SIG-02272,PROD-01460,STORE-0027,decline,72.0,2026-01-19
SIG-02273,PROD-00011,STORE-0412,spike,33.8,2026-01-02
SIG-02274,PROD-01562,STORE-0354,seasonal,38.7,2026-02-03
SIG-02275,PROD-03156,STORE-0368,spike,73.6,2026-05-12
SIG-02276,PROD-03246,STORE-0344,spike,51.4,2026-01-13
SIG-02277,PROD-01016,STORE-0267,seasonal,-37.7,2026-07-13
SIG-02278,PROD-01169,STORE-0051,seasonal,-3.3,2026-02-28
SIG-02279,PROD-01893,STORE-0362,spike,24.0,2026-04-03
SIG-02280,PROD-02211,STORE-0350,seasonal,75.8,2026-03-18
SIG-02281,PROD-03614,STORE-0138,spike,-16.0,2026-05-01
SIG-02282,PROD-03060,STORE-0242,seasonal,64.8,2026-05-16
SIG-02283,PROD-01109,STORE-0201,seasonal,47.4,2026-01-07
SIG-02284,PROD-01594,STORE-0241,seasonal,47.4,2026-01-28
SIG-02285,PROD-03087,STORE-0192,decline,-35.9,2026-04-06
SIG-02286,PROD-02753,STORE-0080,spike,69.2,2026-03-18
SIG-02287,PROD-00006,STORE-0375,spike,79.5,2026-05-10
SIG-02288,PROD-03471,STORE-0228,decline,11.9,2026-04-27
SIG-02289,PROD-03412,STORE-0403,seasonal,45.2,2026-02-02
SIG-02290,PROD-03908,STORE-0268,spike,-9.2,2026-01-05
SIG-02291,PROD-03064,STORE-0313,seasonal,10.5,2026-08-07
SIG-02292,PROD-02727,STORE-0181,spike,13.3,2026-06-25
SIG-02293,PROD-01090,STORE-0414,spike,-6.3,2026-03-26
SIG-02294,PROD-01555,STORE-0398,seasonal,-4.0,2026-08-21
SIG-02295,PROD-02047,STORE-0149,seasonal,-5.9,2026-07-05
SIG-02296,PROD-04075,STORE-0413,spike,9.8,2026-04-25
SIG-02297,PROD-04647,STORE-0301,spike,-11.0,2026-06-15
SIG-02298,PROD-01437,STORE-0309,spike,68.9,2026-01-02
SIG-02299,PROD-02555,STORE-0201,seasonal,62.3,2026-08-13
SIG-02300,PROD-02443,STORE-0186,spike,-25.6,2026-04-17
SIG-02301,PROD-04212,STORE-0083,spike,30.1,2026-08-12
SIG-02302,PROD-04167,STORE-0057,decline,-6.8,2026-04-07
SIG-02303,PROD-03170,STORE-0150,spike,60.6,2026-04-17
SIG-02304,PROD-01781,STORE-0192,decline,42.4,2026-08-11
SIG-02305,PROD-03074,STORE-0436,spike,-28.7,2026-03-25
SIG-02306,PROD-04269,STORE-0329,spike,11.8,2026-06-22
SIG-02307,PROD-00527,STORE-0353,decline,-22.3,2026-02-03
SIG-02308,PROD-02311,STORE-0439,seasonal,-37.4,2026-05-05
SIG-02309,PROD-02094,STORE-0394,decline,78.2,2026-04-04
SIG-02310,PROD-03216,STORE-0154,decline,51.3,2026-02-14
SIG-02311,PROD-03584,STORE-0336,seasonal,62.2,2026-06-09
SIG-02312,PROD-03552,STORE-0285,decline,70.1,2026-08-23
SIG-02313,PROD-00172,STORE-0477,seasonal,23.4,2026-08-16
SIG-02314,PROD-04378,STORE-0232,spike,46.7,2026-06-23
SIG-02315,PROD-01338,STORE-0002,decline,-5.1,2026-01-01
SIG-02316,PROD-01356,STORE-0074,spike,10.4,2026-08-10
SIG-02317,PROD-01127,STORE-0334,spike,0.9,2026-08-14
SIG-02318,PROD-00251,STORE-0033,decline,69.9,2026-04-12
SIG-02319,PROD-01636,STORE-0342,decline,-23.3,2026-06-23
SIG-02320,PROD-02305,STORE-0142,seasonal,13.0,2026-03-21
SIG-02321,PROD-02541,STORE-0331,seasonal,1.2,2026-03-21
SIG-02322,PROD-02984,STORE-0283,spike,46.2,2026-07-21
SIG-02323,PROD-04213,STORE-0035,spike,61.1,2026-05-15
SIG-02324,PROD-04405,STORE-0255,spike,6.6,2026-06-17
SIG-02325,PROD-04867,STORE-0098,seasonal,-23.6,2026-04-20
SIG-02326,PROD-03655,STORE-0350,seasonal,-39.0,2026-03-06
SIG-02327,PROD-04881,STORE-0175,spike,61.9,2026-04-07
SIG-02328,PROD-04507,STORE-0386,seasonal,-28.1,2026-01-27
SIG-02329,PROD-01863,STORE-0276,seasonal,69.9,2026-06-16
SIG-02330,PROD-01608,STORE-0459,decline,56.1,2026-01-13
SIG-02331,PROD-02733,STORE-0131,decline,-33.9,2026-03-09
SIG-02332,PROD-00132,STORE-0300,seasonal,3.2,2026-02-10
SIG-02333,PROD-04418,STORE-0079,seasonal,-33.5,2026-03-16
SIG-02334,PROD-02539,STORE-0072,seasonal,-19.1,2026-06-08
SIG-02335,PROD-00164,STORE-0417,decline,54.2,2026-05-23
SIG-02336,PROD-02331,STORE-0310,decline,-38.4,2026-02-20
SIG-02337,PROD-03558,STORE-0172,seasonal,53.5,2026-01-24
SIG-02338,PROD-00846,STORE-0100,decline,-21.7,2026-08-04
SIG-02339,PROD-00877,STORE-0180,spike,-2.8,2026-06-18
SIG-02340,PROD-00856,STORE-0441,decline,47.6,2026-01-08
SIG-02341,PROD-04107,STORE-0234,spike,-27.9,2026-06-03
SIG-02342,PROD-02002,STORE-0352,decline,69.8,2026-07-14
SIG-02343,PROD-02571,STORE-0360,seasonal,-33.2,2026-02-03
SIG-02344,PROD-04625,STORE-0039,decline,22.5,2026-03-27
SIG-02345,PROD-03242,STORE-0467,seasonal,61.7,2026-07-19
SIG-02346,PROD-03264,STORE-0329,decline,-38.7,2026-05-03
SIG-02347,PROD-01404,STORE-0135,decline,-33.3,2026-05-16
SIG-02348,PROD-02995,STORE-0288,decline,14.8,2026-07-09
SIG-02349,PROD-02246,STORE-0030,seasonal,53.1,2026-07-26
SIG-02350,PROD-02117,STORE-0241,seasonal,-29.3,2026-08-26
SIG-02351,PROD-01841,STORE-0495,seasonal,7.1,2026-06-24
SIG-02352,PROD-01719,STORE-0456,decline,1.3,2026-01-22
SIG-02353,PROD-00190,STORE-0121,decline,37.7,2026-03-15
SIG-02354,PROD-00603,STORE-0427,seasonal,-26.8,2026-08-03
SIG-02355,PROD-02042,STORE-0335,seasonal,-2.2,2026-08-17
SIG-02356,PROD-04392,STORE-0310,seasonal,64.4,2026-05-21
SIG-02357,PROD-03984,STORE-0060,seasonal,-28.1,2026-06-09
SIG-02358,PROD-04082,STORE-0099,seasonal,-33.9,2026-02-06
SIG-02359,PROD-02802,STORE-0308,seasonal,79.3,2026-01-04
SIG-02360,PROD-01350,STORE-0074,spike,61.6,2026-05-19
SIG-02361,PROD-03111,STORE-0484,seasonal,70.0,2026-08-23
SIG-02362,PROD-02385,STORE-0376,decline,11.5,2026-03-26
SIG-02363,PROD-00290,STORE-0194,decline,33.2,2026-05-26
SIG-02364,PROD-03190,STORE-0488,decline,60.9,2026-04-28
SIG-02365,PROD-04438,STORE-0114,decline,19.6,2026-05-18
SIG-02366,PROD-01064,STORE-0448,seasonal,8.3,2026-08-15
SIG-02367,PROD-02847,STORE-0369,spike,-23.1,2026-05-04
SIG-02368,PROD-03962,STORE-0067,spike,74.2,2026-08-02
SIG-02369,PROD-00199,STORE-0349,seasonal,-19.2,2026-01-27
SIG-02370,PROD-03185,STORE-0374,spike,-33.5,2026-08-05
SIG-02371,PROD-00895,STORE-0486,seasonal,-38.9,2026-05-10
SIG-02372,PROD-04543,STORE-0088,decline,58.6,2026-02-23
SIG-02373,PROD-01579,STORE-0472,spike,28.3,2026-04-07
SIG-02374,PROD-00745,STORE-0080,spike,18.9,2026-07-20
SIG-02375,PROD-00856,STORE-0387,spike,31.1,2026-03-01
SIG-02376,PROD-01140,STORE-0102,decline,47.7,2026-02-27
SIG-02377,PROD-01168,STORE-0235,seasonal,8.0,2026-03-09
SIG-02378,PROD-04491,STORE-0187,decline,-6.5,2026-05-05
SIG-02379,PROD-02106,STORE-0398,decline,59.0,2026-08-01
SIG-02380,PROD-00679,STORE-0426,decline,54.8,2026-08-21
SIG-02381,PROD-04428,STORE-0255,decline,33.6,2026-02-22
SIG-02382,PROD-02499,STORE-0325,spike,-1.2,2026-05-04
SIG-02383,PROD-02935,STORE-0466,spike,-13.6,2026-04-26
SIG-02384,PROD-02670,STORE-0426,seasonal,10.2,2026-04-16
SIG-02385,PROD-02209,STORE-0395,seasonal,-12.9,2026-07-04
SIG-02386,PROD-04176,STORE-0475,decline,31.7,2026-07-16
SIG-02387,PROD-02560,STORE-0391,seasonal,65.9,2026-07-26
SIG-02388,PROD-03915,STORE-0321,seasonal,9.3,2026-02-16
SIG-02389,PROD-03597,STORE-0320,spike,61.5,2026-01-15
SIG-02390,PROD-04069,STORE-0354,spike,78.4,2026-06-14
SIG-02391,PROD-02359,STORE-0356,spike,-15.6,2026-04-11
SIG-02392,PROD-03931,STORE-0435,seasonal,28.3,2026-03-11
SIG-02393,PROD-01102,STORE-0204,seasonal,58.3,2026-03-28
SIG-02394,PROD-01458,STORE-0396,spike,-38.7,2026-05-20
SIG-02395,PROD-00565,STORE-0377,spike,-24.4,2026-01-10
SIG-02396,PROD-00816,STORE-0402,seasonal,40.8,2026-08-13
SIG-02397,PROD-00728,STORE-0204,spike,-10.7,2026-03-28
SIG-02398,PROD-01627,STORE-0289,spike,4.2,2026-08-28
SIG-02399,PROD-00663,STORE-0188,spike,-17.9,2026-02-23
SIG-02400,PROD-03214,STORE-0335,decline,30.6,2026-08-16
SIG-02401,PROD-02280,STORE-0327,decline,26.9,2026-06-26
SIG-02402,PROD-04366,STORE-0367,seasonal,-5.9,2026-05-01
SIG-02403,PROD-01904,STORE-0453,decline,56.7,2026-08-26
SIG-02404,PROD-03732,STORE-0191,seasonal,62.6,2026-03-28
SIG-02405,PROD-03788,STORE-0246,spike,52.1,2026-05-21
SIG-02406,PROD-01312,STORE-0210,decline,14.9,2026-08-15
SIG-02407,PROD-04221,STORE-0293,decline,65.1,2026-07-01
SIG-02408,PROD-00262,STORE-0078,spike,-26.7,2026-06-19
SIG-02409,PROD-02598,STORE-0363,spike,33.9,2026-01-24
SIG-02410,PROD-01089,STORE-0273,decline,40.0,2026-03-19
SIG-02411,PROD-00399,STORE-0274,decline,22.0,2026-02-24
SIG-02412,PROD-02135,STORE-0121,decline,26.3,2026-04-16
SIG-02413,PROD-02771,STORE-0228,spike,26.3,2026-04-28
SIG-02414,PROD-04265,STORE-0203,decline,8.2,2026-02-14
SIG-02415,PROD-02649,STORE-0305,seasonal,34.9,2026-02-08
SIG-02416,PROD-03524,STORE-0264,spike,73.9,2026-07-05
SIG-02417,PROD-03465,STORE-0420,decline,-37.8,2026-01-01
SIG-02418,PROD-02587,STORE-0025,decline,58.7,2026-03-21
SIG-02419,PROD-04786,STORE-0331,decline,-32.5,2026-01-23
SIG-02420,PROD-00599,STORE-0208,seasonal,50.7,2026-04-08
SIG-02421,PROD-03239,STORE-0260,spike,-6.7,2026-04-12
SIG-02422,PROD-03846,STORE-0359,decline,-34.8,2026-08-14
SIG-02423,PROD-02435,STORE-0051,spike,67.0,2026-05-26
SIG-02424,PROD-02664,STORE-0423,seasonal,45.9,2026-05-04
SIG-02425,PROD-01432,STORE-0191,decline,20.9,2026-07-26
SIG-02426,PROD-03181,STORE-0250,decline,65.4,2026-08-26
SIG-02427,PROD-01020,STORE-0168,seasonal,11.1,2026-06-13
SIG-02428,PROD-01009,STORE-0144,decline,-11.6,2026-07-13
SIG-02429,PROD-04813,STORE-0051,seasonal,-3.0,2026-04-14
SIG-02430,PROD-02021,STORE-0193,decline,8.7,2026-02-21
SIG-02431,PROD-01190,STORE-0450,seasonal,41.1,2026-01-19
SIG-02432,PROD-02728,STORE-0399,seasonal,70.0,2026-01-17
SIG-02433,PROD-03387,STORE-0369,spike,59.5,2026-03-25
SIG-02434,PROD-00413,STORE-0219,decline,67.6,2026-05-05
SIG-02435,PROD-00249,STORE-0321,seasonal,8.8,2026-03-19
SIG-02436,PROD-00840,STORE-0254,spike,76.0,2026-08-13
SIG-02437,PROD-02318,STORE-0433,spike,70.3,2026-06-17
SIG-02438,PROD-00286,STORE-0143,decline,18.8,2026-03-02
SIG-02439,PROD-00487,STORE-0483,decline,55.6,2026-07-10
SIG-02440,PROD-00550,STORE-0173,spike,58.2,2026-03-04
SIG-02441,PROD-04933,STORE-0455,spike,34.0,2026-01-08
SIG-02442,PROD-02077,STORE-0220,seasonal,7.5,2026-01-17
SIG-02443,PROD-02851,STORE-0158,seasonal,-13.6,2026-02-08
SIG-02444,PROD-04497,STORE-0414,spike,-33.3,2026-08-01
SIG-02445,PROD-04616,STORE-0286,spike,53.6,2026-03-19
SIG-02446,PROD-03430,STORE-0345,spike,28.9,2026-02-17
SIG-02447,PROD-02376,STORE-0166,spike,54.8,2026-02-26
SIG-02448,PROD-04985,STORE-0314,seasonal,-8.2,2026-04-28
SIG-02449,PROD-04064,STORE-0361,seasonal,14.5,2026-04-03
SIG-02450,PROD-01037,STORE-0297,decline,8.2,2026-07-24
SIG-02451,PROD-02582,STORE-0194,decline,68.4,2026-07-22
SIG-02452,PROD-00081,STORE-0236,decline,-24.9,2026-06-04
SIG-02453,PROD-01430,STORE-0104,spike,30.5,2026-08-18
SIG-02454,PROD-00736,STORE-0414,decline,-18.0,2026-02-14
SIG-02455,PROD-00880,STORE-0006,decline,-7.2,2026-06-04
SIG-02456,PROD-03159,STORE-0158,decline,37.3,2026-02-19
SIG-02457,PROD-00589,STORE-0269,spike,5.4,2026-02-02
SIG-02458,PROD-04406,STORE-0309,spike,-18.3,2026-07-24
SIG-02459,PROD-04342,STORE-0500,decline,-1.8,2026-08-24
SIG-02460,PROD-04496,STORE-0225,decline,13.3,2026-01-05
SIG-02461,PROD-01892,STORE-0005,decline,45.9,2026-03-11
SIG-02462,PROD-04325,STORE-0066,seasonal,1.4,2026-01-26
SIG-02463,PROD-04232,STORE-0209,seasonal,-39.4,2026-05-16
SIG-02464,PROD-01053,STORE-0390,spike,3.5,2026-08-15
SIG-02465,PROD-02845,STORE-0274,seasonal,-15.2,2026-07-15
SIG-02466,PROD-00594,STORE-0340,spike,42.0,2026-07-06
SIG-02467,PROD-00088,STORE-0282,seasonal,23.0,2026-02-11
SIG-02468,PROD-02133,STORE-0279,spike,-7.4,2026-02-03
SIG-02469,PROD-00598,STORE-0067,decline,-29.2,2026-07-06
SIG-02470,PROD-02552,STORE-0355,decline,53.8,2026-06-14
SIG-02471,PROD-04180,STORE-0351,spike,-38.6,2026-05-11
SIG-02472,PROD-00380,STORE-0448,spike,18.2,2026-07-24
SIG-02473,PROD-04733,STORE-0021,spike,-19.7,2026-08-09
SIG-02474,PROD-02783,STORE-0399,seasonal,-6.3,2026-07-04
SIG-02475,PROD-04243,STORE-0258,decline,51.3,2026-04-04
SIG-02476,PROD-00373,STORE-0350,spike,39.7,2026-03-13
SIG-02477,PROD-00287,STORE-0012,decline,50.1,2026-01-23
SIG-02478,PROD-02538,STORE-0001,spike,-26.6,2026-06-15
SIG-02479,PROD-03861,STORE-0128,decline,-6.7,2026-08-17
SIG-02480,PROD-01393,STORE-0297,spike,-22.5,2026-08-11
SIG-02481,PROD-00691,STORE-0078,spike,-30.8,2026-04-19
SIG-02482,PROD-00280,STORE-0334,seasonal,5.0,2026-02-23
SIG-02483,PROD-04761,STORE-0042,seasonal,-16.7,2026-07-06
SIG-02484,PROD-02946,STORE-0059,decline,-10.7,2026-04-13
SIG-02485,PROD-04169,STORE-0442,decline,77.1,2026-01-11
SIG-02486,PROD-02566,STORE-0054,spike,54.3,2026-02-18
SIG-02487,PROD-01878,STORE-0285,decline,9.4,2026-05-21
SIG-02488,PROD-00130,STORE-0004,seasonal,-29.8,2026-05-15
SIG-02489,PROD-00084,STORE-0405,decline,-19.6,2026-08-21
SIG-02490,PROD-00253,STORE-0095,seasonal,-35.1,2026-03-23
SIG-02491,PROD-04277,STORE-0239,decline,76.4,2026-01-28
SIG-02492,PROD-03064,STORE-0111,decline,-30.5,2026-06-01
SIG-02493,PROD-01491,STORE-0463,spike,10.6,2026-02-26
SIG-02494,PROD-04723,STORE-0500,decline,49.0,2026-01-26
SIG-02495,PROD-00281,STORE-0473,spike,7.0,2026-02-06
SIG-02496,PROD-02315,STORE-0370,seasonal,-8.8,2026-06-06
SIG-02497,PROD-04253,STORE-0411,seasonal,-10.6,2026-05-14
SIG-02498,PROD-04459,STORE-0488,seasonal,16.6,2026-01-24
SIG-02499,PROD-04984,STORE-0056,seasonal,28.8,2026-05-04
SIG-02500,PROD-04396,STORE-0020,decline,5.2,2026-03-04
SIG-02501,PROD-04313,STORE-0214,decline,15.5,2026-08-27
SIG-02502,PROD-00540,STORE-0306,decline,-10.5,2026-02-13
SIG-02503,PROD-04400,STORE-0238,decline,-29.1,2026-06-28
SIG-02504,PROD-03979,STORE-0450,seasonal,27.5,2026-01-08
SIG-02505,PROD-04234,STORE-0432,decline,12.8,2026-05-16
SIG-02506,PROD-02642,STORE-0003,seasonal,22.6,2026-06-21
SIG-02507,PROD-02025,STORE-0301,decline,22.2,2026-05-02
SIG-02508,PROD-03546,STORE-0297,seasonal,-3.4,2026-04-08
SIG-02509,PROD-00176,STORE-0006,decline,64.1,2026-01-17
SIG-02510,PROD-01640,STORE-0075,decline,51.0,2026-04-12
SIG-02511,PROD-04959,STORE-0387,seasonal,57.2,2026-01-12
SIG-02512,PROD-03316,STORE-0323,spike,9.1,2026-06-28
SIG-02513,PROD-00294,STORE-0288,decline,48.0,2026-05-27
SIG-02514,PROD-04272,STORE-0090,seasonal,65.6,2026-01-16
SIG-02515,PROD-00915,STORE-0122,decline,-10.4,2026-06-25
SIG-02516,PROD-04408,STORE-0410,decline,-31.7,2026-03-17
SIG-02517,PROD-03523,STORE-0159,decline,-10.2,2026-05-18
SIG-02518,PROD-01210,STORE-0111,spike,-26.4,2026-05-09
SIG-02519,PROD-00174,STORE-0220,decline,66.4,2026-05-09
SIG-02520,PROD-02542,STORE-0138,seasonal,-39.6,2026-07-19
SIG-02521,PROD-04392,STORE-0486,decline,7.0,2026-01-15
SIG-02522,PROD-02480,STORE-0415,seasonal,-8.8,2026-02-20
SIG-02523,PROD-04318,STORE-0388,spike,78.1,2026-04-24
SIG-02524,PROD-04095,STORE-0343,decline,22.0,2026-07-03
SIG-02525,PROD-00791,STORE-0452,spike,57.7,2026-03-08
SIG-02526,PROD-02129,STORE-0246,seasonal,75.5,2026-06-21
SIG-02527,PROD-02891,STORE-0305,seasonal,63.1,2026-02-27
SIG-02528,PROD-00982,STORE-0391,spike,-33.9,2026-08-18
SIG-02529,PROD-00877,STORE-0184,decline,-19.3,2026-05-21
SIG-02530,PROD-03741,STORE-0241,decline,1.3,2026-06-07
SIG-02531,PROD-00719,STORE-0337,seasonal,74.7,2026-08-19
SIG-02532,PROD-03140,STORE-0379,seasonal,28.1,2026-02-18
SIG-02533,PROD-03406,STORE-0204,seasonal,6.7,2026-03-13
SIG-02534,PROD-04562,STORE-0170,seasonal,-15.7,2026-06-22
SIG-02535,PROD-04063,STORE-0104,seasonal,12.6,2026-01-18
SIG-02536,PROD-03212,STORE-0349,seasonal,17.0,2026-02-04
SIG-02537,PROD-03562,STORE-0253,decline,62.9,2026-01-12
SIG-02538,PROD-00250,STORE-0423,seasonal,62.4,2026-02-22
SIG-02539,PROD-00653,STORE-0443,spike,23.4,2026-07-16
SIG-02540,PROD-02970,STORE-0469,spike,48.5,2026-02-08
SIG-02541,PROD-01542,STORE-0017,spike,15.7,2026-06-22
SIG-02542,PROD-02506,STORE-0261,decline,29.9,2026-05-01
SIG-02543,PROD-04814,STORE-0208,seasonal,-2.8,2026-01-25
SIG-02544,PROD-04037,STORE-0393,spike,31.5,2026-08-23
SIG-02545,PROD-02169,STORE-0121,decline,-8.4,2026-08-09
SIG-02546,PROD-03399,STORE-0044,seasonal,48.8,2026-07-21
SIG-02547,PROD-03911,STORE-0137,spike,43.6,2026-01-23
SIG-02548,PROD-04301,STORE-0050,spike,-25.3,2026-05-07
SIG-02549,PROD-02701,STORE-0410,seasonal,-21.1,2026-06-17
SIG-02550,PROD-00864,STORE-0089,decline,-12.2,2026-06-08
SIG-02551,PROD-03392,STORE-0146,spike,44.6,2026-07-02
SIG-02552,PROD-04679,STORE-0189,spike,69.1,2026-02-22
SIG-02553,PROD-02408,STORE-0102,spike,55.3,2026-05-15
SIG-02554,PROD-03249,STORE-0009,decline,18.2,2026-05-09
SIG-02555,PROD-03588,STORE-0474,spike,5.9,2026-03-04
SIG-02556,PROD-02291,STORE-0344,decline,74.1,2026-07-15
SIG-02557,PROD-00559,STORE-0112,decline,51.6,2026-07-17
SIG-02558,PROD-03453,STORE-0072,spike,46.1,2026-07-02
SIG-02559,PROD-02547,STORE-0482,seasonal,25.2,2026-01-22
SIG-02560,PROD-02316,STORE-0107,spike,67.0,2026-03-18
SIG-02561,PROD-03173,STORE-0170,decline,-19.1,2026-01-20
SIG-02562,PROD-02750,STORE-0122,seasonal,68.7,2026-01-04
SIG-02563,PROD-04845,STORE-0275,seasonal,-24.1,2026-06-20
SIG-02564,PROD-01133,STORE-0339,decline,45.4,2026-01-20
SIG-02565,PROD-02205,STORE-0091,decline,-38.3,2026-08-18
SIG-02566,PROD-04900,STORE-0429,decline,55.7,2026-02-12
SIG-02567,PROD-03123,STORE-0214,spike,26.0,2026-02-24
SIG-02568,PROD-02904,STORE-0376,decline,-31.8,2026-04-26
SIG-02569,PROD-00605,STORE-0072,decline,-35.5,2026-03-13
SIG-02570,PROD-00813,STORE-0013,seasonal,8.9,2026-07-04
SIG-02571,PROD-02647,STORE-0320,decline,-6.6,2026-01-25
SIG-02572,PROD-03212,STORE-0479,spike,1.1,2026-03-19
SIG-02573,PROD-01241,STORE-0438,decline,38.0,2026-01-02
SIG-02574,PROD-04917,STORE-0063,spike,-23.6,2026-03-26
SIG-02575,PROD-00707,STORE-0044,decline,12.9,2026-06-17
SIG-02576,PROD-02821,STORE-0055,seasonal,7.2,2026-06-18
SIG-02577,PROD-00189,STORE-0248,spike,60.4,2026-01-01
SIG-02578,PROD-03060,STORE-0095,seasonal,24.3,2026-08-01
SIG-02579,PROD-04708,STORE-0361,seasonal,41.8,2026-04-12
SIG-02580,PROD-04152,STORE-0385,decline,-14.4,2026-05-22
SIG-02581,PROD-02644,STORE-0068,decline,56.9,2026-05-25
SIG-02582,PROD-00295,STORE-0358,seasonal,-36.5,2026-02-21
SIG-02583,PROD-01509,STORE-0487,spike,41.9,2026-04-09
SIG-02584,PROD-00349,STORE-0254,spike,-9.0,2026-02-03
SIG-02585,PROD-00348,STORE-0047,spike,-38.5,2026-04-22
SIG-02586,PROD-01199,STORE-0241,spike,71.3,2026-07-17
SIG-02587,PROD-01763,STORE-0083,decline,62.1,2026-03-13
SIG-02588,PROD-00287,STORE-0308,spike,42.5,2026-03-14
SIG-02589,PROD-02032,STORE-0358,decline,-15.6,2026-03-14
SIG-02590,PROD-02203,STORE-0267,seasonal,-22.2,2026-03-24
SIG-02591,PROD-04598,STORE-0188,spike,49.4,2026-03-10
SIG-02592,PROD-04501,STORE-0102,spike,40.7,2026-01-28
SIG-02593,PROD-00137,STORE-0462,spike,75.4,2026-08-08
SIG-02594,PROD-00002,STORE-0495,spike,66.1,2026-05-23
SIG-02595,PROD-02516,STORE-0088,seasonal,2.3,2026-08-24
SIG-02596,PROD-01654,STORE-0476,spike,0.5,2026-03-23
SIG-02597,PROD-00684,STORE-0400,seasonal,60.8,2026-07-02
SIG-02598,PROD-01604,STORE-0493,spike,40.3,2026-05-09
SIG-02599,PROD-03192,STORE-0182,spike,53.8,2026-08-07
SIG-02600,PROD-02114,STORE-0303,decline,44.1,2026-06-06
SIG-02601,PROD-03816,STORE-0245,spike,60.8,2026-02-21
SIG-02602,PROD-04053,STORE-0113,decline,10.7,2026-05-02
SIG-02603,PROD-02757,STORE-0094,spike,22.3,2026-08-02
SIG-02604,PROD-03872,STORE-0387,spike,-20.1,2026-05-13
SIG-02605,PROD-03207,STORE-0417,decline,0.1,2026-06-08
SIG-02606,PROD-00033,STORE-0142,spike,32.2,2026-01-27
SIG-02607,PROD-00365,STORE-0269,seasonal,-7.0,2026-07-15
SIG-02608,PROD-03528,STORE-0265,seasonal,67.5,2026-03-13
SIG-02609,PROD-03289,STORE-0079,decline,-20.0,2026-05-07
SIG-02610,PROD-00797,STORE-0098,decline,5.7,2026-05-07
SIG-02611,PROD-03013,STORE-0066,seasonal,-23.5,2026-08-07
SIG-02612,PROD-03320,STORE-0460,seasonal,-18.0,2026-08-03
SIG-02613,PROD-04918,STORE-0272,seasonal,67.3,2026-04-19
SIG-02614,PROD-03896,STORE-0356,spike,-18.6,2026-04-19
SIG-02615,PROD-02218,STORE-0156,decline,-30.5,2026-07-03
SIG-02616,PROD-00767,STORE-0134,spike,66.4,2026-02-12
SIG-02617,PROD-01270,STORE-0002,spike,7.9,2026-05-23
SIG-02618,PROD-00925,STORE-0393,decline,-6.5,2026-08-20
SIG-02619,PROD-04718,STORE-0182,spike,-21.0,2026-03-22
SIG-02620,PROD-03403,STORE-0366,seasonal,74.0,2026-04-12
SIG-02621,PROD-02839,STORE-0497,seasonal,-25.4,2026-01-01
SIG-02622,PROD-02050,STORE-0218,spike,33.9,2026-04-24
SIG-02623,PROD-04775,STORE-0225,seasonal,-2.1,2026-06-06
SIG-02624,PROD-04108,STORE-0391,spike,43.3,2026-04-26
SIG-02625,PROD-00339,STORE-0124,spike,21.2,2026-06-05
SIG-02626,PROD-04121,STORE-0426,decline,57.0,2026-03-22
SIG-02627,PROD-04921,STORE-0060,decline,-39.4,2026-06-13
SIG-02628,PROD-01139,STORE-0173,spike,62.4,2026-05-04
SIG-02629,PROD-01313,STORE-0082,spike,-32.3,2026-01-03
SIG-02630,PROD-04075,STORE-0382,decline,-38.3,2026-08-19
SIG-02631,PROD-00586,STORE-0051,spike,-35.2,2026-08-12
SIG-02632,PROD-04524,STORE-0080,spike,34.8,2026-07-09
SIG-02633,PROD-02348,STORE-0066,seasonal,-39.8,2026-07-16
SIG-02634,PROD-04433,STORE-0029,seasonal,79.2,2026-07-22
SIG-02635,PROD-04578,STORE-0013,seasonal,31.2,2026-05-10
SIG-02636,PROD-01516,STORE-0108,spike,-13.8,2026-04-17
SIG-02637,PROD-00076,STORE-0192,seasonal,-3.6,2026-01-11
SIG-02638,PROD-03562,STORE-0072,decline,37.1,2026-08-11
SIG-02639,PROD-00686,STORE-0382,spike,32.5,2026-04-20
SIG-02640,PROD-03433,STORE-0005,seasonal,-27.8,2026-03-10
SIG-02641,PROD-00998,STORE-0450,decline,47.8,2026-02-08
SIG-02642,PROD-04474,STORE-0202,spike,5.1,2026-05-20
SIG-02643,PROD-00768,STORE-0257,seasonal,74.7,2026-07-04
SIG-02644,PROD-01460,STORE-0328,decline,43.4,2026-02-13
SIG-02645,PROD-01999,STORE-0364,decline,78.5,2026-07-03
SIG-02646,PROD-04151,STORE-0095,spike,78.4,2026-06-06
SIG-02647,PROD-03612,STORE-0260,seasonal,39.2,2026-06-05
SIG-02648,PROD-01978,STORE-0059,seasonal,29.2,2026-03-08
SIG-02649,PROD-02711,STORE-0407,spike,-19.1,2026-07-06
SIG-02650,PROD-03367,STORE-0229,seasonal,20.3,2026-05-03
SIG-02651,PROD-02505,STORE-0022,spike,79.8,2026-05-15
SIG-02652,PROD-02048,STORE-0028,spike,-12.4,2026-06-02
SIG-02653,PROD-00804,STORE-0414,spike,-7.7,2026-05-07
SIG-02654,PROD-02967,STORE-0429,decline,-33.0,2026-06-09
SIG-02655,PROD-04533,STORE-0262,seasonal,63.0,2026-03-26
SIG-02656,PROD-02741,STORE-0435,decline,44.2,2026-08-09
SIG-02657,PROD-00956,STORE-0179,seasonal,28.2,2026-02-21
SIG-02658,PROD-03696,STORE-0058,seasonal,-17.0,2026-04-19
SIG-02659,PROD-02456,STORE-0345,decline,43.6,2026-04-28
SIG-02660,PROD-01218,STORE-0349,spike,51.0,2026-01-12
SIG-02661,PROD-01059,STORE-0371,spike,5.9,2026-08-20
SIG-02662,PROD-02028,STORE-0252,seasonal,-28.1,2026-05-23
SIG-02663,PROD-02102,STORE-0481,seasonal,71.7,2026-05-11
SIG-02664,PROD-03251,STORE-0455,decline,10.0,2026-04-06
SIG-02665,PROD-01558,STORE-0331,seasonal,51.9,2026-05-25
SIG-02666,PROD-04039,STORE-0437,seasonal,69.4,2026-04-09
SIG-02667,PROD-03788,STORE-0129,spike,28.3,2026-04-01
SIG-02668,PROD-00188,STORE-0450,spike,-23.6,2026-01-27
SIG-02669,PROD-02776,STORE-0400,spike,13.8,2026-07-08
SIG-02670,PROD-00386,STORE-0415,seasonal,42.0,2026-06-24
SIG-02671,PROD-02116,STORE-0491,decline,44.9,2026-05-23
SIG-02672,PROD-00618,STORE-0101,decline,49.0,2026-06-24
SIG-02673,PROD-02463,STORE-0486,spike,-2.5,2026-04-06
SIG-02674,PROD-01032,STORE-0338,spike,-30.5,2026-05-28
SIG-02675,PROD-03556,STORE-0455,seasonal,15.3,2026-02-17
SIG-02676,PROD-02770,STORE-0064,decline,-6.7,2026-08-24
SIG-02677,PROD-02558,STORE-0314,decline,63.4,2026-03-22
SIG-02678,PROD-02520,STORE-0110,spike,36.3,2026-01-16
SIG-02679,PROD-04246,STORE-0394,seasonal,-27.1,2026-06-11
SIG-02680,PROD-04926,STORE-0067,decline,39.0,2026-06-19
SIG-02681,PROD-01420,STORE-0040,spike,14.2,2026-01-04
SIG-02682,PROD-04486,STORE-0218,seasonal,70.4,2026-07-12
SIG-02683,PROD-02764,STORE-0373,spike,16.6,2026-01-12
SIG-02684,PROD-02134,STORE-0357,spike,-3.0,2026-08-02
SIG-02685,PROD-01586,STORE-0336,spike,27.0,2026-08-01
SIG-02686,PROD-02111,STORE-0232,seasonal,42.2,2026-06-15
SIG-02687,PROD-01662,STORE-0208,seasonal,69.6,2026-03-02
SIG-02688,PROD-01999,STORE-0064,spike,43.1,2026-05-24
SIG-02689,PROD-01444,STORE-0484,spike,-39.5,2026-03-24
SIG-02690,PROD-01270,STORE-0234,spike,-30.9,2026-08-03
SIG-02691,PROD-01173,STORE-0348,decline,55.6,2026-06-14
SIG-02692,PROD-01664,STORE-0127,seasonal,67.8,2026-04-23
SIG-02693,PROD-03681,STORE-0147,spike,59.9,2026-05-11
SIG-02694,PROD-00702,STORE-0417,seasonal,34.4,2026-06-12
SIG-02695,PROD-03369,STORE-0077,seasonal,-37.4,2026-06-09
SIG-02696,PROD-00109,STORE-0098,spike,61.8,2026-03-05
SIG-02697,PROD-04091,STORE-0032,decline,-21.8,2026-06-28
SIG-02698,PROD-01636,STORE-0371,decline,38.8,2026-01-14
SIG-02699,PROD-00778,STORE-0448,seasonal,2.4,2026-05-17
SIG-02700,PROD-01142,STORE-0091,decline,-2.8,2026-03-15
SIG-02701,PROD-03225,STORE-0295,decline,-7.6,2026-02-19
SIG-02702,PROD-04638,STORE-0167,spike,-15.8,2026-01-27
SIG-02703,PROD-01230,STORE-0236,seasonal,-16.5,2026-04-27
SIG-02704,PROD-03177,STORE-0347,decline,14.6,2026-02-21
SIG-02705,PROD-03272,STORE-0226,spike,-29.8,2026-04-17
SIG-02706,PROD-04116,STORE-0099,seasonal,22.3,2026-03-15
SIG-02707,PROD-02973,STORE-0333,spike,0.5,2026-05-25
SIG-02708,PROD-03763,STORE-0230,spike,17.0,2026-01-12
SIG-02709,PROD-00294,STORE-0366,decline,45.1,2026-03-10
SIG-02710,PROD-00646,STORE-0359,decline,38.4,2026-02-07
SIG-02711,PROD-02324,STORE-0490,spike,5.2,2026-08-03
SIG-02712,PROD-00207,STORE-0084,decline,29.1,2026-02-05
SIG-02713,PROD-04206,STORE-0466,decline,-10.3,2026-03-25
SIG-02714,PROD-00551,STORE-0402,decline,7.4,2026-07-08
SIG-02715,PROD-02049,STORE-0279,seasonal,-0.9,2026-04-13
SIG-02716,PROD-02925,STORE-0324,spike,66.4,2026-06-04
SIG-02717,PROD-04217,STORE-0256,decline,42.2,2026-04-15
SIG-02718,PROD-04670,STORE-0138,spike,12.2,2026-02-27
SIG-02719,PROD-03205,STORE-0317,seasonal,56.4,2026-02-03
SIG-02720,PROD-01615,STORE-0007,spike,-1.9,2026-08-26
SIG-02721,PROD-04029,STORE-0353,spike,68.5,2026-06-03
SIG-02722,PROD-00412,STORE-0156,decline,-17.8,2026-08-02
SIG-02723,PROD-04129,STORE-0307,decline,69.7,2026-03-24
SIG-02724,PROD-00615,STORE-0472,seasonal,-10.4,2026-03-09
SIG-02725,PROD-02667,STORE-0336,seasonal,60.1,2026-04-27
SIG-02726,PROD-00367,STORE-0411,seasonal,34.4,2026-04-20
SIG-02727,PROD-02742,STORE-0391,decline,56.3,2026-07-02
SIG-02728,PROD-00877,STORE-0143,seasonal,45.0,2026-08-02
SIG-02729,PROD-03976,STORE-0345,seasonal,-3.8,2026-01-08
SIG-02730,PROD-03425,STORE-0121,spike,-26.0,2026-06-08
SIG-02731,PROD-04622,STORE-0195,seasonal,-35.9,2026-06-06
SIG-02732,PROD-01644,STORE-0221,seasonal,-19.2,2026-05-13
SIG-02733,PROD-03110,STORE-0495,seasonal,9.3,2026-07-24
SIG-02734,PROD-00530,STORE-0411,decline,-19.1,2026-06-24
SIG-02735,PROD-01695,STORE-0474,spike,32.0,2026-05-20
SIG-02736,PROD-02160,STORE-0409,spike,7.6,2026-04-06
SIG-02737,PROD-03347,STORE-0150,decline,72.2,2026-02-01
SIG-02738,PROD-04129,STORE-0104,spike,32.0,2026-01-05
SIG-02739,PROD-04750,STORE-0428,decline,-32.2,2026-04-12
SIG-02740,PROD-04219,STORE-0421,spike,35.6,2026-01-27
SIG-02741,PROD-03389,STORE-0357,decline,-26.2,2026-06-14
SIG-02742,PROD-02597,STORE-0140,seasonal,-5.0,2026-08-15
SIG-02743,PROD-04247,STORE-0447,decline,23.9,2026-01-07
SIG-02744,PROD-01147,STORE-0219,decline,43.3,2026-05-21
SIG-02745,PROD-02483,STORE-0268,seasonal,16.7,2026-08-16
SIG-02746,PROD-03718,STORE-0067,decline,34.1,2026-07-13
SIG-02747,PROD-04977,STORE-0459,seasonal,14.5,2026-01-18
SIG-02748,PROD-00081,STORE-0035,spike,2.3,2026-06-09
SIG-02749,PROD-01694,STORE-0431,decline,15.2,2026-04-23
SIG-02750,PROD-00859,STORE-0213,decline,60.5,2026-08-24
SIG-02751,PROD-03360,STORE-0201,spike,-39.1,2026-08-15
SIG-02752,PROD-04195,STORE-0434,seasonal,-8.4,2026-04-23
SIG-02753,PROD-00264,STORE-0232,spike,-30.7,2026-02-05
SIG-02754,PROD-00315,STORE-0270,decline,42.5,2026-08-22
SIG-02755,PROD-01910,STORE-0037,spike,64.3,2026-08-04
SIG-02756,PROD-00909,STORE-0051,seasonal,-30.5,2026-05-23
SIG-02757,PROD-04990,STORE-0135,decline,35.9,2026-04-10
SIG-02758,PROD-03607,STORE-0327,spike,-11.3,2026-03-12
SIG-02759,PROD-04993,STORE-0399,seasonal,74.6,2026-08-05
SIG-02760,PROD-02789,STORE-0157,seasonal,-30.1,2026-05-19
SIG-02761,PROD-03467,STORE-0360,spike,63.0,2026-04-10
SIG-02762,PROD-03879,STORE-0072,spike,65.5,2026-04-11
SIG-02763,PROD-02115,STORE-0276,decline,-35.8,2026-01-04
SIG-02764,PROD-01355,STORE-0388,decline,62.9,2026-08-04
SIG-02765,PROD-00198,STORE-0199,spike,-9.4,2026-02-08
SIG-02766,PROD-02296,STORE-0152,seasonal,-8.7,2026-05-28
SIG-02767,PROD-01872,STORE-0173,seasonal,67.5,2026-08-01
SIG-02768,PROD-03580,STORE-0089,decline,-29.3,2026-04-19
SIG-02769,PROD-04703,STORE-0396,seasonal,-14.1,2026-02-09
SIG-02770,PROD-02087,STORE-0162,decline,26.9,2026-04-18
SIG-02771,PROD-02799,STORE-0031,seasonal,73.8,2026-01-11
SIG-02772,PROD-04693,STORE-0243,decline,-22.7,2026-08-22
SIG-02773,PROD-01546,STORE-0091,seasonal,66.2,2026-01-10
SIG-02774,PROD-02795,STORE-0270,seasonal,74.0,2026-05-17
SIG-02775,PROD-04615,STORE-0083,seasonal,-18.9,2026-01-19
SIG-02776,PROD-00370,STORE-0272,spike,64.4,2026-01-28
SIG-02777,PROD-03952,STORE-0287,decline,-30.8,2026-03-05
SIG-02778,PROD-01869,STORE-0159,decline,51.4,2026-06-10
SIG-02779,PROD-02642,STORE-0046,spike,-13.1,2026-02-17
SIG-02780,PROD-02546,STORE-0184,decline,65.4,2026-07-05
SIG-02781,PROD-04138,STORE-0396,decline,-11.8,2026-07-24
SIG-02782,PROD-03543,STORE-0274,decline,2.5,2026-05-06
SIG-02783,PROD-00125,STORE-0228,decline,26.8,2026-03-02
SIG-02784,PROD-00546,STORE-0115,decline,5.7,2026-01-04
SIG-02785,PROD-03574,STORE-0061,seasonal,70.6,2026-08-14
SIG-02786,PROD-02908,STORE-0165,spike,38.6,2026-02-12
SIG-02787,PROD-00656,STORE-0147,spike,30.8,2026-06-05
SIG-02788,PROD-01163,STORE-0239,decline,17.1,2026-03-03
SIG-02789,PROD-03315,STORE-0117,spike,36.8,2026-04-14
SIG-02790,PROD-03436,STORE-0047,spike,72.7,2026-05-12
SIG-02791,PROD-00728,STORE-0297,decline,-26.6,2026-07-22
SIG-02792,PROD-04116,STORE-0076,decline,71.3,2026-04-09
SIG-02793,PROD-02589,STORE-0427,spike,4.8,2026-02-05
SIG-02794,PROD-00933,STORE-0066,seasonal,52.4,2026-01-02
SIG-02795,PROD-01316,STORE-0044,seasonal,-31.3,2026-07-18
SIG-02796,PROD-04056,STORE-0187,seasonal,-19.3,2026-08-21
SIG-02797,PROD-03811,STORE-0289,spike,78.9,2026-07-28
SIG-02798,PROD-04100,STORE-0399,decline,28.2,2026-08-05
SIG-02799,PROD-03247,STORE-0089,seasonal,-26.5,2026-04-14
SIG-02800,PROD-02242,STORE-0422,decline,-2.1,2026-03-21
SIG-02801,PROD-01250,STORE-0198,decline,5.0,2026-03-06
SIG-02802,PROD-02685,STORE-0196,spike,2.8,2026-02-20
SIG-02803,PROD-04860,STORE-0230,spike,49.2,2026-06-03
SIG-02804,PROD-00497,STORE-0414,decline,-27.0,2026-04-06
SIG-02805,PROD-00398,STORE-0092,spike,37.0,2026-07-16
SIG-02806,PROD-01254,STORE-0171,spike,58.6,2026-06-28
SIG-02807,PROD-04972,STORE-0030,decline,43.8,2026-05-17
SIG-02808,PROD-04112,STORE-0488,decline,69.4,2026-06-07
SIG-02809,PROD-04205,STORE-0309,spike,54.2,2026-04-28
SIG-02810,PROD-01946,STORE-0058,spike,17.8,2026-05-01
SIG-02811,PROD-00960,STORE-0057,seasonal,-28.5,2026-05-12
SIG-02812,PROD-02310,STORE-0027,decline,-14.2,2026-04-20
SIG-02813,PROD-01559,STORE-0457,seasonal,58.0,2026-07-05
SIG-02814,PROD-01313,STORE-0204,seasonal,16.2,2026-06-02
SIG-02815,PROD-01961,STORE-0166,spike,-31.4,2026-03-08
SIG-02816,PROD-00814,STORE-0063,spike,27.0,2026-07-09
SIG-02817,PROD-00519,STORE-0125,spike,-31.3,2026-05-11
SIG-02818,PROD-00769,STORE-0444,decline,5.4,2026-03-08
SIG-02819,PROD-04853,STORE-0344,seasonal,37.6,2026-06-23
SIG-02820,PROD-01832,STORE-0058,seasonal,-6.8,2026-05-21
SIG-02821,PROD-02534,STORE-0395,decline,-11.6,2026-08-21
SIG-02822,PROD-03811,STORE-0001,seasonal,43.8,2026-03-27
SIG-02823,PROD-02926,STORE-0189,decline,-27.8,2026-03-20
SIG-02824,PROD-00679,STORE-0288,decline,2.4,2026-02-28
SIG-02825,PROD-00402,STORE-0183,seasonal,-28.5,2026-02-22
SIG-02826,PROD-01207,STORE-0061,spike,17.5,2026-03-26
SIG-02827,PROD-03531,STORE-0223,seasonal,78.5,2026-01-27
SIG-02828,PROD-02616,STORE-0148,spike,2.4,2026-06-14
SIG-02829,PROD-04035,STORE-0448,decline,79.9,2026-03-02
SIG-02830,PROD-00279,STORE-0438,spike,3.7,2026-01-21
SIG-02831,PROD-00632,STORE-0029,seasonal,61.5,2026-06-16
SIG-02832,PROD-01998,STORE-0161,seasonal,43.9,2026-07-10
SIG-02833,PROD-02052,STORE-0198,decline,-6.6,2026-06-03
SIG-02834,PROD-00211,STORE-0075,spike,26.5,2026-06-26
SIG-02835,PROD-02380,STORE-0132,decline,-31.2,2026-08-18
SIG-02836,PROD-04542,STORE-0373,spike,35.3,2026-06-16
SIG-02837,PROD-01008,STORE-0336,seasonal,32.0,2026-08-20
SIG-02838,PROD-04659,STORE-0297,decline,5.1,2026-02-19
SIG-02839,PROD-03122,STORE-0406,seasonal,-33.8,2026-06-27
SIG-02840,PROD-01046,STORE-0079,seasonal,2.9,2026-02-22
SIG-02841,PROD-01681,STORE-0174,spike,43.6,2026-06-02
SIG-02842,PROD-03139,STORE-0472,seasonal,48.8,2026-04-17
SIG-02843,PROD-04160,STORE-0029,decline,51.3,2026-05-04
SIG-02844,PROD-04586,STORE-0487,spike,-27.8,2026-08-23
SIG-02845,PROD-00594,STORE-0138,decline,-10.1,2026-06-14
SIG-02846,PROD-01916,STORE-0112,seasonal,72.0,2026-01-26
SIG-02847,PROD-04305,STORE-0078,seasonal,12.1,2026-02-01
SIG-02848,PROD-03347,STORE-0426,spike,57.7,2026-05-19
SIG-02849,PROD-02642,STORE-0369,decline,-23.1,2026-02-28
SIG-02850,PROD-00589,STORE-0364,seasonal,65.6,2026-06-25
SIG-02851,PROD-03294,STORE-0164,seasonal,-27.4,2026-03-06
SIG-02852,PROD-00263,STORE-0321,seasonal,-4.8,2026-02-23
SIG-02853,PROD-01361,STORE-0232,seasonal,21.4,2026-04-09
SIG-02854,PROD-02523,STORE-0106,seasonal,25.0,2026-03-18
SIG-02855,PROD-02296,STORE-0089,seasonal,61.3,2026-02-06
SIG-02856,PROD-03616,STORE-0334,spike,-22.0,2026-01-21
SIG-02857,PROD-01721,STORE-0111,decline,45.6,2026-07-09
SIG-02858,PROD-00046,STORE-0072,seasonal,-35.6,2026-02-09
SIG-02859,PROD-03247,STORE-0356,decline,31.2,2026-04-25
SIG-02860,PROD-04665,STORE-0205,seasonal,33.7,2026-01-05
SIG-02861,PROD-04094,STORE-0115,seasonal,-14.5,2026-03-23
SIG-02862,PROD-02692,STORE-0417,spike,75.5,2026-05-23
SIG-02863,PROD-00300,STORE-0146,decline,18.4,2026-02-23
SIG-02864,PROD-03947,STORE-0422,spike,-22.5,2026-04-27
SIG-02865,PROD-03616,STORE-0266,seasonal,63.6,2026-04-13
SIG-02866,PROD-03778,STORE-0265,seasonal,-39.8,2026-06-20
SIG-02867,PROD-04893,STORE-0352,spike,-16.4,2026-02-05
SIG-02868,PROD-02702,STORE-0070,seasonal,58.4,2026-01-19
SIG-02869,PROD-01849,STORE-0069,seasonal,-33.3,2026-05-12
SIG-02870,PROD-00973,STORE-0474,spike,-31.2,2026-02-03
SIG-02871,PROD-00632,STORE-0099,spike,60.9,2026-04-16
SIG-02872,PROD-02932,STORE-0127,decline,54.4,2026-07-18
SIG-02873,PROD-03101,STORE-0215,spike,66.4,2026-04-04
SIG-02874,PROD-00340,STORE-0435,decline,41.8,2026-06-19
SIG-02875,PROD-01939,STORE-0167,spike,-14.6,2026-01-15
SIG-02876,PROD-00964,STORE-0428,decline,14.4,2026-04-26
SIG-02877,PROD-00798,STORE-0319,seasonal,74.5,2026-03-15
SIG-02878,PROD-03678,STORE-0217,decline,70.1,2026-07-10
SIG-02879,PROD-04598,STORE-0169,decline,61.1,2026-02-19
SIG-02880,PROD-00789,STORE-0365,spike,-9.0,2026-04-13
SIG-02881,PROD-02717,STORE-0208,spike,-23.5,2026-04-15
SIG-02882,PROD-03403,STORE-0457,seasonal,22.4,2026-05-07
SIG-02883,PROD-01188,STORE-0450,seasonal,7.7,2026-05-13
SIG-02884,PROD-03232,STORE-0225,decline,53.9,2026-04-07
SIG-02885,PROD-04565,STORE-0054,seasonal,50.3,2026-07-26
SIG-02886,PROD-01654,STORE-0485,decline,54.8,2026-08-23
SIG-02887,PROD-03181,STORE-0048,decline,-4.0,2026-05-25
SIG-02888,PROD-01964,STORE-0453,seasonal,72.1,2026-02-17
SIG-02889,PROD-04204,STORE-0330,seasonal,63.7,2026-07-15
SIG-02890,PROD-00355,STORE-0021,seasonal,-7.3,2026-04-04
SIG-02891,PROD-02375,STORE-0051,spike,-25.2,2026-01-05
SIG-02892,PROD-02100,STORE-0443,decline,58.1,2026-05-13
SIG-02893,PROD-04860,STORE-0473,seasonal,74.9,2026-05-22
SIG-02894,PROD-01986,STORE-0459,spike,-9.9,2026-03-10
SIG-02895,PROD-00656,STORE-0335,spike,-32.2,2026-02-14
SIG-02896,PROD-04396,STORE-0103,decline,35.5,2026-08-16
SIG-02897,PROD-00575,STORE-0085,spike,62.5,2026-08-08
SIG-02898,PROD-01753,STORE-0020,spike,74.3,2026-05-28
SIG-02899,PROD-03783,STORE-0231,seasonal,-32.2,2026-01-10
SIG-02900,PROD-01509,STORE-0152,spike,36.6,2026-07-24
SIG-02901,PROD-01303,STORE-0225,seasonal,-7.7,2026-03-19
SIG-02902,PROD-04225,STORE-0251,seasonal,-3.8,2026-03-01
SIG-02903,PROD-03981,STORE-0445,seasonal,47.8,2026-06-08
SIG-02904,PROD-00673,STORE-0132,seasonal,-24.4,2026-08-04
SIG-02905,PROD-03440,STORE-0402,decline,-26.5,2026-08-26
SIG-02906,PROD-00768,STORE-0300,decline,52.9,2026-06-02
SIG-02907,PROD-00546,STORE-0056,seasonal,76.0,2026-02-08
SIG-02908,PROD-01700,STORE-0303,spike,-7.0,2026-08-06
SIG-02909,PROD-04767,STORE-0458,spike,41.4,2026-02-22
SIG-02910,PROD-01811,STORE-0146,decline,0.3,2026-02-14
SIG-02911,PROD-00436,STORE-0015,decline,-3.1,2026-06-09
SIG-02912,PROD-02292,STORE-0090,spike,-25.2,2026-01-21
SIG-02913,PROD-00598,STORE-0082,spike,73.9,2026-03-24
SIG-02914,PROD-01690,STORE-0192,decline,1.1,2026-06-19
SIG-02915,PROD-00791,STORE-0120,decline,79.2,2026-08-05
SIG-02916,PROD-00050,STORE-0021,spike,-33.3,2026-03-01
SIG-02917,PROD-04054,STORE-0337,spike,50.0,2026-04-05
SIG-02918,PROD-01878,STORE-0241,spike,-27.0,2026-04-22
SIG-02919,PROD-04427,STORE-0305,decline,-31.4,2026-06-18
SIG-02920,PROD-01457,STORE-0062,decline,65.8,2026-04-13
SIG-02921,PROD-04580,STORE-0500,decline,3.8,2026-02-28
SIG-02922,PROD-01199,STORE-0163,spike,75.2,2026-08-03
SIG-02923,PROD-02941,STORE-0250,decline,30.9,2026-04-24
SIG-02924,PROD-00753,STORE-0015,spike,4.9,2026-06-05
SIG-02925,PROD-02866,STORE-0119,decline,1.6,2026-07-07
SIG-02926,PROD-02366,STORE-0201,spike,-0.5,2026-04-24
SIG-02927,PROD-02356,STORE-0202,spike,76.3,2026-03-18
SIG-02928,PROD-02407,STORE-0057,spike,67.2,2026-01-08
SIG-02929,PROD-01105,STORE-0266,decline,-3.3,2026-03-12
SIG-02930,PROD-04607,STORE-0483,seasonal,41.4,2026-05-26
SIG-02931,PROD-01689,STORE-0135,seasonal,2.6,2026-07-02
SIG-02932,PROD-04661,STORE-0228,seasonal,71.3,2026-04-26
SIG-02933,PROD-04731,STORE-0249,spike,-19.4,2026-07-15
SIG-02934,PROD-03226,STORE-0030,spike,21.6,2026-04-04
SIG-02935,PROD-01758,STORE-0221,spike,37.4,2026-08-12
SIG-02936,PROD-03065,STORE-0408,seasonal,4.9,2026-08-17
SIG-02937,PROD-01942,STORE-0051,spike,3.8,2026-03-10
SIG-02938,PROD-03664,STORE-0172,spike,39.4,2026-01-22
SIG-02939,PROD-01436,STORE-0449,spike,7.1,2026-08-07
SIG-02940,PROD-04134,STORE-0061,decline,77.5,2026-03-20
SIG-02941,PROD-03720,STORE-0116,decline,-8.8,2026-02-03
SIG-02942,PROD-01437,STORE-0326,seasonal,-15.7,2026-02-23
SIG-02943,PROD-01016,STORE-0178,decline,-9.4,2026-06-28
SIG-02944,PROD-01578,STORE-0055,decline,-15.9,2026-01-18
SIG-02945,PROD-03281,STORE-0099,decline,50.7,2026-01-06
SIG-02946,PROD-02030,STORE-0493,seasonal,-36.6,2026-08-28
SIG-02947,PROD-03610,STORE-0342,seasonal,2.1,2026-08-02
SIG-02948,PROD-02871,STORE-0392,seasonal,26.0,2026-07-01
SIG-02949,PROD-02930,STORE-0331,spike,63.4,2026-07-27
SIG-02950,PROD-01202,STORE-0268,spike,-31.3,2026-04-02
SIG-02951,PROD-00496,STORE-0303,seasonal,23.6,2026-07-17
SIG-02952,PROD-02739,STORE-0259,decline,-39.9,2026-06-10
SIG-02953,PROD-01000,STORE-0323,decline,-28.7,2026-08-23
SIG-02954,PROD-00410,STORE-0035,seasonal,28.0,2026-01-27
SIG-02955,PROD-00876,STORE-0063,spike,-33.1,2026-05-03
SIG-02956,PROD-00815,STORE-0323,spike,-10.3,2026-04-10
SIG-02957,PROD-00865,STORE-0388,decline,-30.4,2026-05-17
SIG-02958,PROD-04763,STORE-0455,decline,-1.1,2026-06-19
SIG-02959,PROD-04282,STORE-0117,decline,-29.5,2026-07-02
SIG-02960,PROD-00431,STORE-0365,seasonal,21.0,2026-02-05
SIG-02961,PROD-04335,STORE-0298,seasonal,-6.4,2026-01-18
SIG-02962,PROD-01802,STORE-0271,decline,-14.9,2026-01-19
SIG-02963,PROD-03480,STORE-0151,spike,44.8,2026-06-19
SIG-02964,PROD-00921,STORE-0034,seasonal,-0.3,2026-02-21
SIG-02965,PROD-00930,STORE-0366,decline,-37.6,2026-03-22
SIG-02966,PROD-01269,STORE-0034,spike,22.0,2026-04-06
SIG-02967,PROD-04525,STORE-0436,decline,34.8,2026-04-12
SIG-02968,PROD-01391,STORE-0406,decline,79.8,2026-01-09
SIG-02969,PROD-03657,STORE-0021,spike,59.6,2026-07-17
SIG-02970,PROD-00193,STORE-0337,decline,-14.3,2026-07-06
SIG-02971,PROD-00123,STORE-0221,decline,-39.5,2026-04-03
SIG-02972,PROD-02408,STORE-0447,spike,50.0,2026-02-13
SIG-02973,PROD-00753,STORE-0140,seasonal,51.4,2026-04-14
SIG-02974,PROD-01308,STORE-0416,decline,-2.7,2026-03-19
SIG-02975,PROD-03256,STORE-0326,spike,72.7,2026-01-15
SIG-02976,PROD-04733,STORE-0076,spike,46.9,2026-06-26
SIG-02977,PROD-03761,STORE-0314,decline,-22.5,2026-05-02
SIG-02978,PROD-02621,STORE-0055,spike,56.2,2026-02-27
SIG-02979,PROD-02052,STORE-0029,seasonal,-38.3,2026-07-22
SIG-02980,PROD-00869,STORE-0385,decline,-0.9,2026-05-27
SIG-02981,PROD-01355,STORE-0001,spike,23.9,2026-05-01
SIG-02982,PROD-03443,STORE-0263,spike,4.8,2026-03-26
SIG-02983,PROD-03078,STORE-0255,seasonal,18.2,2026-06-22
SIG-02984,PROD-03378,STORE-0305,spike,64.4,2026-01-27
SIG-02985,PROD-01407,STORE-0088,seasonal,12.8,2026-01-15
SIG-02986,PROD-00604,STORE-0220,decline,15.4,2026-06-05
SIG-02987,PROD-02149,STORE-0429,decline,1.3,2026-07-10
SIG-02988,PROD-02543,STORE-0073,spike,19.6,2026-03-27
SIG-02989,PROD-01086,STORE-0341,spike,-5.0,2026-03-26
SIG-02990,PROD-02023,STORE-0415,spike,56.5,2026-01-04
SIG-02991,PROD-02992,STORE-0175,decline,18.1,2026-04-01
SIG-02992,PROD-00735,STORE-0354,seasonal,-23.5,2026-06-09
SIG-02993,PROD-03671,STORE-0371,seasonal,-37.7,2026-02-07
SIG-02994,PROD-04336,STORE-0435,decline,-18.4,2026-07-12
SIG-02995,PROD-04607,STORE-0184,decline,-11.5,2026-06-16
SIG-02996,PROD-02467,STORE-0391,decline,-27.4,2026-01-18
SIG-02997,PROD-01728,STORE-0290,seasonal,-39.3,2026-07-21
SIG-02998,PROD-01735,STORE-0403,decline,29.2,2026-02-07
SIG-02999,PROD-04444,STORE-0318,spike,33.7,2026-04-08
SIG-03000,PROD-04985,STORE-0246,decline,57.7,2026-04-11
SIG-03001,PROD-02340,STORE-0037,spike,16.6,2026-04-19
SIG-03002,PROD-01269,STORE-0229,spike,-14.4,2026-05-17
SIG-03003,PROD-04426,STORE-0011,spike,-19.5,2026-03-19
SIG-03004,PROD-03440,STORE-0205,spike,20.6,2026-03-22
SIG-03005,PROD-01947,STORE-0500,decline,51.7,2026-03-09
SIG-03006,PROD-00001,STORE-0130,spike,-21.1,2026-05-15
SIG-03007,PROD-03446,STORE-0004,decline,43.5,2026-02-16
SIG-03008,PROD-02850,STORE-0060,seasonal,35.4,2026-02-04
SIG-03009,PROD-04871,STORE-0110,spike,45.5,2026-06-17
SIG-03010,PROD-00512,STORE-0168,seasonal,-37.9,2026-05-28
SIG-03011,PROD-04593,STORE-0116,spike,5.4,2026-07-25
SIG-03012,PROD-00336,STORE-0446,spike,-24.0,2026-02-16
SIG-03013,PROD-04333,STORE-0158,seasonal,72.6,2026-06-27
SIG-03014,PROD-02596,STORE-0291,decline,3.0,2026-03-28
SIG-03015,PROD-01681,STORE-0282,spike,-39.5,2026-06-22
SIG-03016,PROD-02018,STORE-0097,decline,79.6,2026-06-24
SIG-03017,PROD-00345,STORE-0150,seasonal,-4.5,2026-07-14
SIG-03018,PROD-01661,STORE-0200,spike,63.7,2026-05-12
SIG-03019,PROD-01333,STORE-0083,decline,40.9,2026-05-05
SIG-03020,PROD-00051,STORE-0362,spike,72.6,2026-03-04
SIG-03021,PROD-02323,STORE-0282,seasonal,38.9,2026-08-06
SIG-03022,PROD-02970,STORE-0301,spike,58.0,2026-08-23
SIG-03023,PROD-02918,STORE-0395,spike,9.9,2026-06-02
SIG-03024,PROD-04750,STORE-0493,decline,57.5,2026-02-14
SIG-03025,PROD-01921,STORE-0059,decline,1.5,2026-03-22
SIG-03026,PROD-00697,STORE-0479,spike,-18.4,2026-01-13
SIG-03027,PROD-03545,STORE-0160,seasonal,-16.5,2026-02-12
SIG-03028,PROD-00727,STORE-0200,seasonal,-26.5,2026-05-26
SIG-03029,PROD-04476,STORE-0204,spike,42.6,2026-04-15
SIG-03030,PROD-03780,STORE-0261,spike,20.9,2026-08-15
SIG-03031,PROD-03155,STORE-0087,decline,53.1,2026-08-09
SIG-03032,PROD-02845,STORE-0324,decline,39.8,2026-03-08
SIG-03033,PROD-03589,STORE-0126,spike,32.9,2026-05-20
SIG-03034,PROD-04573,STORE-0268,decline,22.0,2026-08-28
SIG-03035,PROD-03940,STORE-0386,decline,65.1,2026-03-10
SIG-03036,PROD-02216,STORE-0314,decline,79.2,2026-08-24
SIG-03037,PROD-02070,STORE-0467,seasonal,-18.2,2026-04-17
SIG-03038,PROD-02459,STORE-0178,spike,25.8,2026-08-22
SIG-03039,PROD-02038,STORE-0129,spike,-24.9,2026-04-15
SIG-03040,PROD-02970,STORE-0087,decline,-25.3,2026-06-03
SIG-03041,PROD-01474,STORE-0277,seasonal,-38.0,2026-06-27
SIG-03042,PROD-01769,STORE-0292,seasonal,11.2,2026-06-12
SIG-03043,PROD-03000,STORE-0073,spike,58.4,2026-07-12
SIG-03044,PROD-04272,STORE-0250,spike,-20.4,2026-01-22
SIG-03045,PROD-04101,STORE-0393,spike,51.7,2026-06-26
SIG-03046,PROD-01712,STORE-0275,seasonal,-26.7,2026-01-23
SIG-03047,PROD-04047,STORE-0304,spike,77.7,2026-07-19
SIG-03048,PROD-01441,STORE-0395,decline,-18.7,2026-04-05
SIG-03049,PROD-01646,STORE-0210,spike,51.2,2026-05-18
SIG-03050,PROD-00462,STORE-0373,decline,-21.9,2026-05-08
SIG-03051,PROD-00127,STORE-0461,seasonal,-36.7,2026-03-26
SIG-03052,PROD-03595,STORE-0095,decline,38.7,2026-07-05
SIG-03053,PROD-02821,STORE-0369,seasonal,76.3,2026-05-22
SIG-03054,PROD-03985,STORE-0096,seasonal,-3.2,2026-06-05
SIG-03055,PROD-01612,STORE-0418,seasonal,29.8,2026-05-01
SIG-03056,PROD-04505,STORE-0206,seasonal,-5.2,2026-05-16
SIG-03057,PROD-01322,STORE-0339,decline,-34.1,2026-07-16
SIG-03058,PROD-03584,STORE-0455,spike,-10.5,2026-07-09
SIG-03059,PROD-03010,STORE-0269,seasonal,6.3,2026-05-06
SIG-03060,PROD-01464,STORE-0294,decline,-22.6,2026-02-23
SIG-03061,PROD-03398,STORE-0373,decline,29.6,2026-01-22
SIG-03062,PROD-00617,STORE-0032,decline,7.7,2026-08-19
SIG-03063,PROD-02149,STORE-0217,spike,76.3,2026-03-24
SIG-03064,PROD-02040,STORE-0155,spike,2.2,2026-06-08
SIG-03065,PROD-02264,STORE-0283,spike,62.3,2026-07-28
SIG-03066,PROD-02040,STORE-0359,spike,59.7,2026-01-03
SIG-03067,PROD-04058,STORE-0005,spike,37.2,2026-07-28
SIG-03068,PROD-02126,STORE-0280,seasonal,-20.1,2026-06-20
SIG-03069,PROD-00204,STORE-0048,spike,-23.9,2026-07-11
SIG-03070,PROD-00464,STORE-0218,seasonal,-14.3,2026-03-24
SIG-03071,PROD-00531,STORE-0189,spike,-10.9,2026-05-12
SIG-03072,PROD-04527,STORE-0243,decline,67.9,2026-08-01
SIG-03073,PROD-03944,STORE-0254,seasonal,-23.0,2026-07-14
SIG-03074,PROD-00059,STORE-0337,spike,-11.7,2026-06-21
SIG-03075,PROD-01316,STORE-0173,seasonal,-37.7,2026-01-25
SIG-03076,PROD-04909,STORE-0366,seasonal,-26.1,2026-07-08
SIG-03077,PROD-02964,STORE-0429,seasonal,40.7,2026-05-07
SIG-03078,PROD-03864,STORE-0491,decline,-29.7,2026-01-17
SIG-03079,PROD-01171,STORE-0293,seasonal,-15.0,2026-04-20
SIG-03080,PROD-03725,STORE-0015,seasonal,54.0,2026-01-18
SIG-03081,PROD-04389,STORE-0357,seasonal,-30.4,2026-05-09
SIG-03082,PROD-03026,STORE-0028,spike,57.9,2026-04-09
SIG-03083,PROD-03261,STORE-0355,seasonal,9.3,2026-05-16
SIG-03084,PROD-00575,STORE-0290,decline,2.1,2026-06-22
SIG-03085,PROD-00316,STORE-0471,spike,-27.7,2026-05-19
SIG-03086,PROD-02086,STORE-0089,spike,-25.4,2026-07-01
SIG-03087,PROD-02413,STORE-0438,decline,11.1,2026-06-07
SIG-03088,PROD-03324,STORE-0388,seasonal,-19.7,2026-07-27
SIG-03089,PROD-03679,STORE-0316,seasonal,65.8,2026-08-13
SIG-03090,PROD-03802,STORE-0201,decline,58.4,2026-04-27
SIG-03091,PROD-02334,STORE-0494,spike,-39.1,2026-04-06
SIG-03092,PROD-02171,STORE-0210,spike,-10.8,2026-05-02
SIG-03093,PROD-00601,STORE-0190,decline,4.8,2026-01-07
SIG-03094,PROD-00475,STORE-0257,decline,48.5,2026-02-28
SIG-03095,PROD-04654,STORE-0156,decline,71.6,2026-01-04
SIG-03096,PROD-03167,STORE-0265,spike,31.7,2026-07-14
SIG-03097,PROD-00593,STORE-0255,seasonal,10.0,2026-07-26
SIG-03098,PROD-02054,STORE-0484,seasonal,53.8,2026-05-04
SIG-03099,PROD-00766,STORE-0231,seasonal,-31.8,2026-06-19
SIG-03100,PROD-00235,STORE-0227,decline,42.0,2026-05-10
SIG-03101,PROD-04706,STORE-0332,decline,-21.6,2026-05-11
SIG-03102,PROD-00743,STORE-0302,spike,-19.2,2026-06-18
SIG-03103,PROD-00342,STORE-0470,decline,55.4,2026-06-27
SIG-03104,PROD-00718,STORE-0095,decline,11.6,2026-06-20
SIG-03105,PROD-02299,STORE-0262,decline,-3.2,2026-05-06
SIG-03106,PROD-00925,STORE-0418,seasonal,3.0,2026-06-21
SIG-03107,PROD-03569,STORE-0182,decline,1.8,2026-06-14
SIG-03108,PROD-01895,STORE-0457,spike,39.4,2026-04-18
SIG-03109,PROD-03346,STORE-0487,spike,3.5,2026-05-08
SIG-03110,PROD-01808,STORE-0159,seasonal,40.8,2026-01-13
SIG-03111,PROD-02578,STORE-0194,seasonal,45.3,2026-06-02
SIG-03112,PROD-02585,STORE-0489,seasonal,31.8,2026-06-27
SIG-03113,PROD-03021,STORE-0419,decline,79.1,2026-03-03
SIG-03114,PROD-02606,STORE-0243,spike,4.1,2026-05-02
SIG-03115,PROD-01826,STORE-0270,seasonal,55.1,2026-06-22
SIG-03116,PROD-01139,STORE-0177,seasonal,6.5,2026-05-24
SIG-03117,PROD-03578,STORE-0148,decline,6.4,2026-05-25
SIG-03118,PROD-03500,STORE-0431,seasonal,-9.8,2026-07-22
SIG-03119,PROD-02068,STORE-0182,decline,16.0,2026-06-17
SIG-03120,PROD-03991,STORE-0433,decline,-11.6,2026-05-02
SIG-03121,PROD-01642,STORE-0355,decline,-21.8,2026-04-01
SIG-03122,PROD-04539,STORE-0147,spike,55.7,2026-04-21
SIG-03123,PROD-02370,STORE-0228,seasonal,30.4,2026-06-21
SIG-03124,PROD-02577,STORE-0181,spike,17.6,2026-05-24
SIG-03125,PROD-02173,STORE-0084,seasonal,-20.0,2026-05-09
SIG-03126,PROD-02941,STORE-0403,spike,-32.6,2026-06-11
SIG-03127,PROD-01438,STORE-0485,spike,25.8,2026-04-21
SIG-03128,PROD-02328,STORE-0314,seasonal,68.0,2026-07-21
SIG-03129,PROD-01916,STORE-0379,seasonal,18.1,2026-05-28
SIG-03130,PROD-04799,STORE-0385,decline,77.8,2026-05-26
SIG-03131,PROD-04540,STORE-0304,spike,17.0,2026-05-18
SIG-03132,PROD-02921,STORE-0274,spike,-8.1,2026-02-23
SIG-03133,PROD-04712,STORE-0074,spike,-20.3,2026-01-24
SIG-03134,PROD-00302,STORE-0434,spike,-7.3,2026-07-17
SIG-03135,PROD-04302,STORE-0161,seasonal,-25.8,2026-03-06
SIG-03136,PROD-01139,STORE-0296,spike,-33.5,2026-07-11
SIG-03137,PROD-01292,STORE-0274,spike,-31.0,2026-07-09
SIG-03138,PROD-04581,STORE-0003,seasonal,-36.4,2026-05-07
SIG-03139,PROD-04186,STORE-0219,spike,27.0,2026-03-04
SIG-03140,PROD-03703,STORE-0012,seasonal,-14.4,2026-01-16
SIG-03141,PROD-01050,STORE-0246,spike,7.8,2026-02-22
SIG-03142,PROD-03542,STORE-0140,spike,-38.4,2026-02-04
SIG-03143,PROD-03067,STORE-0333,decline,-4.4,2026-02-15
SIG-03144,PROD-04018,STORE-0044,spike,27.3,2026-06-23
SIG-03145,PROD-03176,STORE-0438,seasonal,-10.8,2026-03-16
SIG-03146,PROD-03902,STORE-0475,spike,-11.6,2026-08-22
SIG-03147,PROD-03170,STORE-0235,decline,61.7,2026-03-17
SIG-03148,PROD-00646,STORE-0430,spike,20.9,2026-05-24
SIG-03149,PROD-02492,STORE-0386,spike,67.9,2026-03-21
SIG-03150,PROD-00920,STORE-0072,seasonal,-1.8,2026-07-25
SIG-03151,PROD-04064,STORE-0112,decline,47.8,2026-04-21
SIG-03152,PROD-03712,STORE-0420,decline,35.2,2026-08-04
SIG-03153,PROD-02825,STORE-0336,spike,34.3,2026-06-22
SIG-03154,PROD-03283,STORE-0121,decline,76.3,2026-03-20
SIG-03155,PROD-03817,STORE-0194,spike,54.5,2026-04-15
SIG-03156,PROD-02805,STORE-0336,spike,9.5,2026-03-05
SIG-03157,PROD-04258,STORE-0187,spike,-27.5,2026-01-05
SIG-03158,PROD-04327,STORE-0357,seasonal,-28.1,2026-08-20
SIG-03159,PROD-00513,STORE-0168,seasonal,46.3,2026-08-06
SIG-03160,PROD-02336,STORE-0380,decline,78.6,2026-05-03
SIG-03161,PROD-00544,STORE-0130,seasonal,-3.7,2026-06-09
SIG-03162,PROD-01539,STORE-0288,seasonal,39.4,2026-01-06
SIG-03163,PROD-00199,STORE-0272,spike,21.5,2026-06-23
SIG-03164,PROD-03856,STORE-0050,spike,48.5,2026-02-16
SIG-03165,PROD-03433,STORE-0486,seasonal,42.5,2026-01-05
SIG-03166,PROD-04453,STORE-0105,decline,46.5,2026-04-05
SIG-03167,PROD-01602,STORE-0286,seasonal,26.4,2026-06-14
SIG-03168,PROD-02703,STORE-0350,decline,61.7,2026-01-13
SIG-03169,PROD-03205,STORE-0084,spike,47.4,2026-08-14
SIG-03170,PROD-04738,STORE-0343,spike,67.6,2026-05-12
SIG-03171,PROD-00414,STORE-0487,decline,62.9,2026-05-26
SIG-03172,PROD-02585,STORE-0216,spike,17.5,2026-07-14
SIG-03173,PROD-01904,STORE-0094,decline,19.2,2026-01-15
SIG-03174,PROD-04892,STORE-0469,seasonal,44.9,2026-07-05
SIG-03175,PROD-00972,STORE-0089,seasonal,7.4,2026-05-10
SIG-03176,PROD-04687,STORE-0056,decline,15.0,2026-02-09
SIG-03177,PROD-02420,STORE-0363,decline,12.0,2026-08-20
SIG-03178,PROD-03474,STORE-0106,seasonal,73.0,2026-02-19
SIG-03179,PROD-02893,STORE-0171,seasonal,-7.3,2026-05-14
SIG-03180,PROD-02824,STORE-0049,seasonal,-22.7,2026-03-01
SIG-03181,PROD-04571,STORE-0418,seasonal,32.6,2026-02-22
SIG-03182,PROD-00272,STORE-0257,spike,58.5,2026-08-27
SIG-03183,PROD-02596,STORE-0200,decline,48.2,2026-04-27
SIG-03184,PROD-02107,STORE-0181,seasonal,-29.4,2026-06-22
SIG-03185,PROD-00856,STORE-0225,spike,5.5,2026-07-08
SIG-03186,PROD-03645,STORE-0023,seasonal,3.6,2026-04-11
SIG-03187,PROD-03535,STORE-0465,seasonal,32.9,2026-06-26
SIG-03188,PROD-01400,STORE-0128,decline,5.6,2026-05-17
SIG-03189,PROD-01553,STORE-0387,decline,16.7,2026-04-21
SIG-03190,PROD-00265,STORE-0492,seasonal,58.9,2026-02-09
SIG-03191,PROD-02286,STORE-0325,decline,-5.4,2026-07-28
SIG-03192,PROD-01112,STORE-0209,decline,11.3,2026-06-14
SIG-03193,PROD-03003,STORE-0421,decline,14.9,2026-04-12
SIG-03194,PROD-02345,STORE-0030,decline,-13.0,2026-03-05
SIG-03195,PROD-04927,STORE-0447,decline,-29.1,2026-05-08
SIG-03196,PROD-04916,STORE-0256,decline,37.6,2026-07-17
SIG-03197,PROD-03979,STORE-0363,spike,57.1,2026-01-16
SIG-03198,PROD-03724,STORE-0006,seasonal,24.2,2026-05-11
SIG-03199,PROD-01569,STORE-0300,spike,30.9,2026-04-18
SIG-03200,PROD-01137,STORE-0144,spike,61.5,2026-08-12
SIG-03201,PROD-01902,STORE-0215,spike,24.7,2026-04-20
SIG-03202,PROD-04516,STORE-0436,seasonal,67.2,2026-06-19
SIG-03203,PROD-01188,STORE-0373,spike,12.8,2026-07-10
SIG-03204,PROD-00525,STORE-0259,spike,-17.2,2026-07-16
SIG-03205,PROD-03462,STORE-0242,spike,-17.0,2026-02-28
SIG-03206,PROD-00843,STORE-0015,seasonal,21.3,2026-08-28
SIG-03207,PROD-01711,STORE-0310,decline,57.4,2026-04-01
SIG-03208,PROD-01985,STORE-0250,seasonal,9.3,2026-06-10
SIG-03209,PROD-02346,STORE-0500,seasonal,48.2,2026-03-21
SIG-03210,PROD-03212,STORE-0440,decline,78.1,2026-01-18
SIG-03211,PROD-02081,STORE-0017,spike,13.9,2026-01-23
SIG-03212,PROD-00783,STORE-0123,seasonal,46.1,2026-06-18
SIG-03213,PROD-04451,STORE-0132,spike,30.2,2026-08-23
SIG-03214,PROD-03160,STORE-0059,seasonal,77.4,2026-01-14
SIG-03215,PROD-01799,STORE-0147,spike,17.6,2026-07-01
SIG-03216,PROD-02723,STORE-0141,spike,22.8,2026-06-15
SIG-03217,PROD-03013,STORE-0081,seasonal,-38.7,2026-02-13
SIG-03218,PROD-01802,STORE-0053,spike,-24.7,2026-07-17
SIG-03219,PROD-02900,STORE-0187,seasonal,-26.7,2026-05-25
SIG-03220,PROD-01301,STORE-0186,decline,-5.8,2026-02-23
SIG-03221,PROD-02405,STORE-0237,seasonal,78.8,2026-08-21
SIG-03222,PROD-03511,STORE-0034,spike,-0.5,2026-08-04
SIG-03223,PROD-00528,STORE-0375,spike,-22.8,2026-04-02
SIG-03224,PROD-01263,STORE-0458,seasonal,-14.4,2026-03-01
SIG-03225,PROD-00613,STORE-0391,spike,9.4,2026-04-25
SIG-03226,PROD-03407,STORE-0320,decline,36.7,2026-07-01
SIG-03227,PROD-00497,STORE-0219,decline,42.5,2026-04-17
SIG-03228,PROD-04336,STORE-0020,decline,65.4,2026-01-27
SIG-03229,PROD-03479,STORE-0098,seasonal,2.5,2026-07-25
SIG-03230,PROD-04086,STORE-0221,spike,38.2,2026-01-07
SIG-03231,PROD-04535,STORE-0256,seasonal,18.4,2026-01-03
SIG-03232,PROD-04721,STORE-0230,decline,77.1,2026-06-22
SIG-03233,PROD-00342,STORE-0337,seasonal,45.9,2026-04-04
SIG-03234,PROD-00427,STORE-0494,decline,-5.2,2026-05-24
SIG-03235,PROD-00066,STORE-0214,seasonal,69.7,2026-05-17
SIG-03236,PROD-01008,STORE-0397,spike,70.2,2026-06-11
SIG-03237,PROD-02190,STORE-0019,decline,79.7,2026-05-05
SIG-03238,PROD-04239,STORE-0270,spike,3.8,2026-05-16
SIG-03239,PROD-02127,STORE-0350,decline,-27.7,2026-07-13
SIG-03240,PROD-01375,STORE-0494,decline,54.3,2026-08-27
SIG-03241,PROD-00561,STORE-0470,spike,-17.7,2026-06-08
SIG-03242,PROD-00950,STORE-0028,seasonal,-8.6,2026-01-12
SIG-03243,PROD-00443,STORE-0229,seasonal,40.1,2026-08-04
SIG-03244,PROD-02385,STORE-0361,decline,24.8,2026-06-09
SIG-03245,PROD-03531,STORE-0136,seasonal,-21.7,2026-06-19
SIG-03246,PROD-03690,STORE-0026,spike,17.9,2026-03-22
SIG-03247,PROD-04142,STORE-0386,decline,48.5,2026-05-01
SIG-03248,PROD-04148,STORE-0331,seasonal,69.8,2026-06-07
SIG-03249,PROD-04131,STORE-0128,seasonal,64.0,2026-07-02
SIG-03250,PROD-03051,STORE-0005,seasonal,40.4,2026-02-09
SIG-03251,PROD-01011,STORE-0264,seasonal,51.9,2026-05-23
SIG-03252,PROD-01840,STORE-0199,seasonal,5.9,2026-01-11
SIG-03253,PROD-02923,STORE-0338,seasonal,-8.5,2026-08-01
SIG-03254,PROD-04470,STORE-0271,seasonal,-16.3,2026-01-24
SIG-03255,PROD-00771,STORE-0038,seasonal,18.8,2026-07-23
SIG-03256,PROD-02928,STORE-0283,spike,54.7,2026-04-20
SIG-03257,PROD-04947,STORE-0030,seasonal,6.6,2026-03-11
SIG-03258,PROD-02361,STORE-0227,spike,74.6,2026-02-27
SIG-03259,PROD-02638,STORE-0226,seasonal,10.5,2026-02-02
SIG-03260,PROD-04018,STORE-0323,decline,-28.8,2026-05-08
SIG-03261,PROD-01679,STORE-0139,spike,12.4,2026-08-01
SIG-03262,PROD-02808,STORE-0122,seasonal,49.6,2026-02-17
SIG-03263,PROD-04734,STORE-0475,seasonal,64.6,2026-01-11
SIG-03264,PROD-03401,STORE-0064,seasonal,63.1,2026-02-07
SIG-03265,PROD-03854,STORE-0059,spike,36.4,2026-06-17
SIG-03266,PROD-01299,STORE-0491,decline,58.6,2026-04-19
SIG-03267,PROD-00669,STORE-0315,seasonal,45.1,2026-05-27
SIG-03268,PROD-01215,STORE-0116,seasonal,-38.2,2026-07-20
SIG-03269,PROD-00188,STORE-0446,spike,29.0,2026-04-25
SIG-03270,PROD-04901,STORE-0185,decline,-37.6,2026-08-22
SIG-03271,PROD-04720,STORE-0289,seasonal,19.4,2026-07-11
SIG-03272,PROD-04790,STORE-0207,decline,73.2,2026-01-04
SIG-03273,PROD-01566,STORE-0236,decline,-19.4,2026-05-18
SIG-03274,PROD-01396,STORE-0189,decline,-36.1,2026-04-07
SIG-03275,PROD-03330,STORE-0136,decline,23.2,2026-01-17
SIG-03276,PROD-03107,STORE-0086,spike,27.0,2026-06-28
SIG-03277,PROD-03387,STORE-0217,seasonal,-17.2,2026-04-06
SIG-03278,PROD-00195,STORE-0234,decline,-32.0,2026-02-25
SIG-03279,PROD-00386,STORE-0386,decline,45.9,2026-06-10
SIG-03280,PROD-04305,STORE-0366,spike,-14.6,2026-02-12
SIG-03281,PROD-03188,STORE-0214,decline,42.6,2026-07-11
SIG-03282,PROD-04711,STORE-0244,spike,-34.7,2026-04-20
SIG-03283,PROD-01056,STORE-0097,seasonal,-20.8,2026-05-09
SIG-03284,PROD-03041,STORE-0123,spike,-36.5,2026-02-08
SIG-03285,PROD-03138,STORE-0002,decline,51.4,2026-08-10
SIG-03286,PROD-01871,STORE-0209,decline,0.0,2026-07-17
SIG-03287,PROD-00337,STORE-0478,decline,65.9,2026-08-03
SIG-03288,PROD-02485,STORE-0109,spike,-30.6,2026-08-19
SIG-03289,PROD-03723,STORE-0223,seasonal,9.4,2026-01-03
SIG-03290,PROD-01250,STORE-0179,spike,66.7,2026-03-06
SIG-03291,PROD-01821,STORE-0497,spike,66.5,2026-06-27
SIG-03292,PROD-04347,STORE-0238,seasonal,46.6,2026-08-10
SIG-03293,PROD-02866,STORE-0434,decline,-6.3,2026-04-04
SIG-03294,PROD-01033,STORE-0448,spike,-18.3,2026-07-08
SIG-03295,PROD-04303,STORE-0210,seasonal,-31.5,2026-07-05
SIG-03296,PROD-01943,STORE-0200,seasonal,60.0,2026-07-13
SIG-03297,PROD-00546,STORE-0083,seasonal,2.6,2026-07-12
SIG-03298,PROD-03210,STORE-0404,seasonal,29.2,2026-08-22
SIG-03299,PROD-00881,STORE-0077,seasonal,34.9,2026-08-20
SIG-03300,PROD-03303,STORE-0400,decline,45.4,2026-04-23
SIG-03301,PROD-01597,STORE-0273,spike,4.3,2026-05-15
SIG-03302,PROD-03640,STORE-0443,spike,40.2,2026-03-27
SIG-03303,PROD-02410,STORE-0203,seasonal,5.7,2026-02-11
SIG-03304,PROD-00752,STORE-0346,spike,73.0,2026-02-07
SIG-03305,PROD-03813,STORE-0327,decline,20.9,2026-06-16
SIG-03306,PROD-00607,STORE-0067,seasonal,53.9,2026-03-16
SIG-03307,PROD-03989,STORE-0453,spike,1.4,2026-08-20
SIG-03308,PROD-02748,STORE-0325,spike,33.8,2026-08-21
SIG-03309,PROD-02781,STORE-0196,spike,-20.3,2026-02-09
SIG-03310,PROD-03384,STORE-0277,spike,-34.0,2026-04-18
SIG-03311,PROD-03119,STORE-0059,seasonal,-10.9,2026-08-17
SIG-03312,PROD-01037,STORE-0181,decline,-27.5,2026-03-10
SIG-03313,PROD-02475,STORE-0439,spike,-26.1,2026-05-16
SIG-03314,PROD-00507,STORE-0114,spike,23.0,2026-05-04
SIG-03315,PROD-00225,STORE-0406,seasonal,-28.4,2026-04-14
SIG-03316,PROD-01051,STORE-0090,spike,29.6,2026-08-18
SIG-03317,PROD-01124,STORE-0108,seasonal,49.5,2026-03-19
SIG-03318,PROD-02407,STORE-0181,spike,66.9,2026-03-17
SIG-03319,PROD-01843,STORE-0113,spike,43.9,2026-02-02
SIG-03320,PROD-00259,STORE-0176,spike,-25.8,2026-02-12
SIG-03321,PROD-01834,STORE-0449,spike,-35.2,2026-02-12
SIG-03322,PROD-01867,STORE-0493,spike,-22.4,2026-06-23
SIG-03323,PROD-00944,STORE-0293,seasonal,32.1,2026-03-23
SIG-03324,PROD-03490,STORE-0335,seasonal,-8.1,2026-02-24
SIG-03325,PROD-00390,STORE-0107,decline,36.7,2026-05-26
SIG-03326,PROD-01759,STORE-0190,spike,-25.1,2026-07-11
SIG-03327,PROD-04641,STORE-0116,decline,-29.4,2026-06-05
SIG-03328,PROD-00126,STORE-0389,decline,53.3,2026-04-23
SIG-03329,PROD-04190,STORE-0253,decline,63.9,2026-07-24
SIG-03330,PROD-04678,STORE-0276,seasonal,0.1,2026-06-11
SIG-03331,PROD-04770,STORE-0063,decline,43.4,2026-05-20
SIG-03332,PROD-01072,STORE-0080,decline,66.5,2026-05-13
SIG-03333,PROD-01895,STORE-0004,spike,-28.3,2026-04-18
SIG-03334,PROD-01416,STORE-0027,seasonal,-21.1,2026-02-07
SIG-03335,PROD-00957,STORE-0097,decline,45.6,2026-06-03
SIG-03336,PROD-02584,STORE-0350,decline,76.1,2026-01-28
SIG-03337,PROD-01946,STORE-0063,spike,-37.9,2026-05-19
SIG-03338,PROD-02846,STORE-0138,spike,-20.8,2026-08-01
SIG-03339,PROD-03638,STORE-0307,spike,56.0,2026-07-14
SIG-03340,PROD-00851,STORE-0409,seasonal,61.2,2026-05-27
SIG-03341,PROD-01122,STORE-0229,seasonal,-8.3,2026-02-21
SIG-03342,PROD-01137,STORE-0193,decline,-3.4,2026-04-21
SIG-03343,PROD-02024,STORE-0499,seasonal,47.3,2026-03-16
SIG-03344,PROD-02607,STORE-0393,spike,-25.9,2026-08-23
SIG-03345,PROD-00075,STORE-0043,seasonal,34.3,2026-08-28
SIG-03346,PROD-01888,STORE-0467,spike,-36.0,2026-02-04
SIG-03347,PROD-02727,STORE-0281,seasonal,-6.9,2026-07-04
SIG-03348,PROD-01086,STORE-0349,seasonal,63.1,2026-08-02
SIG-03349,PROD-04786,STORE-0289,spike,53.6,2026-02-26
SIG-03350,PROD-04776,STORE-0200,spike,43.2,2026-07-02
SIG-03351,PROD-01824,STORE-0360,seasonal,-15.5,2026-06-21
SIG-03352,PROD-04734,STORE-0121,decline,69.5,2026-01-27
SIG-03353,PROD-01166,STORE-0028,decline,75.1,2026-06-24
SIG-03354,PROD-00148,STORE-0144,decline,61.6,2026-03-10
SIG-03355,PROD-04372,STORE-0075,spike,0.8,2026-07-08
SIG-03356,PROD-00906,STORE-0220,spike,-17.5,2026-02-28
SIG-03357,PROD-02717,STORE-0174,seasonal,55.3,2026-01-26
SIG-03358,PROD-02859,STORE-0106,spike,29.0,2026-06-16
SIG-03359,PROD-00376,STORE-0384,spike,-16.3,2026-04-26
SIG-03360,PROD-00111,STORE-0480,spike,25.7,2026-02-11
SIG-03361,PROD-04078,STORE-0275,seasonal,-3.9,2026-06-03
SIG-03362,PROD-00309,STORE-0270,spike,10.7,2026-07-12
SIG-03363,PROD-04345,STORE-0353,seasonal,-8.3,2026-03-24
SIG-03364,PROD-03113,STORE-0367,spike,-30.2,2026-02-10
SIG-03365,PROD-01656,STORE-0009,seasonal,-10.8,2026-01-12
SIG-03366,PROD-01674,STORE-0078,spike,42.7,2026-06-24
SIG-03367,PROD-01078,STORE-0300,spike,49.2,2026-02-07
SIG-03368,PROD-00113,STORE-0242,seasonal,25.2,2026-07-25
SIG-03369,PROD-00854,STORE-0485,decline,30.6,2026-04-16
SIG-03370,PROD-04577,STORE-0364,spike,44.9,2026-03-03
SIG-03371,PROD-00888,STORE-0060,seasonal,78.4,2026-04-22
SIG-03372,PROD-00110,STORE-0177,decline,-24.3,2026-05-09
SIG-03373,PROD-02312,STORE-0153,spike,34.4,2026-05-11
SIG-03374,PROD-01303,STORE-0361,spike,3.6,2026-01-26
SIG-03375,PROD-01210,STORE-0002,seasonal,48.7,2026-01-20
SIG-03376,PROD-00247,STORE-0292,spike,77.9,2026-06-01
SIG-03377,PROD-01836,STORE-0408,decline,-15.8,2026-06-06
SIG-03378,PROD-04306,STORE-0261,spike,-35.1,2026-05-24
SIG-03379,PROD-01330,STORE-0392,spike,-37.5,2026-01-26
SIG-03380,PROD-03825,STORE-0198,decline,31.2,2026-03-01
SIG-03381,PROD-04775,STORE-0294,decline,40.9,2026-06-28
SIG-03382,PROD-01236,STORE-0213,seasonal,-22.4,2026-04-22
SIG-03383,PROD-02340,STORE-0234,decline,18.7,2026-01-03
SIG-03384,PROD-00923,STORE-0283,seasonal,-26.2,2026-01-18
SIG-03385,PROD-01250,STORE-0222,decline,-25.7,2026-01-05
SIG-03386,PROD-03273,STORE-0065,decline,-8.4,2026-05-04
SIG-03387,PROD-03433,STORE-0178,seasonal,73.9,2026-08-18
SIG-03388,PROD-03293,STORE-0111,seasonal,47.8,2026-04-28
SIG-03389,PROD-01930,STORE-0359,seasonal,4.9,2026-02-11
SIG-03390,PROD-00238,STORE-0077,spike,-28.5,2026-06-09
SIG-03391,PROD-02386,STORE-0009,seasonal,79.8,2026-02-18
SIG-03392,PROD-01988,STORE-0044,seasonal,-34.9,2026-04-26
SIG-03393,PROD-01189,STORE-0483,decline,14.2,2026-08-06
SIG-03394,PROD-00343,STORE-0221,seasonal,56.0,2026-05-15
SIG-03395,PROD-00781,STORE-0491,decline,-3.5,2026-06-17
SIG-03396,PROD-03755,STORE-0211,seasonal,-19.5,2026-05-21
SIG-03397,PROD-03512,STORE-0156,seasonal,-11.0,2026-04-09
SIG-03398,PROD-03411,STORE-0484,spike,47.4,2026-08-08
SIG-03399,PROD-00687,STORE-0274,seasonal,27.0,2026-07-19
SIG-03400,PROD-03992,STORE-0084,seasonal,12.6,2026-05-17
SIG-03401,PROD-02873,STORE-0393,decline,62.7,2026-03-02
SIG-03402,PROD-00150,STORE-0383,seasonal,60.4,2026-03-12
SIG-03403,PROD-04458,STORE-0079,spike,21.3,2026-07-13
SIG-03404,PROD-02253,STORE-0492,decline,5.1,2026-08-18
SIG-03405,PROD-04772,STORE-0249,spike,7.0,2026-05-03
SIG-03406,PROD-01792,STORE-0115,seasonal,45.3,2026-06-17
SIG-03407,PROD-03617,STORE-0312,seasonal,14.6,2026-08-24
SIG-03408,PROD-00204,STORE-0137,spike,27.9,2026-07-03
SIG-03409,PROD-03239,STORE-0316,seasonal,-3.2,2026-01-12
SIG-03410,PROD-01566,STORE-0329,seasonal,58.0,2026-01-21
SIG-03411,PROD-03654,STORE-0375,seasonal,61.2,2026-07-28
SIG-03412,PROD-05000,STORE-0182,seasonal,-9.8,2026-06-21
SIG-03413,PROD-04197,STORE-0120,decline,-15.1,2026-05-18
SIG-03414,PROD-02083,STORE-0476,decline,-19.7,2026-07-18
SIG-03415,PROD-04327,STORE-0494,decline,-14.8,2026-03-17
SIG-03416,PROD-04961,STORE-0150,decline,-20.1,2026-02-11
SIG-03417,PROD-01297,STORE-0216,seasonal,-32.8,2026-01-13
SIG-03418,PROD-02182,STORE-0320,spike,-22.1,2026-08-18
SIG-03419,PROD-03989,STORE-0311,seasonal,-4.9,2026-03-06
SIG-03420,PROD-00776,STORE-0215,seasonal,-18.8,2026-05-19
SIG-03421,PROD-03616,STORE-0156,decline,12.1,2026-06-20
SIG-03422,PROD-04473,STORE-0372,seasonal,34.8,2026-08-09
SIG-03423,PROD-04332,STORE-0138,seasonal,69.8,2026-04-12
SIG-03424,PROD-03791,STORE-0209,decline,-24.8,2026-03-17
SIG-03425,PROD-01613,STORE-0027,decline,50.6,2026-04-18
SIG-03426,PROD-01990,STORE-0366,seasonal,22.5,2026-06-13
SIG-03427,PROD-02948,STORE-0351,spike,76.3,2026-07-04
SIG-03428,PROD-02142,STORE-0100,spike,74.8,2026-03-24
SIG-03429,PROD-03277,STORE-0180,decline,29.9,2026-02-14
SIG-03430,PROD-00951,STORE-0169,seasonal,17.4,2026-06-02
SIG-03431,PROD-01195,STORE-0244,spike,2.6,2026-01-18
SIG-03432,PROD-00091,STORE-0069,decline,-32.6,2026-08-03
SIG-03433,PROD-02674,STORE-0481,seasonal,-11.7,2026-03-15
SIG-03434,PROD-04524,STORE-0321,spike,64.4,2026-03-05
SIG-03435,PROD-04923,STORE-0263,spike,12.1,2026-01-12
SIG-03436,PROD-04452,STORE-0433,spike,66.1,2026-01-13
SIG-03437,PROD-01745,STORE-0125,seasonal,34.1,2026-06-25
SIG-03438,PROD-04521,STORE-0151,spike,65.0,2026-07-21
SIG-03439,PROD-03361,STORE-0178,decline,-17.0,2026-08-27
SIG-03440,PROD-02036,STORE-0210,decline,-8.8,2026-03-15
SIG-03441,PROD-00579,STORE-0417,seasonal,3.3,2026-04-23
SIG-03442,PROD-01330,STORE-0093,seasonal,26.9,2026-08-03
SIG-03443,PROD-04874,STORE-0411,spike,4.8,2026-06-15
SIG-03444,PROD-03058,STORE-0024,decline,75.9,2026-03-15
SIG-03445,PROD-04469,STORE-0317,decline,-25.0,2026-05-22
SIG-03446,PROD-00172,STORE-0353,seasonal,-31.4,2026-05-13
SIG-03447,PROD-04917,STORE-0470,decline,64.4,2026-01-24
SIG-03448,PROD-00796,STORE-0162,decline,60.7,2026-06-27
SIG-03449,PROD-03633,STORE-0095,seasonal,56.7,2026-07-23
SIG-03450,PROD-02981,STORE-0037,seasonal,-23.3,2026-03-13
SIG-03451,PROD-01682,STORE-0091,seasonal,38.3,2026-03-14
SIG-03452,PROD-03029,STORE-0294,spike,-28.0,2026-03-06
SIG-03453,PROD-02410,STORE-0361,seasonal,25.4,2026-07-18
SIG-03454,PROD-03972,STORE-0434,seasonal,-6.4,2026-03-13
SIG-03455,PROD-03285,STORE-0296,spike,33.9,2026-03-18
SIG-03456,PROD-02770,STORE-0340,spike,30.5,2026-01-08
SIG-03457,PROD-00576,STORE-0381,spike,45.8,2026-03-06
SIG-03458,PROD-04421,STORE-0089,seasonal,7.5,2026-03-17
SIG-03459,PROD-04882,STORE-0071,seasonal,-4.3,2026-06-19
SIG-03460,PROD-01941,STORE-0130,seasonal,66.2,2026-05-07
SIG-03461,PROD-02391,STORE-0337,decline,-12.6,2026-01-25
SIG-03462,PROD-00692,STORE-0219,decline,39.0,2026-07-20
SIG-03463,PROD-00159,STORE-0005,seasonal,36.2,2026-04-24
SIG-03464,PROD-04807,STORE-0230,seasonal,-32.9,2026-08-20
SIG-03465,PROD-01806,STORE-0203,decline,45.3,2026-04-03
SIG-03466,PROD-02109,STORE-0206,spike,32.0,2026-08-06
SIG-03467,PROD-02621,STORE-0391,spike,79.5,2026-08-24
SIG-03468,PROD-01247,STORE-0087,seasonal,15.9,2026-02-09
SIG-03469,PROD-02231,STORE-0416,decline,66.6,2026-06-15
SIG-03470,PROD-04379,STORE-0121,seasonal,-17.6,2026-01-15
SIG-03471,PROD-03400,STORE-0230,seasonal,18.8,2026-05-01
SIG-03472,PROD-02070,STORE-0206,decline,7.3,2026-06-26
SIG-03473,PROD-01901,STORE-0330,spike,24.5,2026-03-27
SIG-03474,PROD-00081,STORE-0060,spike,-32.6,2026-02-04
SIG-03475,PROD-03468,STORE-0468,seasonal,31.4,2026-05-17
SIG-03476,PROD-03677,STORE-0479,decline,51.3,2026-01-05
SIG-03477,PROD-00518,STORE-0384,seasonal,17.8,2026-08-21
SIG-03478,PROD-03915,STORE-0239,seasonal,-19.7,2026-03-18
SIG-03479,PROD-03938,STORE-0302,decline,67.9,2026-05-01
SIG-03480,PROD-01973,STORE-0361,decline,-3.7,2026-02-23
SIG-03481,PROD-01356,STORE-0412,seasonal,13.7,2026-02-17
SIG-03482,PROD-03401,STORE-0277,decline,-11.3,2026-03-07
SIG-03483,PROD-00438,STORE-0211,spike,33.9,2026-03-25
SIG-03484,PROD-02914,STORE-0206,spike,-23.2,2026-05-03
SIG-03485,PROD-03596,STORE-0226,seasonal,-12.4,2026-03-21
SIG-03486,PROD-04061,STORE-0393,decline,-0.4,2026-03-25
SIG-03487,PROD-03530,STORE-0201,spike,-4.1,2026-04-22
SIG-03488,PROD-02528,STORE-0156,spike,78.5,2026-04-14
SIG-03489,PROD-04182,STORE-0094,seasonal,21.8,2026-03-14
SIG-03490,PROD-00877,STORE-0373,spike,-20.5,2026-02-01
SIG-03491,PROD-04253,STORE-0174,seasonal,59.4,2026-06-19
SIG-03492,PROD-02298,STORE-0130,decline,-37.8,2026-07-05
SIG-03493,PROD-00463,STORE-0075,spike,-33.9,2026-07-12
SIG-03494,PROD-02970,STORE-0143,spike,30.9,2026-01-06
SIG-03495,PROD-03869,STORE-0095,spike,32.1,2026-05-05
SIG-03496,PROD-04935,STORE-0134,spike,-17.7,2026-01-23
SIG-03497,PROD-01594,STORE-0492,seasonal,16.6,2026-06-28
SIG-03498,PROD-01261,STORE-0263,spike,46.1,2026-06-01
SIG-03499,PROD-02835,STORE-0458,decline,45.9,2026-03-20
SIG-03500,PROD-00724,STORE-0407,seasonal,-31.5,2026-01-24
SIG-03501,PROD-04507,STORE-0402,spike,50.1,2026-03-11
SIG-03502,PROD-00277,STORE-0003,seasonal,-8.4,2026-04-08
SIG-03503,PROD-01987,STORE-0033,spike,-20.2,2026-05-07
SIG-03504,PROD-00717,STORE-0442,seasonal,-25.3,2026-02-06
SIG-03505,PROD-03982,STORE-0077,decline,-23.6,2026-07-02
SIG-03506,PROD-00626,STORE-0153,seasonal,45.3,2026-01-16
SIG-03507,PROD-01046,STORE-0216,spike,-24.2,2026-07-07
SIG-03508,PROD-02313,STORE-0046,spike,17.8,2026-01-25
SIG-03509,PROD-00020,STORE-0064,seasonal,19.1,2026-06-20
SIG-03510,PROD-03963,STORE-0101,decline,-26.6,2026-03-10
SIG-03511,PROD-04277,STORE-0168,spike,-32.1,2026-05-06
SIG-03512,PROD-04987,STORE-0223,spike,10.0,2026-07-14
SIG-03513,PROD-01723,STORE-0271,decline,38.1,2026-01-20
SIG-03514,PROD-04467,STORE-0176,decline,-29.0,2026-03-19
SIG-03515,PROD-01963,STORE-0466,seasonal,-25.9,2026-07-21
SIG-03516,PROD-00160,STORE-0013,spike,9.2,2026-06-10
SIG-03517,PROD-04183,STORE-0029,spike,-19.3,2026-01-07
SIG-03518,PROD-01055,STORE-0309,decline,18.6,2026-08-26
SIG-03519,PROD-01835,STORE-0083,seasonal,-15.2,2026-01-17
SIG-03520,PROD-01018,STORE-0232,decline,2.8,2026-06-21
SIG-03521,PROD-03400,STORE-0382,decline,43.0,2026-07-03
SIG-03522,PROD-02984,STORE-0471,decline,-14.9,2026-01-25
SIG-03523,PROD-03226,STORE-0158,decline,-30.2,2026-07-02
SIG-03524,PROD-02812,STORE-0307,spike,55.2,2026-05-08
SIG-03525,PROD-00128,STORE-0164,decline,-3.3,2026-04-10
SIG-03526,PROD-03762,STORE-0476,decline,3.4,2026-06-19
SIG-03527,PROD-04169,STORE-0334,spike,59.7,2026-01-19
SIG-03528,PROD-04979,STORE-0168,spike,-26.7,2026-01-17
SIG-03529,PROD-01322,STORE-0206,decline,-14.0,2026-02-15
SIG-03530,PROD-03836,STORE-0477,seasonal,-34.5,2026-07-10
SIG-03531,PROD-04463,STORE-0246,decline,2.8,2026-06-18
SIG-03532,PROD-01842,STORE-0330,spike,79.6,2026-03-27
SIG-03533,PROD-04854,STORE-0439,spike,79.2,2026-02-17
SIG-03534,PROD-04307,STORE-0029,seasonal,67.1,2026-06-24
SIG-03535,PROD-02918,STORE-0145,decline,-37.7,2026-01-26
SIG-03536,PROD-01999,STORE-0348,decline,8.2,2026-04-12
SIG-03537,PROD-00785,STORE-0493,seasonal,69.0,2026-06-19
SIG-03538,PROD-00947,STORE-0278,seasonal,33.5,2026-03-28
SIG-03539,PROD-04270,STORE-0500,seasonal,-17.6,2026-07-16
SIG-03540,PROD-04024,STORE-0128,spike,-19.9,2026-07-23
SIG-03541,PROD-02988,STORE-0288,seasonal,60.3,2026-01-05
SIG-03542,PROD-03146,STORE-0252,seasonal,2.2,2026-05-13
SIG-03543,PROD-01347,STORE-0463,spike,11.9,2026-04-04
SIG-03544,PROD-04596,STORE-0307,seasonal,-36.2,2026-05-08
SIG-03545,PROD-01359,STORE-0416,spike,17.6,2026-06-03
SIG-03546,PROD-02081,STORE-0421,spike,57.2,2026-05-16
SIG-03547,PROD-00977,STORE-0319,decline,9.3,2026-02-07
SIG-03548,PROD-00984,STORE-0157,spike,19.2,2026-07-08
SIG-03549,PROD-00154,STORE-0254,decline,17.7,2026-01-12
SIG-03550,PROD-00327,STORE-0042,seasonal,-7.8,2026-06-13
SIG-03551,PROD-04979,STORE-0252,decline,-20.6,2026-08-24
SIG-03552,PROD-04668,STORE-0018,seasonal,18.8,2026-01-23
SIG-03553,PROD-01136,STORE-0416,decline,17.3,2026-04-24
SIG-03554,PROD-00005,STORE-0349,decline,4.1,2026-04-14
SIG-03555,PROD-03890,STORE-0292,spike,-20.7,2026-06-23
SIG-03556,PROD-01640,STORE-0158,decline,71.9,2026-04-06
SIG-03557,PROD-02422,STORE-0214,spike,-36.7,2026-06-14
SIG-03558,PROD-02601,STORE-0285,decline,67.9,2026-05-18
SIG-03559,PROD-00847,STORE-0429,decline,74.1,2026-03-12
SIG-03560,PROD-01456,STORE-0051,spike,8.8,2026-03-24
SIG-03561,PROD-01971,STORE-0473,decline,63.3,2026-08-27
SIG-03562,PROD-00499,STORE-0114,seasonal,52.9,2026-08-15
SIG-03563,PROD-01834,STORE-0217,seasonal,-36.2,2026-07-10
SIG-03564,PROD-00448,STORE-0010,decline,62.9,2026-07-09
SIG-03565,PROD-04025,STORE-0083,spike,10.1,2026-01-19
SIG-03566,PROD-00050,STORE-0282,seasonal,-0.8,2026-01-10
SIG-03567,PROD-03967,STORE-0139,seasonal,62.0,2026-04-09
SIG-03568,PROD-02189,STORE-0347,decline,5.3,2026-03-18
SIG-03569,PROD-00395,STORE-0436,seasonal,-8.5,2026-03-01
SIG-03570,PROD-04791,STORE-0196,decline,-39.4,2026-06-24
SIG-03571,PROD-00287,STORE-0314,spike,49.2,2026-04-24
SIG-03572,PROD-03100,STORE-0306,decline,-13.3,2026-01-08
SIG-03573,PROD-02579,STORE-0155,spike,-11.1,2026-01-21
SIG-03574,PROD-02034,STORE-0286,seasonal,-10.7,2026-07-17
SIG-03575,PROD-03847,STORE-0275,decline,66.4,2026-03-27
SIG-03576,PROD-02118,STORE-0497,decline,35.9,2026-05-07
SIG-03577,PROD-03456,STORE-0051,seasonal,-9.8,2026-08-15
SIG-03578,PROD-00281,STORE-0470,seasonal,35.4,2026-08-24
SIG-03579,PROD-03155,STORE-0100,seasonal,14.3,2026-03-09
SIG-03580,PROD-02928,STORE-0263,spike,43.4,2026-03-24
SIG-03581,PROD-03567,STORE-0013,seasonal,59.8,2026-08-25
SIG-03582,PROD-03721,STORE-0050,seasonal,20.7,2026-08-08
SIG-03583,PROD-04721,STORE-0102,seasonal,74.1,2026-05-28
SIG-03584,PROD-03874,STORE-0366,seasonal,-25.3,2026-01-12
SIG-03585,PROD-00048,STORE-0022,spike,-26.1,2026-05-21
SIG-03586,PROD-03978,STORE-0259,spike,63.2,2026-06-20
SIG-03587,PROD-04941,STORE-0494,spike,64.3,2026-08-20
SIG-03588,PROD-01933,STORE-0278,decline,-20.2,2026-02-04
SIG-03589,PROD-00271,STORE-0484,spike,-35.9,2026-02-04
SIG-03590,PROD-01779,STORE-0170,seasonal,58.8,2026-07-15
SIG-03591,PROD-01945,STORE-0475,decline,50.8,2026-01-10
SIG-03592,PROD-01131,STORE-0379,decline,49.2,2026-03-17
SIG-03593,PROD-04111,STORE-0172,spike,-14.2,2026-03-22
SIG-03594,PROD-04422,STORE-0057,spike,-19.3,2026-06-17
SIG-03595,PROD-01793,STORE-0417,decline,57.7,2026-05-14
SIG-03596,PROD-02011,STORE-0491,decline,48.6,2026-07-17
SIG-03597,PROD-00713,STORE-0258,decline,39.8,2026-07-14
SIG-03598,PROD-00567,STORE-0279,spike,-10.3,2026-06-03
SIG-03599,PROD-02213,STORE-0499,spike,24.6,2026-05-14
SIG-03600,PROD-01716,STORE-0390,spike,-10.3,2026-01-24
SIG-03601,PROD-04340,STORE-0265,spike,72.5,2026-04-05
SIG-03602,PROD-01031,STORE-0210,decline,-31.8,2026-03-01
SIG-03603,PROD-03764,STORE-0065,decline,-35.8,2026-01-01
SIG-03604,PROD-04091,STORE-0334,seasonal,-17.1,2026-06-12
SIG-03605,PROD-03967,STORE-0197,seasonal,64.4,2026-06-08
SIG-03606,PROD-03109,STORE-0308,spike,33.6,2026-05-04
SIG-03607,PROD-00894,STORE-0153,decline,14.9,2026-08-16
SIG-03608,PROD-01893,STORE-0428,spike,68.9,2026-02-26
SIG-03609,PROD-01591,STORE-0140,seasonal,-19.8,2026-04-14
SIG-03610,PROD-03093,STORE-0291,spike,-27.3,2026-05-06
SIG-03611,PROD-03265,STORE-0092,seasonal,-31.2,2026-04-23
SIG-03612,PROD-01401,STORE-0263,decline,-4.9,2026-02-28
SIG-03613,PROD-00835,STORE-0356,spike,62.5,2026-05-20
SIG-03614,PROD-00390,STORE-0010,decline,-22.7,2026-02-23
SIG-03615,PROD-02815,STORE-0285,spike,60.3,2026-03-15
SIG-03616,PROD-03452,STORE-0124,seasonal,6.9,2026-05-11
SIG-03617,PROD-04089,STORE-0353,spike,4.8,2026-06-14
SIG-03618,PROD-00043,STORE-0248,decline,6.2,2026-05-11
SIG-03619,PROD-04301,STORE-0424,seasonal,73.6,2026-02-10
SIG-03620,PROD-00431,STORE-0240,spike,23.3,2026-06-20
SIG-03621,PROD-03322,STORE-0427,seasonal,-0.5,2026-02-26
SIG-03622,PROD-02708,STORE-0397,seasonal,30.8,2026-07-06
SIG-03623,PROD-02688,STORE-0435,spike,28.9,2026-07-20
SIG-03624,PROD-04254,STORE-0493,decline,51.6,2026-03-07
SIG-03625,PROD-04897,STORE-0050,seasonal,50.7,2026-06-07
SIG-03626,PROD-00176,STORE-0336,seasonal,-34.9,2026-07-06
SIG-03627,PROD-01478,STORE-0188,spike,9.3,2026-03-12
SIG-03628,PROD-04562,STORE-0342,spike,19.0,2026-06-28
SIG-03629,PROD-03944,STORE-0314,seasonal,8.1,2026-08-06
SIG-03630,PROD-00214,STORE-0011,decline,1.0,2026-01-19
SIG-03631,PROD-03455,STORE-0356,seasonal,20.2,2026-03-25
SIG-03632,PROD-01475,STORE-0149,seasonal,-15.6,2026-02-12
SIG-03633,PROD-04178,STORE-0460,seasonal,-5.3,2026-02-05
SIG-03634,PROD-03975,STORE-0358,decline,71.3,2026-05-24
SIG-03635,PROD-01400,STORE-0040,spike,54.2,2026-02-23
SIG-03636,PROD-02981,STORE-0337,decline,30.7,2026-02-11
SIG-03637,PROD-02468,STORE-0228,decline,63.4,2026-07-24
SIG-03638,PROD-00527,STORE-0425,spike,54.8,2026-03-09
SIG-03639,PROD-03534,STORE-0078,spike,56.0,2026-01-17
SIG-03640,PROD-04961,STORE-0269,spike,59.5,2026-02-26
SIG-03641,PROD-02167,STORE-0093,decline,37.4,2026-06-14
SIG-03642,PROD-00761,STORE-0274,decline,-10.6,2026-05-06
SIG-03643,PROD-00174,STORE-0117,decline,52.3,2026-05-05
SIG-03644,PROD-01556,STORE-0082,seasonal,70.4,2026-02-13
SIG-03645,PROD-01868,STORE-0487,decline,56.4,2026-01-14
SIG-03646,PROD-00949,STORE-0310,spike,-11.6,2026-04-13
SIG-03647,PROD-02131,STORE-0194,decline,-29.2,2026-08-03
SIG-03648,PROD-03406,STORE-0298,seasonal,-39.2,2026-06-28
SIG-03649,PROD-02660,STORE-0331,seasonal,0.3,2026-08-23
SIG-03650,PROD-03470,STORE-0281,decline,8.7,2026-04-25
SIG-03651,PROD-04075,STORE-0318,spike,24.9,2026-01-27
SIG-03652,PROD-02066,STORE-0476,decline,71.0,2026-03-10
SIG-03653,PROD-02521,STORE-0070,decline,76.9,2026-01-28
SIG-03654,PROD-03757,STORE-0080,seasonal,43.4,2026-07-15
SIG-03655,PROD-04361,STORE-0129,seasonal,-27.2,2026-07-01
SIG-03656,PROD-03894,STORE-0055,spike,-38.2,2026-06-10
SIG-03657,PROD-04165,STORE-0276,seasonal,-11.9,2026-02-06
SIG-03658,PROD-00094,STORE-0246,seasonal,24.2,2026-05-02
SIG-03659,PROD-03360,STORE-0229,decline,44.0,2026-03-16
SIG-03660,PROD-01385,STORE-0212,seasonal,21.6,2026-08-05
SIG-03661,PROD-03151,STORE-0238,seasonal,56.0,2026-06-07
SIG-03662,PROD-02591,STORE-0043,seasonal,26.4,2026-03-22
SIG-03663,PROD-04670,STORE-0135,spike,9.1,2026-03-10
SIG-03664,PROD-04841,STORE-0300,seasonal,71.4,2026-08-16
SIG-03665,PROD-00863,STORE-0114,seasonal,75.8,2026-05-14
SIG-03666,PROD-04016,STORE-0008,seasonal,56.6,2026-03-03
SIG-03667,PROD-01636,STORE-0032,seasonal,9.8,2026-08-25
SIG-03668,PROD-01775,STORE-0017,spike,5.5,2026-06-25
SIG-03669,PROD-00209,STORE-0263,decline,2.7,2026-04-05
SIG-03670,PROD-01674,STORE-0193,spike,-8.1,2026-01-10
SIG-03671,PROD-04421,STORE-0076,spike,52.3,2026-04-11
SIG-03672,PROD-00449,STORE-0203,spike,16.9,2026-04-02
SIG-03673,PROD-04474,STORE-0375,seasonal,12.4,2026-01-14
SIG-03674,PROD-04428,STORE-0319,seasonal,-12.7,2026-05-25
SIG-03675,PROD-03065,STORE-0162,seasonal,50.1,2026-07-23
SIG-03676,PROD-03601,STORE-0440,decline,33.1,2026-01-17
SIG-03677,PROD-04613,STORE-0383,decline,71.3,2026-02-03
SIG-03678,PROD-00089,STORE-0224,seasonal,47.1,2026-07-06
SIG-03679,PROD-00462,STORE-0072,spike,14.3,2026-02-14
SIG-03680,PROD-01387,STORE-0342,decline,12.8,2026-06-25
SIG-03681,PROD-00857,STORE-0140,decline,43.0,2026-06-23
SIG-03682,PROD-04890,STORE-0102,spike,-20.3,2026-01-25
SIG-03683,PROD-00571,STORE-0416,seasonal,42.1,2026-06-17
SIG-03684,PROD-04985,STORE-0266,decline,36.2,2026-07-02
SIG-03685,PROD-04244,STORE-0409,seasonal,44.5,2026-04-11
SIG-03686,PROD-03490,STORE-0371,spike,-25.9,2026-04-24
SIG-03687,PROD-01647,STORE-0040,seasonal,-27.7,2026-08-18
SIG-03688,PROD-00804,STORE-0050,seasonal,-39.9,2026-01-27
SIG-03689,PROD-04172,STORE-0099,decline,50.0,2026-08-28
SIG-03690,PROD-00057,STORE-0221,seasonal,49.5,2026-04-19
SIG-03691,PROD-02077,STORE-0072,decline,-29.3,2026-07-12
SIG-03692,PROD-02125,STORE-0229,decline,12.8,2026-04-28
SIG-03693,PROD-04282,STORE-0352,decline,12.9,2026-05-19
SIG-03694,PROD-01438,STORE-0220,spike,-0.7,2026-05-07
SIG-03695,PROD-01691,STORE-0323,decline,11.9,2026-02-26
SIG-03696,PROD-02324,STORE-0085,decline,72.8,2026-07-25
SIG-03697,PROD-00330,STORE-0058,decline,36.3,2026-07-06
SIG-03698,PROD-03742,STORE-0110,decline,7.1,2026-06-28
SIG-03699,PROD-04770,STORE-0341,seasonal,-2.0,2026-06-06
SIG-03700,PROD-00568,STORE-0088,decline,38.2,2026-03-25
SIG-03701,PROD-04778,STORE-0047,seasonal,20.0,2026-07-02
SIG-03702,PROD-00831,STORE-0148,spike,4.2,2026-05-02
SIG-03703,PROD-04975,STORE-0254,decline,53.0,2026-04-20
SIG-03704,PROD-01981,STORE-0254,decline,76.9,2026-05-07
SIG-03705,PROD-02288,STORE-0155,seasonal,-34.7,2026-04-01
SIG-03706,PROD-00320,STORE-0122,decline,-17.5,2026-06-15
SIG-03707,PROD-01649,STORE-0052,seasonal,-22.9,2026-07-25
SIG-03708,PROD-02679,STORE-0147,decline,38.4,2026-05-20
SIG-03709,PROD-04389,STORE-0162,spike,17.8,2026-03-15
SIG-03710,PROD-00286,STORE-0214,seasonal,76.8,2026-02-09
SIG-03711,PROD-03011,STORE-0211,spike,-13.2,2026-07-26
SIG-03712,PROD-03249,STORE-0355,seasonal,33.7,2026-04-13
SIG-03713,PROD-00401,STORE-0151,seasonal,-0.6,2026-04-17
SIG-03714,PROD-01755,STORE-0167,spike,-2.2,2026-06-04
SIG-03715,PROD-01579,STORE-0159,spike,46.5,2026-02-22
SIG-03716,PROD-01659,STORE-0161,spike,-19.3,2026-06-27
SIG-03717,PROD-04462,STORE-0259,spike,61.2,2026-03-11
SIG-03718,PROD-01243,STORE-0429,seasonal,9.4,2026-01-04
SIG-03719,PROD-02744,STORE-0095,decline,2.0,2026-01-02
SIG-03720,PROD-00688,STORE-0134,decline,40.4,2026-04-14
SIG-03721,PROD-00741,STORE-0405,seasonal,62.8,2026-01-24
SIG-03722,PROD-01834,STORE-0158,seasonal,-30.5,2026-04-01
SIG-03723,PROD-00127,STORE-0065,spike,52.1,2026-07-16
SIG-03724,PROD-00818,STORE-0424,decline,66.1,2026-01-11
SIG-03725,PROD-00095,STORE-0325,decline,-19.6,2026-08-14
SIG-03726,PROD-00673,STORE-0408,spike,41.6,2026-01-22
SIG-03727,PROD-02532,STORE-0014,spike,63.6,2026-02-25
SIG-03728,PROD-00244,STORE-0178,spike,3.1,2026-04-13
SIG-03729,PROD-02954,STORE-0201,decline,-37.5,2026-04-06
SIG-03730,PROD-04076,STORE-0152,decline,45.2,2026-01-01
SIG-03731,PROD-02328,STORE-0495,spike,17.1,2026-06-13
SIG-03732,PROD-00515,STORE-0338,seasonal,8.8,2026-06-01
SIG-03733,PROD-03840,STORE-0435,decline,2.9,2026-06-14
SIG-03734,PROD-04146,STORE-0492,seasonal,-33.6,2026-01-16
SIG-03735,PROD-02986,STORE-0470,decline,-13.3,2026-08-27
SIG-03736,PROD-04752,STORE-0395,seasonal,-24.3,2026-04-16
SIG-03737,PROD-02451,STORE-0153,decline,-26.6,2026-05-12
SIG-03738,PROD-01125,STORE-0253,decline,11.3,2026-04-23
SIG-03739,PROD-04059,STORE-0197,decline,50.8,2026-05-08
SIG-03740,PROD-01720,STORE-0166,seasonal,0.9,2026-02-18
SIG-03741,PROD-04494,STORE-0324,seasonal,21.9,2026-05-03
SIG-03742,PROD-04193,STORE-0211,seasonal,68.8,2026-07-23
SIG-03743,PROD-03668,STORE-0059,decline,-12.6,2026-07-13
SIG-03744,PROD-01386,STORE-0002,seasonal,9.4,2026-02-27
SIG-03745,PROD-02593,STORE-0032,seasonal,17.1,2026-07-04
SIG-03746,PROD-00834,STORE-0233,decline,38.4,2026-02-11
SIG-03747,PROD-03377,STORE-0465,seasonal,27.9,2026-01-09
SIG-03748,PROD-01933,STORE-0350,decline,-15.5,2026-05-06
SIG-03749,PROD-04013,STORE-0362,spike,59.6,2026-03-02
SIG-03750,PROD-01497,STORE-0072,seasonal,42.5,2026-02-26
SIG-03751,PROD-03341,STORE-0470,seasonal,25.0,2026-02-18
SIG-03752,PROD-02847,STORE-0204,seasonal,10.7,2026-07-13
SIG-03753,PROD-01682,STORE-0033,spike,27.3,2026-02-21
SIG-03754,PROD-04977,STORE-0297,decline,67.3,2026-02-09
SIG-03755,PROD-01510,STORE-0479,seasonal,23.3,2026-08-14
SIG-03756,PROD-04992,STORE-0036,decline,4.0,2026-08-15
SIG-03757,PROD-04067,STORE-0423,decline,60.7,2026-07-10
SIG-03758,PROD-01321,STORE-0227,seasonal,33.2,2026-03-25
SIG-03759,PROD-00658,STORE-0033,spike,26.0,2026-04-26
SIG-03760,PROD-04867,STORE-0369,decline,-8.6,2026-02-19
SIG-03761,PROD-02181,STORE-0117,decline,66.7,2026-08-11
SIG-03762,PROD-03476,STORE-0002,decline,-21.2,2026-04-04
SIG-03763,PROD-01426,STORE-0248,spike,-21.6,2026-03-15
SIG-03764,PROD-01181,STORE-0112,decline,-1.2,2026-07-21
SIG-03765,PROD-00471,STORE-0434,seasonal,53.4,2026-04-06
SIG-03766,PROD-03728,STORE-0178,decline,71.1,2026-02-02
SIG-03767,PROD-03548,STORE-0062,spike,65.3,2026-06-22
SIG-03768,PROD-03672,STORE-0160,decline,-35.0,2026-07-18
SIG-03769,PROD-03553,STORE-0300,seasonal,-29.3,2026-04-01
SIG-03770,PROD-01774,STORE-0065,seasonal,17.0,2026-01-26
SIG-03771,PROD-00169,STORE-0190,seasonal,47.1,2026-04-04
SIG-03772,PROD-04767,STORE-0062,decline,77.3,2026-06-14
SIG-03773,PROD-01163,STORE-0427,decline,2.7,2026-03-12
SIG-03774,PROD-04917,STORE-0327,spike,-0.1,2026-03-09
SIG-03775,PROD-03374,STORE-0483,seasonal,66.2,2026-08-11
SIG-03776,PROD-04598,STORE-0388,spike,-14.2,2026-03-11
SIG-03777,PROD-03477,STORE-0009,seasonal,-8.8,2026-08-19
SIG-03778,PROD-00091,STORE-0168,spike,76.7,2026-01-23
SIG-03779,PROD-01058,STORE-0233,decline,9.2,2026-02-01
SIG-03780,PROD-01304,STORE-0455,decline,-25.8,2026-07-13
SIG-03781,PROD-04807,STORE-0450,seasonal,62.0,2026-06-13
SIG-03782,PROD-04922,STORE-0450,seasonal,72.4,2026-01-19
SIG-03783,PROD-01825,STORE-0108,decline,-21.5,2026-07-20
SIG-03784,PROD-04341,STORE-0044,seasonal,-5.8,2026-05-19
SIG-03785,PROD-04128,STORE-0456,seasonal,73.6,2026-06-24
SIG-03786,PROD-01780,STORE-0075,spike,37.2,2026-06-21
SIG-03787,PROD-00218,STORE-0032,decline,-10.7,2026-05-07
SIG-03788,PROD-00340,STORE-0033,seasonal,4.7,2026-06-04
SIG-03789,PROD-00401,STORE-0036,seasonal,-21.8,2026-06-10
SIG-03790,PROD-03787,STORE-0098,decline,-15.2,2026-04-13
SIG-03791,PROD-00485,STORE-0478,seasonal,-7.8,2026-07-04
SIG-03792,PROD-01272,STORE-0167,seasonal,36.5,2026-06-23
SIG-03793,PROD-04973,STORE-0332,decline,-20.0,2026-03-22
SIG-03794,PROD-04086,STORE-0372,seasonal,-30.0,2026-08-21
SIG-03795,PROD-01421,STORE-0389,spike,64.6,2026-04-04
SIG-03796,PROD-01692,STORE-0329,seasonal,45.9,2026-03-20
SIG-03797,PROD-00276,STORE-0139,spike,27.4,2026-02-21
SIG-03798,PROD-04045,STORE-0354,spike,5.1,2026-02-27
SIG-03799,PROD-01180,STORE-0003,seasonal,54.2,2026-05-01
SIG-03800,PROD-01284,STORE-0245,seasonal,-0.1,2026-08-10
SIG-03801,PROD-03025,STORE-0385,decline,2.7,2026-07-01
SIG-03802,PROD-04569,STORE-0117,seasonal,38.6,2026-01-22
SIG-03803,PROD-02006,STORE-0151,spike,54.4,2026-01-10
SIG-03804,PROD-04314,STORE-0209,spike,69.6,2026-07-05
SIG-03805,PROD-01473,STORE-0158,seasonal,40.2,2026-04-27
SIG-03806,PROD-00239,STORE-0185,decline,40.4,2026-07-14
SIG-03807,PROD-04204,STORE-0124,seasonal,67.4,2026-03-18
SIG-03808,PROD-04658,STORE-0255,decline,77.0,2026-07-19
SIG-03809,PROD-01980,STORE-0236,spike,40.4,2026-02-06
SIG-03810,PROD-03191,STORE-0353,spike,-19.5,2026-07-12
SIG-03811,PROD-00120,STORE-0464,decline,31.1,2026-05-03
SIG-03812,PROD-04761,STORE-0477,spike,-8.5,2026-05-06
SIG-03813,PROD-01208,STORE-0462,spike,-25.4,2026-07-20
SIG-03814,PROD-00275,STORE-0304,seasonal,26.0,2026-07-15
SIG-03815,PROD-02718,STORE-0084,seasonal,-14.9,2026-03-25
SIG-03816,PROD-04038,STORE-0470,decline,54.3,2026-01-19
SIG-03817,PROD-03362,STORE-0188,seasonal,24.3,2026-08-27
SIG-03818,PROD-02764,STORE-0126,decline,-38.0,2026-02-20
SIG-03819,PROD-00785,STORE-0260,seasonal,12.7,2026-04-21
SIG-03820,PROD-04775,STORE-0052,decline,34.7,2026-08-26
SIG-03821,PROD-00379,STORE-0395,spike,67.0,2026-01-25
SIG-03822,PROD-02619,STORE-0136,spike,79.1,2026-07-05
SIG-03823,PROD-04335,STORE-0194,decline,-27.0,2026-01-04
SIG-03824,PROD-01201,STORE-0455,decline,-27.7,2026-06-09
SIG-03825,PROD-03612,STORE-0279,seasonal,26.5,2026-03-28
SIG-03826,PROD-04930,STORE-0044,decline,79.5,2026-05-04
SIG-03827,PROD-02173,STORE-0235,decline,29.9,2026-02-01
SIG-03828,PROD-00780,STORE-0013,spike,-10.5,2026-07-23
SIG-03829,PROD-01883,STORE-0059,spike,-4.8,2026-04-01
SIG-03830,PROD-04619,STORE-0220,decline,38.0,2026-06-26
SIG-03831,PROD-04747,STORE-0353,seasonal,-18.3,2026-03-09
SIG-03832,PROD-01392,STORE-0306,seasonal,20.9,2026-08-24
SIG-03833,PROD-00969,STORE-0316,seasonal,6.6,2026-03-09
SIG-03834,PROD-02131,STORE-0212,decline,63.6,2026-04-28
SIG-03835,PROD-04726,STORE-0339,spike,-39.0,2026-07-02
SIG-03836,PROD-02985,STORE-0189,decline,65.4,2026-04-05
SIG-03837,PROD-00060,STORE-0350,seasonal,-0.4,2026-04-09
SIG-03838,PROD-01944,STORE-0468,seasonal,43.2,2026-04-14
SIG-03839,PROD-02088,STORE-0423,spike,45.2,2026-05-03
SIG-03840,PROD-03048,STORE-0095,spike,-34.6,2026-08-18
SIG-03841,PROD-03537,STORE-0108,decline,-19.4,2026-01-09
SIG-03842,PROD-00760,STORE-0074,spike,-29.9,2026-06-07
SIG-03843,PROD-02727,STORE-0128,spike,14.4,2026-05-09
SIG-03844,PROD-01791,STORE-0104,spike,68.4,2026-01-09
SIG-03845,PROD-00127,STORE-0315,seasonal,36.7,2026-01-15
SIG-03846,PROD-02505,STORE-0265,spike,28.5,2026-02-06
SIG-03847,PROD-03145,STORE-0072,spike,-13.4,2026-02-19
SIG-03848,PROD-01107,STORE-0345,decline,39.7,2026-07-18
SIG-03849,PROD-03973,STORE-0374,decline,-37.3,2026-04-18
SIG-03850,PROD-03636,STORE-0394,seasonal,-4.9,2026-05-25
SIG-03851,PROD-03672,STORE-0482,decline,48.5,2026-04-22
SIG-03852,PROD-01603,STORE-0099,decline,-1.5,2026-08-13
SIG-03853,PROD-03819,STORE-0248,seasonal,-21.4,2026-03-26
SIG-03854,PROD-02203,STORE-0345,spike,35.9,2026-02-06
SIG-03855,PROD-00446,STORE-0146,spike,37.5,2026-05-03
SIG-03856,PROD-02798,STORE-0414,seasonal,33.9,2026-07-05
SIG-03857,PROD-00027,STORE-0375,spike,46.5,2026-02-07
SIG-03858,PROD-01290,STORE-0051,decline,14.6,2026-05-10
SIG-03859,PROD-02716,STORE-0386,seasonal,-26.1,2026-07-11
SIG-03860,PROD-03167,STORE-0293,decline,5.8,2026-03-23
SIG-03861,PROD-01021,STORE-0378,spike,7.2,2026-03-05
SIG-03862,PROD-04332,STORE-0082,seasonal,-13.3,2026-07-17
SIG-03863,PROD-04482,STORE-0131,spike,48.0,2026-07-10
SIG-03864,PROD-02370,STORE-0316,seasonal,51.8,2026-04-12
SIG-03865,PROD-03173,STORE-0079,decline,36.4,2026-08-11
SIG-03866,PROD-02686,STORE-0329,seasonal,-14.8,2026-07-07
SIG-03867,PROD-01447,STORE-0309,seasonal,-28.4,2026-01-15
SIG-03868,PROD-01117,STORE-0443,seasonal,18.4,2026-02-14
SIG-03869,PROD-03754,STORE-0008,decline,-33.4,2026-02-11
SIG-03870,PROD-04615,STORE-0262,seasonal,-33.5,2026-02-05
SIG-03871,PROD-03619,STORE-0415,seasonal,-14.4,2026-02-12
SIG-03872,PROD-00153,STORE-0245,decline,64.0,2026-02-10
SIG-03873,PROD-03598,STORE-0016,seasonal,39.0,2026-03-18
SIG-03874,PROD-01705,STORE-0341,spike,35.5,2026-06-16
SIG-03875,PROD-00020,STORE-0433,seasonal,31.1,2026-08-17
SIG-03876,PROD-04709,STORE-0062,decline,70.3,2026-01-07
SIG-03877,PROD-00192,STORE-0304,spike,13.1,2026-04-24
SIG-03878,PROD-00241,STORE-0480,spike,-29.3,2026-03-21
SIG-03879,PROD-02696,STORE-0380,decline,66.4,2026-06-01
SIG-03880,PROD-03528,STORE-0222,spike,56.5,2026-05-13
SIG-03881,PROD-01058,STORE-0439,seasonal,45.5,2026-04-24
SIG-03882,PROD-03304,STORE-0328,spike,-37.5,2026-08-21
SIG-03883,PROD-00613,STORE-0229,seasonal,13.6,2026-03-23
SIG-03884,PROD-02183,STORE-0374,spike,17.0,2026-05-15
SIG-03885,PROD-02934,STORE-0048,decline,1.5,2026-02-25
SIG-03886,PROD-02125,STORE-0464,decline,50.1,2026-05-27
SIG-03887,PROD-03957,STORE-0017,seasonal,22.8,2026-08-18
SIG-03888,PROD-00423,STORE-0101,seasonal,7.0,2026-06-12
SIG-03889,PROD-01940,STORE-0192,spike,-11.9,2026-08-08
SIG-03890,PROD-02011,STORE-0025,decline,4.5,2026-03-07
SIG-03891,PROD-03364,STORE-0040,decline,76.4,2026-04-02
SIG-03892,PROD-01342,STORE-0481,decline,-30.4,2026-06-20
SIG-03893,PROD-01160,STORE-0085,decline,-15.0,2026-07-19
SIG-03894,PROD-03461,STORE-0113,decline,-27.3,2026-01-24
SIG-03895,PROD-00979,STORE-0391,seasonal,68.1,2026-01-19
SIG-03896,PROD-04367,STORE-0194,spike,29.1,2026-05-17
SIG-03897,PROD-03681,STORE-0299,decline,21.9,2026-07-05
SIG-03898,PROD-03599,STORE-0082,decline,43.7,2026-07-27
SIG-03899,PROD-01699,STORE-0251,spike,46.4,2026-02-04
SIG-03900,PROD-03169,STORE-0191,seasonal,27.9,2026-04-24
SIG-03901,PROD-00600,STORE-0298,spike,21.8,2026-02-10
SIG-03902,PROD-00929,STORE-0019,decline,64.4,2026-03-02
SIG-03903,PROD-02861,STORE-0297,decline,32.2,2026-06-21
SIG-03904,PROD-00625,STORE-0478,spike,51.1,2026-02-02
SIG-03905,PROD-02660,STORE-0478,spike,-18.1,2026-04-07
SIG-03906,PROD-03827,STORE-0307,seasonal,62.4,2026-08-27
SIG-03907,PROD-02512,STORE-0450,seasonal,53.7,2026-07-03
SIG-03908,PROD-01442,STORE-0421,seasonal,61.5,2026-03-20
SIG-03909,PROD-02593,STORE-0324,spike,53.8,2026-02-17
SIG-03910,PROD-04568,STORE-0101,seasonal,-19.3,2026-05-19
SIG-03911,PROD-01746,STORE-0465,decline,69.6,2026-05-22
SIG-03912,PROD-00378,STORE-0458,decline,19.3,2026-06-24
SIG-03913,PROD-01411,STORE-0399,seasonal,-24.1,2026-03-06
SIG-03914,PROD-04260,STORE-0030,seasonal,-8.1,2026-03-27
SIG-03915,PROD-02885,STORE-0070,spike,71.8,2026-03-09
SIG-03916,PROD-03804,STORE-0176,spike,72.3,2026-02-10
SIG-03917,PROD-02539,STORE-0413,seasonal,-9.2,2026-05-28
SIG-03918,PROD-03941,STORE-0475,decline,-34.2,2026-06-09
SIG-03919,PROD-00186,STORE-0380,spike,60.1,2026-01-16
SIG-03920,PROD-02110,STORE-0207,spike,14.8,2026-02-21
SIG-03921,PROD-01475,STORE-0426,seasonal,-11.0,2026-06-04
SIG-03922,PROD-00643,STORE-0082,decline,8.7,2026-08-23
SIG-03923,PROD-00179,STORE-0423,seasonal,42.6,2026-03-24
SIG-03924,PROD-03262,STORE-0204,decline,-15.1,2026-04-13
SIG-03925,PROD-00533,STORE-0428,decline,4.4,2026-08-10
SIG-03926,PROD-00344,STORE-0466,decline,50.8,2026-02-07
SIG-03927,PROD-00179,STORE-0020,spike,32.8,2026-06-11
SIG-03928,PROD-00360,STORE-0113,spike,32.5,2026-01-19
SIG-03929,PROD-02567,STORE-0356,decline,4.2,2026-03-01
SIG-03930,PROD-00277,STORE-0297,seasonal,28.0,2026-02-10
SIG-03931,PROD-01670,STORE-0362,decline,36.0,2026-08-27
SIG-03932,PROD-00432,STORE-0167,decline,43.7,2026-06-20
SIG-03933,PROD-04334,STORE-0282,spike,11.8,2026-06-08
SIG-03934,PROD-04521,STORE-0161,decline,26.0,2026-07-20
SIG-03935,PROD-04449,STORE-0080,seasonal,-26.6,2026-01-22
SIG-03936,PROD-00785,STORE-0463,seasonal,71.8,2026-07-02
SIG-03937,PROD-04988,STORE-0206,spike,34.3,2026-01-19
SIG-03938,PROD-00316,STORE-0122,spike,4.7,2026-06-02
SIG-03939,PROD-04623,STORE-0037,decline,76.8,2026-04-21
SIG-03940,PROD-03130,STORE-0017,decline,52.4,2026-04-05
SIG-03941,PROD-02910,STORE-0138,spike,-11.3,2026-04-02
SIG-03942,PROD-03699,STORE-0419,spike,-36.0,2026-04-02
SIG-03943,PROD-02538,STORE-0277,decline,1.9,2026-02-21
SIG-03944,PROD-01240,STORE-0178,seasonal,45.6,2026-02-19
SIG-03945,PROD-04554,STORE-0176,decline,-32.4,2026-03-26
SIG-03946,PROD-00310,STORE-0428,spike,26.9,2026-08-13
SIG-03947,PROD-04745,STORE-0166,spike,58.3,2026-06-05
SIG-03948,PROD-04979,STORE-0109,spike,-4.9,2026-07-05
SIG-03949,PROD-02215,STORE-0295,seasonal,66.1,2026-07-05
SIG-03950,PROD-04628,STORE-0108,spike,-19.9,2026-03-16
SIG-03951,PROD-01721,STORE-0260,spike,14.7,2026-04-11
SIG-03952,PROD-02882,STORE-0222,seasonal,-29.9,2026-03-04
SIG-03953,PROD-00028,STORE-0068,spike,40.8,2026-06-20
SIG-03954,PROD-02062,STORE-0162,decline,37.5,2026-04-08
SIG-03955,PROD-01822,STORE-0055,seasonal,24.4,2026-01-24
SIG-03956,PROD-04884,STORE-0184,decline,-23.2,2026-01-28
SIG-03957,PROD-03304,STORE-0042,spike,43.7,2026-06-09
SIG-03958,PROD-01804,STORE-0124,seasonal,-26.8,2026-07-03
SIG-03959,PROD-00571,STORE-0112,seasonal,41.5,2026-05-22
SIG-03960,PROD-00457,STORE-0116,seasonal,68.7,2026-08-11
SIG-03961,PROD-04834,STORE-0269,seasonal,-18.3,2026-03-24
SIG-03962,PROD-04487,STORE-0063,seasonal,70.8,2026-05-27
SIG-03963,PROD-04416,STORE-0466,seasonal,42.3,2026-02-09
SIG-03964,PROD-01943,STORE-0315,spike,21.7,2026-08-27
SIG-03965,PROD-03591,STORE-0426,decline,76.5,2026-01-16
SIG-03966,PROD-00587,STORE-0015,spike,27.9,2026-05-20
SIG-03967,PROD-02579,STORE-0318,decline,50.4,2026-05-07
SIG-03968,PROD-02527,STORE-0007,seasonal,29.3,2026-02-05
SIG-03969,PROD-04701,STORE-0345,spike,-19.3,2026-04-02
SIG-03970,PROD-03923,STORE-0192,spike,-24.4,2026-03-10
SIG-03971,PROD-04341,STORE-0223,decline,-17.2,2026-04-24
SIG-03972,PROD-01562,STORE-0167,seasonal,74.9,2026-02-22
SIG-03973,PROD-00259,STORE-0466,decline,68.1,2026-02-01
SIG-03974,PROD-00873,STORE-0324,spike,21.5,2026-07-11
SIG-03975,PROD-04553,STORE-0149,spike,-16.1,2026-06-08
SIG-03976,PROD-02570,STORE-0165,seasonal,41.3,2026-07-14
SIG-03977,PROD-03103,STORE-0163,seasonal,25.1,2026-08-03
SIG-03978,PROD-03819,STORE-0337,seasonal,40.4,2026-01-23
SIG-03979,PROD-01437,STORE-0211,spike,-22.9,2026-04-28
SIG-03980,PROD-02129,STORE-0196,decline,-6.8,2026-02-25
SIG-03981,PROD-04113,STORE-0348,spike,58.2,2026-02-21
SIG-03982,PROD-03198,STORE-0361,seasonal,26.3,2026-02-25
SIG-03983,PROD-03946,STORE-0263,decline,-35.1,2026-07-11
SIG-03984,PROD-01280,STORE-0004,decline,-33.4,2026-04-24
SIG-03985,PROD-02630,STORE-0322,spike,64.3,2026-07-18
SIG-03986,PROD-00488,STORE-0003,seasonal,32.5,2026-08-02
SIG-03987,PROD-02484,STORE-0085,decline,52.8,2026-08-19
SIG-03988,PROD-04724,STORE-0185,decline,6.7,2026-04-06
SIG-03989,PROD-04527,STORE-0127,seasonal,45.5,2026-07-26
SIG-03990,PROD-01641,STORE-0483,decline,11.0,2026-05-15
SIG-03991,PROD-02803,STORE-0442,spike,66.7,2026-02-10
SIG-03992,PROD-00488,STORE-0220,spike,-10.8,2026-08-28
SIG-03993,PROD-00501,STORE-0083,spike,15.5,2026-03-04
SIG-03994,PROD-02158,STORE-0264,decline,0.7,2026-07-03
SIG-03995,PROD-00998,STORE-0011,seasonal,-29.7,2026-06-14
SIG-03996,PROD-02406,STORE-0237,spike,-26.6,2026-03-07
SIG-03997,PROD-04481,STORE-0240,seasonal,8.4,2026-07-06
SIG-03998,PROD-00779,STORE-0470,decline,52.5,2026-03-17
SIG-03999,PROD-02138,STORE-0401,spike,69.8,2026-05-11
SIG-04000,PROD-04080,STORE-0358,seasonal,-18.0,2026-04-24
SIG-04001,PROD-00131,STORE-0131,spike,15.7,2026-05-23
SIG-04002,PROD-04059,STORE-0324,spike,47.8,2026-02-23
SIG-04003,PROD-00793,STORE-0261,spike,77.0,2026-01-22
SIG-04004,PROD-02904,STORE-0014,seasonal,-29.1,2026-04-16
SIG-04005,PROD-00432,STORE-0261,decline,18.3,2026-06-17
SIG-04006,PROD-00457,STORE-0450,spike,64.5,2026-03-04
SIG-04007,PROD-01599,STORE-0400,seasonal,-25.9,2026-05-01
SIG-04008,PROD-01043,STORE-0095,spike,37.3,2026-08-11
SIG-04009,PROD-02150,STORE-0458,decline,18.7,2026-08-26
SIG-04010,PROD-00423,STORE-0197,spike,9.8,2026-06-28
SIG-04011,PROD-04927,STORE-0328,decline,-30.1,2026-05-26
SIG-04012,PROD-01548,STORE-0384,seasonal,56.1,2026-07-04
SIG-04013,PROD-04903,STORE-0125,seasonal,22.1,2026-06-08
SIG-04014,PROD-04903,STORE-0054,seasonal,-20.2,2026-06-03
SIG-04015,PROD-03890,STORE-0219,decline,14.4,2026-05-02
SIG-04016,PROD-03535,STORE-0202,spike,-7.0,2026-06-16
SIG-04017,PROD-02183,STORE-0064,decline,62.1,2026-05-08
SIG-04018,PROD-02339,STORE-0286,decline,-0.3,2026-03-02
SIG-04019,PROD-03421,STORE-0179,decline,19.0,2026-04-18
SIG-04020,PROD-04973,STORE-0015,decline,10.6,2026-02-18
SIG-04021,PROD-03117,STORE-0424,spike,21.4,2026-02-09
SIG-04022,PROD-02597,STORE-0156,decline,26.6,2026-08-03
SIG-04023,PROD-00285,STORE-0172,seasonal,55.1,2026-05-02
SIG-04024,PROD-04793,STORE-0423,seasonal,16.1,2026-07-26
SIG-04025,PROD-01118,STORE-0181,decline,-34.1,2026-07-18
SIG-04026,PROD-02938,STORE-0250,decline,-27.4,2026-05-21
SIG-04027,PROD-00419,STORE-0417,spike,-17.8,2026-05-07
SIG-04028,PROD-02060,STORE-0006,seasonal,-13.0,2026-03-26
SIG-04029,PROD-01173,STORE-0230,seasonal,24.2,2026-05-24
SIG-04030,PROD-02544,STORE-0267,decline,57.6,2026-07-06
SIG-04031,PROD-00414,STORE-0421,decline,38.4,2026-01-10
SIG-04032,PROD-04710,STORE-0273,spike,-27.5,2026-06-28
SIG-04033,PROD-02361,STORE-0153,seasonal,47.7,2026-04-15
SIG-04034,PROD-01705,STORE-0333,decline,-3.3,2026-08-18
SIG-04035,PROD-02331,STORE-0126,decline,-38.9,2026-07-16
SIG-04036,PROD-03124,STORE-0229,seasonal,30.9,2026-03-24
SIG-04037,PROD-01261,STORE-0029,spike,-28.8,2026-07-18
SIG-04038,PROD-01817,STORE-0093,seasonal,-1.4,2026-03-26
SIG-04039,PROD-00089,STORE-0123,spike,63.5,2026-01-27
SIG-04040,PROD-02425,STORE-0136,decline,56.0,2026-03-17
SIG-04041,PROD-01462,STORE-0360,decline,13.3,2026-02-26
SIG-04042,PROD-03282,STORE-0147,decline,-21.1,2026-08-16
SIG-04043,PROD-03765,STORE-0181,decline,8.5,2026-03-05
SIG-04044,PROD-02648,STORE-0219,spike,-6.6,2026-08-10
SIG-04045,PROD-00833,STORE-0287,spike,-27.2,2026-07-17
SIG-04046,PROD-01403,STORE-0391,spike,-29.4,2026-04-23
SIG-04047,PROD-02893,STORE-0177,decline,14.6,2026-01-22
SIG-04048,PROD-01318,STORE-0272,decline,30.8,2026-08-14
SIG-04049,PROD-00674,STORE-0484,decline,26.1,2026-08-10
SIG-04050,PROD-04068,STORE-0319,spike,48.2,2026-02-09
SIG-04051,PROD-03402,STORE-0484,decline,-24.5,2026-07-07
SIG-04052,PROD-01431,STORE-0286,spike,-17.4,2026-02-23
SIG-04053,PROD-02316,STORE-0106,decline,-5.1,2026-01-22
SIG-04054,PROD-00917,STORE-0317,spike,-13.2,2026-05-28
SIG-04055,PROD-04468,STORE-0287,seasonal,-26.3,2026-02-07
SIG-04056,PROD-00751,STORE-0422,spike,71.3,2026-08-06
SIG-04057,PROD-03900,STORE-0285,seasonal,3.3,2026-08-02
SIG-04058,PROD-01061,STORE-0340,seasonal,71.7,2026-05-23
SIG-04059,PROD-01354,STORE-0455,decline,22.8,2026-05-01
SIG-04060,PROD-00650,STORE-0224,decline,14.2,2026-02-04
SIG-04061,PROD-04984,STORE-0087,spike,22.4,2026-04-05
SIG-04062,PROD-02314,STORE-0048,decline,30.8,2026-05-18
SIG-04063,PROD-01768,STORE-0128,decline,-37.1,2026-02-18
SIG-04064,PROD-00195,STORE-0213,spike,-0.2,2026-05-22
SIG-04065,PROD-00745,STORE-0262,decline,32.2,2026-02-02
SIG-04066,PROD-00206,STORE-0159,decline,-8.5,2026-07-17
SIG-04067,PROD-04963,STORE-0374,seasonal,4.0,2026-08-14
SIG-04068,PROD-01526,STORE-0156,seasonal,-2.6,2026-08-24
SIG-04069,PROD-04754,STORE-0452,decline,55.3,2026-03-04
SIG-04070,PROD-04365,STORE-0476,decline,17.2,2026-03-15
SIG-04071,PROD-01913,STORE-0317,spike,24.3,2026-07-10
SIG-04072,PROD-04742,STORE-0312,spike,68.7,2026-07-19
SIG-04073,PROD-03262,STORE-0452,decline,74.3,2026-06-14
SIG-04074,PROD-02902,STORE-0107,spike,44.6,2026-07-22
SIG-04075,PROD-03210,STORE-0496,seasonal,20.8,2026-04-24
SIG-04076,PROD-04444,STORE-0431,spike,49.6,2026-06-21
SIG-04077,PROD-02985,STORE-0212,seasonal,56.4,2026-02-09
SIG-04078,PROD-04010,STORE-0401,decline,39.9,2026-06-21
SIG-04079,PROD-03391,STORE-0397,seasonal,66.9,2026-05-03
SIG-04080,PROD-00421,STORE-0235,decline,34.8,2026-03-04
SIG-04081,PROD-03974,STORE-0498,decline,72.1,2026-02-01
SIG-04082,PROD-02280,STORE-0213,decline,18.5,2026-08-08
SIG-04083,PROD-01539,STORE-0479,seasonal,-30.4,2026-07-04
SIG-04084,PROD-04317,STORE-0484,spike,65.2,2026-08-18
SIG-04085,PROD-01798,STORE-0114,spike,28.1,2026-07-15
SIG-04086,PROD-04001,STORE-0195,decline,-24.4,2026-01-27
SIG-04087,PROD-00743,STORE-0147,seasonal,-35.1,2026-03-26
SIG-04088,PROD-02432,STORE-0220,seasonal,8.0,2026-04-18
SIG-04089,PROD-01598,STORE-0484,spike,-36.8,2026-04-24
SIG-04090,PROD-00872,STORE-0353,spike,31.0,2026-07-26
SIG-04091,PROD-04927,STORE-0087,seasonal,17.8,2026-06-05
SIG-04092,PROD-01637,STORE-0240,decline,64.1,2026-08-14
SIG-04093,PROD-04096,STORE-0326,decline,20.3,2026-02-20
SIG-04094,PROD-02811,STORE-0335,spike,-20.1,2026-08-15
SIG-04095,PROD-00680,STORE-0017,decline,13.3,2026-04-21
SIG-04096,PROD-01166,STORE-0257,spike,42.0,2026-01-22
SIG-04097,PROD-00265,STORE-0500,seasonal,69.0,2026-06-11
SIG-04098,PROD-00797,STORE-0340,decline,-24.0,2026-04-16
SIG-04099,PROD-03350,STORE-0402,seasonal,42.9,2026-05-27
SIG-04100,PROD-02135,STORE-0296,decline,-16.6,2026-07-26
SIG-04101,PROD-04826,STORE-0360,seasonal,49.6,2026-04-12
SIG-04102,PROD-01756,STORE-0248,decline,-7.3,2026-02-14
SIG-04103,PROD-00235,STORE-0400,seasonal,43.4,2026-08-16
SIG-04104,PROD-04161,STORE-0231,spike,-13.1,2026-04-07
SIG-04105,PROD-00554,STORE-0176,decline,-4.7,2026-02-27
SIG-04106,PROD-03601,STORE-0145,decline,-31.9,2026-04-11
SIG-04107,PROD-04924,STORE-0163,spike,-31.2,2026-03-08
SIG-04108,PROD-00112,STORE-0431,spike,-35.2,2026-04-11
SIG-04109,PROD-01631,STORE-0138,seasonal,66.5,2026-07-24
SIG-04110,PROD-04946,STORE-0465,spike,-26.3,2026-02-18
SIG-04111,PROD-01527,STORE-0216,spike,-18.7,2026-08-04
SIG-04112,PROD-03537,STORE-0002,decline,-21.4,2026-01-19
SIG-04113,PROD-02907,STORE-0266,spike,64.0,2026-06-11
SIG-04114,PROD-03829,STORE-0105,spike,47.7,2026-04-19
SIG-04115,PROD-00613,STORE-0299,spike,65.9,2026-04-22
SIG-04116,PROD-01917,STORE-0198,seasonal,1.8,2026-02-23
SIG-04117,PROD-02178,STORE-0357,seasonal,-25.4,2026-07-10
SIG-04118,PROD-03548,STORE-0073,seasonal,32.9,2026-03-19
SIG-04119,PROD-03694,STORE-0227,spike,76.6,2026-04-12
SIG-04120,PROD-00382,STORE-0425,spike,16.6,2026-05-08
SIG-04121,PROD-03990,STORE-0193,spike,61.7,2026-05-15
SIG-04122,PROD-04528,STORE-0401,decline,14.4,2026-03-02
SIG-04123,PROD-02990,STORE-0341,decline,-20.2,2026-02-07
SIG-04124,PROD-00186,STORE-0010,spike,43.9,2026-06-16
SIG-04125,PROD-01652,STORE-0111,spike,32.0,2026-01-05
SIG-04126,PROD-02510,STORE-0474,seasonal,-9.3,2026-06-16
SIG-04127,PROD-04993,STORE-0011,decline,-38.7,2026-02-07
SIG-04128,PROD-01764,STORE-0109,decline,10.9,2026-01-28
SIG-04129,PROD-04407,STORE-0225,decline,-33.2,2026-03-25
SIG-04130,PROD-01098,STORE-0337,spike,-31.9,2026-06-19
SIG-04131,PROD-00999,STORE-0239,decline,57.7,2026-02-20
SIG-04132,PROD-03806,STORE-0245,seasonal,3.2,2026-05-13
SIG-04133,PROD-04813,STORE-0300,seasonal,43.8,2026-07-04
SIG-04134,PROD-01484,STORE-0342,seasonal,10.7,2026-08-11
SIG-04135,PROD-04464,STORE-0390,seasonal,-14.2,2026-02-15
SIG-04136,PROD-02390,STORE-0157,decline,-36.7,2026-06-20
SIG-04137,PROD-00036,STORE-0368,decline,-5.6,2026-07-02
SIG-04138,PROD-04670,STORE-0341,decline,62.9,2026-08-15
SIG-04139,PROD-02897,STORE-0273,spike,3.0,2026-01-22
SIG-04140,PROD-03214,STORE-0431,spike,-16.4,2026-06-03
SIG-04141,PROD-03567,STORE-0063,seasonal,49.8,2026-04-22
SIG-04142,PROD-02424,STORE-0176,decline,-17.6,2026-07-04
SIG-04143,PROD-04445,STORE-0358,seasonal,24.9,2026-08-12
SIG-04144,PROD-01538,STORE-0179,decline,-33.3,2026-04-06
SIG-04145,PROD-04258,STORE-0088,decline,-33.7,2026-06-12
SIG-04146,PROD-04474,STORE-0128,spike,27.3,2026-01-27
SIG-04147,PROD-03390,STORE-0143,seasonal,17.2,2026-06-13
SIG-04148,PROD-03517,STORE-0499,seasonal,31.0,2026-01-15
SIG-04149,PROD-01480,STORE-0040,spike,4.7,2026-01-28
SIG-04150,PROD-01888,STORE-0429,decline,-26.8,2026-05-18
SIG-04151,PROD-01326,STORE-0071,spike,-24.1,2026-08-17
SIG-04152,PROD-02597,STORE-0017,spike,36.7,2026-02-21
SIG-04153,PROD-00034,STORE-0304,spike,2.2,2026-03-05
SIG-04154,PROD-00488,STORE-0040,seasonal,8.4,2026-07-28
SIG-04155,PROD-00658,STORE-0385,spike,48.7,2026-05-14
SIG-04156,PROD-00988,STORE-0491,decline,62.6,2026-02-16
SIG-04157,PROD-03862,STORE-0489,seasonal,54.0,2026-05-27
SIG-04158,PROD-01342,STORE-0136,decline,57.7,2026-03-23
SIG-04159,PROD-03665,STORE-0066,seasonal,79.4,2026-05-18
SIG-04160,PROD-04968,STORE-0076,seasonal,55.3,2026-06-24
SIG-04161,PROD-04095,STORE-0380,seasonal,-32.3,2026-02-13
SIG-04162,PROD-01693,STORE-0089,seasonal,44.4,2026-02-13
SIG-04163,PROD-00596,STORE-0118,decline,32.5,2026-01-05
SIG-04164,PROD-04752,STORE-0367,seasonal,44.7,2026-06-08
SIG-04165,PROD-01379,STORE-0192,seasonal,40.0,2026-01-14
SIG-04166,PROD-04895,STORE-0376,seasonal,3.3,2026-01-08
SIG-04167,PROD-03582,STORE-0444,seasonal,-12.5,2026-06-09
SIG-04168,PROD-00822,STORE-0054,seasonal,-22.9,2026-07-07
SIG-04169,PROD-00446,STORE-0346,decline,17.7,2026-06-15
SIG-04170,PROD-02837,STORE-0179,spike,52.6,2026-04-11
SIG-04171,PROD-03289,STORE-0461,decline,37.1,2026-05-14
SIG-04172,PROD-01781,STORE-0429,spike,32.0,2026-03-04
SIG-04173,PROD-01768,STORE-0308,seasonal,35.6,2026-06-22
SIG-04174,PROD-04301,STORE-0387,decline,40.8,2026-05-10
SIG-04175,PROD-04220,STORE-0101,decline,-4.5,2026-07-04
SIG-04176,PROD-02048,STORE-0047,seasonal,64.2,2026-06-26
SIG-04177,PROD-01243,STORE-0480,decline,43.7,2026-04-11
SIG-04178,PROD-04313,STORE-0017,decline,-39.3,2026-01-25
SIG-04179,PROD-00323,STORE-0388,decline,56.8,2026-08-14
SIG-04180,PROD-02416,STORE-0089,spike,56.3,2026-08-15
SIG-04181,PROD-02603,STORE-0308,spike,7.7,2026-06-18
SIG-04182,PROD-01515,STORE-0010,seasonal,63.8,2026-06-22
SIG-04183,PROD-02961,STORE-0394,seasonal,-4.5,2026-07-18
SIG-04184,PROD-00036,STORE-0225,decline,14.3,2026-07-16
SIG-04185,PROD-04439,STORE-0292,spike,-24.2,2026-01-03
SIG-04186,PROD-01755,STORE-0417,seasonal,15.6,2026-03-05
SIG-04187,PROD-04626,STORE-0457,decline,-19.3,2026-02-12
SIG-04188,PROD-02104,STORE-0366,decline,48.3,2026-03-18
SIG-04189,PROD-03853,STORE-0458,decline,44.6,2026-08-08
SIG-04190,PROD-02643,STORE-0381,spike,44.2,2026-03-02
SIG-04191,PROD-03644,STORE-0210,spike,-14.1,2026-05-26
SIG-04192,PROD-03855,STORE-0200,seasonal,-28.4,2026-04-28
SIG-04193,PROD-02238,STORE-0272,decline,16.5,2026-06-22
SIG-04194,PROD-04483,STORE-0309,seasonal,-0.9,2026-03-26
SIG-04195,PROD-04341,STORE-0027,seasonal,76.9,2026-03-08
SIG-04196,PROD-03417,STORE-0014,spike,54.2,2026-01-13
SIG-04197,PROD-00434,STORE-0231,spike,58.2,2026-05-25
SIG-04198,PROD-02688,STORE-0375,decline,65.2,2026-06-16
SIG-04199,PROD-00977,STORE-0389,spike,-8.1,2026-05-11
SIG-04200,PROD-01408,STORE-0454,spike,69.9,2026-04-23
SIG-04201,PROD-03187,STORE-0458,decline,40.7,2026-04-20
SIG-04202,PROD-00843,STORE-0397,decline,72.9,2026-02-23
SIG-04203,PROD-03550,STORE-0446,spike,-13.1,2026-05-19
SIG-04204,PROD-03071,STORE-0017,spike,76.7,2026-06-14
SIG-04205,PROD-02560,STORE-0135,decline,-22.1,2026-03-23
SIG-04206,PROD-03262,STORE-0222,seasonal,78.0,2026-06-06
SIG-04207,PROD-03613,STORE-0153,seasonal,39.4,2026-02-21
SIG-04208,PROD-04034,STORE-0314,seasonal,50.3,2026-04-20
SIG-04209,PROD-02581,STORE-0484,seasonal,28.4,2026-01-01
SIG-04210,PROD-00578,STORE-0339,decline,-16.4,2026-07-18
SIG-04211,PROD-03191,STORE-0328,decline,73.1,2026-05-02
SIG-04212,PROD-00182,STORE-0101,spike,0.5,2026-05-12
SIG-04213,PROD-03498,STORE-0232,spike,23.6,2026-06-21
SIG-04214,PROD-03472,STORE-0395,decline,29.4,2026-05-08
SIG-04215,PROD-03106,STORE-0009,decline,69.2,2026-07-22
SIG-04216,PROD-02018,STORE-0425,seasonal,-13.3,2026-04-05
SIG-04217,PROD-02978,STORE-0348,seasonal,64.7,2026-03-11
SIG-04218,PROD-03759,STORE-0236,decline,48.1,2026-04-22
SIG-04219,PROD-01843,STORE-0491,spike,51.7,2026-01-24
SIG-04220,PROD-04641,STORE-0412,seasonal,53.3,2026-01-21
SIG-04221,PROD-03761,STORE-0467,decline,20.5,2026-02-14
SIG-04222,PROD-04471,STORE-0399,spike,26.2,2026-06-01
SIG-04223,PROD-02933,STORE-0263,decline,-6.1,2026-02-22
SIG-04224,PROD-04142,STORE-0237,seasonal,25.3,2026-06-28
SIG-04225,PROD-01315,STORE-0064,spike,-19.9,2026-02-20
SIG-04226,PROD-03182,STORE-0087,spike,-10.5,2026-01-23
SIG-04227,PROD-02321,STORE-0034,spike,-11.8,2026-02-09
SIG-04228,PROD-01861,STORE-0378,seasonal,33.9,2026-01-27
SIG-04229,PROD-02075,STORE-0057,decline,21.2,2026-08-24
SIG-04230,PROD-02215,STORE-0064,decline,2.1,2026-02-15
SIG-04231,PROD-00308,STORE-0024,decline,39.5,2026-05-12
SIG-04232,PROD-03989,STORE-0186,seasonal,21.1,2026-05-27
SIG-04233,PROD-04988,STORE-0024,decline,4.0,2026-01-03
SIG-04234,PROD-04988,STORE-0198,seasonal,26.4,2026-03-01
SIG-04235,PROD-03990,STORE-0042,spike,-28.4,2026-05-11
SIG-04236,PROD-01733,STORE-0264,decline,40.7,2026-04-22
SIG-04237,PROD-01271,STORE-0243,spike,-11.5,2026-04-25
SIG-04238,PROD-03309,STORE-0032,seasonal,-1.1,2026-08-28
SIG-04239,PROD-04196,STORE-0267,decline,-0.2,2026-04-24
SIG-04240,PROD-02838,STORE-0084,decline,21.4,2026-03-21
SIG-04241,PROD-03236,STORE-0397,seasonal,63.6,2026-03-24
SIG-04242,PROD-01736,STORE-0358,spike,71.4,2026-03-18
SIG-04243,PROD-00854,STORE-0293,seasonal,12.4,2026-05-01
SIG-04244,PROD-01136,STORE-0328,spike,25.1,2026-05-13
SIG-04245,PROD-01563,STORE-0046,spike,-31.5,2026-08-19
SIG-04246,PROD-02422,STORE-0192,decline,-25.0,2026-02-15
SIG-04247,PROD-03873,STORE-0082,spike,29.6,2026-08-13
SIG-04248,PROD-04174,STORE-0385,decline,52.4,2026-02-21
SIG-04249,PROD-03349,STORE-0051,spike,-3.6,2026-05-05
SIG-04250,PROD-03415,STORE-0038,decline,43.2,2026-07-18
SIG-04251,PROD-03978,STORE-0356,decline,21.1,2026-08-14
SIG-04252,PROD-02265,STORE-0498,decline,35.7,2026-02-26
SIG-04253,PROD-01811,STORE-0061,spike,79.4,2026-04-02
SIG-04254,PROD-00993,STORE-0259,seasonal,6.7,2026-02-02
SIG-04255,PROD-02243,STORE-0399,spike,-29.5,2026-01-22
SIG-04256,PROD-00905,STORE-0031,decline,48.5,2026-03-01
SIG-04257,PROD-02359,STORE-0281,spike,32.7,2026-01-23
SIG-04258,PROD-03010,STORE-0461,seasonal,19.2,2026-02-20
SIG-04259,PROD-01569,STORE-0221,decline,21.2,2026-07-26
SIG-04260,PROD-04640,STORE-0401,seasonal,48.0,2026-02-20
SIG-04261,PROD-04965,STORE-0322,spike,36.3,2026-07-26
SIG-04262,PROD-04115,STORE-0055,seasonal,-32.3,2026-02-19
SIG-04263,PROD-04618,STORE-0070,seasonal,64.9,2026-07-23
SIG-04264,PROD-04991,STORE-0437,seasonal,10.9,2026-05-19
SIG-04265,PROD-01689,STORE-0077,seasonal,79.6,2026-04-17
SIG-04266,PROD-00085,STORE-0049,spike,24.9,2026-02-10
SIG-04267,PROD-01849,STORE-0445,seasonal,-3.8,2026-04-03
SIG-04268,PROD-03733,STORE-0377,spike,3.9,2026-03-28
SIG-04269,PROD-04276,STORE-0427,seasonal,7.7,2026-06-23
SIG-04270,PROD-01769,STORE-0038,decline,42.9,2026-02-06
SIG-04271,PROD-00335,STORE-0409,decline,17.1,2026-06-03
SIG-04272,PROD-04396,STORE-0022,seasonal,42.5,2026-06-24
SIG-04273,PROD-04092,STORE-0263,spike,30.7,2026-04-08
SIG-04274,PROD-04482,STORE-0397,spike,75.3,2026-02-06
SIG-04275,PROD-01639,STORE-0071,spike,-3.8,2026-08-26
SIG-04276,PROD-02491,STORE-0282,decline,4.8,2026-03-11
SIG-04277,PROD-02019,STORE-0016,spike,12.5,2026-03-03
SIG-04278,PROD-00820,STORE-0326,spike,65.8,2026-05-18
SIG-04279,PROD-03210,STORE-0402,seasonal,-22.5,2026-06-06
SIG-04280,PROD-02254,STORE-0167,seasonal,71.4,2026-08-04
SIG-04281,PROD-03900,STORE-0054,decline,-1.6,2026-02-05
SIG-04282,PROD-02398,STORE-0048,spike,61.8,2026-02-12
SIG-04283,PROD-02385,STORE-0091,spike,73.2,2026-07-12
SIG-04284,PROD-00993,STORE-0457,decline,2.3,2026-07-05
SIG-04285,PROD-00176,STORE-0322,seasonal,-19.2,2026-03-23
SIG-04286,PROD-02991,STORE-0136,seasonal,76.3,2026-02-01
SIG-04287,PROD-04531,STORE-0390,spike,-36.8,2026-03-25
SIG-04288,PROD-01034,STORE-0032,spike,44.9,2026-07-23
SIG-04289,PROD-00317,STORE-0294,decline,73.3,2026-06-14
SIG-04290,PROD-03923,STORE-0147,spike,-15.1,2026-03-25
SIG-04291,PROD-01500,STORE-0214,spike,-29.0,2026-03-11
SIG-04292,PROD-04071,STORE-0446,spike,63.6,2026-02-10
SIG-04293,PROD-04081,STORE-0012,decline,75.6,2026-01-15
SIG-04294,PROD-03442,STORE-0171,decline,74.3,2026-03-04
SIG-04295,PROD-02795,STORE-0402,decline,-27.8,2026-06-15
SIG-04296,PROD-03231,STORE-0442,spike,32.1,2026-05-28
SIG-04297,PROD-04893,STORE-0227,seasonal,-30.0,2026-02-11
SIG-04298,PROD-00089,STORE-0407,spike,-21.3,2026-05-28
SIG-04299,PROD-03450,STORE-0190,spike,45.8,2026-03-26
SIG-04300,PROD-00721,STORE-0308,seasonal,11.1,2026-05-03
SIG-04301,PROD-01360,STORE-0338,spike,66.2,2026-03-11
SIG-04302,PROD-04440,STORE-0256,seasonal,53.6,2026-08-20
SIG-04303,PROD-03145,STORE-0329,seasonal,5.1,2026-08-12
SIG-04304,PROD-03377,STORE-0486,decline,17.0,2026-01-15
SIG-04305,PROD-03200,STORE-0178,seasonal,64.8,2026-05-16
SIG-04306,PROD-03192,STORE-0361,decline,23.7,2026-03-05
SIG-04307,PROD-04236,STORE-0461,seasonal,-35.8,2026-05-11
SIG-04308,PROD-02331,STORE-0169,seasonal,-37.6,2026-07-28
SIG-04309,PROD-04153,STORE-0439,seasonal,52.3,2026-08-06
SIG-04310,PROD-01715,STORE-0355,seasonal,-14.9,2026-02-23
SIG-04311,PROD-04986,STORE-0464,spike,10.9,2026-02-05
SIG-04312,PROD-03003,STORE-0185,decline,43.8,2026-01-09
SIG-04313,PROD-02453,STORE-0389,spike,12.9,2026-07-20
SIG-04314,PROD-03133,STORE-0120,decline,-18.0,2026-05-07
SIG-04315,PROD-03379,STORE-0385,seasonal,-39.7,2026-03-22
SIG-04316,PROD-00666,STORE-0364,seasonal,-13.1,2026-07-13
SIG-04317,PROD-04619,STORE-0260,spike,11.2,2026-06-27
SIG-04318,PROD-02583,STORE-0297,decline,58.6,2026-03-17
SIG-04319,PROD-00244,STORE-0392,decline,14.4,2026-03-12
SIG-04320,PROD-03642,STORE-0286,decline,76.3,2026-05-03
SIG-04321,PROD-04529,STORE-0458,seasonal,49.7,2026-08-14
SIG-04322,PROD-04955,STORE-0187,decline,18.9,2026-05-04
SIG-04323,PROD-00018,STORE-0423,seasonal,42.7,2026-08-17
SIG-04324,PROD-01878,STORE-0137,decline,3.0,2026-08-20
SIG-04325,PROD-00761,STORE-0112,spike,48.5,2026-05-19
SIG-04326,PROD-02444,STORE-0172,seasonal,-10.6,2026-04-05
SIG-04327,PROD-01293,STORE-0425,spike,33.0,2026-02-20
SIG-04328,PROD-04066,STORE-0500,decline,48.2,2026-08-25
SIG-04329,PROD-03072,STORE-0339,seasonal,-11.9,2026-03-12
SIG-04330,PROD-03658,STORE-0207,seasonal,14.3,2026-02-03
SIG-04331,PROD-00033,STORE-0323,seasonal,47.1,2026-06-01
SIG-04332,PROD-04919,STORE-0459,spike,27.3,2026-08-25
SIG-04333,PROD-03945,STORE-0349,seasonal,44.7,2026-01-06
SIG-04334,PROD-00462,STORE-0100,seasonal,18.0,2026-02-10
SIG-04335,PROD-00552,STORE-0243,decline,53.1,2026-01-23
SIG-04336,PROD-04343,STORE-0388,decline,29.7,2026-02-12
SIG-04337,PROD-03926,STORE-0356,decline,2.4,2026-06-25
SIG-04338,PROD-04437,STORE-0020,seasonal,77.9,2026-03-05
SIG-04339,PROD-04077,STORE-0349,decline,56.3,2026-01-03
SIG-04340,PROD-03288,STORE-0036,seasonal,38.0,2026-06-13
SIG-04341,PROD-04930,STORE-0027,spike,0.1,2026-07-21
SIG-04342,PROD-04519,STORE-0130,decline,-31.7,2026-08-15
SIG-04343,PROD-04207,STORE-0479,decline,1.2,2026-02-28
SIG-04344,PROD-02248,STORE-0444,decline,18.2,2026-01-03
SIG-04345,PROD-00412,STORE-0137,decline,74.2,2026-01-17
SIG-04346,PROD-02821,STORE-0009,decline,-36.1,2026-04-02
SIG-04347,PROD-00610,STORE-0460,seasonal,69.7,2026-08-06
SIG-04348,PROD-00975,STORE-0107,spike,39.1,2026-03-08
SIG-04349,PROD-03097,STORE-0185,seasonal,-24.5,2026-02-22
SIG-04350,PROD-00191,STORE-0340,spike,-12.8,2026-05-17
SIG-04351,PROD-01897,STORE-0126,spike,22.8,2026-01-20
SIG-04352,PROD-04699,STORE-0078,seasonal,49.3,2026-08-21
SIG-04353,PROD-01889,STORE-0165,decline,-22.3,2026-04-21
SIG-04354,PROD-03355,STORE-0187,decline,46.0,2026-08-24
SIG-04355,PROD-01969,STORE-0043,spike,71.9,2026-01-22
SIG-04356,PROD-01512,STORE-0043,seasonal,35.3,2026-01-01
SIG-04357,PROD-01229,STORE-0448,decline,-26.9,2026-05-10
SIG-04358,PROD-02671,STORE-0141,decline,63.8,2026-02-09
SIG-04359,PROD-04870,STORE-0210,spike,5.9,2026-07-17
SIG-04360,PROD-01701,STORE-0085,decline,-11.1,2026-06-17
SIG-04361,PROD-03891,STORE-0434,spike,25.2,2026-02-20
SIG-04362,PROD-04609,STORE-0054,decline,70.6,2026-06-16
SIG-04363,PROD-03349,STORE-0139,spike,-23.2,2026-05-26
SIG-04364,PROD-01228,STORE-0300,spike,53.4,2026-08-20
SIG-04365,PROD-04394,STORE-0402,seasonal,51.2,2026-04-25
SIG-04366,PROD-04502,STORE-0463,seasonal,-34.2,2026-06-17
SIG-04367,PROD-04946,STORE-0213,seasonal,-11.8,2026-08-17
SIG-04368,PROD-01024,STORE-0067,decline,10.5,2026-08-11
SIG-04369,PROD-03374,STORE-0469,seasonal,50.1,2026-02-22
SIG-04370,PROD-01315,STORE-0166,spike,6.1,2026-03-19
SIG-04371,PROD-00483,STORE-0197,decline,-19.9,2026-05-11
SIG-04372,PROD-00525,STORE-0415,spike,-23.7,2026-04-13
SIG-04373,PROD-03903,STORE-0271,spike,-35.6,2026-03-10
SIG-04374,PROD-00884,STORE-0018,spike,65.0,2026-08-16
SIG-04375,PROD-04261,STORE-0409,spike,10.5,2026-06-17
SIG-04376,PROD-01492,STORE-0491,seasonal,73.6,2026-08-01
SIG-04377,PROD-02528,STORE-0315,seasonal,-15.8,2026-02-11
SIG-04378,PROD-01410,STORE-0319,decline,23.6,2026-03-15
SIG-04379,PROD-00964,STORE-0204,seasonal,73.5,2026-08-07
SIG-04380,PROD-03980,STORE-0163,decline,40.3,2026-05-11
SIG-04381,PROD-01885,STORE-0313,spike,56.3,2026-04-04
SIG-04382,PROD-01777,STORE-0060,spike,72.4,2026-03-04
SIG-04383,PROD-00321,STORE-0419,spike,-18.7,2026-03-21
SIG-04384,PROD-03218,STORE-0132,decline,-12.6,2026-05-26
SIG-04385,PROD-03823,STORE-0377,spike,-29.2,2026-06-01
SIG-04386,PROD-00666,STORE-0374,spike,-8.5,2026-07-13
SIG-04387,PROD-03390,STORE-0128,seasonal,60.1,2026-01-17
SIG-04388,PROD-03049,STORE-0430,seasonal,52.9,2026-08-23
SIG-04389,PROD-04429,STORE-0261,spike,-30.2,2026-07-13
SIG-04390,PROD-01803,STORE-0233,spike,12.7,2026-07-02
SIG-04391,PROD-03581,STORE-0054,seasonal,68.1,2026-06-26
SIG-04392,PROD-00048,STORE-0411,decline,-0.8,2026-01-03
SIG-04393,PROD-03146,STORE-0275,spike,47.3,2026-01-18
SIG-04394,PROD-04754,STORE-0185,seasonal,7.2,2026-04-23
SIG-04395,PROD-04025,STORE-0074,decline,59.8,2026-05-06
SIG-04396,PROD-03329,STORE-0203,seasonal,-20.2,2026-03-04
SIG-04397,PROD-04702,STORE-0140,decline,72.2,2026-03-21
SIG-04398,PROD-04408,STORE-0136,seasonal,-31.9,2026-06-14
SIG-04399,PROD-03876,STORE-0309,spike,57.2,2026-06-12
SIG-04400,PROD-01763,STORE-0264,spike,31.8,2026-01-15
SIG-04401,PROD-02085,STORE-0347,seasonal,78.7,2026-01-09
SIG-04402,PROD-00222,STORE-0032,seasonal,65.5,2026-03-05
SIG-04403,PROD-02142,STORE-0114,decline,17.1,2026-04-12
SIG-04404,PROD-04875,STORE-0490,decline,-20.6,2026-03-25
SIG-04405,PROD-02968,STORE-0318,seasonal,47.2,2026-04-12
SIG-04406,PROD-01533,STORE-0027,decline,76.2,2026-01-11
SIG-04407,PROD-04605,STORE-0085,spike,-34.6,2026-01-04
SIG-04408,PROD-03722,STORE-0476,spike,24.2,2026-03-10
SIG-04409,PROD-02812,STORE-0086,spike,71.6,2026-06-28
SIG-04410,PROD-00580,STORE-0407,decline,-18.4,2026-04-20
SIG-04411,PROD-04780,STORE-0369,spike,54.4,2026-01-08
SIG-04412,PROD-01939,STORE-0035,seasonal,-22.2,2026-06-24
SIG-04413,PROD-01188,STORE-0473,decline,74.1,2026-02-15
SIG-04414,PROD-00033,STORE-0329,decline,-4.4,2026-06-03
SIG-04415,PROD-03189,STORE-0202,decline,25.8,2026-07-05
SIG-04416,PROD-02761,STORE-0138,decline,10.9,2026-01-25
SIG-04417,PROD-02423,STORE-0413,seasonal,-35.0,2026-08-13
SIG-04418,PROD-00379,STORE-0335,decline,9.8,2026-03-19
SIG-04419,PROD-01931,STORE-0491,seasonal,54.8,2026-03-08
SIG-04420,PROD-01492,STORE-0045,seasonal,-20.9,2026-03-25
SIG-04421,PROD-04546,STORE-0250,seasonal,33.3,2026-08-28
SIG-04422,PROD-04059,STORE-0055,seasonal,0.2,2026-04-07
SIG-04423,PROD-00609,STORE-0483,spike,30.8,2026-02-02
SIG-04424,PROD-04468,STORE-0281,spike,64.8,2026-05-08
SIG-04425,PROD-01582,STORE-0015,spike,-34.8,2026-02-05
SIG-04426,PROD-04450,STORE-0152,seasonal,22.3,2026-04-08
SIG-04427,PROD-00325,STORE-0137,decline,-15.8,2026-04-21
SIG-04428,PROD-00964,STORE-0043,seasonal,-11.4,2026-07-19
SIG-04429,PROD-02027,STORE-0374,decline,19.6,2026-06-18
SIG-04430,PROD-03059,STORE-0425,spike,37.7,2026-04-26
SIG-04431,PROD-00540,STORE-0164,spike,15.1,2026-01-01
SIG-04432,PROD-02295,STORE-0207,spike,21.2,2026-01-20
SIG-04433,PROD-03665,STORE-0479,spike,4.5,2026-06-14
SIG-04434,PROD-03284,STORE-0141,decline,60.4,2026-05-22
SIG-04435,PROD-00663,STORE-0378,seasonal,4.3,2026-06-18
SIG-04436,PROD-00910,STORE-0133,decline,67.8,2026-04-14
SIG-04437,PROD-00620,STORE-0204,spike,-8.0,2026-01-26
SIG-04438,PROD-02748,STORE-0383,decline,-1.8,2026-03-18
SIG-04439,PROD-01521,STORE-0396,spike,-6.3,2026-03-13
SIG-04440,PROD-04580,STORE-0360,spike,55.4,2026-04-06
SIG-04441,PROD-04653,STORE-0153,decline,14.3,2026-05-06
SIG-04442,PROD-02071,STORE-0307,seasonal,-31.6,2026-03-14
SIG-04443,PROD-02479,STORE-0272,decline,-36.0,2026-02-26
SIG-04444,PROD-02583,STORE-0444,decline,41.9,2026-01-22
SIG-04445,PROD-03478,STORE-0135,seasonal,-32.6,2026-06-12
SIG-04446,PROD-04804,STORE-0036,seasonal,-39.0,2026-05-04
SIG-04447,PROD-00892,STORE-0073,spike,-17.7,2026-04-15
SIG-04448,PROD-01844,STORE-0088,spike,20.3,2026-07-11
SIG-04449,PROD-00501,STORE-0289,seasonal,36.4,2026-03-18
SIG-04450,PROD-01205,STORE-0291,decline,11.0,2026-07-19
SIG-04451,PROD-04049,STORE-0398,spike,-22.4,2026-01-21
SIG-04452,PROD-01356,STORE-0308,decline,48.0,2026-02-28
SIG-04453,PROD-02150,STORE-0081,decline,-18.6,2026-08-18
SIG-04454,PROD-04276,STORE-0366,decline,58.3,2026-02-07
SIG-04455,PROD-04110,STORE-0005,seasonal,-11.6,2026-02-25
SIG-04456,PROD-03038,STORE-0166,decline,-16.2,2026-08-10
SIG-04457,PROD-04429,STORE-0492,spike,61.8,2026-06-03
SIG-04458,PROD-02230,STORE-0468,decline,-33.1,2026-03-10
SIG-04459,PROD-04192,STORE-0164,seasonal,44.7,2026-04-25
SIG-04460,PROD-00889,STORE-0313,spike,48.5,2026-05-08
SIG-04461,PROD-01836,STORE-0291,seasonal,35.9,2026-03-06
SIG-04462,PROD-02368,STORE-0493,decline,41.7,2026-07-18
SIG-04463,PROD-03780,STORE-0087,spike,-0.5,2026-02-05
SIG-04464,PROD-02312,STORE-0499,decline,20.2,2026-01-23
SIG-04465,PROD-04793,STORE-0160,seasonal,27.0,2026-03-16
SIG-04466,PROD-02245,STORE-0174,decline,-10.3,2026-04-06
SIG-04467,PROD-00146,STORE-0070,spike,25.8,2026-05-02
SIG-04468,PROD-03154,STORE-0099,decline,72.2,2026-06-10
SIG-04469,PROD-02444,STORE-0346,seasonal,64.3,2026-02-10
SIG-04470,PROD-00661,STORE-0477,decline,57.9,2026-07-10
SIG-04471,PROD-02212,STORE-0218,seasonal,57.5,2026-01-24
SIG-04472,PROD-03685,STORE-0226,decline,-33.1,2026-03-28
SIG-04473,PROD-01572,STORE-0353,decline,58.0,2026-05-04
SIG-04474,PROD-00808,STORE-0011,spike,60.1,2026-02-21
SIG-04475,PROD-00460,STORE-0429,seasonal,11.4,2026-07-04
SIG-04476,PROD-01604,STORE-0060,spike,67.4,2026-05-15
SIG-04477,PROD-01736,STORE-0420,seasonal,76.6,2026-01-11
SIG-04478,PROD-00682,STORE-0208,spike,78.8,2026-03-21
SIG-04479,PROD-02247,STORE-0483,seasonal,18.6,2026-01-25
SIG-04480,PROD-04635,STORE-0381,decline,48.5,2026-05-19
SIG-04481,PROD-04924,STORE-0389,spike,-39.0,2026-03-20
SIG-04482,PROD-04644,STORE-0215,decline,22.8,2026-01-11
SIG-04483,PROD-03612,STORE-0451,spike,-5.2,2026-02-27
SIG-04484,PROD-02272,STORE-0053,seasonal,1.6,2026-02-09
SIG-04485,PROD-02821,STORE-0253,spike,-14.7,2026-03-20
SIG-04486,PROD-04611,STORE-0396,decline,26.2,2026-03-09
SIG-04487,PROD-00959,STORE-0406,decline,-1.7,2026-07-13
SIG-04488,PROD-03168,STORE-0083,spike,31.8,2026-07-05
SIG-04489,PROD-03774,STORE-0087,decline,7.2,2026-07-28
SIG-04490,PROD-01423,STORE-0384,spike,27.2,2026-04-04
SIG-04491,PROD-04972,STORE-0135,decline,13.5,2026-05-10
SIG-04492,PROD-04430,STORE-0469,seasonal,59.0,2026-03-03
SIG-04493,PROD-02598,STORE-0471,seasonal,22.5,2026-04-14
SIG-04494,PROD-00973,STORE-0178,spike,34.8,2026-03-07
SIG-04495,PROD-00198,STORE-0199,spike,75.5,2026-03-05
SIG-04496,PROD-01400,STORE-0043,spike,-19.0,2026-01-26
SIG-04497,PROD-00263,STORE-0050,seasonal,59.3,2026-06-18
SIG-04498,PROD-00763,STORE-0013,spike,-3.4,2026-07-20
SIG-04499,PROD-01565,STORE-0018,seasonal,69.2,2026-04-13
SIG-04500,PROD-02680,STORE-0426,seasonal,-10.0,2026-02-16
SIG-04501,PROD-00704,STORE-0489,seasonal,67.5,2026-01-28
SIG-04502,PROD-02413,STORE-0392,spike,20.5,2026-03-16
SIG-04503,PROD-03684,STORE-0111,decline,-11.2,2026-05-28
SIG-04504,PROD-00786,STORE-0470,spike,39.5,2026-04-28
SIG-04505,PROD-00615,STORE-0400,spike,-22.1,2026-06-08
SIG-04506,PROD-00632,STORE-0458,decline,-3.6,2026-05-10
SIG-04507,PROD-01248,STORE-0132,seasonal,-4.5,2026-08-09
SIG-04508,PROD-00795,STORE-0395,decline,49.6,2026-06-23
SIG-04509,PROD-04100,STORE-0440,decline,19.0,2026-06-11
SIG-04510,PROD-02194,STORE-0113,seasonal,-25.5,2026-01-06
SIG-04511,PROD-04326,STORE-0444,spike,-33.5,2026-01-10
SIG-04512,PROD-02162,STORE-0470,seasonal,56.8,2026-08-06
SIG-04513,PROD-04446,STORE-0110,seasonal,68.8,2026-03-04
SIG-04514,PROD-00842,STORE-0169,seasonal,-39.1,2026-02-22
SIG-04515,PROD-01980,STORE-0223,seasonal,17.9,2026-01-27
SIG-04516,PROD-00597,STORE-0085,decline,-6.3,2026-01-19
SIG-04517,PROD-00621,STORE-0268,spike,71.1,2026-06-18
SIG-04518,PROD-04033,STORE-0338,seasonal,-33.9,2026-06-11
SIG-04519,PROD-00997,STORE-0094,spike,-21.3,2026-02-14
SIG-04520,PROD-00961,STORE-0381,spike,-33.8,2026-03-03
SIG-04521,PROD-01380,STORE-0182,seasonal,3.6,2026-03-03
SIG-04522,PROD-00964,STORE-0331,decline,-29.8,2026-01-15
SIG-04523,PROD-01182,STORE-0101,decline,32.2,2026-02-16
SIG-04524,PROD-01985,STORE-0236,seasonal,53.4,2026-07-01
SIG-04525,PROD-04724,STORE-0201,decline,66.4,2026-02-27
SIG-04526,PROD-02325,STORE-0067,spike,-30.2,2026-01-14
SIG-04527,PROD-00710,STORE-0275,seasonal,76.2,2026-05-15
SIG-04528,PROD-02778,STORE-0089,spike,59.8,2026-02-20
SIG-04529,PROD-00954,STORE-0008,spike,63.7,2026-06-03
SIG-04530,PROD-03259,STORE-0417,seasonal,-32.2,2026-04-23
SIG-04531,PROD-00053,STORE-0284,spike,69.6,2026-05-02
SIG-04532,PROD-03687,STORE-0037,seasonal,-8.4,2026-07-18
SIG-04533,PROD-04944,STORE-0346,spike,-36.9,2026-07-02
SIG-04534,PROD-03259,STORE-0235,seasonal,-17.2,2026-02-12
SIG-04535,PROD-04417,STORE-0107,spike,36.8,2026-06-08
SIG-04536,PROD-00031,STORE-0058,spike,5.6,2026-02-24
SIG-04537,PROD-03566,STORE-0133,seasonal,-1.3,2026-04-18
SIG-04538,PROD-04596,STORE-0348,spike,78.7,2026-03-06
SIG-04539,PROD-00894,STORE-0159,decline,27.0,2026-03-23
SIG-04540,PROD-04712,STORE-0086,decline,9.2,2026-01-11
SIG-04541,PROD-04161,STORE-0313,decline,56.8,2026-03-03
SIG-04542,PROD-00001,STORE-0104,spike,47.1,2026-02-06
SIG-04543,PROD-02302,STORE-0228,seasonal,-33.6,2026-03-11
SIG-04544,PROD-04975,STORE-0248,spike,56.0,2026-05-07
SIG-04545,PROD-02205,STORE-0252,seasonal,38.1,2026-01-25
SIG-04546,PROD-01553,STORE-0007,seasonal,-19.8,2026-06-03
SIG-04547,PROD-01474,STORE-0141,seasonal,10.4,2026-04-14
SIG-04548,PROD-04870,STORE-0400,seasonal,-16.6,2026-01-08
SIG-04549,PROD-04936,STORE-0137,spike,-39.1,2026-02-01
SIG-04550,PROD-01569,STORE-0343,decline,-37.0,2026-08-02
SIG-04551,PROD-03218,STORE-0496,decline,-18.5,2026-02-19
SIG-04552,PROD-03393,STORE-0145,decline,46.4,2026-02-11
SIG-04553,PROD-02090,STORE-0285,seasonal,-25.1,2026-03-19
SIG-04554,PROD-04209,STORE-0248,decline,-23.4,2026-02-12
SIG-04555,PROD-02452,STORE-0436,decline,26.7,2026-03-22
SIG-04556,PROD-02944,STORE-0095,spike,34.6,2026-05-12
SIG-04557,PROD-03388,STORE-0152,decline,-6.8,2026-02-12
SIG-04558,PROD-03320,STORE-0207,seasonal,69.0,2026-03-12
SIG-04559,PROD-03110,STORE-0269,spike,-13.1,2026-08-10
SIG-04560,PROD-03933,STORE-0365,seasonal,55.5,2026-03-17
SIG-04561,PROD-01783,STORE-0057,spike,-14.4,2026-03-13
SIG-04562,PROD-00968,STORE-0027,spike,30.1,2026-03-08
SIG-04563,PROD-04617,STORE-0324,spike,33.1,2026-07-02
SIG-04564,PROD-02897,STORE-0187,seasonal,-7.4,2026-07-24
SIG-04565,PROD-01042,STORE-0478,spike,67.0,2026-01-11
SIG-04566,PROD-03457,STORE-0287,seasonal,-17.7,2026-07-28
SIG-04567,PROD-04753,STORE-0174,decline,6.5,2026-05-28
SIG-04568,PROD-04005,STORE-0498,decline,12.5,2026-08-21
SIG-04569,PROD-00030,STORE-0351,seasonal,-31.6,2026-06-07
SIG-04570,PROD-03281,STORE-0425,seasonal,63.3,2026-02-01
SIG-04571,PROD-04236,STORE-0392,spike,50.0,2026-02-11
SIG-04572,PROD-03056,STORE-0121,decline,9.7,2026-04-28
SIG-04573,PROD-00247,STORE-0240,decline,-12.1,2026-02-24
SIG-04574,PROD-03942,STORE-0197,seasonal,73.3,2026-04-08
SIG-04575,PROD-04132,STORE-0037,spike,49.6,2026-08-24
SIG-04576,PROD-03995,STORE-0141,seasonal,66.7,2026-08-24
SIG-04577,PROD-03850,STORE-0405,spike,7.9,2026-01-11
SIG-04578,PROD-04374,STORE-0378,seasonal,-28.5,2026-02-11
SIG-04579,PROD-01027,STORE-0022,spike,21.2,2026-03-15
SIG-04580,PROD-04719,STORE-0234,seasonal,-12.3,2026-08-14
SIG-04581,PROD-00741,STORE-0231,spike,17.3,2026-01-18
SIG-04582,PROD-01352,STORE-0175,spike,3.5,2026-05-01
SIG-04583,PROD-03534,STORE-0468,spike,-2.9,2026-04-14
SIG-04584,PROD-00923,STORE-0217,spike,2.4,2026-07-06
SIG-04585,PROD-04012,STORE-0280,seasonal,-26.4,2026-01-19
SIG-04586,PROD-03452,STORE-0108,seasonal,13.8,2026-02-02
SIG-04587,PROD-02644,STORE-0004,spike,63.5,2026-06-06
SIG-04588,PROD-00362,STORE-0486,decline,40.8,2026-05-12
SIG-04589,PROD-04580,STORE-0385,seasonal,-11.5,2026-03-04
SIG-04590,PROD-01980,STORE-0496,seasonal,53.8,2026-01-09
SIG-04591,PROD-03232,STORE-0009,spike,12.6,2026-02-07
SIG-04592,PROD-01008,STORE-0007,seasonal,24.1,2026-07-05
SIG-04593,PROD-03424,STORE-0160,decline,-1.8,2026-05-01
SIG-04594,PROD-04425,STORE-0135,seasonal,-14.2,2026-05-07
SIG-04595,PROD-03679,STORE-0190,decline,5.5,2026-01-16
SIG-04596,PROD-00045,STORE-0117,decline,17.4,2026-03-25
SIG-04597,PROD-02722,STORE-0446,seasonal,47.9,2026-04-02
SIG-04598,PROD-00329,STORE-0332,decline,69.7,2026-06-19
SIG-04599,PROD-00674,STORE-0218,seasonal,21.7,2026-04-13
SIG-04600,PROD-01061,STORE-0407,decline,24.6,2026-04-01
SIG-04601,PROD-01836,STORE-0275,decline,2.6,2026-05-10
SIG-04602,PROD-00180,STORE-0072,seasonal,31.6,2026-08-08
SIG-04603,PROD-02917,STORE-0254,decline,45.7,2026-08-09
SIG-04604,PROD-02353,STORE-0317,seasonal,32.0,2026-03-05
SIG-04605,PROD-00845,STORE-0149,seasonal,0.0,2026-08-01
SIG-04606,PROD-00047,STORE-0362,spike,-1.3,2026-01-16
SIG-04607,PROD-02442,STORE-0406,spike,-34.9,2026-01-06
SIG-04608,PROD-04781,STORE-0132,seasonal,77.6,2026-07-20
SIG-04609,PROD-01362,STORE-0046,spike,52.2,2026-06-27
SIG-04610,PROD-01992,STORE-0392,decline,-8.7,2026-08-28
SIG-04611,PROD-03272,STORE-0491,seasonal,30.1,2026-02-26
SIG-04612,PROD-01662,STORE-0434,decline,-5.2,2026-03-13
SIG-04613,PROD-00036,STORE-0385,seasonal,-5.4,2026-06-10
SIG-04614,PROD-01970,STORE-0224,spike,71.7,2026-03-14
SIG-04615,PROD-01871,STORE-0491,decline,20.4,2026-03-07
SIG-04616,PROD-01731,STORE-0071,decline,43.9,2026-08-26
SIG-04617,PROD-04541,STORE-0009,spike,42.0,2026-06-01
SIG-04618,PROD-01614,STORE-0122,seasonal,27.9,2026-06-08
SIG-04619,PROD-03561,STORE-0351,spike,-28.2,2026-03-20
SIG-04620,PROD-00573,STORE-0013,seasonal,-2.0,2026-03-20
SIG-04621,PROD-02095,STORE-0027,spike,65.7,2026-06-21
SIG-04622,PROD-01617,STORE-0025,seasonal,-31.3,2026-01-25
SIG-04623,PROD-04091,STORE-0013,spike,-38.7,2026-01-03
SIG-04624,PROD-02310,STORE-0157,spike,55.0,2026-05-10
SIG-04625,PROD-04124,STORE-0355,decline,-2.7,2026-03-10
SIG-04626,PROD-01373,STORE-0414,seasonal,52.9,2026-02-28
SIG-04627,PROD-04919,STORE-0422,seasonal,-6.5,2026-04-21
SIG-04628,PROD-02480,STORE-0318,spike,60.1,2026-08-16
SIG-04629,PROD-01704,STORE-0471,seasonal,10.0,2026-01-18
SIG-04630,PROD-01767,STORE-0013,decline,77.4,2026-04-25
SIG-04631,PROD-04391,STORE-0001,seasonal,31.6,2026-06-22
SIG-04632,PROD-02483,STORE-0375,spike,-11.4,2026-05-06
SIG-04633,PROD-02321,STORE-0126,decline,-32.8,2026-05-05
SIG-04634,PROD-03855,STORE-0089,decline,24.1,2026-08-13
SIG-04635,PROD-01317,STORE-0265,spike,-20.7,2026-03-15
SIG-04636,PROD-03075,STORE-0218,spike,-6.8,2026-01-08
SIG-04637,PROD-00434,STORE-0462,seasonal,25.0,2026-04-04
SIG-04638,PROD-02727,STORE-0093,decline,-4.6,2026-06-26
SIG-04639,PROD-01307,STORE-0229,spike,70.0,2026-02-04
SIG-04640,PROD-04332,STORE-0054,seasonal,78.8,2026-08-19
SIG-04641,PROD-03278,STORE-0500,spike,29.3,2026-02-17
SIG-04642,PROD-02592,STORE-0500,seasonal,18.5,2026-03-11
SIG-04643,PROD-01091,STORE-0397,spike,-17.8,2026-06-26
SIG-04644,PROD-03485,STORE-0281,decline,22.5,2026-08-25
SIG-04645,PROD-00344,STORE-0466,spike,33.8,2026-03-28
SIG-04646,PROD-03488,STORE-0121,decline,8.9,2026-01-05
SIG-04647,PROD-02633,STORE-0064,spike,21.0,2026-02-21
SIG-04648,PROD-04246,STORE-0048,spike,49.2,2026-01-01
SIG-04649,PROD-03143,STORE-0035,seasonal,-3.4,2026-08-01
SIG-04650,PROD-03152,STORE-0160,spike,64.8,2026-07-20
SIG-04651,PROD-01271,STORE-0071,seasonal,47.3,2026-08-07
SIG-04652,PROD-04906,STORE-0068,seasonal,49.2,2026-03-04
SIG-04653,PROD-04049,STORE-0401,spike,-20.5,2026-06-08
SIG-04654,PROD-01661,STORE-0476,spike,-19.0,2026-03-22
SIG-04655,PROD-02214,STORE-0234,spike,48.4,2026-02-14
SIG-04656,PROD-04379,STORE-0062,seasonal,65.8,2026-04-28
SIG-04657,PROD-02091,STORE-0350,spike,17.2,2026-02-22
SIG-04658,PROD-02385,STORE-0105,spike,26.8,2026-04-07
SIG-04659,PROD-02186,STORE-0069,seasonal,69.2,2026-07-13
SIG-04660,PROD-01559,STORE-0070,decline,7.3,2026-02-02
SIG-04661,PROD-00268,STORE-0435,seasonal,-25.6,2026-08-05
SIG-04662,PROD-03890,STORE-0321,decline,-39.4,2026-06-18
SIG-04663,PROD-03072,STORE-0056,spike,-13.5,2026-04-17
SIG-04664,PROD-02761,STORE-0464,decline,39.9,2026-07-19
SIG-04665,PROD-03725,STORE-0226,seasonal,67.0,2026-07-11
SIG-04666,PROD-04470,STORE-0127,decline,20.7,2026-04-22
SIG-04667,PROD-00309,STORE-0475,seasonal,79.1,2026-04-15
SIG-04668,PROD-03259,STORE-0010,spike,68.2,2026-03-23
SIG-04669,PROD-02160,STORE-0148,decline,50.4,2026-05-19
SIG-04670,PROD-01508,STORE-0264,decline,-32.4,2026-04-06
SIG-04671,PROD-03854,STORE-0083,spike,-1.1,2026-04-20
SIG-04672,PROD-02250,STORE-0184,spike,-38.9,2026-03-23
SIG-04673,PROD-01639,STORE-0211,decline,-32.6,2026-06-08
SIG-04674,PROD-04674,STORE-0136,decline,-34.5,2026-08-20
SIG-04675,PROD-03555,STORE-0123,decline,19.8,2026-08-06
SIG-04676,PROD-02442,STORE-0312,seasonal,-16.6,2026-06-22
SIG-04677,PROD-01245,STORE-0031,seasonal,-31.5,2026-02-21
SIG-04678,PROD-01790,STORE-0012,seasonal,-32.4,2026-05-25
SIG-04679,PROD-04667,STORE-0082,decline,68.9,2026-06-23
SIG-04680,PROD-01020,STORE-0272,seasonal,23.3,2026-08-13
SIG-04681,PROD-02502,STORE-0281,decline,-31.6,2026-06-11
SIG-04682,PROD-00868,STORE-0067,spike,19.5,2026-06-13
SIG-04683,PROD-00851,STORE-0486,spike,18.9,2026-08-18
SIG-04684,PROD-02907,STORE-0308,spike,59.4,2026-05-06
SIG-04685,PROD-02516,STORE-0209,decline,-19.2,2026-08-10
SIG-04686,PROD-03851,STORE-0298,spike,62.2,2026-01-05
SIG-04687,PROD-03381,STORE-0271,spike,-19.1,2026-08-11
SIG-04688,PROD-01946,STORE-0230,spike,-23.2,2026-04-04
SIG-04689,PROD-02418,STORE-0290,decline,-24.4,2026-05-14
SIG-04690,PROD-00902,STORE-0497,seasonal,41.8,2026-02-25
SIG-04691,PROD-03131,STORE-0017,seasonal,-12.3,2026-03-23
SIG-04692,PROD-04864,STORE-0414,seasonal,16.9,2026-04-11
SIG-04693,PROD-04406,STORE-0261,seasonal,21.6,2026-03-16
SIG-04694,PROD-02709,STORE-0263,seasonal,70.8,2026-04-10
SIG-04695,PROD-00353,STORE-0043,spike,58.8,2026-02-09
SIG-04696,PROD-00546,STORE-0499,decline,-9.4,2026-04-09
SIG-04697,PROD-00876,STORE-0322,seasonal,26.4,2026-04-07
SIG-04698,PROD-04096,STORE-0469,seasonal,-12.0,2026-01-25
SIG-04699,PROD-04618,STORE-0180,seasonal,7.4,2026-05-10
SIG-04700,PROD-03612,STORE-0255,spike,-7.8,2026-02-21
SIG-04701,PROD-03219,STORE-0135,seasonal,12.4,2026-03-26
SIG-04702,PROD-01877,STORE-0321,decline,26.3,2026-03-17
SIG-04703,PROD-02186,STORE-0045,decline,53.1,2026-01-07
SIG-04704,PROD-04787,STORE-0278,spike,26.2,2026-07-28
SIG-04705,PROD-02379,STORE-0240,seasonal,-31.3,2026-04-05
SIG-04706,PROD-00451,STORE-0102,decline,-39.3,2026-08-12
SIG-04707,PROD-04335,STORE-0414,seasonal,49.0,2026-08-04
SIG-04708,PROD-03580,STORE-0475,decline,34.7,2026-04-10
SIG-04709,PROD-00545,STORE-0023,spike,-18.6,2026-07-10
SIG-04710,PROD-01633,STORE-0111,seasonal,30.1,2026-06-22
SIG-04711,PROD-02933,STORE-0491,decline,-39.7,2026-02-17
SIG-04712,PROD-01344,STORE-0064,seasonal,-37.7,2026-08-28
SIG-04713,PROD-02316,STORE-0227,seasonal,60.4,2026-04-26
SIG-04714,PROD-03067,STORE-0363,decline,19.4,2026-03-07
SIG-04715,PROD-02430,STORE-0458,spike,20.3,2026-08-24
SIG-04716,PROD-03646,STORE-0437,decline,26.9,2026-02-18
SIG-04717,PROD-01205,STORE-0413,decline,12.4,2026-03-12
SIG-04718,PROD-00191,STORE-0379,spike,30.7,2026-07-11
SIG-04719,PROD-01182,STORE-0166,seasonal,-6.4,2026-03-15
SIG-04720,PROD-03496,STORE-0491,seasonal,77.3,2026-02-14
SIG-04721,PROD-01857,STORE-0364,spike,77.6,2026-04-01
SIG-04722,PROD-03686,STORE-0006,decline,-8.5,2026-07-08
SIG-04723,PROD-00867,STORE-0295,spike,19.2,2026-08-14
SIG-04724,PROD-01077,STORE-0106,decline,-33.8,2026-06-21
SIG-04725,PROD-00159,STORE-0293,spike,60.6,2026-06-04
SIG-04726,PROD-03055,STORE-0090,decline,77.4,2026-05-10
SIG-04727,PROD-01914,STORE-0138,seasonal,29.3,2026-04-01
SIG-04728,PROD-01819,STORE-0407,decline,38.0,2026-08-10
SIG-04729,PROD-02980,STORE-0273,seasonal,17.8,2026-07-20
SIG-04730,PROD-00431,STORE-0016,decline,52.7,2026-02-07
SIG-04731,PROD-04702,STORE-0434,seasonal,38.1,2026-08-11
SIG-04732,PROD-01465,STORE-0018,spike,-13.1,2026-05-18
SIG-04733,PROD-04804,STORE-0305,seasonal,25.3,2026-05-19
SIG-04734,PROD-00084,STORE-0460,spike,16.1,2026-04-12
SIG-04735,PROD-01262,STORE-0154,spike,-1.6,2026-02-22
SIG-04736,PROD-00929,STORE-0037,decline,78.4,2026-08-13
SIG-04737,PROD-04475,STORE-0260,spike,-5.3,2026-05-04
SIG-04738,PROD-02233,STORE-0390,seasonal,-17.0,2026-08-24
SIG-04739,PROD-00242,STORE-0187,decline,20.5,2026-08-20
SIG-04740,PROD-04833,STORE-0059,spike,3.3,2026-03-22
SIG-04741,PROD-00909,STORE-0496,spike,-7.0,2026-05-04
SIG-04742,PROD-02682,STORE-0075,spike,18.9,2026-04-02
SIG-04743,PROD-02613,STORE-0437,spike,40.7,2026-06-14
SIG-04744,PROD-00825,STORE-0136,spike,1.0,2026-07-23
SIG-04745,PROD-02309,STORE-0021,decline,-34.3,2026-04-22
SIG-04746,PROD-01531,STORE-0159,decline,54.2,2026-06-08
SIG-04747,PROD-02311,STORE-0227,seasonal,51.0,2026-05-05
SIG-04748,PROD-00627,STORE-0442,spike,45.2,2026-05-23
SIG-04749,PROD-01839,STORE-0488,decline,68.8,2026-02-16
SIG-04750,PROD-00438,STORE-0121,seasonal,-32.0,2026-05-21
SIG-04751,PROD-04294,STORE-0261,seasonal,38.7,2026-04-01
SIG-04752,PROD-00946,STORE-0374,decline,53.0,2026-08-07
SIG-04753,PROD-04631,STORE-0137,spike,48.8,2026-01-09
SIG-04754,PROD-03210,STORE-0260,decline,30.5,2026-03-06
SIG-04755,PROD-00279,STORE-0201,decline,-3.7,2026-01-07
SIG-04756,PROD-03065,STORE-0014,seasonal,-15.9,2026-01-09
SIG-04757,PROD-01691,STORE-0500,spike,13.7,2026-02-16
SIG-04758,PROD-00917,STORE-0446,decline,72.4,2026-04-05
SIG-04759,PROD-03085,STORE-0495,spike,52.9,2026-08-16
SIG-04760,PROD-02598,STORE-0019,decline,-35.5,2026-08-22
SIG-04761,PROD-02769,STORE-0450,spike,28.3,2026-06-10
SIG-04762,PROD-01393,STORE-0100,spike,68.1,2026-08-27
SIG-04763,PROD-00531,STORE-0305,decline,-37.8,2026-06-16
SIG-04764,PROD-04380,STORE-0134,decline,31.4,2026-07-07
SIG-04765,PROD-00735,STORE-0232,seasonal,23.6,2026-01-18
SIG-04766,PROD-00891,STORE-0144,spike,-11.8,2026-04-05
SIG-04767,PROD-04016,STORE-0494,seasonal,67.9,2026-03-02
SIG-04768,PROD-00354,STORE-0107,spike,55.5,2026-08-21
SIG-04769,PROD-00515,STORE-0379,decline,30.6,2026-02-03
SIG-04770,PROD-04230,STORE-0182,spike,-12.5,2026-08-10
SIG-04771,PROD-03376,STORE-0414,decline,51.7,2026-08-17
SIG-04772,PROD-01574,STORE-0381,decline,-29.2,2026-03-23
SIG-04773,PROD-03382,STORE-0332,decline,79.1,2026-02-09
SIG-04774,PROD-00151,STORE-0487,seasonal,58.6,2026-07-06
SIG-04775,PROD-01704,STORE-0362,decline,79.2,2026-06-03
SIG-04776,PROD-00298,STORE-0144,seasonal,77.1,2026-06-02
SIG-04777,PROD-03184,STORE-0299,decline,-16.7,2026-08-08
SIG-04778,PROD-01225,STORE-0175,spike,-2.7,2026-03-10
SIG-04779,PROD-01873,STORE-0207,decline,-26.4,2026-08-16
SIG-04780,PROD-02081,STORE-0078,decline,-6.7,2026-02-13
SIG-04781,PROD-01708,STORE-0461,decline,-18.9,2026-06-05
SIG-04782,PROD-01977,STORE-0031,spike,-2.8,2026-03-01
SIG-04783,PROD-04020,STORE-0344,decline,40.8,2026-08-02
SIG-04784,PROD-02251,STORE-0288,seasonal,45.5,2026-05-08
SIG-04785,PROD-03726,STORE-0431,spike,-3.8,2026-03-07
SIG-04786,PROD-00718,STORE-0400,decline,-37.6,2026-05-17
SIG-04787,PROD-03252,STORE-0322,decline,44.4,2026-04-13
SIG-04788,PROD-00652,STORE-0207,seasonal,60.9,2026-05-13
SIG-04789,PROD-03459,STORE-0105,spike,51.6,2026-01-28
SIG-04790,PROD-03790,STORE-0203,seasonal,27.8,2026-01-28
SIG-04791,PROD-01907,STORE-0110,seasonal,42.8,2026-04-28
SIG-04792,PROD-00524,STORE-0361,seasonal,75.8,2026-08-04
SIG-04793,PROD-03601,STORE-0212,spike,67.8,2026-04-05
SIG-04794,PROD-03635,STORE-0139,seasonal,-21.6,2026-05-22
SIG-04795,PROD-00285,STORE-0490,decline,62.5,2026-08-04
SIG-04796,PROD-03659,STORE-0058,seasonal,-27.0,2026-07-13
SIG-04797,PROD-04731,STORE-0267,seasonal,16.9,2026-06-20
SIG-04798,PROD-00709,STORE-0359,seasonal,46.6,2026-08-06
SIG-04799,PROD-02823,STORE-0024,seasonal,19.7,2026-06-22
SIG-04800,PROD-02377,STORE-0447,seasonal,14.0,2026-03-26
SIG-04801,PROD-01912,STORE-0229,seasonal,-2.1,2026-06-05
SIG-04802,PROD-03003,STORE-0144,spike,63.8,2026-05-19
SIG-04803,PROD-04180,STORE-0373,spike,-29.1,2026-03-14
SIG-04804,PROD-03993,STORE-0297,decline,43.4,2026-01-24
SIG-04805,PROD-00052,STORE-0085,seasonal,47.8,2026-08-04
SIG-04806,PROD-01305,STORE-0482,spike,36.4,2026-01-18
SIG-04807,PROD-03348,STORE-0129,seasonal,78.0,2026-06-27
SIG-04808,PROD-00191,STORE-0356,decline,43.5,2026-05-08
SIG-04809,PROD-00387,STORE-0458,spike,-21.1,2026-06-03
SIG-04810,PROD-01807,STORE-0090,seasonal,37.9,2026-05-11
SIG-04811,PROD-00247,STORE-0477,spike,53.0,2026-07-22
SIG-04812,PROD-02809,STORE-0003,decline,-1.9,2026-03-08
SIG-04813,PROD-03343,STORE-0230,seasonal,55.9,2026-04-02
SIG-04814,PROD-02660,STORE-0281,decline,-16.6,2026-05-03
SIG-04815,PROD-02804,STORE-0375,spike,35.5,2026-02-02
SIG-04816,PROD-04940,STORE-0498,decline,0.8,2026-05-01
SIG-04817,PROD-00025,STORE-0493,seasonal,-11.2,2026-07-28
SIG-04818,PROD-03041,STORE-0060,spike,-2.2,2026-05-25
SIG-04819,PROD-02395,STORE-0294,decline,45.4,2026-02-14
SIG-04820,PROD-01868,STORE-0304,decline,62.2,2026-05-01
SIG-04821,PROD-02123,STORE-0282,spike,-19.1,2026-07-16
SIG-04822,PROD-01914,STORE-0235,spike,52.7,2026-05-18
SIG-04823,PROD-03542,STORE-0051,spike,30.3,2026-08-08
SIG-04824,PROD-04416,STORE-0447,spike,33.5,2026-05-09
SIG-04825,PROD-04808,STORE-0353,decline,14.3,2026-01-17
SIG-04826,PROD-01572,STORE-0353,decline,-0.3,2026-05-14
SIG-04827,PROD-03554,STORE-0051,seasonal,-33.9,2026-07-25
SIG-04828,PROD-02428,STORE-0193,decline,-24.4,2026-01-22
SIG-04829,PROD-03550,STORE-0464,spike,29.1,2026-08-24
SIG-04830,PROD-01377,STORE-0103,decline,-1.1,2026-05-07
SIG-04831,PROD-00203,STORE-0249,decline,20.1,2026-02-24
SIG-04832,PROD-00210,STORE-0054,decline,70.1,2026-02-16
SIG-04833,PROD-03830,STORE-0480,spike,5.3,2026-08-15
SIG-04834,PROD-00848,STORE-0263,seasonal,11.8,2026-04-03
SIG-04835,PROD-01142,STORE-0044,spike,35.5,2026-01-20
SIG-04836,PROD-04027,STORE-0246,seasonal,49.7,2026-04-21
SIG-04837,PROD-01368,STORE-0421,seasonal,69.8,2026-05-15
SIG-04838,PROD-02315,STORE-0251,seasonal,-5.1,2026-04-01
SIG-04839,PROD-01473,STORE-0222,seasonal,11.5,2026-07-25
SIG-04840,PROD-01873,STORE-0354,seasonal,76.4,2026-04-18
SIG-04841,PROD-04755,STORE-0229,seasonal,14.7,2026-05-01
SIG-04842,PROD-02404,STORE-0036,seasonal,14.8,2026-02-27
SIG-04843,PROD-03334,STORE-0493,spike,0.5,2026-05-05
SIG-04844,PROD-04615,STORE-0441,decline,55.8,2026-02-03
SIG-04845,PROD-02962,STORE-0126,seasonal,40.6,2026-01-21
SIG-04846,PROD-00995,STORE-0091,spike,15.5,2026-04-28
SIG-04847,PROD-02665,STORE-0198,decline,57.4,2026-07-26
SIG-04848,PROD-03390,STORE-0204,seasonal,-1.9,2026-08-10
SIG-04849,PROD-02143,STORE-0427,spike,-17.7,2026-07-18
SIG-04850,PROD-04692,STORE-0155,decline,-5.0,2026-01-25
SIG-04851,PROD-04390,STORE-0175,decline,14.6,2026-08-09
SIG-04852,PROD-00256,STORE-0036,decline,66.3,2026-06-25
SIG-04853,PROD-03059,STORE-0465,spike,-1.7,2026-02-20
SIG-04854,PROD-02742,STORE-0284,decline,66.1,2026-04-19
SIG-04855,PROD-04481,STORE-0070,decline,-1.1,2026-07-19
SIG-04856,PROD-04017,STORE-0251,spike,-14.7,2026-08-09
SIG-04857,PROD-03407,STORE-0134,seasonal,49.9,2026-01-25
SIG-04858,PROD-02743,STORE-0315,spike,77.8,2026-07-07
SIG-04859,PROD-02877,STORE-0440,decline,-11.8,2026-03-11
SIG-04860,PROD-00620,STORE-0369,seasonal,1.8,2026-02-27
SIG-04861,PROD-01425,STORE-0276,decline,54.7,2026-05-02
SIG-04862,PROD-00130,STORE-0061,decline,-39.6,2026-01-07
SIG-04863,PROD-00522,STORE-0370,spike,42.2,2026-07-10
SIG-04864,PROD-00896,STORE-0187,spike,-38.6,2026-06-21
SIG-04865,PROD-01794,STORE-0358,spike,61.2,2026-05-01
SIG-04866,PROD-01303,STORE-0338,seasonal,-5.2,2026-07-02
SIG-04867,PROD-00635,STORE-0338,spike,26.1,2026-04-03
SIG-04868,PROD-04708,STORE-0270,seasonal,27.8,2026-03-11
SIG-04869,PROD-00246,STORE-0249,seasonal,51.3,2026-02-04
SIG-04870,PROD-01859,STORE-0411,seasonal,25.4,2026-02-14
SIG-04871,PROD-02556,STORE-0169,seasonal,3.3,2026-07-14
SIG-04872,PROD-01807,STORE-0420,spike,16.7,2026-04-02
SIG-04873,PROD-04801,STORE-0335,decline,1.7,2026-07-28
SIG-04874,PROD-03754,STORE-0464,spike,44.5,2026-06-27
SIG-04875,PROD-00847,STORE-0058,seasonal,-2.8,2026-06-09
SIG-04876,PROD-02774,STORE-0361,seasonal,14.1,2026-05-21
SIG-04877,PROD-00735,STORE-0004,spike,12.1,2026-05-21
SIG-04878,PROD-04798,STORE-0089,seasonal,35.5,2026-03-13
SIG-04879,PROD-02305,STORE-0282,decline,42.2,2026-04-18
SIG-04880,PROD-02635,STORE-0049,seasonal,-24.7,2026-03-03
SIG-04881,PROD-02155,STORE-0183,spike,24.3,2026-05-11
SIG-04882,PROD-04328,STORE-0125,decline,39.6,2026-08-15
SIG-04883,PROD-01650,STORE-0476,spike,54.3,2026-08-19
SIG-04884,PROD-00625,STORE-0265,seasonal,56.7,2026-05-19
SIG-04885,PROD-04172,STORE-0423,decline,76.5,2026-06-06
SIG-04886,PROD-02601,STORE-0333,spike,52.9,2026-03-04
SIG-04887,PROD-04789,STORE-0285,decline,60.3,2026-08-22
SIG-04888,PROD-01726,STORE-0288,seasonal,5.4,2026-04-08
SIG-04889,PROD-02443,STORE-0091,seasonal,-7.6,2026-05-16
SIG-04890,PROD-01224,STORE-0202,seasonal,45.1,2026-05-21
SIG-04891,PROD-00815,STORE-0157,decline,42.1,2026-01-15
SIG-04892,PROD-03320,STORE-0082,seasonal,-18.4,2026-08-11
SIG-04893,PROD-02279,STORE-0367,spike,76.7,2026-07-18
SIG-04894,PROD-04420,STORE-0278,decline,22.7,2026-06-25
SIG-04895,PROD-04940,STORE-0009,decline,-0.9,2026-06-03
SIG-04896,PROD-03887,STORE-0334,decline,3.0,2026-03-14
SIG-04897,PROD-01445,STORE-0009,decline,73.1,2026-07-02
SIG-04898,PROD-04143,STORE-0290,decline,25.5,2026-04-19
SIG-04899,PROD-04016,STORE-0019,decline,27.8,2026-02-06
SIG-04900,PROD-01818,STORE-0393,seasonal,60.3,2026-08-22
SIG-04901,PROD-04899,STORE-0281,seasonal,48.3,2026-02-06
SIG-04902,PROD-02031,STORE-0004,decline,-23.3,2026-03-17
SIG-04903,PROD-01115,STORE-0370,decline,28.7,2026-06-07
SIG-04904,PROD-00043,STORE-0206,decline,-0.4,2026-01-09
SIG-04905,PROD-04933,STORE-0340,seasonal,26.2,2026-08-06
SIG-04906,PROD-02435,STORE-0147,spike,11.9,2026-03-11
SIG-04907,PROD-01022,STORE-0090,decline,-5.2,2026-04-27
SIG-04908,PROD-00365,STORE-0354,decline,17.6,2026-07-02
SIG-04909,PROD-03121,STORE-0267,decline,-26.6,2026-03-18
SIG-04910,PROD-01081,STORE-0261,spike,-8.6,2026-03-09
SIG-04911,PROD-01543,STORE-0004,spike,-35.7,2026-05-13
SIG-04912,PROD-00174,STORE-0309,spike,-29.2,2026-04-13
SIG-04913,PROD-02464,STORE-0296,decline,-26.8,2026-06-28
SIG-04914,PROD-00533,STORE-0147,decline,39.3,2026-05-07
SIG-04915,PROD-01665,STORE-0392,decline,28.1,2026-04-27
SIG-04916,PROD-00940,STORE-0449,decline,2.3,2026-07-03
SIG-04917,PROD-00123,STORE-0307,decline,78.2,2026-07-02
SIG-04918,PROD-00172,STORE-0495,seasonal,55.2,2026-03-04
SIG-04919,PROD-01571,STORE-0250,seasonal,-12.1,2026-02-04
SIG-04920,PROD-03990,STORE-0332,decline,-17.9,2026-07-08
SIG-04921,PROD-03119,STORE-0362,spike,55.9,2026-02-16
SIG-04922,PROD-02691,STORE-0439,seasonal,31.1,2026-08-04
SIG-04923,PROD-02181,STORE-0296,spike,12.5,2026-08-24
SIG-04924,PROD-04530,STORE-0141,seasonal,49.8,2026-07-16
SIG-04925,PROD-02197,STORE-0115,decline,17.3,2026-05-07
SIG-04926,PROD-00316,STORE-0104,spike,3.8,2026-08-23
SIG-04927,PROD-04482,STORE-0123,spike,80.0,2026-08-06
SIG-04928,PROD-01306,STORE-0104,seasonal,-15.6,2026-01-20
SIG-04929,PROD-01017,STORE-0053,spike,50.8,2026-01-05
SIG-04930,PROD-01500,STORE-0482,spike,-39.2,2026-07-06
SIG-04931,PROD-00596,STORE-0336,decline,59.8,2026-05-19
SIG-04932,PROD-01044,STORE-0100,spike,22.1,2026-06-09
SIG-04933,PROD-02564,STORE-0499,decline,76.9,2026-05-07
SIG-04934,PROD-03252,STORE-0130,decline,28.6,2026-07-13
SIG-04935,PROD-03986,STORE-0462,decline,49.3,2026-03-23
SIG-04936,PROD-04874,STORE-0028,spike,33.8,2026-01-08
SIG-04937,PROD-02934,STORE-0360,seasonal,-1.6,2026-07-17
SIG-04938,PROD-00600,STORE-0442,decline,4.2,2026-02-15
SIG-04939,PROD-01127,STORE-0386,decline,48.6,2026-05-09
SIG-04940,PROD-04020,STORE-0498,seasonal,18.3,2026-08-03
SIG-04941,PROD-03988,STORE-0274,decline,-37.0,2026-05-18
SIG-04942,PROD-00398,STORE-0113,decline,55.3,2026-04-21
SIG-04943,PROD-04963,STORE-0439,decline,-25.3,2026-02-10
SIG-04944,PROD-04594,STORE-0268,seasonal,29.9,2026-05-11
SIG-04945,PROD-03349,STORE-0390,spike,14.6,2026-02-19
SIG-04946,PROD-02088,STORE-0096,decline,-7.8,2026-02-26
SIG-04947,PROD-02307,STORE-0496,spike,-28.0,2026-05-25
SIG-04948,PROD-01194,STORE-0484,spike,56.6,2026-01-09
SIG-04949,PROD-02739,STORE-0365,seasonal,11.8,2026-08-13
SIG-04950,PROD-02664,STORE-0063,seasonal,9.2,2026-05-23
SIG-04951,PROD-01682,STORE-0130,decline,39.0,2026-04-15
SIG-04952,PROD-03878,STORE-0318,decline,-23.9,2026-07-21
SIG-04953,PROD-04581,STORE-0302,spike,72.9,2026-07-07
SIG-04954,PROD-02846,STORE-0487,spike,-11.7,2026-06-07
SIG-04955,PROD-03031,STORE-0395,seasonal,30.1,2026-04-13
SIG-04956,PROD-02959,STORE-0278,spike,37.2,2026-01-01
SIG-04957,PROD-01721,STORE-0470,seasonal,32.7,2026-03-08
SIG-04958,PROD-03628,STORE-0245,decline,-32.2,2026-05-01
SIG-04959,PROD-03959,STORE-0133,seasonal,51.6,2026-05-17
SIG-04960,PROD-02800,STORE-0440,spike,25.4,2026-02-24
SIG-04961,PROD-04032,STORE-0345,decline,-11.7,2026-02-26
SIG-04962,PROD-04417,STORE-0030,seasonal,57.6,2026-07-24
SIG-04963,PROD-04924,STORE-0243,seasonal,72.9,2026-08-07
SIG-04964,PROD-04671,STORE-0003,spike,40.8,2026-03-04
SIG-04965,PROD-03102,STORE-0008,decline,15.7,2026-02-28
SIG-04966,PROD-02255,STORE-0260,seasonal,-34.6,2026-05-03
SIG-04967,PROD-02143,STORE-0488,spike,55.1,2026-06-02
SIG-04968,PROD-00780,STORE-0475,seasonal,39.0,2026-02-23
SIG-04969,PROD-02283,STORE-0233,spike,31.5,2026-06-25
SIG-04970,PROD-00924,STORE-0447,seasonal,5.4,2026-05-07
SIG-04971,PROD-01039,STORE-0413,seasonal,79.4,2026-03-06
SIG-04972,PROD-03040,STORE-0145,decline,-3.0,2026-05-01
SIG-04973,PROD-04621,STORE-0222,seasonal,6.1,2026-01-28
SIG-04974,PROD-01690,STORE-0092,spike,31.2,2026-07-28
SIG-04975,PROD-02482,STORE-0027,spike,-31.2,2026-02-17
SIG-04976,PROD-00212,STORE-0123,spike,-36.2,2026-03-09
SIG-04977,PROD-04269,STORE-0429,decline,34.4,2026-03-20
SIG-04978,PROD-00087,STORE-0343,spike,-28.7,2026-05-27
SIG-04979,PROD-01711,STORE-0194,spike,62.0,2026-04-03
SIG-04980,PROD-00490,STORE-0229,decline,-9.0,2026-03-15
SIG-04981,PROD-01465,STORE-0482,decline,67.9,2026-03-17
SIG-04982,PROD-00078,STORE-0243,spike,-6.3,2026-01-17
SIG-04983,PROD-00013,STORE-0143,decline,3.5,2026-03-26
SIG-04984,PROD-03371,STORE-0042,decline,35.5,2026-06-24
SIG-04985,PROD-04840,STORE-0432,decline,-34.8,2026-04-01
SIG-04986,PROD-02470,STORE-0057,seasonal,50.6,2026-04-26
SIG-04987,PROD-01392,STORE-0270,decline,-30.1,2026-07-28
SIG-04988,PROD-04431,STORE-0451,decline,-39.1,2026-01-24
SIG-04989,PROD-03197,STORE-0309,spike,-22.9,2026-07-09
SIG-04990,PROD-01834,STORE-0439,seasonal,12.3,2026-01-25
SIG-04991,PROD-03694,STORE-0344,seasonal,61.0,2026-02-02
SIG-04992,PROD-03743,STORE-0005,seasonal,10.4,2026-07-16
SIG-04993,PROD-03962,STORE-0456,spike,-26.9,2026-02-05
SIG-04994,PROD-02072,STORE-0394,decline,-37.8,2026-05-11
SIG-04995,PROD-04231,STORE-0142,decline,-14.5,2026-03-26
SIG-04996,PROD-01979,STORE-0367,seasonal,73.7,2026-07-05
SIG-04997,PROD-01545,STORE-0269,spike,69.2,2026-04-27
SIG-04998,PROD-02386,STORE-0342,spike,-18.6,2026-03-05
SIG-04999,PROD-00910,STORE-0154,decline,37.1,2026-04-12
SIG-05000,PROD-00697,STORE-0152,spike,65.6,2026-02-08
SIG-05001,PROD-04444,STORE-0023,spike,40.3,2026-01-04
SIG-05002,PROD-02213,STORE-0417,decline,-2.0,2026-07-02
SIG-05003,PROD-00281,STORE-0090,seasonal,-11.1,2026-04-13
SIG-05004,PROD-00508,STORE-0064,seasonal,30.0,2026-05-15
SIG-05005,PROD-00476,STORE-0268,spike,56.5,2026-05-28
SIG-05006,PROD-00864,STORE-0039,decline,14.2,2026-05-07
SIG-05007,PROD-03771,STORE-0062,spike,14.4,2026-06-19
SIG-05008,PROD-04071,STORE-0496,spike,2.3,2026-03-08
SIG-05009,PROD-01956,STORE-0050,decline,0.6,2026-03-16
SIG-05010,PROD-04556,STORE-0352,spike,26.8,2026-07-20
SIG-05011,PROD-03433,STORE-0192,decline,57.4,2026-08-19
SIG-05012,PROD-03787,STORE-0312,decline,57.6,2026-04-01
SIG-05013,PROD-03702,STORE-0352,seasonal,-27.7,2026-02-28
SIG-05014,PROD-01078,STORE-0463,seasonal,-17.8,2026-01-03
SIG-05015,PROD-04642,STORE-0319,spike,55.5,2026-01-22
SIG-05016,PROD-01472,STORE-0386,decline,16.9,2026-02-12
SIG-05017,PROD-03204,STORE-0024,decline,33.9,2026-03-10
SIG-05018,PROD-01063,STORE-0039,spike,32.4,2026-01-24
SIG-05019,PROD-01682,STORE-0275,seasonal,-5.1,2026-08-11
SIG-05020,PROD-02274,STORE-0481,decline,41.4,2026-07-28
SIG-05021,PROD-01477,STORE-0345,seasonal,-14.0,2026-01-16
SIG-05022,PROD-00776,STORE-0289,spike,13.3,2026-08-24
SIG-05023,PROD-02743,STORE-0356,spike,-10.5,2026-05-08
SIG-05024,PROD-01138,STORE-0062,spike,-26.5,2026-06-09
SIG-05025,PROD-04581,STORE-0488,seasonal,-10.4,2026-03-02
SIG-05026,PROD-01716,STORE-0298,seasonal,7.3,2026-06-18
SIG-05027,PROD-02910,STORE-0239,decline,-20.7,2026-03-22
SIG-05028,PROD-00138,STORE-0047,seasonal,41.7,2026-02-18
SIG-05029,PROD-00028,STORE-0208,decline,9.6,2026-01-14
SIG-05030,PROD-03036,STORE-0136,seasonal,-8.8,2026-03-11
SIG-05031,PROD-02319,STORE-0279,spike,45.8,2026-02-06
SIG-05032,PROD-04280,STORE-0250,decline,-35.1,2026-04-20
SIG-05033,PROD-00040,STORE-0115,decline,58.2,2026-05-28
SIG-05034,PROD-02263,STORE-0323,decline,-34.3,2026-06-19
SIG-05035,PROD-00539,STORE-0303,spike,-7.3,2026-07-18
SIG-05036,PROD-01093,STORE-0001,decline,-38.6,2026-01-04
SIG-05037,PROD-03241,STORE-0490,spike,-37.1,2026-03-03
SIG-05038,PROD-04520,STORE-0048,spike,11.0,2026-02-03
SIG-05039,PROD-00220,STORE-0381,seasonal,40.2,2026-04-20
SIG-05040,PROD-03474,STORE-0405,decline,-39.4,2026-04-25
SIG-05041,PROD-00103,STORE-0321,decline,59.8,2026-05-18
SIG-05042,PROD-02400,STORE-0193,seasonal,41.7,2026-03-21
SIG-05043,PROD-02581,STORE-0324,decline,-15.7,2026-04-10
SIG-05044,PROD-03379,STORE-0449,spike,-31.9,2026-02-24
SIG-05045,PROD-04561,STORE-0297,spike,1.8,2026-07-03
SIG-05046,PROD-02635,STORE-0031,spike,1.0,2026-04-10
SIG-05047,PROD-03611,STORE-0250,spike,-26.3,2026-07-26
SIG-05048,PROD-04531,STORE-0341,decline,-30.0,2026-06-20
SIG-05049,PROD-02655,STORE-0364,seasonal,-25.5,2026-08-02
SIG-05050,PROD-03984,STORE-0393,spike,-35.5,2026-07-06
SIG-05051,PROD-00380,STORE-0401,seasonal,-32.0,2026-02-15
SIG-05052,PROD-01453,STORE-0273,seasonal,30.2,2026-06-18
SIG-05053,PROD-04840,STORE-0356,spike,26.0,2026-07-24
SIG-05054,PROD-03701,STORE-0339,seasonal,-18.4,2026-07-07
SIG-05055,PROD-04299,STORE-0350,spike,8.8,2026-07-26
SIG-05056,PROD-01310,STORE-0251,seasonal,-2.6,2026-08-06
SIG-05057,PROD-04509,STORE-0270,decline,37.1,2026-01-12
SIG-05058,PROD-01225,STORE-0177,spike,73.7,2026-06-24
SIG-05059,PROD-01124,STORE-0127,seasonal,52.7,2026-06-27
SIG-05060,PROD-04782,STORE-0366,seasonal,-20.8,2026-08-14
SIG-05061,PROD-02864,STORE-0067,spike,43.8,2026-07-19
SIG-05062,PROD-02670,STORE-0164,seasonal,24.2,2026-04-22
SIG-05063,PROD-03324,STORE-0065,seasonal,10.2,2026-02-15
SIG-05064,PROD-02966,STORE-0403,spike,-12.0,2026-05-05
SIG-05065,PROD-02751,STORE-0462,spike,35.2,2026-07-06
SIG-05066,PROD-04218,STORE-0365,spike,58.9,2026-08-06
SIG-05067,PROD-00005,STORE-0128,seasonal,26.8,2026-03-27
SIG-05068,PROD-04038,STORE-0272,decline,-34.0,2026-03-26
SIG-05069,PROD-01877,STORE-0465,decline,-37.3,2026-02-21
SIG-05070,PROD-03311,STORE-0062,spike,34.6,2026-03-28
SIG-05071,PROD-00015,STORE-0175,decline,27.1,2026-02-28
SIG-05072,PROD-01555,STORE-0105,seasonal,-34.0,2026-02-15
SIG-05073,PROD-02847,STORE-0442,seasonal,34.4,2026-05-11
SIG-05074,PROD-01656,STORE-0280,decline,21.5,2026-03-21
SIG-05075,PROD-04777,STORE-0039,seasonal,19.0,2026-01-28
SIG-05076,PROD-03375,STORE-0063,decline,38.3,2026-06-15
SIG-05077,PROD-03588,STORE-0485,seasonal,56.4,2026-07-16
SIG-05078,PROD-03542,STORE-0490,decline,49.3,2026-05-03
SIG-05079,PROD-00076,STORE-0084,spike,67.7,2026-07-17
SIG-05080,PROD-03215,STORE-0008,spike,31.7,2026-03-08
SIG-05081,PROD-02704,STORE-0448,decline,-21.7,2026-01-06
SIG-05082,PROD-04824,STORE-0462,decline,68.3,2026-04-13
SIG-05083,PROD-01097,STORE-0483,decline,16.3,2026-05-12
SIG-05084,PROD-02345,STORE-0428,decline,-22.4,2026-06-14
SIG-05085,PROD-02463,STORE-0431,spike,13.7,2026-04-02
SIG-05086,PROD-01945,STORE-0186,spike,78.6,2026-01-23
SIG-05087,PROD-04638,STORE-0043,decline,60.0,2026-04-24
SIG-05088,PROD-00839,STORE-0309,seasonal,-30.2,2026-05-18
SIG-05089,PROD-04731,STORE-0284,spike,-10.0,2026-04-01
SIG-05090,PROD-03925,STORE-0229,decline,17.7,2026-01-11
SIG-05091,PROD-00247,STORE-0468,seasonal,-35.6,2026-06-12
SIG-05092,PROD-03567,STORE-0021,seasonal,-17.6,2026-02-09
SIG-05093,PROD-03041,STORE-0195,decline,50.8,2026-05-12
SIG-05094,PROD-04108,STORE-0127,spike,9.2,2026-02-17
SIG-05095,PROD-01413,STORE-0093,decline,26.0,2026-07-19
SIG-05096,PROD-02030,STORE-0381,seasonal,10.1,2026-08-09
SIG-05097,PROD-00187,STORE-0179,seasonal,-19.2,2026-06-06
SIG-05098,PROD-01367,STORE-0480,seasonal,3.0,2026-04-07
SIG-05099,PROD-02316,STORE-0392,decline,7.6,2026-06-21
SIG-05100,PROD-01974,STORE-0092,seasonal,46.3,2026-07-11
SIG-05101,PROD-01829,STORE-0381,decline,-4.4,2026-02-26
SIG-05102,PROD-01144,STORE-0482,decline,-30.5,2026-01-03
SIG-05103,PROD-04627,STORE-0362,spike,61.3,2026-04-17
SIG-05104,PROD-01215,STORE-0402,spike,-10.2,2026-06-22
SIG-05105,PROD-03513,STORE-0440,decline,38.8,2026-03-23
SIG-05106,PROD-03173,STORE-0152,seasonal,-20.6,2026-07-28
SIG-05107,PROD-04535,STORE-0073,spike,9.8,2026-04-22
SIG-05108,PROD-03057,STORE-0059,decline,39.2,2026-04-07
SIG-05109,PROD-01025,STORE-0250,seasonal,35.1,2026-06-04
SIG-05110,PROD-04870,STORE-0028,decline,-24.1,2026-01-23
SIG-05111,PROD-04551,STORE-0481,seasonal,38.3,2026-03-08
SIG-05112,PROD-03524,STORE-0423,spike,-14.5,2026-03-18
SIG-05113,PROD-03991,STORE-0109,seasonal,32.8,2026-08-20
SIG-05114,PROD-03826,STORE-0129,decline,6.0,2026-01-26
SIG-05115,PROD-01728,STORE-0299,decline,-8.6,2026-04-25
SIG-05116,PROD-01785,STORE-0161,spike,-11.6,2026-04-02
SIG-05117,PROD-03572,STORE-0425,seasonal,24.8,2026-06-19
SIG-05118,PROD-04921,STORE-0188,seasonal,63.4,2026-07-05
SIG-05119,PROD-03605,STORE-0281,decline,70.7,2026-03-22
SIG-05120,PROD-02790,STORE-0278,seasonal,-29.7,2026-03-23
SIG-05121,PROD-04688,STORE-0176,spike,7.0,2026-04-15
SIG-05122,PROD-03370,STORE-0400,seasonal,46.0,2026-06-19
SIG-05123,PROD-01741,STORE-0370,spike,-10.0,2026-08-08
SIG-05124,PROD-03331,STORE-0476,decline,-3.1,2026-08-08
SIG-05125,PROD-02756,STORE-0013,spike,-4.6,2026-04-16
SIG-05126,PROD-04345,STORE-0092,seasonal,6.4,2026-02-14
SIG-05127,PROD-03179,STORE-0399,decline,38.9,2026-08-11
SIG-05128,PROD-01581,STORE-0398,spike,15.3,2026-05-04
SIG-05129,PROD-01382,STORE-0131,decline,3.0,2026-05-12
SIG-05130,PROD-00744,STORE-0247,decline,61.8,2026-01-11
SIG-05131,PROD-01218,STORE-0265,decline,10.2,2026-02-22
SIG-05132,PROD-04434,STORE-0276,spike,9.1,2026-03-01
SIG-05133,PROD-01810,STORE-0163,seasonal,40.7,2026-07-09
SIG-05134,PROD-04456,STORE-0113,decline,-22.9,2026-04-03
SIG-05135,PROD-01608,STORE-0416,spike,18.7,2026-06-20
SIG-05136,PROD-01425,STORE-0447,seasonal,57.1,2026-06-11
SIG-05137,PROD-02834,STORE-0224,spike,-34.4,2026-06-10
SIG-05138,PROD-00459,STORE-0022,seasonal,76.3,2026-01-26
SIG-05139,PROD-01378,STORE-0243,seasonal,24.1,2026-06-25
SIG-05140,PROD-00100,STORE-0442,spike,50.6,2026-05-15
SIG-05141,PROD-04577,STORE-0305,decline,30.7,2026-05-21
SIG-05142,PROD-04082,STORE-0140,spike,30.9,2026-06-12
SIG-05143,PROD-01490,STORE-0406,seasonal,-2.5,2026-01-23
SIG-05144,PROD-01580,STORE-0319,seasonal,-32.4,2026-06-08
SIG-05145,PROD-02506,STORE-0203,decline,53.2,2026-06-09
SIG-05146,PROD-04026,STORE-0171,decline,36.1,2026-01-19
SIG-05147,PROD-04061,STORE-0279,decline,44.2,2026-06-09
SIG-05148,PROD-01092,STORE-0210,seasonal,-4.7,2026-02-18
SIG-05149,PROD-03561,STORE-0187,decline,-33.9,2026-04-14
SIG-05150,PROD-00478,STORE-0149,spike,65.9,2026-05-23
SIG-05151,PROD-04777,STORE-0340,seasonal,-23.3,2026-08-18
SIG-05152,PROD-03973,STORE-0271,decline,35.0,2026-05-21
SIG-05153,PROD-03894,STORE-0121,seasonal,-23.4,2026-01-10
SIG-05154,PROD-04231,STORE-0136,decline,58.3,2026-05-28
SIG-05155,PROD-04054,STORE-0227,spike,69.3,2026-01-26
SIG-05156,PROD-03912,STORE-0443,spike,21.5,2026-07-16
SIG-05157,PROD-01321,STORE-0005,spike,56.6,2026-03-26
SIG-05158,PROD-03528,STORE-0387,decline,22.9,2026-01-03
SIG-05159,PROD-03316,STORE-0216,decline,42.3,2026-04-28
SIG-05160,PROD-01951,STORE-0421,spike,42.8,2026-03-20
SIG-05161,PROD-03762,STORE-0262,decline,51.0,2026-07-12
SIG-05162,PROD-04368,STORE-0046,decline,42.0,2026-03-01
SIG-05163,PROD-02133,STORE-0333,seasonal,78.5,2026-08-23
SIG-05164,PROD-00439,STORE-0287,decline,79.7,2026-02-18
SIG-05165,PROD-01191,STORE-0359,spike,6.6,2026-02-14
SIG-05166,PROD-01117,STORE-0302,spike,53.8,2026-06-10
SIG-05167,PROD-02987,STORE-0462,spike,34.6,2026-06-02
SIG-05168,PROD-01381,STORE-0500,decline,77.1,2026-07-05
SIG-05169,PROD-01287,STORE-0404,spike,-32.8,2026-04-14
SIG-05170,PROD-03481,STORE-0026,spike,8.6,2026-03-06
SIG-05171,PROD-03474,STORE-0450,seasonal,39.9,2026-04-14
SIG-05172,PROD-02250,STORE-0319,decline,-18.9,2026-08-03
SIG-05173,PROD-03370,STORE-0480,spike,65.2,2026-04-20
SIG-05174,PROD-04917,STORE-0463,spike,-2.0,2026-01-25
SIG-05175,PROD-02215,STORE-0211,seasonal,30.6,2026-02-06
SIG-05176,PROD-03032,STORE-0397,seasonal,48.9,2026-06-18
SIG-05177,PROD-02116,STORE-0029,spike,66.5,2026-07-02
SIG-05178,PROD-00167,STORE-0201,seasonal,73.8,2026-07-04
SIG-05179,PROD-01698,STORE-0280,seasonal,-6.0,2026-05-09
SIG-05180,PROD-00071,STORE-0179,decline,79.0,2026-06-28
SIG-05181,PROD-00196,STORE-0303,seasonal,6.7,2026-03-02
SIG-05182,PROD-04095,STORE-0137,decline,-23.4,2026-07-22
SIG-05183,PROD-03588,STORE-0030,spike,5.4,2026-06-10
SIG-05184,PROD-04083,STORE-0441,decline,-20.6,2026-07-03
SIG-05185,PROD-00663,STORE-0303,seasonal,4.2,2026-01-28
SIG-05186,PROD-01009,STORE-0120,seasonal,30.6,2026-05-24
SIG-05187,PROD-02900,STORE-0152,decline,42.5,2026-07-25
SIG-05188,PROD-03761,STORE-0425,decline,2.6,2026-06-04
SIG-05189,PROD-03907,STORE-0442,spike,15.6,2026-07-05
SIG-05190,PROD-02723,STORE-0044,seasonal,40.2,2026-06-21
SIG-05191,PROD-04302,STORE-0104,spike,19.1,2026-03-03
SIG-05192,PROD-04736,STORE-0188,decline,66.8,2026-07-03
SIG-05193,PROD-03368,STORE-0061,decline,8.7,2026-05-15
SIG-05194,PROD-03429,STORE-0310,seasonal,-25.2,2026-07-26
SIG-05195,PROD-03059,STORE-0325,decline,53.8,2026-06-14
SIG-05196,PROD-04397,STORE-0226,spike,33.5,2026-08-28
SIG-05197,PROD-04674,STORE-0226,seasonal,-36.9,2026-06-14
SIG-05198,PROD-00662,STORE-0001,decline,44.4,2026-08-28
SIG-05199,PROD-01371,STORE-0041,seasonal,-27.0,2026-01-10
SIG-05200,PROD-01418,STORE-0415,decline,-38.1,2026-05-15
SIG-05201,PROD-03249,STORE-0268,seasonal,17.8,2026-01-28
SIG-05202,PROD-01257,STORE-0023,spike,34.9,2026-02-18
SIG-05203,PROD-03185,STORE-0093,seasonal,-0.8,2026-01-11
SIG-05204,PROD-00536,STORE-0217,decline,-14.9,2026-08-08
SIG-05205,PROD-04390,STORE-0405,spike,51.3,2026-06-22
SIG-05206,PROD-00976,STORE-0150,decline,-1.2,2026-04-17
SIG-05207,PROD-02348,STORE-0383,decline,45.7,2026-01-13
SIG-05208,PROD-02770,STORE-0465,seasonal,65.8,2026-02-11
SIG-05209,PROD-00998,STORE-0125,decline,2.5,2026-08-15
SIG-05210,PROD-00089,STORE-0428,spike,-27.8,2026-06-06
SIG-05211,PROD-02344,STORE-0079,seasonal,-32.7,2026-05-10
SIG-05212,PROD-00627,STORE-0011,seasonal,14.0,2026-07-05
SIG-05213,PROD-03157,STORE-0248,spike,-15.2,2026-04-02
SIG-05214,PROD-01314,STORE-0121,spike,77.6,2026-08-09
SIG-05215,PROD-00294,STORE-0053,seasonal,-38.7,2026-02-12
SIG-05216,PROD-00613,STORE-0129,spike,38.7,2026-06-23
SIG-05217,PROD-03824,STORE-0172,spike,27.1,2026-02-23
SIG-05218,PROD-02477,STORE-0122,decline,49.9,2026-01-04
SIG-05219,PROD-04662,STORE-0061,decline,14.6,2026-03-07
SIG-05220,PROD-02579,STORE-0344,spike,-11.9,2026-01-16
SIG-05221,PROD-01100,STORE-0184,seasonal,-39.5,2026-02-05
SIG-05222,PROD-04532,STORE-0450,seasonal,-26.7,2026-06-18
SIG-05223,PROD-04143,STORE-0113,decline,23.6,2026-07-07
SIG-05224,PROD-02521,STORE-0413,seasonal,-31.0,2026-01-09
SIG-05225,PROD-00542,STORE-0471,seasonal,78.3,2026-04-02
SIG-05226,PROD-00090,STORE-0315,decline,78.9,2026-06-13
SIG-05227,PROD-00300,STORE-0035,decline,37.2,2026-03-17
SIG-05228,PROD-01381,STORE-0081,spike,38.8,2026-08-04
SIG-05229,PROD-00869,STORE-0300,seasonal,50.7,2026-01-20
SIG-05230,PROD-03461,STORE-0043,spike,76.7,2026-06-20
SIG-05231,PROD-01423,STORE-0413,decline,5.2,2026-08-16
SIG-05232,PROD-04909,STORE-0418,decline,52.6,2026-05-12
SIG-05233,PROD-04773,STORE-0077,spike,0.6,2026-03-16
SIG-05234,PROD-00022,STORE-0106,spike,64.7,2026-08-27
SIG-05235,PROD-00998,STORE-0207,seasonal,48.4,2026-02-12
SIG-05236,PROD-03692,STORE-0126,spike,-15.5,2026-04-04
SIG-05237,PROD-03038,STORE-0401,spike,-14.3,2026-02-15
SIG-05238,PROD-00592,STORE-0425,decline,72.3,2026-05-15
SIG-05239,PROD-04616,STORE-0294,decline,-32.5,2026-07-24
SIG-05240,PROD-02704,STORE-0150,seasonal,-15.4,2026-08-21
SIG-05241,PROD-02859,STORE-0033,seasonal,60.9,2026-02-09
SIG-05242,PROD-01940,STORE-0078,spike,33.2,2026-01-04
SIG-05243,PROD-04158,STORE-0184,spike,-29.6,2026-08-23
SIG-05244,PROD-01313,STORE-0188,spike,52.8,2026-06-17
SIG-05245,PROD-03051,STORE-0234,seasonal,64.6,2026-01-14
SIG-05246,PROD-05000,STORE-0333,seasonal,59.9,2026-01-08
SIG-05247,PROD-01830,STORE-0229,seasonal,34.7,2026-02-06
SIG-05248,PROD-01381,STORE-0358,seasonal,-13.1,2026-05-05
SIG-05249,PROD-00004,STORE-0293,decline,6.4,2026-05-01
SIG-05250,PROD-02492,STORE-0051,decline,36.0,2026-08-22
SIG-05251,PROD-01760,STORE-0259,seasonal,-4.9,2026-05-19
SIG-05252,PROD-01943,STORE-0039,spike,-28.6,2026-08-05
SIG-05253,PROD-02428,STORE-0206,seasonal,22.9,2026-05-02
SIG-05254,PROD-02447,STORE-0482,decline,55.9,2026-02-15
SIG-05255,PROD-02496,STORE-0467,decline,58.2,2026-04-20
SIG-05256,PROD-00502,STORE-0474,seasonal,75.4,2026-02-07
SIG-05257,PROD-02013,STORE-0085,spike,-31.3,2026-03-12
SIG-05258,PROD-04953,STORE-0371,decline,-6.1,2026-04-24
SIG-05259,PROD-02943,STORE-0482,decline,4.3,2026-05-07
SIG-05260,PROD-04622,STORE-0347,seasonal,-5.1,2026-02-24
SIG-05261,PROD-02128,STORE-0483,seasonal,75.1,2026-07-11
SIG-05262,PROD-04408,STORE-0233,seasonal,49.9,2026-08-04
SIG-05263,PROD-03255,STORE-0463,spike,3.4,2026-02-03
SIG-05264,PROD-04855,STORE-0360,seasonal,-19.8,2026-06-02
SIG-05265,PROD-03000,STORE-0425,spike,75.4,2026-03-06
SIG-05266,PROD-03444,STORE-0362,decline,37.6,2026-06-28
SIG-05267,PROD-01548,STORE-0108,spike,7.0,2026-08-27
SIG-05268,PROD-00076,STORE-0202,spike,56.1,2026-02-23
SIG-05269,PROD-03233,STORE-0280,seasonal,4.7,2026-04-27
SIG-05270,PROD-04751,STORE-0127,seasonal,76.6,2026-05-28
SIG-05271,PROD-01984,STORE-0435,decline,68.4,2026-07-01
SIG-05272,PROD-02240,STORE-0068,decline,52.2,2026-08-23
SIG-05273,PROD-03498,STORE-0423,decline,33.3,2026-01-10
SIG-05274,PROD-00013,STORE-0490,spike,15.3,2026-05-09
SIG-05275,PROD-01124,STORE-0050,decline,-18.4,2026-01-01
SIG-05276,PROD-01280,STORE-0291,seasonal,74.6,2026-02-01
SIG-05277,PROD-03411,STORE-0348,decline,61.8,2026-05-23
SIG-05278,PROD-04391,STORE-0018,decline,-39.4,2026-08-27
SIG-05279,PROD-00138,STORE-0414,seasonal,34.9,2026-03-26
SIG-05280,PROD-02377,STORE-0083,decline,-6.1,2026-05-19
SIG-05281,PROD-00710,STORE-0150,seasonal,-5.7,2026-05-15
SIG-05282,PROD-04103,STORE-0053,seasonal,49.1,2026-03-08
SIG-05283,PROD-00088,STORE-0339,decline,57.0,2026-05-25
SIG-05284,PROD-00365,STORE-0329,decline,-32.1,2026-02-06
SIG-05285,PROD-04074,STORE-0179,spike,60.3,2026-05-12
SIG-05286,PROD-01692,STORE-0059,seasonal,80.0,2026-02-05
SIG-05287,PROD-01362,STORE-0142,decline,-17.2,2026-02-08
SIG-05288,PROD-00702,STORE-0278,seasonal,-2.2,2026-03-02
SIG-05289,PROD-01962,STORE-0449,seasonal,-28.2,2026-08-22
SIG-05290,PROD-04528,STORE-0228,decline,-20.2,2026-06-03
SIG-05291,PROD-04164,STORE-0137,spike,12.7,2026-01-05
SIG-05292,PROD-04040,STORE-0163,decline,30.2,2026-08-03
SIG-05293,PROD-04876,STORE-0140,spike,-1.5,2026-07-15
SIG-05294,PROD-04344,STORE-0179,seasonal,71.9,2026-03-18
SIG-05295,PROD-00696,STORE-0050,decline,-29.9,2026-03-12
SIG-05296,PROD-03728,STORE-0414,seasonal,62.2,2026-06-05
SIG-05297,PROD-04520,STORE-0059,seasonal,-5.6,2026-01-08
SIG-05298,PROD-00828,STORE-0303,seasonal,40.1,2026-03-15
SIG-05299,PROD-00283,STORE-0072,spike,74.0,2026-06-18
SIG-05300,PROD-01824,STORE-0107,spike,-28.2,2026-04-13
SIG-05301,PROD-01490,STORE-0242,decline,62.9,2026-07-13
SIG-05302,PROD-02128,STORE-0054,decline,-33.0,2026-03-12
SIG-05303,PROD-03507,STORE-0452,seasonal,14.9,2026-04-23
SIG-05304,PROD-03835,STORE-0140,decline,4.0,2026-02-05
SIG-05305,PROD-02562,STORE-0207,decline,56.2,2026-03-20
SIG-05306,PROD-04233,STORE-0313,decline,64.5,2026-06-03
SIG-05307,PROD-02850,STORE-0016,seasonal,-13.1,2026-01-21
SIG-05308,PROD-01152,STORE-0059,decline,37.3,2026-02-19
SIG-05309,PROD-03438,STORE-0045,spike,-33.5,2026-02-16
SIG-05310,PROD-03465,STORE-0446,decline,52.0,2026-03-18
SIG-05311,PROD-03380,STORE-0280,decline,20.5,2026-06-01
SIG-05312,PROD-04852,STORE-0434,decline,-20.7,2026-07-17
SIG-05313,PROD-00930,STORE-0329,decline,72.4,2026-05-21
SIG-05314,PROD-03670,STORE-0297,seasonal,46.2,2026-02-14
SIG-05315,PROD-01593,STORE-0064,spike,16.9,2026-07-05
SIG-05316,PROD-00899,STORE-0008,seasonal,8.1,2026-02-14
SIG-05317,PROD-04812,STORE-0137,decline,47.6,2026-03-14
SIG-05318,PROD-02727,STORE-0315,seasonal,1.7,2026-08-12
SIG-05319,PROD-02584,STORE-0492,spike,50.8,2026-01-21
SIG-05320,PROD-01081,STORE-0098,decline,7.7,2026-01-03
SIG-05321,PROD-03728,STORE-0014,decline,35.7,2026-06-22
SIG-05322,PROD-02368,STORE-0210,spike,45.3,2026-05-20
SIG-05323,PROD-03568,STORE-0084,decline,46.1,2026-07-10
SIG-05324,PROD-04069,STORE-0387,seasonal,32.2,2026-08-16
SIG-05325,PROD-02172,STORE-0141,decline,54.5,2026-04-08
SIG-05326,PROD-04811,STORE-0240,seasonal,71.0,2026-06-16
SIG-05327,PROD-01022,STORE-0030,seasonal,-34.7,2026-02-13
SIG-05328,PROD-01700,STORE-0361,spike,6.0,2026-05-11
SIG-05329,PROD-04952,STORE-0325,seasonal,-32.6,2026-08-28
SIG-05330,PROD-00750,STORE-0387,spike,8.5,2026-05-18
SIG-05331,PROD-02321,STORE-0094,decline,62.0,2026-01-25
SIG-05332,PROD-04299,STORE-0099,seasonal,16.5,2026-05-10
SIG-05333,PROD-01575,STORE-0103,seasonal,-12.5,2026-05-17
SIG-05334,PROD-00953,STORE-0028,seasonal,76.4,2026-03-23
SIG-05335,PROD-00725,STORE-0363,seasonal,20.7,2026-01-21
SIG-05336,PROD-03070,STORE-0157,seasonal,57.4,2026-04-01
SIG-05337,PROD-02543,STORE-0258,seasonal,79.1,2026-04-15
SIG-05338,PROD-02128,STORE-0010,decline,60.6,2026-06-01
SIG-05339,PROD-02736,STORE-0145,spike,70.9,2026-04-09
SIG-05340,PROD-04925,STORE-0344,seasonal,36.9,2026-01-19
SIG-05341,PROD-02658,STORE-0274,decline,35.4,2026-05-26
SIG-05342,PROD-00313,STORE-0308,decline,38.6,2026-04-23
SIG-05343,PROD-02040,STORE-0296,decline,-1.9,2026-07-22
SIG-05344,PROD-03182,STORE-0232,spike,-33.8,2026-01-01
SIG-05345,PROD-03392,STORE-0216,decline,71.9,2026-03-17
SIG-05346,PROD-03750,STORE-0338,decline,-34.1,2026-08-27
SIG-05347,PROD-01311,STORE-0320,spike,-15.7,2026-02-05
SIG-05348,PROD-00895,STORE-0028,decline,22.2,2026-05-13
SIG-05349,PROD-01359,STORE-0415,decline,79.7,2026-05-21
SIG-05350,PROD-02407,STORE-0212,spike,78.7,2026-03-16
SIG-05351,PROD-04248,STORE-0352,spike,2.8,2026-03-04
SIG-05352,PROD-02670,STORE-0260,seasonal,35.4,2026-05-04
SIG-05353,PROD-00568,STORE-0033,spike,-3.6,2026-01-14
SIG-05354,PROD-04478,STORE-0252,decline,14.5,2026-03-08
SIG-05355,PROD-04331,STORE-0407,decline,12.2,2026-07-01
SIG-05356,PROD-00102,STORE-0133,seasonal,36.6,2026-05-05
SIG-05357,PROD-03627,STORE-0488,spike,60.4,2026-02-22
SIG-05358,PROD-02293,STORE-0414,seasonal,-1.8,2026-04-26
SIG-05359,PROD-00776,STORE-0339,seasonal,75.7,2026-03-22
SIG-05360,PROD-03847,STORE-0127,seasonal,73.5,2026-06-04
SIG-05361,PROD-03241,STORE-0388,spike,-24.9,2026-04-23
SIG-05362,PROD-00748,STORE-0017,seasonal,-39.2,2026-02-10
SIG-05363,PROD-01687,STORE-0142,spike,-38.0,2026-03-08
SIG-05364,PROD-02876,STORE-0425,spike,-32.1,2026-06-03
SIG-05365,PROD-01096,STORE-0184,seasonal,33.7,2026-08-09
SIG-05366,PROD-04767,STORE-0369,spike,69.0,2026-03-28
SIG-05367,PROD-04659,STORE-0224,seasonal,51.1,2026-01-28
SIG-05368,PROD-01305,STORE-0259,decline,-37.2,2026-02-04
SIG-05369,PROD-02422,STORE-0313,spike,5.1,2026-07-11
SIG-05370,PROD-00788,STORE-0170,decline,23.4,2026-03-05
SIG-05371,PROD-04578,STORE-0413,spike,79.6,2026-08-19
SIG-05372,PROD-03557,STORE-0450,decline,28.1,2026-03-09
SIG-05373,PROD-00171,STORE-0337,seasonal,67.5,2026-05-15
SIG-05374,PROD-04361,STORE-0327,decline,27.4,2026-01-21
SIG-05375,PROD-04459,STORE-0055,seasonal,68.1,2026-05-09
SIG-05376,PROD-01431,STORE-0416,seasonal,23.5,2026-04-20
SIG-05377,PROD-00242,STORE-0357,seasonal,4.4,2026-07-16
SIG-05378,PROD-01243,STORE-0032,decline,-37.9,2026-01-08
SIG-05379,PROD-00256,STORE-0466,decline,-19.2,2026-01-23
SIG-05380,PROD-00726,STORE-0467,spike,19.1,2026-05-21
SIG-05381,PROD-00297,STORE-0350,decline,5.2,2026-01-11
SIG-05382,PROD-02634,STORE-0151,seasonal,-2.8,2026-06-01
SIG-05383,PROD-04876,STORE-0451,decline,31.4,2026-04-20
SIG-05384,PROD-04917,STORE-0405,seasonal,9.3,2026-02-19
SIG-05385,PROD-03921,STORE-0454,seasonal,-5.0,2026-02-27
SIG-05386,PROD-00311,STORE-0391,spike,-13.5,2026-04-17
SIG-05387,PROD-02778,STORE-0102,spike,-23.5,2026-03-18
SIG-05388,PROD-04236,STORE-0100,decline,72.1,2026-02-19
SIG-05389,PROD-04702,STORE-0444,decline,-3.7,2026-02-17
SIG-05390,PROD-03255,STORE-0303,seasonal,79.5,2026-01-05
SIG-05391,PROD-02087,STORE-0269,spike,38.1,2026-07-12
SIG-05392,PROD-02066,STORE-0118,spike,11.1,2026-06-10
SIG-05393,PROD-01450,STORE-0323,decline,16.2,2026-06-25
SIG-05394,PROD-04652,STORE-0322,spike,9.0,2026-05-01
SIG-05395,PROD-01098,STORE-0109,decline,-38.1,2026-07-14
SIG-05396,PROD-01642,STORE-0380,spike,77.1,2026-02-01
SIG-05397,PROD-02781,STORE-0160,decline,-0.3,2026-06-24
SIG-05398,PROD-00891,STORE-0483,spike,53.7,2026-07-02
SIG-05399,PROD-04567,STORE-0447,spike,-14.3,2026-04-27
SIG-05400,PROD-00104,STORE-0362,spike,47.0,2026-07-24
SIG-05401,PROD-01897,STORE-0080,decline,32.0,2026-05-04
SIG-05402,PROD-02589,STORE-0411,spike,62.2,2026-01-09
SIG-05403,PROD-02204,STORE-0264,decline,-10.4,2026-04-25
SIG-05404,PROD-01534,STORE-0442,spike,-26.3,2026-08-03
SIG-05405,PROD-02618,STORE-0439,seasonal,29.2,2026-01-03
SIG-05406,PROD-00488,STORE-0351,seasonal,22.2,2026-03-21
SIG-05407,PROD-03381,STORE-0370,spike,-33.5,2026-03-09
SIG-05408,PROD-04762,STORE-0220,decline,-27.6,2026-02-23
SIG-05409,PROD-02707,STORE-0373,spike,-34.3,2026-08-17
SIG-05410,PROD-01363,STORE-0266,spike,42.0,2026-04-06
SIG-05411,PROD-04089,STORE-0397,decline,40.0,2026-05-20
SIG-05412,PROD-00207,STORE-0378,decline,45.7,2026-05-15
SIG-05413,PROD-03208,STORE-0202,decline,-35.6,2026-06-09
SIG-05414,PROD-04490,STORE-0405,spike,68.1,2026-01-23
SIG-05415,PROD-00878,STORE-0451,seasonal,-34.4,2026-05-23
SIG-05416,PROD-00715,STORE-0081,seasonal,11.5,2026-01-18
SIG-05417,PROD-02309,STORE-0044,spike,14.0,2026-02-02
SIG-05418,PROD-01079,STORE-0373,spike,64.9,2026-08-24
SIG-05419,PROD-03898,STORE-0085,seasonal,1.5,2026-04-06
SIG-05420,PROD-00456,STORE-0253,spike,47.1,2026-04-01
SIG-05421,PROD-03253,STORE-0449,spike,75.3,2026-07-10
SIG-05422,PROD-02003,STORE-0327,spike,-22.8,2026-02-10
SIG-05423,PROD-01269,STORE-0457,spike,-35.3,2026-02-23
SIG-05424,PROD-01674,STORE-0184,spike,-18.8,2026-08-23
SIG-05425,PROD-04401,STORE-0224,seasonal,68.1,2026-01-10
SIG-05426,PROD-03729,STORE-0376,seasonal,59.6,2026-08-03
SIG-05427,PROD-03989,STORE-0349,seasonal,31.7,2026-07-23
SIG-05428,PROD-04922,STORE-0250,spike,40.9,2026-08-26
SIG-05429,PROD-02346,STORE-0386,decline,78.3,2026-08-26
SIG-05430,PROD-02832,STORE-0478,seasonal,-35.4,2026-04-05
SIG-05431,PROD-00164,STORE-0107,decline,-19.3,2026-08-07
SIG-05432,PROD-02794,STORE-0186,spike,-0.9,2026-06-28
SIG-05433,PROD-04063,STORE-0116,spike,6.9,2026-02-03
SIG-05434,PROD-01892,STORE-0427,decline,61.5,2026-03-22
SIG-05435,PROD-01276,STORE-0345,seasonal,73.6,2026-08-17
SIG-05436,PROD-00972,STORE-0120,seasonal,43.0,2026-04-27
SIG-05437,PROD-00278,STORE-0094,spike,79.2,2026-07-01
SIG-05438,PROD-00546,STORE-0047,decline,43.0,2026-07-24
SIG-05439,PROD-04559,STORE-0148,seasonal,23.5,2026-08-12
SIG-05440,PROD-02922,STORE-0070,spike,-25.0,2026-03-13
SIG-05441,PROD-00739,STORE-0132,spike,-3.3,2026-05-17
SIG-05442,PROD-00380,STORE-0291,decline,-34.9,2026-07-02
SIG-05443,PROD-03478,STORE-0355,seasonal,72.6,2026-07-03
SIG-05444,PROD-03865,STORE-0377,seasonal,74.9,2026-06-06
SIG-05445,PROD-04136,STORE-0251,spike,47.6,2026-07-01
SIG-05446,PROD-01598,STORE-0001,decline,65.7,2026-03-28
SIG-05447,PROD-02734,STORE-0050,seasonal,57.5,2026-02-01
SIG-05448,PROD-01420,STORE-0465,decline,-30.6,2026-07-03
SIG-05449,PROD-04800,STORE-0129,spike,52.1,2026-05-15
SIG-05450,PROD-04093,STORE-0213,seasonal,44.3,2026-08-14
SIG-05451,PROD-01919,STORE-0155,decline,6.8,2026-02-12
SIG-05452,PROD-01474,STORE-0461,spike,17.7,2026-05-20
SIG-05453,PROD-01700,STORE-0470,spike,34.4,2026-03-27
SIG-05454,PROD-01119,STORE-0300,decline,74.7,2026-07-01
SIG-05455,PROD-03927,STORE-0126,spike,68.0,2026-05-01
SIG-05456,PROD-04532,STORE-0106,decline,-10.9,2026-07-07
SIG-05457,PROD-04308,STORE-0423,seasonal,64.7,2026-08-01
SIG-05458,PROD-01969,STORE-0140,seasonal,61.9,2026-06-02
SIG-05459,PROD-04962,STORE-0352,decline,-20.6,2026-01-17
SIG-05460,PROD-01551,STORE-0255,seasonal,23.1,2026-02-03
SIG-05461,PROD-00225,STORE-0244,spike,79.9,2026-01-09
SIG-05462,PROD-03681,STORE-0184,spike,30.5,2026-06-02
SIG-05463,PROD-01912,STORE-0141,seasonal,-38.9,2026-07-04
SIG-05464,PROD-03692,STORE-0410,spike,-26.1,2026-02-25
SIG-05465,PROD-02304,STORE-0238,seasonal,-22.9,2026-07-05
SIG-05466,PROD-00468,STORE-0382,spike,51.8,2026-03-18
SIG-05467,PROD-03359,STORE-0453,decline,65.8,2026-01-04
SIG-05468,PROD-01617,STORE-0107,decline,79.0,2026-02-16
SIG-05469,PROD-03585,STORE-0407,spike,-37.3,2026-05-14
SIG-05470,PROD-00458,STORE-0237,decline,-12.0,2026-04-19
SIG-05471,PROD-04265,STORE-0495,seasonal,20.0,2026-02-13
SIG-05472,PROD-04849,STORE-0350,decline,79.8,2026-01-07
SIG-05473,PROD-01741,STORE-0002,spike,49.6,2026-06-25
SIG-05474,PROD-02798,STORE-0092,decline,-25.5,2026-06-03
SIG-05475,PROD-04366,STORE-0204,seasonal,59.4,2026-01-22
SIG-05476,PROD-01964,STORE-0166,decline,28.7,2026-08-23
SIG-05477,PROD-03719,STORE-0325,spike,4.6,2026-02-02
SIG-05478,PROD-01484,STORE-0045,spike,8.4,2026-01-28
SIG-05479,PROD-04449,STORE-0182,decline,45.0,2026-08-16
SIG-05480,PROD-02472,STORE-0193,decline,-20.0,2026-06-09
SIG-05481,PROD-02420,STORE-0027,decline,61.3,2026-06-19
SIG-05482,PROD-02613,STORE-0251,decline,-27.9,2026-05-04
SIG-05483,PROD-03852,STORE-0240,seasonal,31.8,2026-07-08
SIG-05484,PROD-04563,STORE-0330,seasonal,13.3,2026-04-19
SIG-05485,PROD-04770,STORE-0119,spike,-19.8,2026-05-26
SIG-05486,PROD-02771,STORE-0318,spike,14.6,2026-06-27
SIG-05487,PROD-03107,STORE-0307,spike,23.9,2026-04-18
SIG-05488,PROD-03307,STORE-0427,seasonal,78.8,2026-04-05
SIG-05489,PROD-01387,STORE-0263,spike,52.6,2026-03-11
SIG-05490,PROD-01353,STORE-0444,seasonal,59.7,2026-07-08
SIG-05491,PROD-03175,STORE-0078,spike,-2.2,2026-08-25
SIG-05492,PROD-03253,STORE-0142,seasonal,40.4,2026-06-01
SIG-05493,PROD-01324,STORE-0486,seasonal,-39.9,2026-06-17
SIG-05494,PROD-03501,STORE-0478,seasonal,-21.7,2026-03-08
SIG-05495,PROD-04517,STORE-0071,decline,-3.7,2026-08-17
SIG-05496,PROD-01453,STORE-0462,decline,-4.3,2026-05-27
SIG-05497,PROD-03369,STORE-0416,spike,-22.5,2026-04-21
SIG-05498,PROD-00255,STORE-0162,seasonal,-39.0,2026-03-05
SIG-05499,PROD-03954,STORE-0201,decline,-36.6,2026-03-11
SIG-05500,PROD-04861,STORE-0359,seasonal,-14.8,2026-08-04
SIG-05501,PROD-00724,STORE-0275,spike,-18.3,2026-04-20
SIG-05502,PROD-02939,STORE-0336,spike,0.8,2026-01-07
SIG-05503,PROD-02231,STORE-0170,seasonal,61.2,2026-05-19
SIG-05504,PROD-03576,STORE-0452,seasonal,-34.6,2026-06-04
SIG-05505,PROD-04788,STORE-0283,spike,-15.2,2026-01-02
SIG-05506,PROD-01656,STORE-0377,seasonal,24.3,2026-04-12
SIG-05507,PROD-02438,STORE-0097,decline,36.0,2026-06-28
SIG-05508,PROD-04663,STORE-0281,seasonal,42.5,2026-04-04
SIG-05509,PROD-00763,STORE-0141,spike,79.5,2026-03-15
SIG-05510,PROD-01026,STORE-0360,seasonal,-36.5,2026-08-17
SIG-05511,PROD-00680,STORE-0018,spike,2.9,2026-01-23
SIG-05512,PROD-02057,STORE-0354,seasonal,-21.3,2026-03-03
SIG-05513,PROD-02514,STORE-0178,seasonal,-21.5,2026-05-22
SIG-05514,PROD-03561,STORE-0200,seasonal,41.4,2026-06-25
SIG-05515,PROD-01728,STORE-0343,decline,52.8,2026-08-20
SIG-05516,PROD-04339,STORE-0289,seasonal,-23.1,2026-05-16
SIG-05517,PROD-01198,STORE-0409,seasonal,16.1,2026-04-19
SIG-05518,PROD-00337,STORE-0494,seasonal,65.6,2026-05-25
SIG-05519,PROD-01068,STORE-0253,decline,20.1,2026-04-06
SIG-05520,PROD-04956,STORE-0051,decline,47.3,2026-03-11
SIG-05521,PROD-00481,STORE-0313,spike,62.3,2026-08-25
SIG-05522,PROD-02614,STORE-0326,spike,7.1,2026-05-08
SIG-05523,PROD-04178,STORE-0424,seasonal,-3.8,2026-06-15
SIG-05524,PROD-02490,STORE-0204,seasonal,33.9,2026-01-04
SIG-05525,PROD-01523,STORE-0163,spike,42.8,2026-02-17
SIG-05526,PROD-03434,STORE-0093,seasonal,-8.6,2026-01-01
SIG-05527,PROD-00903,STORE-0335,spike,37.7,2026-08-26
SIG-05528,PROD-01571,STORE-0221,decline,-13.9,2026-06-07
SIG-05529,PROD-03655,STORE-0131,decline,-24.4,2026-02-14
SIG-05530,PROD-01273,STORE-0026,spike,11.6,2026-06-06
SIG-05531,PROD-01058,STORE-0323,spike,-29.1,2026-08-09
SIG-05532,PROD-04736,STORE-0225,spike,-1.3,2026-08-09
SIG-05533,PROD-02648,STORE-0084,decline,73.5,2026-04-18
SIG-05534,PROD-03138,STORE-0151,spike,33.0,2026-02-17
SIG-05535,PROD-03286,STORE-0448,decline,16.0,2026-02-24
SIG-05536,PROD-01013,STORE-0341,decline,59.7,2026-07-10
SIG-05537,PROD-01216,STORE-0223,decline,19.6,2026-01-04
SIG-05538,PROD-03208,STORE-0124,seasonal,-8.6,2026-02-23
SIG-05539,PROD-00093,STORE-0025,decline,-38.3,2026-06-26
SIG-05540,PROD-02576,STORE-0019,decline,55.8,2026-05-01
SIG-05541,PROD-04420,STORE-0139,seasonal,78.0,2026-02-04
SIG-05542,PROD-03176,STORE-0461,spike,-27.5,2026-08-20
SIG-05543,PROD-02732,STORE-0042,decline,26.7,2026-03-26
SIG-05544,PROD-04627,STORE-0305,seasonal,64.5,2026-08-27
SIG-05545,PROD-01278,STORE-0428,decline,18.3,2026-04-14
SIG-05546,PROD-03383,STORE-0291,spike,43.4,2026-08-14
SIG-05547,PROD-02299,STORE-0034,seasonal,70.2,2026-03-01
SIG-05548,PROD-01738,STORE-0406,seasonal,-7.4,2026-02-25
SIG-05549,PROD-00182,STORE-0437,spike,13.9,2026-02-10
SIG-05550,PROD-00698,STORE-0419,seasonal,24.0,2026-08-26
SIG-05551,PROD-02801,STORE-0078,seasonal,-13.2,2026-03-01
SIG-05552,PROD-00829,STORE-0245,spike,27.6,2026-01-06
SIG-05553,PROD-01591,STORE-0076,decline,-32.2,2026-06-17
SIG-05554,PROD-04504,STORE-0269,decline,-18.7,2026-07-26
SIG-05555,PROD-00986,STORE-0282,seasonal,26.1,2026-06-04
SIG-05556,PROD-04508,STORE-0042,spike,77.8,2026-05-12
SIG-05557,PROD-02561,STORE-0436,spike,56.9,2026-08-09
SIG-05558,PROD-04275,STORE-0069,spike,-29.5,2026-08-28
SIG-05559,PROD-04893,STORE-0012,decline,25.3,2026-06-27
SIG-05560,PROD-01448,STORE-0055,spike,53.0,2026-05-10
SIG-05561,PROD-00999,STORE-0249,spike,49.6,2026-07-27
SIG-05562,PROD-03761,STORE-0019,decline,56.7,2026-05-03
SIG-05563,PROD-01873,STORE-0290,seasonal,52.0,2026-03-23
SIG-05564,PROD-04621,STORE-0102,decline,-0.1,2026-08-04
SIG-05565,PROD-02954,STORE-0472,spike,64.3,2026-02-19
SIG-05566,PROD-03031,STORE-0135,spike,13.6,2026-04-21
SIG-05567,PROD-04340,STORE-0199,seasonal,-21.6,2026-07-28
SIG-05568,PROD-01401,STORE-0270,decline,71.2,2026-05-18
SIG-05569,PROD-03559,STORE-0139,spike,8.2,2026-05-24
SIG-05570,PROD-03450,STORE-0422,spike,7.1,2026-01-07
SIG-05571,PROD-00891,STORE-0280,seasonal,-25.5,2026-01-24
SIG-05572,PROD-00086,STORE-0089,decline,53.5,2026-07-03
SIG-05573,PROD-00144,STORE-0493,decline,-12.5,2026-01-09
SIG-05574,PROD-02334,STORE-0173,decline,69.4,2026-01-23
SIG-05575,PROD-04636,STORE-0251,spike,-11.9,2026-02-25
SIG-05576,PROD-02383,STORE-0459,seasonal,-20.8,2026-05-04
SIG-05577,PROD-02112,STORE-0461,spike,29.2,2026-06-24
SIG-05578,PROD-03284,STORE-0072,spike,-35.9,2026-01-13
SIG-05579,PROD-00573,STORE-0191,seasonal,67.3,2026-02-24
SIG-05580,PROD-03842,STORE-0080,spike,52.8,2026-07-14
SIG-05581,PROD-04257,STORE-0426,seasonal,72.3,2026-05-24
SIG-05582,PROD-03636,STORE-0265,seasonal,24.1,2026-03-17
SIG-05583,PROD-03249,STORE-0230,seasonal,50.9,2026-07-18
SIG-05584,PROD-01193,STORE-0393,decline,1.2,2026-04-26
SIG-05585,PROD-01905,STORE-0442,decline,12.4,2026-05-13
SIG-05586,PROD-04781,STORE-0016,seasonal,59.6,2026-08-13
SIG-05587,PROD-04135,STORE-0376,seasonal,-39.2,2026-05-11
SIG-05588,PROD-00897,STORE-0271,seasonal,66.1,2026-01-22
SIG-05589,PROD-04379,STORE-0274,spike,-20.6,2026-05-08
SIG-05590,PROD-04679,STORE-0348,spike,-24.6,2026-03-19
SIG-05591,PROD-04932,STORE-0168,spike,1.4,2026-07-20
SIG-05592,PROD-04744,STORE-0063,decline,73.5,2026-08-21
SIG-05593,PROD-02121,STORE-0426,seasonal,32.0,2026-02-15
SIG-05594,PROD-00814,STORE-0194,seasonal,19.1,2026-08-07
SIG-05595,PROD-04728,STORE-0015,decline,28.7,2026-06-11
SIG-05596,PROD-03544,STORE-0105,spike,4.5,2026-03-16
SIG-05597,PROD-02392,STORE-0427,spike,68.8,2026-03-14
SIG-05598,PROD-04341,STORE-0276,decline,47.6,2026-05-25
SIG-05599,PROD-02543,STORE-0262,decline,4.7,2026-02-09
SIG-05600,PROD-02937,STORE-0157,decline,-28.6,2026-06-04
SIG-05601,PROD-02946,STORE-0373,decline,-16.0,2026-06-05
SIG-05602,PROD-03744,STORE-0390,decline,-37.2,2026-06-11
SIG-05603,PROD-00511,STORE-0212,spike,-8.0,2026-05-20
SIG-05604,PROD-02956,STORE-0243,decline,1.0,2026-06-27
SIG-05605,PROD-02571,STORE-0344,seasonal,57.3,2026-06-24
SIG-05606,PROD-00234,STORE-0392,decline,38.0,2026-01-18
SIG-05607,PROD-03544,STORE-0103,spike,72.6,2026-04-01
SIG-05608,PROD-02418,STORE-0330,decline,63.2,2026-07-17
SIG-05609,PROD-04464,STORE-0173,spike,29.2,2026-02-03
SIG-05610,PROD-01623,STORE-0468,spike,-32.6,2026-05-15
SIG-05611,PROD-03321,STORE-0267,seasonal,62.9,2026-03-24
SIG-05612,PROD-00865,STORE-0474,seasonal,57.6,2026-03-13
SIG-05613,PROD-00676,STORE-0495,seasonal,69.0,2026-03-09
SIG-05614,PROD-04379,STORE-0472,decline,-8.1,2026-08-14
SIG-05615,PROD-02559,STORE-0051,spike,28.0,2026-04-02
SIG-05616,PROD-02205,STORE-0341,seasonal,14.9,2026-06-03
SIG-05617,PROD-01028,STORE-0370,decline,48.1,2026-02-20
SIG-05618,PROD-02425,STORE-0269,seasonal,24.7,2026-07-21
SIG-05619,PROD-04102,STORE-0106,spike,77.3,2026-01-12
SIG-05620,PROD-04800,STORE-0203,spike,17.9,2026-03-09
SIG-05621,PROD-02482,STORE-0285,seasonal,-21.8,2026-02-06
SIG-05622,PROD-00975,STORE-0188,decline,30.3,2026-05-02
SIG-05623,PROD-02465,STORE-0252,spike,-11.1,2026-07-02
SIG-05624,PROD-01756,STORE-0082,decline,52.3,2026-08-22
SIG-05625,PROD-01061,STORE-0353,spike,23.1,2026-05-25
SIG-05626,PROD-04754,STORE-0395,seasonal,75.4,2026-07-01
SIG-05627,PROD-03645,STORE-0228,spike,23.3,2026-05-21
SIG-05628,PROD-01130,STORE-0126,decline,63.4,2026-04-22
SIG-05629,PROD-02001,STORE-0347,seasonal,-6.5,2026-08-05
SIG-05630,PROD-04101,STORE-0356,decline,-7.7,2026-03-19
SIG-05631,PROD-04555,STORE-0123,spike,-3.3,2026-01-13
SIG-05632,PROD-00267,STORE-0118,seasonal,71.6,2026-06-17
SIG-05633,PROD-03928,STORE-0133,decline,-1.9,2026-07-28
SIG-05634,PROD-01535,STORE-0457,spike,38.6,2026-07-12
SIG-05635,PROD-00812,STORE-0356,decline,53.5,2026-03-11
SIG-05636,PROD-00453,STORE-0079,spike,9.0,2026-04-15
SIG-05637,PROD-03485,STORE-0308,decline,61.2,2026-02-14
SIG-05638,PROD-02582,STORE-0069,seasonal,39.1,2026-07-12
SIG-05639,PROD-04948,STORE-0378,decline,0.9,2026-06-08
SIG-05640,PROD-03090,STORE-0252,seasonal,59.9,2026-06-27
SIG-05641,PROD-03945,STORE-0319,decline,75.0,2026-07-22
SIG-05642,PROD-01507,STORE-0187,spike,72.0,2026-05-11
SIG-05643,PROD-04733,STORE-0312,spike,-21.5,2026-02-10
SIG-05644,PROD-00766,STORE-0377,spike,-22.7,2026-03-26
SIG-05645,PROD-03446,STORE-0304,decline,61.8,2026-03-11
SIG-05646,PROD-00091,STORE-0326,decline,27.6,2026-02-14
SIG-05647,PROD-01478,STORE-0259,spike,-26.8,2026-01-05
SIG-05648,PROD-04063,STORE-0173,decline,-7.2,2026-08-03
SIG-05649,PROD-02405,STORE-0388,decline,66.5,2026-07-11
SIG-05650,PROD-00786,STORE-0474,decline,21.2,2026-08-27
SIG-05651,PROD-02541,STORE-0388,seasonal,-22.1,2026-01-20
SIG-05652,PROD-01058,STORE-0301,decline,33.2,2026-02-01
SIG-05653,PROD-03734,STORE-0404,spike,30.1,2026-06-21
SIG-05654,PROD-01717,STORE-0169,decline,54.8,2026-01-26
SIG-05655,PROD-00792,STORE-0380,seasonal,-22.4,2026-02-20
SIG-05656,PROD-03483,STORE-0393,decline,58.6,2026-01-12
SIG-05657,PROD-01100,STORE-0303,spike,53.8,2026-08-20
SIG-05658,PROD-02389,STORE-0358,seasonal,-25.6,2026-05-24
SIG-05659,PROD-00052,STORE-0075,decline,1.6,2026-04-05
SIG-05660,PROD-01309,STORE-0339,decline,18.6,2026-08-16
SIG-05661,PROD-03786,STORE-0202,decline,44.7,2026-03-21
SIG-05662,PROD-03359,STORE-0239,decline,57.8,2026-02-20
SIG-05663,PROD-00604,STORE-0092,spike,74.9,2026-04-09
SIG-05664,PROD-02591,STORE-0433,spike,43.9,2026-07-27
SIG-05665,PROD-00522,STORE-0220,seasonal,38.6,2026-07-10
SIG-05666,PROD-00653,STORE-0463,decline,59.3,2026-06-21
SIG-05667,PROD-03423,STORE-0473,decline,-20.4,2026-06-27
SIG-05668,PROD-03752,STORE-0140,decline,55.1,2026-07-10
SIG-05669,PROD-02468,STORE-0347,decline,-37.2,2026-07-15
SIG-05670,PROD-01473,STORE-0077,seasonal,-26.4,2026-08-03
SIG-05671,PROD-01439,STORE-0413,seasonal,48.5,2026-04-19
SIG-05672,PROD-04444,STORE-0220,decline,34.8,2026-07-23
SIG-05673,PROD-04416,STORE-0214,spike,54.8,2026-02-17
SIG-05674,PROD-01259,STORE-0498,decline,-30.1,2026-08-07
SIG-05675,PROD-00576,STORE-0042,seasonal,26.3,2026-05-11
SIG-05676,PROD-00091,STORE-0444,decline,69.3,2026-07-06
SIG-05677,PROD-04576,STORE-0291,spike,34.7,2026-03-15
SIG-05678,PROD-01047,STORE-0384,decline,15.3,2026-08-24
SIG-05679,PROD-04031,STORE-0302,spike,74.4,2026-04-11
SIG-05680,PROD-04694,STORE-0082,seasonal,42.8,2026-08-16
SIG-05681,PROD-04349,STORE-0068,seasonal,5.1,2026-04-20
SIG-05682,PROD-03318,STORE-0400,spike,-4.8,2026-01-28
SIG-05683,PROD-02177,STORE-0406,decline,24.7,2026-06-19
SIG-05684,PROD-01486,STORE-0271,seasonal,-18.1,2026-02-25
SIG-05685,PROD-01993,STORE-0355,decline,54.7,2026-08-28
SIG-05686,PROD-01276,STORE-0153,decline,-10.8,2026-05-04
SIG-05687,PROD-01483,STORE-0467,seasonal,2.8,2026-06-27
SIG-05688,PROD-03381,STORE-0029,decline,39.1,2026-06-09
SIG-05689,PROD-03513,STORE-0327,spike,-8.8,2026-07-03
SIG-05690,PROD-02492,STORE-0134,decline,76.5,2026-06-23
SIG-05691,PROD-03907,STORE-0073,seasonal,16.7,2026-04-15
SIG-05692,PROD-04632,STORE-0302,decline,69.2,2026-05-04
SIG-05693,PROD-04137,STORE-0150,spike,0.4,2026-04-27
SIG-05694,PROD-01291,STORE-0222,seasonal,73.1,2026-07-19
SIG-05695,PROD-03129,STORE-0258,spike,16.1,2026-02-07
SIG-05696,PROD-03254,STORE-0093,decline,38.5,2026-06-16
SIG-05697,PROD-01998,STORE-0262,seasonal,-18.7,2026-03-15
SIG-05698,PROD-00288,STORE-0388,decline,63.5,2026-03-03
SIG-05699,PROD-02705,STORE-0343,seasonal,67.4,2026-08-25
SIG-05700,PROD-00264,STORE-0433,spike,10.0,2026-05-03
SIG-05701,PROD-02026,STORE-0030,decline,-29.7,2026-07-08
SIG-05702,PROD-04869,STORE-0260,decline,17.1,2026-01-06
SIG-05703,PROD-03379,STORE-0310,spike,52.3,2026-04-12
SIG-05704,PROD-02973,STORE-0143,spike,55.7,2026-03-11
SIG-05705,PROD-02754,STORE-0020,decline,-23.9,2026-05-15
SIG-05706,PROD-01752,STORE-0245,decline,59.4,2026-07-07
SIG-05707,PROD-01998,STORE-0100,seasonal,3.1,2026-02-25
SIG-05708,PROD-04570,STORE-0003,seasonal,-38.2,2026-01-17
SIG-05709,PROD-00256,STORE-0150,decline,18.0,2026-05-23
SIG-05710,PROD-00790,STORE-0328,seasonal,-14.9,2026-07-02
SIG-05711,PROD-04026,STORE-0232,seasonal,58.1,2026-02-28
SIG-05712,PROD-00791,STORE-0365,seasonal,13.5,2026-08-21
SIG-05713,PROD-01910,STORE-0219,spike,40.2,2026-01-09
SIG-05714,PROD-02714,STORE-0225,seasonal,68.5,2026-01-09
SIG-05715,PROD-03148,STORE-0415,spike,4.1,2026-02-04
SIG-05716,PROD-01148,STORE-0259,spike,78.6,2026-05-13
SIG-05717,PROD-04909,STORE-0047,decline,4.9,2026-06-04
SIG-05718,PROD-04109,STORE-0466,seasonal,-37.6,2026-05-28
SIG-05719,PROD-00548,STORE-0200,decline,39.0,2026-08-11
SIG-05720,PROD-03593,STORE-0297,seasonal,55.0,2026-01-07
SIG-05721,PROD-02894,STORE-0157,spike,7.9,2026-01-21
SIG-05722,PROD-03830,STORE-0223,seasonal,-28.0,2026-04-28
SIG-05723,PROD-00925,STORE-0014,decline,63.7,2026-01-24
SIG-05724,PROD-01320,STORE-0363,decline,64.3,2026-07-25
SIG-05725,PROD-01983,STORE-0043,decline,10.6,2026-04-07
SIG-05726,PROD-02571,STORE-0249,spike,-39.1,2026-07-02
SIG-05727,PROD-01038,STORE-0491,decline,55.9,2026-08-27
SIG-05728,PROD-01481,STORE-0292,spike,5.7,2026-01-12
SIG-05729,PROD-00202,STORE-0127,seasonal,36.7,2026-04-12
SIG-05730,PROD-00821,STORE-0460,decline,-31.2,2026-05-17
SIG-05731,PROD-00637,STORE-0263,seasonal,-33.8,2026-08-01
SIG-05732,PROD-00395,STORE-0315,spike,-11.6,2026-06-06
SIG-05733,PROD-04633,STORE-0317,seasonal,66.7,2026-01-16
SIG-05734,PROD-02660,STORE-0303,spike,15.2,2026-06-26
SIG-05735,PROD-02654,STORE-0197,spike,-27.0,2026-06-28
SIG-05736,PROD-04321,STORE-0371,seasonal,60.1,2026-03-14
SIG-05737,PROD-03815,STORE-0112,decline,44.9,2026-01-03
SIG-05738,PROD-01472,STORE-0134,seasonal,64.4,2026-04-15
SIG-05739,PROD-04783,STORE-0253,spike,-28.5,2026-07-22
SIG-05740,PROD-01415,STORE-0460,spike,53.9,2026-01-21
SIG-05741,PROD-01047,STORE-0015,seasonal,4.0,2026-06-04
SIG-05742,PROD-03524,STORE-0072,spike,74.8,2026-07-03
SIG-05743,PROD-00554,STORE-0277,decline,-17.0,2026-07-23
SIG-05744,PROD-01576,STORE-0348,decline,-38.7,2026-04-08
SIG-05745,PROD-00890,STORE-0279,seasonal,67.4,2026-02-22
SIG-05746,PROD-01849,STORE-0199,spike,5.2,2026-04-01
SIG-05747,PROD-03657,STORE-0136,spike,17.7,2026-03-04
SIG-05748,PROD-00124,STORE-0472,spike,-15.8,2026-05-20
SIG-05749,PROD-02597,STORE-0486,spike,43.9,2026-01-22
SIG-05750,PROD-01359,STORE-0052,spike,26.5,2026-04-08
SIG-05751,PROD-04679,STORE-0414,decline,78.1,2026-07-16
SIG-05752,PROD-03889,STORE-0168,decline,54.6,2026-03-18
SIG-05753,PROD-02484,STORE-0423,decline,-25.6,2026-02-05
SIG-05754,PROD-02985,STORE-0131,spike,29.2,2026-07-16
SIG-05755,PROD-01881,STORE-0221,spike,-8.6,2026-07-15
SIG-05756,PROD-01641,STORE-0245,spike,57.0,2026-01-21
SIG-05757,PROD-02754,STORE-0317,decline,-0.8,2026-01-16
SIG-05758,PROD-00043,STORE-0230,decline,12.7,2026-02-08
SIG-05759,PROD-02917,STORE-0403,spike,40.5,2026-05-24
SIG-05760,PROD-02258,STORE-0037,spike,-24.3,2026-08-06
SIG-05761,PROD-02732,STORE-0155,spike,39.7,2026-06-16
SIG-05762,PROD-04583,STORE-0347,decline,-36.8,2026-01-02
SIG-05763,PROD-01081,STORE-0372,seasonal,6.3,2026-06-09
SIG-05764,PROD-01142,STORE-0005,seasonal,-3.9,2026-01-14
SIG-05765,PROD-04429,STORE-0264,seasonal,-20.8,2026-08-17
SIG-05766,PROD-04788,STORE-0081,seasonal,5.4,2026-05-15
SIG-05767,PROD-04890,STORE-0100,seasonal,-3.5,2026-08-25
SIG-05768,PROD-02253,STORE-0463,seasonal,-17.6,2026-07-05
SIG-05769,PROD-03175,STORE-0018,spike,-19.1,2026-06-21
SIG-05770,PROD-04874,STORE-0413,decline,24.6,2026-03-21
SIG-05771,PROD-04964,STORE-0084,decline,2.8,2026-06-12
SIG-05772,PROD-01147,STORE-0484,spike,74.2,2026-03-02
SIG-05773,PROD-01188,STORE-0011,spike,2.1,2026-03-18
SIG-05774,PROD-03239,STORE-0476,spike,-11.4,2026-05-22
SIG-05775,PROD-02647,STORE-0405,spike,-13.3,2026-05-26
SIG-05776,PROD-01434,STORE-0472,spike,-31.5,2026-08-01
SIG-05777,PROD-03251,STORE-0007,spike,55.1,2026-08-18
SIG-05778,PROD-04030,STORE-0063,seasonal,34.5,2026-01-20
SIG-05779,PROD-02134,STORE-0248,spike,3.1,2026-07-06
SIG-05780,PROD-04847,STORE-0010,seasonal,-21.3,2026-06-12
SIG-05781,PROD-03554,STORE-0176,spike,49.0,2026-06-19
SIG-05782,PROD-02104,STORE-0459,seasonal,-13.9,2026-06-18
SIG-05783,PROD-03710,STORE-0146,seasonal,49.4,2026-01-27
SIG-05784,PROD-04201,STORE-0363,decline,73.1,2026-08-06
SIG-05785,PROD-00175,STORE-0386,spike,23.6,2026-07-04
SIG-05786,PROD-04136,STORE-0120,seasonal,2.7,2026-04-27
SIG-05787,PROD-04901,STORE-0435,spike,-0.4,2026-04-28
SIG-05788,PROD-03841,STORE-0045,seasonal,39.1,2026-03-22
SIG-05789,PROD-03453,STORE-0386,spike,74.9,2026-05-11
SIG-05790,PROD-02148,STORE-0437,seasonal,-32.0,2026-08-16
SIG-05791,PROD-04840,STORE-0030,spike,53.3,2026-05-06
SIG-05792,PROD-02132,STORE-0220,spike,-29.1,2026-05-09
SIG-05793,PROD-02727,STORE-0177,decline,17.1,2026-06-25
SIG-05794,PROD-03586,STORE-0272,decline,-6.0,2026-07-17
SIG-05795,PROD-01832,STORE-0398,seasonal,-14.5,2026-02-28
SIG-05796,PROD-04650,STORE-0051,spike,65.9,2026-08-27
SIG-05797,PROD-00891,STORE-0331,spike,52.0,2026-03-12
SIG-05798,PROD-03704,STORE-0142,decline,70.1,2026-08-18
SIG-05799,PROD-00192,STORE-0262,seasonal,77.5,2026-05-12
SIG-05800,PROD-02846,STORE-0087,spike,-16.2,2026-04-25
SIG-05801,PROD-02091,STORE-0412,spike,36.2,2026-04-09
SIG-05802,PROD-04806,STORE-0164,seasonal,8.3,2026-05-11
SIG-05803,PROD-03814,STORE-0320,seasonal,-38.8,2026-04-23
SIG-05804,PROD-00080,STORE-0213,decline,21.3,2026-07-12
SIG-05805,PROD-04268,STORE-0166,seasonal,15.5,2026-06-19
SIG-05806,PROD-00001,STORE-0389,decline,70.2,2026-01-08
SIG-05807,PROD-03856,STORE-0108,decline,74.8,2026-06-08
SIG-05808,PROD-00606,STORE-0230,decline,-5.6,2026-08-20
SIG-05809,PROD-01360,STORE-0222,spike,52.5,2026-03-06
SIG-05810,PROD-02073,STORE-0326,seasonal,6.5,2026-04-03
SIG-05811,PROD-04987,STORE-0032,decline,-23.9,2026-06-11
SIG-05812,PROD-04853,STORE-0071,seasonal,-1.5,2026-08-06
SIG-05813,PROD-04088,STORE-0131,spike,3.2,2026-06-28
SIG-05814,PROD-00784,STORE-0021,spike,-34.3,2026-08-04
SIG-05815,PROD-04978,STORE-0427,decline,76.0,2026-08-25
SIG-05816,PROD-04945,STORE-0439,decline,-20.9,2026-02-16
SIG-05817,PROD-00073,STORE-0332,decline,44.2,2026-07-05
SIG-05818,PROD-03320,STORE-0431,spike,-18.0,2026-02-28
SIG-05819,PROD-03698,STORE-0175,decline,-12.9,2026-08-03
SIG-05820,PROD-04668,STORE-0178,seasonal,53.2,2026-01-14
SIG-05821,PROD-03386,STORE-0104,seasonal,62.5,2026-05-14
SIG-05822,PROD-00602,STORE-0027,spike,54.1,2026-05-19
SIG-05823,PROD-00703,STORE-0087,seasonal,-24.4,2026-07-16
SIG-05824,PROD-01917,STORE-0100,seasonal,8.5,2026-04-23
SIG-05825,PROD-01196,STORE-0050,seasonal,54.4,2026-01-25
SIG-05826,PROD-00478,STORE-0176,decline,78.5,2026-05-08
SIG-05827,PROD-01730,STORE-0228,seasonal,49.3,2026-03-07
SIG-05828,PROD-03200,STORE-0051,decline,43.9,2026-04-10
SIG-05829,PROD-02552,STORE-0062,spike,-38.9,2026-03-02
SIG-05830,PROD-02278,STORE-0137,seasonal,33.4,2026-05-04
SIG-05831,PROD-04895,STORE-0319,seasonal,10.6,2026-01-17
SIG-05832,PROD-01783,STORE-0214,seasonal,39.5,2026-08-05
SIG-05833,PROD-01450,STORE-0027,spike,68.9,2026-07-17
SIG-05834,PROD-01616,STORE-0084,decline,52.5,2026-04-23
SIG-05835,PROD-00473,STORE-0466,seasonal,-30.7,2026-02-21
SIG-05836,PROD-03972,STORE-0449,spike,65.6,2026-07-06
SIG-05837,PROD-04414,STORE-0083,spike,-8.3,2026-06-14
SIG-05838,PROD-03545,STORE-0320,decline,10.6,2026-06-10
SIG-05839,PROD-02268,STORE-0437,spike,-23.3,2026-07-20
SIG-05840,PROD-04029,STORE-0181,spike,34.2,2026-07-25
SIG-05841,PROD-02979,STORE-0163,decline,76.0,2026-06-21
SIG-05842,PROD-00387,STORE-0031,decline,-16.1,2026-08-11
SIG-05843,PROD-03838,STORE-0399,seasonal,39.8,2026-01-08
SIG-05844,PROD-01145,STORE-0106,seasonal,68.4,2026-04-19
SIG-05845,PROD-03593,STORE-0072,seasonal,14.5,2026-03-11
SIG-05846,PROD-03355,STORE-0224,spike,15.1,2026-03-25
SIG-05847,PROD-04030,STORE-0374,decline,-12.7,2026-04-12
SIG-05848,PROD-02884,STORE-0184,spike,60.6,2026-03-11
SIG-05849,PROD-04964,STORE-0338,spike,0.1,2026-02-08
SIG-05850,PROD-04609,STORE-0264,decline,47.7,2026-01-10
SIG-05851,PROD-00965,STORE-0348,spike,51.4,2026-07-19
SIG-05852,PROD-03201,STORE-0373,decline,45.2,2026-06-13
SIG-05853,PROD-02910,STORE-0306,decline,-11.4,2026-04-12
SIG-05854,PROD-04931,STORE-0144,spike,-2.1,2026-06-10
SIG-05855,PROD-00974,STORE-0185,decline,-1.0,2026-05-17
SIG-05856,PROD-03349,STORE-0325,decline,69.3,2026-01-22
SIG-05857,PROD-04064,STORE-0095,seasonal,-6.2,2026-02-26
SIG-05858,PROD-02206,STORE-0435,seasonal,-24.7,2026-02-22
SIG-05859,PROD-01525,STORE-0457,seasonal,17.8,2026-06-17
SIG-05860,PROD-02309,STORE-0310,spike,-5.7,2026-08-16
SIG-05861,PROD-04723,STORE-0142,seasonal,4.4,2026-02-25
SIG-05862,PROD-03690,STORE-0070,decline,36.6,2026-02-18
SIG-05863,PROD-04601,STORE-0268,decline,76.2,2026-05-10
SIG-05864,PROD-01123,STORE-0297,spike,63.0,2026-02-22
SIG-05865,PROD-04578,STORE-0284,decline,-26.5,2026-03-20
SIG-05866,PROD-01284,STORE-0073,decline,-0.4,2026-07-26
SIG-05867,PROD-01920,STORE-0421,spike,15.8,2026-08-26
SIG-05868,PROD-04862,STORE-0409,decline,14.9,2026-08-14
SIG-05869,PROD-01985,STORE-0490,decline,-5.5,2026-02-03
SIG-05870,PROD-02183,STORE-0312,decline,-3.6,2026-06-20
SIG-05871,PROD-02102,STORE-0487,decline,9.5,2026-05-06
SIG-05872,PROD-02048,STORE-0335,spike,70.9,2026-07-14
SIG-05873,PROD-03430,STORE-0332,seasonal,33.4,2026-05-04
SIG-05874,PROD-01009,STORE-0202,spike,21.8,2026-02-10
SIG-05875,PROD-03197,STORE-0109,seasonal,50.7,2026-04-22
SIG-05876,PROD-03443,STORE-0432,spike,14.0,2026-07-02
SIG-05877,PROD-02264,STORE-0304,decline,8.1,2026-08-01
SIG-05878,PROD-04780,STORE-0008,seasonal,-28.7,2026-05-02
SIG-05879,PROD-00708,STORE-0235,spike,48.9,2026-02-12
SIG-05880,PROD-04885,STORE-0099,decline,26.3,2026-03-16
SIG-05881,PROD-00749,STORE-0184,decline,14.5,2026-05-12
SIG-05882,PROD-03288,STORE-0156,decline,13.5,2026-06-26
SIG-05883,PROD-03972,STORE-0188,decline,-25.7,2026-07-21
SIG-05884,PROD-00217,STORE-0007,spike,74.7,2026-02-27
SIG-05885,PROD-01813,STORE-0470,seasonal,-10.9,2026-01-23
SIG-05886,PROD-04124,STORE-0306,spike,28.9,2026-06-05
SIG-05887,PROD-01696,STORE-0459,decline,63.8,2026-06-04
SIG-05888,PROD-04178,STORE-0236,spike,49.4,2026-04-24
SIG-05889,PROD-02517,STORE-0198,decline,53.5,2026-06-28
SIG-05890,PROD-04662,STORE-0061,spike,-16.5,2026-03-14
SIG-05891,PROD-00110,STORE-0118,decline,-9.1,2026-04-15
SIG-05892,PROD-01300,STORE-0294,decline,44.3,2026-08-26
SIG-05893,PROD-04888,STORE-0107,seasonal,71.1,2026-07-13
SIG-05894,PROD-01355,STORE-0453,decline,43.1,2026-01-06
SIG-05895,PROD-02771,STORE-0231,spike,26.7,2026-06-05
SIG-05896,PROD-04899,STORE-0483,seasonal,0.4,2026-01-27
SIG-05897,PROD-01546,STORE-0319,decline,3.2,2026-01-06
SIG-05898,PROD-00525,STORE-0316,decline,22.1,2026-06-22
SIG-05899,PROD-01393,STORE-0182,decline,43.1,2026-01-04
SIG-05900,PROD-00087,STORE-0003,decline,66.5,2026-08-05
SIG-05901,PROD-01346,STORE-0167,seasonal,65.9,2026-08-17
SIG-05902,PROD-03114,STORE-0058,seasonal,57.8,2026-03-23
SIG-05903,PROD-00433,STORE-0387,spike,-23.6,2026-07-08
SIG-05904,PROD-03187,STORE-0303,decline,56.9,2026-07-08
SIG-05905,PROD-00447,STORE-0354,decline,-5.8,2026-03-02
SIG-05906,PROD-02980,STORE-0207,decline,-31.7,2026-04-28
SIG-05907,PROD-04736,STORE-0254,spike,-22.6,2026-05-15
SIG-05908,PROD-00185,STORE-0460,seasonal,25.7,2026-06-28
SIG-05909,PROD-00859,STORE-0111,spike,66.2,2026-05-09
SIG-05910,PROD-04163,STORE-0263,decline,63.6,2026-03-21
SIG-05911,PROD-00800,STORE-0388,seasonal,-0.8,2026-06-08
SIG-05912,PROD-03729,STORE-0376,seasonal,30.6,2026-04-04
SIG-05913,PROD-04990,STORE-0315,decline,-6.5,2026-07-03
SIG-05914,PROD-01354,STORE-0240,seasonal,22.7,2026-02-25
SIG-05915,PROD-02486,STORE-0021,decline,-21.5,2026-04-26
SIG-05916,PROD-02619,STORE-0265,decline,65.5,2026-06-25
SIG-05917,PROD-00115,STORE-0105,decline,11.0,2026-04-06
SIG-05918,PROD-02784,STORE-0174,seasonal,74.3,2026-03-05
SIG-05919,PROD-01875,STORE-0370,seasonal,-3.7,2026-01-22
SIG-05920,PROD-00793,STORE-0290,decline,3.3,2026-01-11
SIG-05921,PROD-01956,STORE-0189,spike,15.9,2026-04-11
SIG-05922,PROD-01898,STORE-0052,spike,11.7,2026-07-18
SIG-05923,PROD-02821,STORE-0040,seasonal,24.6,2026-04-14
SIG-05924,PROD-03656,STORE-0390,spike,-25.9,2026-06-26
SIG-05925,PROD-02892,STORE-0090,seasonal,77.5,2026-04-21
SIG-05926,PROD-02247,STORE-0051,decline,6.7,2026-05-18
SIG-05927,PROD-01281,STORE-0237,decline,35.8,2026-04-22
SIG-05928,PROD-04488,STORE-0313,decline,78.3,2026-02-23
SIG-05929,PROD-01984,STORE-0371,spike,34.6,2026-03-19
SIG-05930,PROD-01005,STORE-0398,spike,-37.6,2026-06-23
SIG-05931,PROD-00572,STORE-0427,decline,-1.8,2026-05-22
SIG-05932,PROD-04935,STORE-0432,decline,11.5,2026-05-20
SIG-05933,PROD-03216,STORE-0389,seasonal,16.8,2026-07-18
SIG-05934,PROD-02949,STORE-0374,decline,-1.2,2026-02-24
SIG-05935,PROD-00753,STORE-0385,seasonal,45.1,2026-04-07
SIG-05936,PROD-01538,STORE-0455,seasonal,-12.7,2026-07-21
SIG-05937,PROD-00901,STORE-0458,spike,56.5,2026-03-04
SIG-05938,PROD-04462,STORE-0392,seasonal,3.7,2026-08-17
SIG-05939,PROD-04157,STORE-0208,seasonal,79.6,2026-02-28
SIG-05940,PROD-02052,STORE-0487,seasonal,9.0,2026-03-13
SIG-05941,PROD-04027,STORE-0112,spike,35.9,2026-07-04
SIG-05942,PROD-03543,STORE-0500,seasonal,5.2,2026-02-28
SIG-05943,PROD-02459,STORE-0121,decline,-32.9,2026-03-21
SIG-05944,PROD-04680,STORE-0215,seasonal,3.7,2026-08-22
SIG-05945,PROD-03212,STORE-0018,seasonal,-8.1,2026-04-03
SIG-05946,PROD-00266,STORE-0213,seasonal,-9.5,2026-08-08
SIG-05947,PROD-02046,STORE-0095,decline,0.7,2026-01-11
SIG-05948,PROD-03381,STORE-0119,spike,-19.9,2026-04-09
SIG-05949,PROD-04227,STORE-0367,seasonal,45.2,2026-04-15
SIG-05950,PROD-03967,STORE-0189,seasonal,36.8,2026-07-06
SIG-05951,PROD-03557,STORE-0168,decline,25.4,2026-06-16
SIG-05952,PROD-03049,STORE-0467,decline,-18.3,2026-06-24
SIG-05953,PROD-01690,STORE-0081,spike,11.5,2026-05-21
SIG-05954,PROD-02678,STORE-0214,decline,1.8,2026-05-09
SIG-05955,PROD-03554,STORE-0003,seasonal,-16.2,2026-01-04
SIG-05956,PROD-00565,STORE-0233,seasonal,-10.7,2026-05-08
SIG-05957,PROD-02986,STORE-0162,spike,38.5,2026-07-13
SIG-05958,PROD-04667,STORE-0466,decline,-4.0,2026-03-16
SIG-05959,PROD-02945,STORE-0295,seasonal,-33.5,2026-04-27
SIG-05960,PROD-00318,STORE-0123,spike,-25.8,2026-05-08
SIG-05961,PROD-01658,STORE-0087,spike,1.3,2026-08-01
SIG-05962,PROD-03073,STORE-0387,spike,-38.3,2026-06-03
SIG-05963,PROD-00740,STORE-0252,decline,17.7,2026-02-12
SIG-05964,PROD-02149,STORE-0411,seasonal,69.2,2026-01-25
SIG-05965,PROD-01060,STORE-0324,spike,-16.8,2026-03-25
SIG-05966,PROD-00128,STORE-0002,spike,-20.6,2026-04-28
SIG-05967,PROD-03777,STORE-0035,decline,44.4,2026-08-18
SIG-05968,PROD-04630,STORE-0277,seasonal,13.1,2026-03-20
SIG-05969,PROD-04035,STORE-0122,seasonal,-34.8,2026-01-17
SIG-05970,PROD-03337,STORE-0336,seasonal,44.0,2026-08-22
SIG-05971,PROD-03356,STORE-0122,seasonal,-29.6,2026-04-25
SIG-05972,PROD-01749,STORE-0416,spike,26.7,2026-04-09
SIG-05973,PROD-01678,STORE-0321,seasonal,-15.7,2026-06-25
SIG-05974,PROD-02374,STORE-0205,seasonal,74.2,2026-04-05
SIG-05975,PROD-03008,STORE-0065,decline,46.8,2026-05-03
SIG-05976,PROD-01853,STORE-0408,decline,59.5,2026-04-02
SIG-05977,PROD-04564,STORE-0266,spike,-39.2,2026-05-18
SIG-05978,PROD-04695,STORE-0384,spike,-35.1,2026-05-14
SIG-05979,PROD-00713,STORE-0188,decline,54.4,2026-01-22
SIG-05980,PROD-01269,STORE-0375,seasonal,16.1,2026-08-09
SIG-05981,PROD-01701,STORE-0320,spike,16.9,2026-08-09
SIG-05982,PROD-01387,STORE-0080,spike,52.1,2026-01-21
SIG-05983,PROD-04407,STORE-0010,seasonal,62.0,2026-06-13
SIG-05984,PROD-02110,STORE-0096,seasonal,45.7,2026-03-09
SIG-05985,PROD-00761,STORE-0423,decline,70.6,2026-08-23
SIG-05986,PROD-01585,STORE-0441,decline,-16.6,2026-04-04
SIG-05987,PROD-00459,STORE-0213,decline,38.6,2026-05-27
SIG-05988,PROD-04878,STORE-0376,seasonal,30.8,2026-03-11
SIG-05989,PROD-02541,STORE-0235,spike,38.4,2026-04-10
SIG-05990,PROD-00178,STORE-0159,seasonal,4.9,2026-01-28
SIG-05991,PROD-00695,STORE-0219,seasonal,55.2,2026-08-11
SIG-05992,PROD-04541,STORE-0263,spike,35.8,2026-03-22
SIG-05993,PROD-04482,STORE-0213,spike,61.4,2026-04-24
SIG-05994,PROD-01717,STORE-0230,seasonal,65.9,2026-01-08
SIG-05995,PROD-03741,STORE-0097,decline,-5.1,2026-02-01
SIG-05996,PROD-01744,STORE-0369,seasonal,37.1,2026-02-01
SIG-05997,PROD-00215,STORE-0463,decline,34.0,2026-07-08
SIG-05998,PROD-02109,STORE-0156,decline,-27.9,2026-02-13
SIG-05999,PROD-03078,STORE-0342,spike,-4.1,2026-02-14
SIG-06000,PROD-02046,STORE-0473,seasonal,32.5,2026-05-08
SIG-06001,PROD-03787,STORE-0123,decline,26.4,2026-04-09
SIG-06002,PROD-02453,STORE-0386,spike,-0.2,2026-04-12
SIG-06003,PROD-02204,STORE-0445,spike,-23.1,2026-06-23
SIG-06004,PROD-00062,STORE-0007,decline,-2.0,2026-06-03
SIG-06005,PROD-01640,STORE-0163,spike,-31.0,2026-05-22
SIG-06006,PROD-01965,STORE-0353,seasonal,-4.1,2026-07-07
SIG-06007,PROD-01200,STORE-0473,spike,48.0,2026-05-25
SIG-06008,PROD-00115,STORE-0372,spike,-29.2,2026-03-12
SIG-06009,PROD-02255,STORE-0033,spike,-23.8,2026-02-16
SIG-06010,PROD-02461,STORE-0168,decline,58.6,2026-05-14
SIG-06011,PROD-00461,STORE-0366,seasonal,9.3,2026-02-26
SIG-06012,PROD-00496,STORE-0393,seasonal,38.3,2026-05-21
SIG-06013,PROD-04148,STORE-0468,seasonal,-31.1,2026-03-08
SIG-06014,PROD-03253,STORE-0014,decline,28.0,2026-07-17
SIG-06015,PROD-01366,STORE-0448,spike,-18.6,2026-05-06
SIG-06016,PROD-03734,STORE-0212,decline,-10.9,2026-04-07
SIG-06017,PROD-01805,STORE-0277,seasonal,39.3,2026-05-05
SIG-06018,PROD-02605,STORE-0316,decline,70.5,2026-08-10
SIG-06019,PROD-01043,STORE-0097,spike,55.3,2026-01-06
SIG-06020,PROD-00069,STORE-0303,decline,73.0,2026-01-22
SIG-06021,PROD-03550,STORE-0293,decline,-19.3,2026-07-22
SIG-06022,PROD-02520,STORE-0195,spike,-18.3,2026-08-08
SIG-06023,PROD-00370,STORE-0021,decline,68.4,2026-06-19
SIG-06024,PROD-00479,STORE-0434,spike,-15.3,2026-02-16
SIG-06025,PROD-02273,STORE-0035,decline,2.0,2026-03-22
SIG-06026,PROD-03290,STORE-0188,spike,79.7,2026-07-20
SIG-06027,PROD-00878,STORE-0326,decline,39.2,2026-07-01
SIG-06028,PROD-03964,STORE-0125,spike,-13.0,2026-01-13
SIG-06029,PROD-02513,STORE-0125,decline,-24.8,2026-03-09
SIG-06030,PROD-02304,STORE-0109,seasonal,-16.8,2026-08-07
SIG-06031,PROD-00860,STORE-0266,spike,20.3,2026-02-02
SIG-06032,PROD-04667,STORE-0428,seasonal,-26.0,2026-03-15
SIG-06033,PROD-00192,STORE-0442,decline,39.5,2026-07-15
SIG-06034,PROD-03517,STORE-0456,seasonal,-4.5,2026-04-03
SIG-06035,PROD-02579,STORE-0082,spike,37.4,2026-08-02
SIG-06036,PROD-02825,STORE-0438,seasonal,19.6,2026-08-25
SIG-06037,PROD-03421,STORE-0347,decline,57.1,2026-02-13
SIG-06038,PROD-03757,STORE-0019,decline,62.3,2026-02-21
SIG-06039,PROD-02235,STORE-0343,decline,55.2,2026-02-18
SIG-06040,PROD-02995,STORE-0167,decline,5.3,2026-05-25
SIG-06041,PROD-03420,STORE-0097,spike,74.5,2026-08-06
SIG-06042,PROD-01552,STORE-0427,decline,-26.7,2026-06-17
SIG-06043,PROD-00465,STORE-0176,decline,66.6,2026-05-10
SIG-06044,PROD-04181,STORE-0087,seasonal,47.1,2026-02-19
SIG-06045,PROD-00303,STORE-0151,seasonal,-17.6,2026-02-03
SIG-06046,PROD-04202,STORE-0181,seasonal,35.1,2026-06-12
SIG-06047,PROD-04358,STORE-0465,decline,63.3,2026-05-10
SIG-06048,PROD-00195,STORE-0375,spike,-24.8,2026-06-04
SIG-06049,PROD-03555,STORE-0075,seasonal,-17.0,2026-01-05
SIG-06050,PROD-00353,STORE-0180,spike,71.7,2026-02-16
SIG-06051,PROD-02244,STORE-0084,decline,-28.3,2026-08-08
SIG-06052,PROD-04221,STORE-0226,decline,45.2,2026-01-08
SIG-06053,PROD-01110,STORE-0403,decline,59.5,2026-08-01
SIG-06054,PROD-00521,STORE-0230,spike,36.5,2026-06-15
SIG-06055,PROD-00374,STORE-0086,spike,-36.1,2026-03-26
SIG-06056,PROD-01367,STORE-0009,decline,-39.2,2026-05-20
SIG-06057,PROD-02151,STORE-0370,spike,-19.7,2026-07-01
SIG-06058,PROD-01551,STORE-0217,spike,-0.6,2026-04-16
SIG-06059,PROD-04491,STORE-0167,spike,61.2,2026-05-03
SIG-06060,PROD-01106,STORE-0235,decline,33.1,2026-07-06
SIG-06061,PROD-03566,STORE-0093,decline,47.6,2026-06-12
SIG-06062,PROD-04504,STORE-0123,seasonal,25.4,2026-01-02
SIG-06063,PROD-02859,STORE-0173,spike,57.8,2026-02-10
SIG-06064,PROD-02407,STORE-0249,seasonal,-19.7,2026-08-06
SIG-06065,PROD-00238,STORE-0172,spike,-3.5,2026-04-17
SIG-06066,PROD-04351,STORE-0162,spike,-2.6,2026-08-03
SIG-06067,PROD-00502,STORE-0301,seasonal,-6.6,2026-02-12
SIG-06068,PROD-03536,STORE-0484,spike,16.3,2026-06-12
SIG-06069,PROD-04145,STORE-0121,decline,16.2,2026-04-23
SIG-06070,PROD-03820,STORE-0089,spike,-9.8,2026-07-21
SIG-06071,PROD-01940,STORE-0465,spike,-25.9,2026-03-23
SIG-06072,PROD-00298,STORE-0316,seasonal,-23.9,2026-02-12
SIG-06073,PROD-01219,STORE-0040,spike,-37.0,2026-07-24
SIG-06074,PROD-02369,STORE-0322,spike,29.9,2026-06-03
SIG-06075,PROD-04586,STORE-0248,spike,-8.4,2026-01-18
SIG-06076,PROD-02507,STORE-0376,decline,47.2,2026-05-25
SIG-06077,PROD-01959,STORE-0153,spike,52.5,2026-06-23
SIG-06078,PROD-03787,STORE-0214,decline,17.8,2026-06-06
SIG-06079,PROD-03272,STORE-0086,spike,-36.1,2026-04-11
SIG-06080,PROD-00643,STORE-0368,spike,-6.2,2026-07-17
SIG-06081,PROD-04927,STORE-0282,spike,63.2,2026-02-02
SIG-06082,PROD-01112,STORE-0290,seasonal,75.4,2026-02-15
SIG-06083,PROD-04885,STORE-0212,decline,37.9,2026-03-05
SIG-06084,PROD-03351,STORE-0092,seasonal,39.8,2026-06-10
SIG-06085,PROD-03993,STORE-0416,spike,-21.4,2026-07-25
SIG-06086,PROD-03267,STORE-0306,seasonal,-25.7,2026-08-20
SIG-06087,PROD-04436,STORE-0166,decline,-5.3,2026-04-18
SIG-06088,PROD-03874,STORE-0047,seasonal,-4.9,2026-08-03
SIG-06089,PROD-01816,STORE-0077,spike,27.9,2026-04-13
SIG-06090,PROD-02847,STORE-0124,seasonal,49.8,2026-01-03
SIG-06091,PROD-03710,STORE-0183,decline,1.2,2026-01-21
SIG-06092,PROD-03560,STORE-0270,seasonal,12.7,2026-05-09
SIG-06093,PROD-03931,STORE-0369,spike,-17.2,2026-02-14
SIG-06094,PROD-01750,STORE-0190,spike,24.6,2026-03-21
SIG-06095,PROD-01046,STORE-0250,seasonal,-9.3,2026-08-27
SIG-06096,PROD-01037,STORE-0207,seasonal,20.5,2026-01-10
SIG-06097,PROD-04685,STORE-0340,seasonal,69.9,2026-04-27
SIG-06098,PROD-03379,STORE-0434,seasonal,-2.9,2026-05-21
SIG-06099,PROD-02862,STORE-0193,spike,74.3,2026-05-16
SIG-06100,PROD-01816,STORE-0174,seasonal,14.0,2026-07-22
SIG-06101,PROD-01923,STORE-0046,spike,7.5,2026-04-13
SIG-06102,PROD-04502,STORE-0458,decline,67.6,2026-01-18
SIG-06103,PROD-00868,STORE-0292,decline,6.3,2026-02-23
SIG-06104,PROD-03144,STORE-0264,seasonal,29.8,2026-08-23
SIG-06105,PROD-01461,STORE-0074,seasonal,-16.5,2026-08-14
SIG-06106,PROD-02014,STORE-0474,decline,4.7,2026-03-06
SIG-06107,PROD-00602,STORE-0100,seasonal,29.8,2026-03-14
SIG-06108,PROD-02360,STORE-0342,seasonal,18.4,2026-04-27
SIG-06109,PROD-01153,STORE-0089,decline,8.0,2026-01-05
SIG-06110,PROD-01710,STORE-0306,decline,-24.0,2026-06-13
SIG-06111,PROD-00122,STORE-0288,decline,68.9,2026-02-12
SIG-06112,PROD-00279,STORE-0464,seasonal,-8.5,2026-02-11
SIG-06113,PROD-04057,STORE-0098,decline,11.4,2026-02-13
SIG-06114,PROD-04778,STORE-0080,seasonal,-34.2,2026-08-18
SIG-06115,PROD-04602,STORE-0017,seasonal,50.3,2026-04-05
SIG-06116,PROD-03618,STORE-0465,decline,52.6,2026-08-07
SIG-06117,PROD-03433,STORE-0030,seasonal,-36.6,2026-02-06
SIG-06118,PROD-02106,STORE-0156,seasonal,5.5,2026-08-12
SIG-06119,PROD-02621,STORE-0303,seasonal,53.7,2026-06-22
SIG-06120,PROD-02343,STORE-0424,seasonal,47.2,2026-04-06
SIG-06121,PROD-01271,STORE-0036,decline,-15.4,2026-06-21
SIG-06122,PROD-03369,STORE-0219,decline,-38.6,2026-01-02
SIG-06123,PROD-01405,STORE-0143,spike,46.1,2026-08-22
SIG-06124,PROD-04753,STORE-0193,seasonal,70.0,2026-07-07
SIG-06125,PROD-03499,STORE-0176,spike,65.1,2026-05-01
SIG-06126,PROD-03124,STORE-0402,seasonal,37.7,2026-07-17
SIG-06127,PROD-01621,STORE-0228,decline,71.9,2026-06-10
SIG-06128,PROD-01410,STORE-0047,spike,-0.2,2026-05-12
SIG-06129,PROD-04937,STORE-0060,decline,26.2,2026-03-08
SIG-06130,PROD-03523,STORE-0476,decline,76.0,2026-04-27
SIG-06131,PROD-04164,STORE-0409,spike,-20.9,2026-08-04
SIG-06132,PROD-00017,STORE-0031,decline,30.2,2026-07-17
SIG-06133,PROD-00869,STORE-0207,spike,29.6,2026-07-17
SIG-06134,PROD-02981,STORE-0171,spike,4.7,2026-06-03
SIG-06135,PROD-02779,STORE-0445,spike,-31.0,2026-05-02
SIG-06136,PROD-02842,STORE-0463,spike,15.5,2026-03-09
SIG-06137,PROD-03632,STORE-0309,seasonal,-0.4,2026-08-04
SIG-06138,PROD-02060,STORE-0275,seasonal,34.7,2026-08-03
SIG-06139,PROD-00153,STORE-0179,seasonal,5.9,2026-02-15
SIG-06140,PROD-01827,STORE-0292,spike,-37.8,2026-04-27
SIG-06141,PROD-04823,STORE-0078,seasonal,-15.8,2026-06-26
SIG-06142,PROD-00972,STORE-0306,seasonal,33.7,2026-07-20
SIG-06143,PROD-03043,STORE-0202,seasonal,51.9,2026-03-03
SIG-06144,PROD-00854,STORE-0196,decline,11.9,2026-04-10
SIG-06145,PROD-03382,STORE-0232,seasonal,16.7,2026-07-21
SIG-06146,PROD-00577,STORE-0132,spike,4.6,2026-06-13
SIG-06147,PROD-04143,STORE-0380,decline,60.2,2026-04-22
SIG-06148,PROD-04638,STORE-0242,spike,52.4,2026-01-21
SIG-06149,PROD-03246,STORE-0127,spike,65.0,2026-08-21
SIG-06150,PROD-02518,STORE-0149,seasonal,-11.8,2026-02-12
SIG-06151,PROD-01413,STORE-0336,spike,20.3,2026-03-27
SIG-06152,PROD-04911,STORE-0295,decline,3.5,2026-08-24
SIG-06153,PROD-01546,STORE-0063,decline,48.1,2026-08-06
SIG-06154,PROD-04677,STORE-0098,seasonal,5.8,2026-01-11
SIG-06155,PROD-04609,STORE-0175,seasonal,-33.7,2026-06-22
SIG-06156,PROD-00779,STORE-0344,spike,65.3,2026-03-15
SIG-06157,PROD-00956,STORE-0078,seasonal,-37.2,2026-07-14
SIG-06158,PROD-02782,STORE-0437,spike,60.8,2026-02-05
SIG-06159,PROD-00799,STORE-0309,decline,79.4,2026-05-09
SIG-06160,PROD-04685,STORE-0418,seasonal,8.6,2026-06-19
SIG-06161,PROD-03743,STORE-0080,decline,-28.5,2026-05-27
SIG-06162,PROD-00554,STORE-0120,spike,28.9,2026-04-26
SIG-06163,PROD-02365,STORE-0096,spike,26.2,2026-01-02
SIG-06164,PROD-01068,STORE-0112,spike,-30.4,2026-03-25
SIG-06165,PROD-01884,STORE-0148,seasonal,-39.3,2026-03-21
SIG-06166,PROD-00718,STORE-0041,spike,58.4,2026-02-01
SIG-06167,PROD-01277,STORE-0212,seasonal,-16.5,2026-05-11
SIG-06168,PROD-01504,STORE-0409,seasonal,-16.8,2026-06-16
SIG-06169,PROD-04292,STORE-0115,spike,5.1,2026-03-08
SIG-06170,PROD-02396,STORE-0433,spike,76.4,2026-06-18
SIG-06171,PROD-01741,STORE-0428,decline,47.2,2026-06-04
SIG-06172,PROD-04423,STORE-0280,seasonal,19.5,2026-03-10
SIG-06173,PROD-03463,STORE-0323,seasonal,53.2,2026-02-16
SIG-06174,PROD-01103,STORE-0405,decline,3.4,2026-03-03
SIG-06175,PROD-00402,STORE-0314,spike,75.8,2026-06-22
SIG-06176,PROD-03526,STORE-0340,seasonal,-4.6,2026-05-21
SIG-06177,PROD-03733,STORE-0295,seasonal,-13.3,2026-08-02
SIG-06178,PROD-01482,STORE-0139,seasonal,52.1,2026-05-08
SIG-06179,PROD-04838,STORE-0285,spike,56.4,2026-07-22
SIG-06180,PROD-01280,STORE-0057,decline,-17.3,2026-03-21
SIG-06181,PROD-04205,STORE-0342,decline,-6.0,2026-01-03
SIG-06182,PROD-04422,STORE-0464,decline,18.6,2026-02-14
SIG-06183,PROD-02332,STORE-0331,decline,26.2,2026-08-23
SIG-06184,PROD-00954,STORE-0466,seasonal,23.0,2026-06-24
SIG-06185,PROD-02973,STORE-0226,spike,-18.0,2026-01-23
SIG-06186,PROD-03671,STORE-0213,spike,-33.1,2026-03-06
SIG-06187,PROD-01987,STORE-0121,decline,79.4,2026-04-07
SIG-06188,PROD-04940,STORE-0237,spike,58.0,2026-03-11
SIG-06189,PROD-01417,STORE-0291,spike,58.6,2026-01-25
SIG-06190,PROD-02791,STORE-0058,seasonal,-35.4,2026-01-19
SIG-06191,PROD-02453,STORE-0064,spike,-32.1,2026-03-13
SIG-06192,PROD-04102,STORE-0297,spike,-12.4,2026-03-16
SIG-06193,PROD-00828,STORE-0392,spike,-35.8,2026-07-04
SIG-06194,PROD-00677,STORE-0166,spike,8.8,2026-04-20
SIG-06195,PROD-02834,STORE-0031,spike,20.8,2026-05-17
SIG-06196,PROD-02378,STORE-0440,spike,32.2,2026-04-17
SIG-06197,PROD-02838,STORE-0211,seasonal,-38.9,2026-01-12
SIG-06198,PROD-04471,STORE-0319,seasonal,18.7,2026-06-01
SIG-06199,PROD-02885,STORE-0014,decline,-7.8,2026-01-06
SIG-06200,PROD-04430,STORE-0289,decline,48.0,2026-02-11
SIG-06201,PROD-03619,STORE-0152,decline,-5.1,2026-04-07
SIG-06202,PROD-04715,STORE-0076,decline,-30.7,2026-03-02
SIG-06203,PROD-00927,STORE-0085,decline,78.8,2026-02-09
SIG-06204,PROD-02602,STORE-0372,spike,63.0,2026-04-26
SIG-06205,PROD-00119,STORE-0037,spike,-29.4,2026-04-13
SIG-06206,PROD-04183,STORE-0393,decline,-1.7,2026-06-10
SIG-06207,PROD-01225,STORE-0336,seasonal,50.7,2026-07-16
SIG-06208,PROD-00706,STORE-0311,spike,-2.8,2026-06-01
SIG-06209,PROD-01224,STORE-0027,spike,47.2,2026-01-23
SIG-06210,PROD-03920,STORE-0102,spike,47.5,2026-03-23
SIG-06211,PROD-04274,STORE-0245,spike,-6.4,2026-07-16
SIG-06212,PROD-03280,STORE-0496,seasonal,4.6,2026-07-08
SIG-06213,PROD-00848,STORE-0314,seasonal,54.3,2026-02-17
SIG-06214,PROD-03979,STORE-0309,decline,52.8,2026-04-27
SIG-06215,PROD-01606,STORE-0134,spike,-34.2,2026-05-11
SIG-06216,PROD-03461,STORE-0377,spike,-22.9,2026-04-18
SIG-06217,PROD-04198,STORE-0070,decline,9.6,2026-04-07
SIG-06218,PROD-00353,STORE-0208,decline,-15.9,2026-01-27
SIG-06219,PROD-01500,STORE-0485,seasonal,53.0,2026-07-12
SIG-06220,PROD-03186,STORE-0099,seasonal,13.1,2026-06-14
SIG-06221,PROD-01631,STORE-0452,decline,70.7,2026-07-25
SIG-06222,PROD-01926,STORE-0439,seasonal,-8.0,2026-06-14
SIG-06223,PROD-00564,STORE-0082,seasonal,12.5,2026-06-01
SIG-06224,PROD-04168,STORE-0155,decline,-27.4,2026-07-24
SIG-06225,PROD-03026,STORE-0235,decline,-32.1,2026-05-05
SIG-06226,PROD-04351,STORE-0378,spike,20.4,2026-06-13
SIG-06227,PROD-04565,STORE-0258,spike,61.3,2026-08-25
SIG-06228,PROD-01171,STORE-0270,spike,-27.1,2026-06-21
SIG-06229,PROD-01417,STORE-0375,spike,64.1,2026-07-13
SIG-06230,PROD-00577,STORE-0205,seasonal,67.6,2026-02-12
SIG-06231,PROD-01093,STORE-0474,seasonal,-38.4,2026-02-03
SIG-06232,PROD-01059,STORE-0396,seasonal,24.7,2026-06-05
SIG-06233,PROD-01435,STORE-0127,decline,4.2,2026-06-12
SIG-06234,PROD-04665,STORE-0162,spike,50.4,2026-01-12
SIG-06235,PROD-02894,STORE-0268,decline,14.6,2026-05-13
SIG-06236,PROD-02122,STORE-0061,spike,-32.3,2026-04-05
SIG-06237,PROD-00801,STORE-0132,spike,79.9,2026-04-15
SIG-06238,PROD-04449,STORE-0037,spike,1.6,2026-02-12
SIG-06239,PROD-04157,STORE-0115,seasonal,60.3,2026-07-05
SIG-06240,PROD-02040,STORE-0189,spike,74.7,2026-08-14
SIG-06241,PROD-02237,STORE-0371,decline,-20.7,2026-03-21
SIG-06242,PROD-04982,STORE-0441,seasonal,-2.0,2026-03-08
SIG-06243,PROD-02566,STORE-0385,spike,37.0,2026-03-05
SIG-06244,PROD-00989,STORE-0033,spike,-8.0,2026-02-08
SIG-06245,PROD-00418,STORE-0197,spike,25.1,2026-01-16
SIG-06246,PROD-03372,STORE-0388,seasonal,-21.2,2026-02-06
SIG-06247,PROD-04651,STORE-0291,decline,4.2,2026-06-04
SIG-06248,PROD-00044,STORE-0031,seasonal,63.3,2026-05-24
SIG-06249,PROD-04945,STORE-0031,decline,63.3,2026-05-07
SIG-06250,PROD-01302,STORE-0313,seasonal,-33.3,2026-05-06
SIG-06251,PROD-03171,STORE-0316,spike,18.0,2026-06-09
SIG-06252,PROD-04645,STORE-0201,decline,-7.8,2026-07-25
SIG-06253,PROD-01421,STORE-0335,decline,-20.9,2026-03-27
SIG-06254,PROD-01148,STORE-0207,spike,-11.1,2026-04-02
SIG-06255,PROD-04222,STORE-0170,decline,34.6,2026-04-03
SIG-06256,PROD-03321,STORE-0009,spike,16.6,2026-02-26
SIG-06257,PROD-01006,STORE-0247,spike,15.3,2026-06-18
SIG-06258,PROD-01974,STORE-0176,seasonal,54.8,2026-04-08
SIG-06259,PROD-02989,STORE-0418,spike,10.3,2026-07-11
SIG-06260,PROD-00444,STORE-0459,seasonal,35.5,2026-06-08
SIG-06261,PROD-02213,STORE-0024,spike,-35.5,2026-01-07
SIG-06262,PROD-00095,STORE-0190,decline,-35.8,2026-06-13
SIG-06263,PROD-00022,STORE-0051,seasonal,70.9,2026-02-20
SIG-06264,PROD-04775,STORE-0205,spike,50.0,2026-03-05
SIG-06265,PROD-01453,STORE-0123,spike,17.5,2026-08-01
SIG-06266,PROD-04092,STORE-0172,seasonal,-38.2,2026-05-16
SIG-06267,PROD-00512,STORE-0103,seasonal,-18.1,2026-05-05
SIG-06268,PROD-02479,STORE-0392,decline,45.4,2026-07-15
SIG-06269,PROD-00650,STORE-0063,spike,58.3,2026-04-10
SIG-06270,PROD-03948,STORE-0374,seasonal,14.3,2026-02-09
SIG-06271,PROD-02375,STORE-0048,decline,6.1,2026-05-15
SIG-06272,PROD-01440,STORE-0009,decline,44.6,2026-01-24
SIG-06273,PROD-04079,STORE-0251,spike,-38.9,2026-06-03
SIG-06274,PROD-02677,STORE-0333,decline,-6.4,2026-01-07
SIG-06275,PROD-03947,STORE-0193,spike,1.3,2026-01-03
SIG-06276,PROD-03452,STORE-0321,spike,52.8,2026-05-10
SIG-06277,PROD-04358,STORE-0283,seasonal,55.5,2026-08-11
SIG-06278,PROD-02750,STORE-0124,spike,7.4,2026-06-02
SIG-06279,PROD-02041,STORE-0035,decline,-22.1,2026-01-26
SIG-06280,PROD-03523,STORE-0199,seasonal,65.1,2026-03-22
SIG-06281,PROD-01495,STORE-0162,spike,-18.8,2026-08-03
SIG-06282,PROD-04641,STORE-0004,spike,-23.7,2026-02-13
SIG-06283,PROD-01035,STORE-0176,spike,-34.3,2026-07-27
SIG-06284,PROD-03000,STORE-0404,spike,66.8,2026-03-08
SIG-06285,PROD-03956,STORE-0366,spike,-38.7,2026-03-11
SIG-06286,PROD-00884,STORE-0019,spike,42.8,2026-04-25
SIG-06287,PROD-04704,STORE-0217,spike,-6.8,2026-04-07
SIG-06288,PROD-01469,STORE-0255,seasonal,43.8,2026-02-22
SIG-06289,PROD-02685,STORE-0051,seasonal,-5.8,2026-08-07
SIG-06290,PROD-01909,STORE-0062,spike,32.9,2026-03-02
SIG-06291,PROD-02621,STORE-0092,decline,17.3,2026-07-08
SIG-06292,PROD-02457,STORE-0297,decline,36.7,2026-01-01
SIG-06293,PROD-00599,STORE-0456,seasonal,29.9,2026-08-09
SIG-06294,PROD-02057,STORE-0309,seasonal,20.5,2026-02-10
SIG-06295,PROD-03142,STORE-0082,seasonal,-6.5,2026-04-03
SIG-06296,PROD-04109,STORE-0051,spike,29.2,2026-05-17
SIG-06297,PROD-04639,STORE-0337,spike,-13.0,2026-07-13
SIG-06298,PROD-00185,STORE-0224,decline,65.1,2026-02-22
SIG-06299,PROD-04430,STORE-0117,seasonal,60.4,2026-04-15
SIG-06300,PROD-04392,STORE-0346,decline,27.8,2026-03-04
SIG-06301,PROD-03982,STORE-0061,decline,-26.9,2026-02-10
SIG-06302,PROD-02173,STORE-0455,seasonal,27.7,2026-04-21
SIG-06303,PROD-01176,STORE-0207,spike,58.2,2026-07-11
SIG-06304,PROD-00567,STORE-0486,decline,-31.4,2026-03-07
SIG-06305,PROD-02506,STORE-0455,spike,22.6,2026-05-26
SIG-06306,PROD-02111,STORE-0442,seasonal,33.8,2026-04-05
SIG-06307,PROD-00359,STORE-0135,seasonal,-21.3,2026-08-07
SIG-06308,PROD-04179,STORE-0197,spike,-13.6,2026-03-08
SIG-06309,PROD-02139,STORE-0052,seasonal,55.8,2026-01-25
SIG-06310,PROD-01179,STORE-0416,seasonal,51.9,2026-01-27
SIG-06311,PROD-03778,STORE-0180,decline,24.3,2026-03-09
SIG-06312,PROD-03990,STORE-0149,seasonal,34.3,2026-05-16
SIG-06313,PROD-01812,STORE-0475,decline,22.5,2026-03-16
SIG-06314,PROD-03909,STORE-0237,seasonal,-20.5,2026-08-05
SIG-06315,PROD-03040,STORE-0236,decline,-0.5,2026-05-17
SIG-06316,PROD-02041,STORE-0233,decline,7.1,2026-08-08
SIG-06317,PROD-01928,STORE-0488,spike,69.7,2026-04-25
SIG-06318,PROD-00593,STORE-0400,decline,26.1,2026-07-26
SIG-06319,PROD-04159,STORE-0473,spike,70.8,2026-08-08
SIG-06320,PROD-04817,STORE-0052,seasonal,57.6,2026-04-07
SIG-06321,PROD-02020,STORE-0227,spike,46.9,2026-06-17
SIG-06322,PROD-03868,STORE-0096,spike,33.7,2026-03-21
SIG-06323,PROD-04187,STORE-0260,decline,-5.0,2026-04-11
SIG-06324,PROD-02321,STORE-0128,seasonal,49.7,2026-04-05
SIG-06325,PROD-01629,STORE-0040,spike,-26.5,2026-04-03
SIG-06326,PROD-00896,STORE-0467,seasonal,1.6,2026-01-10
SIG-06327,PROD-02380,STORE-0245,spike,5.9,2026-06-04
SIG-06328,PROD-02090,STORE-0047,decline,54.8,2026-01-22
SIG-06329,PROD-00049,STORE-0028,seasonal,-9.2,2026-07-05
SIG-06330,PROD-00877,STORE-0228,spike,-30.3,2026-02-24
SIG-06331,PROD-03447,STORE-0427,spike,-38.0,2026-01-28
SIG-06332,PROD-04224,STORE-0229,decline,-33.8,2026-05-26
SIG-06333,PROD-01872,STORE-0175,spike,36.4,2026-08-28
SIG-06334,PROD-02951,STORE-0387,seasonal,-32.2,2026-06-09
SIG-06335,PROD-04043,STORE-0109,seasonal,36.6,2026-01-07
SIG-06336,PROD-00586,STORE-0057,spike,-31.5,2026-03-25
SIG-06337,PROD-02822,STORE-0038,decline,-13.5,2026-02-03
SIG-06338,PROD-02373,STORE-0270,spike,28.8,2026-06-14
SIG-06339,PROD-01143,STORE-0382,spike,41.3,2026-07-21
SIG-06340,PROD-03306,STORE-0302,decline,-32.8,2026-01-04
SIG-06341,PROD-01948,STORE-0413,decline,8.2,2026-05-20
SIG-06342,PROD-01679,STORE-0309,seasonal,-13.0,2026-02-08
SIG-06343,PROD-02423,STORE-0114,spike,69.1,2026-08-11
SIG-06344,PROD-02779,STORE-0274,spike,7.1,2026-07-11
SIG-06345,PROD-01537,STORE-0189,decline,19.1,2026-04-25
SIG-06346,PROD-01965,STORE-0191,seasonal,-24.9,2026-08-16
SIG-06347,PROD-04856,STORE-0056,seasonal,45.4,2026-07-23
SIG-06348,PROD-00170,STORE-0126,seasonal,33.8,2026-02-27
SIG-06349,PROD-04638,STORE-0182,spike,-28.0,2026-05-25
SIG-06350,PROD-03689,STORE-0269,spike,72.4,2026-01-25
SIG-06351,PROD-03453,STORE-0407,seasonal,62.4,2026-05-04
SIG-06352,PROD-02501,STORE-0102,decline,69.6,2026-03-05
SIG-06353,PROD-03049,STORE-0329,spike,30.6,2026-07-03
SIG-06354,PROD-00001,STORE-0406,spike,46.8,2026-04-05
SIG-06355,PROD-02034,STORE-0079,spike,36.4,2026-06-09
SIG-06356,PROD-02235,STORE-0178,seasonal,52.6,2026-07-07
SIG-06357,PROD-04667,STORE-0428,spike,-36.5,2026-06-26
SIG-06358,PROD-04886,STORE-0131,decline,15.4,2026-01-01
SIG-06359,PROD-01452,STORE-0073,spike,75.5,2026-07-25
SIG-06360,PROD-00267,STORE-0057,seasonal,72.8,2026-01-22
SIG-06361,PROD-03300,STORE-0447,seasonal,73.6,2026-06-23
SIG-06362,PROD-04020,STORE-0476,spike,5.4,2026-08-01
SIG-06363,PROD-02448,STORE-0202,seasonal,22.7,2026-01-19
SIG-06364,PROD-02992,STORE-0294,seasonal,34.0,2026-01-28
SIG-06365,PROD-04374,STORE-0422,spike,30.3,2026-07-19
SIG-06366,PROD-03662,STORE-0039,decline,12.7,2026-04-24
SIG-06367,PROD-01681,STORE-0309,decline,-33.1,2026-01-09
SIG-06368,PROD-00347,STORE-0363,decline,-24.7,2026-07-20
SIG-06369,PROD-01163,STORE-0029,decline,13.6,2026-02-05
SIG-06370,PROD-02463,STORE-0183,seasonal,12.9,2026-02-18
SIG-06371,PROD-02969,STORE-0102,seasonal,12.8,2026-02-16
SIG-06372,PROD-04120,STORE-0110,decline,78.4,2026-02-02
SIG-06373,PROD-04565,STORE-0315,decline,-38.8,2026-06-08
SIG-06374,PROD-03253,STORE-0419,seasonal,64.9,2026-04-25
SIG-06375,PROD-00498,STORE-0464,seasonal,-33.8,2026-08-07
SIG-06376,PROD-02772,STORE-0279,seasonal,40.5,2026-01-17
SIG-06377,PROD-00805,STORE-0113,seasonal,-25.0,2026-05-12
SIG-06378,PROD-00004,STORE-0122,decline,9.1,2026-04-24
SIG-06379,PROD-04833,STORE-0008,seasonal,21.8,2026-03-14
SIG-06380,PROD-03383,STORE-0242,spike,-6.1,2026-06-02
SIG-06381,PROD-00175,STORE-0350,seasonal,21.3,2026-02-26
SIG-06382,PROD-00644,STORE-0447,seasonal,58.7,2026-01-23
SIG-06383,PROD-02542,STORE-0459,decline,20.0,2026-07-03
SIG-06384,PROD-00394,STORE-0418,decline,-7.7,2026-06-15
SIG-06385,PROD-01822,STORE-0155,seasonal,-37.9,2026-06-18
SIG-06386,PROD-00113,STORE-0416,seasonal,71.7,2026-02-27
SIG-06387,PROD-03382,STORE-0427,decline,50.7,2026-08-04
SIG-06388,PROD-00321,STORE-0350,seasonal,51.8,2026-08-04
SIG-06389,PROD-00353,STORE-0451,seasonal,58.3,2026-03-27
SIG-06390,PROD-04823,STORE-0126,spike,48.2,2026-04-05
SIG-06391,PROD-04523,STORE-0229,decline,35.7,2026-01-03
SIG-06392,PROD-02270,STORE-0448,seasonal,-7.9,2026-08-01
SIG-06393,PROD-00513,STORE-0397,decline,39.8,2026-06-10
SIG-06394,PROD-03880,STORE-0405,seasonal,23.9,2026-01-20
SIG-06395,PROD-00999,STORE-0169,seasonal,70.8,2026-07-14
SIG-06396,PROD-02440,STORE-0037,spike,50.7,2026-03-16
SIG-06397,PROD-00405,STORE-0091,spike,-33.0,2026-01-06
SIG-06398,PROD-04942,STORE-0127,seasonal,28.9,2026-08-26
SIG-06399,PROD-00559,STORE-0476,decline,50.6,2026-06-21
SIG-06400,PROD-03875,STORE-0243,spike,10.7,2026-07-17
SIG-06401,PROD-01757,STORE-0380,spike,-0.6,2026-05-28
SIG-06402,PROD-00892,STORE-0457,spike,35.8,2026-06-28
SIG-06403,PROD-04646,STORE-0061,decline,-13.0,2026-08-28
SIG-06404,PROD-03998,STORE-0360,spike,72.1,2026-03-24
SIG-06405,PROD-02017,STORE-0153,spike,64.3,2026-01-22
SIG-06406,PROD-03055,STORE-0206,spike,59.2,2026-06-22
SIG-06407,PROD-02130,STORE-0402,seasonal,49.3,2026-08-06
SIG-06408,PROD-00683,STORE-0067,decline,45.8,2026-05-28
SIG-06409,PROD-02670,STORE-0288,spike,29.5,2026-07-24
SIG-06410,PROD-02459,STORE-0443,decline,-17.9,2026-07-18
SIG-06411,PROD-04075,STORE-0350,decline,31.6,2026-02-11
SIG-06412,PROD-02854,STORE-0264,spike,-29.8,2026-07-27
SIG-06413,PROD-03685,STORE-0500,seasonal,-3.3,2026-04-10
SIG-06414,PROD-03233,STORE-0465,decline,-9.9,2026-02-19
SIG-06415,PROD-03345,STORE-0406,decline,-23.1,2026-05-27
SIG-06416,PROD-00817,STORE-0258,seasonal,-17.4,2026-05-21
SIG-06417,PROD-03778,STORE-0039,seasonal,13.2,2026-05-04
SIG-06418,PROD-04273,STORE-0002,spike,29.5,2026-02-27
SIG-06419,PROD-03378,STORE-0333,spike,-27.3,2026-02-02
SIG-06420,PROD-01941,STORE-0092,decline,24.1,2026-03-25
SIG-06421,PROD-02679,STORE-0442,seasonal,-15.9,2026-02-19
SIG-06422,PROD-01315,STORE-0322,spike,51.5,2026-08-03
SIG-06423,PROD-02499,STORE-0191,decline,71.4,2026-08-10
SIG-06424,PROD-02630,STORE-0106,spike,-0.8,2026-03-05
SIG-06425,PROD-02728,STORE-0131,decline,15.8,2026-03-06
SIG-06426,PROD-03318,STORE-0242,seasonal,24.3,2026-06-19
SIG-06427,PROD-02902,STORE-0336,seasonal,42.8,2026-07-19
SIG-06428,PROD-01626,STORE-0017,decline,68.4,2026-08-23
SIG-06429,PROD-02938,STORE-0010,spike,38.4,2026-02-11
SIG-06430,PROD-04047,STORE-0375,seasonal,4.8,2026-03-07
SIG-06431,PROD-00574,STORE-0089,spike,44.2,2026-04-13
SIG-06432,PROD-04087,STORE-0418,spike,66.4,2026-08-22
SIG-06433,PROD-00906,STORE-0427,seasonal,29.1,2026-02-03
SIG-06434,PROD-02116,STORE-0125,seasonal,-33.3,2026-07-21
SIG-06435,PROD-02205,STORE-0090,spike,38.7,2026-01-06
SIG-06436,PROD-02871,STORE-0458,decline,-35.9,2026-06-19
SIG-06437,PROD-04120,STORE-0104,decline,12.9,2026-02-03
SIG-06438,PROD-02343,STORE-0029,spike,3.3,2026-04-28
SIG-06439,PROD-04762,STORE-0141,seasonal,64.0,2026-04-07
SIG-06440,PROD-02226,STORE-0035,decline,70.9,2026-04-13
SIG-06441,PROD-03400,STORE-0189,spike,-7.4,2026-08-06
SIG-06442,PROD-03672,STORE-0031,spike,75.1,2026-04-22
SIG-06443,PROD-04984,STORE-0454,decline,26.2,2026-01-01
SIG-06444,PROD-00041,STORE-0081,seasonal,33.8,2026-07-08
SIG-06445,PROD-00987,STORE-0140,decline,65.0,2026-05-13
SIG-06446,PROD-01554,STORE-0190,decline,7.2,2026-01-22
SIG-06447,PROD-01861,STORE-0145,seasonal,23.8,2026-03-03
SIG-06448,PROD-00612,STORE-0062,spike,42.4,2026-03-09
SIG-06449,PROD-01162,STORE-0316,seasonal,77.2,2026-03-05
SIG-06450,PROD-04821,STORE-0286,spike,-3.3,2026-01-17
SIG-06451,PROD-02011,STORE-0308,decline,55.3,2026-07-18
SIG-06452,PROD-04826,STORE-0144,seasonal,10.3,2026-03-20
SIG-06453,PROD-03071,STORE-0489,seasonal,2.1,2026-03-25
SIG-06454,PROD-03204,STORE-0200,decline,-12.1,2026-02-23
SIG-06455,PROD-03970,STORE-0490,spike,35.9,2026-07-03
SIG-06456,PROD-01639,STORE-0455,spike,14.6,2026-03-14
SIG-06457,PROD-03217,STORE-0101,spike,43.5,2026-01-17
SIG-06458,PROD-01800,STORE-0370,seasonal,58.8,2026-04-22
SIG-06459,PROD-00595,STORE-0202,spike,-23.2,2026-05-10
SIG-06460,PROD-01617,STORE-0101,spike,0.4,2026-01-14
SIG-06461,PROD-03763,STORE-0083,spike,-7.5,2026-04-09
SIG-06462,PROD-02233,STORE-0003,spike,56.7,2026-07-18
SIG-06463,PROD-02523,STORE-0337,seasonal,56.8,2026-01-01
SIG-06464,PROD-03910,STORE-0017,seasonal,1.7,2026-04-13
SIG-06465,PROD-03868,STORE-0367,spike,9.7,2026-02-10
SIG-06466,PROD-03038,STORE-0382,decline,7.1,2026-06-25
SIG-06467,PROD-02496,STORE-0251,seasonal,72.4,2026-07-18
SIG-06468,PROD-01122,STORE-0496,seasonal,-6.4,2026-04-11
SIG-06469,PROD-04966,STORE-0302,seasonal,50.3,2026-02-26
SIG-06470,PROD-02138,STORE-0102,seasonal,-9.3,2026-02-24
SIG-06471,PROD-01054,STORE-0018,seasonal,22.2,2026-03-23
SIG-06472,PROD-03605,STORE-0022,seasonal,46.8,2026-03-21
SIG-06473,PROD-02371,STORE-0442,seasonal,56.4,2026-01-26
SIG-06474,PROD-04015,STORE-0338,spike,21.2,2026-07-12
SIG-06475,PROD-01073,STORE-0133,decline,-11.8,2026-07-07
SIG-06476,PROD-02335,STORE-0027,seasonal,69.1,2026-02-11
SIG-06477,PROD-01546,STORE-0473,decline,60.9,2026-07-19
SIG-06478,PROD-03974,STORE-0131,spike,-26.7,2026-03-02
SIG-06479,PROD-00353,STORE-0163,spike,72.8,2026-03-21
SIG-06480,PROD-02267,STORE-0280,decline,0.1,2026-06-25
SIG-06481,PROD-04600,STORE-0003,decline,32.8,2026-03-16
SIG-06482,PROD-00118,STORE-0370,decline,-37.8,2026-03-21
SIG-06483,PROD-04674,STORE-0054,decline,14.6,2026-01-16
SIG-06484,PROD-00440,STORE-0326,spike,4.8,2026-02-15
SIG-06485,PROD-03483,STORE-0023,decline,71.6,2026-08-09
SIG-06486,PROD-03925,STORE-0166,spike,-26.6,2026-04-27
SIG-06487,PROD-01377,STORE-0424,seasonal,17.8,2026-04-17
SIG-06488,PROD-00897,STORE-0021,seasonal,11.2,2026-07-05
SIG-06489,PROD-04501,STORE-0453,spike,52.1,2026-08-16
SIG-06490,PROD-01336,STORE-0071,decline,-29.2,2026-08-05
SIG-06491,PROD-00134,STORE-0269,seasonal,21.1,2026-01-08
SIG-06492,PROD-01421,STORE-0407,decline,-24.4,2026-02-28
SIG-06493,PROD-00726,STORE-0417,spike,-8.2,2026-05-10
SIG-06494,PROD-02465,STORE-0192,seasonal,73.7,2026-06-26
SIG-06495,PROD-03917,STORE-0272,spike,36.3,2026-07-15
SIG-06496,PROD-04670,STORE-0042,decline,73.2,2026-03-21
SIG-06497,PROD-00392,STORE-0145,decline,17.6,2026-04-09
SIG-06498,PROD-04911,STORE-0410,decline,42.3,2026-05-10
SIG-06499,PROD-03989,STORE-0284,decline,50.2,2026-07-24
SIG-06500,PROD-01321,STORE-0393,seasonal,-28.6,2026-02-21
SIG-06501,PROD-01575,STORE-0202,seasonal,56.2,2026-08-24
SIG-06502,PROD-00744,STORE-0034,spike,43.5,2026-04-09
SIG-06503,PROD-03832,STORE-0168,decline,56.9,2026-05-21
SIG-06504,PROD-02660,STORE-0296,decline,52.8,2026-07-06
SIG-06505,PROD-00334,STORE-0316,seasonal,66.2,2026-06-13
SIG-06506,PROD-01787,STORE-0104,decline,49.5,2026-02-10
SIG-06507,PROD-02428,STORE-0087,spike,69.7,2026-05-20
SIG-06508,PROD-01751,STORE-0060,decline,-13.8,2026-07-18
SIG-06509,PROD-00155,STORE-0250,seasonal,47.7,2026-07-10
SIG-06510,PROD-01502,STORE-0054,decline,31.3,2026-06-02
SIG-06511,PROD-02770,STORE-0410,decline,19.7,2026-03-18
SIG-06512,PROD-02964,STORE-0390,decline,-4.0,2026-04-19
SIG-06513,PROD-01398,STORE-0467,decline,-10.3,2026-05-01
SIG-06514,PROD-04756,STORE-0203,spike,64.3,2026-05-19
SIG-06515,PROD-03218,STORE-0010,spike,-4.1,2026-07-07
SIG-06516,PROD-01419,STORE-0443,decline,76.8,2026-06-12
SIG-06517,PROD-01312,STORE-0152,decline,-24.6,2026-06-22
SIG-06518,PROD-02691,STORE-0213,decline,-16.7,2026-02-17
SIG-06519,PROD-03918,STORE-0312,spike,70.3,2026-04-09
SIG-06520,PROD-02459,STORE-0008,spike,30.2,2026-05-22
SIG-06521,PROD-00510,STORE-0077,decline,-28.0,2026-02-18
SIG-06522,PROD-00597,STORE-0180,spike,-39.0,2026-08-14
SIG-06523,PROD-01876,STORE-0379,seasonal,2.9,2026-04-06
SIG-06524,PROD-04390,STORE-0308,spike,-7.2,2026-04-25
SIG-06525,PROD-02604,STORE-0303,decline,45.1,2026-08-28
SIG-06526,PROD-00548,STORE-0186,spike,57.8,2026-07-08
SIG-06527,PROD-04844,STORE-0126,decline,-34.6,2026-07-28
SIG-06528,PROD-00325,STORE-0013,spike,-30.5,2026-03-10
SIG-06529,PROD-03667,STORE-0386,decline,79.4,2026-06-17
SIG-06530,PROD-03570,STORE-0497,spike,26.9,2026-08-22
SIG-06531,PROD-01378,STORE-0487,seasonal,4.5,2026-04-12
SIG-06532,PROD-00898,STORE-0149,decline,46.8,2026-03-18
SIG-06533,PROD-00516,STORE-0331,decline,30.0,2026-07-17
SIG-06534,PROD-01898,STORE-0496,seasonal,25.4,2026-04-17
SIG-06535,PROD-04205,STORE-0488,decline,-22.1,2026-04-13
SIG-06536,PROD-04198,STORE-0048,spike,0.3,2026-02-17
SIG-06537,PROD-00921,STORE-0461,spike,-0.4,2026-01-18
SIG-06538,PROD-04096,STORE-0313,decline,-28.6,2026-03-03
SIG-06539,PROD-04164,STORE-0053,decline,-11.2,2026-03-11
SIG-06540,PROD-00661,STORE-0316,decline,5.9,2026-06-24
SIG-06541,PROD-01517,STORE-0143,spike,-9.1,2026-01-04
SIG-06542,PROD-02929,STORE-0413,decline,-22.5,2026-04-02
SIG-06543,PROD-00944,STORE-0358,seasonal,16.8,2026-07-11
SIG-06544,PROD-02120,STORE-0298,spike,29.2,2026-05-11
SIG-06545,PROD-00151,STORE-0057,decline,-7.6,2026-03-24
SIG-06546,PROD-01100,STORE-0182,decline,41.0,2026-06-14
SIG-06547,PROD-04946,STORE-0312,seasonal,55.6,2026-01-06
SIG-06548,PROD-02055,STORE-0107,seasonal,21.0,2026-05-07
SIG-06549,PROD-01457,STORE-0449,spike,-3.8,2026-05-19
SIG-06550,PROD-01768,STORE-0101,spike,-9.6,2026-01-24
SIG-06551,PROD-01021,STORE-0409,seasonal,69.2,2026-08-08
SIG-06552,PROD-03895,STORE-0189,decline,2.4,2026-07-16
SIG-06553,PROD-00966,STORE-0489,spike,21.4,2026-02-20
SIG-06554,PROD-04265,STORE-0178,spike,-8.6,2026-03-28
SIG-06555,PROD-04138,STORE-0004,decline,53.5,2026-01-23
SIG-06556,PROD-01409,STORE-0131,spike,20.4,2026-06-26
SIG-06557,PROD-01148,STORE-0112,seasonal,-2.7,2026-03-19
SIG-06558,PROD-03313,STORE-0238,decline,-3.9,2026-07-12
SIG-06559,PROD-00422,STORE-0373,spike,66.6,2026-03-13
SIG-06560,PROD-00864,STORE-0436,decline,63.3,2026-06-17
SIG-06561,PROD-01421,STORE-0389,seasonal,48.5,2026-01-08
SIG-06562,PROD-02486,STORE-0187,spike,-24.1,2026-03-05
SIG-06563,PROD-01789,STORE-0479,spike,-21.7,2026-02-26
SIG-06564,PROD-02999,STORE-0449,decline,43.6,2026-08-18
SIG-06565,PROD-03871,STORE-0326,seasonal,49.6,2026-04-16
SIG-06566,PROD-00475,STORE-0291,spike,14.0,2026-01-20
SIG-06567,PROD-02736,STORE-0303,decline,-13.7,2026-04-14
SIG-06568,PROD-04012,STORE-0168,spike,-36.5,2026-01-28
SIG-06569,PROD-04988,STORE-0041,seasonal,66.1,2026-08-09
SIG-06570,PROD-01606,STORE-0323,spike,43.0,2026-01-28
SIG-06571,PROD-04903,STORE-0197,decline,46.3,2026-01-13
SIG-06572,PROD-03646,STORE-0197,seasonal,-32.0,2026-07-28
SIG-06573,PROD-04669,STORE-0394,decline,-35.4,2026-01-02
SIG-06574,PROD-02265,STORE-0163,seasonal,-35.7,2026-06-27
SIG-06575,PROD-02763,STORE-0152,decline,-18.8,2026-06-19
SIG-06576,PROD-01728,STORE-0179,seasonal,27.8,2026-05-22
SIG-06577,PROD-00045,STORE-0103,decline,-16.8,2026-04-07
SIG-06578,PROD-03768,STORE-0430,spike,69.3,2026-03-03
SIG-06579,PROD-03759,STORE-0272,spike,47.9,2026-05-12
SIG-06580,PROD-01647,STORE-0214,spike,44.7,2026-08-23
SIG-06581,PROD-03635,STORE-0328,spike,13.0,2026-02-28
SIG-06582,PROD-03560,STORE-0116,spike,36.7,2026-07-24
SIG-06583,PROD-01952,STORE-0339,spike,32.8,2026-07-03
SIG-06584,PROD-00310,STORE-0214,seasonal,-28.3,2026-08-09
SIG-06585,PROD-02443,STORE-0175,spike,73.9,2026-02-09
SIG-06586,PROD-01019,STORE-0110,decline,46.0,2026-03-26
SIG-06587,PROD-04439,STORE-0190,spike,12.1,2026-03-04
SIG-06588,PROD-02794,STORE-0386,decline,5.9,2026-08-05
SIG-06589,PROD-03414,STORE-0174,decline,33.9,2026-03-27
SIG-06590,PROD-02992,STORE-0012,seasonal,17.5,2026-08-07
SIG-06591,PROD-03012,STORE-0277,decline,-21.5,2026-02-18
SIG-06592,PROD-00429,STORE-0169,seasonal,58.5,2026-03-02
SIG-06593,PROD-02585,STORE-0211,spike,-38.8,2026-07-04
SIG-06594,PROD-00211,STORE-0126,seasonal,74.2,2026-05-15
SIG-06595,PROD-02069,STORE-0218,decline,38.7,2026-04-17
SIG-06596,PROD-01887,STORE-0332,spike,-17.1,2026-03-01
SIG-06597,PROD-02140,STORE-0382,decline,-15.9,2026-06-26
SIG-06598,PROD-03259,STORE-0055,decline,29.8,2026-01-14
SIG-06599,PROD-01754,STORE-0243,decline,-11.7,2026-07-24
SIG-06600,PROD-00994,STORE-0372,seasonal,-27.9,2026-06-14
SIG-06601,PROD-04896,STORE-0369,seasonal,-28.3,2026-04-10
SIG-06602,PROD-02079,STORE-0354,spike,-34.1,2026-01-07
SIG-06603,PROD-04038,STORE-0396,seasonal,5.8,2026-02-18
SIG-06604,PROD-04765,STORE-0104,seasonal,-29.0,2026-03-13
SIG-06605,PROD-04104,STORE-0251,seasonal,27.4,2026-06-15
SIG-06606,PROD-02434,STORE-0262,decline,60.0,2026-04-12
SIG-06607,PROD-03667,STORE-0453,seasonal,79.9,2026-05-25
SIG-06608,PROD-00018,STORE-0475,decline,69.5,2026-04-15
SIG-06609,PROD-02785,STORE-0429,spike,-1.9,2026-07-10
SIG-06610,PROD-04082,STORE-0336,spike,-38.3,2026-05-22
SIG-06611,PROD-02499,STORE-0434,spike,21.0,2026-02-04
SIG-06612,PROD-04691,STORE-0203,seasonal,-38.0,2026-04-10
SIG-06613,PROD-04154,STORE-0202,decline,48.0,2026-07-25
SIG-06614,PROD-03386,STORE-0059,decline,-3.2,2026-07-18
SIG-06615,PROD-00751,STORE-0421,seasonal,10.0,2026-01-15
SIG-06616,PROD-03657,STORE-0048,decline,58.4,2026-03-27
SIG-06617,PROD-00676,STORE-0064,decline,72.2,2026-06-16
SIG-06618,PROD-00739,STORE-0265,seasonal,39.0,2026-04-12
SIG-06619,PROD-02093,STORE-0335,decline,54.1,2026-08-26
SIG-06620,PROD-04980,STORE-0270,decline,62.1,2026-06-06
SIG-06621,PROD-04707,STORE-0146,decline,3.5,2026-08-19
SIG-06622,PROD-03295,STORE-0024,spike,77.2,2026-01-09
SIG-06623,PROD-01923,STORE-0377,seasonal,28.7,2026-07-02
SIG-06624,PROD-01676,STORE-0373,seasonal,69.2,2026-08-14
SIG-06625,PROD-04540,STORE-0229,decline,-22.3,2026-01-06
SIG-06626,PROD-01523,STORE-0469,seasonal,67.2,2026-04-13
SIG-06627,PROD-01263,STORE-0262,decline,64.8,2026-02-21
SIG-06628,PROD-03795,STORE-0264,decline,-38.4,2026-01-26
SIG-06629,PROD-01478,STORE-0021,seasonal,72.1,2026-01-25
SIG-06630,PROD-02822,STORE-0103,spike,42.5,2026-02-09
SIG-06631,PROD-01454,STORE-0087,decline,9.0,2026-05-16
SIG-06632,PROD-02227,STORE-0292,spike,-38.7,2026-03-16
SIG-06633,PROD-02584,STORE-0272,spike,-18.0,2026-07-10
SIG-06634,PROD-01762,STORE-0434,seasonal,52.5,2026-03-17
SIG-06635,PROD-04972,STORE-0372,seasonal,11.4,2026-02-25
SIG-06636,PROD-03407,STORE-0479,seasonal,-15.8,2026-08-03
SIG-06637,PROD-02760,STORE-0177,spike,67.8,2026-01-08
SIG-06638,PROD-03508,STORE-0086,spike,69.7,2026-03-02
SIG-06639,PROD-00986,STORE-0043,seasonal,0.8,2026-03-10
SIG-06640,PROD-03465,STORE-0455,decline,-26.5,2026-03-15
SIG-06641,PROD-02530,STORE-0439,spike,70.8,2026-04-13
SIG-06642,PROD-04825,STORE-0320,seasonal,76.6,2026-08-08
SIG-06643,PROD-01609,STORE-0373,decline,18.4,2026-02-10
SIG-06644,PROD-04103,STORE-0468,decline,18.7,2026-07-22
SIG-06645,PROD-00461,STORE-0290,decline,-7.3,2026-07-15
SIG-06646,PROD-00689,STORE-0215,seasonal,68.8,2026-02-28
SIG-06647,PROD-01500,STORE-0318,decline,-4.7,2026-05-04
SIG-06648,PROD-02446,STORE-0266,spike,-26.9,2026-08-08
SIG-06649,PROD-00812,STORE-0157,decline,-37.2,2026-08-14
SIG-06650,PROD-04663,STORE-0451,decline,25.9,2026-04-04
SIG-06651,PROD-02693,STORE-0359,spike,-11.6,2026-06-20
SIG-06652,PROD-03035,STORE-0297,decline,49.1,2026-03-02
SIG-06653,PROD-04111,STORE-0172,spike,-9.2,2026-03-23
SIG-06654,PROD-01218,STORE-0253,spike,40.6,2026-02-24
SIG-06655,PROD-04274,STORE-0134,seasonal,-13.8,2026-05-19
SIG-06656,PROD-01339,STORE-0411,decline,-39.9,2026-06-19
SIG-06657,PROD-00597,STORE-0097,decline,35.0,2026-08-11
SIG-06658,PROD-01475,STORE-0184,spike,-12.5,2026-06-16
SIG-06659,PROD-01207,STORE-0449,spike,36.7,2026-03-07
SIG-06660,PROD-01617,STORE-0329,decline,-25.0,2026-02-07
SIG-06661,PROD-00342,STORE-0222,seasonal,-13.2,2026-05-24
SIG-06662,PROD-00457,STORE-0380,seasonal,70.6,2026-02-04
SIG-06663,PROD-00467,STORE-0129,seasonal,64.6,2026-02-06
SIG-06664,PROD-01128,STORE-0371,decline,57.2,2026-01-01
SIG-06665,PROD-00933,STORE-0092,seasonal,-20.4,2026-07-24
SIG-06666,PROD-02414,STORE-0230,decline,5.5,2026-08-25
SIG-06667,PROD-04350,STORE-0013,seasonal,-1.0,2026-02-23
SIG-06668,PROD-02851,STORE-0050,decline,53.4,2026-05-26
SIG-06669,PROD-02138,STORE-0392,decline,16.9,2026-07-21
SIG-06670,PROD-02629,STORE-0473,decline,21.3,2026-01-27
SIG-06671,PROD-04277,STORE-0266,seasonal,45.0,2026-06-03
SIG-06672,PROD-02964,STORE-0347,seasonal,13.5,2026-08-17
SIG-06673,PROD-01710,STORE-0440,decline,-20.8,2026-06-22
SIG-06674,PROD-04182,STORE-0158,decline,68.6,2026-03-07
SIG-06675,PROD-01915,STORE-0456,decline,-5.8,2026-05-02
SIG-06676,PROD-04001,STORE-0150,decline,22.5,2026-08-24
SIG-06677,PROD-01208,STORE-0121,seasonal,-10.4,2026-05-28
SIG-06678,PROD-01114,STORE-0048,decline,-36.1,2026-01-15
SIG-06679,PROD-01810,STORE-0202,decline,63.3,2026-08-03
SIG-06680,PROD-01548,STORE-0185,seasonal,6.3,2026-01-26
SIG-06681,PROD-03873,STORE-0484,decline,73.5,2026-01-13
SIG-06682,PROD-00315,STORE-0325,seasonal,15.3,2026-04-03
SIG-06683,PROD-01476,STORE-0408,decline,-12.1,2026-05-14
SIG-06684,PROD-03387,STORE-0231,decline,22.7,2026-06-05
SIG-06685,PROD-04776,STORE-0384,seasonal,70.1,2026-03-26
SIG-06686,PROD-00876,STORE-0352,seasonal,3.4,2026-06-24
SIG-06687,PROD-01377,STORE-0499,seasonal,78.0,2026-08-12
SIG-06688,PROD-04871,STORE-0302,spike,63.9,2026-01-07
SIG-06689,PROD-02657,STORE-0348,seasonal,-36.6,2026-01-15
SIG-06690,PROD-02333,STORE-0445,seasonal,69.7,2026-01-06
SIG-06691,PROD-04464,STORE-0332,seasonal,-28.3,2026-01-19
SIG-06692,PROD-02317,STORE-0255,spike,67.7,2026-06-09
SIG-06693,PROD-04191,STORE-0445,seasonal,67.9,2026-08-01
SIG-06694,PROD-04440,STORE-0139,seasonal,4.4,2026-07-21
SIG-06695,PROD-00736,STORE-0274,spike,70.5,2026-08-17
SIG-06696,PROD-03970,STORE-0005,seasonal,5.3,2026-03-19
SIG-06697,PROD-03478,STORE-0046,spike,1.8,2026-05-07
SIG-06698,PROD-04950,STORE-0238,seasonal,-0.4,2026-08-09
SIG-06699,PROD-04032,STORE-0147,decline,60.9,2026-08-06
SIG-06700,PROD-04705,STORE-0428,seasonal,-37.4,2026-08-14
SIG-06701,PROD-04945,STORE-0307,decline,51.5,2026-01-22
SIG-06702,PROD-00811,STORE-0069,decline,31.5,2026-03-12
SIG-06703,PROD-04460,STORE-0036,spike,-12.1,2026-04-28
SIG-06704,PROD-04234,STORE-0329,seasonal,68.8,2026-01-02
SIG-06705,PROD-03743,STORE-0316,seasonal,73.1,2026-03-09
SIG-06706,PROD-04102,STORE-0401,decline,62.9,2026-01-03
SIG-06707,PROD-01078,STORE-0077,spike,34.4,2026-07-19
SIG-06708,PROD-02673,STORE-0297,spike,77.2,2026-04-16
SIG-06709,PROD-03271,STORE-0330,spike,-19.8,2026-03-14
SIG-06710,PROD-03514,STORE-0418,spike,-7.6,2026-03-22
SIG-06711,PROD-04657,STORE-0367,spike,12.0,2026-02-09
SIG-06712,PROD-01748,STORE-0142,decline,-7.3,2026-02-24
SIG-06713,PROD-02822,STORE-0075,seasonal,-23.6,2026-08-27
SIG-06714,PROD-01376,STORE-0480,decline,-25.8,2026-03-09
SIG-06715,PROD-01589,STORE-0037,decline,-17.4,2026-01-27
SIG-06716,PROD-01216,STORE-0099,seasonal,33.4,2026-02-21
SIG-06717,PROD-01359,STORE-0057,spike,55.2,2026-06-26
SIG-06718,PROD-03059,STORE-0156,decline,-21.8,2026-07-10
SIG-06719,PROD-04605,STORE-0034,decline,-15.0,2026-07-14
SIG-06720,PROD-00296,STORE-0244,decline,30.1,2026-01-05
SIG-06721,PROD-03563,STORE-0067,seasonal,-21.8,2026-01-06
SIG-06722,PROD-01992,STORE-0202,seasonal,-31.3,2026-03-10
SIG-06723,PROD-03434,STORE-0421,decline,63.4,2026-03-09
SIG-06724,PROD-03567,STORE-0172,seasonal,-34.6,2026-04-11
SIG-06725,PROD-03483,STORE-0158,spike,-4.5,2026-08-27
SIG-06726,PROD-04051,STORE-0272,seasonal,13.7,2026-05-09
SIG-06727,PROD-03121,STORE-0265,spike,-11.5,2026-04-18
SIG-06728,PROD-01632,STORE-0449,decline,-8.9,2026-02-06
SIG-06729,PROD-00570,STORE-0265,spike,78.8,2026-07-07
SIG-06730,PROD-03128,STORE-0364,spike,27.7,2026-01-09
SIG-06731,PROD-01307,STORE-0323,decline,-4.7,2026-01-10
SIG-06732,PROD-03052,STORE-0280,decline,63.9,2026-01-19
SIG-06733,PROD-04133,STORE-0255,decline,29.3,2026-08-10
SIG-06734,PROD-00917,STORE-0287,spike,66.3,2026-02-12
SIG-06735,PROD-02498,STORE-0370,spike,-2.2,2026-03-06
SIG-06736,PROD-03882,STORE-0413,spike,-10.0,2026-07-05
SIG-06737,PROD-02328,STORE-0387,spike,59.9,2026-04-12
SIG-06738,PROD-01354,STORE-0030,decline,-28.1,2026-03-23
SIG-06739,PROD-01336,STORE-0194,decline,6.3,2026-07-20
SIG-06740,PROD-00858,STORE-0500,seasonal,53.2,2026-06-26
SIG-06741,PROD-03254,STORE-0500,spike,74.5,2026-07-11
SIG-06742,PROD-00753,STORE-0215,decline,40.2,2026-07-13
SIG-06743,PROD-00862,STORE-0243,spike,57.4,2026-04-20
SIG-06744,PROD-00335,STORE-0164,seasonal,26.5,2026-05-22
SIG-06745,PROD-01827,STORE-0137,seasonal,71.9,2026-08-18
SIG-06746,PROD-01331,STORE-0166,seasonal,35.4,2026-04-28
SIG-06747,PROD-00372,STORE-0081,decline,-27.9,2026-04-27
SIG-06748,PROD-00759,STORE-0225,seasonal,54.6,2026-05-18
SIG-06749,PROD-01878,STORE-0087,seasonal,-24.5,2026-06-01
SIG-06750,PROD-04870,STORE-0047,decline,-6.3,2026-02-22
SIG-06751,PROD-04795,STORE-0126,decline,6.9,2026-02-02
SIG-06752,PROD-03373,STORE-0112,seasonal,37.9,2026-08-27
SIG-06753,PROD-01058,STORE-0125,decline,30.5,2026-07-21
SIG-06754,PROD-00342,STORE-0025,decline,79.4,2026-07-03
SIG-06755,PROD-00404,STORE-0458,seasonal,-3.0,2026-07-20
SIG-06756,PROD-00474,STORE-0174,seasonal,34.9,2026-08-01
SIG-06757,PROD-04860,STORE-0046,decline,0.6,2026-08-13
SIG-06758,PROD-00840,STORE-0440,spike,33.0,2026-03-08
SIG-06759,PROD-00119,STORE-0303,seasonal,16.1,2026-01-10
SIG-06760,PROD-03826,STORE-0393,spike,44.9,2026-06-11
SIG-06761,PROD-00904,STORE-0167,spike,71.2,2026-03-13
SIG-06762,PROD-01314,STORE-0190,seasonal,-9.2,2026-01-12
SIG-06763,PROD-02884,STORE-0396,decline,-10.9,2026-07-06
SIG-06764,PROD-00276,STORE-0267,spike,-0.1,2026-06-21
SIG-06765,PROD-02780,STORE-0091,seasonal,29.7,2026-01-28
SIG-06766,PROD-03924,STORE-0285,seasonal,59.4,2026-01-20
SIG-06767,PROD-02854,STORE-0089,spike,17.9,2026-07-12
SIG-06768,PROD-02438,STORE-0443,seasonal,71.5,2026-05-25
SIG-06769,PROD-02869,STORE-0151,seasonal,2.1,2026-07-02
SIG-06770,PROD-01172,STORE-0408,spike,-1.8,2026-06-02
SIG-06771,PROD-04989,STORE-0387,decline,73.4,2026-07-05
SIG-06772,PROD-00157,STORE-0480,spike,-6.6,2026-08-24
SIG-06773,PROD-00998,STORE-0440,spike,48.5,2026-06-26
SIG-06774,PROD-03735,STORE-0387,seasonal,68.0,2026-06-16
SIG-06775,PROD-00798,STORE-0077,decline,-4.9,2026-08-23
SIG-06776,PROD-02299,STORE-0176,seasonal,15.3,2026-04-12
SIG-06777,PROD-03783,STORE-0213,spike,48.9,2026-03-18
SIG-06778,PROD-00392,STORE-0002,seasonal,-29.0,2026-04-02
SIG-06779,PROD-01868,STORE-0002,decline,70.9,2026-01-11
SIG-06780,PROD-03336,STORE-0323,decline,-32.7,2026-05-21
SIG-06781,PROD-02615,STORE-0275,spike,24.5,2026-02-09
SIG-06782,PROD-00795,STORE-0319,spike,61.7,2026-04-21
SIG-06783,PROD-00135,STORE-0173,decline,-1.8,2026-05-07
SIG-06784,PROD-02093,STORE-0306,spike,14.8,2026-08-17
SIG-06785,PROD-02515,STORE-0425,seasonal,79.5,2026-07-18
SIG-06786,PROD-00911,STORE-0466,spike,-2.8,2026-07-12
SIG-06787,PROD-02729,STORE-0372,decline,6.8,2026-01-09
SIG-06788,PROD-01279,STORE-0304,spike,-0.4,2026-08-20
SIG-06789,PROD-03158,STORE-0102,spike,65.8,2026-03-22
SIG-06790,PROD-00355,STORE-0486,decline,66.6,2026-06-25
SIG-06791,PROD-02859,STORE-0240,decline,-37.2,2026-03-23
SIG-06792,PROD-00090,STORE-0447,seasonal,23.1,2026-03-18
SIG-06793,PROD-01463,STORE-0172,spike,-37.9,2026-01-11
SIG-06794,PROD-00107,STORE-0291,decline,-5.1,2026-03-18
SIG-06795,PROD-04926,STORE-0425,spike,60.3,2026-07-20
SIG-06796,PROD-03810,STORE-0468,seasonal,42.7,2026-05-23
SIG-06797,PROD-03764,STORE-0467,decline,1.8,2026-05-10
SIG-06798,PROD-01349,STORE-0434,seasonal,-37.5,2026-03-25
SIG-06799,PROD-02537,STORE-0277,seasonal,-26.7,2026-01-24
SIG-06800,PROD-03458,STORE-0044,seasonal,-12.3,2026-02-14
SIG-06801,PROD-02910,STORE-0191,decline,21.4,2026-04-18
SIG-06802,PROD-00005,STORE-0198,spike,38.9,2026-07-19
SIG-06803,PROD-01018,STORE-0147,seasonal,20.4,2026-03-27
SIG-06804,PROD-03105,STORE-0356,seasonal,33.4,2026-02-09
SIG-06805,PROD-04828,STORE-0303,seasonal,-38.1,2026-01-26
SIG-06806,PROD-04018,STORE-0176,decline,43.7,2026-02-14
SIG-06807,PROD-03277,STORE-0467,seasonal,16.3,2026-03-02
SIG-06808,PROD-00268,STORE-0238,seasonal,-14.4,2026-01-14
SIG-06809,PROD-03155,STORE-0342,spike,36.3,2026-01-14
SIG-06810,PROD-04330,STORE-0181,decline,55.5,2026-02-28
SIG-06811,PROD-03227,STORE-0252,spike,76.1,2026-07-10
SIG-06812,PROD-01796,STORE-0488,seasonal,69.6,2026-05-06
SIG-06813,PROD-01139,STORE-0238,decline,16.0,2026-07-28
SIG-06814,PROD-01940,STORE-0425,decline,62.4,2026-08-01
SIG-06815,PROD-04769,STORE-0370,decline,-2.3,2026-03-22
SIG-06816,PROD-04854,STORE-0046,spike,37.6,2026-05-26
SIG-06817,PROD-01044,STORE-0149,seasonal,38.4,2026-04-01
SIG-06818,PROD-00777,STORE-0359,seasonal,30.8,2026-06-27
SIG-06819,PROD-01267,STORE-0287,seasonal,74.7,2026-02-14
SIG-06820,PROD-02981,STORE-0369,seasonal,-21.9,2026-08-06
SIG-06821,PROD-00049,STORE-0250,decline,75.5,2026-05-12
SIG-06822,PROD-01349,STORE-0117,spike,5.0,2026-03-11
SIG-06823,PROD-02332,STORE-0061,spike,58.9,2026-02-18
SIG-06824,PROD-02311,STORE-0426,decline,62.3,2026-05-12
SIG-06825,PROD-03137,STORE-0051,seasonal,29.5,2026-01-05
SIG-06826,PROD-04014,STORE-0177,spike,46.0,2026-02-19
SIG-06827,PROD-04614,STORE-0136,spike,6.3,2026-05-04
SIG-06828,PROD-03182,STORE-0246,decline,-2.0,2026-05-15
SIG-06829,PROD-03241,STORE-0035,spike,29.0,2026-01-11
SIG-06830,PROD-03249,STORE-0487,seasonal,-23.2,2026-06-20
SIG-06831,PROD-00721,STORE-0231,spike,60.0,2026-06-02
SIG-06832,PROD-03525,STORE-0363,seasonal,14.4,2026-04-26
SIG-06833,PROD-03905,STORE-0207,spike,2.1,2026-03-26
SIG-06834,PROD-01039,STORE-0074,seasonal,53.8,2026-07-02
SIG-06835,PROD-01609,STORE-0414,decline,49.0,2026-02-18
SIG-06836,PROD-00828,STORE-0162,seasonal,52.3,2026-01-07
SIG-06837,PROD-03125,STORE-0096,seasonal,-0.4,2026-05-20
SIG-06838,PROD-01662,STORE-0228,decline,79.5,2026-02-21
SIG-06839,PROD-01201,STORE-0275,spike,35.8,2026-03-01
SIG-06840,PROD-00243,STORE-0047,decline,-32.5,2026-01-24
SIG-06841,PROD-00168,STORE-0108,seasonal,74.4,2026-05-01
SIG-06842,PROD-01241,STORE-0297,seasonal,-26.7,2026-08-25
SIG-06843,PROD-02236,STORE-0272,decline,-14.1,2026-05-03
SIG-06844,PROD-04788,STORE-0106,decline,66.8,2026-03-05
SIG-06845,PROD-01183,STORE-0236,decline,-26.7,2026-04-21
SIG-06846,PROD-03228,STORE-0230,spike,-26.7,2026-08-02
SIG-06847,PROD-02629,STORE-0092,spike,-8.6,2026-03-09
SIG-06848,PROD-01007,STORE-0424,decline,66.0,2026-01-19
SIG-06849,PROD-03485,STORE-0402,seasonal,-13.4,2026-05-08
SIG-06850,PROD-04537,STORE-0342,decline,0.9,2026-06-16
SIG-06851,PROD-02538,STORE-0344,decline,2.5,2026-05-11
SIG-06852,PROD-02691,STORE-0311,spike,34.9,2026-01-10
SIG-06853,PROD-04220,STORE-0255,decline,-35.3,2026-08-22
SIG-06854,PROD-02940,STORE-0068,spike,3.3,2026-05-06
SIG-06855,PROD-04089,STORE-0209,decline,-29.8,2026-06-20
SIG-06856,PROD-03597,STORE-0217,seasonal,31.0,2026-08-07
SIG-06857,PROD-03070,STORE-0056,decline,5.7,2026-01-05
SIG-06858,PROD-00732,STORE-0468,seasonal,64.6,2026-02-08
SIG-06859,PROD-04929,STORE-0370,decline,23.2,2026-07-08
SIG-06860,PROD-02529,STORE-0357,seasonal,-33.4,2026-08-12
SIG-06861,PROD-00258,STORE-0172,spike,78.0,2026-05-26
SIG-06862,PROD-00519,STORE-0441,seasonal,24.4,2026-02-21
SIG-06863,PROD-01284,STORE-0345,spike,-28.9,2026-02-14
SIG-06864,PROD-03145,STORE-0187,decline,11.1,2026-05-17
SIG-06865,PROD-03334,STORE-0147,spike,41.9,2026-03-14
SIG-06866,PROD-04679,STORE-0356,decline,-10.4,2026-04-07
SIG-06867,PROD-00516,STORE-0206,spike,13.0,2026-06-03
SIG-06868,PROD-01561,STORE-0175,decline,16.2,2026-05-12
SIG-06869,PROD-03261,STORE-0193,spike,71.4,2026-02-11
SIG-06870,PROD-00761,STORE-0263,seasonal,-14.3,2026-05-02
SIG-06871,PROD-03247,STORE-0173,spike,21.8,2026-03-06
SIG-06872,PROD-01451,STORE-0464,spike,79.5,2026-04-16
SIG-06873,PROD-04702,STORE-0133,decline,61.7,2026-08-01
SIG-06874,PROD-02665,STORE-0195,decline,34.0,2026-08-11
SIG-06875,PROD-03551,STORE-0329,seasonal,-19.7,2026-04-14
SIG-06876,PROD-01428,STORE-0020,seasonal,14.5,2026-03-16
SIG-06877,PROD-04116,STORE-0142,decline,65.1,2026-04-23
SIG-06878,PROD-00300,STORE-0434,seasonal,-0.3,2026-07-28
SIG-06879,PROD-04024,STORE-0348,spike,67.2,2026-02-06
SIG-06880,PROD-02323,STORE-0371,seasonal,78.3,2026-08-20
SIG-06881,PROD-03617,STORE-0109,spike,-29.3,2026-05-11
SIG-06882,PROD-03767,STORE-0185,spike,2.4,2026-06-11
SIG-06883,PROD-04918,STORE-0022,seasonal,19.1,2026-06-26
SIG-06884,PROD-03711,STORE-0239,spike,48.0,2026-07-09
SIG-06885,PROD-04238,STORE-0156,seasonal,8.9,2026-08-09
SIG-06886,PROD-02790,STORE-0311,seasonal,66.3,2026-02-12
SIG-06887,PROD-00720,STORE-0470,spike,2.6,2026-04-22
SIG-06888,PROD-01841,STORE-0286,seasonal,67.0,2026-01-12
SIG-06889,PROD-01463,STORE-0231,seasonal,-27.3,2026-07-11
SIG-06890,PROD-02764,STORE-0497,spike,28.6,2026-05-26
SIG-06891,PROD-04978,STORE-0387,decline,32.9,2026-08-25
SIG-06892,PROD-03644,STORE-0452,spike,-13.6,2026-01-25
SIG-06893,PROD-01844,STORE-0453,decline,69.6,2026-05-24
SIG-06894,PROD-02981,STORE-0045,decline,33.4,2026-01-08
SIG-06895,PROD-01187,STORE-0065,seasonal,51.9,2026-06-23
SIG-06896,PROD-03041,STORE-0027,seasonal,31.6,2026-03-15
SIG-06897,PROD-00388,STORE-0350,seasonal,78.5,2026-08-26
SIG-06898,PROD-01504,STORE-0022,spike,71.5,2026-01-28
SIG-06899,PROD-02404,STORE-0319,seasonal,-5.6,2026-07-28
SIG-06900,PROD-03068,STORE-0476,spike,-36.2,2026-01-05
SIG-06901,PROD-03136,STORE-0159,seasonal,26.4,2026-06-23
SIG-06902,PROD-03579,STORE-0270,seasonal,-35.4,2026-08-16
SIG-06903,PROD-00350,STORE-0315,decline,-3.3,2026-06-18
SIG-06904,PROD-03843,STORE-0180,spike,-34.3,2026-08-25
SIG-06905,PROD-03858,STORE-0463,spike,62.6,2026-06-28
SIG-06906,PROD-00110,STORE-0079,spike,59.8,2026-03-01
SIG-06907,PROD-00866,STORE-0200,seasonal,-26.4,2026-06-03
SIG-06908,PROD-02065,STORE-0212,seasonal,8.5,2026-01-21
SIG-06909,PROD-00740,STORE-0450,seasonal,-22.6,2026-03-28
SIG-06910,PROD-01707,STORE-0011,decline,-23.3,2026-06-11
SIG-06911,PROD-00224,STORE-0387,spike,58.7,2026-01-24
SIG-06912,PROD-00903,STORE-0475,decline,14.0,2026-03-20
SIG-06913,PROD-02073,STORE-0215,spike,-38.4,2026-06-27
SIG-06914,PROD-03686,STORE-0010,seasonal,79.6,2026-07-13
SIG-06915,PROD-01809,STORE-0353,spike,25.4,2026-06-11
SIG-06916,PROD-02367,STORE-0171,seasonal,-26.4,2026-02-10
SIG-06917,PROD-00072,STORE-0217,seasonal,-17.5,2026-08-13
SIG-06918,PROD-02303,STORE-0354,seasonal,-6.5,2026-06-10
SIG-06919,PROD-03152,STORE-0408,spike,39.0,2026-06-01
SIG-06920,PROD-03938,STORE-0055,decline,7.7,2026-05-21
SIG-06921,PROD-04398,STORE-0028,decline,72.2,2026-05-14
SIG-06922,PROD-00970,STORE-0496,decline,13.0,2026-06-16
SIG-06923,PROD-01726,STORE-0282,decline,12.6,2026-05-02
SIG-06924,PROD-04557,STORE-0371,seasonal,27.6,2026-08-21
SIG-06925,PROD-01613,STORE-0074,spike,16.2,2026-04-02
SIG-06926,PROD-01943,STORE-0451,decline,-36.7,2026-04-19
SIG-06927,PROD-04216,STORE-0237,spike,-39.6,2026-07-09
SIG-06928,PROD-01200,STORE-0290,seasonal,-13.2,2026-06-17
SIG-06929,PROD-02453,STORE-0151,seasonal,-19.0,2026-03-25
SIG-06930,PROD-00052,STORE-0467,seasonal,61.0,2026-03-21
SIG-06931,PROD-04991,STORE-0153,decline,-39.0,2026-07-12
SIG-06932,PROD-00620,STORE-0425,decline,-21.2,2026-01-13
SIG-06933,PROD-03555,STORE-0324,decline,58.3,2026-06-13
SIG-06934,PROD-04954,STORE-0291,seasonal,27.2,2026-07-27
SIG-06935,PROD-03627,STORE-0010,decline,31.3,2026-01-16
SIG-06936,PROD-02823,STORE-0067,seasonal,35.9,2026-01-28
SIG-06937,PROD-03206,STORE-0496,spike,8.9,2026-07-10
SIG-06938,PROD-01522,STORE-0377,seasonal,-22.3,2026-06-27
SIG-06939,PROD-00078,STORE-0414,decline,73.6,2026-08-12
SIG-06940,PROD-00378,STORE-0139,decline,67.9,2026-01-17
SIG-06941,PROD-03605,STORE-0294,decline,-18.0,2026-04-28
SIG-06942,PROD-03920,STORE-0292,decline,63.0,2026-05-28
SIG-06943,PROD-01202,STORE-0032,spike,63.5,2026-04-23
SIG-06944,PROD-04959,STORE-0108,decline,-34.5,2026-08-12
SIG-06945,PROD-01244,STORE-0140,decline,-21.2,2026-01-07
SIG-06946,PROD-04189,STORE-0148,spike,-7.0,2026-01-14
SIG-06947,PROD-04831,STORE-0066,spike,48.6,2026-03-16
SIG-06948,PROD-00880,STORE-0095,decline,-14.3,2026-01-06
SIG-06949,PROD-01913,STORE-0400,decline,57.4,2026-08-25
SIG-06950,PROD-04921,STORE-0396,spike,-0.7,2026-08-05
SIG-06951,PROD-01524,STORE-0123,spike,66.1,2026-05-21
SIG-06952,PROD-01278,STORE-0146,seasonal,-13.9,2026-08-28
SIG-06953,PROD-03316,STORE-0274,spike,42.4,2026-04-27
SIG-06954,PROD-00862,STORE-0447,seasonal,-4.4,2026-01-06
SIG-06955,PROD-01179,STORE-0259,spike,4.6,2026-06-26
SIG-06956,PROD-04282,STORE-0142,spike,-37.8,2026-08-16
SIG-06957,PROD-04972,STORE-0410,decline,-22.1,2026-02-07
SIG-06958,PROD-03871,STORE-0460,spike,-36.6,2026-05-05
SIG-06959,PROD-03836,STORE-0373,seasonal,13.4,2026-02-16
SIG-06960,PROD-02320,STORE-0104,decline,-13.4,2026-07-07
SIG-06961,PROD-04336,STORE-0212,spike,67.1,2026-02-09
SIG-06962,PROD-04112,STORE-0385,spike,49.2,2026-02-27
SIG-06963,PROD-03603,STORE-0113,spike,14.1,2026-06-08
SIG-06964,PROD-03238,STORE-0133,spike,60.2,2026-06-17
SIG-06965,PROD-02923,STORE-0283,spike,-19.2,2026-06-25
SIG-06966,PROD-01028,STORE-0211,decline,38.1,2026-07-02
SIG-06967,PROD-01178,STORE-0202,decline,-20.7,2026-01-08
SIG-06968,PROD-00285,STORE-0337,spike,37.4,2026-04-20
SIG-06969,PROD-03161,STORE-0125,decline,44.5,2026-07-14
SIG-06970,PROD-01832,STORE-0181,decline,53.3,2026-02-16
SIG-06971,PROD-02101,STORE-0316,seasonal,61.3,2026-02-07
SIG-06972,PROD-00967,STORE-0030,spike,48.5,2026-02-25
SIG-06973,PROD-04905,STORE-0340,seasonal,47.8,2026-01-18
SIG-06974,PROD-01504,STORE-0332,decline,32.4,2026-01-07
SIG-06975,PROD-03414,STORE-0463,seasonal,61.0,2026-02-17
SIG-06976,PROD-00267,STORE-0418,seasonal,30.2,2026-06-10
SIG-06977,PROD-04724,STORE-0271,spike,-28.8,2026-06-10
SIG-06978,PROD-04988,STORE-0369,decline,-11.3,2026-02-07
SIG-06979,PROD-04180,STORE-0372,seasonal,-3.3,2026-05-22
SIG-06980,PROD-01082,STORE-0130,seasonal,-38.2,2026-02-09
SIG-06981,PROD-03634,STORE-0129,decline,46.3,2026-02-12
SIG-06982,PROD-00106,STORE-0494,decline,78.0,2026-05-20
SIG-06983,PROD-02006,STORE-0274,decline,39.2,2026-02-28
SIG-06984,PROD-01850,STORE-0014,seasonal,56.4,2026-05-24
SIG-06985,PROD-02996,STORE-0359,spike,14.7,2026-01-22
SIG-06986,PROD-04028,STORE-0489,spike,43.3,2026-02-02
SIG-06987,PROD-02665,STORE-0305,seasonal,-26.9,2026-08-13
SIG-06988,PROD-03435,STORE-0319,decline,-33.6,2026-07-27
SIG-06989,PROD-03895,STORE-0318,seasonal,56.1,2026-06-07
SIG-06990,PROD-01860,STORE-0332,decline,-6.9,2026-03-01
SIG-06991,PROD-00746,STORE-0352,decline,17.0,2026-01-26
SIG-06992,PROD-02428,STORE-0244,spike,-24.3,2026-05-13
SIG-06993,PROD-01792,STORE-0223,seasonal,-11.6,2026-01-04
SIG-06994,PROD-04687,STORE-0248,spike,66.8,2026-02-12
SIG-06995,PROD-02675,STORE-0170,spike,26.1,2026-05-10
SIG-06996,PROD-00391,STORE-0080,seasonal,0.6,2026-01-09
SIG-06997,PROD-00066,STORE-0442,decline,9.6,2026-08-03
SIG-06998,PROD-04011,STORE-0071,seasonal,38.2,2026-01-20
SIG-06999,PROD-03193,STORE-0409,seasonal,-16.4,2026-04-20
SIG-07000,PROD-03382,STORE-0233,spike,-16.3,2026-05-17
SIG-07001,PROD-03271,STORE-0461,seasonal,-9.0,2026-06-17
SIG-07002,PROD-01060,STORE-0013,seasonal,71.4,2026-03-24
SIG-07003,PROD-00415,STORE-0259,seasonal,44.8,2026-04-12
SIG-07004,PROD-03798,STORE-0425,seasonal,30.5,2026-08-26
SIG-07005,PROD-03762,STORE-0481,decline,4.7,2026-04-02
SIG-07006,PROD-04076,STORE-0446,spike,24.7,2026-07-10
SIG-07007,PROD-04312,STORE-0089,decline,64.8,2026-03-21
SIG-07008,PROD-00328,STORE-0093,decline,-33.7,2026-05-01
SIG-07009,PROD-03649,STORE-0207,decline,51.1,2026-04-23
SIG-07010,PROD-00426,STORE-0315,seasonal,-14.2,2026-02-05
SIG-07011,PROD-01933,STORE-0450,spike,44.3,2026-01-19
SIG-07012,PROD-03976,STORE-0355,decline,-17.4,2026-08-17
SIG-07013,PROD-01408,STORE-0051,decline,-37.7,2026-07-28
SIG-07014,PROD-03223,STORE-0290,seasonal,26.5,2026-07-09
SIG-07015,PROD-00699,STORE-0346,decline,46.6,2026-08-06
SIG-07016,PROD-03536,STORE-0372,spike,-25.7,2026-07-07
SIG-07017,PROD-00015,STORE-0435,spike,-33.1,2026-05-09
SIG-07018,PROD-00078,STORE-0167,decline,22.1,2026-05-05
SIG-07019,PROD-01036,STORE-0367,spike,18.1,2026-02-22
SIG-07020,PROD-02661,STORE-0011,seasonal,41.6,2026-07-07
SIG-07021,PROD-00742,STORE-0214,seasonal,77.9,2026-08-03
SIG-07022,PROD-01295,STORE-0431,spike,-23.0,2026-01-18
SIG-07023,PROD-04575,STORE-0354,decline,-34.2,2026-04-05
SIG-07024,PROD-01107,STORE-0491,spike,47.9,2026-04-08
SIG-07025,PROD-02759,STORE-0398,decline,-25.3,2026-07-02
SIG-07026,PROD-04982,STORE-0125,spike,24.5,2026-07-21
SIG-07027,PROD-04386,STORE-0467,seasonal,-16.3,2026-03-25
SIG-07028,PROD-04282,STORE-0399,seasonal,11.7,2026-05-22
SIG-07029,PROD-03826,STORE-0225,decline,8.9,2026-03-21
SIG-07030,PROD-04619,STORE-0407,decline,-10.8,2026-05-22
SIG-07031,PROD-01660,STORE-0247,decline,41.4,2026-08-14
SIG-07032,PROD-00963,STORE-0345,decline,-16.8,2026-02-06
SIG-07033,PROD-01028,STORE-0384,seasonal,58.1,2026-01-13
SIG-07034,PROD-02151,STORE-0100,decline,78.7,2026-03-21
SIG-07035,PROD-04687,STORE-0197,decline,55.8,2026-03-25
SIG-07036,PROD-00717,STORE-0372,spike,44.2,2026-05-09
SIG-07037,PROD-01191,STORE-0353,seasonal,6.6,2026-02-06
SIG-07038,PROD-03514,STORE-0312,seasonal,24.2,2026-05-27
SIG-07039,PROD-02557,STORE-0323,spike,77.2,2026-06-25
SIG-07040,PROD-02468,STORE-0370,spike,-30.1,2026-04-06
SIG-07041,PROD-00908,STORE-0457,decline,-12.5,2026-04-26
SIG-07042,PROD-02823,STORE-0339,seasonal,78.7,2026-02-23
SIG-07043,PROD-01933,STORE-0212,decline,-3.3,2026-02-07
SIG-07044,PROD-01881,STORE-0033,spike,-1.0,2026-07-11
SIG-07045,PROD-04115,STORE-0175,decline,39.5,2026-04-26
SIG-07046,PROD-00664,STORE-0415,spike,32.8,2026-06-21
SIG-07047,PROD-03462,STORE-0453,decline,-0.8,2026-04-05
SIG-07048,PROD-02826,STORE-0273,seasonal,48.1,2026-03-06
SIG-07049,PROD-02533,STORE-0274,seasonal,-7.6,2026-01-02
SIG-07050,PROD-04096,STORE-0145,decline,-23.5,2026-06-16
SIG-07051,PROD-03322,STORE-0326,seasonal,-22.6,2026-05-08
SIG-07052,PROD-02860,STORE-0423,seasonal,3.3,2026-02-20
SIG-07053,PROD-04586,STORE-0352,spike,26.6,2026-01-05
SIG-07054,PROD-04633,STORE-0040,seasonal,65.2,2026-06-03
SIG-07055,PROD-04557,STORE-0488,seasonal,-1.1,2026-01-25
SIG-07056,PROD-03563,STORE-0028,decline,55.9,2026-07-18
SIG-07057,PROD-03318,STORE-0309,seasonal,12.7,2026-03-15
SIG-07058,PROD-04850,STORE-0471,seasonal,6.5,2026-07-25
SIG-07059,PROD-01367,STORE-0458,seasonal,-25.3,2026-07-28
SIG-07060,PROD-01836,STORE-0298,seasonal,67.2,2026-06-08
SIG-07061,PROD-00397,STORE-0412,spike,-3.0,2026-03-04
SIG-07062,PROD-04652,STORE-0194,decline,46.1,2026-05-05
SIG-07063,PROD-03856,STORE-0127,decline,-37.8,2026-02-17
SIG-07064,PROD-01430,STORE-0180,seasonal,-29.5,2026-07-20
SIG-07065,PROD-02801,STORE-0479,decline,71.2,2026-03-11
SIG-07066,PROD-02624,STORE-0101,seasonal,-27.6,2026-05-05
SIG-07067,PROD-04633,STORE-0074,seasonal,-15.5,2026-08-25
SIG-07068,PROD-02721,STORE-0450,decline,22.1,2026-06-17
SIG-07069,PROD-02759,STORE-0089,decline,-8.8,2026-08-24
SIG-07070,PROD-02045,STORE-0085,spike,-30.5,2026-07-28
SIG-07071,PROD-00011,STORE-0410,spike,69.4,2026-07-15
SIG-07072,PROD-04310,STORE-0376,decline,-15.4,2026-08-11
SIG-07073,PROD-04535,STORE-0150,decline,1.7,2026-05-11
SIG-07074,PROD-03795,STORE-0052,decline,31.0,2026-05-04
SIG-07075,PROD-00961,STORE-0119,spike,-23.3,2026-08-18
SIG-07076,PROD-00635,STORE-0455,decline,48.1,2026-02-24
SIG-07077,PROD-00722,STORE-0376,spike,6.8,2026-08-09
SIG-07078,PROD-04036,STORE-0230,seasonal,22.0,2026-02-24
SIG-07079,PROD-03331,STORE-0263,spike,57.3,2026-04-15
SIG-07080,PROD-01812,STORE-0352,decline,-10.6,2026-08-12
SIG-07081,PROD-03073,STORE-0280,decline,3.1,2026-03-20
SIG-07082,PROD-02333,STORE-0370,spike,-20.3,2026-04-10
SIG-07083,PROD-01259,STORE-0209,spike,7.6,2026-01-25
SIG-07084,PROD-04956,STORE-0265,seasonal,69.9,2026-06-06
SIG-07085,PROD-04050,STORE-0272,seasonal,55.2,2026-02-23
SIG-07086,PROD-04753,STORE-0368,seasonal,66.5,2026-05-25
SIG-07087,PROD-04375,STORE-0074,decline,55.7,2026-04-11
SIG-07088,PROD-01638,STORE-0133,seasonal,-12.9,2026-03-23
SIG-07089,PROD-02344,STORE-0434,spike,2.6,2026-08-02
SIG-07090,PROD-03511,STORE-0405,seasonal,-32.9,2026-05-23
SIG-07091,PROD-02272,STORE-0144,spike,-38.5,2026-02-02
SIG-07092,PROD-02087,STORE-0355,decline,27.5,2026-06-27
SIG-07093,PROD-04401,STORE-0435,seasonal,76.9,2026-01-20
SIG-07094,PROD-00317,STORE-0152,decline,-19.4,2026-01-14
SIG-07095,PROD-02934,STORE-0311,spike,59.5,2026-02-21
SIG-07096,PROD-02869,STORE-0460,spike,63.3,2026-02-21
SIG-07097,PROD-02985,STORE-0482,decline,38.4,2026-02-14
SIG-07098,PROD-03962,STORE-0446,decline,1.6,2026-05-20
SIG-07099,PROD-04046,STORE-0290,spike,1.5,2026-02-24
SIG-07100,PROD-00280,STORE-0397,seasonal,52.1,2026-08-05
SIG-07101,PROD-02916,STORE-0102,seasonal,-1.4,2026-02-05
SIG-07102,PROD-02597,STORE-0113,spike,17.2,2026-08-26
SIG-07103,PROD-04582,STORE-0384,decline,17.3,2026-07-09
SIG-07104,PROD-00072,STORE-0280,seasonal,-20.0,2026-08-03
SIG-07105,PROD-01317,STORE-0187,seasonal,-17.2,2026-03-13
SIG-07106,PROD-01448,STORE-0207,decline,54.8,2026-05-19
SIG-07107,PROD-04770,STORE-0074,spike,33.6,2026-08-20
SIG-07108,PROD-01522,STORE-0183,decline,22.4,2026-08-10
SIG-07109,PROD-01576,STORE-0027,spike,1.6,2026-01-04
SIG-07110,PROD-01480,STORE-0225,decline,7.9,2026-08-06
SIG-07111,PROD-01898,STORE-0478,decline,74.6,2026-06-12
SIG-07112,PROD-00908,STORE-0251,seasonal,-23.1,2026-04-23
SIG-07113,PROD-02933,STORE-0454,seasonal,-20.0,2026-07-25
SIG-07114,PROD-03713,STORE-0303,spike,-22.1,2026-05-15
SIG-07115,PROD-04134,STORE-0298,decline,-13.7,2026-07-05
SIG-07116,PROD-02094,STORE-0432,decline,0.1,2026-07-02
SIG-07117,PROD-03452,STORE-0025,seasonal,33.5,2026-01-09
SIG-07118,PROD-02997,STORE-0370,decline,42.3,2026-05-13
SIG-07119,PROD-00651,STORE-0207,seasonal,30.5,2026-08-15
SIG-07120,PROD-00999,STORE-0378,spike,60.8,2026-02-15
SIG-07121,PROD-01541,STORE-0463,spike,-4.0,2026-05-15
SIG-07122,PROD-00919,STORE-0426,spike,23.6,2026-03-05
SIG-07123,PROD-03187,STORE-0282,decline,79.9,2026-01-16
SIG-07124,PROD-03293,STORE-0379,decline,-28.8,2026-06-26
SIG-07125,PROD-04923,STORE-0473,spike,49.8,2026-06-23
SIG-07126,PROD-03246,STORE-0386,seasonal,70.3,2026-07-05
SIG-07127,PROD-01950,STORE-0170,seasonal,66.2,2026-01-06
SIG-07128,PROD-04905,STORE-0225,spike,-34.6,2026-02-01
SIG-07129,PROD-02556,STORE-0172,spike,49.7,2026-05-28
SIG-07130,PROD-00582,STORE-0491,decline,3.0,2026-06-22
SIG-07131,PROD-04520,STORE-0346,decline,24.1,2026-05-09
SIG-07132,PROD-02603,STORE-0068,spike,25.1,2026-03-05
SIG-07133,PROD-01262,STORE-0141,decline,-23.3,2026-08-23
SIG-07134,PROD-04209,STORE-0276,spike,-1.1,2026-02-01
SIG-07135,PROD-03904,STORE-0122,decline,-19.3,2026-04-06
SIG-07136,PROD-01290,STORE-0330,decline,6.9,2026-06-06
SIG-07137,PROD-02045,STORE-0464,spike,-9.1,2026-08-14
SIG-07138,PROD-00762,STORE-0130,decline,63.3,2026-05-03
SIG-07139,PROD-04901,STORE-0336,decline,-10.1,2026-05-09
SIG-07140,PROD-01067,STORE-0068,spike,-1.0,2026-01-09
SIG-07141,PROD-01403,STORE-0229,spike,51.5,2026-02-26
SIG-07142,PROD-03838,STORE-0272,decline,-13.2,2026-03-11
SIG-07143,PROD-02107,STORE-0268,spike,75.9,2026-02-21
SIG-07144,PROD-00232,STORE-0122,decline,-31.3,2026-08-08
SIG-07145,PROD-03549,STORE-0463,seasonal,40.1,2026-02-03
SIG-07146,PROD-03207,STORE-0376,spike,52.8,2026-07-15
SIG-07147,PROD-00910,STORE-0330,spike,74.1,2026-03-04
SIG-07148,PROD-04907,STORE-0048,decline,-33.0,2026-08-14
SIG-07149,PROD-01267,STORE-0432,decline,15.9,2026-07-19
SIG-07150,PROD-03485,STORE-0408,spike,-2.9,2026-06-08
SIG-07151,PROD-02329,STORE-0166,decline,52.2,2026-06-06
SIG-07152,PROD-03252,STORE-0485,decline,39.0,2026-08-13
SIG-07153,PROD-02796,STORE-0500,decline,-16.9,2026-07-09
SIG-07154,PROD-03957,STORE-0360,decline,-12.8,2026-05-11
SIG-07155,PROD-03067,STORE-0387,spike,-14.3,2026-04-20
SIG-07156,PROD-02866,STORE-0225,seasonal,2.4,2026-05-06
SIG-07157,PROD-04059,STORE-0094,spike,55.0,2026-07-01
SIG-07158,PROD-04047,STORE-0484,decline,-0.9,2026-02-20
SIG-07159,PROD-00551,STORE-0105,seasonal,-33.9,2026-03-25
SIG-07160,PROD-00209,STORE-0200,decline,13.7,2026-06-17
SIG-07161,PROD-04333,STORE-0452,seasonal,47.3,2026-01-01
SIG-07162,PROD-00719,STORE-0323,spike,73.9,2026-04-16
SIG-07163,PROD-01355,STORE-0394,seasonal,18.7,2026-02-22
SIG-07164,PROD-02244,STORE-0016,seasonal,8.7,2026-08-10
SIG-07165,PROD-00371,STORE-0229,decline,15.9,2026-06-07
SIG-07166,PROD-03469,STORE-0084,decline,40.9,2026-08-13
SIG-07167,PROD-00184,STORE-0394,spike,12.0,2026-08-24
SIG-07168,PROD-01173,STORE-0121,spike,71.3,2026-03-15
SIG-07169,PROD-03904,STORE-0223,seasonal,27.6,2026-07-21
SIG-07170,PROD-00095,STORE-0390,seasonal,47.7,2026-07-14
SIG-07171,PROD-03492,STORE-0489,decline,1.8,2026-04-02
SIG-07172,PROD-01893,STORE-0317,decline,39.6,2026-08-23
SIG-07173,PROD-02939,STORE-0323,spike,-0.6,2026-07-02
SIG-07174,PROD-02451,STORE-0416,seasonal,38.9,2026-01-21
SIG-07175,PROD-01440,STORE-0387,seasonal,38.7,2026-03-20
SIG-07176,PROD-00640,STORE-0187,decline,42.5,2026-01-03
SIG-07177,PROD-04885,STORE-0100,seasonal,-10.0,2026-01-03
SIG-07178,PROD-03720,STORE-0287,seasonal,72.7,2026-02-07
SIG-07179,PROD-03669,STORE-0434,decline,2.7,2026-01-05
SIG-07180,PROD-00101,STORE-0131,spike,72.5,2026-02-03
SIG-07181,PROD-01302,STORE-0010,decline,9.0,2026-08-25
SIG-07182,PROD-03743,STORE-0468,spike,20.9,2026-07-09
SIG-07183,PROD-04364,STORE-0194,spike,-12.2,2026-02-18
SIG-07184,PROD-00315,STORE-0323,seasonal,72.1,2026-05-14
SIG-07185,PROD-00805,STORE-0293,seasonal,-4.0,2026-06-18
SIG-07186,PROD-01712,STORE-0355,spike,-33.2,2026-01-23
SIG-07187,PROD-03905,STORE-0188,seasonal,66.2,2026-05-05
SIG-07188,PROD-04487,STORE-0023,seasonal,-2.5,2026-01-16
SIG-07189,PROD-00622,STORE-0109,decline,-34.3,2026-05-21
SIG-07190,PROD-02605,STORE-0266,spike,79.3,2026-07-07
SIG-07191,PROD-03666,STORE-0173,spike,61.4,2026-07-21
SIG-07192,PROD-00891,STORE-0103,spike,-20.1,2026-06-24
SIG-07193,PROD-01586,STORE-0008,spike,31.0,2026-07-09
SIG-07194,PROD-00131,STORE-0267,spike,62.4,2026-07-19
SIG-07195,PROD-02584,STORE-0114,seasonal,-21.2,2026-01-01
SIG-07196,PROD-01696,STORE-0097,seasonal,15.6,2026-03-23
SIG-07197,PROD-04563,STORE-0049,seasonal,17.7,2026-02-21
SIG-07198,PROD-03472,STORE-0399,decline,36.4,2026-08-24
SIG-07199,PROD-04605,STORE-0166,decline,12.6,2026-01-09
SIG-07200,PROD-02943,STORE-0097,seasonal,-27.1,2026-05-04
SIG-07201,PROD-01786,STORE-0377,spike,51.0,2026-01-16
SIG-07202,PROD-02786,STORE-0050,seasonal,4.2,2026-02-07
SIG-07203,PROD-02819,STORE-0346,decline,59.8,2026-02-12
SIG-07204,PROD-02070,STORE-0403,spike,-31.7,2026-02-14
SIG-07205,PROD-02016,STORE-0249,decline,-29.0,2026-05-08
SIG-07206,PROD-02636,STORE-0203,decline,32.8,2026-01-16
SIG-07207,PROD-04832,STORE-0039,seasonal,46.8,2026-02-21
SIG-07208,PROD-03365,STORE-0380,seasonal,5.0,2026-07-14
SIG-07209,PROD-04693,STORE-0077,spike,37.2,2026-05-08
SIG-07210,PROD-03110,STORE-0153,spike,11.3,2026-01-10
SIG-07211,PROD-04991,STORE-0314,spike,32.1,2026-03-28
SIG-07212,PROD-03164,STORE-0038,decline,39.8,2026-05-19
SIG-07213,PROD-00662,STORE-0359,seasonal,-35.2,2026-08-02
SIG-07214,PROD-04117,STORE-0156,seasonal,4.5,2026-04-14
SIG-07215,PROD-03673,STORE-0368,decline,41.6,2026-04-22
SIG-07216,PROD-02911,STORE-0179,spike,22.0,2026-06-01
SIG-07217,PROD-02515,STORE-0452,seasonal,69.8,2026-03-06
SIG-07218,PROD-01698,STORE-0171,spike,-38.4,2026-08-06
SIG-07219,PROD-02072,STORE-0070,spike,-28.1,2026-07-22
SIG-07220,PROD-02787,STORE-0181,spike,61.5,2026-05-03
SIG-07221,PROD-00640,STORE-0475,decline,35.1,2026-03-07
SIG-07222,PROD-03426,STORE-0220,spike,34.7,2026-08-02
SIG-07223,PROD-00883,STORE-0254,decline,-22.8,2026-08-25
SIG-07224,PROD-02990,STORE-0079,seasonal,-22.1,2026-06-28
SIG-07225,PROD-00632,STORE-0376,decline,33.5,2026-05-13
SIG-07226,PROD-02952,STORE-0300,decline,62.0,2026-04-21
SIG-07227,PROD-00350,STORE-0217,seasonal,50.8,2026-08-23
SIG-07228,PROD-00952,STORE-0464,spike,71.5,2026-06-14
SIG-07229,PROD-04711,STORE-0412,seasonal,13.4,2026-06-23
SIG-07230,PROD-01455,STORE-0208,seasonal,22.4,2026-07-16
SIG-07231,PROD-02445,STORE-0047,spike,-12.5,2026-08-09
SIG-07232,PROD-03503,STORE-0360,seasonal,-0.0,2026-03-10
SIG-07233,PROD-03686,STORE-0108,decline,50.1,2026-01-25
SIG-07234,PROD-01069,STORE-0429,decline,-27.1,2026-06-01
SIG-07235,PROD-00150,STORE-0333,seasonal,22.3,2026-08-23
SIG-07236,PROD-01861,STORE-0475,decline,-33.7,2026-06-24
SIG-07237,PROD-03856,STORE-0360,decline,23.9,2026-04-20
SIG-07238,PROD-03744,STORE-0454,decline,33.8,2026-02-20
SIG-07239,PROD-04896,STORE-0093,seasonal,23.6,2026-01-27
SIG-07240,PROD-04518,STORE-0030,seasonal,12.7,2026-02-28
SIG-07241,PROD-03778,STORE-0384,spike,52.4,2026-02-04
SIG-07242,PROD-02831,STORE-0155,decline,-37.6,2026-08-23
SIG-07243,PROD-00847,STORE-0114,decline,-39.8,2026-04-18
SIG-07244,PROD-03534,STORE-0401,spike,66.0,2026-02-13
SIG-07245,PROD-02014,STORE-0446,spike,44.4,2026-03-02
SIG-07246,PROD-00644,STORE-0072,spike,6.3,2026-02-28
SIG-07247,PROD-02680,STORE-0357,seasonal,-0.3,2026-03-02
SIG-07248,PROD-03197,STORE-0427,spike,42.1,2026-05-11
SIG-07249,PROD-02765,STORE-0196,spike,-12.7,2026-01-09
SIG-07250,PROD-01063,STORE-0327,spike,28.5,2026-03-09
SIG-07251,PROD-02529,STORE-0442,spike,-10.2,2026-08-10
SIG-07252,PROD-02456,STORE-0450,seasonal,17.3,2026-04-07
SIG-07253,PROD-03227,STORE-0480,decline,-27.3,2026-01-02
SIG-07254,PROD-01307,STORE-0173,seasonal,-9.4,2026-06-05
SIG-07255,PROD-01363,STORE-0472,seasonal,15.9,2026-08-27
SIG-07256,PROD-02404,STORE-0070,seasonal,-18.5,2026-01-12
SIG-07257,PROD-02939,STORE-0062,decline,63.2,2026-05-07
SIG-07258,PROD-02462,STORE-0250,seasonal,3.3,2026-06-02
SIG-07259,PROD-01707,STORE-0438,seasonal,57.3,2026-08-18
SIG-07260,PROD-00554,STORE-0393,seasonal,-17.2,2026-08-04
SIG-07261,PROD-00938,STORE-0020,decline,1.6,2026-07-06
SIG-07262,PROD-04578,STORE-0199,spike,-36.4,2026-03-04
SIG-07263,PROD-04389,STORE-0274,decline,66.9,2026-08-07
SIG-07264,PROD-03366,STORE-0465,spike,54.8,2026-05-12
SIG-07265,PROD-02337,STORE-0337,seasonal,61.2,2026-02-07
SIG-07266,PROD-04893,STORE-0291,decline,-17.1,2026-02-21
SIG-07267,PROD-04995,STORE-0303,decline,-39.7,2026-03-13
SIG-07268,PROD-02326,STORE-0035,spike,-16.4,2026-03-15
SIG-07269,PROD-04696,STORE-0210,seasonal,11.8,2026-03-08
SIG-07270,PROD-04310,STORE-0152,seasonal,8.6,2026-01-20
SIG-07271,PROD-02257,STORE-0270,spike,72.4,2026-08-07
SIG-07272,PROD-04670,STORE-0132,decline,26.7,2026-05-23
SIG-07273,PROD-02412,STORE-0044,spike,9.0,2026-05-26
SIG-07274,PROD-01395,STORE-0172,seasonal,61.3,2026-04-26
SIG-07275,PROD-00898,STORE-0136,decline,-4.2,2026-03-28
SIG-07276,PROD-02967,STORE-0310,spike,69.4,2026-07-21
SIG-07277,PROD-01234,STORE-0027,seasonal,-1.0,2026-03-24
SIG-07278,PROD-04096,STORE-0379,decline,54.1,2026-01-26
SIG-07279,PROD-03826,STORE-0076,decline,8.4,2026-05-06
SIG-07280,PROD-01456,STORE-0198,seasonal,-26.8,2026-01-01
SIG-07281,PROD-00522,STORE-0138,decline,-18.5,2026-02-18
SIG-07282,PROD-03605,STORE-0347,spike,21.1,2026-04-22
SIG-07283,PROD-02431,STORE-0011,decline,23.7,2026-07-28
SIG-07284,PROD-04574,STORE-0047,seasonal,65.0,2026-02-11
SIG-07285,PROD-03056,STORE-0221,decline,61.9,2026-07-28
SIG-07286,PROD-01693,STORE-0199,seasonal,-32.3,2026-04-21
SIG-07287,PROD-04478,STORE-0317,spike,12.0,2026-06-10
SIG-07288,PROD-03693,STORE-0218,seasonal,70.1,2026-05-03
SIG-07289,PROD-02937,STORE-0301,seasonal,77.1,2026-02-20
SIG-07290,PROD-04888,STORE-0352,spike,-22.3,2026-05-07
SIG-07291,PROD-01840,STORE-0002,seasonal,-10.3,2026-05-25
SIG-07292,PROD-00599,STORE-0446,seasonal,71.8,2026-06-12
SIG-07293,PROD-03407,STORE-0107,spike,-14.8,2026-08-22
SIG-07294,PROD-02667,STORE-0484,seasonal,-36.3,2026-06-24
SIG-07295,PROD-02082,STORE-0495,decline,31.9,2026-03-01
SIG-07296,PROD-00808,STORE-0298,decline,25.3,2026-05-04
SIG-07297,PROD-00477,STORE-0319,seasonal,28.2,2026-08-21
SIG-07298,PROD-00637,STORE-0351,decline,5.4,2026-04-01
SIG-07299,PROD-03040,STORE-0114,seasonal,80.0,2026-03-12
SIG-07300,PROD-00602,STORE-0121,seasonal,-33.1,2026-02-06
SIG-07301,PROD-02436,STORE-0218,seasonal,-34.8,2026-04-08
SIG-07302,PROD-00240,STORE-0089,decline,-25.5,2026-01-14
SIG-07303,PROD-00822,STORE-0008,spike,6.0,2026-07-19
SIG-07304,PROD-00910,STORE-0003,decline,36.8,2026-08-22
SIG-07305,PROD-00841,STORE-0078,spike,59.5,2026-03-24
SIG-07306,PROD-02430,STORE-0485,spike,40.1,2026-02-04
SIG-07307,PROD-01082,STORE-0282,seasonal,-39.6,2026-04-03
SIG-07308,PROD-00975,STORE-0401,spike,4.0,2026-04-10
SIG-07309,PROD-00029,STORE-0146,decline,14.0,2026-05-10
SIG-07310,PROD-00621,STORE-0454,decline,56.0,2026-06-15
SIG-07311,PROD-01155,STORE-0126,decline,-14.5,2026-06-07
SIG-07312,PROD-00661,STORE-0304,decline,-36.5,2026-06-06
SIG-07313,PROD-01933,STORE-0469,seasonal,43.2,2026-07-24
SIG-07314,PROD-01815,STORE-0316,decline,9.5,2026-07-11
SIG-07315,PROD-03132,STORE-0259,decline,37.8,2026-03-13
SIG-07316,PROD-04921,STORE-0317,seasonal,60.5,2026-01-19
SIG-07317,PROD-02887,STORE-0489,decline,-20.0,2026-01-18
SIG-07318,PROD-01708,STORE-0175,decline,32.3,2026-05-15
SIG-07319,PROD-00811,STORE-0448,spike,-20.5,2026-03-20
SIG-07320,PROD-04882,STORE-0022,seasonal,-14.4,2026-07-12
SIG-07321,PROD-03038,STORE-0156,seasonal,12.5,2026-06-24
SIG-07322,PROD-03473,STORE-0412,spike,-2.6,2026-08-13
SIG-07323,PROD-04259,STORE-0096,seasonal,34.8,2026-08-22
SIG-07324,PROD-04998,STORE-0120,seasonal,-31.6,2026-06-25
SIG-07325,PROD-04789,STORE-0162,decline,22.4,2026-07-25
SIG-07326,PROD-02550,STORE-0044,seasonal,74.3,2026-06-07
SIG-07327,PROD-00386,STORE-0489,seasonal,-21.7,2026-08-26
SIG-07328,PROD-02920,STORE-0156,decline,-37.4,2026-01-01
SIG-07329,PROD-03396,STORE-0129,spike,-25.1,2026-05-14
SIG-07330,PROD-03577,STORE-0129,spike,27.5,2026-02-02
SIG-07331,PROD-02377,STORE-0045,decline,-35.9,2026-02-14
SIG-07332,PROD-02949,STORE-0221,spike,-10.2,2026-04-13
SIG-07333,PROD-03258,STORE-0141,seasonal,-22.2,2026-06-22
SIG-07334,PROD-04507,STORE-0245,spike,50.8,2026-02-11
SIG-07335,PROD-01127,STORE-0489,spike,-11.8,2026-04-27
SIG-07336,PROD-04375,STORE-0268,seasonal,13.8,2026-01-26
SIG-07337,PROD-01695,STORE-0322,decline,29.0,2026-03-11
SIG-07338,PROD-01556,STORE-0174,seasonal,30.1,2026-05-24
SIG-07339,PROD-02110,STORE-0146,decline,11.1,2026-02-02
SIG-07340,PROD-04821,STORE-0104,decline,25.1,2026-08-19
SIG-07341,PROD-00231,STORE-0162,decline,39.7,2026-01-18
SIG-07342,PROD-04163,STORE-0345,decline,64.1,2026-08-22
SIG-07343,PROD-04486,STORE-0329,decline,-7.2,2026-06-08
SIG-07344,PROD-04916,STORE-0155,seasonal,-13.8,2026-01-20
SIG-07345,PROD-03045,STORE-0468,seasonal,15.7,2026-03-17
SIG-07346,PROD-04032,STORE-0433,spike,18.8,2026-06-20
SIG-07347,PROD-02020,STORE-0143,spike,8.2,2026-07-21
SIG-07348,PROD-02688,STORE-0431,spike,7.9,2026-01-26
SIG-07349,PROD-04407,STORE-0315,decline,75.3,2026-02-05
SIG-07350,PROD-02436,STORE-0261,decline,58.4,2026-08-05
SIG-07351,PROD-01643,STORE-0178,decline,-29.4,2026-06-12
SIG-07352,PROD-01603,STORE-0207,seasonal,5.8,2026-05-07
SIG-07353,PROD-04890,STORE-0280,decline,65.4,2026-05-25
SIG-07354,PROD-04792,STORE-0066,spike,10.9,2026-06-24
SIG-07355,PROD-04054,STORE-0100,spike,60.0,2026-05-19
SIG-07356,PROD-01167,STORE-0489,seasonal,-37.9,2026-07-06
SIG-07357,PROD-04924,STORE-0083,spike,42.7,2026-03-16
SIG-07358,PROD-01561,STORE-0472,spike,28.1,2026-05-21
SIG-07359,PROD-01034,STORE-0377,seasonal,-10.4,2026-05-21
SIG-07360,PROD-00482,STORE-0101,decline,-6.6,2026-06-15
SIG-07361,PROD-00671,STORE-0304,seasonal,48.2,2026-06-27
SIG-07362,PROD-01897,STORE-0253,spike,57.1,2026-06-07
SIG-07363,PROD-01408,STORE-0141,spike,15.3,2026-08-05
SIG-07364,PROD-02430,STORE-0314,spike,49.6,2026-05-23
SIG-07365,PROD-01665,STORE-0273,spike,2.9,2026-06-21
SIG-07366,PROD-01385,STORE-0392,decline,24.3,2026-02-22
SIG-07367,PROD-00246,STORE-0485,seasonal,77.5,2026-05-11
SIG-07368,PROD-04822,STORE-0147,seasonal,-39.4,2026-04-03
SIG-07369,PROD-01390,STORE-0378,spike,60.4,2026-07-13
SIG-07370,PROD-02748,STORE-0327,seasonal,53.1,2026-06-20
SIG-07371,PROD-03119,STORE-0152,seasonal,32.9,2026-03-02
SIG-07372,PROD-00115,STORE-0482,spike,-0.9,2026-01-21
SIG-07373,PROD-04622,STORE-0465,seasonal,38.8,2026-03-09
SIG-07374,PROD-04117,STORE-0293,decline,-35.9,2026-02-09
SIG-07375,PROD-01016,STORE-0135,decline,19.8,2026-06-20
SIG-07376,PROD-00081,STORE-0448,seasonal,-5.8,2026-01-09
SIG-07377,PROD-00164,STORE-0451,decline,11.2,2026-07-10
SIG-07378,PROD-02995,STORE-0349,decline,25.4,2026-07-24
SIG-07379,PROD-01528,STORE-0289,seasonal,49.1,2026-05-12
SIG-07380,PROD-03349,STORE-0294,decline,79.6,2026-05-13
SIG-07381,PROD-00655,STORE-0265,decline,34.0,2026-02-26
SIG-07382,PROD-04376,STORE-0127,spike,15.0,2026-08-01
SIG-07383,PROD-04868,STORE-0245,decline,-36.5,2026-03-15
SIG-07384,PROD-01569,STORE-0194,spike,48.9,2026-06-23
SIG-07385,PROD-04187,STORE-0433,seasonal,-19.1,2026-06-16
SIG-07386,PROD-01506,STORE-0010,decline,-14.6,2026-05-16
SIG-07387,PROD-00104,STORE-0009,spike,52.4,2026-05-15
SIG-07388,PROD-00436,STORE-0247,spike,43.7,2026-08-17
SIG-07389,PROD-01842,STORE-0429,decline,50.4,2026-07-24
SIG-07390,PROD-04639,STORE-0456,spike,46.3,2026-03-21
SIG-07391,PROD-03631,STORE-0405,seasonal,-28.7,2026-05-21
SIG-07392,PROD-02719,STORE-0090,seasonal,57.2,2026-06-10
SIG-07393,PROD-03047,STORE-0232,spike,11.4,2026-04-13
SIG-07394,PROD-04627,STORE-0439,spike,-25.1,2026-06-16
SIG-07395,PROD-01795,STORE-0188,spike,64.5,2026-06-16
SIG-07396,PROD-00894,STORE-0127,spike,-17.7,2026-02-18
SIG-07397,PROD-01400,STORE-0444,decline,17.6,2026-04-14
SIG-07398,PROD-02402,STORE-0115,seasonal,39.1,2026-02-26
SIG-07399,PROD-00311,STORE-0208,decline,43.5,2026-05-03
SIG-07400,PROD-04358,STORE-0168,seasonal,12.4,2026-03-26
SIG-07401,PROD-02339,STORE-0323,seasonal,12.4,2026-06-14
SIG-07402,PROD-00587,STORE-0359,spike,53.3,2026-01-27
SIG-07403,PROD-03037,STORE-0462,decline,30.9,2026-03-16
SIG-07404,PROD-03759,STORE-0145,seasonal,53.3,2026-03-19
SIG-07405,PROD-04205,STORE-0131,decline,-1.1,2026-08-24
SIG-07406,PROD-00231,STORE-0300,seasonal,-1.2,2026-03-20
SIG-07407,PROD-04574,STORE-0246,decline,-1.9,2026-02-02
SIG-07408,PROD-01373,STORE-0472,seasonal,11.9,2026-04-15
SIG-07409,PROD-00256,STORE-0426,seasonal,-29.6,2026-06-18
SIG-07410,PROD-01961,STORE-0135,spike,-10.0,2026-07-18
SIG-07411,PROD-02896,STORE-0344,spike,-30.1,2026-02-05
SIG-07412,PROD-02285,STORE-0245,decline,25.8,2026-01-21
SIG-07413,PROD-04695,STORE-0182,seasonal,-29.9,2026-08-11
SIG-07414,PROD-04113,STORE-0051,spike,19.4,2026-01-16
SIG-07415,PROD-04769,STORE-0023,seasonal,65.4,2026-03-04
SIG-07416,PROD-01697,STORE-0263,seasonal,-33.8,2026-04-23
SIG-07417,PROD-00956,STORE-0417,decline,29.3,2026-05-02
SIG-07418,PROD-02618,STORE-0088,decline,43.8,2026-03-21
SIG-07419,PROD-04763,STORE-0395,seasonal,61.9,2026-04-21
SIG-07420,PROD-01046,STORE-0343,spike,21.2,2026-02-27
SIG-07421,PROD-04475,STORE-0118,decline,18.0,2026-02-13
SIG-07422,PROD-02240,STORE-0416,spike,68.1,2026-06-06
SIG-07423,PROD-03600,STORE-0446,decline,72.3,2026-07-13
SIG-07424,PROD-00707,STORE-0196,seasonal,58.1,2026-05-14
SIG-07425,PROD-02725,STORE-0261,decline,-25.1,2026-07-06
SIG-07426,PROD-02589,STORE-0213,spike,40.5,2026-01-25
SIG-07427,PROD-03950,STORE-0457,spike,-6.7,2026-07-04
SIG-07428,PROD-04892,STORE-0210,seasonal,52.0,2026-02-27
SIG-07429,PROD-03897,STORE-0214,seasonal,11.0,2026-03-25
SIG-07430,PROD-03671,STORE-0397,spike,15.4,2026-07-17
SIG-07431,PROD-02747,STORE-0034,decline,28.9,2026-06-04
SIG-07432,PROD-00367,STORE-0493,decline,-5.6,2026-01-04
SIG-07433,PROD-04820,STORE-0167,spike,-24.2,2026-04-03
SIG-07434,PROD-02230,STORE-0239,seasonal,-38.3,2026-07-23
SIG-07435,PROD-03290,STORE-0302,seasonal,50.4,2026-06-05
SIG-07436,PROD-03440,STORE-0264,spike,-5.5,2026-05-16
SIG-07437,PROD-04986,STORE-0216,decline,42.5,2026-06-22
SIG-07438,PROD-00248,STORE-0204,seasonal,71.3,2026-05-06
SIG-07439,PROD-03806,STORE-0390,seasonal,5.0,2026-04-05
SIG-07440,PROD-02132,STORE-0178,decline,33.7,2026-07-08
SIG-07441,PROD-01312,STORE-0301,seasonal,50.7,2026-08-11
SIG-07442,PROD-03802,STORE-0093,spike,7.5,2026-08-03
SIG-07443,PROD-03952,STORE-0184,seasonal,-36.4,2026-07-10
SIG-07444,PROD-04288,STORE-0453,spike,69.7,2026-08-27
SIG-07445,PROD-02886,STORE-0126,seasonal,45.4,2026-08-28
SIG-07446,PROD-04045,STORE-0044,decline,0.2,2026-03-07
SIG-07447,PROD-03784,STORE-0372,spike,61.0,2026-05-24
SIG-07448,PROD-04078,STORE-0290,decline,14.6,2026-02-20
SIG-07449,PROD-01973,STORE-0367,spike,75.1,2026-03-27
SIG-07450,PROD-03660,STORE-0381,decline,68.0,2026-02-02
SIG-07451,PROD-00851,STORE-0189,spike,-16.9,2026-04-22
SIG-07452,PROD-02073,STORE-0261,decline,-12.6,2026-02-27
SIG-07453,PROD-01375,STORE-0008,decline,-29.4,2026-04-24
SIG-07454,PROD-02890,STORE-0339,decline,-39.5,2026-08-22
SIG-07455,PROD-01719,STORE-0330,decline,68.2,2026-08-24
SIG-07456,PROD-04953,STORE-0349,spike,-8.5,2026-08-01
SIG-07457,PROD-04242,STORE-0322,seasonal,74.6,2026-04-16
SIG-07458,PROD-02950,STORE-0371,seasonal,61.1,2026-06-03
SIG-07459,PROD-01117,STORE-0374,seasonal,-23.9,2026-03-13
SIG-07460,PROD-01175,STORE-0425,decline,21.3,2026-06-08
SIG-07461,PROD-01618,STORE-0143,seasonal,-0.3,2026-03-11
SIG-07462,PROD-02891,STORE-0238,decline,29.9,2026-07-04
SIG-07463,PROD-02248,STORE-0485,decline,1.7,2026-03-16
SIG-07464,PROD-03706,STORE-0051,spike,0.2,2026-05-26
SIG-07465,PROD-00128,STORE-0088,spike,17.9,2026-07-15
SIG-07466,PROD-04039,STORE-0042,seasonal,74.1,2026-05-07
SIG-07467,PROD-01856,STORE-0234,decline,33.7,2026-05-14
SIG-07468,PROD-03862,STORE-0230,decline,38.5,2026-05-19
SIG-07469,PROD-03282,STORE-0101,spike,-4.5,2026-01-03
SIG-07470,PROD-00208,STORE-0230,decline,-32.1,2026-08-15
SIG-07471,PROD-02773,STORE-0072,seasonal,17.1,2026-05-23
SIG-07472,PROD-01855,STORE-0060,spike,71.7,2026-04-14
SIG-07473,PROD-00911,STORE-0036,decline,-18.0,2026-01-27
SIG-07474,PROD-03622,STORE-0306,decline,46.3,2026-03-08
SIG-07475,PROD-03576,STORE-0100,decline,16.5,2026-03-20
SIG-07476,PROD-01490,STORE-0125,seasonal,-20.4,2026-05-01
SIG-07477,PROD-04697,STORE-0409,decline,5.5,2026-02-26
SIG-07478,PROD-04163,STORE-0377,decline,-15.2,2026-01-01
SIG-07479,PROD-00200,STORE-0304,seasonal,-37.3,2026-02-04
SIG-07480,PROD-04651,STORE-0432,decline,-13.8,2026-01-04
SIG-07481,PROD-02476,STORE-0429,spike,59.2,2026-01-26
SIG-07482,PROD-02388,STORE-0310,spike,12.2,2026-01-28
SIG-07483,PROD-02922,STORE-0419,seasonal,68.6,2026-08-20
SIG-07484,PROD-00251,STORE-0420,seasonal,-14.8,2026-08-21
SIG-07485,PROD-03070,STORE-0137,decline,-13.2,2026-02-05
SIG-07486,PROD-04458,STORE-0263,decline,-13.7,2026-07-23
SIG-07487,PROD-02611,STORE-0163,decline,-33.5,2026-03-22
SIG-07488,PROD-01654,STORE-0070,spike,64.7,2026-08-12
SIG-07489,PROD-03834,STORE-0399,seasonal,-16.4,2026-01-24
SIG-07490,PROD-01731,STORE-0356,seasonal,-22.6,2026-08-06
SIG-07491,PROD-03404,STORE-0039,decline,30.5,2026-08-04
SIG-07492,PROD-04984,STORE-0068,decline,-0.1,2026-06-26
SIG-07493,PROD-02098,STORE-0372,seasonal,7.5,2026-07-01
SIG-07494,PROD-03818,STORE-0105,decline,-25.4,2026-05-04
SIG-07495,PROD-04058,STORE-0384,decline,-27.3,2026-03-08
SIG-07496,PROD-00919,STORE-0035,spike,-21.9,2026-05-28
SIG-07497,PROD-01537,STORE-0097,decline,-28.8,2026-03-22
SIG-07498,PROD-01294,STORE-0006,decline,5.2,2026-06-24
SIG-07499,PROD-03574,STORE-0266,decline,48.9,2026-06-25
SIG-07500,PROD-04387,STORE-0293,seasonal,44.1,2026-01-07
SIG-07501,PROD-03793,STORE-0235,seasonal,-22.0,2026-03-22
SIG-07502,PROD-02748,STORE-0422,spike,26.5,2026-04-28
SIG-07503,PROD-01923,STORE-0127,decline,-36.1,2026-08-12
SIG-07504,PROD-01418,STORE-0054,seasonal,36.1,2026-07-19
SIG-07505,PROD-00826,STORE-0463,seasonal,62.5,2026-07-03
SIG-07506,PROD-00655,STORE-0072,seasonal,58.5,2026-08-06
SIG-07507,PROD-03155,STORE-0489,decline,39.9,2026-02-23
SIG-07508,PROD-02996,STORE-0232,spike,-30.0,2026-06-27
SIG-07509,PROD-00367,STORE-0337,decline,70.6,2026-07-01
SIG-07510,PROD-02479,STORE-0190,seasonal,19.4,2026-03-08
SIG-07511,PROD-02844,STORE-0309,decline,-28.8,2026-08-13
SIG-07512,PROD-03457,STORE-0075,decline,40.6,2026-08-17
SIG-07513,PROD-02065,STORE-0157,seasonal,-4.1,2026-07-08
SIG-07514,PROD-00487,STORE-0127,seasonal,8.8,2026-03-08
SIG-07515,PROD-02825,STORE-0449,seasonal,63.6,2026-06-21
SIG-07516,PROD-03534,STORE-0300,seasonal,-24.0,2026-08-17
SIG-07517,PROD-04172,STORE-0412,seasonal,-17.5,2026-08-10
SIG-07518,PROD-01638,STORE-0176,decline,61.6,2026-04-10
SIG-07519,PROD-03805,STORE-0157,spike,57.5,2026-04-22
SIG-07520,PROD-04362,STORE-0399,decline,40.9,2026-03-13
SIG-07521,PROD-00949,STORE-0050,decline,41.4,2026-06-22
SIG-07522,PROD-03425,STORE-0261,decline,3.5,2026-06-04
SIG-07523,PROD-00138,STORE-0433,seasonal,1.0,2026-01-26
SIG-07524,PROD-02605,STORE-0150,decline,62.8,2026-08-26
SIG-07525,PROD-04201,STORE-0414,seasonal,66.7,2026-04-27
SIG-07526,PROD-00528,STORE-0172,seasonal,-18.1,2026-01-09
SIG-07527,PROD-00390,STORE-0110,seasonal,36.5,2026-05-19
SIG-07528,PROD-01328,STORE-0337,seasonal,71.7,2026-05-24
SIG-07529,PROD-00913,STORE-0069,spike,53.8,2026-06-03
SIG-07530,PROD-03178,STORE-0160,decline,-33.7,2026-01-01
SIG-07531,PROD-02949,STORE-0251,spike,62.7,2026-06-08
SIG-07532,PROD-01707,STORE-0249,decline,75.9,2026-02-25
SIG-07533,PROD-01928,STORE-0355,spike,-13.0,2026-08-04
SIG-07534,PROD-02456,STORE-0246,spike,56.2,2026-06-18
SIG-07535,PROD-01368,STORE-0426,decline,8.0,2026-04-19
SIG-07536,PROD-01533,STORE-0414,spike,27.2,2026-01-23
SIG-07537,PROD-04506,STORE-0421,seasonal,36.1,2026-01-08
SIG-07538,PROD-04000,STORE-0329,seasonal,-36.3,2026-02-01
SIG-07539,PROD-04233,STORE-0153,decline,-17.2,2026-02-09
SIG-07540,PROD-04690,STORE-0303,seasonal,-15.7,2026-02-04
SIG-07541,PROD-02139,STORE-0143,decline,45.5,2026-04-17
SIG-07542,PROD-01558,STORE-0286,decline,41.8,2026-02-05
SIG-07543,PROD-04151,STORE-0209,seasonal,62.6,2026-08-04
SIG-07544,PROD-02853,STORE-0122,seasonal,13.6,2026-04-16
SIG-07545,PROD-00520,STORE-0214,spike,-38.7,2026-01-24
SIG-07546,PROD-00458,STORE-0392,spike,-1.8,2026-01-26
SIG-07547,PROD-02927,STORE-0413,decline,24.1,2026-02-13
SIG-07548,PROD-04659,STORE-0200,spike,13.6,2026-05-13
SIG-07549,PROD-00147,STORE-0386,decline,-13.4,2026-06-18
SIG-07550,PROD-01908,STORE-0006,spike,79.7,2026-05-16
SIG-07551,PROD-04579,STORE-0427,decline,13.4,2026-02-13
SIG-07552,PROD-04140,STORE-0016,seasonal,8.0,2026-06-18
SIG-07553,PROD-04010,STORE-0397,spike,24.2,2026-02-05
SIG-07554,PROD-00186,STORE-0418,seasonal,74.1,2026-08-09
SIG-07555,PROD-04709,STORE-0372,seasonal,-9.7,2026-07-04
SIG-07556,PROD-03531,STORE-0337,decline,22.6,2026-02-27
SIG-07557,PROD-00537,STORE-0366,spike,-2.1,2026-04-26
SIG-07558,PROD-01989,STORE-0083,decline,31.4,2026-03-26
SIG-07559,PROD-02813,STORE-0393,seasonal,63.2,2026-02-26
SIG-07560,PROD-04152,STORE-0342,decline,20.6,2026-07-21
SIG-07561,PROD-04532,STORE-0313,seasonal,-13.2,2026-01-19
SIG-07562,PROD-01868,STORE-0135,spike,18.1,2026-02-07
SIG-07563,PROD-03591,STORE-0116,decline,68.4,2026-03-23
SIG-07564,PROD-00898,STORE-0378,seasonal,70.7,2026-01-07
SIG-07565,PROD-02970,STORE-0189,seasonal,55.0,2026-04-06
SIG-07566,PROD-04742,STORE-0317,spike,7.4,2026-02-22
SIG-07567,PROD-00941,STORE-0497,spike,-24.4,2026-03-14
SIG-07568,PROD-04200,STORE-0225,seasonal,47.3,2026-01-13
SIG-07569,PROD-00766,STORE-0204,decline,35.9,2026-03-07
SIG-07570,PROD-04541,STORE-0236,spike,-35.7,2026-07-07
SIG-07571,PROD-00572,STORE-0293,seasonal,10.0,2026-03-13
SIG-07572,PROD-00227,STORE-0405,decline,25.9,2026-02-11
SIG-07573,PROD-04865,STORE-0216,seasonal,-0.4,2026-07-25
SIG-07574,PROD-01866,STORE-0319,spike,-11.9,2026-03-16
SIG-07575,PROD-03258,STORE-0433,seasonal,-34.6,2026-02-15
SIG-07576,PROD-02908,STORE-0288,decline,37.7,2026-05-13
SIG-07577,PROD-02118,STORE-0135,spike,18.0,2026-02-05
SIG-07578,PROD-00225,STORE-0039,decline,36.6,2026-04-22
SIG-07579,PROD-03482,STORE-0246,seasonal,10.8,2026-08-03
SIG-07580,PROD-02804,STORE-0032,seasonal,35.6,2026-03-04
SIG-07581,PROD-01750,STORE-0233,seasonal,-28.2,2026-05-03
SIG-07582,PROD-00018,STORE-0105,decline,-39.3,2026-01-19
SIG-07583,PROD-02473,STORE-0340,seasonal,6.8,2026-07-04
SIG-07584,PROD-03827,STORE-0272,decline,66.6,2026-08-19
SIG-07585,PROD-02779,STORE-0067,seasonal,6.4,2026-07-26
SIG-07586,PROD-01987,STORE-0235,spike,-10.6,2026-06-05
SIG-07587,PROD-01987,STORE-0439,seasonal,63.7,2026-03-08
SIG-07588,PROD-00338,STORE-0461,seasonal,-21.4,2026-06-09
SIG-07589,PROD-04905,STORE-0309,spike,53.4,2026-01-02
SIG-07590,PROD-03981,STORE-0143,seasonal,-0.7,2026-05-02
SIG-07591,PROD-02245,STORE-0306,decline,15.6,2026-03-10
SIG-07592,PROD-03227,STORE-0291,spike,48.7,2026-02-02
SIG-07593,PROD-01034,STORE-0473,decline,76.8,2026-08-18
SIG-07594,PROD-01649,STORE-0119,spike,-15.4,2026-04-07
SIG-07595,PROD-04204,STORE-0470,seasonal,69.0,2026-04-08
SIG-07596,PROD-01383,STORE-0473,decline,-38.4,2026-06-06
SIG-07597,PROD-00921,STORE-0160,decline,2.2,2026-05-20
SIG-07598,PROD-02469,STORE-0212,spike,-3.2,2026-07-02
SIG-07599,PROD-00151,STORE-0163,spike,14.0,2026-03-18
SIG-07600,PROD-01726,STORE-0012,spike,-15.8,2026-02-11
SIG-07601,PROD-01675,STORE-0349,seasonal,64.1,2026-05-17
SIG-07602,PROD-00440,STORE-0373,seasonal,19.1,2026-06-18
SIG-07603,PROD-03335,STORE-0421,decline,21.1,2026-03-13
SIG-07604,PROD-04235,STORE-0215,decline,61.6,2026-06-05
SIG-07605,PROD-04407,STORE-0352,spike,51.1,2026-05-09
SIG-07606,PROD-03570,STORE-0133,decline,37.3,2026-01-05
SIG-07607,PROD-03612,STORE-0344,spike,7.5,2026-07-02
SIG-07608,PROD-01914,STORE-0306,decline,-6.6,2026-04-19
SIG-07609,PROD-02184,STORE-0221,spike,76.4,2026-03-27
SIG-07610,PROD-04064,STORE-0064,seasonal,65.5,2026-05-22
SIG-07611,PROD-02681,STORE-0484,decline,-32.4,2026-07-27
SIG-07612,PROD-00213,STORE-0456,seasonal,7.9,2026-05-18
SIG-07613,PROD-00109,STORE-0160,spike,-24.2,2026-04-28
SIG-07614,PROD-04731,STORE-0089,spike,-11.1,2026-01-23
SIG-07615,PROD-03235,STORE-0250,decline,68.8,2026-07-25
SIG-07616,PROD-01717,STORE-0051,spike,59.6,2026-08-10
SIG-07617,PROD-01555,STORE-0199,decline,-19.0,2026-03-17
SIG-07618,PROD-03230,STORE-0361,spike,-35.1,2026-02-28
SIG-07619,PROD-00347,STORE-0008,decline,25.5,2026-01-18
SIG-07620,PROD-04918,STORE-0035,seasonal,-36.5,2026-02-07
SIG-07621,PROD-03450,STORE-0466,decline,77.5,2026-03-26
SIG-07622,PROD-00192,STORE-0110,decline,26.3,2026-02-20
SIG-07623,PROD-03707,STORE-0043,seasonal,60.6,2026-04-17
SIG-07624,PROD-00859,STORE-0128,decline,-9.3,2026-04-13
SIG-07625,PROD-04748,STORE-0153,decline,72.3,2026-02-12
SIG-07626,PROD-01508,STORE-0457,spike,-34.2,2026-04-12
SIG-07627,PROD-01017,STORE-0411,decline,39.7,2026-05-10
SIG-07628,PROD-04700,STORE-0405,decline,-7.7,2026-04-11
SIG-07629,PROD-02882,STORE-0382,seasonal,43.1,2026-02-17
SIG-07630,PROD-04445,STORE-0455,seasonal,7.9,2026-07-10
SIG-07631,PROD-03281,STORE-0427,spike,45.2,2026-01-22
SIG-07632,PROD-04630,STORE-0069,spike,-11.6,2026-01-08
SIG-07633,PROD-02517,STORE-0453,decline,47.5,2026-08-21
SIG-07634,PROD-03942,STORE-0429,spike,38.8,2026-05-21
SIG-07635,PROD-04700,STORE-0222,spike,24.5,2026-07-13
SIG-07636,PROD-04943,STORE-0336,spike,42.1,2026-02-09
SIG-07637,PROD-04273,STORE-0391,decline,66.7,2026-01-20
SIG-07638,PROD-00395,STORE-0142,seasonal,66.8,2026-03-21
SIG-07639,PROD-01529,STORE-0496,seasonal,10.4,2026-05-06
SIG-07640,PROD-00595,STORE-0245,decline,66.8,2026-03-15
SIG-07641,PROD-04274,STORE-0297,seasonal,8.8,2026-04-07
SIG-07642,PROD-03487,STORE-0141,spike,-15.2,2026-01-17
SIG-07643,PROD-01526,STORE-0344,seasonal,30.8,2026-06-07
SIG-07644,PROD-03871,STORE-0167,spike,38.8,2026-08-28
SIG-07645,PROD-04661,STORE-0157,spike,47.7,2026-08-18
SIG-07646,PROD-04281,STORE-0416,decline,39.5,2026-07-02
SIG-07647,PROD-03018,STORE-0120,decline,-24.0,2026-02-12
SIG-07648,PROD-00900,STORE-0196,decline,-6.8,2026-07-06
SIG-07649,PROD-02432,STORE-0435,spike,38.0,2026-06-15
SIG-07650,PROD-01640,STORE-0378,spike,11.7,2026-07-24
SIG-07651,PROD-00816,STORE-0363,decline,-20.4,2026-05-19
SIG-07652,PROD-04581,STORE-0352,spike,-9.6,2026-01-04
SIG-07653,PROD-03845,STORE-0366,decline,73.5,2026-02-25
SIG-07654,PROD-03877,STORE-0157,decline,57.7,2026-07-13
SIG-07655,PROD-01151,STORE-0217,decline,38.3,2026-08-10
SIG-07656,PROD-04978,STORE-0085,decline,2.9,2026-05-02
SIG-07657,PROD-00634,STORE-0017,spike,29.7,2026-01-05
SIG-07658,PROD-02687,STORE-0277,seasonal,-34.1,2026-04-18
SIG-07659,PROD-00247,STORE-0028,spike,10.4,2026-05-26
SIG-07660,PROD-03907,STORE-0041,spike,-4.9,2026-05-07
SIG-07661,PROD-04691,STORE-0300,spike,75.2,2026-05-24
SIG-07662,PROD-03574,STORE-0050,seasonal,53.7,2026-06-01
SIG-07663,PROD-02730,STORE-0195,spike,67.9,2026-05-27
SIG-07664,PROD-01581,STORE-0299,seasonal,46.7,2026-08-05
SIG-07665,PROD-04495,STORE-0122,spike,71.4,2026-03-06
SIG-07666,PROD-01990,STORE-0036,spike,4.1,2026-05-05
SIG-07667,PROD-02229,STORE-0330,seasonal,51.3,2026-08-23
SIG-07668,PROD-01088,STORE-0487,seasonal,54.6,2026-01-10
SIG-07669,PROD-03718,STORE-0311,decline,59.4,2026-02-26
SIG-07670,PROD-02358,STORE-0070,seasonal,30.9,2026-08-09
SIG-07671,PROD-00215,STORE-0142,spike,39.7,2026-02-11
SIG-07672,PROD-02625,STORE-0222,decline,58.6,2026-04-28
SIG-07673,PROD-04630,STORE-0122,seasonal,69.2,2026-06-03
SIG-07674,PROD-00528,STORE-0462,spike,67.2,2026-02-14
SIG-07675,PROD-00317,STORE-0408,spike,-8.8,2026-01-14
SIG-07676,PROD-00808,STORE-0010,spike,41.5,2026-01-21
SIG-07677,PROD-02418,STORE-0262,seasonal,57.8,2026-02-26
SIG-07678,PROD-03788,STORE-0033,spike,17.9,2026-08-24
SIG-07679,PROD-03441,STORE-0184,decline,59.9,2026-04-17
SIG-07680,PROD-04835,STORE-0277,spike,49.0,2026-02-22
SIG-07681,PROD-04312,STORE-0433,decline,-9.8,2026-08-02
SIG-07682,PROD-02355,STORE-0185,decline,26.5,2026-03-17
SIG-07683,PROD-03901,STORE-0107,seasonal,-26.8,2026-05-18
SIG-07684,PROD-03732,STORE-0203,decline,36.3,2026-04-05
SIG-07685,PROD-02798,STORE-0305,spike,73.6,2026-05-28
SIG-07686,PROD-04976,STORE-0309,spike,45.8,2026-01-12
SIG-07687,PROD-03058,STORE-0154,spike,-4.6,2026-04-11
SIG-07688,PROD-01318,STORE-0209,spike,-37.4,2026-05-11
SIG-07689,PROD-00204,STORE-0310,seasonal,0.4,2026-06-20
SIG-07690,PROD-02987,STORE-0107,spike,36.1,2026-04-03
SIG-07691,PROD-03556,STORE-0012,seasonal,-6.6,2026-01-23
SIG-07692,PROD-04106,STORE-0453,seasonal,19.0,2026-05-08
SIG-07693,PROD-01275,STORE-0294,spike,56.8,2026-05-02
SIG-07694,PROD-01430,STORE-0461,decline,35.3,2026-06-18
SIG-07695,PROD-00194,STORE-0252,spike,-28.6,2026-03-02
SIG-07696,PROD-03891,STORE-0354,seasonal,-26.2,2026-05-15
SIG-07697,PROD-00468,STORE-0482,decline,59.8,2026-07-22
SIG-07698,PROD-00745,STORE-0393,decline,60.5,2026-08-28
SIG-07699,PROD-03045,STORE-0368,seasonal,-30.9,2026-05-21
SIG-07700,PROD-04217,STORE-0341,decline,68.7,2026-06-10
SIG-07701,PROD-01987,STORE-0455,seasonal,14.8,2026-07-17
SIG-07702,PROD-04345,STORE-0490,spike,27.4,2026-03-22
SIG-07703,PROD-01671,STORE-0278,spike,70.7,2026-03-02
SIG-07704,PROD-02281,STORE-0411,spike,12.4,2026-06-01
SIG-07705,PROD-02332,STORE-0248,decline,6.5,2026-05-04
SIG-07706,PROD-01469,STORE-0394,decline,-19.5,2026-03-08
SIG-07707,PROD-01755,STORE-0410,spike,53.5,2026-01-05
SIG-07708,PROD-00484,STORE-0060,spike,45.9,2026-03-07
SIG-07709,PROD-03771,STORE-0116,decline,-4.0,2026-07-10
SIG-07710,PROD-00579,STORE-0477,seasonal,58.5,2026-03-28
SIG-07711,PROD-00308,STORE-0424,seasonal,69.2,2026-04-22
SIG-07712,PROD-04229,STORE-0202,seasonal,59.2,2026-02-08
SIG-07713,PROD-04165,STORE-0469,spike,44.7,2026-02-02
SIG-07714,PROD-01753,STORE-0278,decline,37.0,2026-06-20
SIG-07715,PROD-01082,STORE-0386,spike,60.9,2026-02-03
SIG-07716,PROD-01996,STORE-0007,seasonal,71.6,2026-07-05
SIG-07717,PROD-03074,STORE-0037,seasonal,-6.5,2026-03-20
SIG-07718,PROD-00979,STORE-0134,spike,62.1,2026-06-26
SIG-07719,PROD-02807,STORE-0434,seasonal,-38.2,2026-08-11
SIG-07720,PROD-03652,STORE-0434,seasonal,34.4,2026-02-25
SIG-07721,PROD-00109,STORE-0194,seasonal,31.8,2026-04-05
SIG-07722,PROD-02893,STORE-0490,seasonal,-32.2,2026-03-01
SIG-07723,PROD-04590,STORE-0073,seasonal,67.2,2026-03-07
SIG-07724,PROD-02896,STORE-0270,decline,61.6,2026-01-10
SIG-07725,PROD-03305,STORE-0320,decline,77.9,2026-07-24
SIG-07726,PROD-02128,STORE-0435,decline,1.5,2026-03-05
SIG-07727,PROD-03672,STORE-0406,spike,70.6,2026-02-27
SIG-07728,PROD-04284,STORE-0340,seasonal,41.2,2026-03-07
SIG-07729,PROD-00891,STORE-0079,spike,-38.4,2026-01-24
SIG-07730,PROD-01819,STORE-0145,spike,69.2,2026-07-05
SIG-07731,PROD-04221,STORE-0053,spike,38.0,2026-08-13
SIG-07732,PROD-00766,STORE-0274,decline,54.9,2026-02-06
SIG-07733,PROD-00318,STORE-0053,spike,32.4,2026-04-05
SIG-07734,PROD-00345,STORE-0387,seasonal,72.4,2026-06-04
SIG-07735,PROD-02696,STORE-0101,decline,14.1,2026-03-27
SIG-07736,PROD-01145,STORE-0119,seasonal,38.2,2026-06-24
SIG-07737,PROD-02601,STORE-0404,spike,-33.5,2026-05-18
SIG-07738,PROD-01936,STORE-0269,seasonal,-5.4,2026-04-07
SIG-07739,PROD-01721,STORE-0464,seasonal,-26.3,2026-01-03
SIG-07740,PROD-00870,STORE-0195,spike,45.0,2026-02-02
SIG-07741,PROD-01417,STORE-0088,spike,33.3,2026-05-02
SIG-07742,PROD-04861,STORE-0211,spike,44.8,2026-07-17
SIG-07743,PROD-03947,STORE-0476,decline,23.4,2026-05-02
SIG-07744,PROD-00129,STORE-0198,seasonal,-26.3,2026-07-03
SIG-07745,PROD-01360,STORE-0263,decline,-34.2,2026-03-13
SIG-07746,PROD-03312,STORE-0233,spike,40.3,2026-02-03
SIG-07747,PROD-03737,STORE-0436,decline,12.1,2026-02-11
SIG-07748,PROD-03364,STORE-0202,decline,72.1,2026-04-15
SIG-07749,PROD-02920,STORE-0443,seasonal,6.2,2026-06-07
SIG-07750,PROD-03563,STORE-0160,seasonal,70.5,2026-05-13
SIG-07751,PROD-04850,STORE-0400,decline,16.4,2026-01-01
SIG-07752,PROD-01785,STORE-0449,spike,25.1,2026-07-12
SIG-07753,PROD-04411,STORE-0496,decline,22.4,2026-06-06
SIG-07754,PROD-01584,STORE-0213,seasonal,55.7,2026-06-07
SIG-07755,PROD-01414,STORE-0376,decline,26.4,2026-07-09
SIG-07756,PROD-02297,STORE-0089,decline,59.2,2026-05-06
SIG-07757,PROD-04680,STORE-0125,spike,16.6,2026-07-14
SIG-07758,PROD-02731,STORE-0151,decline,-33.1,2026-07-27
SIG-07759,PROD-00830,STORE-0408,spike,58.7,2026-01-28
SIG-07760,PROD-04657,STORE-0127,seasonal,42.5,2026-04-13
SIG-07761,PROD-01556,STORE-0475,decline,34.0,2026-08-24
SIG-07762,PROD-00830,STORE-0392,seasonal,79.5,2026-03-06
SIG-07763,PROD-02945,STORE-0232,seasonal,45.6,2026-08-02
SIG-07764,PROD-01246,STORE-0396,seasonal,15.9,2026-05-21
SIG-07765,PROD-04864,STORE-0189,spike,45.0,2026-05-06
SIG-07766,PROD-02198,STORE-0178,decline,57.9,2026-04-14
SIG-07767,PROD-00843,STORE-0133,decline,69.5,2026-03-28
SIG-07768,PROD-03562,STORE-0148,seasonal,78.0,2026-03-07
SIG-07769,PROD-04856,STORE-0118,decline,69.9,2026-07-12
SIG-07770,PROD-01851,STORE-0068,spike,-26.2,2026-06-20
SIG-07771,PROD-02569,STORE-0067,spike,-22.1,2026-05-25
SIG-07772,PROD-00622,STORE-0394,decline,47.3,2026-01-09
SIG-07773,PROD-01261,STORE-0235,spike,-16.3,2026-07-23
SIG-07774,PROD-03725,STORE-0449,decline,-34.7,2026-06-22
SIG-07775,PROD-00721,STORE-0077,decline,-29.9,2026-02-13
SIG-07776,PROD-00362,STORE-0069,spike,19.6,2026-01-25
SIG-07777,PROD-03684,STORE-0016,spike,46.9,2026-04-08
SIG-07778,PROD-03222,STORE-0236,decline,2.2,2026-08-10
SIG-07779,PROD-00646,STORE-0237,seasonal,31.4,2026-05-25
SIG-07780,PROD-04143,STORE-0500,spike,-36.5,2026-02-04
SIG-07781,PROD-00537,STORE-0328,seasonal,-39.4,2026-03-05
SIG-07782,PROD-04402,STORE-0399,seasonal,-33.0,2026-08-08
SIG-07783,PROD-03447,STORE-0453,spike,7.9,2026-03-26
SIG-07784,PROD-00549,STORE-0075,spike,50.9,2026-05-01
SIG-07785,PROD-00840,STORE-0397,spike,-16.1,2026-06-07
SIG-07786,PROD-03563,STORE-0022,spike,72.5,2026-02-24
SIG-07787,PROD-04186,STORE-0020,seasonal,-2.9,2026-03-14
SIG-07788,PROD-00091,STORE-0079,decline,76.6,2026-02-19
SIG-07789,PROD-03976,STORE-0004,spike,39.5,2026-01-07
SIG-07790,PROD-04388,STORE-0465,seasonal,50.7,2026-04-20
SIG-07791,PROD-00188,STORE-0077,spike,-27.8,2026-02-21
SIG-07792,PROD-01916,STORE-0138,decline,51.7,2026-04-16
SIG-07793,PROD-04804,STORE-0336,seasonal,22.0,2026-04-10
SIG-07794,PROD-01014,STORE-0072,spike,34.2,2026-04-10
SIG-07795,PROD-03962,STORE-0097,seasonal,-23.1,2026-06-27
SIG-07796,PROD-01486,STORE-0101,spike,51.7,2026-02-19
SIG-07797,PROD-04157,STORE-0401,seasonal,45.6,2026-05-10
SIG-07798,PROD-01428,STORE-0377,spike,31.3,2026-08-14
SIG-07799,PROD-03445,STORE-0270,spike,3.9,2026-07-09
SIG-07800,PROD-01946,STORE-0380,spike,-23.3,2026-06-26
SIG-07801,PROD-01026,STORE-0067,decline,16.3,2026-05-04
SIG-07802,PROD-02221,STORE-0237,seasonal,7.2,2026-03-15
SIG-07803,PROD-00583,STORE-0115,seasonal,-26.8,2026-01-24
SIG-07804,PROD-04908,STORE-0018,decline,-28.7,2026-05-08
SIG-07805,PROD-04851,STORE-0125,seasonal,-30.6,2026-04-26
SIG-07806,PROD-01321,STORE-0322,spike,20.1,2026-03-21
SIG-07807,PROD-02679,STORE-0457,seasonal,-18.3,2026-08-03
SIG-07808,PROD-04879,STORE-0393,decline,24.4,2026-01-27
SIG-07809,PROD-04948,STORE-0103,decline,11.9,2026-01-26
SIG-07810,PROD-03137,STORE-0230,seasonal,-20.9,2026-03-25
SIG-07811,PROD-02948,STORE-0256,decline,4.3,2026-07-13
SIG-07812,PROD-03681,STORE-0118,seasonal,1.1,2026-03-10
SIG-07813,PROD-01115,STORE-0307,spike,-17.6,2026-02-21
SIG-07814,PROD-03001,STORE-0089,spike,24.6,2026-04-06
SIG-07815,PROD-02266,STORE-0426,seasonal,-3.9,2026-02-11
SIG-07816,PROD-01875,STORE-0284,spike,37.4,2026-05-03
SIG-07817,PROD-01328,STORE-0389,spike,79.9,2026-03-17
SIG-07818,PROD-03280,STORE-0254,spike,-33.4,2026-05-09
SIG-07819,PROD-03527,STORE-0464,decline,-39.4,2026-03-01
SIG-07820,PROD-00381,STORE-0082,spike,76.1,2026-05-23
SIG-07821,PROD-01991,STORE-0258,spike,20.5,2026-06-19
SIG-07822,PROD-01622,STORE-0295,seasonal,55.7,2026-05-03
SIG-07823,PROD-00680,STORE-0250,seasonal,41.8,2026-01-22
SIG-07824,PROD-02998,STORE-0392,decline,-7.1,2026-03-11
SIG-07825,PROD-02258,STORE-0096,seasonal,30.3,2026-06-25
SIG-07826,PROD-00846,STORE-0416,seasonal,69.3,2026-05-20
SIG-07827,PROD-02466,STORE-0044,decline,-3.4,2026-05-18
SIG-07828,PROD-04641,STORE-0123,seasonal,77.0,2026-05-01
SIG-07829,PROD-02875,STORE-0215,seasonal,-8.6,2026-05-12
SIG-07830,PROD-01642,STORE-0236,decline,3.5,2026-06-11
SIG-07831,PROD-04406,STORE-0314,spike,21.9,2026-07-06
SIG-07832,PROD-04264,STORE-0454,spike,33.4,2026-06-03
SIG-07833,PROD-04734,STORE-0438,decline,-29.0,2026-08-07
SIG-07834,PROD-03196,STORE-0413,decline,31.0,2026-06-12
SIG-07835,PROD-03607,STORE-0280,spike,-2.6,2026-02-28
SIG-07836,PROD-04247,STORE-0038,decline,39.5,2026-02-12
SIG-07837,PROD-03346,STORE-0094,seasonal,15.6,2026-04-01
SIG-07838,PROD-04390,STORE-0434,decline,-10.7,2026-02-16
SIG-07839,PROD-03626,STORE-0278,decline,45.2,2026-05-22
SIG-07840,PROD-03193,STORE-0088,seasonal,-8.3,2026-02-03
SIG-07841,PROD-03267,STORE-0477,spike,7.5,2026-07-26
SIG-07842,PROD-00983,STORE-0463,decline,8.5,2026-03-21
SIG-07843,PROD-00087,STORE-0425,seasonal,26.4,2026-01-02
SIG-07844,PROD-01913,STORE-0240,decline,37.7,2026-07-13
SIG-07845,PROD-02621,STORE-0015,decline,-17.1,2026-03-01
SIG-07846,PROD-03577,STORE-0295,spike,53.9,2026-07-01
SIG-07847,PROD-01024,STORE-0354,seasonal,-24.5,2026-04-09
SIG-07848,PROD-02677,STORE-0179,decline,-0.3,2026-03-24
SIG-07849,PROD-01709,STORE-0292,seasonal,28.2,2026-01-16
SIG-07850,PROD-01127,STORE-0020,decline,68.3,2026-06-27
SIG-07851,PROD-00083,STORE-0171,spike,45.1,2026-05-16
SIG-07852,PROD-04093,STORE-0454,seasonal,32.4,2026-04-05
SIG-07853,PROD-04256,STORE-0152,seasonal,42.7,2026-08-21
SIG-07854,PROD-04035,STORE-0459,spike,22.1,2026-05-24
SIG-07855,PROD-02005,STORE-0408,spike,11.1,2026-05-08
SIG-07856,PROD-01827,STORE-0201,spike,-0.8,2026-08-08
SIG-07857,PROD-00432,STORE-0193,seasonal,9.7,2026-01-18
SIG-07858,PROD-00078,STORE-0495,spike,-23.1,2026-04-13
SIG-07859,PROD-04790,STORE-0198,decline,50.3,2026-02-22
SIG-07860,PROD-03529,STORE-0334,spike,3.4,2026-04-04
SIG-07861,PROD-02301,STORE-0101,decline,75.2,2026-04-14
SIG-07862,PROD-02247,STORE-0477,seasonal,42.0,2026-05-08
SIG-07863,PROD-03777,STORE-0288,decline,57.7,2026-01-04
SIG-07864,PROD-02616,STORE-0479,decline,15.3,2026-02-14
SIG-07865,PROD-03982,STORE-0448,decline,63.9,2026-07-15
SIG-07866,PROD-03830,STORE-0340,seasonal,44.3,2026-07-24
SIG-07867,PROD-03235,STORE-0381,decline,13.8,2026-08-16
SIG-07868,PROD-02676,STORE-0297,spike,-35.8,2026-06-12
SIG-07869,PROD-04458,STORE-0048,spike,46.2,2026-03-03
SIG-07870,PROD-04970,STORE-0009,spike,-7.3,2026-08-06
SIG-07871,PROD-03400,STORE-0390,decline,-36.3,2026-01-14
SIG-07872,PROD-01046,STORE-0103,decline,5.3,2026-01-23
SIG-07873,PROD-00700,STORE-0077,spike,-21.5,2026-08-21
SIG-07874,PROD-03483,STORE-0253,spike,-4.3,2026-08-11
SIG-07875,PROD-04546,STORE-0207,seasonal,-25.7,2026-06-01
SIG-07876,PROD-01855,STORE-0095,decline,63.1,2026-01-08
SIG-07877,PROD-02194,STORE-0076,decline,26.5,2026-02-19
SIG-07878,PROD-04432,STORE-0433,spike,-27.2,2026-03-10
SIG-07879,PROD-00956,STORE-0392,spike,51.1,2026-08-26
SIG-07880,PROD-04014,STORE-0141,decline,75.5,2026-01-16
SIG-07881,PROD-02984,STORE-0283,spike,64.2,2026-05-13
SIG-07882,PROD-04838,STORE-0360,seasonal,28.0,2026-03-10
SIG-07883,PROD-01983,STORE-0370,seasonal,-27.5,2026-04-01
SIG-07884,PROD-01231,STORE-0128,spike,8.8,2026-01-24
SIG-07885,PROD-04032,STORE-0056,spike,38.6,2026-02-07
SIG-07886,PROD-02370,STORE-0164,spike,-4.6,2026-07-23
SIG-07887,PROD-03718,STORE-0261,spike,50.0,2026-07-02
SIG-07888,PROD-04576,STORE-0176,decline,-10.7,2026-08-21
SIG-07889,PROD-04098,STORE-0339,decline,38.3,2026-03-11
SIG-07890,PROD-03097,STORE-0394,spike,-22.8,2026-06-26
SIG-07891,PROD-02203,STORE-0221,spike,43.1,2026-02-07
SIG-07892,PROD-00010,STORE-0031,seasonal,27.5,2026-04-13
SIG-07893,PROD-03733,STORE-0407,spike,76.6,2026-03-20
SIG-07894,PROD-02302,STORE-0044,decline,-30.2,2026-06-28
SIG-07895,PROD-03376,STORE-0425,spike,47.8,2026-04-24
SIG-07896,PROD-01285,STORE-0169,spike,42.8,2026-02-10
SIG-07897,PROD-00277,STORE-0365,decline,69.8,2026-02-13
SIG-07898,PROD-04032,STORE-0225,spike,11.6,2026-06-07
SIG-07899,PROD-04047,STORE-0385,decline,27.2,2026-08-10
SIG-07900,PROD-01556,STORE-0369,seasonal,-32.6,2026-06-28
SIG-07901,PROD-02950,STORE-0092,seasonal,-39.8,2026-02-07
SIG-07902,PROD-03154,STORE-0318,seasonal,-16.3,2026-01-25
SIG-07903,PROD-04717,STORE-0108,spike,7.2,2026-06-05
SIG-07904,PROD-03695,STORE-0093,decline,21.8,2026-03-25
SIG-07905,PROD-04832,STORE-0413,seasonal,18.2,2026-02-23
SIG-07906,PROD-03114,STORE-0030,seasonal,50.0,2026-02-28
SIG-07907,PROD-01495,STORE-0229,seasonal,-36.2,2026-08-21
SIG-07908,PROD-00284,STORE-0241,decline,19.8,2026-07-26
SIG-07909,PROD-01588,STORE-0481,spike,53.0,2026-07-11
SIG-07910,PROD-04972,STORE-0350,spike,40.6,2026-07-02
SIG-07911,PROD-04831,STORE-0381,decline,45.4,2026-02-15
SIG-07912,PROD-00143,STORE-0206,decline,-13.6,2026-01-22
SIG-07913,PROD-02810,STORE-0328,seasonal,61.8,2026-08-28
SIG-07914,PROD-02422,STORE-0231,spike,16.6,2026-01-10
SIG-07915,PROD-00281,STORE-0236,spike,75.8,2026-07-08
SIG-07916,PROD-00213,STORE-0368,spike,37.1,2026-05-17
SIG-07917,PROD-02745,STORE-0391,seasonal,15.5,2026-08-18
SIG-07918,PROD-02615,STORE-0244,spike,75.9,2026-02-12
SIG-07919,PROD-01540,STORE-0364,seasonal,7.9,2026-04-17
SIG-07920,PROD-02697,STORE-0138,seasonal,8.7,2026-04-17
SIG-07921,PROD-00342,STORE-0062,seasonal,-22.2,2026-01-12
SIG-07922,PROD-03814,STORE-0240,decline,-37.6,2026-05-26
SIG-07923,PROD-00004,STORE-0256,decline,-26.3,2026-03-05
SIG-07924,PROD-03075,STORE-0298,spike,62.3,2026-01-17
SIG-07925,PROD-04571,STORE-0071,seasonal,-31.9,2026-07-09
SIG-07926,PROD-02696,STORE-0488,spike,20.5,2026-06-08
SIG-07927,PROD-00538,STORE-0085,seasonal,79.5,2026-04-09
SIG-07928,PROD-02637,STORE-0286,spike,55.2,2026-08-28
SIG-07929,PROD-00830,STORE-0164,seasonal,75.0,2026-08-20
SIG-07930,PROD-01302,STORE-0249,seasonal,22.5,2026-01-08
SIG-07931,PROD-04519,STORE-0376,seasonal,35.2,2026-05-20
SIG-07932,PROD-01604,STORE-0296,seasonal,39.6,2026-04-10
SIG-07933,PROD-02253,STORE-0438,spike,72.8,2026-04-26
SIG-07934,PROD-00917,STORE-0466,seasonal,29.4,2026-02-22
SIG-07935,PROD-04872,STORE-0148,seasonal,58.4,2026-06-22
SIG-07936,PROD-04863,STORE-0305,spike,73.4,2026-02-08
SIG-07937,PROD-03792,STORE-0209,spike,11.8,2026-04-20
SIG-07938,PROD-00455,STORE-0475,spike,-16.0,2026-04-17
SIG-07939,PROD-03742,STORE-0309,spike,33.1,2026-01-20
SIG-07940,PROD-04511,STORE-0145,spike,73.1,2026-08-25
SIG-07941,PROD-00145,STORE-0099,seasonal,-37.0,2026-07-24
SIG-07942,PROD-00842,STORE-0481,spike,70.9,2026-08-16
SIG-07943,PROD-00436,STORE-0261,seasonal,9.7,2026-08-19
SIG-07944,PROD-00376,STORE-0361,spike,-35.4,2026-01-14
SIG-07945,PROD-00691,STORE-0102,spike,-17.4,2026-05-10
SIG-07946,PROD-01280,STORE-0410,spike,-35.8,2026-06-07
SIG-07947,PROD-01868,STORE-0421,spike,53.0,2026-04-04
SIG-07948,PROD-00275,STORE-0171,seasonal,74.0,2026-08-15
SIG-07949,PROD-03555,STORE-0376,seasonal,23.3,2026-02-09
SIG-07950,PROD-02951,STORE-0382,spike,54.5,2026-08-03
SIG-07951,PROD-03327,STORE-0272,seasonal,-13.1,2026-05-26
SIG-07952,PROD-03230,STORE-0102,decline,7.4,2026-01-02
SIG-07953,PROD-00983,STORE-0299,decline,33.4,2026-06-23
SIG-07954,PROD-01920,STORE-0037,spike,49.4,2026-08-19
SIG-07955,PROD-00627,STORE-0221,spike,-1.5,2026-01-12
SIG-07956,PROD-02707,STORE-0180,spike,67.3,2026-05-26
SIG-07957,PROD-03513,STORE-0095,decline,69.7,2026-04-05
SIG-07958,PROD-01270,STORE-0360,spike,51.1,2026-02-21
SIG-07959,PROD-01386,STORE-0372,spike,-15.1,2026-01-15
SIG-07960,PROD-00023,STORE-0254,seasonal,-30.7,2026-04-05
SIG-07961,PROD-04602,STORE-0383,decline,-5.8,2026-02-16
SIG-07962,PROD-04316,STORE-0151,spike,-32.0,2026-08-16
SIG-07963,PROD-00391,STORE-0113,spike,-26.4,2026-07-06
SIG-07964,PROD-00611,STORE-0228,decline,-4.8,2026-07-04
SIG-07965,PROD-03514,STORE-0438,spike,-30.4,2026-08-27
SIG-07966,PROD-01856,STORE-0172,spike,49.6,2026-01-23
SIG-07967,PROD-01093,STORE-0026,seasonal,1.8,2026-01-01
SIG-07968,PROD-03485,STORE-0349,decline,43.7,2026-02-09
SIG-07969,PROD-03324,STORE-0222,spike,63.0,2026-04-15
SIG-07970,PROD-01888,STORE-0186,decline,52.3,2026-07-15
SIG-07971,PROD-02451,STORE-0055,seasonal,67.9,2026-02-14
SIG-07972,PROD-03917,STORE-0210,spike,28.5,2026-01-13
SIG-07973,PROD-00966,STORE-0140,spike,65.1,2026-02-01
SIG-07974,PROD-01018,STORE-0412,spike,64.3,2026-01-20
SIG-07975,PROD-03750,STORE-0218,decline,-6.4,2026-08-11
SIG-07976,PROD-00081,STORE-0392,seasonal,44.2,2026-01-24
SIG-07977,PROD-02775,STORE-0496,seasonal,67.0,2026-04-28
SIG-07978,PROD-00396,STORE-0421,spike,55.2,2026-02-21
SIG-07979,PROD-04145,STORE-0084,decline,38.5,2026-07-13
SIG-07980,PROD-00542,STORE-0258,decline,25.0,2026-08-25
SIG-07981,PROD-00724,STORE-0322,spike,20.0,2026-02-20
SIG-07982,PROD-03567,STORE-0155,decline,28.7,2026-08-25
SIG-07983,PROD-04940,STORE-0133,decline,-3.0,2026-02-10
SIG-07984,PROD-01526,STORE-0301,spike,-8.6,2026-07-10
SIG-07985,PROD-02404,STORE-0198,decline,-33.5,2026-06-17
SIG-07986,PROD-04466,STORE-0435,seasonal,-7.1,2026-05-24
SIG-07987,PROD-04426,STORE-0259,decline,67.5,2026-02-05
SIG-07988,PROD-03557,STORE-0144,decline,-5.3,2026-08-14
SIG-07989,PROD-03098,STORE-0325,decline,-16.7,2026-02-20
SIG-07990,PROD-04825,STORE-0290,seasonal,1.8,2026-01-25
SIG-07991,PROD-02113,STORE-0108,spike,76.5,2026-03-22
SIG-07992,PROD-00448,STORE-0356,decline,-37.6,2026-01-27
SIG-07993,PROD-02926,STORE-0134,spike,31.2,2026-07-12
SIG-07994,PROD-01892,STORE-0195,seasonal,4.0,2026-08-09
SIG-07995,PROD-01752,STORE-0464,decline,15.1,2026-04-04
SIG-07996,PROD-00305,STORE-0393,spike,-18.2,2026-06-15
SIG-07997,PROD-00407,STORE-0032,spike,23.1,2026-03-08
SIG-07998,PROD-00433,STORE-0175,spike,60.6,2026-03-28
SIG-07999,PROD-01559,STORE-0128,decline,-15.6,2026-02-12
SIG-08000,PROD-02210,STORE-0204,decline,36.3,2026-03-18
SIG-08001,PROD-04390,STORE-0377,spike,26.5,2026-07-15
SIG-08002,PROD-04592,STORE-0486,seasonal,40.4,2026-03-05
SIG-08003,PROD-03672,STORE-0093,decline,43.9,2026-05-08
SIG-08004,PROD-00473,STORE-0375,seasonal,-26.5,2026-07-20
SIG-08005,PROD-00425,STORE-0230,seasonal,50.9,2026-02-21
SIG-08006,PROD-01667,STORE-0341,spike,75.4,2026-02-07
SIG-08007,PROD-04353,STORE-0064,decline,21.0,2026-03-14
SIG-08008,PROD-01626,STORE-0252,decline,64.5,2026-01-24
SIG-08009,PROD-04882,STORE-0259,decline,15.4,2026-06-25
SIG-08010,PROD-00535,STORE-0318,decline,40.1,2026-01-10
SIG-08011,PROD-02350,STORE-0070,decline,-32.6,2026-08-14
SIG-08012,PROD-00901,STORE-0277,seasonal,67.4,2026-06-08
SIG-08013,PROD-00545,STORE-0222,decline,59.4,2026-02-10
SIG-08014,PROD-02346,STORE-0452,decline,-35.8,2026-04-01
SIG-08015,PROD-00551,STORE-0469,spike,9.5,2026-06-26
SIG-08016,PROD-04365,STORE-0488,seasonal,63.3,2026-05-27
SIG-08017,PROD-00649,STORE-0228,spike,-22.5,2026-07-25
SIG-08018,PROD-02577,STORE-0394,decline,77.2,2026-03-01
SIG-08019,PROD-04733,STORE-0202,decline,-6.4,2026-02-28
SIG-08020,PROD-03991,STORE-0028,seasonal,32.9,2026-08-16
SIG-08021,PROD-04175,STORE-0157,decline,21.2,2026-02-01
SIG-08022,PROD-00753,STORE-0160,decline,-7.6,2026-03-06
SIG-08023,PROD-04334,STORE-0470,seasonal,-11.8,2026-05-11
SIG-08024,PROD-04179,STORE-0325,spike,17.4,2026-06-07
SIG-08025,PROD-00245,STORE-0055,decline,79.8,2026-04-16
SIG-08026,PROD-00964,STORE-0018,decline,-31.4,2026-02-08
SIG-08027,PROD-00182,STORE-0340,spike,-10.0,2026-03-12
SIG-08028,PROD-02142,STORE-0302,decline,63.4,2026-04-16
SIG-08029,PROD-04438,STORE-0476,decline,63.1,2026-02-03
SIG-08030,PROD-04638,STORE-0450,seasonal,17.4,2026-07-20
SIG-08031,PROD-01012,STORE-0465,spike,5.8,2026-08-06
SIG-08032,PROD-02255,STORE-0205,decline,79.2,2026-03-13
SIG-08033,PROD-01282,STORE-0488,spike,14.7,2026-01-20
SIG-08034,PROD-02277,STORE-0023,seasonal,30.0,2026-02-26
SIG-08035,PROD-04686,STORE-0338,decline,8.2,2026-07-28
SIG-08036,PROD-02963,STORE-0427,spike,43.9,2026-08-24
SIG-08037,PROD-01250,STORE-0093,spike,16.5,2026-07-13
SIG-08038,PROD-04233,STORE-0093,seasonal,-17.8,2026-03-07
SIG-08039,PROD-00873,STORE-0442,seasonal,-22.2,2026-07-01
SIG-08040,PROD-04655,STORE-0206,decline,26.5,2026-01-24
SIG-08041,PROD-04064,STORE-0165,decline,45.0,2026-07-26
SIG-08042,PROD-02667,STORE-0181,decline,49.8,2026-08-10
SIG-08043,PROD-04359,STORE-0021,spike,56.9,2026-05-23
SIG-08044,PROD-00812,STORE-0202,decline,-12.2,2026-07-08
SIG-08045,PROD-02752,STORE-0290,spike,4.0,2026-03-09
SIG-08046,PROD-01052,STORE-0456,seasonal,24.7,2026-05-14
SIG-08047,PROD-03027,STORE-0365,seasonal,3.4,2026-06-03
SIG-08048,PROD-02929,STORE-0001,spike,-33.2,2026-08-05
SIG-08049,PROD-03831,STORE-0428,spike,58.3,2026-08-23
SIG-08050,PROD-01256,STORE-0049,seasonal,65.8,2026-05-18
SIG-08051,PROD-04037,STORE-0081,spike,1.1,2026-02-12
SIG-08052,PROD-00539,STORE-0206,spike,29.6,2026-06-28
SIG-08053,PROD-00622,STORE-0053,seasonal,-11.5,2026-03-23
SIG-08054,PROD-01974,STORE-0180,spike,7.6,2026-03-02
SIG-08055,PROD-03472,STORE-0281,spike,71.1,2026-03-06
SIG-08056,PROD-01700,STORE-0310,spike,71.2,2026-03-15
SIG-08057,PROD-00217,STORE-0206,seasonal,64.0,2026-01-21
SIG-08058,PROD-03409,STORE-0222,seasonal,21.6,2026-06-25
SIG-08059,PROD-02502,STORE-0416,decline,7.1,2026-03-13
SIG-08060,PROD-02861,STORE-0061,seasonal,-21.4,2026-03-20
SIG-08061,PROD-04784,STORE-0261,seasonal,58.3,2026-05-20
SIG-08062,PROD-02021,STORE-0084,spike,-21.0,2026-03-15
SIG-08063,PROD-03591,STORE-0049,seasonal,51.2,2026-02-25
SIG-08064,PROD-04186,STORE-0308,decline,17.8,2026-03-07
SIG-08065,PROD-04089,STORE-0366,spike,39.5,2026-05-11
SIG-08066,PROD-02125,STORE-0435,seasonal,3.9,2026-06-01
SIG-08067,PROD-01399,STORE-0132,spike,13.8,2026-03-17
SIG-08068,PROD-02751,STORE-0247,seasonal,-25.7,2026-08-23
SIG-08069,PROD-00086,STORE-0049,decline,65.3,2026-03-26
SIG-08070,PROD-04080,STORE-0339,decline,0.5,2026-05-18
SIG-08071,PROD-00213,STORE-0375,decline,16.9,2026-04-07
SIG-08072,PROD-04489,STORE-0461,decline,47.0,2026-08-26
SIG-08073,PROD-01214,STORE-0061,decline,69.4,2026-01-02
SIG-08074,PROD-04739,STORE-0230,seasonal,61.6,2026-05-18
SIG-08075,PROD-00374,STORE-0104,decline,-2.4,2026-08-07
SIG-08076,PROD-01122,STORE-0036,seasonal,42.2,2026-08-27
SIG-08077,PROD-04490,STORE-0135,spike,32.3,2026-03-02
SIG-08078,PROD-03073,STORE-0291,seasonal,39.8,2026-02-27
SIG-08079,PROD-01960,STORE-0468,seasonal,68.1,2026-01-09
SIG-08080,PROD-04300,STORE-0440,seasonal,73.1,2026-08-17
SIG-08081,PROD-04365,STORE-0138,seasonal,68.7,2026-07-24
SIG-08082,PROD-00102,STORE-0215,decline,32.3,2026-03-04
SIG-08083,PROD-03825,STORE-0493,spike,-25.2,2026-07-20
SIG-08084,PROD-02459,STORE-0330,spike,18.4,2026-03-02
SIG-08085,PROD-02312,STORE-0332,spike,19.4,2026-06-21
SIG-08086,PROD-01032,STORE-0065,seasonal,33.8,2026-05-27
SIG-08087,PROD-01766,STORE-0034,seasonal,59.3,2026-07-17
SIG-08088,PROD-00756,STORE-0212,decline,-32.8,2026-06-24
SIG-08089,PROD-04113,STORE-0291,spike,30.6,2026-06-09
SIG-08090,PROD-02162,STORE-0203,spike,78.0,2026-01-12
SIG-08091,PROD-02382,STORE-0406,spike,44.8,2026-07-23
SIG-08092,PROD-02373,STORE-0464,decline,47.1,2026-08-15
SIG-08093,PROD-02795,STORE-0195,spike,-7.7,2026-05-12
SIG-08094,PROD-02314,STORE-0040,spike,13.7,2026-08-26
SIG-08095,PROD-03581,STORE-0220,seasonal,-24.7,2026-02-03
SIG-08096,PROD-04722,STORE-0145,spike,61.8,2026-05-25
SIG-08097,PROD-02050,STORE-0291,spike,74.5,2026-05-22
SIG-08098,PROD-03247,STORE-0389,seasonal,-9.5,2026-06-23
SIG-08099,PROD-03751,STORE-0486,decline,62.1,2026-02-12
SIG-08100,PROD-02489,STORE-0289,seasonal,-27.9,2026-03-16
SIG-08101,PROD-00427,STORE-0309,decline,64.5,2026-04-19
SIG-08102,PROD-01865,STORE-0122,decline,51.2,2026-05-27
SIG-08103,PROD-00786,STORE-0238,seasonal,-37.2,2026-05-26
SIG-08104,PROD-03038,STORE-0407,decline,-33.6,2026-03-03
SIG-08105,PROD-00543,STORE-0268,decline,-12.1,2026-04-24
SIG-08106,PROD-04187,STORE-0058,decline,-33.3,2026-04-02
SIG-08107,PROD-04833,STORE-0097,decline,-17.8,2026-04-26
SIG-08108,PROD-02945,STORE-0355,seasonal,-14.7,2026-05-26
SIG-08109,PROD-00789,STORE-0232,spike,55.0,2026-03-05
SIG-08110,PROD-03400,STORE-0456,decline,-7.9,2026-04-14
SIG-08111,PROD-04542,STORE-0249,decline,-9.5,2026-07-18
SIG-08112,PROD-01232,STORE-0188,seasonal,15.3,2026-01-02
SIG-08113,PROD-03881,STORE-0475,decline,76.6,2026-06-03
SIG-08114,PROD-02135,STORE-0350,decline,25.7,2026-06-25
SIG-08115,PROD-03554,STORE-0087,spike,-20.1,2026-02-04
SIG-08116,PROD-01149,STORE-0177,decline,49.5,2026-08-12
SIG-08117,PROD-00008,STORE-0315,spike,-23.0,2026-07-16
SIG-08118,PROD-00708,STORE-0238,decline,-37.5,2026-06-28
SIG-08119,PROD-02153,STORE-0005,decline,73.2,2026-07-22
SIG-08120,PROD-00134,STORE-0103,seasonal,19.2,2026-02-26
SIG-08121,PROD-02074,STORE-0260,spike,16.5,2026-08-17
SIG-08122,PROD-02127,STORE-0287,decline,23.2,2026-06-21
SIG-08123,PROD-04133,STORE-0301,seasonal,18.2,2026-07-05
SIG-08124,PROD-04388,STORE-0462,spike,-38.0,2026-08-14
SIG-08125,PROD-01059,STORE-0335,decline,48.1,2026-08-12
SIG-08126,PROD-01390,STORE-0343,spike,-17.0,2026-01-19
SIG-08127,PROD-02588,STORE-0319,decline,31.6,2026-06-10
SIG-08128,PROD-02782,STORE-0219,seasonal,17.3,2026-04-04
SIG-08129,PROD-02608,STORE-0342,decline,-30.7,2026-02-07
SIG-08130,PROD-01367,STORE-0176,spike,-23.0,2026-01-19
SIG-08131,PROD-03052,STORE-0273,decline,16.5,2026-02-25
SIG-08132,PROD-02596,STORE-0245,spike,62.1,2026-06-17
SIG-08133,PROD-00810,STORE-0481,decline,72.9,2026-02-13
SIG-08134,PROD-00716,STORE-0255,decline,44.0,2026-01-22
SIG-08135,PROD-01205,STORE-0058,decline,-35.9,2026-02-09
SIG-08136,PROD-02837,STORE-0442,decline,-8.3,2026-01-23
SIG-08137,PROD-02752,STORE-0447,seasonal,-23.2,2026-04-27
SIG-08138,PROD-02294,STORE-0015,spike,8.7,2026-08-18
SIG-08139,PROD-02643,STORE-0051,spike,33.0,2026-08-27
SIG-08140,PROD-00170,STORE-0208,seasonal,15.3,2026-01-28
SIG-08141,PROD-00211,STORE-0306,spike,-23.2,2026-03-21
SIG-08142,PROD-00042,STORE-0085,decline,78.3,2026-03-13
SIG-08143,PROD-03737,STORE-0343,decline,77.2,2026-05-04
SIG-08144,PROD-04455,STORE-0401,seasonal,4.6,2026-07-04
SIG-08145,PROD-04836,STORE-0270,seasonal,-24.0,2026-07-18
SIG-08146,PROD-04121,STORE-0251,spike,61.4,2026-03-25
SIG-08147,PROD-01278,STORE-0384,seasonal,17.3,2026-06-27
SIG-08148,PROD-02593,STORE-0475,decline,-27.7,2026-08-19
SIG-08149,PROD-01541,STORE-0214,spike,53.0,2026-08-26
SIG-08150,PROD-02507,STORE-0239,decline,25.5,2026-08-10
SIG-08151,PROD-01469,STORE-0385,spike,40.7,2026-07-17
SIG-08152,PROD-02993,STORE-0003,spike,-15.4,2026-05-05
SIG-08153,PROD-01598,STORE-0334,spike,-11.3,2026-03-09
SIG-08154,PROD-02394,STORE-0157,spike,45.7,2026-03-20
SIG-08155,PROD-01647,STORE-0351,seasonal,-16.8,2026-01-04
SIG-08156,PROD-00546,STORE-0167,seasonal,42.3,2026-02-17
SIG-08157,PROD-03078,STORE-0149,decline,1.1,2026-05-07
SIG-08158,PROD-03043,STORE-0154,seasonal,17.2,2026-07-09
SIG-08159,PROD-02681,STORE-0224,decline,29.2,2026-02-14
SIG-08160,PROD-04703,STORE-0205,seasonal,79.2,2026-06-22
SIG-08161,PROD-04778,STORE-0467,spike,-30.9,2026-03-24
SIG-08162,PROD-00942,STORE-0487,spike,54.3,2026-06-10
SIG-08163,PROD-01685,STORE-0045,seasonal,28.2,2026-06-24
SIG-08164,PROD-00613,STORE-0321,spike,12.8,2026-07-21
SIG-08165,PROD-04741,STORE-0286,decline,-39.8,2026-07-04
SIG-08166,PROD-04252,STORE-0088,spike,-2.8,2026-08-21
SIG-08167,PROD-04221,STORE-0021,seasonal,-3.4,2026-08-24
SIG-08168,PROD-04812,STORE-0459,decline,21.7,2026-08-07
SIG-08169,PROD-01143,STORE-0220,seasonal,-25.7,2026-04-10
SIG-08170,PROD-02092,STORE-0230,seasonal,44.3,2026-05-01
SIG-08171,PROD-03368,STORE-0148,spike,-21.6,2026-01-08
SIG-08172,PROD-03092,STORE-0176,spike,57.5,2026-01-26
SIG-08173,PROD-04244,STORE-0375,decline,4.9,2026-05-19
SIG-08174,PROD-04806,STORE-0403,seasonal,-13.3,2026-04-15
SIG-08175,PROD-04433,STORE-0463,seasonal,19.3,2026-03-18
SIG-08176,PROD-02473,STORE-0366,spike,28.2,2026-08-12
SIG-08177,PROD-02247,STORE-0380,decline,-14.5,2026-06-22
SIG-08178,PROD-01377,STORE-0142,spike,-13.6,2026-06-17
SIG-08179,PROD-02370,STORE-0487,decline,76.0,2026-02-17
SIG-08180,PROD-02192,STORE-0165,seasonal,-11.9,2026-07-17
SIG-08181,PROD-01575,STORE-0130,decline,42.2,2026-01-19
SIG-08182,PROD-01225,STORE-0148,decline,-25.8,2026-06-11
SIG-08183,PROD-03629,STORE-0364,seasonal,-39.6,2026-06-01
SIG-08184,PROD-01887,STORE-0385,seasonal,-37.9,2026-07-05
SIG-08185,PROD-00825,STORE-0290,seasonal,47.7,2026-04-09
SIG-08186,PROD-04512,STORE-0346,spike,48.6,2026-05-18
SIG-08187,PROD-02954,STORE-0024,spike,30.8,2026-04-20
SIG-08188,PROD-01842,STORE-0001,decline,36.5,2026-08-14
SIG-08189,PROD-03605,STORE-0484,spike,17.6,2026-02-14
SIG-08190,PROD-00286,STORE-0376,decline,-37.4,2026-06-06
SIG-08191,PROD-02532,STORE-0016,decline,-15.2,2026-05-25
SIG-08192,PROD-04271,STORE-0235,seasonal,38.2,2026-06-12
SIG-08193,PROD-01432,STORE-0478,spike,-2.6,2026-08-15
SIG-08194,PROD-02204,STORE-0214,decline,58.1,2026-02-07
SIG-08195,PROD-00183,STORE-0465,spike,41.8,2026-08-26
SIG-08196,PROD-03592,STORE-0061,decline,15.4,2026-06-22
SIG-08197,PROD-00296,STORE-0344,decline,49.6,2026-03-21
SIG-08198,PROD-03929,STORE-0140,seasonal,-39.9,2026-07-14
SIG-08199,PROD-03614,STORE-0167,decline,10.8,2026-02-03
SIG-08200,PROD-04250,STORE-0101,seasonal,-10.5,2026-01-21
SIG-08201,PROD-04800,STORE-0248,decline,52.6,2026-04-15
SIG-08202,PROD-01069,STORE-0329,seasonal,31.1,2026-05-04
SIG-08203,PROD-03756,STORE-0136,seasonal,5.8,2026-05-27
SIG-08204,PROD-04846,STORE-0060,spike,21.6,2026-06-02
SIG-08205,PROD-02583,STORE-0110,decline,55.7,2026-02-08
SIG-08206,PROD-03632,STORE-0061,spike,-4.7,2026-06-15
SIG-08207,PROD-03060,STORE-0170,decline,45.3,2026-01-18
SIG-08208,PROD-03088,STORE-0213,spike,28.8,2026-04-13
SIG-08209,PROD-01874,STORE-0133,seasonal,8.2,2026-06-03
SIG-08210,PROD-02274,STORE-0195,seasonal,8.2,2026-05-13
SIG-08211,PROD-03077,STORE-0433,decline,-4.3,2026-04-13
SIG-08212,PROD-01800,STORE-0257,seasonal,-20.9,2026-06-13
SIG-08213,PROD-01819,STORE-0154,spike,14.5,2026-03-13
SIG-08214,PROD-00938,STORE-0333,seasonal,22.3,2026-01-16
SIG-08215,PROD-03347,STORE-0214,spike,13.1,2026-03-19
SIG-08216,PROD-00027,STORE-0163,decline,29.4,2026-05-12
SIG-08217,PROD-04775,STORE-0235,decline,38.4,2026-07-01
SIG-08218,PROD-02918,STORE-0026,decline,77.0,2026-01-04
SIG-08219,PROD-03687,STORE-0240,spike,25.2,2026-08-18
SIG-08220,PROD-02495,STORE-0309,seasonal,-26.9,2026-06-05
SIG-08221,PROD-03597,STORE-0322,spike,37.2,2026-05-21
SIG-08222,PROD-03138,STORE-0463,decline,-34.1,2026-05-17
SIG-08223,PROD-00455,STORE-0273,decline,-0.5,2026-01-10
SIG-08224,PROD-01526,STORE-0226,seasonal,32.0,2026-07-04
SIG-08225,PROD-01134,STORE-0329,seasonal,-28.1,2026-05-19
SIG-08226,PROD-03751,STORE-0319,seasonal,-19.3,2026-07-03
SIG-08227,PROD-03751,STORE-0167,decline,35.7,2026-06-17
SIG-08228,PROD-03009,STORE-0088,spike,74.8,2026-05-09
SIG-08229,PROD-00910,STORE-0129,spike,68.4,2026-08-05
SIG-08230,PROD-04674,STORE-0210,spike,-29.6,2026-02-26
SIG-08231,PROD-00284,STORE-0379,seasonal,45.3,2026-02-12
SIG-08232,PROD-01672,STORE-0144,seasonal,53.5,2026-04-11
SIG-08233,PROD-04361,STORE-0371,seasonal,54.2,2026-05-24
SIG-08234,PROD-00663,STORE-0046,seasonal,77.9,2026-06-02
SIG-08235,PROD-00941,STORE-0303,decline,-2.1,2026-07-07
SIG-08236,PROD-03473,STORE-0051,decline,75.6,2026-04-18
SIG-08237,PROD-02132,STORE-0222,seasonal,-39.4,2026-01-27
SIG-08238,PROD-01285,STORE-0228,seasonal,13.9,2026-06-24
SIG-08239,PROD-01823,STORE-0224,seasonal,15.4,2026-01-07
SIG-08240,PROD-00911,STORE-0232,decline,17.6,2026-03-15
SIG-08241,PROD-00351,STORE-0327,decline,41.3,2026-03-20
SIG-08242,PROD-02158,STORE-0214,spike,65.0,2026-04-03
SIG-08243,PROD-03256,STORE-0414,decline,-34.1,2026-08-06
SIG-08244,PROD-00773,STORE-0143,decline,38.7,2026-04-02
SIG-08245,PROD-02859,STORE-0352,decline,-16.5,2026-01-18
SIG-08246,PROD-04283,STORE-0203,decline,62.7,2026-07-13
SIG-08247,PROD-00832,STORE-0296,seasonal,72.2,2026-01-23
SIG-08248,PROD-00275,STORE-0194,decline,4.9,2026-06-06
SIG-08249,PROD-04293,STORE-0478,decline,43.9,2026-04-14
SIG-08250,PROD-03868,STORE-0483,seasonal,-0.4,2026-06-21
SIG-08251,PROD-03573,STORE-0469,spike,-8.1,2026-08-10
SIG-08252,PROD-02944,STORE-0156,decline,1.0,2026-08-08
SIG-08253,PROD-02427,STORE-0197,spike,18.7,2026-04-06
SIG-08254,PROD-04828,STORE-0008,spike,-20.0,2026-07-22
SIG-08255,PROD-04896,STORE-0010,spike,22.8,2026-05-01
SIG-08256,PROD-04959,STORE-0227,decline,64.3,2026-01-17
SIG-08257,PROD-02931,STORE-0136,seasonal,-1.4,2026-02-03
SIG-08258,PROD-04767,STORE-0112,seasonal,67.8,2026-02-12
SIG-08259,PROD-03308,STORE-0047,spike,-28.0,2026-05-19
SIG-08260,PROD-04752,STORE-0120,decline,50.7,2026-07-19
SIG-08261,PROD-02360,STORE-0205,decline,12.9,2026-06-19
SIG-08262,PROD-01195,STORE-0248,spike,-38.7,2026-08-16
SIG-08263,PROD-00014,STORE-0411,seasonal,-21.2,2026-01-16
SIG-08264,PROD-04710,STORE-0196,decline,-16.9,2026-08-25
SIG-08265,PROD-04039,STORE-0004,spike,54.9,2026-02-23
SIG-08266,PROD-02760,STORE-0470,seasonal,-5.5,2026-02-05
SIG-08267,PROD-03362,STORE-0495,seasonal,5.3,2026-05-11
SIG-08268,PROD-04829,STORE-0300,decline,-33.3,2026-02-28
SIG-08269,PROD-01687,STORE-0333,seasonal,42.0,2026-03-21
SIG-08270,PROD-01351,STORE-0400,spike,18.8,2026-02-14
SIG-08271,PROD-02493,STORE-0199,seasonal,-0.5,2026-02-20
SIG-08272,PROD-01841,STORE-0486,decline,30.0,2026-02-01
SIG-08273,PROD-00197,STORE-0362,spike,-2.7,2026-03-06
SIG-08274,PROD-04330,STORE-0014,decline,8.3,2026-07-19
SIG-08275,PROD-01037,STORE-0306,spike,37.5,2026-06-06
SIG-08276,PROD-04951,STORE-0295,decline,30.3,2026-01-17
SIG-08277,PROD-04715,STORE-0475,decline,-3.2,2026-06-24
SIG-08278,PROD-01896,STORE-0377,decline,53.1,2026-01-20
SIG-08279,PROD-01531,STORE-0449,seasonal,78.6,2026-07-03
SIG-08280,PROD-04995,STORE-0099,seasonal,57.5,2026-04-26
SIG-08281,PROD-01893,STORE-0167,spike,26.3,2026-07-18
SIG-08282,PROD-03859,STORE-0388,spike,77.0,2026-08-06
SIG-08283,PROD-00392,STORE-0242,seasonal,-13.6,2026-04-06
SIG-08284,PROD-02754,STORE-0195,decline,51.6,2026-03-19
SIG-08285,PROD-01220,STORE-0031,spike,-19.6,2026-04-20
SIG-08286,PROD-01083,STORE-0095,decline,-3.4,2026-08-02
SIG-08287,PROD-02003,STORE-0280,spike,-3.6,2026-07-08
SIG-08288,PROD-02926,STORE-0179,seasonal,47.9,2026-03-05
SIG-08289,PROD-03720,STORE-0127,spike,55.6,2026-03-07
SIG-08290,PROD-01561,STORE-0053,seasonal,-29.3,2026-03-25
SIG-08291,PROD-04327,STORE-0342,decline,56.0,2026-08-09
SIG-08292,PROD-02776,STORE-0431,seasonal,5.7,2026-02-21
SIG-08293,PROD-04530,STORE-0415,seasonal,-14.1,2026-08-12
SIG-08294,PROD-01078,STORE-0292,seasonal,-9.1,2026-08-19
SIG-08295,PROD-04136,STORE-0405,spike,69.0,2026-02-18
SIG-08296,PROD-02330,STORE-0195,decline,3.9,2026-05-10
SIG-08297,PROD-04497,STORE-0388,decline,68.8,2026-05-16
SIG-08298,PROD-02533,STORE-0460,seasonal,47.7,2026-04-28
SIG-08299,PROD-01337,STORE-0329,seasonal,-5.7,2026-02-13
SIG-08300,PROD-02131,STORE-0317,spike,-11.0,2026-04-15
SIG-08301,PROD-01533,STORE-0092,spike,67.7,2026-08-12
SIG-08302,PROD-04653,STORE-0457,seasonal,-5.2,2026-04-05
SIG-08303,PROD-04847,STORE-0182,seasonal,11.2,2026-08-22
SIG-08304,PROD-02761,STORE-0095,decline,-36.1,2026-01-25
SIG-08305,PROD-00585,STORE-0418,seasonal,-17.2,2026-01-25
SIG-08306,PROD-01454,STORE-0236,spike,-26.6,2026-06-18
SIG-08307,PROD-02284,STORE-0164,seasonal,10.1,2026-08-18
SIG-08308,PROD-01277,STORE-0206,seasonal,-27.4,2026-03-07
SIG-08309,PROD-02590,STORE-0395,decline,67.9,2026-01-09
SIG-08310,PROD-01967,STORE-0401,seasonal,-36.3,2026-08-02
SIG-08311,PROD-03786,STORE-0162,spike,32.5,2026-08-18
SIG-08312,PROD-04335,STORE-0232,decline,33.3,2026-05-05
SIG-08313,PROD-00763,STORE-0302,spike,42.6,2026-07-23
SIG-08314,PROD-01418,STORE-0407,seasonal,22.7,2026-02-26
SIG-08315,PROD-00862,STORE-0145,seasonal,-13.3,2026-08-23
SIG-08316,PROD-04301,STORE-0331,spike,4.0,2026-08-27
SIG-08317,PROD-04030,STORE-0470,seasonal,10.8,2026-02-12
SIG-08318,PROD-01982,STORE-0033,decline,28.3,2026-07-22
SIG-08319,PROD-02755,STORE-0130,spike,48.8,2026-03-20
SIG-08320,PROD-03004,STORE-0333,decline,-37.6,2026-01-13
SIG-08321,PROD-02161,STORE-0169,decline,60.8,2026-06-06
SIG-08322,PROD-01883,STORE-0209,spike,7.9,2026-01-16
SIG-08323,PROD-00123,STORE-0481,decline,-34.5,2026-03-16
SIG-08324,PROD-04639,STORE-0390,seasonal,63.6,2026-01-24
SIG-08325,PROD-00985,STORE-0165,decline,62.6,2026-02-01
SIG-08326,PROD-04365,STORE-0269,seasonal,43.1,2026-04-08
SIG-08327,PROD-02896,STORE-0101,seasonal,45.7,2026-08-01
SIG-08328,PROD-01389,STORE-0475,decline,52.9,2026-02-18
SIG-08329,PROD-01490,STORE-0420,decline,70.8,2026-04-11
SIG-08330,PROD-00479,STORE-0211,spike,20.1,2026-06-20
SIG-08331,PROD-04573,STORE-0145,decline,48.6,2026-02-01
SIG-08332,PROD-03611,STORE-0053,spike,58.7,2026-08-07
SIG-08333,PROD-00648,STORE-0072,decline,68.3,2026-05-21
SIG-08334,PROD-00386,STORE-0021,decline,-12.3,2026-07-11
SIG-08335,PROD-00826,STORE-0412,seasonal,42.2,2026-03-20
SIG-08336,PROD-01924,STORE-0103,seasonal,36.1,2026-02-03
SIG-08337,PROD-01147,STORE-0394,seasonal,-6.0,2026-07-19
SIG-08338,PROD-04719,STORE-0076,decline,58.4,2026-02-21
SIG-08339,PROD-00669,STORE-0227,seasonal,60.3,2026-07-18
SIG-08340,PROD-02339,STORE-0166,decline,75.9,2026-04-09
SIG-08341,PROD-02860,STORE-0364,seasonal,-6.8,2026-06-27
SIG-08342,PROD-04423,STORE-0360,decline,-14.8,2026-02-11
SIG-08343,PROD-04158,STORE-0329,seasonal,-32.8,2026-01-09
SIG-08344,PROD-02000,STORE-0362,spike,69.4,2026-08-22
SIG-08345,PROD-04998,STORE-0310,decline,48.8,2026-02-17
SIG-08346,PROD-01513,STORE-0228,seasonal,-2.9,2026-04-24
SIG-08347,PROD-02376,STORE-0049,decline,-1.8,2026-03-06
SIG-08348,PROD-04468,STORE-0289,spike,78.5,2026-02-17
SIG-08349,PROD-02635,STORE-0057,spike,-13.7,2026-03-26
SIG-08350,PROD-02249,STORE-0034,spike,-5.4,2026-02-21
SIG-08351,PROD-03227,STORE-0347,seasonal,17.6,2026-05-28
SIG-08352,PROD-04135,STORE-0055,spike,-3.4,2026-04-10
SIG-08353,PROD-00323,STORE-0303,decline,-1.2,2026-03-10
SIG-08354,PROD-01153,STORE-0153,spike,34.0,2026-08-04
SIG-08355,PROD-00742,STORE-0123,decline,38.1,2026-02-08
SIG-08356,PROD-04904,STORE-0059,seasonal,-6.2,2026-06-19
SIG-08357,PROD-01558,STORE-0211,seasonal,-15.1,2026-01-25
SIG-08358,PROD-04724,STORE-0160,decline,65.6,2026-01-14
SIG-08359,PROD-02831,STORE-0253,spike,24.0,2026-05-20
SIG-08360,PROD-02649,STORE-0264,decline,-22.9,2026-07-13
SIG-08361,PROD-00594,STORE-0210,decline,46.1,2026-04-12
SIG-08362,PROD-04203,STORE-0017,seasonal,14.1,2026-05-26
SIG-08363,PROD-01495,STORE-0312,spike,-29.8,2026-02-24
SIG-08364,PROD-04455,STORE-0366,decline,7.8,2026-01-17
SIG-08365,PROD-03334,STORE-0011,seasonal,27.8,2026-03-13
SIG-08366,PROD-00685,STORE-0395,spike,17.0,2026-03-05
SIG-08367,PROD-00653,STORE-0194,seasonal,47.8,2026-02-10
SIG-08368,PROD-02633,STORE-0013,decline,-21.5,2026-06-12
SIG-08369,PROD-04213,STORE-0189,spike,33.5,2026-08-22
SIG-08370,PROD-04150,STORE-0046,decline,28.3,2026-04-09
SIG-08371,PROD-02222,STORE-0130,seasonal,-12.7,2026-06-01
SIG-08372,PROD-00063,STORE-0479,seasonal,46.6,2026-06-12
SIG-08373,PROD-03368,STORE-0393,seasonal,74.3,2026-05-01
SIG-08374,PROD-04594,STORE-0269,decline,45.8,2026-08-06
SIG-08375,PROD-00132,STORE-0213,decline,-16.5,2026-03-26
SIG-08376,PROD-03932,STORE-0477,seasonal,-4.7,2026-03-21
SIG-08377,PROD-02547,STORE-0196,spike,-10.2,2026-02-12
SIG-08378,PROD-04003,STORE-0465,decline,19.1,2026-01-01
SIG-08379,PROD-02903,STORE-0357,decline,44.4,2026-08-05
SIG-08380,PROD-01344,STORE-0244,seasonal,-5.2,2026-08-14
SIG-08381,PROD-04208,STORE-0495,seasonal,26.6,2026-03-02
SIG-08382,PROD-00569,STORE-0034,spike,-19.9,2026-08-12
SIG-08383,PROD-01651,STORE-0486,spike,16.6,2026-07-23
SIG-08384,PROD-02516,STORE-0043,spike,17.8,2026-06-28
SIG-08385,PROD-02862,STORE-0127,spike,79.0,2026-03-26
SIG-08386,PROD-01199,STORE-0362,seasonal,41.1,2026-02-22
SIG-08387,PROD-02660,STORE-0140,spike,-35.5,2026-07-19
SIG-08388,PROD-02829,STORE-0025,decline,55.4,2026-03-02
SIG-08389,PROD-00653,STORE-0047,seasonal,19.9,2026-04-02
SIG-08390,PROD-01660,STORE-0183,seasonal,47.3,2026-05-01
SIG-08391,PROD-03809,STORE-0411,decline,-4.3,2026-06-25
SIG-08392,PROD-01090,STORE-0347,spike,-35.8,2026-05-10
SIG-08393,PROD-01246,STORE-0303,decline,77.5,2026-04-22
SIG-08394,PROD-02550,STORE-0401,seasonal,22.5,2026-03-04
SIG-08395,PROD-01455,STORE-0167,seasonal,16.3,2026-06-27
SIG-08396,PROD-01005,STORE-0287,decline,45.2,2026-01-27
SIG-08397,PROD-04967,STORE-0318,seasonal,4.1,2026-07-07
SIG-08398,PROD-03039,STORE-0357,spike,9.6,2026-03-24
SIG-08399,PROD-04730,STORE-0294,spike,40.9,2026-04-28
SIG-08400,PROD-01958,STORE-0039,decline,45.9,2026-03-21
SIG-08401,PROD-04607,STORE-0054,spike,56.8,2026-01-12
SIG-08402,PROD-02568,STORE-0360,decline,72.4,2026-01-28
SIG-08403,PROD-03226,STORE-0338,decline,53.1,2026-06-13
SIG-08404,PROD-03590,STORE-0192,seasonal,-39.4,2026-04-16
SIG-08405,PROD-03427,STORE-0250,decline,-24.7,2026-08-16
SIG-08406,PROD-04274,STORE-0299,spike,29.1,2026-01-02
SIG-08407,PROD-02281,STORE-0466,decline,55.5,2026-06-20
SIG-08408,PROD-03027,STORE-0303,spike,2.3,2026-01-18
SIG-08409,PROD-00269,STORE-0273,spike,7.5,2026-01-03
SIG-08410,PROD-03402,STORE-0454,decline,-10.9,2026-03-02
SIG-08411,PROD-03168,STORE-0062,spike,72.4,2026-05-06
SIG-08412,PROD-00132,STORE-0078,seasonal,26.8,2026-06-16
SIG-08413,PROD-02478,STORE-0285,decline,73.4,2026-07-16
SIG-08414,PROD-00143,STORE-0045,spike,53.7,2026-03-09
SIG-08415,PROD-04296,STORE-0334,seasonal,-21.6,2026-06-15
SIG-08416,PROD-03756,STORE-0272,spike,62.2,2026-05-13
SIG-08417,PROD-01997,STORE-0019,decline,-38.6,2026-08-10
SIG-08418,PROD-04203,STORE-0273,decline,15.8,2026-03-13
SIG-08419,PROD-00319,STORE-0328,decline,38.2,2026-05-24
SIG-08420,PROD-01641,STORE-0075,decline,22.7,2026-06-04
SIG-08421,PROD-03733,STORE-0320,spike,-17.5,2026-07-24
SIG-08422,PROD-04239,STORE-0017,spike,-5.7,2026-03-26
SIG-08423,PROD-00531,STORE-0010,spike,-8.3,2026-03-05
SIG-08424,PROD-01695,STORE-0321,spike,-0.2,2026-05-09
SIG-08425,PROD-00295,STORE-0449,decline,72.1,2026-06-10
SIG-08426,PROD-03270,STORE-0016,seasonal,-17.4,2026-08-10
SIG-08427,PROD-00548,STORE-0429,spike,12.8,2026-01-20
SIG-08428,PROD-01406,STORE-0386,seasonal,-39.5,2026-04-04
SIG-08429,PROD-03930,STORE-0377,decline,10.1,2026-04-02
SIG-08430,PROD-03300,STORE-0199,spike,26.6,2026-08-04
SIG-08431,PROD-02218,STORE-0427,decline,67.6,2026-04-15
SIG-08432,PROD-04015,STORE-0190,seasonal,8.1,2026-05-15
SIG-08433,PROD-03910,STORE-0445,seasonal,-0.9,2026-04-28
SIG-08434,PROD-04094,STORE-0373,decline,25.9,2026-05-02
SIG-08435,PROD-01606,STORE-0305,spike,21.4,2026-06-22
SIG-08436,PROD-01915,STORE-0371,spike,62.2,2026-04-19
SIG-08437,PROD-01837,STORE-0404,decline,-11.4,2026-05-26
SIG-08438,PROD-01532,STORE-0188,decline,16.3,2026-01-16
SIG-08439,PROD-04551,STORE-0231,spike,11.8,2026-03-24
SIG-08440,PROD-02106,STORE-0212,spike,25.8,2026-01-07
SIG-08441,PROD-03392,STORE-0330,decline,-33.3,2026-03-16
SIG-08442,PROD-00796,STORE-0311,spike,-15.3,2026-06-24
SIG-08443,PROD-03179,STORE-0388,spike,-36.6,2026-05-18
SIG-08444,PROD-02735,STORE-0359,seasonal,10.4,2026-04-05
SIG-08445,PROD-01756,STORE-0300,spike,79.6,2026-08-18
SIG-08446,PROD-04952,STORE-0257,spike,-25.8,2026-03-27
SIG-08447,PROD-04692,STORE-0206,seasonal,-14.9,2026-02-23
SIG-08448,PROD-01333,STORE-0238,seasonal,-35.5,2026-07-04
SIG-08449,PROD-02544,STORE-0077,spike,20.1,2026-06-20
SIG-08450,PROD-02489,STORE-0159,decline,33.7,2026-08-05
SIG-08451,PROD-01278,STORE-0298,seasonal,56.3,2026-03-25
SIG-08452,PROD-03066,STORE-0404,seasonal,-38.6,2026-04-04
SIG-08453,PROD-04045,STORE-0079,decline,-5.0,2026-05-26
SIG-08454,PROD-00353,STORE-0126,seasonal,1.3,2026-08-28
SIG-08455,PROD-01204,STORE-0068,seasonal,60.4,2026-05-20
SIG-08456,PROD-01179,STORE-0111,spike,-12.6,2026-07-11
SIG-08457,PROD-00996,STORE-0472,decline,73.1,2026-06-12
SIG-08458,PROD-02052,STORE-0184,seasonal,44.5,2026-01-24
SIG-08459,PROD-01075,STORE-0489,seasonal,53.3,2026-02-01
SIG-08460,PROD-03455,STORE-0395,spike,32.6,2026-03-20
SIG-08461,PROD-04095,STORE-0426,decline,-28.1,2026-01-23
SIG-08462,PROD-02538,STORE-0309,spike,26.2,2026-04-21
SIG-08463,PROD-01980,STORE-0229,spike,19.8,2026-02-06
SIG-08464,PROD-02992,STORE-0118,seasonal,9.8,2026-01-08
SIG-08465,PROD-04397,STORE-0285,seasonal,23.0,2026-05-24
SIG-08466,PROD-03205,STORE-0050,spike,2.7,2026-06-24
SIG-08467,PROD-04987,STORE-0337,decline,-25.7,2026-01-13
SIG-08468,PROD-00427,STORE-0164,decline,-17.2,2026-07-27
SIG-08469,PROD-02837,STORE-0410,spike,42.9,2026-06-27
SIG-08470,PROD-01363,STORE-0166,spike,-2.8,2026-04-24
SIG-08471,PROD-01375,STORE-0002,seasonal,65.2,2026-01-15
SIG-08472,PROD-01689,STORE-0173,spike,2.6,2026-07-20
SIG-08473,PROD-01044,STORE-0040,spike,-13.6,2026-05-21
SIG-08474,PROD-03638,STORE-0146,seasonal,-13.0,2026-08-14
SIG-08475,PROD-02850,STORE-0094,seasonal,15.3,2026-07-08
SIG-08476,PROD-00555,STORE-0304,seasonal,20.6,2026-06-06
SIG-08477,PROD-03838,STORE-0481,spike,42.4,2026-03-23
SIG-08478,PROD-00243,STORE-0040,decline,-5.8,2026-06-26
SIG-08479,PROD-04470,STORE-0169,spike,28.8,2026-08-18
SIG-08480,PROD-02356,STORE-0258,seasonal,-18.5,2026-06-13
SIG-08481,PROD-00105,STORE-0492,seasonal,4.6,2026-07-27
SIG-08482,PROD-01211,STORE-0252,spike,44.3,2026-05-24
SIG-08483,PROD-03576,STORE-0464,seasonal,36.8,2026-04-20
SIG-08484,PROD-02112,STORE-0159,spike,-15.0,2026-03-13
SIG-08485,PROD-02553,STORE-0019,decline,7.4,2026-01-09
SIG-08486,PROD-02656,STORE-0202,decline,68.6,2026-07-11
SIG-08487,PROD-00283,STORE-0375,spike,22.8,2026-06-22
SIG-08488,PROD-04235,STORE-0291,spike,69.1,2026-07-09
SIG-08489,PROD-03780,STORE-0343,decline,-14.5,2026-05-16
SIG-08490,PROD-03890,STORE-0414,seasonal,-23.8,2026-08-18
SIG-08491,PROD-01922,STORE-0045,spike,-37.4,2026-03-23
SIG-08492,PROD-00250,STORE-0266,spike,21.5,2026-02-16
SIG-08493,PROD-01113,STORE-0039,seasonal,29.7,2026-01-01
SIG-08494,PROD-02154,STORE-0414,decline,28.1,2026-04-07
SIG-08495,PROD-04309,STORE-0055,seasonal,12.4,2026-06-06
SIG-08496,PROD-02067,STORE-0337,decline,21.8,2026-07-09
SIG-08497,PROD-03467,STORE-0030,spike,-12.2,2026-06-14
SIG-08498,PROD-03991,STORE-0052,decline,29.1,2026-07-26
SIG-08499,PROD-02528,STORE-0094,spike,33.7,2026-02-24
SIG-08500,PROD-01469,STORE-0250,spike,-17.2,2026-04-28
SIG-08501,PROD-01874,STORE-0403,seasonal,-5.1,2026-06-02
SIG-08502,PROD-02379,STORE-0386,decline,-38.0,2026-01-06
SIG-08503,PROD-01583,STORE-0418,spike,33.9,2026-05-17
SIG-08504,PROD-01002,STORE-0115,decline,1.8,2026-07-12
SIG-08505,PROD-04715,STORE-0135,seasonal,0.2,2026-05-26
SIG-08506,PROD-02530,STORE-0068,seasonal,48.2,2026-04-04
SIG-08507,PROD-03992,STORE-0050,decline,39.3,2026-08-22
SIG-08508,PROD-00643,STORE-0325,spike,6.8,2026-01-21
SIG-08509,PROD-01406,STORE-0163,seasonal,41.9,2026-07-03
SIG-08510,PROD-01015,STORE-0159,spike,77.6,2026-01-27
SIG-08511,PROD-02717,STORE-0408,spike,14.9,2026-08-20
SIG-08512,PROD-03353,STORE-0301,spike,47.0,2026-07-20
SIG-08513,PROD-02553,STORE-0081,spike,-29.5,2026-03-18
SIG-08514,PROD-00774,STORE-0022,spike,21.1,2026-06-08
SIG-08515,PROD-01629,STORE-0165,seasonal,1.0,2026-03-08
SIG-08516,PROD-01265,STORE-0333,decline,-19.7,2026-06-10
SIG-08517,PROD-03228,STORE-0357,seasonal,28.9,2026-01-14
SIG-08518,PROD-04154,STORE-0356,seasonal,-23.1,2026-03-25
SIG-08519,PROD-00248,STORE-0112,seasonal,61.5,2026-03-25
SIG-08520,PROD-02582,STORE-0437,seasonal,39.4,2026-05-09
SIG-08521,PROD-01394,STORE-0096,spike,-34.4,2026-08-21
SIG-08522,PROD-03486,STORE-0126,spike,-38.3,2026-08-26
SIG-08523,PROD-01608,STORE-0394,seasonal,24.5,2026-03-22
SIG-08524,PROD-02874,STORE-0074,seasonal,55.1,2026-03-02
SIG-08525,PROD-03460,STORE-0283,decline,18.4,2026-03-15
SIG-08526,PROD-04493,STORE-0073,decline,18.6,2026-01-17
SIG-08527,PROD-04128,STORE-0245,decline,-0.1,2026-07-02
SIG-08528,PROD-00705,STORE-0025,spike,22.0,2026-01-17
SIG-08529,PROD-00479,STORE-0068,decline,-19.1,2026-01-21
SIG-08530,PROD-02660,STORE-0430,decline,75.2,2026-08-10
SIG-08531,PROD-04205,STORE-0111,spike,57.4,2026-08-02
SIG-08532,PROD-01303,STORE-0266,decline,59.3,2026-05-22
SIG-08533,PROD-00167,STORE-0468,decline,-32.0,2026-06-19
SIG-08534,PROD-01584,STORE-0118,seasonal,5.0,2026-04-22
SIG-08535,PROD-00505,STORE-0391,decline,5.6,2026-07-16
SIG-08536,PROD-02558,STORE-0273,spike,2.1,2026-02-10
SIG-08537,PROD-04574,STORE-0194,decline,8.6,2026-04-14
SIG-08538,PROD-00273,STORE-0060,decline,4.2,2026-04-08
SIG-08539,PROD-03717,STORE-0061,decline,6.4,2026-04-04
SIG-08540,PROD-03502,STORE-0302,seasonal,7.1,2026-05-09
SIG-08541,PROD-02604,STORE-0092,seasonal,-8.2,2026-06-07
SIG-08542,PROD-02978,STORE-0237,decline,78.5,2026-03-26
SIG-08543,PROD-02970,STORE-0255,seasonal,0.5,2026-06-11
SIG-08544,PROD-02525,STORE-0081,decline,38.2,2026-07-12
SIG-08545,PROD-03341,STORE-0316,spike,-5.9,2026-01-12
SIG-08546,PROD-03554,STORE-0158,decline,12.1,2026-05-18
SIG-08547,PROD-04714,STORE-0395,seasonal,-34.2,2026-05-24
SIG-08548,PROD-01689,STORE-0286,decline,80.0,2026-06-12
SIG-08549,PROD-01174,STORE-0122,seasonal,7.3,2026-03-10
SIG-08550,PROD-01368,STORE-0302,decline,9.6,2026-05-01
SIG-08551,PROD-00773,STORE-0283,spike,-15.8,2026-05-07
SIG-08552,PROD-02621,STORE-0455,decline,-34.1,2026-05-22
SIG-08553,PROD-02799,STORE-0292,spike,54.0,2026-08-19
SIG-08554,PROD-00301,STORE-0471,decline,27.5,2026-02-06
SIG-08555,PROD-01631,STORE-0030,decline,13.7,2026-06-27
SIG-08556,PROD-04806,STORE-0216,decline,28.9,2026-04-07
SIG-08557,PROD-04736,STORE-0386,spike,-34.5,2026-06-17
SIG-08558,PROD-00323,STORE-0276,seasonal,-27.3,2026-03-21
SIG-08559,PROD-02202,STORE-0185,decline,64.2,2026-07-10
SIG-08560,PROD-01265,STORE-0186,spike,-4.3,2026-05-01
SIG-08561,PROD-04563,STORE-0168,decline,53.0,2026-07-01
SIG-08562,PROD-04779,STORE-0418,spike,13.9,2026-08-06
SIG-08563,PROD-03582,STORE-0435,seasonal,17.1,2026-04-20
SIG-08564,PROD-03983,STORE-0051,decline,-30.2,2026-06-13
SIG-08565,PROD-02376,STORE-0230,spike,-16.1,2026-06-20
SIG-08566,PROD-04432,STORE-0256,decline,77.1,2026-05-18
SIG-08567,PROD-01477,STORE-0364,decline,79.8,2026-04-02
SIG-08568,PROD-01169,STORE-0086,spike,-10.3,2026-02-05
SIG-08569,PROD-04426,STORE-0407,decline,44.8,2026-03-03
SIG-08570,PROD-01419,STORE-0265,spike,25.7,2026-05-15
SIG-08571,PROD-00686,STORE-0450,seasonal,49.3,2026-04-16
SIG-08572,PROD-01653,STORE-0326,spike,46.7,2026-03-23
SIG-08573,PROD-02953,STORE-0123,spike,29.2,2026-01-06
SIG-08574,PROD-03228,STORE-0289,decline,32.5,2026-06-07
SIG-08575,PROD-02656,STORE-0427,decline,49.4,2026-02-20
SIG-08576,PROD-02529,STORE-0482,decline,-32.1,2026-02-05
SIG-08577,PROD-04283,STORE-0328,decline,-5.2,2026-02-11
SIG-08578,PROD-00220,STORE-0053,spike,7.7,2026-03-04
SIG-08579,PROD-02499,STORE-0149,spike,-20.3,2026-02-12
SIG-08580,PROD-01152,STORE-0367,spike,45.5,2026-08-02
SIG-08581,PROD-00197,STORE-0193,spike,33.6,2026-04-04
SIG-08582,PROD-04269,STORE-0386,spike,15.4,2026-02-10
SIG-08583,PROD-02076,STORE-0416,spike,4.2,2026-03-22
SIG-08584,PROD-04343,STORE-0462,spike,42.1,2026-06-19
SIG-08585,PROD-01975,STORE-0417,spike,53.2,2026-02-25
SIG-08586,PROD-04112,STORE-0308,decline,-12.5,2026-08-27
SIG-08587,PROD-01174,STORE-0012,seasonal,-36.2,2026-03-28
SIG-08588,PROD-02227,STORE-0288,spike,37.4,2026-04-02
SIG-08589,PROD-00514,STORE-0220,spike,13.3,2026-05-24
SIG-08590,PROD-03069,STORE-0111,decline,64.1,2026-03-20
SIG-08591,PROD-00531,STORE-0293,spike,3.6,2026-01-17
SIG-08592,PROD-01110,STORE-0223,decline,67.7,2026-01-02
SIG-08593,PROD-02220,STORE-0414,seasonal,-33.7,2026-01-08
SIG-08594,PROD-04306,STORE-0383,decline,72.7,2026-08-27
SIG-08595,PROD-04873,STORE-0044,spike,68.2,2026-03-01
SIG-08596,PROD-04045,STORE-0092,seasonal,77.9,2026-06-05
SIG-08597,PROD-03583,STORE-0130,seasonal,76.5,2026-04-05
SIG-08598,PROD-01232,STORE-0429,seasonal,48.3,2026-04-23
SIG-08599,PROD-01599,STORE-0086,spike,17.8,2026-07-19
SIG-08600,PROD-00961,STORE-0363,spike,48.0,2026-03-11
SIG-08601,PROD-00953,STORE-0063,seasonal,53.9,2026-06-01
SIG-08602,PROD-00898,STORE-0004,spike,-0.2,2026-07-01
SIG-08603,PROD-00824,STORE-0141,decline,72.3,2026-02-14
SIG-08604,PROD-00264,STORE-0290,spike,60.5,2026-07-25
SIG-08605,PROD-02935,STORE-0116,spike,36.2,2026-06-10
SIG-08606,PROD-03459,STORE-0179,decline,63.2,2026-01-03
SIG-08607,PROD-01759,STORE-0157,seasonal,48.9,2026-07-28
SIG-08608,PROD-00405,STORE-0013,seasonal,53.0,2026-06-27
SIG-08609,PROD-01464,STORE-0020,decline,-3.2,2026-03-27
SIG-08610,PROD-03826,STORE-0172,decline,47.3,2026-05-14
SIG-08611,PROD-02172,STORE-0099,seasonal,-31.8,2026-02-07
SIG-08612,PROD-04432,STORE-0223,seasonal,-13.3,2026-03-09
SIG-08613,PROD-03566,STORE-0384,decline,-29.8,2026-06-22
SIG-08614,PROD-01092,STORE-0026,seasonal,2.8,2026-02-22
SIG-08615,PROD-03917,STORE-0043,seasonal,12.9,2026-04-05
SIG-08616,PROD-02153,STORE-0127,spike,52.4,2026-05-02
SIG-08617,PROD-02173,STORE-0458,seasonal,40.9,2026-05-05
SIG-08618,PROD-02760,STORE-0091,decline,23.5,2026-04-09
SIG-08619,PROD-00012,STORE-0164,spike,-12.0,2026-05-17
SIG-08620,PROD-02510,STORE-0479,spike,18.3,2026-02-24
SIG-08621,PROD-00428,STORE-0314,decline,0.6,2026-08-26
SIG-08622,PROD-03244,STORE-0127,decline,36.7,2026-06-18
SIG-08623,PROD-01684,STORE-0388,spike,31.1,2026-02-22
SIG-08624,PROD-01526,STORE-0359,decline,43.8,2026-06-25
SIG-08625,PROD-02367,STORE-0426,seasonal,70.9,2026-01-10
SIG-08626,PROD-04262,STORE-0038,spike,74.7,2026-06-14
SIG-08627,PROD-01972,STORE-0031,spike,21.9,2026-01-05
SIG-08628,PROD-02023,STORE-0027,spike,68.5,2026-02-11
SIG-08629,PROD-04750,STORE-0323,decline,-3.0,2026-02-06
SIG-08630,PROD-02653,STORE-0205,seasonal,37.7,2026-01-02
SIG-08631,PROD-03326,STORE-0195,seasonal,71.5,2026-06-05
SIG-08632,PROD-04439,STORE-0392,decline,-5.7,2026-02-28
SIG-08633,PROD-01830,STORE-0165,decline,20.3,2026-04-06
SIG-08634,PROD-00035,STORE-0414,spike,21.0,2026-07-02
SIG-08635,PROD-04141,STORE-0323,spike,68.4,2026-02-01
SIG-08636,PROD-03145,STORE-0017,spike,31.2,2026-05-01
SIG-08637,PROD-02309,STORE-0075,decline,43.5,2026-04-04
SIG-08638,PROD-04186,STORE-0491,seasonal,66.5,2026-01-21
SIG-08639,PROD-02280,STORE-0189,seasonal,7.8,2026-08-21
SIG-08640,PROD-03573,STORE-0328,decline,42.9,2026-06-03
SIG-08641,PROD-03417,STORE-0034,spike,-34.5,2026-05-23
SIG-08642,PROD-03428,STORE-0224,decline,26.2,2026-01-04
SIG-08643,PROD-04394,STORE-0331,spike,-0.4,2026-08-16
SIG-08644,PROD-01790,STORE-0447,seasonal,63.3,2026-03-09
SIG-08645,PROD-02737,STORE-0261,seasonal,10.3,2026-06-14
SIG-08646,PROD-00769,STORE-0042,spike,45.1,2026-03-01
SIG-08647,PROD-04344,STORE-0198,spike,-38.9,2026-07-08
SIG-08648,PROD-00273,STORE-0067,seasonal,46.6,2026-02-25
SIG-08649,PROD-01998,STORE-0450,seasonal,11.9,2026-01-15
SIG-08650,PROD-04611,STORE-0493,spike,46.7,2026-08-19
SIG-08651,PROD-01435,STORE-0426,spike,51.1,2026-08-13
SIG-08652,PROD-03758,STORE-0122,decline,61.0,2026-02-09
SIG-08653,PROD-01685,STORE-0033,spike,0.5,2026-03-06
SIG-08654,PROD-03237,STORE-0249,seasonal,-27.4,2026-03-24
SIG-08655,PROD-00764,STORE-0247,seasonal,-3.2,2026-07-27
SIG-08656,PROD-04050,STORE-0338,seasonal,44.2,2026-06-15
SIG-08657,PROD-02617,STORE-0498,seasonal,41.2,2026-05-14
SIG-08658,PROD-02378,STORE-0285,decline,29.7,2026-06-04
SIG-08659,PROD-02958,STORE-0260,spike,38.2,2026-02-17
SIG-08660,PROD-04632,STORE-0019,spike,-9.6,2026-02-19
SIG-08661,PROD-02905,STORE-0423,seasonal,1.9,2026-03-27
SIG-08662,PROD-04202,STORE-0394,seasonal,61.2,2026-02-01
SIG-08663,PROD-02522,STORE-0115,decline,-18.2,2026-03-14
SIG-08664,PROD-03850,STORE-0346,spike,-9.1,2026-07-12
SIG-08665,PROD-03209,STORE-0193,seasonal,26.5,2026-05-04
SIG-08666,PROD-02512,STORE-0073,spike,-31.1,2026-01-28
SIG-08667,PROD-00025,STORE-0147,spike,37.2,2026-01-05
SIG-08668,PROD-03975,STORE-0349,spike,77.3,2026-05-23
SIG-08669,PROD-02182,STORE-0276,seasonal,49.9,2026-03-25
SIG-08670,PROD-04060,STORE-0380,decline,-12.0,2026-06-10
SIG-08671,PROD-02665,STORE-0210,decline,71.3,2026-07-03
SIG-08672,PROD-02472,STORE-0062,spike,79.1,2026-08-23
SIG-08673,PROD-00413,STORE-0312,decline,3.8,2026-07-22
SIG-08674,PROD-00350,STORE-0201,seasonal,47.3,2026-08-26
SIG-08675,PROD-01643,STORE-0050,spike,-18.6,2026-01-24
SIG-08676,PROD-00610,STORE-0426,decline,-2.6,2026-08-22
SIG-08677,PROD-03744,STORE-0430,decline,40.4,2026-05-01
SIG-08678,PROD-00365,STORE-0148,decline,48.6,2026-06-14
SIG-08679,PROD-04461,STORE-0059,seasonal,28.0,2026-06-05
SIG-08680,PROD-02035,STORE-0294,seasonal,69.0,2026-06-15
SIG-08681,PROD-03132,STORE-0458,spike,50.0,2026-01-22
SIG-08682,PROD-02345,STORE-0098,seasonal,20.4,2026-02-16
SIG-08683,PROD-01936,STORE-0495,decline,34.1,2026-04-17
SIG-08684,PROD-01374,STORE-0296,seasonal,71.2,2026-08-17
SIG-08685,PROD-04155,STORE-0123,spike,49.3,2026-05-24
SIG-08686,PROD-02059,STORE-0389,decline,-17.0,2026-02-14
SIG-08687,PROD-02584,STORE-0228,seasonal,-19.5,2026-08-03
SIG-08688,PROD-00763,STORE-0423,spike,20.7,2026-01-15
SIG-08689,PROD-04748,STORE-0018,decline,-34.5,2026-08-21
SIG-08690,PROD-03511,STORE-0470,decline,-19.9,2026-03-23
SIG-08691,PROD-00542,STORE-0270,spike,17.2,2026-08-02
SIG-08692,PROD-04624,STORE-0309,seasonal,20.5,2026-03-23
SIG-08693,PROD-04825,STORE-0183,seasonal,65.0,2026-05-06
SIG-08694,PROD-00447,STORE-0369,spike,-6.7,2026-05-25
SIG-08695,PROD-02037,STORE-0254,spike,1.4,2026-02-03
SIG-08696,PROD-00635,STORE-0135,spike,20.2,2026-05-11
SIG-08697,PROD-03217,STORE-0276,spike,-30.2,2026-02-01
SIG-08698,PROD-01058,STORE-0165,seasonal,73.2,2026-02-19
SIG-08699,PROD-04572,STORE-0070,spike,24.2,2026-06-03
SIG-08700,PROD-02442,STORE-0396,seasonal,67.8,2026-05-24
SIG-08701,PROD-00952,STORE-0357,seasonal,2.1,2026-06-28
SIG-08702,PROD-02295,STORE-0457,spike,48.2,2026-01-19
SIG-08703,PROD-01572,STORE-0260,decline,42.6,2026-05-13
SIG-08704,PROD-00713,STORE-0436,spike,-23.8,2026-02-12
SIG-08705,PROD-00419,STORE-0003,spike,-35.5,2026-06-08
SIG-08706,PROD-04828,STORE-0452,seasonal,-9.2,2026-01-27
SIG-08707,PROD-03779,STORE-0063,decline,22.7,2026-05-07
SIG-08708,PROD-01974,STORE-0263,decline,-28.0,2026-07-20
SIG-08709,PROD-01749,STORE-0495,decline,-9.4,2026-03-23
SIG-08710,PROD-02354,STORE-0407,decline,24.9,2026-07-03
SIG-08711,PROD-03317,STORE-0200,spike,72.4,2026-03-07
SIG-08712,PROD-00876,STORE-0052,seasonal,-24.4,2026-06-24
SIG-08713,PROD-04167,STORE-0325,decline,35.5,2026-06-19
SIG-08714,PROD-01106,STORE-0071,decline,-9.1,2026-06-18
SIG-08715,PROD-03553,STORE-0236,spike,-14.3,2026-07-26
SIG-08716,PROD-00434,STORE-0148,spike,-32.5,2026-05-27
SIG-08717,PROD-03616,STORE-0106,seasonal,75.3,2026-08-26
SIG-08718,PROD-01232,STORE-0486,decline,46.5,2026-07-19
SIG-08719,PROD-01674,STORE-0237,seasonal,36.2,2026-04-28
SIG-08720,PROD-00918,STORE-0197,seasonal,-11.3,2026-03-10
SIG-08721,PROD-04077,STORE-0034,spike,53.9,2026-02-06
SIG-08722,PROD-02260,STORE-0232,spike,21.7,2026-06-25
SIG-08723,PROD-04021,STORE-0349,spike,15.0,2026-03-16
SIG-08724,PROD-00062,STORE-0049,decline,17.5,2026-03-01
SIG-08725,PROD-04151,STORE-0323,decline,79.0,2026-06-17
SIG-08726,PROD-04262,STORE-0300,decline,-1.1,2026-03-25
SIG-08727,PROD-02951,STORE-0269,decline,-16.7,2026-04-01
SIG-08728,PROD-03910,STORE-0269,decline,46.9,2026-06-06
SIG-08729,PROD-01185,STORE-0141,decline,74.7,2026-05-06
SIG-08730,PROD-01582,STORE-0166,spike,-3.2,2026-06-15
SIG-08731,PROD-01626,STORE-0265,decline,57.7,2026-03-25
SIG-08732,PROD-00804,STORE-0348,spike,26.9,2026-02-13
SIG-08733,PROD-02938,STORE-0258,decline,-26.0,2026-03-27
SIG-08734,PROD-00361,STORE-0261,decline,29.5,2026-03-25
SIG-08735,PROD-00998,STORE-0262,decline,66.8,2026-05-17
SIG-08736,PROD-03025,STORE-0364,seasonal,1.7,2026-05-06
SIG-08737,PROD-03281,STORE-0148,decline,49.8,2026-02-20
SIG-08738,PROD-00750,STORE-0126,decline,14.5,2026-05-22
SIG-08739,PROD-02854,STORE-0313,seasonal,22.5,2026-07-23
SIG-08740,PROD-03161,STORE-0077,seasonal,79.5,2026-01-28
SIG-08741,PROD-04491,STORE-0364,seasonal,-4.8,2026-01-12
SIG-08742,PROD-01845,STORE-0072,seasonal,17.0,2026-06-01
SIG-08743,PROD-03683,STORE-0268,seasonal,64.4,2026-01-10
SIG-08744,PROD-04965,STORE-0324,seasonal,-4.7,2026-03-23
SIG-08745,PROD-00465,STORE-0096,decline,35.7,2026-07-23
SIG-08746,PROD-01063,STORE-0185,spike,-5.1,2026-07-08
SIG-08747,PROD-02666,STORE-0193,spike,6.6,2026-01-19
SIG-08748,PROD-03900,STORE-0498,seasonal,-0.5,2026-06-27
SIG-08749,PROD-03451,STORE-0261,decline,5.7,2026-05-02
SIG-08750,PROD-01262,STORE-0119,decline,-8.7,2026-04-26
SIG-08751,PROD-04439,STORE-0223,spike,25.2,2026-04-04
SIG-08752,PROD-02991,STORE-0007,seasonal,-39.2,2026-06-21
SIG-08753,PROD-04503,STORE-0088,seasonal,79.6,2026-07-26
SIG-08754,PROD-01116,STORE-0038,spike,-7.4,2026-02-28
SIG-08755,PROD-02728,STORE-0321,decline,68.1,2026-01-12
SIG-08756,PROD-00374,STORE-0131,spike,-16.6,2026-06-04
SIG-08757,PROD-03923,STORE-0049,decline,61.7,2026-01-18
SIG-08758,PROD-00108,STORE-0434,spike,66.6,2026-08-05
SIG-08759,PROD-01717,STORE-0103,spike,-12.3,2026-08-13
SIG-08760,PROD-03506,STORE-0272,spike,70.8,2026-05-21
SIG-08761,PROD-04590,STORE-0032,seasonal,-20.5,2026-07-15
SIG-08762,PROD-04184,STORE-0458,spike,-6.4,2026-06-12
SIG-08763,PROD-01912,STORE-0309,seasonal,-31.1,2026-07-10
SIG-08764,PROD-04274,STORE-0438,spike,47.2,2026-08-24
SIG-08765,PROD-01433,STORE-0001,spike,-39.1,2026-07-01
SIG-08766,PROD-00214,STORE-0076,spike,56.7,2026-02-01
SIG-08767,PROD-02581,STORE-0207,seasonal,26.1,2026-03-08
SIG-08768,PROD-03899,STORE-0343,seasonal,62.5,2026-05-23
SIG-08769,PROD-03837,STORE-0255,decline,-31.1,2026-06-15
SIG-08770,PROD-03746,STORE-0246,spike,66.2,2026-07-23
SIG-08771,PROD-04360,STORE-0449,decline,64.7,2026-03-06
SIG-08772,PROD-04624,STORE-0405,seasonal,-11.5,2026-04-02
SIG-08773,PROD-02220,STORE-0466,decline,30.0,2026-01-12
SIG-08774,PROD-02799,STORE-0153,decline,63.4,2026-05-16
SIG-08775,PROD-01214,STORE-0474,spike,-4.9,2026-02-03
SIG-08776,PROD-02760,STORE-0279,decline,49.0,2026-01-19
SIG-08777,PROD-04568,STORE-0226,decline,6.8,2026-04-06
SIG-08778,PROD-02801,STORE-0119,decline,48.5,2026-06-24
SIG-08779,PROD-00899,STORE-0062,decline,23.5,2026-03-09
SIG-08780,PROD-03035,STORE-0308,decline,21.4,2026-04-18
SIG-08781,PROD-04093,STORE-0114,seasonal,53.3,2026-03-09
SIG-08782,PROD-00341,STORE-0190,seasonal,-15.4,2026-05-17
SIG-08783,PROD-01336,STORE-0255,seasonal,59.4,2026-01-22
SIG-08784,PROD-02703,STORE-0094,decline,43.6,2026-04-01
SIG-08785,PROD-03265,STORE-0362,spike,4.0,2026-05-27
SIG-08786,PROD-04169,STORE-0286,spike,35.8,2026-04-13
SIG-08787,PROD-01097,STORE-0184,spike,33.1,2026-01-06
SIG-08788,PROD-00205,STORE-0447,spike,42.4,2026-08-05
SIG-08789,PROD-01889,STORE-0285,spike,14.8,2026-03-14
SIG-08790,PROD-00135,STORE-0112,spike,60.5,2026-01-11
SIG-08791,PROD-03671,STORE-0250,seasonal,22.2,2026-02-22
SIG-08792,PROD-02894,STORE-0149,spike,-35.4,2026-03-22
SIG-08793,PROD-03335,STORE-0431,seasonal,-26.0,2026-07-22
SIG-08794,PROD-03983,STORE-0387,decline,73.2,2026-04-01
SIG-08795,PROD-00378,STORE-0361,spike,17.3,2026-05-02
SIG-08796,PROD-04054,STORE-0394,spike,-16.2,2026-07-27
SIG-08797,PROD-02824,STORE-0340,decline,30.2,2026-05-26
SIG-08798,PROD-03421,STORE-0351,decline,46.5,2026-07-02
SIG-08799,PROD-00119,STORE-0224,seasonal,-15.6,2026-08-27
SIG-08800,PROD-00562,STORE-0378,decline,52.5,2026-05-07
SIG-08801,PROD-00079,STORE-0491,decline,15.3,2026-06-04
SIG-08802,PROD-02435,STORE-0329,spike,67.6,2026-01-20
SIG-08803,PROD-02163,STORE-0156,spike,67.8,2026-03-06
SIG-08804,PROD-04851,STORE-0182,seasonal,68.2,2026-07-22
SIG-08805,PROD-01865,STORE-0138,seasonal,79.4,2026-01-10
SIG-08806,PROD-03480,STORE-0277,decline,-5.2,2026-08-01
SIG-08807,PROD-03126,STORE-0442,spike,29.3,2026-04-07
SIG-08808,PROD-04561,STORE-0034,spike,7.1,2026-07-15
SIG-08809,PROD-01433,STORE-0356,decline,-2.2,2026-07-19
SIG-08810,PROD-03853,STORE-0453,seasonal,70.3,2026-03-01
SIG-08811,PROD-02738,STORE-0287,decline,21.2,2026-02-02
SIG-08812,PROD-01525,STORE-0193,spike,-3.1,2026-01-21
SIG-08813,PROD-03798,STORE-0282,decline,28.5,2026-08-06
SIG-08814,PROD-00301,STORE-0361,decline,56.6,2026-06-15
SIG-08815,PROD-00996,STORE-0324,spike,14.1,2026-07-18
SIG-08816,PROD-00958,STORE-0183,seasonal,38.8,2026-07-25
SIG-08817,PROD-00576,STORE-0075,seasonal,27.3,2026-03-13
SIG-08818,PROD-01217,STORE-0421,spike,57.0,2026-02-10
SIG-08819,PROD-02766,STORE-0208,seasonal,50.5,2026-06-05
SIG-08820,PROD-03928,STORE-0484,seasonal,61.4,2026-02-09
SIG-08821,PROD-04277,STORE-0123,spike,-28.6,2026-01-20
SIG-08822,PROD-01265,STORE-0139,decline,-30.7,2026-01-20
SIG-08823,PROD-01293,STORE-0409,spike,7.8,2026-05-08
SIG-08824,PROD-02065,STORE-0447,spike,29.4,2026-04-05
SIG-08825,PROD-00382,STORE-0388,spike,-20.0,2026-04-19
SIG-08826,PROD-04121,STORE-0033,decline,-28.3,2026-04-19
SIG-08827,PROD-03539,STORE-0456,decline,36.4,2026-03-04
SIG-08828,PROD-04789,STORE-0420,seasonal,9.8,2026-07-03
SIG-08829,PROD-01516,STORE-0446,seasonal,55.6,2026-03-20
SIG-08830,PROD-01215,STORE-0118,decline,51.0,2026-03-10
SIG-08831,PROD-02419,STORE-0370,seasonal,-17.3,2026-06-17
SIG-08832,PROD-04725,STORE-0038,decline,31.0,2026-03-09
SIG-08833,PROD-01445,STORE-0458,seasonal,41.6,2026-06-02
SIG-08834,PROD-01156,STORE-0031,decline,39.9,2026-06-23
SIG-08835,PROD-00394,STORE-0498,seasonal,11.8,2026-07-04
SIG-08836,PROD-00130,STORE-0392,spike,58.7,2026-01-03
SIG-08837,PROD-01743,STORE-0185,seasonal,-36.1,2026-06-10
SIG-08838,PROD-04870,STORE-0498,spike,17.6,2026-05-09
SIG-08839,PROD-02821,STORE-0095,spike,-35.9,2026-05-17
SIG-08840,PROD-02178,STORE-0226,seasonal,66.5,2026-04-18
SIG-08841,PROD-00700,STORE-0321,seasonal,-32.0,2026-03-10
SIG-08842,PROD-01608,STORE-0071,seasonal,-23.2,2026-06-20
SIG-08843,PROD-01216,STORE-0039,spike,-30.5,2026-01-09
SIG-08844,PROD-03431,STORE-0443,decline,68.6,2026-08-25
SIG-08845,PROD-01442,STORE-0209,spike,73.5,2026-07-11
SIG-08846,PROD-00470,STORE-0200,seasonal,-36.7,2026-07-06
SIG-08847,PROD-03773,STORE-0181,decline,78.9,2026-05-17
SIG-08848,PROD-00934,STORE-0456,decline,64.0,2026-05-20
SIG-08849,PROD-01266,STORE-0149,decline,-1.5,2026-07-17
SIG-08850,PROD-02013,STORE-0112,spike,-1.3,2026-01-19
SIG-08851,PROD-04826,STORE-0299,spike,-13.3,2026-07-24
SIG-08852,PROD-02917,STORE-0098,decline,22.0,2026-05-12
SIG-08853,PROD-04651,STORE-0483,decline,22.6,2026-02-11
SIG-08854,PROD-04007,STORE-0163,seasonal,68.5,2026-06-02
SIG-08855,PROD-00240,STORE-0300,spike,-29.4,2026-02-17
SIG-08856,PROD-00015,STORE-0249,seasonal,-33.0,2026-07-28
SIG-08857,PROD-00219,STORE-0472,seasonal,29.7,2026-04-04
SIG-08858,PROD-02940,STORE-0259,seasonal,31.2,2026-02-16
SIG-08859,PROD-04329,STORE-0299,decline,32.4,2026-01-11
SIG-08860,PROD-00264,STORE-0443,decline,74.2,2026-03-03
SIG-08861,PROD-04399,STORE-0010,spike,-1.5,2026-08-10
SIG-08862,PROD-02519,STORE-0377,seasonal,65.4,2026-02-23
SIG-08863,PROD-02366,STORE-0288,decline,5.0,2026-06-23
SIG-08864,PROD-03207,STORE-0335,decline,56.9,2026-02-13
SIG-08865,PROD-00753,STORE-0293,seasonal,-16.6,2026-05-17
SIG-08866,PROD-02673,STORE-0371,decline,51.9,2026-08-05
SIG-08867,PROD-04744,STORE-0167,spike,53.8,2026-06-15
SIG-08868,PROD-01217,STORE-0020,seasonal,-7.2,2026-01-06
SIG-08869,PROD-01800,STORE-0149,decline,65.1,2026-06-11
SIG-08870,PROD-04378,STORE-0216,decline,-34.7,2026-06-08
SIG-08871,PROD-00389,STORE-0169,decline,77.7,2026-01-18
SIG-08872,PROD-01394,STORE-0092,spike,4.2,2026-02-03
SIG-08873,PROD-03053,STORE-0369,spike,-26.4,2026-02-22
SIG-08874,PROD-02742,STORE-0481,decline,-38.1,2026-02-08
SIG-08875,PROD-02919,STORE-0179,decline,-17.5,2026-01-09
SIG-08876,PROD-03244,STORE-0189,decline,3.1,2026-06-11
SIG-08877,PROD-00668,STORE-0002,seasonal,23.7,2026-03-12
SIG-08878,PROD-03860,STORE-0495,seasonal,68.3,2026-03-09
SIG-08879,PROD-01900,STORE-0364,seasonal,12.2,2026-03-03
SIG-08880,PROD-02652,STORE-0073,decline,58.3,2026-07-04
SIG-08881,PROD-02953,STORE-0469,decline,-37.9,2026-04-03
SIG-08882,PROD-02391,STORE-0162,decline,1.0,2026-01-14
SIG-08883,PROD-03405,STORE-0019,spike,75.7,2026-06-18
SIG-08884,PROD-01494,STORE-0126,seasonal,-36.8,2026-02-13
SIG-08885,PROD-04990,STORE-0282,decline,52.0,2026-06-17
SIG-08886,PROD-01519,STORE-0494,decline,35.4,2026-06-23
SIG-08887,PROD-03890,STORE-0157,decline,46.8,2026-05-16
SIG-08888,PROD-02506,STORE-0064,spike,48.5,2026-05-23
SIG-08889,PROD-02787,STORE-0091,spike,-35.0,2026-06-27
SIG-08890,PROD-01430,STORE-0206,seasonal,27.9,2026-02-18
SIG-08891,PROD-01249,STORE-0415,spike,-17.5,2026-08-27
SIG-08892,PROD-03701,STORE-0210,seasonal,5.3,2026-08-07
SIG-08893,PROD-01809,STORE-0278,spike,-24.9,2026-02-07
SIG-08894,PROD-03280,STORE-0317,seasonal,-38.8,2026-08-21
SIG-08895,PROD-03666,STORE-0175,seasonal,25.9,2026-08-27
SIG-08896,PROD-04871,STORE-0392,decline,52.7,2026-05-27
SIG-08897,PROD-03194,STORE-0264,decline,-8.4,2026-02-03
SIG-08898,PROD-00006,STORE-0476,decline,31.1,2026-07-03
SIG-08899,PROD-04626,STORE-0035,spike,70.7,2026-06-08
SIG-08900,PROD-02644,STORE-0141,seasonal,-32.2,2026-05-28
SIG-08901,PROD-01036,STORE-0208,spike,-23.2,2026-01-11
SIG-08902,PROD-03049,STORE-0032,spike,-2.2,2026-01-09
SIG-08903,PROD-03701,STORE-0393,decline,20.7,2026-04-16
SIG-08904,PROD-01108,STORE-0292,spike,70.6,2026-01-02
SIG-08905,PROD-01552,STORE-0456,seasonal,27.1,2026-04-28
SIG-08906,PROD-02490,STORE-0354,seasonal,27.9,2026-03-09
SIG-08907,PROD-04206,STORE-0284,spike,69.8,2026-08-25
SIG-08908,PROD-02394,STORE-0280,spike,-32.1,2026-07-10
SIG-08909,PROD-04990,STORE-0435,spike,-8.3,2026-06-03
SIG-08910,PROD-01796,STORE-0160,spike,78.8,2026-01-23
SIG-08911,PROD-01583,STORE-0164,decline,34.3,2026-08-24
SIG-08912,PROD-03392,STORE-0009,seasonal,12.9,2026-06-07
SIG-08913,PROD-00319,STORE-0141,decline,44.6,2026-07-20
SIG-08914,PROD-01320,STORE-0496,spike,35.5,2026-03-04
SIG-08915,PROD-00220,STORE-0233,decline,46.7,2026-04-01
SIG-08916,PROD-04420,STORE-0184,spike,75.7,2026-02-18
SIG-08917,PROD-03823,STORE-0387,decline,-30.7,2026-03-17
SIG-08918,PROD-01490,STORE-0439,spike,62.6,2026-01-26
SIG-08919,PROD-03951,STORE-0022,spike,-22.6,2026-01-06
SIG-08920,PROD-02164,STORE-0280,spike,-21.9,2026-03-03
SIG-08921,PROD-02953,STORE-0040,spike,-17.0,2026-03-03
SIG-08922,PROD-01863,STORE-0119,decline,53.2,2026-02-27
SIG-08923,PROD-04672,STORE-0177,decline,39.6,2026-06-25
SIG-08924,PROD-04396,STORE-0362,spike,64.1,2026-01-17
SIG-08925,PROD-03836,STORE-0245,decline,51.5,2026-04-24
SIG-08926,PROD-00944,STORE-0172,seasonal,73.2,2026-03-15
SIG-08927,PROD-04853,STORE-0254,spike,16.4,2026-07-18
SIG-08928,PROD-04136,STORE-0176,seasonal,0.6,2026-06-27
SIG-08929,PROD-00739,STORE-0276,spike,-30.8,2026-05-26
SIG-08930,PROD-03449,STORE-0156,decline,15.2,2026-07-21
SIG-08931,PROD-02066,STORE-0463,decline,-17.0,2026-01-22
SIG-08932,PROD-04930,STORE-0214,spike,-14.1,2026-07-10
SIG-08933,PROD-03352,STORE-0455,seasonal,-0.9,2026-05-24
SIG-08934,PROD-00990,STORE-0132,seasonal,18.7,2026-04-10
SIG-08935,PROD-02240,STORE-0027,decline,30.5,2026-05-24
SIG-08936,PROD-01103,STORE-0209,seasonal,73.4,2026-07-24
SIG-08937,PROD-00768,STORE-0346,spike,20.8,2026-08-20
SIG-08938,PROD-01101,STORE-0202,decline,-22.4,2026-03-18
SIG-08939,PROD-04435,STORE-0495,decline,11.3,2026-01-05
SIG-08940,PROD-00056,STORE-0107,decline,74.4,2026-05-07
SIG-08941,PROD-04757,STORE-0144,decline,56.4,2026-08-06
SIG-08942,PROD-01954,STORE-0003,decline,14.5,2026-06-16
SIG-08943,PROD-03331,STORE-0269,spike,34.4,2026-02-12
SIG-08944,PROD-03349,STORE-0118,seasonal,-35.9,2026-03-08
SIG-08945,PROD-02307,STORE-0382,seasonal,15.3,2026-03-14
SIG-08946,PROD-02027,STORE-0454,seasonal,68.8,2026-08-24
SIG-08947,PROD-01744,STORE-0201,decline,-2.5,2026-03-08
SIG-08948,PROD-03211,STORE-0491,decline,25.3,2026-04-16
SIG-08949,PROD-03982,STORE-0407,decline,65.3,2026-02-12
SIG-08950,PROD-01832,STORE-0356,seasonal,-35.4,2026-02-20
SIG-08951,PROD-01369,STORE-0056,decline,37.2,2026-04-14
SIG-08952,PROD-00630,STORE-0052,spike,58.6,2026-03-25
SIG-08953,PROD-01892,STORE-0304,decline,-36.5,2026-05-04
SIG-08954,PROD-00661,STORE-0374,spike,8.4,2026-05-25
SIG-08955,PROD-02954,STORE-0067,decline,65.4,2026-01-01
SIG-08956,PROD-03317,STORE-0346,seasonal,14.2,2026-07-24
SIG-08957,PROD-01685,STORE-0340,decline,-27.0,2026-07-25
SIG-08958,PROD-02458,STORE-0207,spike,-34.1,2026-08-20
SIG-08959,PROD-04630,STORE-0269,spike,30.1,2026-08-01
SIG-08960,PROD-01723,STORE-0499,decline,-34.2,2026-02-26
SIG-08961,PROD-02911,STORE-0071,seasonal,-11.6,2026-05-09
SIG-08962,PROD-00108,STORE-0399,seasonal,-19.9,2026-03-02
SIG-08963,PROD-03961,STORE-0442,decline,50.2,2026-02-05
SIG-08964,PROD-03044,STORE-0046,seasonal,46.1,2026-08-21
SIG-08965,PROD-04617,STORE-0195,spike,31.8,2026-06-04
SIG-08966,PROD-02887,STORE-0218,seasonal,-5.6,2026-08-26
SIG-08967,PROD-04460,STORE-0265,spike,-17.6,2026-01-15
SIG-08968,PROD-01591,STORE-0308,decline,30.6,2026-08-10
SIG-08969,PROD-03590,STORE-0227,spike,57.5,2026-03-26
SIG-08970,PROD-04366,STORE-0073,decline,23.3,2026-04-24
SIG-08971,PROD-01392,STORE-0169,decline,68.2,2026-08-17
SIG-08972,PROD-03679,STORE-0006,spike,26.0,2026-07-02
SIG-08973,PROD-04937,STORE-0329,spike,24.8,2026-08-23
SIG-08974,PROD-02264,STORE-0319,seasonal,-7.3,2026-04-25
SIG-08975,PROD-00432,STORE-0411,spike,-10.3,2026-08-11
SIG-08976,PROD-00222,STORE-0361,spike,9.8,2026-06-26
SIG-08977,PROD-04191,STORE-0042,spike,-24.8,2026-07-25
SIG-08978,PROD-03451,STORE-0106,decline,-39.0,2026-01-16
SIG-08979,PROD-00814,STORE-0017,seasonal,-18.5,2026-05-07
SIG-08980,PROD-01868,STORE-0264,seasonal,-5.4,2026-08-17
SIG-08981,PROD-00332,STORE-0366,decline,19.5,2026-06-19
SIG-08982,PROD-02978,STORE-0400,seasonal,63.3,2026-08-09
SIG-08983,PROD-00148,STORE-0253,decline,23.9,2026-08-24
SIG-08984,PROD-02680,STORE-0060,spike,78.2,2026-02-17
SIG-08985,PROD-02038,STORE-0444,decline,56.4,2026-05-12
SIG-08986,PROD-02050,STORE-0038,decline,20.5,2026-07-19
SIG-08987,PROD-02630,STORE-0133,spike,15.2,2026-08-08
SIG-08988,PROD-04162,STORE-0412,spike,-8.0,2026-07-22
SIG-08989,PROD-03958,STORE-0077,seasonal,-37.8,2026-04-18
SIG-08990,PROD-02747,STORE-0483,spike,29.2,2026-07-22
SIG-08991,PROD-03571,STORE-0372,decline,48.0,2026-08-22
SIG-08992,PROD-04391,STORE-0375,spike,54.0,2026-04-18
SIG-08993,PROD-01432,STORE-0315,seasonal,69.9,2026-07-08
SIG-08994,PROD-02924,STORE-0457,seasonal,52.1,2026-05-25
SIG-08995,PROD-02806,STORE-0180,spike,6.1,2026-02-02
SIG-08996,PROD-02244,STORE-0126,decline,-5.6,2026-07-22
SIG-08997,PROD-04328,STORE-0217,seasonal,36.2,2026-07-05
SIG-08998,PROD-03425,STORE-0331,decline,53.2,2026-01-05
SIG-08999,PROD-02275,STORE-0378,spike,56.9,2026-08-10
SIG-09000,PROD-02516,STORE-0314,seasonal,29.3,2026-01-12
SIG-09001,PROD-03463,STORE-0096,seasonal,36.3,2026-04-01
SIG-09002,PROD-00005,STORE-0460,spike,-24.0,2026-07-20
SIG-09003,PROD-00462,STORE-0288,seasonal,65.7,2026-01-06
SIG-09004,PROD-01373,STORE-0493,seasonal,75.8,2026-02-23
SIG-09005,PROD-04202,STORE-0042,decline,-20.5,2026-08-16
SIG-09006,PROD-04918,STORE-0410,spike,-26.9,2026-05-18
SIG-09007,PROD-01013,STORE-0357,spike,36.0,2026-05-17
SIG-09008,PROD-00366,STORE-0284,spike,61.3,2026-03-04
SIG-09009,PROD-00003,STORE-0073,seasonal,38.6,2026-01-08
SIG-09010,PROD-03372,STORE-0171,decline,23.5,2026-04-17
SIG-09011,PROD-02375,STORE-0146,decline,-28.2,2026-04-04
SIG-09012,PROD-02683,STORE-0021,decline,31.0,2026-02-03
SIG-09013,PROD-03907,STORE-0361,spike,26.7,2026-01-25
SIG-09014,PROD-04445,STORE-0018,spike,1.6,2026-02-05
SIG-09015,PROD-04681,STORE-0089,seasonal,18.1,2026-07-21
SIG-09016,PROD-00183,STORE-0421,spike,41.3,2026-01-26
SIG-09017,PROD-01619,STORE-0448,seasonal,-14.5,2026-05-28
SIG-09018,PROD-03105,STORE-0200,seasonal,-33.4,2026-04-21
SIG-09019,PROD-01328,STORE-0213,spike,37.6,2026-05-10
SIG-09020,PROD-01635,STORE-0058,decline,78.0,2026-07-27
SIG-09021,PROD-01542,STORE-0141,seasonal,58.2,2026-02-05
SIG-09022,PROD-00939,STORE-0441,seasonal,24.0,2026-08-06
SIG-09023,PROD-03196,STORE-0449,spike,14.7,2026-06-03
SIG-09024,PROD-02357,STORE-0403,decline,-34.5,2026-02-09
SIG-09025,PROD-02039,STORE-0125,seasonal,47.9,2026-04-16
SIG-09026,PROD-00038,STORE-0193,seasonal,-36.2,2026-01-07
SIG-09027,PROD-03149,STORE-0228,spike,-10.7,2026-03-16
SIG-09028,PROD-01249,STORE-0363,seasonal,48.5,2026-03-12
SIG-09029,PROD-03511,STORE-0074,seasonal,49.0,2026-02-13
SIG-09030,PROD-04362,STORE-0464,seasonal,31.7,2026-08-23
SIG-09031,PROD-03769,STORE-0044,spike,42.6,2026-04-16
SIG-09032,PROD-03015,STORE-0170,spike,5.2,2026-08-07
SIG-09033,PROD-00204,STORE-0072,seasonal,27.0,2026-01-19
SIG-09034,PROD-02797,STORE-0149,seasonal,66.6,2026-08-18
SIG-09035,PROD-00865,STORE-0065,seasonal,-5.5,2026-02-19
SIG-09036,PROD-04522,STORE-0123,decline,53.8,2026-01-13
SIG-09037,PROD-00330,STORE-0012,decline,79.6,2026-05-03
SIG-09038,PROD-01363,STORE-0038,spike,29.0,2026-08-15
SIG-09039,PROD-03280,STORE-0076,spike,-14.9,2026-05-28
SIG-09040,PROD-01293,STORE-0194,spike,69.3,2026-05-25
SIG-09041,PROD-01190,STORE-0372,spike,56.7,2026-02-18
SIG-09042,PROD-02331,STORE-0443,seasonal,44.8,2026-04-26
SIG-09043,PROD-04767,STORE-0182,seasonal,-15.7,2026-08-15
SIG-09044,PROD-03070,STORE-0481,decline,62.0,2026-01-06
SIG-09045,PROD-02959,STORE-0419,decline,29.8,2026-05-06
SIG-09046,PROD-01970,STORE-0423,seasonal,16.2,2026-05-10
SIG-09047,PROD-01733,STORE-0410,decline,28.7,2026-07-11
SIG-09048,PROD-01307,STORE-0312,spike,4.5,2026-05-06
SIG-09049,PROD-04281,STORE-0389,seasonal,14.8,2026-08-22
SIG-09050,PROD-00017,STORE-0304,seasonal,72.9,2026-04-26
SIG-09051,PROD-04451,STORE-0109,seasonal,16.4,2026-05-03
SIG-09052,PROD-00310,STORE-0096,seasonal,79.6,2026-04-08
SIG-09053,PROD-03545,STORE-0040,spike,69.1,2026-08-03
SIG-09054,PROD-02511,STORE-0054,spike,49.7,2026-02-15
SIG-09055,PROD-03239,STORE-0414,spike,2.3,2026-05-26
SIG-09056,PROD-01879,STORE-0285,decline,55.0,2026-05-08
SIG-09057,PROD-00482,STORE-0189,decline,-30.5,2026-03-03
SIG-09058,PROD-03920,STORE-0133,seasonal,17.3,2026-01-13
SIG-09059,PROD-01590,STORE-0495,seasonal,44.1,2026-04-03
SIG-09060,PROD-01731,STORE-0263,seasonal,3.8,2026-01-04
SIG-09061,PROD-02653,STORE-0448,seasonal,8.0,2026-02-28
SIG-09062,PROD-03391,STORE-0319,seasonal,-0.0,2026-04-25
SIG-09063,PROD-04644,STORE-0066,seasonal,51.8,2026-04-28
SIG-09064,PROD-01114,STORE-0044,seasonal,74.4,2026-05-06
SIG-09065,PROD-01133,STORE-0459,seasonal,0.8,2026-05-10
SIG-09066,PROD-04187,STORE-0162,decline,7.9,2026-07-15
SIG-09067,PROD-04232,STORE-0289,decline,26.7,2026-05-02
SIG-09068,PROD-01016,STORE-0082,spike,16.2,2026-07-20
SIG-09069,PROD-00557,STORE-0027,seasonal,21.9,2026-03-04
SIG-09070,PROD-01242,STORE-0134,decline,48.6,2026-01-11
SIG-09071,PROD-00732,STORE-0434,seasonal,-19.0,2026-07-16
SIG-09072,PROD-01198,STORE-0263,decline,49.9,2026-03-26
SIG-09073,PROD-00078,STORE-0190,decline,43.8,2026-03-07
SIG-09074,PROD-01425,STORE-0385,decline,47.8,2026-07-07
SIG-09075,PROD-03486,STORE-0475,decline,-10.9,2026-06-08
SIG-09076,PROD-02855,STORE-0159,decline,21.6,2026-07-26
SIG-09077,PROD-03667,STORE-0419,seasonal,50.9,2026-08-02
SIG-09078,PROD-03846,STORE-0034,decline,8.2,2026-02-18
SIG-09079,PROD-00321,STORE-0106,spike,-39.4,2026-03-11
SIG-09080,PROD-02477,STORE-0187,spike,49.3,2026-02-14
SIG-09081,PROD-00008,STORE-0267,seasonal,-34.7,2026-01-13
SIG-09082,PROD-02089,STORE-0411,decline,65.5,2026-03-22
SIG-09083,PROD-00683,STORE-0175,seasonal,-36.2,2026-04-07
SIG-09084,PROD-04009,STORE-0396,spike,15.2,2026-08-12
SIG-09085,PROD-02305,STORE-0204,decline,-6.9,2026-03-27
SIG-09086,PROD-02856,STORE-0310,decline,41.7,2026-03-25
SIG-09087,PROD-02968,STORE-0076,seasonal,15.0,2026-03-10
SIG-09088,PROD-02022,STORE-0227,spike,-6.9,2026-06-12
SIG-09089,PROD-04459,STORE-0047,decline,24.5,2026-01-06
SIG-09090,PROD-01218,STORE-0358,seasonal,17.6,2026-01-20
SIG-09091,PROD-01555,STORE-0441,decline,59.1,2026-04-11
SIG-09092,PROD-00650,STORE-0177,spike,40.1,2026-08-23
SIG-09093,PROD-04591,STORE-0115,seasonal,14.0,2026-05-17
SIG-09094,PROD-03741,STORE-0375,spike,-32.0,2026-02-04
SIG-09095,PROD-00114,STORE-0217,spike,-13.5,2026-07-01
SIG-09096,PROD-04382,STORE-0306,spike,39.2,2026-06-14
SIG-09097,PROD-01726,STORE-0187,decline,-36.4,2026-07-24
SIG-09098,PROD-04278,STORE-0406,spike,37.2,2026-08-13
SIG-09099,PROD-00765,STORE-0274,seasonal,1.2,2026-07-26
SIG-09100,PROD-04477,STORE-0108,spike,-19.0,2026-03-04
SIG-09101,PROD-03479,STORE-0018,seasonal,-27.7,2026-06-14
SIG-09102,PROD-03485,STORE-0035,seasonal,6.7,2026-08-18
SIG-09103,PROD-04425,STORE-0442,seasonal,57.8,2026-03-28
SIG-09104,PROD-04032,STORE-0395,seasonal,-19.4,2026-06-19
SIG-09105,PROD-04495,STORE-0345,seasonal,-20.0,2026-04-16
SIG-09106,PROD-04203,STORE-0118,decline,14.1,2026-06-20
SIG-09107,PROD-01252,STORE-0151,spike,65.7,2026-08-16
SIG-09108,PROD-04810,STORE-0053,decline,26.5,2026-05-04
SIG-09109,PROD-02060,STORE-0366,spike,-10.5,2026-04-11
SIG-09110,PROD-04779,STORE-0335,seasonal,51.4,2026-02-27
SIG-09111,PROD-01869,STORE-0373,decline,9.5,2026-01-23
SIG-09112,PROD-04421,STORE-0415,seasonal,3.2,2026-08-15
SIG-09113,PROD-01767,STORE-0052,seasonal,24.2,2026-08-26
SIG-09114,PROD-02340,STORE-0121,spike,78.4,2026-07-28
SIG-09115,PROD-01513,STORE-0329,seasonal,59.5,2026-08-18
SIG-09116,PROD-00360,STORE-0276,seasonal,11.4,2026-03-16
SIG-09117,PROD-03306,STORE-0388,spike,29.1,2026-05-17
SIG-09118,PROD-01473,STORE-0081,seasonal,32.5,2026-03-28
SIG-09119,PROD-01921,STORE-0320,spike,-9.8,2026-06-05
SIG-09120,PROD-00091,STORE-0418,seasonal,-7.3,2026-05-25
SIG-09121,PROD-00284,STORE-0063,decline,68.5,2026-05-21
SIG-09122,PROD-04424,STORE-0352,seasonal,-10.8,2026-07-13
SIG-09123,PROD-04235,STORE-0330,seasonal,-19.1,2026-06-24
SIG-09124,PROD-03309,STORE-0200,spike,6.7,2026-02-14
SIG-09125,PROD-02668,STORE-0278,decline,-1.5,2026-07-02
SIG-09126,PROD-03718,STORE-0214,spike,-17.9,2026-01-16
SIG-09127,PROD-03554,STORE-0200,decline,60.0,2026-05-07
SIG-09128,PROD-03341,STORE-0223,seasonal,29.6,2026-07-16
SIG-09129,PROD-04751,STORE-0154,decline,63.7,2026-03-15
SIG-09130,PROD-00186,STORE-0260,spike,6.5,2026-01-22
SIG-09131,PROD-02961,STORE-0205,seasonal,66.7,2026-05-15
SIG-09132,PROD-03557,STORE-0003,decline,-39.6,2026-07-16
SIG-09133,PROD-03872,STORE-0261,spike,-31.1,2026-03-27
SIG-09134,PROD-02016,STORE-0478,spike,-14.3,2026-03-16
SIG-09135,PROD-00212,STORE-0493,decline,-3.4,2026-04-06
SIG-09136,PROD-00768,STORE-0178,spike,-29.7,2026-05-03
SIG-09137,PROD-01481,STORE-0352,decline,41.8,2026-07-03
SIG-09138,PROD-04560,STORE-0230,seasonal,10.9,2026-07-01
SIG-09139,PROD-03920,STORE-0238,spike,-16.3,2026-02-11
SIG-09140,PROD-04308,STORE-0204,spike,-36.1,2026-07-02
SIG-09141,PROD-03326,STORE-0489,decline,-35.9,2026-03-04
SIG-09142,PROD-00738,STORE-0235,spike,47.9,2026-07-15
SIG-09143,PROD-01107,STORE-0205,decline,35.5,2026-08-23
SIG-09144,PROD-01891,STORE-0190,seasonal,-15.9,2026-02-14
SIG-09145,PROD-03911,STORE-0163,decline,22.7,2026-05-13
SIG-09146,PROD-02310,STORE-0348,spike,67.6,2026-02-19
SIG-09147,PROD-02414,STORE-0087,spike,-13.1,2026-05-20
SIG-09148,PROD-03487,STORE-0289,spike,-16.4,2026-08-11
SIG-09149,PROD-02589,STORE-0109,decline,31.4,2026-02-17
SIG-09150,PROD-04727,STORE-0468,decline,-7.4,2026-08-09
SIG-09151,PROD-04010,STORE-0162,seasonal,59.6,2026-04-16
SIG-09152,PROD-00271,STORE-0406,seasonal,13.6,2026-04-27
SIG-09153,PROD-04821,STORE-0164,decline,17.1,2026-05-18
SIG-09154,PROD-04797,STORE-0339,spike,12.8,2026-05-03
SIG-09155,PROD-03180,STORE-0318,spike,37.2,2026-01-26
SIG-09156,PROD-00184,STORE-0214,spike,68.5,2026-04-21
SIG-09157,PROD-01337,STORE-0337,seasonal,30.4,2026-05-23
SIG-09158,PROD-00676,STORE-0153,decline,-29.7,2026-01-09
SIG-09159,PROD-03502,STORE-0100,seasonal,36.2,2026-06-02
SIG-09160,PROD-04948,STORE-0207,spike,49.7,2026-05-05
SIG-09161,PROD-03705,STORE-0478,decline,65.6,2026-02-16
SIG-09162,PROD-00904,STORE-0111,decline,31.7,2026-02-20
SIG-09163,PROD-04072,STORE-0066,seasonal,54.7,2026-05-01
SIG-09164,PROD-00748,STORE-0317,seasonal,-16.4,2026-08-16
SIG-09165,PROD-02441,STORE-0282,seasonal,58.9,2026-01-15
SIG-09166,PROD-04335,STORE-0376,decline,59.1,2026-07-16
SIG-09167,PROD-03441,STORE-0321,spike,38.6,2026-01-19
SIG-09168,PROD-03878,STORE-0054,spike,-16.1,2026-04-15
SIG-09169,PROD-04530,STORE-0330,decline,18.4,2026-07-16
SIG-09170,PROD-04743,STORE-0239,seasonal,65.2,2026-04-18
SIG-09171,PROD-03052,STORE-0117,spike,42.2,2026-02-04
SIG-09172,PROD-04515,STORE-0245,decline,17.6,2026-01-17
SIG-09173,PROD-02227,STORE-0160,seasonal,0.7,2026-02-13
SIG-09174,PROD-01274,STORE-0342,seasonal,55.2,2026-08-08
SIG-09175,PROD-02283,STORE-0489,seasonal,38.4,2026-02-07
SIG-09176,PROD-03925,STORE-0109,spike,8.8,2026-08-13
SIG-09177,PROD-03227,STORE-0391,seasonal,5.6,2026-05-27
SIG-09178,PROD-03284,STORE-0321,decline,-21.5,2026-08-18
SIG-09179,PROD-02353,STORE-0440,seasonal,5.7,2026-07-01
SIG-09180,PROD-01436,STORE-0074,seasonal,58.2,2026-05-03
SIG-09181,PROD-03536,STORE-0412,decline,-36.7,2026-04-05
SIG-09182,PROD-03126,STORE-0372,decline,47.0,2026-01-05
SIG-09183,PROD-03191,STORE-0289,decline,13.8,2026-05-11
SIG-09184,PROD-02299,STORE-0404,decline,46.6,2026-05-07
SIG-09185,PROD-04582,STORE-0097,decline,11.3,2026-02-07
SIG-09186,PROD-04245,STORE-0191,decline,-4.8,2026-06-08
SIG-09187,PROD-04913,STORE-0177,decline,40.9,2026-06-27
SIG-09188,PROD-01310,STORE-0168,decline,-29.9,2026-03-19
SIG-09189,PROD-00901,STORE-0417,seasonal,-8.8,2026-01-13
SIG-09190,PROD-04283,STORE-0349,seasonal,27.8,2026-05-19
SIG-09191,PROD-00203,STORE-0230,decline,39.9,2026-02-14
SIG-09192,PROD-04300,STORE-0403,decline,-18.6,2026-05-05
SIG-09193,PROD-00024,STORE-0430,spike,-38.1,2026-01-01
SIG-09194,PROD-04900,STORE-0271,seasonal,46.6,2026-03-17
SIG-09195,PROD-01737,STORE-0412,seasonal,16.9,2026-03-12
SIG-09196,PROD-03788,STORE-0380,spike,64.8,2026-02-26
SIG-09197,PROD-01728,STORE-0153,spike,57.8,2026-06-10
SIG-09198,PROD-03007,STORE-0306,decline,24.2,2026-01-19
SIG-09199,PROD-04332,STORE-0025,decline,53.6,2026-01-28
SIG-09200,PROD-03441,STORE-0488,decline,58.5,2026-01-01
SIG-09201,PROD-04082,STORE-0344,decline,5.8,2026-03-13
SIG-09202,PROD-00155,STORE-0178,seasonal,79.0,2026-04-02
SIG-09203,PROD-00946,STORE-0315,decline,67.8,2026-02-06
SIG-09204,PROD-02514,STORE-0493,seasonal,44.4,2026-08-18
SIG-09205,PROD-02458,STORE-0315,seasonal,-39.2,2026-02-06
SIG-09206,PROD-01989,STORE-0064,decline,-13.7,2026-05-17
SIG-09207,PROD-04883,STORE-0422,spike,8.8,2026-08-27
SIG-09208,PROD-01250,STORE-0463,seasonal,-3.5,2026-04-14
SIG-09209,PROD-04718,STORE-0493,decline,9.0,2026-07-14
SIG-09210,PROD-03840,STORE-0289,spike,57.9,2026-06-07
SIG-09211,PROD-01832,STORE-0288,seasonal,68.9,2026-07-03
SIG-09212,PROD-01073,STORE-0112,decline,8.1,2026-08-20
SIG-09213,PROD-01708,STORE-0353,decline,31.8,2026-07-03
SIG-09214,PROD-00455,STORE-0297,decline,49.4,2026-01-11
SIG-09215,PROD-00496,STORE-0471,seasonal,13.5,2026-08-26
SIG-09216,PROD-04521,STORE-0309,spike,55.0,2026-05-19
SIG-09217,PROD-04370,STORE-0339,seasonal,-10.6,2026-02-26
SIG-09218,PROD-02381,STORE-0363,seasonal,54.3,2026-03-04
SIG-09219,PROD-02739,STORE-0026,decline,10.5,2026-05-26
SIG-09220,PROD-00556,STORE-0253,seasonal,15.5,2026-01-15
SIG-09221,PROD-04436,STORE-0466,seasonal,28.7,2026-07-04
SIG-09222,PROD-03830,STORE-0092,decline,42.1,2026-08-01
SIG-09223,PROD-04775,STORE-0267,seasonal,-17.7,2026-04-01
SIG-09224,PROD-03780,STORE-0258,spike,19.0,2026-08-12
SIG-09225,PROD-01960,STORE-0410,spike,29.7,2026-01-10
SIG-09226,PROD-01463,STORE-0040,decline,-28.6,2026-06-22
SIG-09227,PROD-04373,STORE-0046,decline,75.8,2026-06-02
SIG-09228,PROD-02069,STORE-0229,decline,-7.8,2026-03-16
SIG-09229,PROD-02090,STORE-0476,decline,-12.8,2026-01-27
SIG-09230,PROD-03447,STORE-0142,decline,41.7,2026-03-17
SIG-09231,PROD-02550,STORE-0019,spike,14.2,2026-08-22
SIG-09232,PROD-04298,STORE-0473,seasonal,29.3,2026-06-19
SIG-09233,PROD-04429,STORE-0349,decline,-9.7,2026-03-11
SIG-09234,PROD-00896,STORE-0187,spike,51.4,2026-01-04
SIG-09235,PROD-03566,STORE-0172,seasonal,36.3,2026-06-04
SIG-09236,PROD-02728,STORE-0281,seasonal,42.4,2026-06-12
SIG-09237,PROD-02960,STORE-0375,seasonal,5.4,2026-01-15
SIG-09238,PROD-03352,STORE-0020,seasonal,17.3,2026-06-10
SIG-09239,PROD-02154,STORE-0107,spike,69.3,2026-07-15
SIG-09240,PROD-04183,STORE-0007,seasonal,8.6,2026-03-08
SIG-09241,PROD-02372,STORE-0142,decline,69.9,2026-05-07
SIG-09242,PROD-04032,STORE-0387,decline,37.8,2026-05-17
SIG-09243,PROD-04614,STORE-0392,decline,10.5,2026-04-25
SIG-09244,PROD-00711,STORE-0018,seasonal,44.1,2026-01-27
SIG-09245,PROD-02739,STORE-0180,decline,43.0,2026-06-09
SIG-09246,PROD-03234,STORE-0147,spike,47.5,2026-08-03
SIG-09247,PROD-00785,STORE-0304,decline,36.3,2026-01-02
SIG-09248,PROD-02766,STORE-0331,spike,-30.7,2026-01-19
SIG-09249,PROD-02750,STORE-0473,decline,44.1,2026-01-04
SIG-09250,PROD-02009,STORE-0213,decline,9.7,2026-05-20
SIG-09251,PROD-04380,STORE-0415,spike,58.0,2026-03-05
SIG-09252,PROD-04059,STORE-0311,decline,39.0,2026-07-14
SIG-09253,PROD-02196,STORE-0002,decline,63.9,2026-05-16
SIG-09254,PROD-00999,STORE-0309,decline,1.8,2026-07-19
SIG-09255,PROD-03295,STORE-0219,spike,9.3,2026-05-23
SIG-09256,PROD-02015,STORE-0376,decline,-32.8,2026-03-21
SIG-09257,PROD-02994,STORE-0201,seasonal,47.7,2026-06-22
SIG-09258,PROD-01844,STORE-0055,spike,27.7,2026-02-21
SIG-09259,PROD-02328,STORE-0335,decline,-16.7,2026-01-06
SIG-09260,PROD-04323,STORE-0201,spike,18.7,2026-04-01
SIG-09261,PROD-00626,STORE-0225,decline,32.9,2026-02-06
SIG-09262,PROD-04995,STORE-0046,seasonal,64.5,2026-01-20
SIG-09263,PROD-04026,STORE-0357,decline,47.1,2026-06-12
SIG-09264,PROD-02656,STORE-0097,seasonal,5.3,2026-01-06
SIG-09265,PROD-00466,STORE-0301,spike,25.0,2026-06-07
SIG-09266,PROD-01045,STORE-0331,spike,-20.9,2026-01-06
SIG-09267,PROD-04379,STORE-0287,spike,-32.4,2026-05-02
SIG-09268,PROD-02016,STORE-0076,spike,40.5,2026-05-10
SIG-09269,PROD-00817,STORE-0284,decline,19.2,2026-02-07
SIG-09270,PROD-02757,STORE-0468,decline,-31.9,2026-02-28
SIG-09271,PROD-03744,STORE-0301,seasonal,58.4,2026-01-22
SIG-09272,PROD-04906,STORE-0025,decline,-3.5,2026-02-08
SIG-09273,PROD-02012,STORE-0275,seasonal,78.9,2026-03-09
SIG-09274,PROD-00257,STORE-0371,seasonal,59.1,2026-07-25
SIG-09275,PROD-04902,STORE-0107,decline,43.0,2026-08-08
SIG-09276,PROD-02462,STORE-0338,spike,-7.8,2026-03-04
SIG-09277,PROD-03761,STORE-0171,seasonal,4.9,2026-06-19
SIG-09278,PROD-02476,STORE-0057,seasonal,-38.1,2026-01-09
SIG-09279,PROD-04071,STORE-0483,seasonal,-12.9,2026-02-21
SIG-09280,PROD-03487,STORE-0144,spike,57.2,2026-08-17
SIG-09281,PROD-03511,STORE-0292,decline,56.2,2026-07-09
SIG-09282,PROD-02746,STORE-0366,spike,36.2,2026-06-04
SIG-09283,PROD-02090,STORE-0331,decline,-0.2,2026-04-10
SIG-09284,PROD-02043,STORE-0195,decline,58.0,2026-01-22
SIG-09285,PROD-04628,STORE-0274,seasonal,64.8,2026-07-13
SIG-09286,PROD-04810,STORE-0465,spike,12.5,2026-08-14
SIG-09287,PROD-04695,STORE-0354,seasonal,-34.2,2026-01-08
SIG-09288,PROD-03511,STORE-0012,seasonal,-30.6,2026-03-09
SIG-09289,PROD-03133,STORE-0215,decline,19.4,2026-07-27
SIG-09290,PROD-01140,STORE-0234,spike,31.2,2026-05-16
SIG-09291,PROD-03359,STORE-0407,seasonal,46.9,2026-04-14
SIG-09292,PROD-03115,STORE-0330,spike,49.4,2026-01-24
SIG-09293,PROD-02454,STORE-0226,decline,18.9,2026-04-07
SIG-09294,PROD-04433,STORE-0364,decline,13.2,2026-03-15
SIG-09295,PROD-04911,STORE-0305,spike,-0.8,2026-01-08
SIG-09296,PROD-01659,STORE-0081,decline,52.9,2026-05-18
SIG-09297,PROD-03115,STORE-0148,spike,35.8,2026-01-28
SIG-09298,PROD-01251,STORE-0089,spike,-29.5,2026-06-23
SIG-09299,PROD-02362,STORE-0320,decline,67.6,2026-07-21
SIG-09300,PROD-01696,STORE-0217,decline,-5.1,2026-01-22
SIG-09301,PROD-00502,STORE-0323,seasonal,40.3,2026-05-25
SIG-09302,PROD-03617,STORE-0119,spike,8.2,2026-05-11
SIG-09303,PROD-03083,STORE-0487,seasonal,-4.7,2026-07-13
SIG-09304,PROD-02748,STORE-0220,decline,60.7,2026-07-04
SIG-09305,PROD-00857,STORE-0098,decline,61.2,2026-03-04
SIG-09306,PROD-00934,STORE-0155,seasonal,32.4,2026-05-07
SIG-09307,PROD-02894,STORE-0265,spike,69.9,2026-07-20
SIG-09308,PROD-02572,STORE-0241,spike,21.1,2026-03-20
SIG-09309,PROD-04516,STORE-0089,decline,32.2,2026-08-27
SIG-09310,PROD-03251,STORE-0462,decline,36.5,2026-01-05
SIG-09311,PROD-04780,STORE-0007,seasonal,-30.5,2026-01-11
SIG-09312,PROD-04984,STORE-0210,decline,74.5,2026-05-20
SIG-09313,PROD-00462,STORE-0462,spike,-8.6,2026-01-21
SIG-09314,PROD-02081,STORE-0006,seasonal,-22.6,2026-08-08
SIG-09315,PROD-00961,STORE-0388,seasonal,3.4,2026-08-07
SIG-09316,PROD-01182,STORE-0318,spike,5.7,2026-08-19
SIG-09317,PROD-04059,STORE-0385,spike,46.2,2026-05-05
SIG-09318,PROD-00334,STORE-0439,decline,8.5,2026-07-06
SIG-09319,PROD-04971,STORE-0201,decline,56.1,2026-03-21
SIG-09320,PROD-02309,STORE-0369,decline,-8.4,2026-02-20
SIG-09321,PROD-03893,STORE-0077,spike,36.0,2026-01-21
SIG-09322,PROD-02212,STORE-0286,decline,16.9,2026-07-13
SIG-09323,PROD-02989,STORE-0093,spike,65.5,2026-06-09
SIG-09324,PROD-02447,STORE-0331,seasonal,-5.2,2026-07-10
SIG-09325,PROD-02936,STORE-0170,decline,34.1,2026-03-25
SIG-09326,PROD-01969,STORE-0025,spike,-32.5,2026-03-05
SIG-09327,PROD-01139,STORE-0208,spike,-21.8,2026-02-21
SIG-09328,PROD-04125,STORE-0208,seasonal,25.8,2026-02-23
SIG-09329,PROD-00294,STORE-0291,seasonal,33.6,2026-02-20
SIG-09330,PROD-04541,STORE-0423,decline,-30.3,2026-02-28
SIG-09331,PROD-04636,STORE-0307,decline,49.6,2026-08-05
SIG-09332,PROD-02610,STORE-0447,seasonal,-24.4,2026-03-19
SIG-09333,PROD-01436,STORE-0381,decline,2.9,2026-03-08
SIG-09334,PROD-00025,STORE-0148,spike,10.0,2026-07-25
SIG-09335,PROD-00472,STORE-0127,seasonal,18.8,2026-02-16
SIG-09336,PROD-04103,STORE-0437,decline,19.0,2026-06-22
SIG-09337,PROD-00231,STORE-0101,decline,76.1,2026-07-12
SIG-09338,PROD-04901,STORE-0124,seasonal,-10.6,2026-04-05
SIG-09339,PROD-04398,STORE-0418,decline,75.5,2026-04-04
SIG-09340,PROD-01196,STORE-0328,decline,22.8,2026-03-21
SIG-09341,PROD-01502,STORE-0187,spike,66.4,2026-08-02
SIG-09342,PROD-03272,STORE-0058,seasonal,-18.0,2026-03-20
SIG-09343,PROD-01596,STORE-0405,decline,67.8,2026-07-09
SIG-09344,PROD-04214,STORE-0231,spike,10.6,2026-02-11
SIG-09345,PROD-01932,STORE-0082,spike,-15.2,2026-08-17
SIG-09346,PROD-01230,STORE-0039,seasonal,34.9,2026-06-28
SIG-09347,PROD-02086,STORE-0328,seasonal,5.2,2026-02-01
SIG-09348,PROD-00147,STORE-0227,decline,15.8,2026-08-28
SIG-09349,PROD-03318,STORE-0273,seasonal,54.8,2026-04-22
SIG-09350,PROD-04567,STORE-0237,spike,50.5,2026-01-06
SIG-09351,PROD-00701,STORE-0271,spike,2.1,2026-02-22
SIG-09352,PROD-02201,STORE-0270,spike,74.3,2026-07-10
SIG-09353,PROD-04663,STORE-0132,decline,11.7,2026-04-25
SIG-09354,PROD-04111,STORE-0314,spike,-15.4,2026-02-08
SIG-09355,PROD-03251,STORE-0468,spike,-18.2,2026-02-01
SIG-09356,PROD-03861,STORE-0390,decline,-16.7,2026-06-16
SIG-09357,PROD-00884,STORE-0262,decline,-33.5,2026-01-02
SIG-09358,PROD-02669,STORE-0278,seasonal,61.5,2026-02-06
SIG-09359,PROD-04253,STORE-0312,seasonal,-38.2,2026-06-13
SIG-09360,PROD-00443,STORE-0124,decline,79.4,2026-06-16
SIG-09361,PROD-03010,STORE-0496,decline,74.7,2026-06-07
SIG-09362,PROD-01871,STORE-0306,seasonal,-29.8,2026-08-27
SIG-09363,PROD-01633,STORE-0405,spike,54.5,2026-04-16
SIG-09364,PROD-03546,STORE-0355,spike,44.3,2026-06-22
SIG-09365,PROD-00981,STORE-0069,spike,65.7,2026-03-04
SIG-09366,PROD-02155,STORE-0080,seasonal,-21.9,2026-04-21
SIG-09367,PROD-02835,STORE-0120,spike,18.1,2026-02-08
SIG-09368,PROD-02142,STORE-0225,seasonal,-8.2,2026-03-13
SIG-09369,PROD-03053,STORE-0173,spike,-8.9,2026-03-10
SIG-09370,PROD-03744,STORE-0422,decline,39.2,2026-05-01
SIG-09371,PROD-00857,STORE-0494,seasonal,10.6,2026-06-02
SIG-09372,PROD-02277,STORE-0235,seasonal,59.5,2026-07-08
SIG-09373,PROD-01645,STORE-0009,seasonal,52.2,2026-05-23
SIG-09374,PROD-00800,STORE-0047,decline,-12.0,2026-08-13
SIG-09375,PROD-02415,STORE-0053,spike,2.8,2026-02-28
SIG-09376,PROD-01064,STORE-0439,seasonal,-24.3,2026-08-20
SIG-09377,PROD-04825,STORE-0279,seasonal,55.2,2026-06-06
SIG-09378,PROD-04268,STORE-0249,seasonal,-39.6,2026-07-03
SIG-09379,PROD-01342,STORE-0374,seasonal,-22.7,2026-08-17
SIG-09380,PROD-02704,STORE-0349,decline,1.4,2026-02-14
SIG-09381,PROD-00271,STORE-0046,seasonal,-16.4,2026-02-22
SIG-09382,PROD-01580,STORE-0348,decline,-16.0,2026-01-26
SIG-09383,PROD-02099,STORE-0497,spike,-19.9,2026-01-15
SIG-09384,PROD-02428,STORE-0059,spike,42.3,2026-07-13
SIG-09385,PROD-02358,STORE-0346,spike,-37.8,2026-07-26
SIG-09386,PROD-04442,STORE-0141,decline,57.5,2026-06-14
SIG-09387,PROD-03630,STORE-0381,spike,15.2,2026-02-04
SIG-09388,PROD-02386,STORE-0276,decline,-18.1,2026-01-27
SIG-09389,PROD-02697,STORE-0316,seasonal,2.8,2026-08-28
SIG-09390,PROD-03217,STORE-0111,seasonal,0.6,2026-05-16
SIG-09391,PROD-02866,STORE-0485,spike,19.1,2026-04-20
SIG-09392,PROD-03640,STORE-0321,spike,21.3,2026-07-27
SIG-09393,PROD-03133,STORE-0076,seasonal,60.8,2026-01-25
SIG-09394,PROD-03775,STORE-0477,decline,-21.9,2026-05-20
SIG-09395,PROD-04804,STORE-0004,seasonal,-27.4,2026-01-22
SIG-09396,PROD-04909,STORE-0398,decline,54.1,2026-07-15
SIG-09397,PROD-02263,STORE-0271,decline,37.6,2026-04-20
SIG-09398,PROD-04621,STORE-0196,spike,34.0,2026-04-11
SIG-09399,PROD-02862,STORE-0448,decline,-3.4,2026-05-09
SIG-09400,PROD-03733,STORE-0230,decline,54.4,2026-01-09
SIG-09401,PROD-02021,STORE-0394,spike,60.5,2026-07-04
SIG-09402,PROD-02350,STORE-0040,decline,53.6,2026-04-22
SIG-09403,PROD-01707,STORE-0057,spike,75.1,2026-06-20
SIG-09404,PROD-03116,STORE-0261,seasonal,73.6,2026-04-17
SIG-09405,PROD-02503,STORE-0340,seasonal,58.3,2026-04-10
SIG-09406,PROD-00979,STORE-0321,spike,41.9,2026-08-04
SIG-09407,PROD-03218,STORE-0352,spike,32.3,2026-07-22
SIG-09408,PROD-01443,STORE-0182,spike,-6.5,2026-08-12
SIG-09409,PROD-01762,STORE-0210,decline,27.0,2026-06-21
SIG-09410,PROD-03222,STORE-0178,decline,-38.1,2026-02-20
SIG-09411,PROD-04892,STORE-0105,seasonal,65.4,2026-05-08
SIG-09412,PROD-01440,STORE-0445,decline,9.7,2026-05-23
SIG-09413,PROD-02364,STORE-0137,spike,28.0,2026-03-04
SIG-09414,PROD-00943,STORE-0417,seasonal,-15.5,2026-07-22
SIG-09415,PROD-01709,STORE-0388,seasonal,-28.4,2026-06-18
SIG-09416,PROD-02707,STORE-0088,seasonal,17.6,2026-08-12
SIG-09417,PROD-04553,STORE-0233,spike,-21.9,2026-05-02
SIG-09418,PROD-02873,STORE-0131,spike,34.9,2026-01-15
SIG-09419,PROD-00076,STORE-0344,spike,-23.0,2026-03-28
SIG-09420,PROD-04799,STORE-0318,spike,27.6,2026-08-02
SIG-09421,PROD-02848,STORE-0172,spike,79.1,2026-04-01
SIG-09422,PROD-04638,STORE-0022,decline,75.3,2026-06-11
SIG-09423,PROD-00423,STORE-0172,seasonal,67.8,2026-03-22
SIG-09424,PROD-03638,STORE-0383,decline,50.5,2026-04-12
SIG-09425,PROD-02509,STORE-0376,seasonal,43.5,2026-07-20
SIG-09426,PROD-02984,STORE-0025,spike,9.4,2026-07-07
SIG-09427,PROD-04981,STORE-0172,seasonal,64.8,2026-02-23
SIG-09428,PROD-04885,STORE-0140,spike,-0.2,2026-05-17
SIG-09429,PROD-03369,STORE-0103,seasonal,37.2,2026-05-25
SIG-09430,PROD-02649,STORE-0350,seasonal,-15.5,2026-04-24
SIG-09431,PROD-01711,STORE-0430,decline,69.7,2026-02-25
SIG-09432,PROD-01038,STORE-0099,seasonal,5.2,2026-08-08
SIG-09433,PROD-00071,STORE-0060,spike,-11.7,2026-04-28
SIG-09434,PROD-04930,STORE-0293,seasonal,18.7,2026-04-16
SIG-09435,PROD-02016,STORE-0424,spike,65.5,2026-08-09
SIG-09436,PROD-03130,STORE-0042,spike,32.1,2026-05-01
SIG-09437,PROD-00231,STORE-0121,decline,65.3,2026-04-12
SIG-09438,PROD-00349,STORE-0482,spike,-17.9,2026-01-10
SIG-09439,PROD-02310,STORE-0078,decline,32.1,2026-04-28
SIG-09440,PROD-02426,STORE-0266,decline,22.6,2026-05-20
SIG-09441,PROD-01128,STORE-0498,seasonal,49.5,2026-03-22
SIG-09442,PROD-01120,STORE-0097,decline,47.6,2026-01-06
SIG-09443,PROD-01744,STORE-0237,decline,-36.0,2026-03-07
SIG-09444,PROD-02182,STORE-0480,decline,-8.7,2026-04-14
SIG-09445,PROD-03462,STORE-0300,seasonal,12.4,2026-08-17
SIG-09446,PROD-02835,STORE-0080,decline,-8.1,2026-06-10
SIG-09447,PROD-04203,STORE-0248,seasonal,3.6,2026-03-04
SIG-09448,PROD-00114,STORE-0338,spike,59.9,2026-07-11
SIG-09449,PROD-04027,STORE-0249,spike,4.2,2026-06-05
SIG-09450,PROD-01764,STORE-0125,decline,21.6,2026-03-16
SIG-09451,PROD-04841,STORE-0327,spike,2.1,2026-04-27
SIG-09452,PROD-01450,STORE-0250,seasonal,34.2,2026-04-11
SIG-09453,PROD-02903,STORE-0385,seasonal,21.6,2026-04-04
SIG-09454,PROD-01828,STORE-0085,seasonal,79.1,2026-02-21
SIG-09455,PROD-04103,STORE-0028,seasonal,40.6,2026-04-16
SIG-09456,PROD-01303,STORE-0231,decline,26.9,2026-01-25
SIG-09457,PROD-03481,STORE-0477,spike,-9.4,2026-02-08
SIG-09458,PROD-02676,STORE-0376,spike,-0.5,2026-07-12
SIG-09459,PROD-01774,STORE-0273,spike,-0.7,2026-08-04
SIG-09460,PROD-03218,STORE-0024,seasonal,41.0,2026-07-10
SIG-09461,PROD-00636,STORE-0089,seasonal,-23.4,2026-08-20
SIG-09462,PROD-00073,STORE-0076,spike,22.4,2026-01-22
SIG-09463,PROD-02146,STORE-0256,seasonal,20.4,2026-07-07
SIG-09464,PROD-02648,STORE-0406,spike,57.8,2026-02-22
SIG-09465,PROD-00161,STORE-0366,decline,5.5,2026-01-03
SIG-09466,PROD-00578,STORE-0216,spike,42.2,2026-01-15
SIG-09467,PROD-01229,STORE-0143,seasonal,-27.7,2026-08-14
SIG-09468,PROD-02188,STORE-0080,decline,77.6,2026-04-26
SIG-09469,PROD-02452,STORE-0161,decline,69.6,2026-05-16
SIG-09470,PROD-04162,STORE-0093,decline,2.9,2026-02-12
SIG-09471,PROD-02605,STORE-0233,spike,57.5,2026-04-15
SIG-09472,PROD-04647,STORE-0474,seasonal,30.3,2026-03-16
SIG-09473,PROD-02596,STORE-0040,spike,-9.8,2026-07-04
SIG-09474,PROD-02669,STORE-0263,spike,-23.2,2026-02-01
SIG-09475,PROD-01150,STORE-0171,decline,37.3,2026-02-06
SIG-09476,PROD-04443,STORE-0145,seasonal,7.8,2026-02-22
SIG-09477,PROD-03198,STORE-0296,decline,-23.3,2026-02-20
SIG-09478,PROD-03275,STORE-0071,spike,-33.2,2026-06-11
SIG-09479,PROD-04704,STORE-0392,spike,-32.7,2026-08-22
SIG-09480,PROD-04110,STORE-0067,spike,17.1,2026-03-07
SIG-09481,PROD-01434,STORE-0097,decline,-6.6,2026-03-10
SIG-09482,PROD-02163,STORE-0485,seasonal,20.6,2026-05-23
SIG-09483,PROD-03492,STORE-0390,seasonal,-37.6,2026-07-01
SIG-09484,PROD-03686,STORE-0052,seasonal,-16.9,2026-02-16
SIG-09485,PROD-00770,STORE-0363,spike,63.0,2026-07-24
SIG-09486,PROD-05000,STORE-0002,spike,-26.3,2026-07-02
SIG-09487,PROD-04496,STORE-0212,spike,43.9,2026-07-26
SIG-09488,PROD-04192,STORE-0181,spike,14.6,2026-06-02
SIG-09489,PROD-02455,STORE-0015,seasonal,-0.1,2026-02-16
SIG-09490,PROD-01790,STORE-0487,spike,71.0,2026-04-03
SIG-09491,PROD-03008,STORE-0248,spike,-34.1,2026-07-11
SIG-09492,PROD-04784,STORE-0248,seasonal,-38.6,2026-01-26
SIG-09493,PROD-04996,STORE-0266,spike,-4.2,2026-08-22
SIG-09494,PROD-00871,STORE-0271,decline,-25.0,2026-02-06
SIG-09495,PROD-00081,STORE-0470,seasonal,-25.8,2026-04-06
SIG-09496,PROD-00261,STORE-0089,spike,3.5,2026-07-24
SIG-09497,PROD-00353,STORE-0467,spike,57.5,2026-03-09
SIG-09498,PROD-00489,STORE-0212,seasonal,77.2,2026-03-09
SIG-09499,PROD-03180,STORE-0113,spike,13.8,2026-06-04
SIG-09500,PROD-04226,STORE-0332,seasonal,-30.6,2026-04-03
SIG-09501,PROD-04334,STORE-0190,decline,-30.4,2026-02-07
SIG-09502,PROD-00491,STORE-0182,decline,-38.0,2026-05-19
SIG-09503,PROD-03508,STORE-0219,seasonal,-34.7,2026-05-25
SIG-09504,PROD-03237,STORE-0095,seasonal,-6.4,2026-05-17
SIG-09505,PROD-03528,STORE-0428,decline,62.2,2026-02-19
SIG-09506,PROD-01601,STORE-0382,seasonal,56.9,2026-03-13
SIG-09507,PROD-01451,STORE-0280,decline,-0.7,2026-04-20
SIG-09508,PROD-02915,STORE-0192,seasonal,71.4,2026-01-04
SIG-09509,PROD-00057,STORE-0429,decline,5.2,2026-01-17
SIG-09510,PROD-01615,STORE-0488,seasonal,25.7,2026-01-24
SIG-09511,PROD-01301,STORE-0355,spike,35.1,2026-03-05
SIG-09512,PROD-04411,STORE-0085,decline,2.2,2026-05-01
SIG-09513,PROD-03649,STORE-0170,seasonal,-28.1,2026-01-18
SIG-09514,PROD-00584,STORE-0326,seasonal,-17.0,2026-05-26
SIG-09515,PROD-04026,STORE-0251,decline,13.6,2026-07-23
SIG-09516,PROD-03408,STORE-0268,seasonal,56.6,2026-07-15
SIG-09517,PROD-02399,STORE-0148,spike,33.0,2026-01-05
SIG-09518,PROD-01222,STORE-0401,decline,41.4,2026-03-16
SIG-09519,PROD-03435,STORE-0301,decline,47.1,2026-05-12
SIG-09520,PROD-02275,STORE-0440,seasonal,34.1,2026-06-03
SIG-09521,PROD-02473,STORE-0460,decline,-19.4,2026-02-06
SIG-09522,PROD-03814,STORE-0387,seasonal,41.3,2026-01-27
SIG-09523,PROD-03539,STORE-0323,decline,59.3,2026-06-27
SIG-09524,PROD-03739,STORE-0397,decline,28.9,2026-04-07
SIG-09525,PROD-02562,STORE-0448,decline,73.8,2026-05-09
SIG-09526,PROD-02949,STORE-0074,decline,-17.0,2026-01-14
SIG-09527,PROD-02553,STORE-0016,seasonal,-26.5,2026-07-22
SIG-09528,PROD-03654,STORE-0391,decline,60.2,2026-02-14
SIG-09529,PROD-01315,STORE-0249,spike,5.3,2026-04-11
SIG-09530,PROD-00567,STORE-0423,decline,10.3,2026-07-11
SIG-09531,PROD-03137,STORE-0487,spike,-36.2,2026-02-20
SIG-09532,PROD-01477,STORE-0033,spike,-14.2,2026-08-19
SIG-09533,PROD-00957,STORE-0282,decline,50.3,2026-01-19
SIG-09534,PROD-02062,STORE-0208,spike,58.8,2026-08-23
SIG-09535,PROD-01988,STORE-0459,spike,1.8,2026-04-04
SIG-09536,PROD-02448,STORE-0391,spike,36.3,2026-03-19
SIG-09537,PROD-01847,STORE-0176,decline,-26.3,2026-05-23
SIG-09538,PROD-02202,STORE-0175,seasonal,31.1,2026-02-23
SIG-09539,PROD-01241,STORE-0432,spike,-19.0,2026-04-11
SIG-09540,PROD-04621,STORE-0457,decline,-5.0,2026-05-06
SIG-09541,PROD-04468,STORE-0346,seasonal,-2.5,2026-08-21
SIG-09542,PROD-04381,STORE-0319,seasonal,28.5,2026-01-25
SIG-09543,PROD-01796,STORE-0446,spike,30.1,2026-07-23
SIG-09544,PROD-01810,STORE-0144,seasonal,61.4,2026-07-14
SIG-09545,PROD-00506,STORE-0157,spike,-25.1,2026-05-22
SIG-09546,PROD-03669,STORE-0136,decline,41.6,2026-07-09
SIG-09547,PROD-02873,STORE-0113,decline,6.0,2026-02-08
SIG-09548,PROD-03045,STORE-0040,decline,-5.9,2026-03-10
SIG-09549,PROD-01259,STORE-0196,seasonal,12.1,2026-07-24
SIG-09550,PROD-00990,STORE-0306,decline,34.5,2026-06-15
SIG-09551,PROD-00042,STORE-0458,spike,11.6,2026-01-21
SIG-09552,PROD-04951,STORE-0032,seasonal,55.9,2026-06-11
SIG-09553,PROD-03659,STORE-0291,decline,46.3,2026-04-13
SIG-09554,PROD-03855,STORE-0308,spike,26.8,2026-03-01
SIG-09555,PROD-01969,STORE-0305,decline,44.2,2026-04-06
SIG-09556,PROD-01978,STORE-0041,spike,53.8,2026-04-21
SIG-09557,PROD-03558,STORE-0176,spike,67.5,2026-06-20
SIG-09558,PROD-00661,STORE-0019,seasonal,59.5,2026-07-09
SIG-09559,PROD-04001,STORE-0011,spike,28.2,2026-04-14
SIG-09560,PROD-00277,STORE-0425,decline,-15.8,2026-05-10
SIG-09561,PROD-00132,STORE-0065,seasonal,-10.3,2026-01-08
SIG-09562,PROD-02313,STORE-0457,seasonal,-25.5,2026-07-15
SIG-09563,PROD-03090,STORE-0104,spike,19.9,2026-05-05
SIG-09564,PROD-03620,STORE-0101,spike,-20.1,2026-04-18
SIG-09565,PROD-03121,STORE-0343,decline,54.9,2026-04-17
SIG-09566,PROD-04794,STORE-0416,decline,2.3,2026-05-24
SIG-09567,PROD-02087,STORE-0149,spike,16.1,2026-01-17
SIG-09568,PROD-03169,STORE-0155,decline,-2.4,2026-02-08
SIG-09569,PROD-01277,STORE-0282,seasonal,42.1,2026-02-19
SIG-09570,PROD-04774,STORE-0457,seasonal,30.0,2026-03-12
SIG-09571,PROD-02161,STORE-0420,spike,43.1,2026-07-23
SIG-09572,PROD-00662,STORE-0413,spike,75.1,2026-08-06
SIG-09573,PROD-01965,STORE-0500,seasonal,-34.5,2026-08-18
SIG-09574,PROD-03639,STORE-0412,spike,62.5,2026-01-23
SIG-09575,PROD-01053,STORE-0195,decline,70.0,2026-03-25
SIG-09576,PROD-03605,STORE-0456,decline,-1.8,2026-02-03
SIG-09577,PROD-04310,STORE-0292,decline,18.4,2026-08-27
SIG-09578,PROD-00516,STORE-0385,decline,61.8,2026-04-09
SIG-09579,PROD-03618,STORE-0227,spike,46.4,2026-06-13
SIG-09580,PROD-00066,STORE-0395,spike,-12.2,2026-08-02
SIG-09581,PROD-02603,STORE-0095,seasonal,48.6,2026-08-22
SIG-09582,PROD-00899,STORE-0309,decline,55.2,2026-04-06
SIG-09583,PROD-00016,STORE-0488,decline,53.5,2026-02-09
SIG-09584,PROD-03492,STORE-0432,spike,36.0,2026-07-04
SIG-09585,PROD-00436,STORE-0178,spike,15.2,2026-03-24
SIG-09586,PROD-00212,STORE-0233,decline,-15.4,2026-08-24
SIG-09587,PROD-00505,STORE-0277,decline,-15.2,2026-02-06
SIG-09588,PROD-03671,STORE-0297,decline,62.5,2026-06-27
SIG-09589,PROD-01792,STORE-0242,decline,-20.3,2026-05-11
SIG-09590,PROD-03711,STORE-0417,seasonal,13.0,2026-06-22
SIG-09591,PROD-04419,STORE-0487,decline,24.7,2026-06-18
SIG-09592,PROD-01248,STORE-0107,decline,0.9,2026-05-16
SIG-09593,PROD-02451,STORE-0238,seasonal,-5.2,2026-08-16
SIG-09594,PROD-03004,STORE-0274,seasonal,13.7,2026-04-02
SIG-09595,PROD-00222,STORE-0105,decline,44.1,2026-07-07
SIG-09596,PROD-02086,STORE-0154,spike,65.0,2026-08-23
SIG-09597,PROD-04441,STORE-0450,decline,-26.3,2026-07-17
SIG-09598,PROD-03275,STORE-0461,decline,71.2,2026-02-01
SIG-09599,PROD-01871,STORE-0052,seasonal,22.2,2026-05-20
SIG-09600,PROD-01608,STORE-0460,decline,63.9,2026-04-14
SIG-09601,PROD-04113,STORE-0080,decline,70.0,2026-07-09
SIG-09602,PROD-04356,STORE-0135,spike,54.5,2026-05-23
SIG-09603,PROD-04185,STORE-0438,seasonal,52.6,2026-01-11
SIG-09604,PROD-04439,STORE-0275,spike,14.1,2026-08-14
SIG-09605,PROD-00528,STORE-0139,seasonal,-11.0,2026-07-11
SIG-09606,PROD-04782,STORE-0333,seasonal,-7.8,2026-02-11
SIG-09607,PROD-04849,STORE-0098,seasonal,76.9,2026-06-14
SIG-09608,PROD-02405,STORE-0385,spike,-37.3,2026-03-12
SIG-09609,PROD-01795,STORE-0198,decline,46.1,2026-07-07
SIG-09610,PROD-01138,STORE-0091,decline,40.4,2026-01-10
SIG-09611,PROD-03751,STORE-0403,seasonal,59.7,2026-08-05
SIG-09612,PROD-02219,STORE-0363,seasonal,44.1,2026-05-28
SIG-09613,PROD-02869,STORE-0363,decline,44.6,2026-07-13
SIG-09614,PROD-02518,STORE-0113,spike,-23.2,2026-03-10
SIG-09615,PROD-00073,STORE-0346,seasonal,64.8,2026-03-07
SIG-09616,PROD-02925,STORE-0215,decline,65.4,2026-05-03
SIG-09617,PROD-04723,STORE-0475,decline,-4.8,2026-08-01
SIG-09618,PROD-02095,STORE-0271,spike,-5.3,2026-02-16
SIG-09619,PROD-03440,STORE-0490,spike,23.7,2026-07-10
SIG-09620,PROD-04007,STORE-0217,seasonal,54.0,2026-03-08
SIG-09621,PROD-00550,STORE-0184,spike,61.8,2026-04-20
SIG-09622,PROD-01978,STORE-0134,spike,-9.9,2026-03-03
SIG-09623,PROD-03149,STORE-0123,spike,11.9,2026-06-14
SIG-09624,PROD-00182,STORE-0296,seasonal,-2.4,2026-06-12
SIG-09625,PROD-01350,STORE-0150,decline,23.6,2026-01-15
SIG-09626,PROD-00160,STORE-0495,decline,-25.2,2026-05-21
SIG-09627,PROD-01287,STORE-0340,spike,18.5,2026-05-28
SIG-09628,PROD-04679,STORE-0099,decline,66.4,2026-05-08
SIG-09629,PROD-02759,STORE-0270,spike,-24.2,2026-07-02
SIG-09630,PROD-01757,STORE-0366,seasonal,0.2,2026-06-20
SIG-09631,PROD-04298,STORE-0203,decline,67.7,2026-04-26
SIG-09632,PROD-02617,STORE-0104,decline,-25.0,2026-07-09
SIG-09633,PROD-00147,STORE-0184,spike,-2.6,2026-02-06
SIG-09634,PROD-01487,STORE-0255,seasonal,44.8,2026-01-06
SIG-09635,PROD-00432,STORE-0377,seasonal,59.8,2026-07-07
SIG-09636,PROD-02506,STORE-0166,spike,-36.0,2026-04-21
SIG-09637,PROD-00485,STORE-0131,decline,5.7,2026-03-27
SIG-09638,PROD-01924,STORE-0073,seasonal,-26.4,2026-04-25
SIG-09639,PROD-03113,STORE-0321,spike,-36.0,2026-07-14
SIG-09640,PROD-00921,STORE-0205,seasonal,28.2,2026-05-17
SIG-09641,PROD-00649,STORE-0157,seasonal,-0.9,2026-05-20
SIG-09642,PROD-02745,STORE-0497,decline,68.0,2026-07-08
SIG-09643,PROD-02599,STORE-0068,spike,61.0,2026-03-09
SIG-09644,PROD-03507,STORE-0368,decline,63.2,2026-05-04
SIG-09645,PROD-04573,STORE-0111,spike,-36.6,2026-03-02
SIG-09646,PROD-03393,STORE-0228,decline,25.7,2026-07-25
SIG-09647,PROD-01815,STORE-0091,decline,63.7,2026-06-13
SIG-09648,PROD-00307,STORE-0178,decline,35.8,2026-07-10
SIG-09649,PROD-00761,STORE-0062,spike,16.1,2026-03-17
SIG-09650,PROD-01205,STORE-0255,decline,78.4,2026-02-23
SIG-09651,PROD-02447,STORE-0140,spike,60.9,2026-07-20
SIG-09652,PROD-01918,STORE-0381,decline,52.2,2026-05-13
SIG-09653,PROD-02505,STORE-0421,seasonal,-10.2,2026-08-24
SIG-09654,PROD-02544,STORE-0484,spike,5.6,2026-06-06
SIG-09655,PROD-03745,STORE-0245,decline,57.5,2026-05-28
SIG-09656,PROD-03619,STORE-0360,seasonal,21.4,2026-06-03
SIG-09657,PROD-02707,STORE-0085,decline,-3.7,2026-04-02
SIG-09658,PROD-03404,STORE-0080,spike,-15.3,2026-02-03
SIG-09659,PROD-01941,STORE-0180,spike,57.1,2026-07-02
SIG-09660,PROD-01658,STORE-0357,decline,16.4,2026-08-05
SIG-09661,PROD-02509,STORE-0403,decline,48.0,2026-05-26
SIG-09662,PROD-04584,STORE-0064,spike,-13.6,2026-06-14
SIG-09663,PROD-01157,STORE-0169,spike,25.3,2026-08-14
SIG-09664,PROD-04063,STORE-0357,spike,45.2,2026-07-26
SIG-09665,PROD-03601,STORE-0146,decline,31.8,2026-08-04
SIG-09666,PROD-01893,STORE-0279,seasonal,34.9,2026-01-28
SIG-09667,PROD-04004,STORE-0260,decline,55.3,2026-02-28
SIG-09668,PROD-00636,STORE-0130,spike,23.8,2026-06-05
SIG-09669,PROD-03027,STORE-0466,seasonal,36.2,2026-06-13
SIG-09670,PROD-03045,STORE-0435,spike,-12.9,2026-08-24
SIG-09671,PROD-04191,STORE-0448,spike,28.5,2026-06-20
SIG-09672,PROD-00580,STORE-0485,seasonal,24.4,2026-07-24
SIG-09673,PROD-01503,STORE-0018,decline,39.0,2026-07-07
SIG-09674,PROD-04901,STORE-0187,seasonal,71.8,2026-01-15
SIG-09675,PROD-02371,STORE-0228,seasonal,20.3,2026-01-02
SIG-09676,PROD-04882,STORE-0412,seasonal,20.3,2026-05-03
SIG-09677,PROD-04022,STORE-0029,spike,-22.1,2026-02-25
SIG-09678,PROD-03849,STORE-0191,decline,64.5,2026-03-17
SIG-09679,PROD-03658,STORE-0030,decline,61.2,2026-08-01
SIG-09680,PROD-02655,STORE-0127,spike,25.1,2026-01-11
SIG-09681,PROD-04724,STORE-0047,spike,76.9,2026-07-11
SIG-09682,PROD-02946,STORE-0371,seasonal,-6.6,2026-08-14
SIG-09683,PROD-04259,STORE-0355,decline,-1.7,2026-05-09
SIG-09684,PROD-03209,STORE-0242,decline,16.9,2026-05-10
SIG-09685,PROD-00468,STORE-0191,spike,66.6,2026-08-23
SIG-09686,PROD-00339,STORE-0305,spike,29.7,2026-08-07
SIG-09687,PROD-00524,STORE-0229,spike,16.8,2026-01-08
SIG-09688,PROD-00936,STORE-0366,decline,47.9,2026-05-21
SIG-09689,PROD-01127,STORE-0499,seasonal,75.2,2026-02-19
SIG-09690,PROD-03352,STORE-0345,seasonal,-23.1,2026-02-01
SIG-09691,PROD-01195,STORE-0096,seasonal,16.8,2026-01-07
SIG-09692,PROD-04058,STORE-0401,decline,-22.9,2026-03-02
SIG-09693,PROD-00003,STORE-0185,seasonal,-25.9,2026-06-14
SIG-09694,PROD-03765,STORE-0377,seasonal,55.6,2026-06-06
SIG-09695,PROD-03127,STORE-0093,seasonal,19.0,2026-02-24
SIG-09696,PROD-00259,STORE-0180,spike,30.5,2026-04-17
SIG-09697,PROD-03320,STORE-0158,decline,67.9,2026-05-03
SIG-09698,PROD-02801,STORE-0102,decline,28.4,2026-02-21
SIG-09699,PROD-01092,STORE-0264,spike,38.9,2026-06-15
SIG-09700,PROD-03937,STORE-0210,decline,59.4,2026-07-21
SIG-09701,PROD-00866,STORE-0102,seasonal,30.9,2026-06-21
SIG-09702,PROD-01805,STORE-0384,seasonal,73.3,2026-05-09
SIG-09703,PROD-04320,STORE-0370,spike,42.7,2026-03-23
SIG-09704,PROD-02537,STORE-0428,decline,-2.2,2026-01-21
SIG-09705,PROD-03912,STORE-0417,seasonal,66.7,2026-04-16
SIG-09706,PROD-02730,STORE-0056,seasonal,-31.3,2026-01-11
SIG-09707,PROD-01165,STORE-0282,decline,66.4,2026-08-05
SIG-09708,PROD-03715,STORE-0443,spike,46.2,2026-05-27
SIG-09709,PROD-04836,STORE-0379,seasonal,59.5,2026-05-17
SIG-09710,PROD-04877,STORE-0123,spike,62.1,2026-03-07
SIG-09711,PROD-03144,STORE-0137,spike,60.3,2026-05-06
SIG-09712,PROD-03421,STORE-0190,spike,3.6,2026-07-12
SIG-09713,PROD-02994,STORE-0182,decline,-9.1,2026-02-20
SIG-09714,PROD-00013,STORE-0306,spike,-1.6,2026-04-05
SIG-09715,PROD-03097,STORE-0374,seasonal,67.5,2026-07-20
SIG-09716,PROD-02946,STORE-0212,spike,36.5,2026-01-18
SIG-09717,PROD-03753,STORE-0128,seasonal,53.0,2026-07-04
SIG-09718,PROD-04956,STORE-0302,spike,7.4,2026-01-04
SIG-09719,PROD-01908,STORE-0003,decline,33.8,2026-08-19
SIG-09720,PROD-02493,STORE-0058,decline,-38.2,2026-08-01
SIG-09721,PROD-02800,STORE-0144,decline,36.3,2026-05-13
SIG-09722,PROD-00830,STORE-0422,decline,-10.3,2026-02-12
SIG-09723,PROD-01819,STORE-0295,seasonal,46.8,2026-03-13
SIG-09724,PROD-02149,STORE-0119,spike,-38.5,2026-05-23
SIG-09725,PROD-01424,STORE-0138,seasonal,6.1,2026-02-11
SIG-09726,PROD-03220,STORE-0175,seasonal,-27.7,2026-04-15
SIG-09727,PROD-04223,STORE-0179,spike,24.5,2026-05-13
SIG-09728,PROD-00414,STORE-0318,seasonal,71.7,2026-05-12
SIG-09729,PROD-02912,STORE-0005,spike,-10.0,2026-03-15
SIG-09730,PROD-03619,STORE-0456,spike,-0.2,2026-01-12
SIG-09731,PROD-04814,STORE-0067,spike,27.1,2026-06-23
SIG-09732,PROD-04304,STORE-0035,seasonal,27.1,2026-06-01
SIG-09733,PROD-00226,STORE-0244,decline,-18.7,2026-04-28
SIG-09734,PROD-03985,STORE-0215,decline,18.1,2026-07-05
SIG-09735,PROD-04614,STORE-0147,spike,10.1,2026-02-04
SIG-09736,PROD-04358,STORE-0237,seasonal,75.1,2026-01-14
SIG-09737,PROD-01091,STORE-0437,spike,-14.4,2026-06-12
SIG-09738,PROD-00065,STORE-0372,spike,33.0,2026-01-28
SIG-09739,PROD-03341,STORE-0493,decline,49.4,2026-05-02
SIG-09740,PROD-04002,STORE-0255,decline,-24.0,2026-03-12
SIG-09741,PROD-01944,STORE-0232,seasonal,7.2,2026-06-23
SIG-09742,PROD-04841,STORE-0307,decline,-4.6,2026-04-20
SIG-09743,PROD-03352,STORE-0277,seasonal,8.0,2026-06-05
SIG-09744,PROD-02360,STORE-0402,decline,19.7,2026-03-17
SIG-09745,PROD-04837,STORE-0057,seasonal,71.2,2026-08-16
SIG-09746,PROD-02677,STORE-0292,spike,50.1,2026-06-03
SIG-09747,PROD-03182,STORE-0483,spike,45.8,2026-01-20
SIG-09748,PROD-02828,STORE-0329,decline,22.9,2026-05-26
SIG-09749,PROD-04915,STORE-0250,spike,-31.5,2026-01-09
SIG-09750,PROD-02129,STORE-0325,decline,-30.1,2026-07-09
SIG-09751,PROD-01485,STORE-0090,spike,10.8,2026-08-02
SIG-09752,PROD-03879,STORE-0068,spike,-4.7,2026-05-11
SIG-09753,PROD-04442,STORE-0497,seasonal,64.5,2026-08-05
SIG-09754,PROD-03736,STORE-0233,seasonal,6.2,2026-02-25
SIG-09755,PROD-04510,STORE-0014,decline,-37.4,2026-04-12
SIG-09756,PROD-01468,STORE-0325,spike,66.9,2026-08-13
SIG-09757,PROD-02950,STORE-0080,seasonal,10.6,2026-08-25
SIG-09758,PROD-00387,STORE-0417,decline,31.0,2026-02-03
SIG-09759,PROD-03977,STORE-0052,spike,7.2,2026-01-28
SIG-09760,PROD-02016,STORE-0032,decline,-14.3,2026-07-24
SIG-09761,PROD-04001,STORE-0457,decline,2.1,2026-08-15
SIG-09762,PROD-03223,STORE-0449,spike,51.4,2026-01-02
SIG-09763,PROD-01533,STORE-0274,decline,-26.2,2026-02-05
SIG-09764,PROD-04219,STORE-0217,spike,-0.3,2026-05-16
SIG-09765,PROD-04954,STORE-0108,seasonal,5.2,2026-08-24
SIG-09766,PROD-02707,STORE-0362,seasonal,39.5,2026-03-17
SIG-09767,PROD-00321,STORE-0277,spike,-15.7,2026-08-28
SIG-09768,PROD-02474,STORE-0038,decline,19.3,2026-04-24
SIG-09769,PROD-01997,STORE-0492,seasonal,32.2,2026-07-18
SIG-09770,PROD-04941,STORE-0185,seasonal,7.9,2026-03-23
SIG-09771,PROD-04337,STORE-0313,seasonal,61.0,2026-01-27
SIG-09772,PROD-04622,STORE-0048,spike,-7.6,2026-01-19
SIG-09773,PROD-02801,STORE-0335,seasonal,5.2,2026-02-12
SIG-09774,PROD-04198,STORE-0025,spike,-3.2,2026-04-15
SIG-09775,PROD-04190,STORE-0440,decline,42.1,2026-04-03
SIG-09776,PROD-03468,STORE-0112,spike,73.4,2026-02-07
SIG-09777,PROD-00312,STORE-0476,spike,18.1,2026-02-15
SIG-09778,PROD-01046,STORE-0153,seasonal,-38.6,2026-06-05
SIG-09779,PROD-00447,STORE-0406,spike,-26.8,2026-02-04
SIG-09780,PROD-01541,STORE-0328,spike,5.6,2026-04-15
SIG-09781,PROD-01303,STORE-0100,spike,46.5,2026-06-26
SIG-09782,PROD-03479,STORE-0037,seasonal,11.2,2026-08-19
SIG-09783,PROD-04538,STORE-0059,seasonal,37.3,2026-07-17
SIG-09784,PROD-04489,STORE-0116,seasonal,57.8,2026-02-03
SIG-09785,PROD-02106,STORE-0307,seasonal,53.6,2026-03-19
SIG-09786,PROD-04051,STORE-0273,spike,65.4,2026-07-13
SIG-09787,PROD-03840,STORE-0108,spike,-23.5,2026-01-04
SIG-09788,PROD-02206,STORE-0028,decline,35.2,2026-04-07
SIG-09789,PROD-01138,STORE-0415,seasonal,65.6,2026-06-16
SIG-09790,PROD-04749,STORE-0370,decline,55.5,2026-05-05
SIG-09791,PROD-02367,STORE-0479,seasonal,-21.3,2026-07-17
SIG-09792,PROD-03386,STORE-0500,spike,77.2,2026-02-27
SIG-09793,PROD-02540,STORE-0010,spike,73.1,2026-05-17
SIG-09794,PROD-04755,STORE-0397,spike,77.6,2026-01-03
SIG-09795,PROD-03271,STORE-0019,spike,65.1,2026-01-28
SIG-09796,PROD-01998,STORE-0024,seasonal,57.4,2026-02-11
SIG-09797,PROD-03731,STORE-0281,seasonal,35.0,2026-03-02
SIG-09798,PROD-00584,STORE-0270,seasonal,51.4,2026-07-11
SIG-09799,PROD-03752,STORE-0078,decline,22.3,2026-07-19
SIG-09800,PROD-00695,STORE-0343,decline,78.7,2026-03-27
SIG-09801,PROD-00383,STORE-0381,seasonal,7.5,2026-06-09
SIG-09802,PROD-00521,STORE-0386,seasonal,26.5,2026-06-23
SIG-09803,PROD-04601,STORE-0294,decline,-11.8,2026-08-08
SIG-09804,PROD-03467,STORE-0022,seasonal,-39.6,2026-03-10
SIG-09805,PROD-03243,STORE-0486,spike,13.7,2026-05-12
SIG-09806,PROD-00229,STORE-0034,seasonal,41.1,2026-05-27
SIG-09807,PROD-04744,STORE-0022,decline,18.6,2026-07-22
SIG-09808,PROD-01273,STORE-0325,seasonal,48.4,2026-03-03
SIG-09809,PROD-04769,STORE-0335,decline,37.4,2026-08-13
SIG-09810,PROD-01124,STORE-0142,seasonal,78.1,2026-08-03
SIG-09811,PROD-02186,STORE-0078,spike,30.6,2026-02-12
SIG-09812,PROD-01517,STORE-0088,spike,53.1,2026-02-20
SIG-09813,PROD-02871,STORE-0397,spike,-15.9,2026-01-18
SIG-09814,PROD-00547,STORE-0421,seasonal,23.1,2026-08-10
SIG-09815,PROD-01461,STORE-0162,spike,1.4,2026-04-15
SIG-09816,PROD-00071,STORE-0156,decline,72.3,2026-02-23
SIG-09817,PROD-00941,STORE-0125,spike,10.8,2026-01-18
SIG-09818,PROD-01072,STORE-0358,seasonal,46.8,2026-04-21
SIG-09819,PROD-01486,STORE-0214,decline,21.6,2026-02-16
SIG-09820,PROD-01286,STORE-0393,seasonal,33.3,2026-03-09
SIG-09821,PROD-04555,STORE-0317,spike,-3.8,2026-05-13
SIG-09822,PROD-02418,STORE-0011,seasonal,69.5,2026-04-15
SIG-09823,PROD-00415,STORE-0323,decline,4.4,2026-08-23
SIG-09824,PROD-03766,STORE-0175,seasonal,9.0,2026-05-06
SIG-09825,PROD-00091,STORE-0055,seasonal,-11.0,2026-05-24
SIG-09826,PROD-00186,STORE-0404,spike,-2.7,2026-03-11
SIG-09827,PROD-02072,STORE-0102,seasonal,75.3,2026-03-16
SIG-09828,PROD-04755,STORE-0432,seasonal,47.1,2026-08-13
SIG-09829,PROD-04321,STORE-0045,seasonal,78.7,2026-01-04
SIG-09830,PROD-02394,STORE-0434,decline,24.5,2026-02-28
SIG-09831,PROD-01013,STORE-0382,seasonal,8.9,2026-01-12
SIG-09832,PROD-02602,STORE-0118,spike,8.7,2026-02-10
SIG-09833,PROD-00676,STORE-0408,seasonal,74.1,2026-03-20
SIG-09834,PROD-02698,STORE-0356,seasonal,-6.1,2026-01-13
SIG-09835,PROD-02469,STORE-0341,seasonal,64.0,2026-07-19
SIG-09836,PROD-03492,STORE-0064,seasonal,33.3,2026-05-20
SIG-09837,PROD-04312,STORE-0223,spike,5.9,2026-05-04
SIG-09838,PROD-02723,STORE-0160,spike,27.3,2026-08-27
SIG-09839,PROD-03414,STORE-0106,decline,-7.5,2026-03-20
SIG-09840,PROD-03753,STORE-0165,spike,-0.5,2026-01-24
SIG-09841,PROD-00007,STORE-0277,spike,40.6,2026-05-04
SIG-09842,PROD-02755,STORE-0205,decline,-20.7,2026-05-06
SIG-09843,PROD-00904,STORE-0481,spike,44.3,2026-07-27
SIG-09844,PROD-00141,STORE-0453,spike,69.1,2026-04-06
SIG-09845,PROD-03364,STORE-0362,seasonal,46.5,2026-08-02
SIG-09846,PROD-03765,STORE-0422,decline,11.4,2026-04-25
SIG-09847,PROD-02860,STORE-0075,decline,2.6,2026-01-22
SIG-09848,PROD-02711,STORE-0301,decline,27.4,2026-01-02
SIG-09849,PROD-02602,STORE-0485,spike,55.1,2026-03-10
SIG-09850,PROD-01489,STORE-0476,decline,-26.7,2026-01-21
SIG-09851,PROD-04680,STORE-0303,seasonal,62.0,2026-02-19
SIG-09852,PROD-02638,STORE-0355,spike,-18.2,2026-03-25
SIG-09853,PROD-04074,STORE-0256,decline,48.3,2026-01-28
SIG-09854,PROD-04741,STORE-0213,seasonal,-4.2,2026-03-04
SIG-09855,PROD-01165,STORE-0311,seasonal,-6.9,2026-02-03
SIG-09856,PROD-02414,STORE-0357,seasonal,-30.1,2026-05-01
SIG-09857,PROD-02187,STORE-0467,decline,-35.1,2026-03-16
SIG-09858,PROD-00470,STORE-0247,seasonal,-6.4,2026-03-05
SIG-09859,PROD-02831,STORE-0372,spike,27.0,2026-05-12
SIG-09860,PROD-01679,STORE-0060,spike,2.8,2026-02-26
SIG-09861,PROD-03032,STORE-0463,decline,-9.9,2026-01-03
SIG-09862,PROD-04134,STORE-0302,decline,68.9,2026-04-12
SIG-09863,PROD-00984,STORE-0079,seasonal,50.0,2026-03-03
SIG-09864,PROD-01558,STORE-0372,spike,-31.6,2026-08-08
SIG-09865,PROD-03391,STORE-0403,decline,52.5,2026-04-27
SIG-09866,PROD-02130,STORE-0190,spike,44.3,2026-01-08
SIG-09867,PROD-03370,STORE-0351,seasonal,58.4,2026-04-24
SIG-09868,PROD-03244,STORE-0252,decline,54.8,2026-02-13
SIG-09869,PROD-00048,STORE-0476,spike,50.6,2026-03-05
SIG-09870,PROD-04368,STORE-0108,spike,52.7,2026-08-17
SIG-09871,PROD-04206,STORE-0044,decline,39.1,2026-03-11
SIG-09872,PROD-03004,STORE-0023,spike,-24.0,2026-05-23
SIG-09873,PROD-03328,STORE-0391,seasonal,78.2,2026-06-21
SIG-09874,PROD-02817,STORE-0055,seasonal,-13.2,2026-06-23
SIG-09875,PROD-01935,STORE-0109,seasonal,45.0,2026-04-21
SIG-09876,PROD-04260,STORE-0051,spike,-5.4,2026-07-24
SIG-09877,PROD-00151,STORE-0143,decline,26.7,2026-02-20
SIG-09878,PROD-02985,STORE-0165,decline,-21.3,2026-01-09
SIG-09879,PROD-01973,STORE-0102,seasonal,-13.7,2026-06-22
SIG-09880,PROD-04868,STORE-0210,decline,1.1,2026-01-14
SIG-09881,PROD-01531,STORE-0175,decline,11.9,2026-04-16
SIG-09882,PROD-00932,STORE-0205,seasonal,43.3,2026-05-24
SIG-09883,PROD-04954,STORE-0441,decline,32.2,2026-05-14
SIG-09884,PROD-03310,STORE-0432,seasonal,41.2,2026-02-02
SIG-09885,PROD-04391,STORE-0142,spike,58.8,2026-05-21
SIG-09886,PROD-00476,STORE-0196,decline,19.7,2026-08-25
SIG-09887,PROD-02839,STORE-0333,decline,-0.3,2026-03-25
SIG-09888,PROD-00055,STORE-0310,spike,-28.5,2026-01-13
SIG-09889,PROD-01357,STORE-0250,seasonal,20.5,2026-02-24
SIG-09890,PROD-00365,STORE-0270,decline,-24.7,2026-03-13
SIG-09891,PROD-00734,STORE-0312,spike,64.9,2026-07-03
SIG-09892,PROD-00053,STORE-0188,decline,59.1,2026-05-11
SIG-09893,PROD-04961,STORE-0083,spike,36.1,2026-04-26
SIG-09894,PROD-04142,STORE-0469,spike,12.7,2026-04-03
SIG-09895,PROD-04830,STORE-0078,decline,65.7,2026-08-20
SIG-09896,PROD-00858,STORE-0370,decline,70.2,2026-07-25
SIG-09897,PROD-01956,STORE-0455,spike,-37.5,2026-05-25
SIG-09898,PROD-00598,STORE-0304,decline,58.5,2026-07-23
SIG-09899,PROD-02135,STORE-0255,spike,15.6,2026-08-19
SIG-09900,PROD-04233,STORE-0043,decline,26.4,2026-01-06
SIG-09901,PROD-04953,STORE-0065,spike,39.4,2026-04-21
SIG-09902,PROD-04681,STORE-0047,spike,74.4,2026-05-26
SIG-09903,PROD-03296,STORE-0270,seasonal,-6.7,2026-06-16
SIG-09904,PROD-02897,STORE-0115,spike,-39.7,2026-03-20
SIG-09905,PROD-02595,STORE-0025,decline,-39.9,2026-05-18
SIG-09906,PROD-02193,STORE-0457,spike,66.6,2026-04-14
SIG-09907,PROD-00065,STORE-0242,spike,24.2,2026-07-15
SIG-09908,PROD-01846,STORE-0166,decline,70.8,2026-04-11
SIG-09909,PROD-04926,STORE-0428,spike,-36.3,2026-01-23
SIG-09910,PROD-03016,STORE-0336,decline,-0.2,2026-07-28
SIG-09911,PROD-03039,STORE-0226,decline,-3.0,2026-07-10
SIG-09912,PROD-03033,STORE-0141,spike,51.7,2026-04-14
SIG-09913,PROD-04595,STORE-0127,decline,-17.9,2026-02-03
SIG-09914,PROD-01725,STORE-0201,decline,-11.2,2026-01-11
SIG-09915,PROD-04261,STORE-0042,spike,56.6,2026-07-10
SIG-09916,PROD-03810,STORE-0014,decline,8.4,2026-04-21
SIG-09917,PROD-01791,STORE-0355,spike,-13.7,2026-08-14
SIG-09918,PROD-01277,STORE-0351,spike,26.3,2026-07-19
SIG-09919,PROD-04083,STORE-0408,spike,-5.6,2026-01-12
SIG-09920,PROD-00435,STORE-0183,spike,-3.4,2026-05-17
SIG-09921,PROD-00079,STORE-0301,spike,11.3,2026-05-28
SIG-09922,PROD-04982,STORE-0056,decline,62.7,2026-06-16
SIG-09923,PROD-03431,STORE-0137,spike,40.8,2026-07-21
SIG-09924,PROD-04600,STORE-0069,spike,-25.4,2026-04-23
SIG-09925,PROD-04825,STORE-0275,spike,-39.0,2026-03-16
SIG-09926,PROD-02101,STORE-0083,seasonal,-24.9,2026-02-12
SIG-09927,PROD-03622,STORE-0317,seasonal,61.0,2026-01-05
SIG-09928,PROD-02862,STORE-0166,seasonal,28.9,2026-03-03
SIG-09929,PROD-02819,STORE-0119,decline,25.5,2026-01-16
SIG-09930,PROD-04125,STORE-0290,decline,78.9,2026-06-06
SIG-09931,PROD-01850,STORE-0287,spike,52.0,2026-08-15
SIG-09932,PROD-04443,STORE-0324,spike,29.7,2026-03-26
SIG-09933,PROD-00028,STORE-0265,seasonal,-36.0,2026-07-08
SIG-09934,PROD-00012,STORE-0245,seasonal,-9.4,2026-08-25
SIG-09935,PROD-00268,STORE-0281,decline,67.0,2026-01-16
SIG-09936,PROD-00356,STORE-0138,spike,39.6,2026-06-09
SIG-09937,PROD-04645,STORE-0194,seasonal,33.7,2026-06-13
SIG-09938,PROD-02973,STORE-0252,spike,12.6,2026-01-05
SIG-09939,PROD-00438,STORE-0054,decline,-38.4,2026-04-18
SIG-09940,PROD-04679,STORE-0032,decline,24.5,2026-04-09
SIG-09941,PROD-00969,STORE-0437,seasonal,-5.1,2026-01-09
SIG-09942,PROD-04950,STORE-0429,decline,10.7,2026-08-15
SIG-09943,PROD-02332,STORE-0312,spike,-36.0,2026-06-15
SIG-09944,PROD-01589,STORE-0092,spike,43.3,2026-04-21
SIG-09945,PROD-02323,STORE-0176,seasonal,0.3,2026-06-25
SIG-09946,PROD-00381,STORE-0304,decline,3.3,2026-01-22
SIG-09947,PROD-00257,STORE-0231,spike,23.7,2026-01-02
SIG-09948,PROD-01725,STORE-0028,spike,13.6,2026-07-01
SIG-09949,PROD-03974,STORE-0016,decline,-37.2,2026-05-25
SIG-09950,PROD-02955,STORE-0107,spike,18.8,2026-04-10
SIG-09951,PROD-01311,STORE-0117,seasonal,53.4,2026-07-25
SIG-09952,PROD-00539,STORE-0309,spike,27.5,2026-08-12
SIG-09953,PROD-00502,STORE-0158,spike,-33.3,2026-05-22
SIG-09954,PROD-03651,STORE-0493,spike,67.5,2026-01-11
SIG-09955,PROD-03231,STORE-0051,seasonal,48.0,2026-08-26
SIG-09956,PROD-02891,STORE-0171,seasonal,-3.8,2026-02-15
SIG-09957,PROD-00425,STORE-0197,spike,37.3,2026-07-03
SIG-09958,PROD-04443,STORE-0323,spike,62.1,2026-01-14
SIG-09959,PROD-03041,STORE-0205,decline,-33.4,2026-08-22
SIG-09960,PROD-03892,STORE-0351,decline,61.1,2026-04-07
SIG-09961,PROD-00858,STORE-0300,decline,-22.8,2026-08-07
SIG-09962,PROD-02035,STORE-0136,seasonal,13.5,2026-07-25
SIG-09963,PROD-00982,STORE-0093,spike,0.9,2026-01-26
SIG-09964,PROD-04590,STORE-0431,spike,-10.8,2026-03-23
SIG-09965,PROD-00689,STORE-0100,decline,-12.2,2026-08-03
SIG-09966,PROD-02171,STORE-0315,seasonal,32.4,2026-07-12
SIG-09967,PROD-03109,STORE-0197,spike,53.3,2026-04-27
SIG-09968,PROD-02103,STORE-0327,seasonal,34.3,2026-02-14
SIG-09969,PROD-02087,STORE-0479,spike,-34.8,2026-05-10
SIG-09970,PROD-04932,STORE-0421,seasonal,-24.8,2026-03-28
SIG-09971,PROD-03525,STORE-0157,seasonal,-12.7,2026-06-24
SIG-09972,PROD-00655,STORE-0440,seasonal,26.8,2026-01-23
SIG-09973,PROD-02317,STORE-0087,seasonal,-38.1,2026-05-18
SIG-09974,PROD-03321,STORE-0020,seasonal,-12.6,2026-07-11
SIG-09975,PROD-01029,STORE-0317,decline,79.8,2026-01-04
SIG-09976,PROD-00362,STORE-0311,decline,31.6,2026-05-18
SIG-09977,PROD-02271,STORE-0048,decline,43.5,2026-07-22
SIG-09978,PROD-02300,STORE-0042,seasonal,-16.3,2026-02-22
SIG-09979,PROD-02340,STORE-0185,spike,34.2,2026-08-26
SIG-09980,PROD-01799,STORE-0381,decline,-25.9,2026-02-26
SIG-09981,PROD-03560,STORE-0170,seasonal,53.1,2026-02-21
SIG-09982,PROD-02716,STORE-0300,seasonal,43.6,2026-05-05
SIG-09983,PROD-00709,STORE-0074,spike,4.1,2026-05-12
SIG-09984,PROD-00729,STORE-0022,spike,13.1,2026-01-03
SIG-09985,PROD-01527,STORE-0100,spike,-35.9,2026-04-09
SIG-09986,PROD-00288,STORE-0476,decline,43.7,2026-02-21
SIG-09987,PROD-01670,STORE-0303,spike,-29.4,2026-08-07
SIG-09988,PROD-03650,STORE-0208,seasonal,-20.4,2026-04-22
SIG-09989,PROD-02717,STORE-0283,seasonal,78.4,2026-05-27
SIG-09990,PROD-03266,STORE-0442,decline,-18.3,2026-04-07
SIG-09991,PROD-03444,STORE-0103,decline,1.0,2026-07-05
SIG-09992,PROD-04899,STORE-0289,decline,12.1,2026-02-25
SIG-09993,PROD-01058,STORE-0182,spike,74.7,2026-07-01
SIG-09994,PROD-03825,STORE-0225,decline,-19.7,2026-07-13
SIG-09995,PROD-00043,STORE-0220,seasonal,26.3,2026-03-16
SIG-09996,PROD-00221,STORE-0197,decline,46.7,2026-02-26
SIG-09997,PROD-04623,STORE-0494,spike,40.5,2026-01-03
SIG-09998,PROD-03101,STORE-0388,decline,13.9,2026-05-26
SIG-09999,PROD-04248,STORE-0247,seasonal,34.9,2026-04-19
SIG-10000,PROD-01526,STORE-0011,seasonal,57.3,2026-08-18
SIG-10001,PROD-02533,STORE-0346,seasonal,15.6,2026-07-14
SIG-10002,PROD-01994,STORE-0433,spike,-15.8,2026-01-28
SIG-10003,PROD-00434,STORE-0121,spike,-23.7,2026-02-25
SIG-10004,PROD-00083,STORE-0212,spike,39.8,2026-03-25
SIG-10005,PROD-04025,STORE-0100,spike,39.3,2026-05-07
SIG-10006,PROD-02164,STORE-0091,decline,62.9,2026-05-09
SIG-10007,PROD-01763,STORE-0242,decline,15.5,2026-04-09
SIG-10008,PROD-02250,STORE-0155,seasonal,63.6,2026-06-23
SIG-10009,PROD-00808,STORE-0349,spike,18.6,2026-03-10
SIG-10010,PROD-04806,STORE-0280,seasonal,52.2,2026-03-01
SIG-10011,PROD-00418,STORE-0128,seasonal,66.0,2026-02-19
SIG-10012,PROD-02570,STORE-0265,decline,-28.8,2026-06-26
SIG-10013,PROD-02412,STORE-0479,seasonal,39.6,2026-03-19
SIG-10014,PROD-01305,STORE-0422,spike,-34.8,2026-05-15
SIG-10015,PROD-03067,STORE-0430,spike,-8.3,2026-07-22
SIG-10016,PROD-04181,STORE-0477,spike,-15.4,2026-03-02
SIG-10017,PROD-01996,STORE-0158,seasonal,20.2,2026-08-18
SIG-10018,PROD-00751,STORE-0065,decline,65.3,2026-04-08
SIG-10019,PROD-02355,STORE-0489,spike,-39.2,2026-07-17
SIG-10020,PROD-03280,STORE-0493,decline,79.4,2026-05-04
SIG-10021,PROD-00521,STORE-0281,spike,-24.6,2026-01-12
SIG-10022,PROD-00508,STORE-0185,spike,12.6,2026-03-06
SIG-10023,PROD-04367,STORE-0278,spike,72.4,2026-04-06
SIG-10024,PROD-02235,STORE-0154,seasonal,-22.1,2026-05-16
SIG-10025,PROD-01022,STORE-0041,decline,58.4,2026-08-08
SIG-10026,PROD-00516,STORE-0406,decline,32.4,2026-05-10
SIG-10027,PROD-01683,STORE-0441,spike,-33.9,2026-01-22
SIG-10028,PROD-02234,STORE-0044,decline,-9.9,2026-04-25
SIG-10029,PROD-01824,STORE-0158,seasonal,28.6,2026-04-26
SIG-10030,PROD-02473,STORE-0045,decline,60.0,2026-01-05
SIG-10031,PROD-01156,STORE-0028,seasonal,10.1,2026-01-12
SIG-10032,PROD-02756,STORE-0448,decline,48.0,2026-06-23
SIG-10033,PROD-03351,STORE-0343,spike,-11.7,2026-01-16
SIG-10034,PROD-04904,STORE-0191,seasonal,-3.2,2026-02-27
SIG-10035,PROD-00463,STORE-0276,spike,-38.8,2026-01-02
SIG-10036,PROD-00960,STORE-0215,seasonal,39.4,2026-06-02
SIG-10037,PROD-03940,STORE-0479,decline,25.7,2026-06-10
SIG-10038,PROD-01371,STORE-0363,spike,24.5,2026-05-14
SIG-10039,PROD-01172,STORE-0462,decline,41.4,2026-07-19
SIG-10040,PROD-03314,STORE-0139,decline,24.6,2026-01-26
SIG-10041,PROD-03126,STORE-0134,decline,16.6,2026-08-19
SIG-10042,PROD-03010,STORE-0279,spike,74.3,2026-04-21
SIG-10043,PROD-01444,STORE-0492,decline,71.7,2026-01-26
SIG-10044,PROD-00003,STORE-0357,decline,-4.2,2026-08-11
SIG-10045,PROD-04613,STORE-0393,decline,78.2,2026-02-11
SIG-10046,PROD-00683,STORE-0063,seasonal,-14.5,2026-07-04
SIG-10047,PROD-03895,STORE-0042,spike,23.8,2026-07-18
SIG-10048,PROD-03093,STORE-0132,spike,78.8,2026-02-15
SIG-10049,PROD-03374,STORE-0459,seasonal,77.5,2026-08-16
SIG-10050,PROD-01092,STORE-0426,seasonal,-28.2,2026-01-06
SIG-10051,PROD-03605,STORE-0233,seasonal,60.0,2026-03-09
SIG-10052,PROD-02977,STORE-0363,seasonal,-1.8,2026-04-03
SIG-10053,PROD-01478,STORE-0127,spike,34.8,2026-08-08
SIG-10054,PROD-04151,STORE-0207,seasonal,-19.7,2026-07-22
SIG-10055,PROD-04388,STORE-0288,seasonal,-18.4,2026-06-20
SIG-10056,PROD-02242,STORE-0170,decline,64.5,2026-03-26
SIG-10057,PROD-04521,STORE-0351,spike,67.2,2026-06-15
SIG-10058,PROD-02353,STORE-0436,decline,32.5,2026-02-04
SIG-10059,PROD-02243,STORE-0065,spike,35.1,2026-02-06
SIG-10060,PROD-04827,STORE-0487,seasonal,76.7,2026-04-26
SIG-10061,PROD-02997,STORE-0282,spike,-26.1,2026-06-21
SIG-10062,PROD-02148,STORE-0266,spike,65.4,2026-04-08
SIG-10063,PROD-00415,STORE-0353,decline,58.1,2026-08-18
SIG-10064,PROD-03049,STORE-0440,decline,79.8,2026-05-27
SIG-10065,PROD-02179,STORE-0369,seasonal,-20.2,2026-02-07
SIG-10066,PROD-03266,STORE-0209,spike,-6.2,2026-03-06
SIG-10067,PROD-00398,STORE-0496,seasonal,-3.9,2026-02-06
SIG-10068,PROD-00946,STORE-0125,spike,72.6,2026-01-06
SIG-10069,PROD-00144,STORE-0065,decline,39.2,2026-05-28
SIG-10070,PROD-02114,STORE-0373,seasonal,24.7,2026-01-12
SIG-10071,PROD-00435,STORE-0427,seasonal,-14.4,2026-07-11
SIG-10072,PROD-01628,STORE-0394,spike,19.7,2026-06-03
SIG-10073,PROD-04824,STORE-0449,decline,61.7,2026-07-23
SIG-10074,PROD-04699,STORE-0290,spike,55.8,2026-08-11
SIG-10075,PROD-04608,STORE-0116,decline,-40.0,2026-02-16
SIG-10076,PROD-03190,STORE-0355,seasonal,52.5,2026-03-03
SIG-10077,PROD-01348,STORE-0397,spike,7.3,2026-08-05
SIG-10078,PROD-01732,STORE-0314,seasonal,-16.1,2026-08-21
SIG-10079,PROD-02689,STORE-0229,seasonal,29.8,2026-07-21
SIG-10080,PROD-04154,STORE-0189,spike,44.2,2026-02-28
SIG-10081,PROD-03151,STORE-0152,spike,62.5,2026-03-14
SIG-10082,PROD-04401,STORE-0362,decline,-7.4,2026-01-09
SIG-10083,PROD-02230,STORE-0152,decline,-0.6,2026-06-24
SIG-10084,PROD-02398,STORE-0447,seasonal,36.8,2026-08-27
SIG-10085,PROD-01508,STORE-0027,seasonal,-15.1,2026-07-18
SIG-10086,PROD-04977,STORE-0246,seasonal,17.9,2026-07-17
SIG-10087,PROD-01600,STORE-0355,decline,57.1,2026-01-16
SIG-10088,PROD-02817,STORE-0438,decline,-14.7,2026-01-10
SIG-10089,PROD-01350,STORE-0455,seasonal,-22.3,2026-06-01
SIG-10090,PROD-00218,STORE-0206,seasonal,53.8,2026-03-13
SIG-10091,PROD-01185,STORE-0344,spike,36.5,2026-08-10
SIG-10092,PROD-01051,STORE-0428,decline,38.5,2026-06-19
SIG-10093,PROD-01307,STORE-0173,seasonal,53.1,2026-08-09
SIG-10094,PROD-00885,STORE-0370,spike,-18.7,2026-04-24
SIG-10095,PROD-00383,STORE-0403,spike,77.9,2026-04-28
SIG-10096,PROD-00309,STORE-0315,spike,-16.8,2026-07-08
SIG-10097,PROD-00420,STORE-0225,seasonal,-20.3,2026-07-13
SIG-10098,PROD-00948,STORE-0194,decline,43.8,2026-07-05
SIG-10099,PROD-02213,STORE-0022,decline,4.4,2026-04-23
SIG-10100,PROD-01085,STORE-0372,spike,69.6,2026-08-02
SIG-10101,PROD-00877,STORE-0009,decline,50.2,2026-05-13
SIG-10102,PROD-03715,STORE-0283,seasonal,-37.6,2026-06-11
SIG-10103,PROD-02363,STORE-0137,seasonal,25.5,2026-03-18
SIG-10104,PROD-00599,STORE-0274,decline,-18.9,2026-06-12
SIG-10105,PROD-01933,STORE-0157,spike,-18.0,2026-02-09
SIG-10106,PROD-04283,STORE-0265,seasonal,-36.0,2026-01-11
SIG-10107,PROD-04090,STORE-0485,decline,66.2,2026-02-03
SIG-10108,PROD-03591,STORE-0359,seasonal,61.0,2026-07-17
SIG-10109,PROD-00690,STORE-0348,decline,29.0,2026-01-26
SIG-10110,PROD-00596,STORE-0103,seasonal,64.7,2026-08-20
SIG-10111,PROD-03695,STORE-0028,seasonal,-29.3,2026-08-18
SIG-10112,PROD-01078,STORE-0449,spike,40.7,2026-01-05
SIG-10113,PROD-03182,STORE-0351,spike,-14.5,2026-01-10
SIG-10114,PROD-00265,STORE-0135,seasonal,43.1,2026-03-02
SIG-10115,PROD-02628,STORE-0237,seasonal,50.3,2026-06-08
SIG-10116,PROD-02579,STORE-0200,decline,-29.7,2026-08-13
SIG-10117,PROD-02339,STORE-0308,spike,14.7,2026-01-20
SIG-10118,PROD-03923,STORE-0256,spike,35.5,2026-02-09
SIG-10119,PROD-03730,STORE-0143,seasonal,33.4,2026-02-11
SIG-10120,PROD-01939,STORE-0210,decline,46.7,2026-04-03
SIG-10121,PROD-02070,STORE-0069,spike,-11.2,2026-06-26
SIG-10122,PROD-04910,STORE-0028,spike,16.1,2026-04-25
SIG-10123,PROD-01138,STORE-0311,decline,-3.6,2026-01-04
SIG-10124,PROD-04981,STORE-0173,spike,-2.9,2026-06-02
SIG-10125,PROD-04921,STORE-0147,decline,-13.1,2026-06-19
SIG-10126,PROD-03087,STORE-0099,spike,-7.4,2026-06-21
SIG-10127,PROD-02140,STORE-0344,decline,43.2,2026-07-20
SIG-10128,PROD-02743,STORE-0400,decline,-29.0,2026-08-24
SIG-10129,PROD-01822,STORE-0054,seasonal,18.1,2026-05-08
SIG-10130,PROD-00930,STORE-0285,decline,57.6,2026-07-02
SIG-10131,PROD-02190,STORE-0105,seasonal,72.2,2026-05-06
SIG-10132,PROD-04821,STORE-0307,spike,51.4,2026-07-06
SIG-10133,PROD-01729,STORE-0417,decline,64.4,2026-03-21
SIG-10134,PROD-03556,STORE-0345,spike,74.4,2026-02-02
SIG-10135,PROD-02922,STORE-0236,decline,-12.8,2026-05-01
SIG-10136,PROD-04888,STORE-0019,seasonal,19.6,2026-01-04
SIG-10137,PROD-01222,STORE-0341,decline,59.7,2026-03-05
SIG-10138,PROD-01898,STORE-0305,spike,65.4,2026-03-18
SIG-10139,PROD-00023,STORE-0355,decline,53.2,2026-06-14
SIG-10140,PROD-00030,STORE-0073,spike,-31.6,2026-07-14
SIG-10141,PROD-00041,STORE-0431,spike,42.6,2026-03-10
SIG-10142,PROD-02784,STORE-0038,seasonal,54.3,2026-05-28
SIG-10143,PROD-02414,STORE-0461,decline,76.7,2026-07-15
SIG-10144,PROD-00800,STORE-0215,decline,74.4,2026-04-12
SIG-10145,PROD-01748,STORE-0234,seasonal,-3.8,2026-07-16
SIG-10146,PROD-01414,STORE-0350,seasonal,-21.3,2026-05-12
SIG-10147,PROD-02271,STORE-0201,decline,-29.8,2026-05-03
SIG-10148,PROD-04351,STORE-0235,decline,29.9,2026-04-12
SIG-10149,PROD-03270,STORE-0478,decline,24.6,2026-02-16
SIG-10150,PROD-04150,STORE-0225,seasonal,58.4,2026-03-08
SIG-10151,PROD-04454,STORE-0325,spike,62.0,2026-06-21
SIG-10152,PROD-04873,STORE-0445,seasonal,-23.8,2026-02-18
SIG-10153,PROD-01335,STORE-0154,spike,-26.2,2026-04-06
SIG-10154,PROD-00191,STORE-0332,spike,-5.7,2026-01-16
SIG-10155,PROD-04751,STORE-0116,spike,36.2,2026-05-10
SIG-10156,PROD-00392,STORE-0229,seasonal,13.0,2026-06-06
SIG-10157,PROD-04642,STORE-0091,spike,53.2,2026-04-18
SIG-10158,PROD-02329,STORE-0431,decline,37.5,2026-04-01
SIG-10159,PROD-03831,STORE-0442,seasonal,50.8,2026-06-23
SIG-10160,PROD-03528,STORE-0059,decline,-11.5,2026-08-14
SIG-10161,PROD-02468,STORE-0407,seasonal,9.3,2026-07-25
SIG-10162,PROD-01789,STORE-0236,spike,-18.1,2026-02-22
SIG-10163,PROD-04012,STORE-0346,spike,-8.5,2026-04-17
SIG-10164,PROD-01570,STORE-0375,decline,22.5,2026-03-17
SIG-10165,PROD-03570,STORE-0217,spike,10.1,2026-02-17
SIG-10166,PROD-01888,STORE-0062,spike,-12.1,2026-04-20
SIG-10167,PROD-00136,STORE-0219,decline,41.8,2026-01-02
SIG-10168,PROD-03260,STORE-0348,seasonal,72.8,2026-07-11
SIG-10169,PROD-01160,STORE-0023,spike,35.2,2026-07-20
SIG-10170,PROD-02004,STORE-0166,seasonal,50.1,2026-02-07
SIG-10171,PROD-00145,STORE-0118,seasonal,-13.0,2026-08-21
SIG-10172,PROD-04374,STORE-0440,decline,22.9,2026-06-04
SIG-10173,PROD-03216,STORE-0272,spike,34.8,2026-06-06
SIG-10174,PROD-02219,STORE-0422,seasonal,24.2,2026-07-21
SIG-10175,PROD-01093,STORE-0065,decline,15.7,2026-01-01
SIG-10176,PROD-02700,STORE-0396,seasonal,22.9,2026-07-09
SIG-10177,PROD-01327,STORE-0066,spike,6.4,2026-01-10
SIG-10178,PROD-02125,STORE-0261,decline,52.5,2026-07-20
SIG-10179,PROD-00954,STORE-0433,spike,-3.1,2026-02-09
SIG-10180,PROD-04607,STORE-0024,decline,-7.0,2026-07-28
SIG-10181,PROD-04677,STORE-0033,seasonal,24.9,2026-03-11
SIG-10182,PROD-00085,STORE-0143,decline,-21.9,2026-06-16
SIG-10183,PROD-04105,STORE-0334,spike,13.5,2026-01-26
SIG-10184,PROD-01113,STORE-0175,decline,6.9,2026-01-02
SIG-10185,PROD-04856,STORE-0136,spike,-14.7,2026-04-17
SIG-10186,PROD-00744,STORE-0281,spike,51.3,2026-01-27
SIG-10187,PROD-03586,STORE-0402,seasonal,-38.4,2026-02-20
SIG-10188,PROD-00505,STORE-0082,spike,76.6,2026-06-12
SIG-10189,PROD-03039,STORE-0434,decline,52.1,2026-08-28
SIG-10190,PROD-02738,STORE-0233,decline,-16.9,2026-05-24
SIG-10191,PROD-04106,STORE-0060,spike,53.6,2026-04-01
SIG-10192,PROD-03637,STORE-0431,seasonal,30.3,2026-03-14
SIG-10193,PROD-01120,STORE-0321,decline,5.8,2026-02-06
SIG-10194,PROD-04033,STORE-0058,seasonal,19.6,2026-05-01
SIG-10195,PROD-00895,STORE-0241,decline,43.9,2026-06-01
SIG-10196,PROD-04986,STORE-0037,spike,-10.1,2026-07-05
SIG-10197,PROD-02204,STORE-0017,seasonal,14.8,2026-01-08
SIG-10198,PROD-02168,STORE-0332,spike,67.6,2026-05-26
SIG-10199,PROD-04562,STORE-0184,seasonal,55.9,2026-01-24
SIG-10200,PROD-04010,STORE-0358,decline,13.2,2026-01-01
SIG-10201,PROD-04394,STORE-0239,spike,27.0,2026-04-22
SIG-10202,PROD-04135,STORE-0447,seasonal,-8.9,2026-08-03
SIG-10203,PROD-04712,STORE-0193,seasonal,20.8,2026-07-15
SIG-10204,PROD-04555,STORE-0436,decline,-39.6,2026-02-23
SIG-10205,PROD-00560,STORE-0416,decline,71.2,2026-07-13
SIG-10206,PROD-02682,STORE-0463,decline,66.3,2026-01-18
SIG-10207,PROD-02726,STORE-0281,decline,-14.2,2026-01-19
SIG-10208,PROD-02965,STORE-0239,seasonal,-13.6,2026-04-24
SIG-10209,PROD-00282,STORE-0335,decline,36.8,2026-02-05
SIG-10210,PROD-00190,STORE-0435,decline,-6.9,2026-06-14
SIG-10211,PROD-01464,STORE-0177,decline,63.2,2026-01-11
SIG-10212,PROD-02458,STORE-0125,spike,42.7,2026-02-12
SIG-10213,PROD-02967,STORE-0250,spike,-10.5,2026-06-25
SIG-10214,PROD-01617,STORE-0152,spike,62.1,2026-01-27
SIG-10215,PROD-02935,STORE-0496,decline,18.7,2026-01-01
SIG-10216,PROD-01494,STORE-0028,seasonal,2.5,2026-08-01
SIG-10217,PROD-01608,STORE-0281,seasonal,-15.1,2026-04-16
SIG-10218,PROD-01813,STORE-0425,decline,-9.1,2026-08-26
SIG-10219,PROD-02347,STORE-0042,seasonal,-25.5,2026-02-12
SIG-10220,PROD-02973,STORE-0032,seasonal,31.9,2026-04-18
SIG-10221,PROD-02403,STORE-0460,decline,11.9,2026-07-18
SIG-10222,PROD-01464,STORE-0068,spike,-35.5,2026-04-05
SIG-10223,PROD-01192,STORE-0012,seasonal,33.7,2026-05-24
SIG-10224,PROD-02543,STORE-0346,seasonal,7.3,2026-02-16
SIG-10225,PROD-03767,STORE-0271,seasonal,63.4,2026-04-25
SIG-10226,PROD-03850,STORE-0006,spike,75.9,2026-04-22
SIG-10227,PROD-02518,STORE-0191,spike,-16.2,2026-03-03
SIG-10228,PROD-03129,STORE-0256,decline,44.3,2026-07-24
SIG-10229,PROD-00066,STORE-0156,seasonal,55.5,2026-03-11
SIG-10230,PROD-01719,STORE-0398,decline,58.0,2026-06-01
SIG-10231,PROD-03217,STORE-0451,spike,64.5,2026-01-03
SIG-10232,PROD-02181,STORE-0382,seasonal,31.6,2026-03-18
SIG-10233,PROD-04135,STORE-0129,seasonal,43.8,2026-08-17
SIG-10234,PROD-04403,STORE-0342,decline,37.3,2026-02-25
SIG-10235,PROD-01760,STORE-0033,seasonal,40.6,2026-05-13
SIG-10236,PROD-04664,STORE-0206,seasonal,22.6,2026-06-05
SIG-10237,PROD-02546,STORE-0033,seasonal,-27.9,2026-01-05
SIG-10238,PROD-03650,STORE-0473,spike,-13.4,2026-08-19
SIG-10239,PROD-04326,STORE-0339,seasonal,-37.5,2026-03-23
SIG-10240,PROD-02037,STORE-0189,decline,-25.6,2026-02-20
SIG-10241,PROD-03037,STORE-0086,spike,-4.2,2026-01-06
SIG-10242,PROD-04094,STORE-0190,spike,15.2,2026-08-19
SIG-10243,PROD-03016,STORE-0291,decline,19.8,2026-01-03
SIG-10244,PROD-01870,STORE-0239,seasonal,63.5,2026-05-28
SIG-10245,PROD-01959,STORE-0461,decline,29.6,2026-06-06
SIG-10246,PROD-01046,STORE-0043,decline,58.6,2026-05-05
SIG-10247,PROD-02395,STORE-0007,spike,-10.3,2026-02-09
SIG-10248,PROD-02778,STORE-0089,spike,54.5,2026-06-17
SIG-10249,PROD-00931,STORE-0244,seasonal,15.9,2026-07-01
SIG-10250,PROD-04808,STORE-0405,spike,67.1,2026-06-23
SIG-10251,PROD-03152,STORE-0154,seasonal,-38.2,2026-02-26
SIG-10252,PROD-00113,STORE-0079,decline,43.5,2026-04-03
SIG-10253,PROD-01455,STORE-0458,decline,66.9,2026-08-02
SIG-10254,PROD-04344,STORE-0380,spike,26.9,2026-07-17
SIG-10255,PROD-04636,STORE-0209,spike,1.8,2026-07-27
SIG-10256,PROD-02370,STORE-0440,seasonal,-32.8,2026-05-18
SIG-10257,PROD-02618,STORE-0012,spike,-1.8,2026-08-21
SIG-10258,PROD-02277,STORE-0240,spike,40.9,2026-03-19
SIG-10259,PROD-02485,STORE-0066,seasonal,-26.5,2026-08-18
SIG-10260,PROD-01468,STORE-0021,spike,-21.2,2026-07-03
SIG-10261,PROD-00848,STORE-0270,decline,67.2,2026-05-04
SIG-10262,PROD-01109,STORE-0239,decline,74.0,2026-03-01
SIG-10263,PROD-01406,STORE-0165,spike,7.4,2026-05-23
SIG-10264,PROD-01266,STORE-0418,spike,72.8,2026-01-03
SIG-10265,PROD-00984,STORE-0119,seasonal,43.0,2026-02-28
SIG-10266,PROD-02935,STORE-0411,decline,19.7,2026-03-04
SIG-10267,PROD-01007,STORE-0125,spike,27.2,2026-04-17
SIG-10268,PROD-02168,STORE-0213,decline,51.5,2026-03-28
SIG-10269,PROD-02426,STORE-0233,spike,75.9,2026-04-08
SIG-10270,PROD-04364,STORE-0368,decline,53.5,2026-01-16
SIG-10271,PROD-03892,STORE-0229,decline,-16.5,2026-05-04
SIG-10272,PROD-03860,STORE-0464,spike,22.6,2026-08-06
SIG-10273,PROD-04353,STORE-0489,spike,21.7,2026-08-22
SIG-10274,PROD-00867,STORE-0039,decline,-39.7,2026-04-20
SIG-10275,PROD-03972,STORE-0206,spike,14.5,2026-03-06
SIG-10276,PROD-02023,STORE-0220,seasonal,20.6,2026-05-04
SIG-10277,PROD-03602,STORE-0380,decline,52.6,2026-01-17
SIG-10278,PROD-04536,STORE-0499,decline,-32.6,2026-04-23
SIG-10279,PROD-02475,STORE-0241,seasonal,37.4,2026-08-02
SIG-10280,PROD-00369,STORE-0045,decline,-18.3,2026-06-07
SIG-10281,PROD-03085,STORE-0051,spike,17.4,2026-02-16
SIG-10282,PROD-02558,STORE-0205,seasonal,68.7,2026-07-11
SIG-10283,PROD-02434,STORE-0366,seasonal,52.6,2026-03-05
SIG-10284,PROD-03967,STORE-0418,decline,10.0,2026-01-13
SIG-10285,PROD-03914,STORE-0429,decline,68.0,2026-07-05
SIG-10286,PROD-03327,STORE-0486,decline,-11.4,2026-03-24
SIG-10287,PROD-00091,STORE-0290,decline,-27.7,2026-05-20
SIG-10288,PROD-03488,STORE-0364,spike,-4.9,2026-03-07
SIG-10289,PROD-03347,STORE-0251,decline,21.4,2026-05-12
SIG-10290,PROD-04679,STORE-0374,spike,-22.3,2026-06-18
SIG-10291,PROD-01701,STORE-0211,decline,-17.9,2026-05-18
SIG-10292,PROD-04328,STORE-0059,seasonal,-37.7,2026-04-11
SIG-10293,PROD-04084,STORE-0458,decline,73.5,2026-08-25
SIG-10294,PROD-03544,STORE-0424,spike,-4.3,2026-05-09
SIG-10295,PROD-04112,STORE-0218,spike,-30.6,2026-08-07
SIG-10296,PROD-02283,STORE-0439,seasonal,14.3,2026-02-02
SIG-10297,PROD-02631,STORE-0455,spike,22.2,2026-08-05
SIG-10298,PROD-03095,STORE-0296,seasonal,63.4,2026-07-05
SIG-10299,PROD-03505,STORE-0357,seasonal,59.0,2026-06-07
SIG-10300,PROD-02416,STORE-0170,seasonal,-33.4,2026-07-16
SIG-10301,PROD-04580,STORE-0224,spike,53.1,2026-07-02
SIG-10302,PROD-04245,STORE-0126,decline,-7.7,2026-05-19
SIG-10303,PROD-04084,STORE-0137,spike,46.4,2026-04-15
SIG-10304,PROD-03754,STORE-0481,seasonal,75.5,2026-05-21
SIG-10305,PROD-00768,STORE-0189,decline,-1.4,2026-07-21
SIG-10306,PROD-00335,STORE-0364,spike,-5.6,2026-03-28
SIG-10307,PROD-04331,STORE-0209,decline,59.6,2026-08-27
SIG-10308,PROD-04982,STORE-0258,spike,-1.3,2026-08-20
SIG-10309,PROD-02186,STORE-0428,spike,23.0,2026-01-12
SIG-10310,PROD-00723,STORE-0403,seasonal,-17.2,2026-07-05
SIG-10311,PROD-00733,STORE-0337,seasonal,-1.8,2026-03-02
SIG-10312,PROD-01536,STORE-0494,seasonal,1.6,2026-07-27
SIG-10313,PROD-03228,STORE-0392,spike,55.8,2026-02-08
SIG-10314,PROD-01039,STORE-0048,spike,19.7,2026-07-18
SIG-10315,PROD-00961,STORE-0215,decline,-35.1,2026-07-20
SIG-10316,PROD-01505,STORE-0014,decline,12.1,2026-06-16
SIG-10317,PROD-03634,STORE-0100,decline,40.7,2026-04-26
SIG-10318,PROD-02239,STORE-0149,seasonal,-10.9,2026-07-23
SIG-10319,PROD-00673,STORE-0310,decline,-38.1,2026-02-28
SIG-10320,PROD-04250,STORE-0320,spike,-38.9,2026-07-23
SIG-10321,PROD-04331,STORE-0114,seasonal,-30.8,2026-08-15
SIG-10322,PROD-04570,STORE-0352,spike,36.8,2026-08-19
SIG-10323,PROD-02380,STORE-0217,seasonal,77.2,2026-08-12
SIG-10324,PROD-02785,STORE-0494,decline,11.0,2026-04-27
SIG-10325,PROD-00178,STORE-0458,seasonal,-39.4,2026-07-02
SIG-10326,PROD-02649,STORE-0406,seasonal,17.9,2026-07-27
SIG-10327,PROD-01197,STORE-0472,seasonal,72.9,2026-02-08
SIG-10328,PROD-04892,STORE-0349,decline,0.5,2026-01-11
SIG-10329,PROD-00792,STORE-0113,spike,1.6,2026-04-23
SIG-10330,PROD-00672,STORE-0115,decline,44.8,2026-05-05
SIG-10331,PROD-03938,STORE-0464,spike,38.7,2026-05-26
SIG-10332,PROD-01950,STORE-0485,decline,30.4,2026-01-06
SIG-10333,PROD-04653,STORE-0069,seasonal,7.5,2026-01-23
SIG-10334,PROD-02108,STORE-0158,seasonal,71.7,2026-03-26
SIG-10335,PROD-03059,STORE-0427,seasonal,13.8,2026-05-06
SIG-10336,PROD-03328,STORE-0068,seasonal,59.9,2026-08-06
SIG-10337,PROD-03340,STORE-0118,seasonal,34.0,2026-04-10
SIG-10338,PROD-01385,STORE-0184,decline,20.7,2026-04-19
SIG-10339,PROD-00711,STORE-0006,decline,77.7,2026-07-10
SIG-10340,PROD-02198,STORE-0150,seasonal,70.7,2026-07-02
SIG-10341,PROD-01521,STORE-0498,seasonal,-22.6,2026-02-12
SIG-10342,PROD-02508,STORE-0353,decline,43.6,2026-05-07
SIG-10343,PROD-03338,STORE-0394,seasonal,-10.4,2026-08-28
SIG-10344,PROD-01426,STORE-0326,decline,-13.6,2026-06-07
SIG-10345,PROD-01382,STORE-0247,seasonal,23.4,2026-01-03
SIG-10346,PROD-02966,STORE-0010,decline,69.4,2026-03-17
SIG-10347,PROD-00636,STORE-0043,decline,47.2,2026-06-05
SIG-10348,PROD-03647,STORE-0402,decline,59.2,2026-06-14
SIG-10349,PROD-00031,STORE-0065,spike,5.7,2026-07-11
SIG-10350,PROD-01708,STORE-0141,spike,11.7,2026-04-24
SIG-10351,PROD-00649,STORE-0063,seasonal,-23.0,2026-06-01
SIG-10352,PROD-04768,STORE-0387,decline,-28.9,2026-05-21
SIG-10353,PROD-01784,STORE-0280,seasonal,-34.1,2026-06-20
SIG-10354,PROD-00710,STORE-0259,spike,74.0,2026-08-13
SIG-10355,PROD-01790,STORE-0423,decline,29.0,2026-04-03
SIG-10356,PROD-04050,STORE-0459,spike,78.3,2026-06-04
SIG-10357,PROD-03018,STORE-0481,decline,42.7,2026-06-18
SIG-10358,PROD-01147,STORE-0128,seasonal,79.2,2026-06-23
SIG-10359,PROD-00453,STORE-0428,decline,21.6,2026-05-13
SIG-10360,PROD-03789,STORE-0305,seasonal,40.4,2026-06-03
SIG-10361,PROD-03226,STORE-0018,decline,-3.3,2026-04-01
SIG-10362,PROD-00886,STORE-0001,decline,21.3,2026-06-15
SIG-10363,PROD-00989,STORE-0270,spike,62.7,2026-06-18
SIG-10364,PROD-02639,STORE-0391,decline,18.0,2026-07-04
SIG-10365,PROD-02500,STORE-0418,spike,-30.0,2026-01-03
SIG-10366,PROD-01768,STORE-0053,decline,77.9,2026-08-27
SIG-10367,PROD-02941,STORE-0068,decline,57.8,2026-07-25
SIG-10368,PROD-00887,STORE-0381,seasonal,30.5,2026-04-02
SIG-10369,PROD-01435,STORE-0355,decline,0.6,2026-02-14
SIG-10370,PROD-00465,STORE-0362,seasonal,49.8,2026-07-23
SIG-10371,PROD-03747,STORE-0268,decline,43.3,2026-07-25
SIG-10372,PROD-01248,STORE-0112,seasonal,-10.8,2026-07-05
SIG-10373,PROD-03443,STORE-0189,seasonal,76.4,2026-06-03
SIG-10374,PROD-02411,STORE-0245,decline,-35.2,2026-06-15
SIG-10375,PROD-02269,STORE-0221,seasonal,21.6,2026-08-05
SIG-10376,PROD-02411,STORE-0340,decline,9.6,2026-02-26
SIG-10377,PROD-01792,STORE-0489,decline,-4.0,2026-03-26
SIG-10378,PROD-03859,STORE-0176,spike,46.3,2026-06-16
SIG-10379,PROD-03960,STORE-0339,decline,-21.0,2026-04-07
SIG-10380,PROD-03284,STORE-0052,spike,61.4,2026-05-21
SIG-10381,PROD-03838,STORE-0427,spike,42.5,2026-05-10
SIG-10382,PROD-01109,STORE-0430,decline,19.1,2026-04-05
SIG-10383,PROD-02881,STORE-0455,spike,33.2,2026-03-23
SIG-10384,PROD-01706,STORE-0121,decline,78.4,2026-05-10
SIG-10385,PROD-01256,STORE-0243,seasonal,-31.4,2026-08-09
SIG-10386,PROD-00477,STORE-0272,spike,38.9,2026-07-13
SIG-10387,PROD-03811,STORE-0446,seasonal,69.9,2026-02-14
SIG-10388,PROD-03348,STORE-0309,seasonal,-27.7,2026-06-20
SIG-10389,PROD-03058,STORE-0041,decline,-16.9,2026-04-27
SIG-10390,PROD-01118,STORE-0225,spike,2.2,2026-02-04
SIG-10391,PROD-01746,STORE-0064,decline,73.6,2026-07-07
SIG-10392,PROD-00518,STORE-0353,spike,27.9,2026-03-12
SIG-10393,PROD-03186,STORE-0144,spike,11.4,2026-05-12
SIG-10394,PROD-02365,STORE-0047,seasonal,63.1,2026-05-16
SIG-10395,PROD-04756,STORE-0402,decline,-9.7,2026-01-23
SIG-10396,PROD-04047,STORE-0023,seasonal,-12.5,2026-06-16
SIG-10397,PROD-02828,STORE-0431,seasonal,43.4,2026-05-03
SIG-10398,PROD-02608,STORE-0385,spike,16.7,2026-08-24
SIG-10399,PROD-00187,STORE-0262,seasonal,-37.4,2026-07-02
SIG-10400,PROD-00316,STORE-0009,spike,8.0,2026-02-05
SIG-10401,PROD-00980,STORE-0145,decline,-16.9,2026-01-12
SIG-10402,PROD-03258,STORE-0344,spike,-10.2,2026-07-23
SIG-10403,PROD-02006,STORE-0418,decline,2.5,2026-08-21
SIG-10404,PROD-03877,STORE-0132,decline,-14.7,2026-08-15
SIG-10405,PROD-02902,STORE-0220,spike,60.9,2026-03-04
SIG-10406,PROD-01301,STORE-0419,seasonal,-15.3,2026-04-26
SIG-10407,PROD-04638,STORE-0256,seasonal,-3.6,2026-04-19
SIG-10408,PROD-04871,STORE-0335,seasonal,25.1,2026-05-06
SIG-10409,PROD-04541,STORE-0285,seasonal,11.4,2026-02-16
SIG-10410,PROD-01488,STORE-0497,decline,22.6,2026-08-28
SIG-10411,PROD-04056,STORE-0451,decline,-12.2,2026-07-03
SIG-10412,PROD-01960,STORE-0139,seasonal,-8.8,2026-07-22
SIG-10413,PROD-04431,STORE-0316,seasonal,4.1,2026-03-18
SIG-10414,PROD-03344,STORE-0291,seasonal,-7.1,2026-07-24
SIG-10415,PROD-03628,STORE-0408,decline,67.1,2026-01-14
SIG-10416,PROD-00283,STORE-0461,decline,15.9,2026-08-19
SIG-10417,PROD-04426,STORE-0214,decline,58.4,2026-07-01
SIG-10418,PROD-03131,STORE-0467,decline,47.4,2026-05-13
SIG-10419,PROD-02357,STORE-0236,decline,24.4,2026-05-18
SIG-10420,PROD-01123,STORE-0234,seasonal,-34.2,2026-06-15
SIG-10421,PROD-01435,STORE-0307,seasonal,2.1,2026-07-03
SIG-10422,PROD-02581,STORE-0230,seasonal,16.9,2026-02-17
SIG-10423,PROD-03726,STORE-0476,seasonal,55.0,2026-08-11
SIG-10424,PROD-02116,STORE-0155,spike,10.0,2026-03-08
SIG-10425,PROD-01800,STORE-0037,decline,60.7,2026-07-06
SIG-10426,PROD-00982,STORE-0475,seasonal,0.5,2026-04-15
SIG-10427,PROD-02214,STORE-0388,decline,49.8,2026-03-13
SIG-10428,PROD-01648,STORE-0441,decline,14.4,2026-06-16
SIG-10429,PROD-02469,STORE-0046,decline,46.3,2026-07-26
SIG-10430,PROD-03835,STORE-0092,decline,10.1,2026-04-22
SIG-10431,PROD-01073,STORE-0188,decline,27.7,2026-04-18
SIG-10432,PROD-01022,STORE-0387,spike,48.1,2026-03-08
SIG-10433,PROD-02600,STORE-0265,decline,49.3,2026-03-13
SIG-10434,PROD-01247,STORE-0315,spike,-10.7,2026-07-12
SIG-10435,PROD-02964,STORE-0147,seasonal,-5.1,2026-03-21
SIG-10436,PROD-03212,STORE-0263,seasonal,-17.4,2026-08-07
SIG-10437,PROD-04358,STORE-0363,spike,-31.2,2026-04-01
SIG-10438,PROD-02610,STORE-0093,seasonal,36.2,2026-02-20
SIG-10439,PROD-02184,STORE-0269,decline,42.7,2026-02-04
SIG-10440,PROD-04837,STORE-0356,spike,0.5,2026-05-10
SIG-10441,PROD-00436,STORE-0083,seasonal,-19.3,2026-02-25
SIG-10442,PROD-02288,STORE-0056,spike,24.0,2026-08-26
SIG-10443,PROD-01544,STORE-0327,spike,-27.2,2026-06-18
SIG-10444,PROD-03649,STORE-0211,seasonal,23.8,2026-02-28
SIG-10445,PROD-01838,STORE-0498,decline,17.8,2026-03-13
SIG-10446,PROD-02243,STORE-0041,decline,-11.8,2026-05-14
SIG-10447,PROD-04434,STORE-0393,spike,-26.6,2026-03-03
SIG-10448,PROD-01303,STORE-0231,spike,12.1,2026-07-24
SIG-10449,PROD-03630,STORE-0470,spike,-23.1,2026-03-20
SIG-10450,PROD-03115,STORE-0222,spike,-8.1,2026-08-01
SIG-10451,PROD-00041,STORE-0040,spike,41.9,2026-05-03
SIG-10452,PROD-00950,STORE-0453,spike,72.6,2026-08-14
SIG-10453,PROD-02343,STORE-0298,spike,-16.4,2026-04-08
SIG-10454,PROD-00462,STORE-0199,spike,-14.6,2026-06-05
SIG-10455,PROD-02111,STORE-0373,decline,30.5,2026-04-20
SIG-10456,PROD-04061,STORE-0076,decline,6.3,2026-03-25
SIG-10457,PROD-01022,STORE-0309,spike,32.2,2026-02-25
SIG-10458,PROD-03783,STORE-0297,seasonal,-32.4,2026-02-10
SIG-10459,PROD-04725,STORE-0186,seasonal,15.6,2026-02-01
SIG-10460,PROD-03113,STORE-0292,decline,-31.9,2026-01-08
SIG-10461,PROD-03464,STORE-0188,spike,72.8,2026-01-01
SIG-10462,PROD-03983,STORE-0074,decline,6.5,2026-08-21
SIG-10463,PROD-02121,STORE-0062,decline,33.7,2026-06-18
SIG-10464,PROD-03159,STORE-0162,seasonal,31.7,2026-08-15
SIG-10465,PROD-04619,STORE-0055,seasonal,-6.1,2026-06-03
SIG-10466,PROD-00788,STORE-0040,seasonal,-16.0,2026-01-12
SIG-10467,PROD-02640,STORE-0351,decline,-22.8,2026-08-01
SIG-10468,PROD-01948,STORE-0158,seasonal,-10.3,2026-03-05
SIG-10469,PROD-02584,STORE-0073,decline,-1.6,2026-04-05
SIG-10470,PROD-03719,STORE-0091,spike,0.2,2026-04-06
SIG-10471,PROD-00548,STORE-0371,spike,12.0,2026-04-05
SIG-10472,PROD-02064,STORE-0277,decline,1.7,2026-08-14
SIG-10473,PROD-03999,STORE-0446,seasonal,46.7,2026-05-01
SIG-10474,PROD-02358,STORE-0029,decline,61.8,2026-05-12
SIG-10475,PROD-01589,STORE-0496,spike,-8.2,2026-05-14
SIG-10476,PROD-03302,STORE-0078,seasonal,38.1,2026-03-19
SIG-10477,PROD-01213,STORE-0173,decline,3.8,2026-02-20
SIG-10478,PROD-04405,STORE-0048,seasonal,28.5,2026-03-09
SIG-10479,PROD-04596,STORE-0143,decline,70.2,2026-07-06
SIG-10480,PROD-00978,STORE-0137,seasonal,18.7,2026-04-09
SIG-10481,PROD-04481,STORE-0116,decline,54.2,2026-01-01
SIG-10482,PROD-03771,STORE-0114,spike,-21.1,2026-03-19
SIG-10483,PROD-02243,STORE-0057,spike,36.9,2026-02-03
SIG-10484,PROD-03621,STORE-0160,seasonal,69.3,2026-06-21
SIG-10485,PROD-04675,STORE-0405,decline,41.8,2026-06-27
SIG-10486,PROD-01636,STORE-0103,seasonal,-15.6,2026-06-18
SIG-10487,PROD-01775,STORE-0036,decline,57.6,2026-01-26
SIG-10488,PROD-01294,STORE-0147,seasonal,74.3,2026-02-20
SIG-10489,PROD-01292,STORE-0472,decline,70.8,2026-04-20
SIG-10490,PROD-03202,STORE-0091,decline,67.0,2026-05-08
SIG-10491,PROD-01726,STORE-0029,spike,-19.7,2026-06-04
SIG-10492,PROD-04643,STORE-0095,decline,9.8,2026-07-02
SIG-10493,PROD-00089,STORE-0188,spike,79.4,2026-05-20
SIG-10494,PROD-01762,STORE-0254,spike,37.6,2026-04-05
SIG-10495,PROD-02629,STORE-0175,spike,48.3,2026-02-13
SIG-10496,PROD-04364,STORE-0221,spike,-7.2,2026-05-13
SIG-10497,PROD-00794,STORE-0347,decline,-1.0,2026-04-07
SIG-10498,PROD-00615,STORE-0256,decline,75.7,2026-02-16
SIG-10499,PROD-03393,STORE-0162,decline,-3.3,2026-05-26
SIG-10500,PROD-04304,STORE-0364,decline,31.9,2026-06-10
SIG-10501,PROD-03747,STORE-0297,spike,73.8,2026-03-22
SIG-10502,PROD-00397,STORE-0380,spike,-13.9,2026-04-06
SIG-10503,PROD-01842,STORE-0303,decline,37.8,2026-07-23
SIG-10504,PROD-04214,STORE-0398,decline,37.7,2026-03-08
SIG-10505,PROD-01047,STORE-0457,spike,60.4,2026-06-03
SIG-10506,PROD-03662,STORE-0144,decline,15.0,2026-02-18
SIG-10507,PROD-02208,STORE-0001,decline,-28.5,2026-01-07
SIG-10508,PROD-04095,STORE-0316,spike,15.0,2026-06-28
SIG-10509,PROD-03537,STORE-0484,decline,67.4,2026-01-01
SIG-10510,PROD-03161,STORE-0109,spike,-35.1,2026-04-02
SIG-10511,PROD-02607,STORE-0496,seasonal,8.4,2026-03-07
SIG-10512,PROD-02333,STORE-0278,seasonal,49.6,2026-02-26
SIG-10513,PROD-00190,STORE-0342,decline,-11.1,2026-05-01
SIG-10514,PROD-02948,STORE-0206,seasonal,69.8,2026-01-24
SIG-10515,PROD-02979,STORE-0071,decline,70.3,2026-03-13
SIG-10516,PROD-01596,STORE-0450,spike,-4.5,2026-04-20
SIG-10517,PROD-01031,STORE-0040,seasonal,56.3,2026-06-16
SIG-10518,PROD-01434,STORE-0401,spike,5.1,2026-02-03
SIG-10519,PROD-01689,STORE-0444,spike,-18.4,2026-03-22
SIG-10520,PROD-02290,STORE-0163,decline,-13.1,2026-06-26
SIG-10521,PROD-04407,STORE-0017,spike,-32.7,2026-08-20
SIG-10522,PROD-02131,STORE-0253,decline,44.4,2026-06-13
SIG-10523,PROD-00360,STORE-0113,spike,47.7,2026-03-17
SIG-10524,PROD-02519,STORE-0464,seasonal,-29.0,2026-03-23
SIG-10525,PROD-04402,STORE-0126,decline,-21.0,2026-07-19
SIG-10526,PROD-01109,STORE-0017,spike,42.1,2026-07-18
SIG-10527,PROD-01179,STORE-0439,decline,24.0,2026-04-02
SIG-10528,PROD-03018,STORE-0223,seasonal,54.2,2026-06-23
SIG-10529,PROD-04097,STORE-0390,spike,-12.6,2026-05-10
SIG-10530,PROD-01834,STORE-0339,decline,46.9,2026-04-07
SIG-10531,PROD-01426,STORE-0253,seasonal,55.8,2026-05-23
SIG-10532,PROD-03771,STORE-0338,seasonal,18.4,2026-08-20
SIG-10533,PROD-01677,STORE-0475,decline,-34.7,2026-08-05
SIG-10534,PROD-01759,STORE-0492,spike,2.4,2026-06-23
SIG-10535,PROD-04925,STORE-0076,seasonal,-38.7,2026-07-07
SIG-10536,PROD-01598,STORE-0229,decline,21.3,2026-02-03
SIG-10537,PROD-03388,STORE-0332,decline,42.8,2026-03-17
SIG-10538,PROD-00589,STORE-0225,decline,14.0,2026-07-20
SIG-10539,PROD-00282,STORE-0138,spike,43.3,2026-03-24
SIG-10540,PROD-03081,STORE-0443,decline,63.2,2026-08-16
SIG-10541,PROD-01635,STORE-0483,spike,-29.8,2026-06-20
SIG-10542,PROD-04442,STORE-0133,decline,-26.9,2026-03-09
SIG-10543,PROD-01965,STORE-0216,decline,18.4,2026-08-26
SIG-10544,PROD-02990,STORE-0243,decline,62.9,2026-06-15
SIG-10545,PROD-04047,STORE-0413,seasonal,44.6,2026-01-09
SIG-10546,PROD-00987,STORE-0474,seasonal,68.3,2026-02-25
SIG-10547,PROD-04589,STORE-0067,seasonal,20.1,2026-03-04
SIG-10548,PROD-03611,STORE-0118,decline,-12.5,2026-05-09
SIG-10549,PROD-02984,STORE-0232,decline,50.3,2026-04-11
SIG-10550,PROD-04275,STORE-0259,spike,74.2,2026-06-25
SIG-10551,PROD-01318,STORE-0083,spike,-16.8,2026-08-21
SIG-10552,PROD-02835,STORE-0290,seasonal,27.6,2026-01-15
SIG-10553,PROD-03130,STORE-0377,seasonal,-9.1,2026-08-21
SIG-10554,PROD-04473,STORE-0484,decline,-9.1,2026-05-19
SIG-10555,PROD-02717,STORE-0443,seasonal,-16.8,2026-06-11
SIG-10556,PROD-00030,STORE-0298,seasonal,9.4,2026-06-03
SIG-10557,PROD-03484,STORE-0002,decline,32.2,2026-04-15
SIG-10558,PROD-01289,STORE-0430,decline,52.7,2026-06-13
SIG-10559,PROD-04690,STORE-0236,seasonal,8.6,2026-08-02
SIG-10560,PROD-03693,STORE-0410,seasonal,11.8,2026-01-21
SIG-10561,PROD-00743,STORE-0245,spike,43.8,2026-08-13
SIG-10562,PROD-02860,STORE-0438,decline,73.1,2026-06-28
SIG-10563,PROD-04480,STORE-0473,spike,22.8,2026-08-07
SIG-10564,PROD-01126,STORE-0138,seasonal,2.3,2026-07-27
SIG-10565,PROD-00624,STORE-0189,decline,-27.8,2026-02-06
SIG-10566,PROD-00043,STORE-0429,seasonal,74.1,2026-05-04
SIG-10567,PROD-02504,STORE-0411,decline,80.0,2026-05-16
SIG-10568,PROD-03260,STORE-0058,decline,17.6,2026-01-27
SIG-10569,PROD-00361,STORE-0107,decline,35.0,2026-05-07
SIG-10570,PROD-00938,STORE-0324,seasonal,65.4,2026-07-03
SIG-10571,PROD-02975,STORE-0151,seasonal,20.3,2026-06-18
SIG-10572,PROD-00962,STORE-0348,decline,9.9,2026-04-24
SIG-10573,PROD-03951,STORE-0136,spike,12.9,2026-04-16
SIG-10574,PROD-02610,STORE-0415,spike,29.5,2026-07-01
SIG-10575,PROD-02787,STORE-0141,seasonal,-23.5,2026-02-04
SIG-10576,PROD-02096,STORE-0300,decline,77.4,2026-03-06
SIG-10577,PROD-00839,STORE-0010,seasonal,-12.1,2026-08-21
SIG-10578,PROD-01638,STORE-0277,spike,50.1,2026-08-10
SIG-10579,PROD-01119,STORE-0486,decline,-34.8,2026-04-20
SIG-10580,PROD-02754,STORE-0061,decline,49.6,2026-03-11
SIG-10581,PROD-02307,STORE-0489,seasonal,78.7,2026-05-06
SIG-10582,PROD-00086,STORE-0076,seasonal,20.3,2026-07-12
SIG-10583,PROD-01931,STORE-0023,seasonal,42.1,2026-01-07
SIG-10584,PROD-00831,STORE-0022,spike,28.1,2026-03-21
SIG-10585,PROD-03520,STORE-0129,decline,73.3,2026-08-05
SIG-10586,PROD-02038,STORE-0336,spike,-23.7,2026-04-17
SIG-10587,PROD-00063,STORE-0496,decline,61.0,2026-07-08
SIG-10588,PROD-00350,STORE-0388,spike,-29.1,2026-06-02
SIG-10589,PROD-03161,STORE-0181,spike,23.3,2026-08-11
SIG-10590,PROD-02098,STORE-0357,decline,24.2,2026-04-27
SIG-10591,PROD-02098,STORE-0325,spike,62.9,2026-01-04
SIG-10592,PROD-04222,STORE-0329,seasonal,-31.4,2026-03-09
SIG-10593,PROD-03592,STORE-0150,decline,-38.4,2026-08-25
SIG-10594,PROD-04328,STORE-0276,decline,42.2,2026-07-01
SIG-10595,PROD-01178,STORE-0218,decline,-16.7,2026-01-05
SIG-10596,PROD-02734,STORE-0033,seasonal,-22.7,2026-06-07
SIG-10597,PROD-01641,STORE-0144,seasonal,32.5,2026-05-11
SIG-10598,PROD-00285,STORE-0257,seasonal,-35.8,2026-05-13
SIG-10599,PROD-03622,STORE-0065,spike,2.7,2026-01-27
SIG-10600,PROD-04580,STORE-0295,decline,-25.6,2026-04-17
SIG-10601,PROD-00959,STORE-0101,seasonal,-14.6,2026-05-13
SIG-10602,PROD-02759,STORE-0386,seasonal,22.7,2026-03-05
SIG-10603,PROD-01831,STORE-0445,seasonal,-1.5,2026-06-18
SIG-10604,PROD-01791,STORE-0006,spike,65.2,2026-01-27
SIG-10605,PROD-04442,STORE-0167,decline,-30.2,2026-01-01
SIG-10606,PROD-02369,STORE-0292,decline,-10.5,2026-07-22
SIG-10607,PROD-00430,STORE-0470,seasonal,-14.3,2026-05-09
SIG-10608,PROD-01593,STORE-0259,seasonal,-9.1,2026-06-04
SIG-10609,PROD-02995,STORE-0417,spike,17.9,2026-03-05
SIG-10610,PROD-04223,STORE-0326,seasonal,1.0,2026-05-05
SIG-10611,PROD-00511,STORE-0411,spike,35.9,2026-06-12
SIG-10612,PROD-00349,STORE-0159,decline,-36.6,2026-06-02
SIG-10613,PROD-00870,STORE-0490,spike,-30.4,2026-06-11
SIG-10614,PROD-03686,STORE-0297,spike,-20.2,2026-04-07
SIG-10615,PROD-01952,STORE-0327,spike,-11.3,2026-06-07
SIG-10616,PROD-00979,STORE-0356,spike,1.6,2026-04-03
SIG-10617,PROD-03075,STORE-0065,spike,46.6,2026-05-28
SIG-10618,PROD-04345,STORE-0369,decline,-24.5,2026-05-02
SIG-10619,PROD-01017,STORE-0428,seasonal,52.4,2026-03-26
SIG-10620,PROD-03424,STORE-0214,spike,59.5,2026-01-16
SIG-10621,PROD-02910,STORE-0035,decline,77.8,2026-05-03
SIG-10622,PROD-00373,STORE-0148,spike,55.8,2026-07-05
SIG-10623,PROD-01213,STORE-0150,decline,-0.0,2026-07-08
SIG-10624,PROD-04770,STORE-0190,seasonal,-19.5,2026-03-23
SIG-10625,PROD-01416,STORE-0032,spike,-14.4,2026-05-15
SIG-10626,PROD-04609,STORE-0035,seasonal,-13.6,2026-03-17
SIG-10627,PROD-02254,STORE-0129,seasonal,18.7,2026-03-26
SIG-10628,PROD-04778,STORE-0134,spike,70.4,2026-07-15
SIG-10629,PROD-00669,STORE-0109,spike,-22.2,2026-03-03
SIG-10630,PROD-00410,STORE-0116,seasonal,7.1,2026-08-23
SIG-10631,PROD-03465,STORE-0022,decline,-25.7,2026-03-28
SIG-10632,PROD-01864,STORE-0256,decline,51.2,2026-02-12
SIG-10633,PROD-02051,STORE-0230,seasonal,76.4,2026-03-25
SIG-10634,PROD-00655,STORE-0037,spike,73.5,2026-06-22
SIG-10635,PROD-01763,STORE-0136,spike,41.3,2026-07-26
SIG-10636,PROD-03786,STORE-0227,spike,46.3,2026-05-02
SIG-10637,PROD-04756,STORE-0292,seasonal,-0.6,2026-01-17
SIG-10638,PROD-03751,STORE-0073,decline,-35.3,2026-05-24
SIG-10639,PROD-04643,STORE-0480,seasonal,32.7,2026-03-13
SIG-10640,PROD-04188,STORE-0386,spike,10.7,2026-02-12
SIG-10641,PROD-03874,STORE-0364,seasonal,-18.0,2026-07-24
SIG-10642,PROD-01032,STORE-0003,spike,68.9,2026-01-25
SIG-10643,PROD-03904,STORE-0335,seasonal,-33.7,2026-07-22
SIG-10644,PROD-01979,STORE-0361,spike,63.8,2026-01-25
SIG-10645,PROD-04093,STORE-0019,seasonal,36.8,2026-08-04
SIG-10646,PROD-03424,STORE-0173,seasonal,14.5,2026-01-22
SIG-10647,PROD-03896,STORE-0213,seasonal,-32.2,2026-05-26
SIG-10648,PROD-00428,STORE-0349,decline,-30.0,2026-01-19
SIG-10649,PROD-03794,STORE-0355,decline,-23.8,2026-05-16
SIG-10650,PROD-00648,STORE-0467,spike,-16.9,2026-08-08
SIG-10651,PROD-01172,STORE-0489,seasonal,-17.0,2026-04-01
SIG-10652,PROD-03848,STORE-0085,spike,-9.1,2026-04-01
SIG-10653,PROD-02893,STORE-0154,decline,45.3,2026-05-01
SIG-10654,PROD-04079,STORE-0082,spike,62.5,2026-07-04
SIG-10655,PROD-04323,STORE-0016,spike,16.8,2026-03-14
SIG-10656,PROD-02746,STORE-0059,spike,33.8,2026-07-27
SIG-10657,PROD-00467,STORE-0142,spike,55.9,2026-01-12
SIG-10658,PROD-02030,STORE-0288,seasonal,2.4,2026-01-06
SIG-10659,PROD-00745,STORE-0242,seasonal,-32.8,2026-04-20
SIG-10660,PROD-02714,STORE-0271,decline,21.6,2026-05-07
SIG-10661,PROD-01592,STORE-0432,spike,-39.5,2026-05-16
SIG-10662,PROD-03820,STORE-0091,spike,-15.3,2026-06-12
SIG-10663,PROD-01037,STORE-0038,seasonal,16.1,2026-05-02
SIG-10664,PROD-03231,STORE-0240,seasonal,15.8,2026-08-19
SIG-10665,PROD-00662,STORE-0336,seasonal,73.1,2026-06-14
SIG-10666,PROD-00688,STORE-0478,seasonal,-5.0,2026-04-20
SIG-10667,PROD-04175,STORE-0437,spike,-26.4,2026-03-07
SIG-10668,PROD-04984,STORE-0393,decline,37.9,2026-07-22
SIG-10669,PROD-03036,STORE-0346,spike,18.4,2026-01-04
SIG-10670,PROD-03146,STORE-0024,spike,10.7,2026-05-17
SIG-10671,PROD-01287,STORE-0383,decline,-25.8,2026-07-07
SIG-10672,PROD-00672,STORE-0179,spike,39.6,2026-03-09
SIG-10673,PROD-03467,STORE-0032,seasonal,44.9,2026-01-03
SIG-10674,PROD-02303,STORE-0456,seasonal,65.7,2026-05-19
SIG-10675,PROD-03786,STORE-0021,seasonal,19.8,2026-05-27
SIG-10676,PROD-02404,STORE-0481,seasonal,28.0,2026-04-10
SIG-10677,PROD-03421,STORE-0277,decline,49.0,2026-07-10
SIG-10678,PROD-04459,STORE-0333,seasonal,51.9,2026-07-28
SIG-10679,PROD-00549,STORE-0387,seasonal,78.0,2026-04-10
SIG-10680,PROD-02967,STORE-0244,spike,59.7,2026-08-21
SIG-10681,PROD-01810,STORE-0122,spike,-24.0,2026-02-23
SIG-10682,PROD-03008,STORE-0451,spike,7.0,2026-02-21
SIG-10683,PROD-03292,STORE-0044,seasonal,-22.8,2026-02-17
SIG-10684,PROD-00853,STORE-0007,decline,-36.3,2026-05-13
SIG-10685,PROD-02738,STORE-0104,spike,15.0,2026-07-06
SIG-10686,PROD-01277,STORE-0089,decline,12.7,2026-06-04
SIG-10687,PROD-02918,STORE-0324,decline,45.9,2026-01-20
SIG-10688,PROD-02571,STORE-0336,seasonal,72.2,2026-08-24
SIG-10689,PROD-01086,STORE-0259,spike,73.6,2026-07-24
SIG-10690,PROD-03291,STORE-0453,spike,31.8,2026-08-18
SIG-10691,PROD-00050,STORE-0250,decline,53.6,2026-05-09
SIG-10692,PROD-03663,STORE-0432,decline,43.5,2026-06-02
SIG-10693,PROD-01153,STORE-0071,spike,19.6,2026-02-05
SIG-10694,PROD-04397,STORE-0361,seasonal,78.8,2026-01-07
SIG-10695,PROD-01150,STORE-0325,spike,-2.6,2026-03-11
SIG-10696,PROD-00280,STORE-0239,spike,39.6,2026-06-10
SIG-10697,PROD-02881,STORE-0496,spike,22.6,2026-02-24
SIG-10698,PROD-00216,STORE-0468,decline,41.4,2026-02-22
SIG-10699,PROD-02971,STORE-0350,seasonal,0.5,2026-08-04
SIG-10700,PROD-01692,STORE-0419,decline,79.8,2026-02-12
SIG-10701,PROD-02185,STORE-0017,spike,33.6,2026-05-18
SIG-10702,PROD-04916,STORE-0483,seasonal,14.8,2026-07-01
SIG-10703,PROD-01037,STORE-0274,decline,5.8,2026-02-08
SIG-10704,PROD-03009,STORE-0457,seasonal,67.2,2026-02-21
SIG-10705,PROD-01691,STORE-0168,decline,-17.2,2026-03-20
SIG-10706,PROD-03428,STORE-0076,decline,-18.7,2026-01-08
SIG-10707,PROD-00429,STORE-0243,spike,-2.2,2026-08-26
SIG-10708,PROD-01353,STORE-0102,decline,-6.5,2026-08-27
SIG-10709,PROD-00033,STORE-0132,spike,33.5,2026-04-23
SIG-10710,PROD-04966,STORE-0493,decline,38.7,2026-05-12
SIG-10711,PROD-04797,STORE-0110,spike,10.5,2026-04-16
SIG-10712,PROD-00388,STORE-0294,decline,53.2,2026-07-08
SIG-10713,PROD-01617,STORE-0215,spike,51.2,2026-08-05
SIG-10714,PROD-03857,STORE-0460,seasonal,-26.5,2026-05-24
SIG-10715,PROD-01686,STORE-0199,decline,40.5,2026-03-28
SIG-10716,PROD-03632,STORE-0144,decline,-20.8,2026-07-14
SIG-10717,PROD-02620,STORE-0474,seasonal,25.8,2026-02-01
SIG-10718,PROD-02526,STORE-0171,decline,51.0,2026-03-08
SIG-10719,PROD-04376,STORE-0373,decline,22.7,2026-08-28
SIG-10720,PROD-00981,STORE-0360,seasonal,-35.5,2026-01-18
SIG-10721,PROD-03628,STORE-0103,decline,26.0,2026-02-07
SIG-10722,PROD-03135,STORE-0475,decline,50.3,2026-03-01
SIG-10723,PROD-01179,STORE-0201,seasonal,43.5,2026-08-26
SIG-10724,PROD-04015,STORE-0101,seasonal,-6.1,2026-03-25
SIG-10725,PROD-04303,STORE-0155,spike,33.1,2026-04-19
SIG-10726,PROD-04445,STORE-0204,decline,21.2,2026-01-19
SIG-10727,PROD-03495,STORE-0348,seasonal,31.2,2026-07-14
SIG-10728,PROD-00273,STORE-0056,spike,57.0,2026-06-08
SIG-10729,PROD-04601,STORE-0494,spike,-4.2,2026-04-21
SIG-10730,PROD-03143,STORE-0268,decline,-28.3,2026-07-07
SIG-10731,PROD-01225,STORE-0399,decline,76.5,2026-06-03
SIG-10732,PROD-01110,STORE-0480,seasonal,29.7,2026-05-24
SIG-10733,PROD-02536,STORE-0314,decline,-29.9,2026-02-10
SIG-10734,PROD-02540,STORE-0457,seasonal,64.2,2026-01-08
SIG-10735,PROD-00267,STORE-0044,seasonal,73.9,2026-07-20
SIG-10736,PROD-00175,STORE-0092,spike,57.2,2026-01-27
SIG-10737,PROD-02363,STORE-0156,seasonal,-5.2,2026-01-15
SIG-10738,PROD-01255,STORE-0347,seasonal,-39.5,2026-06-28
SIG-10739,PROD-04390,STORE-0454,decline,64.1,2026-05-21
SIG-10740,PROD-03055,STORE-0225,spike,-33.3,2026-08-23
SIG-10741,PROD-01366,STORE-0413,decline,14.2,2026-04-03
SIG-10742,PROD-02862,STORE-0320,spike,71.1,2026-01-09
SIG-10743,PROD-01547,STORE-0283,decline,-27.3,2026-07-20
SIG-10744,PROD-02975,STORE-0162,seasonal,5.4,2026-08-16
SIG-10745,PROD-02395,STORE-0144,decline,55.2,2026-06-09
SIG-10746,PROD-00275,STORE-0116,spike,30.1,2026-01-14
SIG-10747,PROD-00872,STORE-0022,seasonal,27.8,2026-02-18
SIG-10748,PROD-02638,STORE-0321,decline,55.3,2026-04-27
SIG-10749,PROD-02040,STORE-0036,decline,69.1,2026-02-05
SIG-10750,PROD-01177,STORE-0092,decline,13.6,2026-03-04
SIG-10751,PROD-01945,STORE-0109,seasonal,29.5,2026-05-12
SIG-10752,PROD-04679,STORE-0035,decline,-28.2,2026-03-09
SIG-10753,PROD-00683,STORE-0277,spike,20.6,2026-01-23
SIG-10754,PROD-03297,STORE-0476,decline,9.2,2026-08-15
SIG-10755,PROD-01888,STORE-0052,seasonal,78.6,2026-07-25
SIG-10756,PROD-00814,STORE-0393,decline,40.6,2026-03-09
SIG-10757,PROD-04569,STORE-0044,spike,-18.6,2026-01-09
SIG-10758,PROD-03660,STORE-0140,seasonal,44.9,2026-06-21
SIG-10759,PROD-04411,STORE-0070,spike,-37.3,2026-08-15
SIG-10760,PROD-00304,STORE-0299,decline,71.8,2026-01-14
SIG-10761,PROD-00185,STORE-0090,spike,15.8,2026-03-28
SIG-10762,PROD-04813,STORE-0100,spike,79.3,2026-05-06
SIG-10763,PROD-03355,STORE-0406,seasonal,27.3,2026-05-16
SIG-10764,PROD-00046,STORE-0308,seasonal,29.4,2026-02-13
SIG-10765,PROD-01617,STORE-0478,spike,-18.6,2026-04-22
SIG-10766,PROD-04858,STORE-0476,decline,50.8,2026-02-14
SIG-10767,PROD-03619,STORE-0002,decline,37.1,2026-08-08
SIG-10768,PROD-02602,STORE-0475,seasonal,39.4,2026-04-05
SIG-10769,PROD-02768,STORE-0373,seasonal,61.6,2026-06-11
SIG-10770,PROD-03169,STORE-0244,seasonal,21.2,2026-08-23
SIG-10771,PROD-01361,STORE-0336,decline,44.9,2026-08-26
SIG-10772,PROD-04727,STORE-0201,seasonal,-18.1,2026-08-21
SIG-10773,PROD-01208,STORE-0287,seasonal,68.9,2026-06-03
SIG-10774,PROD-04099,STORE-0198,spike,-6.5,2026-08-04
SIG-10775,PROD-03146,STORE-0115,decline,57.4,2026-05-27
SIG-10776,PROD-04829,STORE-0206,spike,77.4,2026-02-04
SIG-10777,PROD-04544,STORE-0354,decline,73.7,2026-08-10
SIG-10778,PROD-03124,STORE-0084,decline,0.8,2026-02-12
SIG-10779,PROD-00070,STORE-0105,seasonal,29.2,2026-07-06
SIG-10780,PROD-02809,STORE-0054,decline,33.6,2026-08-17
SIG-10781,PROD-00993,STORE-0295,decline,15.1,2026-01-27
SIG-10782,PROD-02596,STORE-0192,spike,58.0,2026-03-25
SIG-10783,PROD-03499,STORE-0308,spike,73.0,2026-08-07
SIG-10784,PROD-01238,STORE-0445,spike,-25.3,2026-02-16
SIG-10785,PROD-01399,STORE-0140,seasonal,-13.3,2026-03-06
SIG-10786,PROD-01312,STORE-0194,seasonal,27.3,2026-03-09
SIG-10787,PROD-04070,STORE-0359,decline,-19.2,2026-04-28
SIG-10788,PROD-04677,STORE-0350,spike,69.0,2026-08-20
SIG-10789,PROD-00781,STORE-0268,seasonal,37.2,2026-04-19
SIG-10790,PROD-02091,STORE-0173,spike,-0.9,2026-03-02
SIG-10791,PROD-00767,STORE-0265,decline,-25.6,2026-02-25
SIG-10792,PROD-01213,STORE-0231,spike,57.9,2026-04-14
SIG-10793,PROD-00827,STORE-0399,decline,-17.2,2026-01-11
SIG-10794,PROD-02367,STORE-0369,spike,-30.6,2026-08-12
SIG-10795,PROD-01196,STORE-0065,seasonal,72.0,2026-02-27
SIG-10796,PROD-03043,STORE-0214,spike,31.4,2026-05-17
SIG-10797,PROD-03763,STORE-0350,decline,8.8,2026-06-28
SIG-10798,PROD-03554,STORE-0462,decline,70.2,2026-03-11
SIG-10799,PROD-04840,STORE-0004,spike,45.6,2026-07-28
SIG-10800,PROD-01356,STORE-0186,seasonal,-6.3,2026-02-14
SIG-10801,PROD-01903,STORE-0090,seasonal,-13.9,2026-04-10
SIG-10802,PROD-00679,STORE-0480,seasonal,-2.6,2026-04-04
SIG-10803,PROD-02528,STORE-0168,decline,-34.2,2026-08-16
SIG-10804,PROD-04351,STORE-0019,seasonal,37.9,2026-05-06
SIG-10805,PROD-04402,STORE-0083,decline,-10.6,2026-05-19
SIG-10806,PROD-00173,STORE-0037,seasonal,-18.4,2026-04-24
SIG-10807,PROD-01908,STORE-0435,decline,-0.8,2026-03-24
SIG-10808,PROD-03128,STORE-0472,spike,41.0,2026-01-13
SIG-10809,PROD-00363,STORE-0438,seasonal,40.9,2026-07-23
SIG-10810,PROD-04016,STORE-0295,seasonal,-24.8,2026-07-22
SIG-10811,PROD-02861,STORE-0032,spike,35.3,2026-04-06
SIG-10812,PROD-03830,STORE-0002,decline,18.4,2026-05-01
SIG-10813,PROD-04599,STORE-0469,decline,35.7,2026-03-22
SIG-10814,PROD-04964,STORE-0256,decline,36.8,2026-04-05
SIG-10815,PROD-01753,STORE-0297,decline,9.6,2026-04-13
SIG-10816,PROD-01032,STORE-0060,decline,15.7,2026-03-08
SIG-10817,PROD-02574,STORE-0194,decline,-11.5,2026-08-23
SIG-10818,PROD-02243,STORE-0241,spike,18.5,2026-02-23
SIG-10819,PROD-02235,STORE-0147,seasonal,-22.4,2026-03-15
SIG-10820,PROD-02282,STORE-0163,seasonal,60.7,2026-03-11
SIG-10821,PROD-04804,STORE-0180,spike,-19.1,2026-06-08
SIG-10822,PROD-00578,STORE-0022,seasonal,-37.4,2026-01-23
SIG-10823,PROD-04327,STORE-0191,decline,8.5,2026-02-27
SIG-10824,PROD-04590,STORE-0092,spike,36.9,2026-05-21
SIG-10825,PROD-01162,STORE-0244,seasonal,79.4,2026-08-08
SIG-10826,PROD-00943,STORE-0406,spike,11.1,2026-04-22
SIG-10827,PROD-03353,STORE-0282,seasonal,76.1,2026-08-04
SIG-10828,PROD-03927,STORE-0499,spike,-39.6,2026-06-13
SIG-10829,PROD-01984,STORE-0042,seasonal,12.7,2026-01-20
SIG-10830,PROD-00494,STORE-0261,spike,-6.4,2026-02-17
SIG-10831,PROD-03733,STORE-0422,seasonal,-20.8,2026-01-15
SIG-10832,PROD-00896,STORE-0299,decline,-32.8,2026-01-11
SIG-10833,PROD-01040,STORE-0180,decline,5.2,2026-06-06
SIG-10834,PROD-01321,STORE-0319,spike,23.6,2026-06-19
SIG-10835,PROD-00268,STORE-0105,decline,13.0,2026-06-17
SIG-10836,PROD-00305,STORE-0262,seasonal,41.5,2026-06-24
SIG-10837,PROD-04973,STORE-0221,seasonal,-25.2,2026-07-24
SIG-10838,PROD-01681,STORE-0473,spike,53.2,2026-01-25
SIG-10839,PROD-03809,STORE-0404,spike,48.5,2026-04-15
SIG-10840,PROD-00231,STORE-0334,spike,65.0,2026-03-27
SIG-10841,PROD-00078,STORE-0349,spike,-20.1,2026-05-26
SIG-10842,PROD-01149,STORE-0491,decline,74.2,2026-05-07
SIG-10843,PROD-04712,STORE-0273,seasonal,63.8,2026-07-15
SIG-10844,PROD-00936,STORE-0404,spike,25.1,2026-01-14
SIG-10845,PROD-00119,STORE-0109,spike,48.6,2026-07-19
SIG-10846,PROD-04602,STORE-0272,decline,-13.4,2026-03-12
SIG-10847,PROD-04730,STORE-0110,spike,50.1,2026-01-15
SIG-10848,PROD-02870,STORE-0474,spike,8.4,2026-04-21
SIG-10849,PROD-02797,STORE-0420,spike,11.1,2026-08-21
SIG-10850,PROD-04332,STORE-0457,seasonal,31.9,2026-08-09
SIG-10851,PROD-00125,STORE-0032,decline,35.6,2026-07-19
SIG-10852,PROD-04488,STORE-0260,seasonal,46.9,2026-02-03
SIG-10853,PROD-02660,STORE-0329,seasonal,-23.9,2026-04-24
SIG-10854,PROD-01256,STORE-0246,decline,-24.2,2026-01-24
SIG-10855,PROD-00916,STORE-0344,decline,48.1,2026-08-19
SIG-10856,PROD-03217,STORE-0121,seasonal,62.1,2026-07-16
SIG-10857,PROD-02437,STORE-0350,decline,44.8,2026-08-08
SIG-10858,PROD-03990,STORE-0195,decline,61.9,2026-04-16
SIG-10859,PROD-01044,STORE-0295,spike,-28.2,2026-04-14
SIG-10860,PROD-01649,STORE-0275,spike,57.3,2026-03-06
SIG-10861,PROD-01356,STORE-0386,spike,39.6,2026-04-22
SIG-10862,PROD-01234,STORE-0172,seasonal,41.8,2026-01-19
SIG-10863,PROD-00509,STORE-0091,seasonal,-24.6,2026-05-10
SIG-10864,PROD-04014,STORE-0004,seasonal,43.8,2026-08-17
SIG-10865,PROD-03256,STORE-0383,seasonal,61.7,2026-01-12
SIG-10866,PROD-00889,STORE-0211,seasonal,10.7,2026-07-10
SIG-10867,PROD-01485,STORE-0286,decline,33.3,2026-03-01
SIG-10868,PROD-00618,STORE-0334,decline,45.4,2026-02-09
SIG-10869,PROD-01533,STORE-0142,spike,26.4,2026-03-05
SIG-10870,PROD-03134,STORE-0437,seasonal,9.9,2026-02-14
SIG-10871,PROD-00095,STORE-0250,spike,71.9,2026-08-05
SIG-10872,PROD-01120,STORE-0024,seasonal,69.8,2026-03-23
SIG-10873,PROD-03666,STORE-0482,decline,40.2,2026-06-11
SIG-10874,PROD-02645,STORE-0377,seasonal,-21.8,2026-04-15
SIG-10875,PROD-00255,STORE-0465,decline,4.4,2026-04-10
SIG-10876,PROD-00661,STORE-0178,seasonal,5.2,2026-03-05
SIG-10877,PROD-02432,STORE-0050,seasonal,73.0,2026-02-12
SIG-10878,PROD-00594,STORE-0100,decline,-21.3,2026-04-11
SIG-10879,PROD-00961,STORE-0103,decline,77.2,2026-07-20
SIG-10880,PROD-00982,STORE-0413,seasonal,78.7,2026-05-21
SIG-10881,PROD-03841,STORE-0174,seasonal,-14.6,2026-05-11
SIG-10882,PROD-01480,STORE-0346,decline,22.4,2026-04-07
SIG-10883,PROD-04784,STORE-0147,seasonal,46.8,2026-08-21
SIG-10884,PROD-04426,STORE-0360,seasonal,12.0,2026-04-21
SIG-10885,PROD-00100,STORE-0318,seasonal,54.6,2026-06-12
SIG-10886,PROD-02984,STORE-0160,seasonal,19.7,2026-02-23
SIG-10887,PROD-04449,STORE-0278,decline,48.2,2026-01-12
SIG-10888,PROD-04527,STORE-0014,decline,27.3,2026-04-09
SIG-10889,PROD-04037,STORE-0061,spike,19.4,2026-07-15
SIG-10890,PROD-04158,STORE-0166,seasonal,5.3,2026-06-02
SIG-10891,PROD-03878,STORE-0092,decline,48.0,2026-05-20
SIG-10892,PROD-03463,STORE-0060,decline,63.8,2026-06-23
SIG-10893,PROD-04086,STORE-0115,spike,0.7,2026-07-18
SIG-10894,PROD-00659,STORE-0016,decline,-11.0,2026-08-16
SIG-10895,PROD-04916,STORE-0216,decline,49.4,2026-05-12
SIG-10896,PROD-04713,STORE-0197,seasonal,61.5,2026-04-06
SIG-10897,PROD-00115,STORE-0112,decline,-8.0,2026-08-08
SIG-10898,PROD-03766,STORE-0372,seasonal,-23.8,2026-08-19
SIG-10899,PROD-00833,STORE-0311,seasonal,29.1,2026-02-22
SIG-10900,PROD-03034,STORE-0213,seasonal,72.8,2026-01-16
SIG-10901,PROD-01313,STORE-0291,seasonal,79.2,2026-01-08
SIG-10902,PROD-01174,STORE-0094,spike,-3.4,2026-02-19
SIG-10903,PROD-02528,STORE-0455,decline,67.9,2026-05-02
SIG-10904,PROD-01133,STORE-0229,seasonal,53.7,2026-07-15
SIG-10905,PROD-01427,STORE-0450,decline,-8.9,2026-02-06
SIG-10906,PROD-02480,STORE-0256,spike,14.5,2026-07-12
SIG-10907,PROD-01322,STORE-0282,spike,52.9,2026-06-17
SIG-10908,PROD-03304,STORE-0058,spike,45.9,2026-05-11
SIG-10909,PROD-03782,STORE-0095,decline,53.9,2026-08-01
SIG-10910,PROD-04292,STORE-0119,seasonal,53.1,2026-01-24
SIG-10911,PROD-02285,STORE-0258,seasonal,65.8,2026-08-24
SIG-10912,PROD-03292,STORE-0321,spike,76.3,2026-08-10
SIG-10913,PROD-02350,STORE-0441,decline,59.4,2026-04-24
SIG-10914,PROD-00652,STORE-0381,decline,32.4,2026-03-23
SIG-10915,PROD-00586,STORE-0235,seasonal,76.0,2026-04-28
SIG-10916,PROD-01428,STORE-0400,seasonal,-13.7,2026-06-04
SIG-10917,PROD-03602,STORE-0421,decline,-2.3,2026-06-10
SIG-10918,PROD-02329,STORE-0007,spike,-24.0,2026-03-08
SIG-10919,PROD-02654,STORE-0382,spike,56.5,2026-04-06
SIG-10920,PROD-03938,STORE-0436,seasonal,38.3,2026-02-21
SIG-10921,PROD-00361,STORE-0078,seasonal,-23.5,2026-01-14
SIG-10922,PROD-01810,STORE-0146,decline,-5.5,2026-01-06
SIG-10923,PROD-01939,STORE-0227,seasonal,-28.1,2026-07-13
SIG-10924,PROD-04844,STORE-0153,decline,45.6,2026-08-28
SIG-10925,PROD-00535,STORE-0090,spike,15.3,2026-06-12
SIG-10926,PROD-04421,STORE-0215,spike,68.7,2026-02-17
SIG-10927,PROD-00603,STORE-0472,seasonal,55.1,2026-05-02
SIG-10928,PROD-03851,STORE-0169,decline,43.6,2026-07-17
SIG-10929,PROD-01123,STORE-0370,decline,49.7,2026-02-05
SIG-10930,PROD-02584,STORE-0155,seasonal,49.7,2026-05-05
SIG-10931,PROD-01754,STORE-0180,decline,70.1,2026-08-15
SIG-10932,PROD-01888,STORE-0030,spike,15.6,2026-06-22
SIG-10933,PROD-02909,STORE-0452,decline,45.0,2026-08-13
SIG-10934,PROD-04053,STORE-0395,decline,31.1,2026-02-27
SIG-10935,PROD-01561,STORE-0322,seasonal,58.7,2026-07-26
SIG-10936,PROD-03648,STORE-0226,spike,52.4,2026-08-24
SIG-10937,PROD-01312,STORE-0026,decline,9.2,2026-01-01
SIG-10938,PROD-02897,STORE-0460,seasonal,42.1,2026-08-13
SIG-10939,PROD-03094,STORE-0131,seasonal,-9.7,2026-04-17
SIG-10940,PROD-01142,STORE-0208,spike,-1.1,2026-03-05
SIG-10941,PROD-02508,STORE-0205,spike,1.3,2026-01-13
SIG-10942,PROD-01161,STORE-0054,spike,28.1,2026-05-02
SIG-10943,PROD-02406,STORE-0172,spike,6.1,2026-07-23
SIG-10944,PROD-04803,STORE-0424,spike,30.5,2026-06-15
SIG-10945,PROD-00303,STORE-0098,decline,-14.0,2026-02-15
SIG-10946,PROD-01487,STORE-0146,seasonal,71.1,2026-02-15
SIG-10947,PROD-04355,STORE-0302,decline,18.1,2026-08-05
SIG-10948,PROD-00284,STORE-0349,seasonal,73.0,2026-02-13
SIG-10949,PROD-01260,STORE-0487,decline,-18.4,2026-01-27
SIG-10950,PROD-00083,STORE-0439,decline,15.8,2026-03-01
SIG-10951,PROD-03052,STORE-0026,seasonal,-39.0,2026-01-09
SIG-10952,PROD-02920,STORE-0346,seasonal,64.9,2026-01-25
SIG-10953,PROD-00642,STORE-0085,decline,68.1,2026-07-16
SIG-10954,PROD-03134,STORE-0106,spike,38.0,2026-04-10
SIG-10955,PROD-04699,STORE-0217,seasonal,33.3,2026-05-26
SIG-10956,PROD-04645,STORE-0040,decline,57.4,2026-07-03
SIG-10957,PROD-03316,STORE-0087,decline,70.2,2026-01-23
SIG-10958,PROD-04872,STORE-0130,seasonal,79.3,2026-02-02
SIG-10959,PROD-00696,STORE-0183,decline,19.9,2026-08-02
SIG-10960,PROD-04494,STORE-0332,seasonal,10.1,2026-04-13
SIG-10961,PROD-04473,STORE-0290,decline,67.3,2026-06-14
SIG-10962,PROD-00883,STORE-0311,spike,64.2,2026-06-16
SIG-10963,PROD-00610,STORE-0316,decline,-15.8,2026-02-03
SIG-10964,PROD-03577,STORE-0461,spike,33.7,2026-07-23
SIG-10965,PROD-04389,STORE-0157,spike,62.5,2026-03-15
SIG-10966,PROD-01868,STORE-0492,decline,78.2,2026-05-07
SIG-10967,PROD-00061,STORE-0055,decline,24.7,2026-07-16
SIG-10968,PROD-02639,STORE-0275,seasonal,-18.7,2026-08-14
SIG-10969,PROD-03033,STORE-0341,spike,37.0,2026-01-12
SIG-10970,PROD-02544,STORE-0256,decline,-16.8,2026-02-02
SIG-10971,PROD-00127,STORE-0324,decline,17.5,2026-07-17
SIG-10972,PROD-00301,STORE-0174,spike,21.1,2026-08-22
SIG-10973,PROD-02977,STORE-0439,decline,68.2,2026-06-26
SIG-10974,PROD-04241,STORE-0370,spike,-37.0,2026-02-21
SIG-10975,PROD-04088,STORE-0038,decline,12.4,2026-04-06
SIG-10976,PROD-04731,STORE-0111,decline,36.3,2026-03-26
SIG-10977,PROD-03480,STORE-0194,seasonal,45.0,2026-03-02
SIG-10978,PROD-01335,STORE-0411,decline,35.2,2026-02-13
SIG-10979,PROD-04000,STORE-0184,spike,46.0,2026-03-16
SIG-10980,PROD-00432,STORE-0357,spike,1.6,2026-05-03
SIG-10981,PROD-00100,STORE-0071,seasonal,3.9,2026-05-05
SIG-10982,PROD-00354,STORE-0215,seasonal,18.3,2026-05-28
SIG-10983,PROD-03740,STORE-0130,seasonal,-25.1,2026-08-10
SIG-10984,PROD-00782,STORE-0474,seasonal,-31.5,2026-08-13
SIG-10985,PROD-01484,STORE-0489,decline,-30.1,2026-06-28
SIG-10986,PROD-03806,STORE-0431,seasonal,43.2,2026-04-28
SIG-10987,PROD-04604,STORE-0492,decline,34.3,2026-08-20
SIG-10988,PROD-04940,STORE-0157,seasonal,-23.1,2026-05-16
SIG-10989,PROD-03846,STORE-0120,seasonal,24.1,2026-03-02
SIG-10990,PROD-02043,STORE-0238,spike,62.6,2026-01-01
SIG-10991,PROD-02436,STORE-0439,seasonal,1.5,2026-05-28
SIG-10992,PROD-03503,STORE-0217,decline,-33.7,2026-06-05
SIG-10993,PROD-01822,STORE-0289,decline,29.2,2026-04-19
SIG-10994,PROD-03653,STORE-0426,spike,-8.3,2026-05-10
SIG-10995,PROD-00662,STORE-0047,decline,34.0,2026-01-26
SIG-10996,PROD-04583,STORE-0471,seasonal,26.6,2026-07-12
SIG-10997,PROD-03843,STORE-0113,spike,53.1,2026-06-24
SIG-10998,PROD-02459,STORE-0274,decline,12.2,2026-06-09
SIG-10999,PROD-02551,STORE-0239,spike,26.5,2026-08-22
SIG-11000,PROD-02137,STORE-0027,decline,56.0,2026-06-27
SIG-11001,PROD-03456,STORE-0407,decline,43.6,2026-01-08
SIG-11002,PROD-04077,STORE-0087,decline,-3.7,2026-03-24
SIG-11003,PROD-03185,STORE-0065,seasonal,54.7,2026-03-05
SIG-11004,PROD-03455,STORE-0452,seasonal,29.9,2026-06-20
SIG-11005,PROD-00793,STORE-0162,spike,74.6,2026-03-20
SIG-11006,PROD-03436,STORE-0207,spike,53.7,2026-04-07
SIG-11007,PROD-00544,STORE-0067,decline,26.9,2026-05-28
SIG-11008,PROD-03578,STORE-0486,spike,1.1,2026-08-05
SIG-11009,PROD-00584,STORE-0285,seasonal,24.6,2026-05-23
SIG-11010,PROD-01044,STORE-0423,decline,-26.1,2026-07-11
SIG-11011,PROD-00775,STORE-0243,spike,45.2,2026-06-24
SIG-11012,PROD-01868,STORE-0027,decline,28.7,2026-04-09
SIG-11013,PROD-00908,STORE-0030,decline,47.8,2026-05-02
SIG-11014,PROD-02153,STORE-0439,spike,-17.0,2026-05-12
SIG-11015,PROD-03815,STORE-0036,decline,65.8,2026-05-05
SIG-11016,PROD-00903,STORE-0327,decline,68.9,2026-01-23
SIG-11017,PROD-00149,STORE-0400,seasonal,55.0,2026-02-16
SIG-11018,PROD-03924,STORE-0478,decline,-4.1,2026-05-26
SIG-11019,PROD-02308,STORE-0042,decline,53.9,2026-06-05
SIG-11020,PROD-04449,STORE-0300,decline,-30.1,2026-07-28
SIG-11021,PROD-00414,STORE-0443,seasonal,22.4,2026-08-04
SIG-11022,PROD-02113,STORE-0275,spike,-36.8,2026-04-21
SIG-11023,PROD-02663,STORE-0421,spike,-21.4,2026-05-26
SIG-11024,PROD-03832,STORE-0450,decline,28.9,2026-01-21
SIG-11025,PROD-01740,STORE-0473,seasonal,31.6,2026-01-07
SIG-11026,PROD-00438,STORE-0015,decline,71.3,2026-02-12
SIG-11027,PROD-01747,STORE-0199,seasonal,-22.9,2026-07-23
SIG-11028,PROD-03434,STORE-0194,spike,79.1,2026-05-27
SIG-11029,PROD-03253,STORE-0477,decline,-38.4,2026-02-25
SIG-11030,PROD-03784,STORE-0175,decline,50.7,2026-01-24
SIG-11031,PROD-01361,STORE-0092,decline,-14.8,2026-05-12
SIG-11032,PROD-02530,STORE-0269,spike,11.9,2026-06-16
SIG-11033,PROD-00512,STORE-0177,seasonal,29.5,2026-02-22
SIG-11034,PROD-04311,STORE-0041,seasonal,71.0,2026-08-14
SIG-11035,PROD-02163,STORE-0273,spike,42.4,2026-02-17
SIG-11036,PROD-01678,STORE-0363,decline,-18.0,2026-03-03
SIG-11037,PROD-01811,STORE-0356,decline,63.1,2026-01-15
SIG-11038,PROD-00446,STORE-0046,decline,-12.2,2026-06-06
SIG-11039,PROD-02729,STORE-0108,seasonal,11.4,2026-04-01
SIG-11040,PROD-02806,STORE-0305,spike,-36.3,2026-01-04
SIG-11041,PROD-02454,STORE-0288,decline,-10.6,2026-07-02
SIG-11042,PROD-04211,STORE-0464,spike,44.7,2026-01-09
SIG-11043,PROD-02575,STORE-0032,spike,-34.9,2026-02-13
SIG-11044,PROD-04341,STORE-0283,decline,51.1,2026-04-16
SIG-11045,PROD-04759,STORE-0375,decline,14.4,2026-06-11
SIG-11046,PROD-00343,STORE-0478,spike,67.2,2026-01-02
SIG-11047,PROD-02855,STORE-0353,seasonal,32.4,2026-08-19
SIG-11048,PROD-01882,STORE-0005,decline,-16.8,2026-08-11
SIG-11049,PROD-02044,STORE-0193,spike,-3.9,2026-08-22
SIG-11050,PROD-01528,STORE-0316,decline,30.8,2026-06-10
SIG-11051,PROD-04927,STORE-0141,seasonal,42.4,2026-05-20
SIG-11052,PROD-02148,STORE-0218,spike,73.1,2026-03-27
SIG-11053,PROD-04353,STORE-0478,seasonal,-22.1,2026-01-10
SIG-11054,PROD-03621,STORE-0064,decline,-30.2,2026-02-14
SIG-11055,PROD-00888,STORE-0495,spike,68.7,2026-06-04
SIG-11056,PROD-02737,STORE-0464,spike,-31.0,2026-03-07
SIG-11057,PROD-02970,STORE-0224,decline,35.0,2026-06-11
SIG-11058,PROD-02900,STORE-0314,decline,-9.6,2026-01-25
SIG-11059,PROD-03030,STORE-0018,decline,27.7,2026-05-13
SIG-11060,PROD-02454,STORE-0091,spike,-7.2,2026-03-18
SIG-11061,PROD-03845,STORE-0428,decline,4.6,2026-04-15
SIG-11062,PROD-03058,STORE-0495,spike,72.6,2026-04-14
SIG-11063,PROD-02797,STORE-0040,seasonal,-34.6,2026-02-12
SIG-11064,PROD-00425,STORE-0126,seasonal,1.8,2026-06-04
SIG-11065,PROD-01083,STORE-0283,seasonal,74.0,2026-06-20
SIG-11066,PROD-04354,STORE-0384,seasonal,54.5,2026-02-06
SIG-11067,PROD-02997,STORE-0184,spike,-5.1,2026-01-28
SIG-11068,PROD-03179,STORE-0120,decline,-9.5,2026-08-16
SIG-11069,PROD-01345,STORE-0007,seasonal,-7.2,2026-04-01
SIG-11070,PROD-04408,STORE-0267,seasonal,12.2,2026-03-12
SIG-11071,PROD-00980,STORE-0466,decline,59.4,2026-03-25
SIG-11072,PROD-01348,STORE-0091,decline,70.4,2026-06-01
SIG-11073,PROD-02252,STORE-0161,decline,24.2,2026-04-20
SIG-11074,PROD-04667,STORE-0229,decline,30.6,2026-06-23
SIG-11075,PROD-03337,STORE-0312,spike,18.0,2026-08-09
SIG-11076,PROD-00277,STORE-0401,decline,-3.9,2026-01-20
SIG-11077,PROD-02089,STORE-0242,decline,72.7,2026-04-25
SIG-11078,PROD-00234,STORE-0280,decline,11.1,2026-03-17
SIG-11079,PROD-02469,STORE-0181,spike,44.7,2026-08-21
SIG-11080,PROD-04353,STORE-0414,decline,79.1,2026-07-19
SIG-11081,PROD-03248,STORE-0286,spike,9.9,2026-04-06
SIG-11082,PROD-03756,STORE-0034,decline,45.7,2026-07-24
SIG-11083,PROD-00626,STORE-0152,seasonal,57.6,2026-07-14
SIG-11084,PROD-03104,STORE-0357,spike,70.3,2026-07-17
SIG-11085,PROD-00329,STORE-0074,seasonal,-39.1,2026-07-02
SIG-11086,PROD-03488,STORE-0184,seasonal,61.9,2026-01-24
SIG-11087,PROD-00059,STORE-0116,spike,24.8,2026-04-11
SIG-11088,PROD-04691,STORE-0219,spike,42.6,2026-01-12
SIG-11089,PROD-01646,STORE-0138,spike,-33.8,2026-06-21
SIG-11090,PROD-03833,STORE-0137,spike,-29.0,2026-05-23
SIG-11091,PROD-02004,STORE-0469,seasonal,61.9,2026-04-11
SIG-11092,PROD-02397,STORE-0177,seasonal,6.1,2026-01-26
SIG-11093,PROD-01796,STORE-0255,spike,6.3,2026-06-14
SIG-11094,PROD-01479,STORE-0423,spike,-20.0,2026-07-07
SIG-11095,PROD-02191,STORE-0362,spike,77.9,2026-05-08
SIG-11096,PROD-02871,STORE-0405,seasonal,42.2,2026-02-13
SIG-11097,PROD-02384,STORE-0027,spike,12.0,2026-02-27
SIG-11098,PROD-03614,STORE-0329,seasonal,-24.6,2026-05-28
SIG-11099,PROD-04669,STORE-0314,seasonal,-20.3,2026-05-22
SIG-11100,PROD-02893,STORE-0037,seasonal,50.3,2026-07-09
SIG-11101,PROD-04944,STORE-0199,spike,29.3,2026-02-24
SIG-11102,PROD-03298,STORE-0065,spike,-13.0,2026-01-02
SIG-11103,PROD-01932,STORE-0015,spike,33.9,2026-02-25
SIG-11104,PROD-04909,STORE-0412,decline,9.8,2026-07-28
SIG-11105,PROD-02844,STORE-0359,decline,38.1,2026-01-14
SIG-11106,PROD-02109,STORE-0136,decline,74.5,2026-05-26
SIG-11107,PROD-02350,STORE-0355,seasonal,-3.1,2026-07-27
SIG-11108,PROD-03809,STORE-0495,seasonal,-17.2,2026-03-05
SIG-11109,PROD-02829,STORE-0289,seasonal,52.2,2026-01-11
SIG-11110,PROD-00777,STORE-0022,decline,-5.4,2026-08-26
SIG-11111,PROD-02533,STORE-0174,seasonal,48.4,2026-06-04
SIG-11112,PROD-02507,STORE-0493,seasonal,44.1,2026-05-26
SIG-11113,PROD-00610,STORE-0100,spike,74.7,2026-08-19
SIG-11114,PROD-00662,STORE-0047,seasonal,44.9,2026-04-07
SIG-11115,PROD-03353,STORE-0321,seasonal,-10.9,2026-01-09
SIG-11116,PROD-02667,STORE-0260,spike,68.8,2026-04-25
SIG-11117,PROD-03386,STORE-0449,spike,-29.6,2026-07-08
SIG-11118,PROD-01773,STORE-0010,seasonal,10.4,2026-06-16
SIG-11119,PROD-04223,STORE-0385,spike,-28.6,2026-05-15
SIG-11120,PROD-01380,STORE-0133,seasonal,55.5,2026-01-18
SIG-11121,PROD-02833,STORE-0267,seasonal,76.8,2026-07-14
SIG-11122,PROD-00653,STORE-0419,seasonal,24.2,2026-07-21
SIG-11123,PROD-02252,STORE-0408,decline,8.2,2026-01-17
SIG-11124,PROD-01251,STORE-0256,seasonal,-14.5,2026-01-08
SIG-11125,PROD-03346,STORE-0290,seasonal,15.8,2026-03-28
SIG-11126,PROD-02204,STORE-0339,decline,9.9,2026-03-26
SIG-11127,PROD-00079,STORE-0118,decline,22.5,2026-02-27
SIG-11128,PROD-02755,STORE-0357,spike,30.2,2026-04-02
SIG-11129,PROD-04976,STORE-0240,decline,26.6,2026-02-22
SIG-11130,PROD-01405,STORE-0203,spike,-21.0,2026-03-24
SIG-11131,PROD-00379,STORE-0240,spike,66.8,2026-07-11
SIG-11132,PROD-02196,STORE-0366,seasonal,-9.1,2026-08-11
SIG-11133,PROD-00235,STORE-0024,seasonal,-36.2,2026-05-05
SIG-11134,PROD-03262,STORE-0309,decline,9.0,2026-08-09
SIG-11135,PROD-00692,STORE-0106,spike,60.4,2026-02-19
SIG-11136,PROD-00493,STORE-0141,decline,-5.0,2026-08-08
SIG-11137,PROD-03590,STORE-0169,seasonal,-23.2,2026-01-06
SIG-11138,PROD-02764,STORE-0390,spike,15.0,2026-05-27
SIG-11139,PROD-01139,STORE-0374,decline,30.0,2026-08-19
SIG-11140,PROD-01230,STORE-0138,seasonal,31.0,2026-07-17
SIG-11141,PROD-01762,STORE-0074,spike,2.8,2026-04-21
SIG-11142,PROD-02666,STORE-0080,decline,-27.7,2026-04-04
SIG-11143,PROD-00039,STORE-0214,seasonal,-3.1,2026-04-20
SIG-11144,PROD-04883,STORE-0101,seasonal,-21.6,2026-04-10
SIG-11145,PROD-01495,STORE-0389,decline,42.7,2026-06-19
SIG-11146,PROD-04316,STORE-0031,spike,-36.5,2026-05-23
SIG-11147,PROD-03087,STORE-0409,decline,77.7,2026-06-03
SIG-11148,PROD-04952,STORE-0164,decline,17.6,2026-08-02
SIG-11149,PROD-01689,STORE-0222,seasonal,66.3,2026-06-13
SIG-11150,PROD-04936,STORE-0215,seasonal,79.0,2026-01-09
SIG-11151,PROD-00320,STORE-0120,decline,69.0,2026-06-26
SIG-11152,PROD-02530,STORE-0009,decline,76.3,2026-04-28
SIG-11153,PROD-01299,STORE-0266,spike,-26.2,2026-06-20
SIG-11154,PROD-03745,STORE-0226,spike,-14.2,2026-05-23
SIG-11155,PROD-01742,STORE-0381,decline,39.6,2026-06-23
SIG-11156,PROD-04720,STORE-0227,seasonal,-9.8,2026-05-09
SIG-11157,PROD-02067,STORE-0229,decline,-12.5,2026-06-27
SIG-11158,PROD-01734,STORE-0046,seasonal,-36.5,2026-05-08
SIG-11159,PROD-00209,STORE-0076,decline,19.7,2026-03-23
SIG-11160,PROD-00024,STORE-0150,seasonal,-0.7,2026-06-13
SIG-11161,PROD-01468,STORE-0086,decline,-22.8,2026-05-12
SIG-11162,PROD-02280,STORE-0391,decline,35.2,2026-06-10
SIG-11163,PROD-00151,STORE-0013,decline,52.9,2026-01-22
SIG-11164,PROD-00464,STORE-0309,spike,-39.2,2026-07-09
SIG-11165,PROD-00936,STORE-0268,seasonal,-20.6,2026-08-16
SIG-11166,PROD-04607,STORE-0069,spike,53.2,2026-05-14
SIG-11167,PROD-02859,STORE-0260,seasonal,-32.9,2026-08-14
SIG-11168,PROD-02424,STORE-0040,decline,-35.2,2026-05-20
SIG-11169,PROD-04366,STORE-0068,seasonal,-35.6,2026-04-08
SIG-11170,PROD-03438,STORE-0424,spike,-37.1,2026-07-02
SIG-11171,PROD-00116,STORE-0057,decline,61.2,2026-05-02
SIG-11172,PROD-00595,STORE-0345,spike,64.2,2026-01-27
SIG-11173,PROD-03733,STORE-0150,spike,66.4,2026-02-17
SIG-11174,PROD-03620,STORE-0308,decline,35.8,2026-03-16
SIG-11175,PROD-03199,STORE-0228,seasonal,62.2,2026-07-28
SIG-11176,PROD-03638,STORE-0396,spike,15.8,2026-04-22
SIG-11177,PROD-00959,STORE-0451,seasonal,-38.9,2026-01-07
SIG-11178,PROD-01644,STORE-0249,decline,-36.2,2026-02-18
SIG-11179,PROD-01423,STORE-0409,seasonal,49.8,2026-02-12
SIG-11180,PROD-00916,STORE-0188,decline,4.9,2026-02-11
SIG-11181,PROD-02518,STORE-0021,decline,25.0,2026-04-16
SIG-11182,PROD-00701,STORE-0240,seasonal,-1.1,2026-04-15
SIG-11183,PROD-02480,STORE-0090,seasonal,-20.4,2026-06-11
SIG-11184,PROD-00044,STORE-0120,decline,-16.0,2026-05-06
SIG-11185,PROD-04266,STORE-0194,seasonal,-22.9,2026-06-15
SIG-11186,PROD-01343,STORE-0029,spike,-25.4,2026-06-04
SIG-11187,PROD-01628,STORE-0026,seasonal,60.0,2026-06-08
SIG-11188,PROD-00025,STORE-0316,decline,-35.8,2026-01-10
SIG-11189,PROD-02610,STORE-0265,seasonal,10.6,2026-08-11
SIG-11190,PROD-04091,STORE-0026,spike,73.7,2026-08-13
SIG-11191,PROD-00112,STORE-0046,spike,74.5,2026-04-28
SIG-11192,PROD-00477,STORE-0214,seasonal,-5.3,2026-07-16
SIG-11193,PROD-01631,STORE-0172,seasonal,76.5,2026-08-22
SIG-11194,PROD-00362,STORE-0127,seasonal,-14.6,2026-01-15
SIG-11195,PROD-01273,STORE-0169,spike,3.2,2026-03-08
SIG-11196,PROD-00767,STORE-0171,seasonal,-13.0,2026-07-04
SIG-11197,PROD-02550,STORE-0368,seasonal,-28.5,2026-04-22
SIG-11198,PROD-04156,STORE-0115,seasonal,51.0,2026-03-14
SIG-11199,PROD-00590,STORE-0172,seasonal,24.6,2026-06-06
SIG-11200,PROD-04361,STORE-0412,decline,26.3,2026-06-15
SIG-11201,PROD-00561,STORE-0019,seasonal,40.0,2026-06-03
SIG-11202,PROD-03600,STORE-0338,spike,-2.7,2026-07-27
SIG-11203,PROD-03506,STORE-0373,spike,-15.5,2026-03-26
SIG-11204,PROD-04173,STORE-0230,decline,-9.1,2026-01-01
SIG-11205,PROD-01543,STORE-0083,spike,-9.8,2026-07-16
SIG-11206,PROD-03282,STORE-0445,seasonal,-29.7,2026-08-23
SIG-11207,PROD-01765,STORE-0107,decline,57.1,2026-05-08
SIG-11208,PROD-04632,STORE-0411,seasonal,-32.4,2026-07-12
SIG-11209,PROD-04816,STORE-0294,seasonal,62.4,2026-01-23
SIG-11210,PROD-03155,STORE-0146,decline,-9.4,2026-01-18
SIG-11211,PROD-04496,STORE-0498,spike,40.4,2026-02-10
SIG-11212,PROD-03843,STORE-0111,seasonal,2.4,2026-04-18
SIG-11213,PROD-04513,STORE-0497,spike,-31.3,2026-08-22
SIG-11214,PROD-02322,STORE-0496,seasonal,-4.3,2026-01-21
SIG-11215,PROD-03485,STORE-0243,seasonal,-36.0,2026-03-17
SIG-11216,PROD-01106,STORE-0348,spike,6.4,2026-04-20
SIG-11217,PROD-02527,STORE-0314,seasonal,-33.6,2026-07-13
SIG-11218,PROD-02002,STORE-0060,seasonal,33.0,2026-02-25
SIG-11219,PROD-03232,STORE-0069,seasonal,-8.7,2026-08-19
SIG-11220,PROD-01164,STORE-0498,spike,-32.4,2026-07-04
SIG-11221,PROD-02893,STORE-0166,decline,74.8,2026-08-07
SIG-11222,PROD-00333,STORE-0288,spike,-10.7,2026-05-15
SIG-11223,PROD-02624,STORE-0303,decline,9.4,2026-06-17
SIG-11224,PROD-04145,STORE-0448,seasonal,70.8,2026-06-10
SIG-11225,PROD-00313,STORE-0459,seasonal,-11.8,2026-03-09
SIG-11226,PROD-00074,STORE-0342,decline,6.5,2026-07-13
SIG-11227,PROD-04673,STORE-0304,decline,-27.2,2026-08-07
SIG-11228,PROD-03527,STORE-0259,decline,30.2,2026-03-28
SIG-11229,PROD-00024,STORE-0007,spike,-17.1,2026-04-07
SIG-11230,PROD-01663,STORE-0467,decline,-5.0,2026-07-03
SIG-11231,PROD-01215,STORE-0352,seasonal,12.6,2026-03-21
SIG-11232,PROD-04126,STORE-0391,seasonal,50.3,2026-05-18
SIG-11233,PROD-01802,STORE-0246,spike,2.8,2026-02-21
SIG-11234,PROD-03098,STORE-0284,spike,35.0,2026-05-03
SIG-11235,PROD-03504,STORE-0409,spike,-2.2,2026-04-03
SIG-11236,PROD-02256,STORE-0076,seasonal,60.2,2026-08-17
SIG-11237,PROD-02061,STORE-0411,decline,-22.9,2026-06-19
SIG-11238,PROD-01340,STORE-0297,seasonal,30.5,2026-02-21
SIG-11239,PROD-01403,STORE-0233,spike,-6.0,2026-05-25
SIG-11240,PROD-01311,STORE-0077,spike,1.0,2026-04-17
SIG-11241,PROD-02332,STORE-0475,decline,66.4,2026-06-06
SIG-11242,PROD-04660,STORE-0230,seasonal,31.8,2026-02-24
SIG-11243,PROD-02930,STORE-0286,seasonal,-16.9,2026-02-16
SIG-11244,PROD-04661,STORE-0251,spike,48.4,2026-02-08
SIG-11245,PROD-00445,STORE-0171,seasonal,69.3,2026-04-22
SIG-11246,PROD-00227,STORE-0257,seasonal,-16.9,2026-02-04
SIG-11247,PROD-02528,STORE-0234,seasonal,25.1,2026-08-19
SIG-11248,PROD-02579,STORE-0416,spike,-23.5,2026-08-24
SIG-11249,PROD-00282,STORE-0217,spike,48.8,2026-06-18
SIG-11250,PROD-00122,STORE-0230,spike,18.6,2026-06-01
SIG-11251,PROD-01082,STORE-0306,seasonal,-1.6,2026-04-13
SIG-11252,PROD-03727,STORE-0363,seasonal,45.1,2026-02-22
SIG-11253,PROD-04828,STORE-0242,decline,-15.7,2026-06-20
SIG-11254,PROD-02968,STORE-0014,spike,6.4,2026-01-22
SIG-11255,PROD-03334,STORE-0273,seasonal,13.8,2026-05-08
SIG-11256,PROD-04168,STORE-0231,seasonal,-10.5,2026-07-19
SIG-11257,PROD-03760,STORE-0400,decline,31.5,2026-03-01
SIG-11258,PROD-00058,STORE-0398,seasonal,64.1,2026-08-16
SIG-11259,PROD-03500,STORE-0245,spike,63.0,2026-02-26
SIG-11260,PROD-02163,STORE-0142,decline,63.6,2026-03-23
SIG-11261,PROD-00631,STORE-0032,decline,22.6,2026-01-18
SIG-11262,PROD-04586,STORE-0185,seasonal,45.7,2026-06-28
SIG-11263,PROD-00855,STORE-0446,seasonal,18.2,2026-06-08
SIG-11264,PROD-02223,STORE-0023,decline,21.3,2026-08-28
SIG-11265,PROD-00773,STORE-0360,decline,22.8,2026-03-01
SIG-11266,PROD-04072,STORE-0167,seasonal,-32.5,2026-01-20
SIG-11267,PROD-02141,STORE-0037,decline,70.3,2026-07-18
SIG-11268,PROD-04936,STORE-0401,spike,41.7,2026-05-06
SIG-11269,PROD-00618,STORE-0155,decline,6.1,2026-04-18
SIG-11270,PROD-01342,STORE-0463,decline,60.5,2026-05-20
SIG-11271,PROD-00466,STORE-0483,seasonal,15.2,2026-06-20
SIG-11272,PROD-02413,STORE-0455,spike,45.6,2026-06-20
SIG-11273,PROD-02700,STORE-0434,spike,-8.9,2026-05-11
SIG-11274,PROD-04773,STORE-0241,seasonal,23.1,2026-04-17
SIG-11275,PROD-02954,STORE-0131,spike,47.7,2026-06-06
SIG-11276,PROD-01380,STORE-0323,seasonal,22.2,2026-08-24
SIG-11277,PROD-04941,STORE-0498,decline,58.1,2026-01-19
SIG-11278,PROD-04643,STORE-0350,spike,-22.8,2026-03-09
SIG-11279,PROD-01801,STORE-0445,spike,74.0,2026-03-08
SIG-11280,PROD-03744,STORE-0371,spike,4.5,2026-02-19
SIG-11281,PROD-04544,STORE-0101,seasonal,34.8,2026-06-26
SIG-11282,PROD-01970,STORE-0228,decline,-29.0,2026-02-24
SIG-11283,PROD-02721,STORE-0406,seasonal,-9.0,2026-04-04
SIG-11284,PROD-03864,STORE-0254,spike,18.3,2026-01-22
SIG-11285,PROD-04223,STORE-0236,seasonal,36.9,2026-01-24
SIG-11286,PROD-02830,STORE-0470,decline,46.2,2026-05-11
SIG-11287,PROD-04710,STORE-0379,seasonal,49.3,2026-03-24
SIG-11288,PROD-03721,STORE-0238,decline,-5.1,2026-02-22
SIG-11289,PROD-03162,STORE-0262,spike,2.7,2026-03-02
SIG-11290,PROD-01307,STORE-0181,spike,49.1,2026-04-27
SIG-11291,PROD-03100,STORE-0390,spike,77.6,2026-07-09
SIG-11292,PROD-04855,STORE-0185,seasonal,57.1,2026-01-28
SIG-11293,PROD-00137,STORE-0330,decline,33.5,2026-05-10
SIG-11294,PROD-04816,STORE-0480,spike,-21.7,2026-01-06
SIG-11295,PROD-00564,STORE-0449,spike,-2.8,2026-05-17
SIG-11296,PROD-03438,STORE-0424,decline,-5.5,2026-05-11
SIG-11297,PROD-02261,STORE-0054,seasonal,79.4,2026-07-27
SIG-11298,PROD-01975,STORE-0056,spike,1.1,2026-03-21
SIG-11299,PROD-01958,STORE-0446,spike,50.2,2026-07-09
SIG-11300,PROD-02191,STORE-0487,decline,43.4,2026-05-19
SIG-11301,PROD-02356,STORE-0257,seasonal,24.2,2026-08-20
SIG-11302,PROD-02120,STORE-0217,spike,57.9,2026-07-13
SIG-11303,PROD-03702,STORE-0007,seasonal,79.8,2026-08-25
SIG-11304,PROD-03488,STORE-0186,spike,-18.2,2026-06-15
SIG-11305,PROD-00678,STORE-0137,seasonal,5.8,2026-02-23
SIG-11306,PROD-03622,STORE-0058,spike,68.8,2026-04-14
SIG-11307,PROD-04024,STORE-0086,decline,76.4,2026-02-22
SIG-11308,PROD-00589,STORE-0180,seasonal,71.9,2026-08-23
SIG-11309,PROD-03031,STORE-0455,spike,19.8,2026-02-03
SIG-11310,PROD-00222,STORE-0266,decline,45.2,2026-08-23
SIG-11311,PROD-00202,STORE-0122,seasonal,-14.2,2026-04-24
SIG-11312,PROD-03522,STORE-0072,decline,72.7,2026-05-16
SIG-11313,PROD-02683,STORE-0097,seasonal,48.0,2026-01-01
SIG-11314,PROD-01683,STORE-0361,seasonal,23.6,2026-08-16
SIG-11315,PROD-04212,STORE-0428,spike,-30.8,2026-01-16
SIG-11316,PROD-02195,STORE-0393,seasonal,42.7,2026-05-18
SIG-11317,PROD-04124,STORE-0484,spike,15.5,2026-08-08
SIG-11318,PROD-04843,STORE-0251,spike,9.3,2026-02-02
SIG-11319,PROD-02139,STORE-0033,seasonal,34.3,2026-05-08
SIG-11320,PROD-00944,STORE-0139,seasonal,68.6,2026-04-28
SIG-11321,PROD-00618,STORE-0441,seasonal,64.1,2026-07-10
SIG-11322,PROD-01118,STORE-0224,seasonal,59.2,2026-06-07
SIG-11323,PROD-01106,STORE-0197,seasonal,-35.7,2026-06-06
SIG-11324,PROD-01707,STORE-0316,seasonal,19.7,2026-02-23
SIG-11325,PROD-02815,STORE-0416,seasonal,12.2,2026-04-05
SIG-11326,PROD-02854,STORE-0256,seasonal,75.3,2026-04-03
SIG-11327,PROD-00603,STORE-0306,seasonal,-10.8,2026-06-27
SIG-11328,PROD-04949,STORE-0403,seasonal,17.4,2026-04-21
SIG-11329,PROD-04228,STORE-0156,spike,17.6,2026-06-07
SIG-11330,PROD-01966,STORE-0031,seasonal,71.2,2026-02-16
SIG-11331,PROD-01825,STORE-0305,decline,57.4,2026-08-16
SIG-11332,PROD-03364,STORE-0027,seasonal,60.4,2026-04-14
SIG-11333,PROD-01438,STORE-0213,decline,67.6,2026-01-26
SIG-11334,PROD-01582,STORE-0075,decline,59.0,2026-06-06
SIG-11335,PROD-01553,STORE-0201,spike,-1.8,2026-02-05
SIG-11336,PROD-01340,STORE-0214,decline,43.9,2026-05-27
SIG-11337,PROD-02895,STORE-0263,seasonal,12.1,2026-02-15
SIG-11338,PROD-01294,STORE-0091,decline,21.0,2026-06-21
SIG-11339,PROD-02817,STORE-0246,spike,44.7,2026-07-03
SIG-11340,PROD-03124,STORE-0493,spike,-21.5,2026-02-01
SIG-11341,PROD-04113,STORE-0487,decline,75.3,2026-03-09
SIG-11342,PROD-04206,STORE-0374,decline,16.7,2026-02-14
SIG-11343,PROD-02176,STORE-0448,seasonal,-15.1,2026-07-10
SIG-11344,PROD-00875,STORE-0300,seasonal,-1.7,2026-01-10
SIG-11345,PROD-02329,STORE-0047,spike,2.4,2026-01-14
SIG-11346,PROD-02491,STORE-0468,decline,-11.2,2026-03-15
SIG-11347,PROD-00258,STORE-0272,seasonal,-28.1,2026-01-04
SIG-11348,PROD-04384,STORE-0477,decline,72.4,2026-02-11
SIG-11349,PROD-03980,STORE-0382,seasonal,30.9,2026-02-06
SIG-11350,PROD-00009,STORE-0461,decline,-4.5,2026-07-23
SIG-11351,PROD-01366,STORE-0355,seasonal,-25.0,2026-03-15
SIG-11352,PROD-01683,STORE-0492,seasonal,-6.9,2026-05-26
SIG-11353,PROD-01231,STORE-0094,seasonal,-37.9,2026-05-11
SIG-11354,PROD-03056,STORE-0454,decline,13.3,2026-02-10
SIG-11355,PROD-02815,STORE-0227,decline,36.6,2026-07-04
SIG-11356,PROD-00464,STORE-0470,spike,55.1,2026-07-21
SIG-11357,PROD-00868,STORE-0210,seasonal,28.0,2026-04-10
SIG-11358,PROD-04141,STORE-0343,seasonal,-26.1,2026-04-12
SIG-11359,PROD-02899,STORE-0314,seasonal,37.9,2026-08-14
SIG-11360,PROD-02834,STORE-0425,decline,13.0,2026-04-20
SIG-11361,PROD-00890,STORE-0260,seasonal,33.0,2026-04-06
SIG-11362,PROD-03771,STORE-0116,spike,-4.1,2026-03-23
SIG-11363,PROD-02269,STORE-0394,seasonal,-22.2,2026-06-25
SIG-11364,PROD-01297,STORE-0189,seasonal,40.5,2026-01-10
SIG-11365,PROD-02394,STORE-0130,decline,-5.4,2026-04-06
SIG-11366,PROD-00005,STORE-0106,seasonal,11.4,2026-04-15
SIG-11367,PROD-04673,STORE-0219,spike,-6.2,2026-04-08
SIG-11368,PROD-03886,STORE-0121,seasonal,-13.1,2026-04-12
SIG-11369,PROD-00778,STORE-0339,spike,40.8,2026-03-27
SIG-11370,PROD-01452,STORE-0433,decline,78.8,2026-08-05
SIG-11371,PROD-01870,STORE-0101,seasonal,77.7,2026-05-25
SIG-11372,PROD-04959,STORE-0249,spike,4.4,2026-04-20
SIG-11373,PROD-02889,STORE-0172,decline,-35.9,2026-01-10
SIG-11374,PROD-04509,STORE-0440,seasonal,18.7,2026-07-21
SIG-11375,PROD-03307,STORE-0278,spike,-24.4,2026-06-23
SIG-11376,PROD-01534,STORE-0028,seasonal,38.5,2026-04-03
SIG-11377,PROD-04036,STORE-0338,decline,22.2,2026-06-23
SIG-11378,PROD-02813,STORE-0266,seasonal,-2.8,2026-04-07
SIG-11379,PROD-01768,STORE-0098,spike,23.6,2026-06-17
SIG-11380,PROD-04234,STORE-0124,spike,-28.8,2026-05-04
SIG-11381,PROD-04410,STORE-0009,seasonal,45.7,2026-04-17
SIG-11382,PROD-01140,STORE-0362,decline,-18.5,2026-07-16
SIG-11383,PROD-04213,STORE-0257,spike,41.1,2026-06-23
SIG-11384,PROD-04828,STORE-0493,seasonal,-22.0,2026-03-09
SIG-11385,PROD-00267,STORE-0449,seasonal,21.2,2026-05-09
SIG-11386,PROD-02782,STORE-0123,decline,-2.0,2026-06-09
SIG-11387,PROD-02017,STORE-0067,spike,-18.5,2026-04-28
SIG-11388,PROD-00359,STORE-0115,seasonal,29.4,2026-02-20
SIG-11389,PROD-04395,STORE-0277,seasonal,56.2,2026-03-15
SIG-11390,PROD-01482,STORE-0189,decline,4.4,2026-07-02
SIG-11391,PROD-00159,STORE-0053,seasonal,31.7,2026-03-09
SIG-11392,PROD-00053,STORE-0233,spike,58.5,2026-02-15
SIG-11393,PROD-04690,STORE-0438,decline,-14.0,2026-07-21
SIG-11394,PROD-02336,STORE-0422,decline,-33.2,2026-08-19
SIG-11395,PROD-00628,STORE-0359,seasonal,-6.0,2026-03-11
SIG-11396,PROD-03686,STORE-0099,seasonal,1.6,2026-07-24
SIG-11397,PROD-02466,STORE-0386,decline,56.7,2026-08-05
SIG-11398,PROD-04950,STORE-0089,spike,-39.6,2026-03-11
SIG-11399,PROD-00287,STORE-0078,seasonal,-32.9,2026-07-07
SIG-11400,PROD-01978,STORE-0480,decline,11.0,2026-06-24
SIG-11401,PROD-01304,STORE-0220,decline,25.2,2026-01-05
SIG-11402,PROD-04976,STORE-0464,spike,58.4,2026-07-19
SIG-11403,PROD-01413,STORE-0210,seasonal,38.9,2026-07-26
SIG-11404,PROD-01188,STORE-0178,seasonal,-36.6,2026-06-27
SIG-11405,PROD-02850,STORE-0049,spike,5.4,2026-05-19
SIG-11406,PROD-04153,STORE-0299,seasonal,24.3,2026-02-09
SIG-11407,PROD-04545,STORE-0448,seasonal,-28.4,2026-02-07
SIG-11408,PROD-00442,STORE-0197,decline,20.4,2026-02-24
SIG-11409,PROD-02364,STORE-0405,decline,-32.0,2026-03-15
SIG-11410,PROD-00987,STORE-0136,spike,10.1,2026-03-20
SIG-11411,PROD-04981,STORE-0437,decline,-26.1,2026-03-02
SIG-11412,PROD-00400,STORE-0231,spike,19.9,2026-03-12
SIG-11413,PROD-00639,STORE-0477,seasonal,-12.2,2026-08-02
SIG-11414,PROD-00746,STORE-0346,decline,1.0,2026-03-12
SIG-11415,PROD-00919,STORE-0273,decline,9.9,2026-05-23
SIG-11416,PROD-01268,STORE-0486,decline,52.2,2026-02-21
SIG-11417,PROD-00335,STORE-0380,spike,-31.9,2026-04-27
SIG-11418,PROD-03422,STORE-0219,spike,-38.9,2026-04-27
SIG-11419,PROD-00884,STORE-0402,spike,20.4,2026-07-19
SIG-11420,PROD-02106,STORE-0066,seasonal,45.0,2026-02-21
SIG-11421,PROD-04192,STORE-0322,spike,27.3,2026-01-22
SIG-11422,PROD-01640,STORE-0163,seasonal,9.3,2026-01-02
SIG-11423,PROD-00281,STORE-0252,spike,-9.4,2026-08-08
SIG-11424,PROD-03764,STORE-0439,seasonal,38.3,2026-07-21
SIG-11425,PROD-01987,STORE-0398,spike,47.9,2026-03-11
SIG-11426,PROD-01822,STORE-0443,decline,-33.7,2026-08-20
SIG-11427,PROD-01223,STORE-0213,spike,19.1,2026-07-12
SIG-11428,PROD-00398,STORE-0251,decline,-35.9,2026-03-14
SIG-11429,PROD-01380,STORE-0429,seasonal,-20.7,2026-05-03
SIG-11430,PROD-01647,STORE-0126,decline,60.0,2026-05-04
SIG-11431,PROD-04429,STORE-0247,decline,2.2,2026-08-27
SIG-11432,PROD-01006,STORE-0057,decline,53.8,2026-01-19
SIG-11433,PROD-01667,STORE-0480,seasonal,-4.1,2026-05-02
SIG-11434,PROD-00838,STORE-0038,decline,18.9,2026-02-10
SIG-11435,PROD-00436,STORE-0401,decline,-37.6,2026-03-09
SIG-11436,PROD-04006,STORE-0253,seasonal,49.1,2026-01-20
SIG-11437,PROD-03585,STORE-0188,decline,-34.7,2026-01-26
SIG-11438,PROD-00876,STORE-0199,spike,52.9,2026-07-24
SIG-11439,PROD-02911,STORE-0253,seasonal,64.5,2026-05-14
SIG-11440,PROD-02371,STORE-0102,spike,1.6,2026-02-24
SIG-11441,PROD-03306,STORE-0404,spike,71.9,2026-07-06
SIG-11442,PROD-03645,STORE-0315,decline,-31.5,2026-03-22
SIG-11443,PROD-04609,STORE-0327,decline,50.3,2026-02-20
SIG-11444,PROD-02980,STORE-0215,spike,27.2,2026-06-16
SIG-11445,PROD-03240,STORE-0431,seasonal,-28.2,2026-02-05
SIG-11446,PROD-01144,STORE-0157,decline,46.0,2026-02-13
SIG-11447,PROD-04865,STORE-0080,spike,57.2,2026-06-11
SIG-11448,PROD-00529,STORE-0053,seasonal,58.0,2026-07-23
SIG-11449,PROD-01152,STORE-0342,decline,66.8,2026-08-12
SIG-11450,PROD-03140,STORE-0268,spike,-10.9,2026-06-20
SIG-11451,PROD-04357,STORE-0329,spike,45.9,2026-07-09
SIG-11452,PROD-00160,STORE-0267,decline,66.1,2026-08-28
SIG-11453,PROD-01058,STORE-0034,decline,35.6,2026-08-14
SIG-11454,PROD-04956,STORE-0388,decline,-33.5,2026-08-27
SIG-11455,PROD-02218,STORE-0237,decline,-14.4,2026-02-03
SIG-11456,PROD-00457,STORE-0494,decline,10.5,2026-05-23
SIG-11457,PROD-00115,STORE-0240,spike,52.3,2026-06-11
SIG-11458,PROD-01351,STORE-0127,spike,-32.9,2026-05-24
SIG-11459,PROD-03848,STORE-0312,spike,61.0,2026-04-21
SIG-11460,PROD-04527,STORE-0020,decline,24.4,2026-04-16
SIG-11461,PROD-04990,STORE-0189,seasonal,23.1,2026-08-13
SIG-11462,PROD-02968,STORE-0278,decline,44.4,2026-01-10
SIG-11463,PROD-03143,STORE-0055,spike,-8.6,2026-07-15
SIG-11464,PROD-00385,STORE-0449,spike,-5.8,2026-03-03
SIG-11465,PROD-02674,STORE-0228,seasonal,37.8,2026-05-23
SIG-11466,PROD-00492,STORE-0281,spike,18.5,2026-02-28
SIG-11467,PROD-00684,STORE-0069,decline,5.2,2026-07-10
SIG-11468,PROD-03927,STORE-0420,decline,-2.8,2026-03-28
SIG-11469,PROD-00273,STORE-0296,decline,-19.8,2026-08-10
SIG-11470,PROD-02215,STORE-0387,spike,-18.3,2026-02-27
SIG-11471,PROD-04750,STORE-0335,spike,0.9,2026-07-11
SIG-11472,PROD-03459,STORE-0462,decline,26.0,2026-03-23
SIG-11473,PROD-01141,STORE-0429,seasonal,-22.1,2026-01-17
SIG-11474,PROD-04329,STORE-0459,seasonal,72.9,2026-05-25
SIG-11475,PROD-00239,STORE-0227,seasonal,45.2,2026-07-19
SIG-11476,PROD-02472,STORE-0375,seasonal,23.4,2026-02-10
SIG-11477,PROD-02529,STORE-0110,decline,35.6,2026-07-06
SIG-11478,PROD-00434,STORE-0338,seasonal,29.9,2026-02-07
SIG-11479,PROD-01261,STORE-0108,seasonal,-27.8,2026-02-18
SIG-11480,PROD-04299,STORE-0085,seasonal,56.2,2026-08-18
SIG-11481,PROD-01751,STORE-0345,seasonal,29.8,2026-02-11
SIG-11482,PROD-03820,STORE-0395,spike,63.0,2026-05-27
SIG-11483,PROD-02569,STORE-0463,decline,37.1,2026-07-20
SIG-11484,PROD-03064,STORE-0139,decline,-23.3,2026-01-11
SIG-11485,PROD-02753,STORE-0413,spike,-31.5,2026-01-11
SIG-11486,PROD-00689,STORE-0339,spike,-5.0,2026-01-28
SIG-11487,PROD-02260,STORE-0017,decline,73.0,2026-04-13
SIG-11488,PROD-00914,STORE-0144,decline,7.5,2026-06-21
SIG-11489,PROD-02772,STORE-0378,decline,53.5,2026-03-28
SIG-11490,PROD-02978,STORE-0481,spike,-34.5,2026-01-10
SIG-11491,PROD-03323,STORE-0068,decline,64.6,2026-03-10
SIG-11492,PROD-00931,STORE-0367,seasonal,-31.3,2026-08-13
SIG-11493,PROD-00994,STORE-0374,seasonal,45.0,2026-04-23
SIG-11494,PROD-03839,STORE-0149,decline,69.5,2026-06-16
SIG-11495,PROD-02772,STORE-0300,spike,70.0,2026-02-20
SIG-11496,PROD-03638,STORE-0113,spike,66.3,2026-08-28
SIG-11497,PROD-03278,STORE-0118,spike,11.2,2026-05-14
SIG-11498,PROD-02475,STORE-0420,decline,78.9,2026-04-02
SIG-11499,PROD-04234,STORE-0432,decline,22.0,2026-08-27
SIG-11500,PROD-00633,STORE-0040,decline,62.8,2026-01-28
SIG-11501,PROD-03436,STORE-0068,seasonal,57.3,2026-08-10
SIG-11502,PROD-04485,STORE-0105,spike,-24.5,2026-02-23
SIG-11503,PROD-04580,STORE-0337,seasonal,49.6,2026-08-26
SIG-11504,PROD-01429,STORE-0411,decline,21.9,2026-03-14
SIG-11505,PROD-01635,STORE-0358,decline,9.5,2026-05-08
SIG-11506,PROD-01439,STORE-0289,spike,-12.9,2026-02-25
SIG-11507,PROD-01932,STORE-0134,spike,-31.6,2026-03-02
SIG-11508,PROD-00341,STORE-0327,seasonal,73.1,2026-04-14
SIG-11509,PROD-01726,STORE-0054,spike,41.0,2026-08-01
SIG-11510,PROD-03458,STORE-0114,decline,-33.2,2026-08-19
SIG-11511,PROD-03645,STORE-0307,decline,40.6,2026-03-26
SIG-11512,PROD-00081,STORE-0044,spike,43.9,2026-06-15
SIG-11513,PROD-01940,STORE-0078,spike,-32.3,2026-02-28
SIG-11514,PROD-00459,STORE-0376,decline,73.2,2026-07-15
SIG-11515,PROD-04383,STORE-0349,spike,55.7,2026-08-27
SIG-11516,PROD-01107,STORE-0121,seasonal,-10.9,2026-04-15
SIG-11517,PROD-00138,STORE-0093,seasonal,16.3,2026-07-16
SIG-11518,PROD-04097,STORE-0175,seasonal,32.1,2026-01-12
SIG-11519,PROD-01809,STORE-0016,spike,30.3,2026-05-04
SIG-11520,PROD-01650,STORE-0210,decline,-12.6,2026-02-15
SIG-11521,PROD-02754,STORE-0448,seasonal,26.2,2026-08-20
SIG-11522,PROD-03127,STORE-0191,seasonal,10.9,2026-07-17
SIG-11523,PROD-02552,STORE-0245,decline,67.6,2026-06-08
SIG-11524,PROD-02622,STORE-0079,seasonal,61.7,2026-02-16
SIG-11525,PROD-02149,STORE-0227,seasonal,25.3,2026-02-03
SIG-11526,PROD-02229,STORE-0115,seasonal,11.4,2026-02-11
SIG-11527,PROD-04350,STORE-0042,decline,8.8,2026-05-24
SIG-11528,PROD-02478,STORE-0463,decline,-21.1,2026-02-28
SIG-11529,PROD-02551,STORE-0340,decline,-19.3,2026-08-28
SIG-11530,PROD-02771,STORE-0391,seasonal,4.1,2026-03-17
SIG-11531,PROD-03737,STORE-0457,spike,9.0,2026-08-18
SIG-11532,PROD-01028,STORE-0184,spike,9.1,2026-01-27
SIG-11533,PROD-02062,STORE-0342,spike,68.7,2026-08-19
SIG-11534,PROD-04192,STORE-0282,seasonal,-19.6,2026-07-04
SIG-11535,PROD-02480,STORE-0008,seasonal,30.6,2026-05-25
SIG-11536,PROD-02891,STORE-0017,decline,-29.3,2026-08-17
SIG-11537,PROD-02424,STORE-0300,spike,53.5,2026-07-24
SIG-11538,PROD-04823,STORE-0382,spike,3.1,2026-03-08
SIG-11539,PROD-04708,STORE-0308,seasonal,-6.4,2026-05-22
SIG-11540,PROD-01458,STORE-0161,decline,22.9,2026-07-07
SIG-11541,PROD-00768,STORE-0052,decline,-36.1,2026-07-18
SIG-11542,PROD-04054,STORE-0093,decline,57.9,2026-03-28
SIG-11543,PROD-02097,STORE-0263,spike,32.7,2026-07-16
SIG-11544,PROD-01957,STORE-0160,spike,7.0,2026-04-18
SIG-11545,PROD-02621,STORE-0202,decline,-9.2,2026-06-13
SIG-11546,PROD-02325,STORE-0078,seasonal,35.3,2026-08-05
SIG-11547,PROD-00047,STORE-0127,decline,-18.9,2026-08-06
SIG-11548,PROD-01939,STORE-0038,spike,60.8,2026-01-05
SIG-11549,PROD-03391,STORE-0339,decline,-26.3,2026-08-09
SIG-11550,PROD-01281,STORE-0442,seasonal,77.3,2026-01-16
SIG-11551,PROD-01627,STORE-0174,decline,24.3,2026-04-07
SIG-11552,PROD-01619,STORE-0337,decline,-29.7,2026-07-02
SIG-11553,PROD-03491,STORE-0412,spike,18.3,2026-04-04
SIG-11554,PROD-01112,STORE-0111,decline,-26.1,2026-01-28
SIG-11555,PROD-02540,STORE-0303,seasonal,22.1,2026-07-03
SIG-11556,PROD-03920,STORE-0114,decline,79.7,2026-01-11
SIG-11557,PROD-02024,STORE-0371,seasonal,70.7,2026-01-14
SIG-11558,PROD-03985,STORE-0243,spike,16.5,2026-01-25
SIG-11559,PROD-00739,STORE-0354,decline,-1.0,2026-05-14
SIG-11560,PROD-03502,STORE-0001,decline,52.9,2026-02-19
SIG-11561,PROD-04081,STORE-0182,spike,26.0,2026-06-09
SIG-11562,PROD-01542,STORE-0345,seasonal,-13.2,2026-06-13
SIG-11563,PROD-01300,STORE-0456,spike,-6.5,2026-08-10
SIG-11564,PROD-03908,STORE-0147,seasonal,-1.0,2026-07-04
SIG-11565,PROD-00685,STORE-0250,decline,-1.9,2026-02-27
SIG-11566,PROD-04315,STORE-0138,spike,-40.0,2026-08-21
SIG-11567,PROD-02835,STORE-0464,decline,50.0,2026-07-12
SIG-11568,PROD-03393,STORE-0353,seasonal,-1.6,2026-04-26
SIG-11569,PROD-04100,STORE-0286,decline,-29.9,2026-05-24
SIG-11570,PROD-01861,STORE-0220,seasonal,16.4,2026-07-09
SIG-11571,PROD-02693,STORE-0159,decline,3.0,2026-08-10
SIG-11572,PROD-04769,STORE-0216,spike,27.8,2026-01-06
SIG-11573,PROD-04274,STORE-0085,seasonal,39.9,2026-07-21
SIG-11574,PROD-02297,STORE-0479,spike,16.4,2026-02-22
SIG-11575,PROD-00290,STORE-0257,decline,36.1,2026-07-08
SIG-11576,PROD-02700,STORE-0155,spike,-27.5,2026-06-06
SIG-11577,PROD-00837,STORE-0341,seasonal,18.4,2026-08-09
SIG-11578,PROD-01259,STORE-0441,spike,-19.7,2026-06-27
SIG-11579,PROD-01393,STORE-0139,seasonal,-15.6,2026-01-18
SIG-11580,PROD-02831,STORE-0374,decline,56.3,2026-03-21
SIG-11581,PROD-03348,STORE-0306,seasonal,13.0,2026-05-18
SIG-11582,PROD-03448,STORE-0277,spike,70.3,2026-03-05
SIG-11583,PROD-02282,STORE-0086,seasonal,40.6,2026-04-06
SIG-11584,PROD-03692,STORE-0462,spike,35.8,2026-02-16
SIG-11585,PROD-04588,STORE-0332,decline,31.8,2026-04-18
SIG-11586,PROD-03847,STORE-0294,decline,9.0,2026-03-28
SIG-11587,PROD-00878,STORE-0307,decline,19.2,2026-04-02
SIG-11588,PROD-01184,STORE-0153,decline,59.4,2026-03-26
SIG-11589,PROD-03729,STORE-0004,decline,-17.3,2026-03-13
SIG-11590,PROD-00884,STORE-0355,spike,22.4,2026-07-16
SIG-11591,PROD-03419,STORE-0004,decline,-20.2,2026-03-14
SIG-11592,PROD-04871,STORE-0432,seasonal,-27.3,2026-08-02
SIG-11593,PROD-02795,STORE-0034,seasonal,44.1,2026-03-16
SIG-11594,PROD-04939,STORE-0103,seasonal,-31.8,2026-03-28
SIG-11595,PROD-02285,STORE-0130,decline,70.5,2026-05-06
SIG-11596,PROD-03836,STORE-0385,seasonal,77.9,2026-01-12
SIG-11597,PROD-02996,STORE-0450,spike,78.8,2026-03-03
SIG-11598,PROD-04478,STORE-0166,spike,37.6,2026-03-19
SIG-11599,PROD-03004,STORE-0148,spike,52.9,2026-05-23
SIG-11600,PROD-04167,STORE-0156,spike,8.3,2026-04-07
SIG-11601,PROD-02871,STORE-0414,decline,50.4,2026-01-24
SIG-11602,PROD-00808,STORE-0222,decline,24.1,2026-01-05
SIG-11603,PROD-00351,STORE-0222,decline,69.9,2026-08-21
SIG-11604,PROD-01349,STORE-0006,seasonal,-31.2,2026-08-10
SIG-11605,PROD-03508,STORE-0067,decline,12.8,2026-08-16
SIG-11606,PROD-04163,STORE-0447,decline,-35.1,2026-08-24
SIG-11607,PROD-04272,STORE-0227,decline,11.8,2026-04-24
SIG-11608,PROD-03547,STORE-0265,seasonal,22.5,2026-08-02
SIG-11609,PROD-01881,STORE-0377,seasonal,42.6,2026-05-09
SIG-11610,PROD-03122,STORE-0347,seasonal,19.2,2026-05-28
SIG-11611,PROD-00635,STORE-0088,seasonal,76.2,2026-02-27
SIG-11612,PROD-03621,STORE-0429,decline,46.2,2026-04-27
SIG-11613,PROD-03495,STORE-0346,seasonal,36.6,2026-02-13
SIG-11614,PROD-00255,STORE-0342,seasonal,21.3,2026-05-25
SIG-11615,PROD-01039,STORE-0204,spike,61.0,2026-07-04
SIG-11616,PROD-02594,STORE-0291,decline,60.0,2026-06-22
SIG-11617,PROD-03498,STORE-0399,decline,-8.6,2026-02-07
SIG-11618,PROD-02799,STORE-0412,decline,74.5,2026-03-08
SIG-11619,PROD-03424,STORE-0279,seasonal,-2.3,2026-08-11
SIG-11620,PROD-04381,STORE-0235,decline,33.0,2026-02-08
SIG-11621,PROD-01382,STORE-0049,spike,12.3,2026-06-04
SIG-11622,PROD-02488,STORE-0274,seasonal,-32.2,2026-04-05
SIG-11623,PROD-00917,STORE-0453,decline,-28.4,2026-04-22
SIG-11624,PROD-04885,STORE-0270,spike,-2.2,2026-08-12
SIG-11625,PROD-03218,STORE-0156,seasonal,-8.8,2026-06-10
SIG-11626,PROD-02256,STORE-0030,seasonal,79.2,2026-05-06
SIG-11627,PROD-00952,STORE-0112,seasonal,13.2,2026-01-15
SIG-11628,PROD-01651,STORE-0262,decline,32.9,2026-03-11
SIG-11629,PROD-02115,STORE-0487,seasonal,66.3,2026-06-13
SIG-11630,PROD-04052,STORE-0226,seasonal,75.7,2026-08-13
SIG-11631,PROD-03109,STORE-0054,seasonal,74.8,2026-05-23
SIG-11632,PROD-00233,STORE-0269,spike,-17.8,2026-05-28
SIG-11633,PROD-04069,STORE-0103,decline,-34.5,2026-07-19
SIG-11634,PROD-03164,STORE-0307,decline,77.9,2026-04-10
SIG-11635,PROD-04392,STORE-0413,decline,-31.0,2026-02-04
SIG-11636,PROD-00048,STORE-0217,spike,-8.0,2026-02-03
SIG-11637,PROD-03079,STORE-0189,spike,68.3,2026-06-21
SIG-11638,PROD-01166,STORE-0082,decline,-24.3,2026-04-11
SIG-11639,PROD-01004,STORE-0110,decline,27.2,2026-07-12
SIG-11640,PROD-00581,STORE-0485,decline,78.2,2026-04-09
SIG-11641,PROD-02384,STORE-0384,decline,41.6,2026-01-22
SIG-11642,PROD-04362,STORE-0297,seasonal,8.7,2026-06-28
SIG-11643,PROD-02717,STORE-0349,decline,18.4,2026-06-14
SIG-11644,PROD-03618,STORE-0178,decline,20.5,2026-01-14
SIG-11645,PROD-04708,STORE-0346,spike,54.3,2026-04-22
SIG-11646,PROD-03388,STORE-0026,spike,38.3,2026-03-03
SIG-11647,PROD-00855,STORE-0452,spike,47.9,2026-06-24
SIG-11648,PROD-01422,STORE-0040,seasonal,-6.1,2026-08-05
SIG-11649,PROD-04121,STORE-0215,spike,0.3,2026-06-21
SIG-11650,PROD-02669,STORE-0217,decline,28.8,2026-04-06
SIG-11651,PROD-02481,STORE-0368,seasonal,-2.4,2026-08-22
SIG-11652,PROD-04841,STORE-0247,decline,-24.5,2026-05-25
SIG-11653,PROD-00508,STORE-0407,decline,-30.3,2026-04-09
SIG-11654,PROD-04262,STORE-0278,decline,73.4,2026-06-04
SIG-11655,PROD-02781,STORE-0314,decline,-22.1,2026-06-27
SIG-11656,PROD-01976,STORE-0131,seasonal,-20.0,2026-01-16
SIG-11657,PROD-04970,STORE-0081,decline,22.9,2026-03-28
SIG-11658,PROD-01480,STORE-0331,decline,-0.0,2026-07-26
SIG-11659,PROD-02601,STORE-0399,spike,67.1,2026-08-17
SIG-11660,PROD-04265,STORE-0177,spike,71.7,2026-03-16
SIG-11661,PROD-02578,STORE-0126,decline,-19.9,2026-06-02
SIG-11662,PROD-03134,STORE-0001,decline,-32.6,2026-07-07
SIG-11663,PROD-02902,STORE-0274,decline,51.9,2026-04-26
SIG-11664,PROD-01641,STORE-0486,seasonal,-31.4,2026-04-22
SIG-11665,PROD-01780,STORE-0234,seasonal,19.9,2026-06-22
SIG-11666,PROD-02364,STORE-0467,spike,-12.6,2026-08-05
SIG-11667,PROD-02501,STORE-0362,spike,77.1,2026-01-14
SIG-11668,PROD-00572,STORE-0093,decline,11.7,2026-05-10
SIG-11669,PROD-03198,STORE-0431,decline,23.6,2026-06-01
SIG-11670,PROD-01342,STORE-0078,decline,-5.1,2026-03-03
SIG-11671,PROD-01022,STORE-0204,seasonal,-18.3,2026-02-06
SIG-11672,PROD-04534,STORE-0266,seasonal,76.5,2026-04-03
SIG-11673,PROD-00117,STORE-0489,decline,-34.6,2026-04-18
SIG-11674,PROD-03522,STORE-0218,spike,38.1,2026-04-22
SIG-11675,PROD-03609,STORE-0460,seasonal,40.5,2026-08-03
SIG-11676,PROD-02259,STORE-0052,seasonal,-2.3,2026-04-21
SIG-11677,PROD-02947,STORE-0065,spike,47.0,2026-07-07
SIG-11678,PROD-03514,STORE-0466,seasonal,20.9,2026-03-17
SIG-11679,PROD-00451,STORE-0112,spike,-31.1,2026-05-06
SIG-11680,PROD-04806,STORE-0042,decline,18.3,2026-08-16
SIG-11681,PROD-02952,STORE-0152,decline,63.9,2026-07-20
SIG-11682,PROD-01367,STORE-0145,spike,9.0,2026-05-27
SIG-11683,PROD-01769,STORE-0333,seasonal,-26.4,2026-07-04
SIG-11684,PROD-01428,STORE-0012,spike,-26.6,2026-07-28
SIG-11685,PROD-04942,STORE-0477,seasonal,-29.8,2026-08-17
SIG-11686,PROD-02140,STORE-0021,decline,-27.8,2026-03-11
SIG-11687,PROD-01214,STORE-0219,decline,-8.6,2026-06-28
SIG-11688,PROD-01859,STORE-0294,seasonal,79.7,2026-07-17
SIG-11689,PROD-01592,STORE-0352,seasonal,66.5,2026-05-12
SIG-11690,PROD-02693,STORE-0444,seasonal,20.3,2026-05-09
SIG-11691,PROD-03790,STORE-0201,decline,32.9,2026-04-09
SIG-11692,PROD-04193,STORE-0256,decline,42.0,2026-03-26
SIG-11693,PROD-04532,STORE-0406,decline,3.9,2026-07-22
SIG-11694,PROD-00143,STORE-0459,spike,51.2,2026-05-04
SIG-11695,PROD-03827,STORE-0013,decline,2.8,2026-07-28
SIG-11696,PROD-03959,STORE-0054,decline,-16.0,2026-04-11
SIG-11697,PROD-03947,STORE-0424,decline,71.1,2026-03-03
SIG-11698,PROD-01081,STORE-0499,seasonal,-35.7,2026-07-11
SIG-11699,PROD-00742,STORE-0346,decline,58.7,2026-04-06
SIG-11700,PROD-00301,STORE-0083,decline,-29.6,2026-04-27
SIG-11701,PROD-01860,STORE-0325,decline,9.4,2026-04-20
SIG-11702,PROD-04005,STORE-0206,decline,31.9,2026-01-19
SIG-11703,PROD-00311,STORE-0105,seasonal,-17.9,2026-07-03
SIG-11704,PROD-00258,STORE-0481,decline,-32.1,2026-06-09
SIG-11705,PROD-04326,STORE-0099,seasonal,-16.7,2026-05-04
SIG-11706,PROD-04693,STORE-0126,decline,13.4,2026-03-21
SIG-11707,PROD-01381,STORE-0091,decline,-5.3,2026-06-03
SIG-11708,PROD-03663,STORE-0492,spike,-19.0,2026-04-20
SIG-11709,PROD-03975,STORE-0484,decline,21.3,2026-06-25
SIG-11710,PROD-00235,STORE-0482,seasonal,30.1,2026-08-08
SIG-11711,PROD-03932,STORE-0123,seasonal,48.6,2026-07-26
SIG-11712,PROD-03371,STORE-0231,spike,46.4,2026-07-10
SIG-11713,PROD-00957,STORE-0222,spike,71.7,2026-02-12
SIG-11714,PROD-02859,STORE-0273,seasonal,4.3,2026-01-11
SIG-11715,PROD-03771,STORE-0083,decline,-37.8,2026-01-15
SIG-11716,PROD-00291,STORE-0367,seasonal,74.7,2026-04-15
SIG-11717,PROD-01021,STORE-0274,decline,59.2,2026-03-20
SIG-11718,PROD-04353,STORE-0060,seasonal,20.0,2026-01-15
SIG-11719,PROD-03426,STORE-0037,seasonal,-18.0,2026-02-16
SIG-11720,PROD-00245,STORE-0161,seasonal,-21.0,2026-07-26
SIG-11721,PROD-04049,STORE-0382,spike,-35.0,2026-04-05
SIG-11722,PROD-03144,STORE-0429,decline,68.3,2026-08-04
SIG-11723,PROD-01102,STORE-0058,decline,-3.7,2026-04-10
SIG-11724,PROD-03194,STORE-0424,seasonal,60.0,2026-05-21
SIG-11725,PROD-00626,STORE-0156,decline,41.9,2026-07-13
SIG-11726,PROD-00005,STORE-0225,decline,-36.5,2026-03-05
SIG-11727,PROD-00757,STORE-0459,spike,-39.5,2026-02-06
SIG-11728,PROD-02259,STORE-0384,seasonal,42.4,2026-03-15
SIG-11729,PROD-03039,STORE-0338,spike,-2.7,2026-08-16
SIG-11730,PROD-00072,STORE-0307,spike,24.1,2026-07-16
SIG-11731,PROD-02561,STORE-0238,decline,-34.0,2026-06-06
SIG-11732,PROD-02018,STORE-0474,decline,11.2,2026-05-22
SIG-11733,PROD-02499,STORE-0172,spike,43.4,2026-07-04
SIG-11734,PROD-04037,STORE-0013,spike,12.5,2026-05-05
SIG-11735,PROD-02734,STORE-0378,decline,-31.9,2026-04-23
SIG-11736,PROD-04158,STORE-0446,spike,65.5,2026-07-26
SIG-11737,PROD-03006,STORE-0425,seasonal,16.6,2026-02-04
SIG-11738,PROD-01439,STORE-0192,spike,13.0,2026-04-06
SIG-11739,PROD-02734,STORE-0160,seasonal,73.2,2026-06-12
SIG-11740,PROD-02379,STORE-0241,spike,57.3,2026-03-11
SIG-11741,PROD-03119,STORE-0050,spike,5.6,2026-07-07
SIG-11742,PROD-04399,STORE-0095,decline,14.3,2026-04-03
SIG-11743,PROD-04924,STORE-0039,spike,21.1,2026-02-14
SIG-11744,PROD-01573,STORE-0375,decline,38.8,2026-01-21
SIG-11745,PROD-00659,STORE-0324,decline,-23.0,2026-01-17
SIG-11746,PROD-04397,STORE-0211,spike,-20.6,2026-04-10
SIG-11747,PROD-01612,STORE-0298,seasonal,15.2,2026-02-28
SIG-11748,PROD-02258,STORE-0073,seasonal,20.2,2026-05-13
SIG-11749,PROD-04980,STORE-0071,spike,78.8,2026-08-05
SIG-11750,PROD-00297,STORE-0468,spike,34.6,2026-01-02
SIG-11751,PROD-01604,STORE-0356,spike,-6.7,2026-08-28
SIG-11752,PROD-04638,STORE-0181,spike,20.8,2026-01-20
SIG-11753,PROD-03607,STORE-0144,decline,25.7,2026-01-18
SIG-11754,PROD-01729,STORE-0156,seasonal,6.5,2026-05-08
SIG-11755,PROD-02477,STORE-0059,decline,1.1,2026-01-25
SIG-11756,PROD-00997,STORE-0461,seasonal,-34.4,2026-06-03
SIG-11757,PROD-00658,STORE-0094,decline,-23.9,2026-03-10
SIG-11758,PROD-03152,STORE-0297,seasonal,13.0,2026-01-09
SIG-11759,PROD-02643,STORE-0063,decline,48.7,2026-06-05
SIG-11760,PROD-02077,STORE-0482,seasonal,7.9,2026-01-17
SIG-11761,PROD-00943,STORE-0200,seasonal,65.0,2026-08-19
SIG-11762,PROD-03942,STORE-0486,spike,54.8,2026-05-23
SIG-11763,PROD-00993,STORE-0309,decline,29.0,2026-08-28
SIG-11764,PROD-00546,STORE-0031,seasonal,-13.4,2026-04-09
SIG-11765,PROD-00580,STORE-0002,seasonal,78.7,2026-07-24
SIG-11766,PROD-00759,STORE-0131,seasonal,39.2,2026-08-23
SIG-11767,PROD-03183,STORE-0007,decline,14.8,2026-03-11
SIG-11768,PROD-04603,STORE-0187,decline,50.0,2026-03-23
SIG-11769,PROD-01783,STORE-0494,spike,41.9,2026-01-16
SIG-11770,PROD-00481,STORE-0291,decline,-1.3,2026-01-08
SIG-11771,PROD-00144,STORE-0273,seasonal,3.2,2026-01-20
SIG-11772,PROD-00301,STORE-0424,seasonal,26.4,2026-03-10
SIG-11773,PROD-04634,STORE-0184,decline,18.3,2026-04-03
SIG-11774,PROD-01526,STORE-0094,seasonal,-32.9,2026-08-24
SIG-11775,PROD-01058,STORE-0363,seasonal,-23.4,2026-08-19
SIG-11776,PROD-00060,STORE-0341,decline,56.9,2026-06-27
SIG-11777,PROD-04088,STORE-0340,spike,68.9,2026-01-22
SIG-11778,PROD-03152,STORE-0219,decline,-14.4,2026-02-13
SIG-11779,PROD-04925,STORE-0232,seasonal,75.6,2026-01-19
SIG-11780,PROD-01207,STORE-0105,decline,68.2,2026-04-22
SIG-11781,PROD-03374,STORE-0163,spike,-1.5,2026-05-24
SIG-11782,PROD-00472,STORE-0222,decline,67.3,2026-04-04
SIG-11783,PROD-01816,STORE-0021,seasonal,69.2,2026-08-18
SIG-11784,PROD-02879,STORE-0147,spike,29.6,2026-08-23
SIG-11785,PROD-01802,STORE-0367,spike,7.8,2026-02-13
SIG-11786,PROD-00643,STORE-0013,seasonal,-24.7,2026-03-17
SIG-11787,PROD-01305,STORE-0356,decline,-16.1,2026-04-17
SIG-11788,PROD-00491,STORE-0476,seasonal,61.1,2026-05-10
SIG-11789,PROD-00010,STORE-0021,spike,-24.7,2026-02-13
SIG-11790,PROD-00922,STORE-0182,decline,-14.2,2026-01-25
SIG-11791,PROD-00101,STORE-0276,spike,-22.5,2026-05-17
SIG-11792,PROD-00887,STORE-0443,spike,11.0,2026-08-14
SIG-11793,PROD-00597,STORE-0265,decline,56.7,2026-03-01
SIG-11794,PROD-01041,STORE-0335,decline,4.5,2026-05-04
SIG-11795,PROD-00044,STORE-0481,decline,-13.9,2026-04-23
SIG-11796,PROD-01455,STORE-0098,decline,-37.2,2026-02-16
SIG-11797,PROD-00641,STORE-0364,decline,58.5,2026-06-19
SIG-11798,PROD-02374,STORE-0416,seasonal,44.1,2026-07-24
SIG-11799,PROD-02718,STORE-0125,decline,-35.7,2026-06-15
SIG-11800,PROD-02075,STORE-0117,spike,70.4,2026-08-11
SIG-11801,PROD-03462,STORE-0169,spike,77.2,2026-02-10
SIG-11802,PROD-03063,STORE-0092,decline,12.9,2026-08-17
SIG-11803,PROD-04200,STORE-0464,decline,53.9,2026-05-13
SIG-11804,PROD-03176,STORE-0411,seasonal,39.6,2026-01-03
SIG-11805,PROD-01220,STORE-0189,decline,56.4,2026-08-07
SIG-11806,PROD-01263,STORE-0422,seasonal,-21.0,2026-06-23
SIG-11807,PROD-04080,STORE-0144,decline,-24.0,2026-03-14
SIG-11808,PROD-04519,STORE-0429,decline,-23.2,2026-02-19
SIG-11809,PROD-04580,STORE-0133,seasonal,50.9,2026-05-11
SIG-11810,PROD-01202,STORE-0034,decline,68.9,2026-02-07
SIG-11811,PROD-03800,STORE-0027,seasonal,59.2,2026-05-08
SIG-11812,PROD-04319,STORE-0218,seasonal,56.8,2026-07-09
SIG-11813,PROD-00247,STORE-0130,seasonal,21.1,2026-06-13
SIG-11814,PROD-01328,STORE-0302,decline,6.2,2026-06-14
SIG-11815,PROD-03099,STORE-0255,spike,53.2,2026-02-25
SIG-11816,PROD-00590,STORE-0105,decline,-36.0,2026-05-07
SIG-11817,PROD-03946,STORE-0070,seasonal,5.6,2026-07-28
SIG-11818,PROD-03041,STORE-0378,seasonal,-25.9,2026-01-10
SIG-11819,PROD-04593,STORE-0394,seasonal,25.1,2026-06-11
SIG-11820,PROD-04169,STORE-0420,spike,65.4,2026-07-21
SIG-11821,PROD-03671,STORE-0029,decline,11.7,2026-08-09
SIG-11822,PROD-04240,STORE-0027,decline,-21.8,2026-04-13
SIG-11823,PROD-04525,STORE-0443,decline,35.0,2026-04-22
SIG-11824,PROD-04623,STORE-0446,decline,16.5,2026-07-10
SIG-11825,PROD-01873,STORE-0136,spike,-3.7,2026-08-19
SIG-11826,PROD-03680,STORE-0332,decline,-4.2,2026-07-18
SIG-11827,PROD-03106,STORE-0098,seasonal,45.1,2026-03-17
SIG-11828,PROD-01895,STORE-0217,decline,2.3,2026-06-20
SIG-11829,PROD-01384,STORE-0215,spike,18.4,2026-07-22
SIG-11830,PROD-01713,STORE-0286,spike,32.7,2026-01-14
SIG-11831,PROD-02267,STORE-0308,seasonal,4.2,2026-08-13
SIG-11832,PROD-01677,STORE-0058,spike,46.2,2026-08-16
SIG-11833,PROD-00130,STORE-0135,decline,46.2,2026-05-26
SIG-11834,PROD-04976,STORE-0445,decline,52.6,2026-01-16
SIG-11835,PROD-00700,STORE-0286,decline,15.8,2026-01-15
SIG-11836,PROD-01898,STORE-0478,seasonal,45.3,2026-04-19
SIG-11837,PROD-02573,STORE-0099,spike,-21.8,2026-01-19
SIG-11838,PROD-03339,STORE-0202,decline,1.5,2026-08-03
SIG-11839,PROD-04818,STORE-0473,spike,30.0,2026-08-13
SIG-11840,PROD-03990,STORE-0415,decline,-22.3,2026-02-10
SIG-11841,PROD-04907,STORE-0108,decline,70.5,2026-01-10
SIG-11842,PROD-01791,STORE-0358,seasonal,-39.2,2026-06-22
SIG-11843,PROD-04367,STORE-0391,decline,-15.9,2026-05-26
SIG-11844,PROD-01168,STORE-0041,seasonal,36.2,2026-06-02
SIG-11845,PROD-00150,STORE-0160,spike,25.7,2026-08-19
SIG-11846,PROD-04212,STORE-0373,spike,25.6,2026-08-27
SIG-11847,PROD-04900,STORE-0433,decline,70.2,2026-06-25
SIG-11848,PROD-01581,STORE-0089,spike,42.6,2026-01-15
SIG-11849,PROD-02767,STORE-0430,spike,57.2,2026-07-27
SIG-11850,PROD-04777,STORE-0075,decline,-25.6,2026-03-23
SIG-11851,PROD-04617,STORE-0296,spike,19.7,2026-06-20
SIG-11852,PROD-00304,STORE-0238,seasonal,54.0,2026-07-13
SIG-11853,PROD-01343,STORE-0351,decline,-16.6,2026-02-26
SIG-11854,PROD-01635,STORE-0189,seasonal,66.1,2026-07-06
SIG-11855,PROD-02847,STORE-0401,decline,53.3,2026-01-10
SIG-11856,PROD-01540,STORE-0328,decline,-6.2,2026-08-28
SIG-11857,PROD-03644,STORE-0488,seasonal,-10.1,2026-08-14
SIG-11858,PROD-02829,STORE-0301,decline,-15.5,2026-07-10
SIG-11859,PROD-03308,STORE-0270,decline,13.5,2026-08-14
SIG-11860,PROD-04680,STORE-0180,spike,-8.6,2026-02-09
SIG-11861,PROD-01731,STORE-0276,spike,58.4,2026-02-06
SIG-11862,PROD-00874,STORE-0253,decline,-12.5,2026-06-08
SIG-11863,PROD-03472,STORE-0018,decline,-8.7,2026-07-12
SIG-11864,PROD-04246,STORE-0498,decline,74.8,2026-04-16
SIG-11865,PROD-03403,STORE-0199,decline,44.5,2026-08-13
SIG-11866,PROD-04809,STORE-0057,decline,-25.2,2026-05-20
SIG-11867,PROD-02426,STORE-0098,decline,-27.5,2026-05-12
SIG-11868,PROD-02621,STORE-0149,decline,10.8,2026-06-10
SIG-11869,PROD-01633,STORE-0286,decline,41.7,2026-07-15
SIG-11870,PROD-02373,STORE-0466,decline,23.2,2026-01-24
SIG-11871,PROD-03642,STORE-0200,spike,28.1,2026-01-01
SIG-11872,PROD-02264,STORE-0447,spike,-33.1,2026-06-06
SIG-11873,PROD-00281,STORE-0473,seasonal,63.2,2026-03-05
SIG-11874,PROD-04892,STORE-0015,seasonal,76.2,2026-06-22
SIG-11875,PROD-01216,STORE-0200,decline,8.2,2026-06-13
SIG-11876,PROD-02156,STORE-0365,decline,-13.4,2026-05-25
SIG-11877,PROD-00058,STORE-0067,seasonal,63.4,2026-08-23
SIG-11878,PROD-04142,STORE-0484,spike,5.1,2026-06-13
SIG-11879,PROD-01577,STORE-0020,decline,-29.6,2026-01-15
SIG-11880,PROD-00815,STORE-0319,spike,35.2,2026-07-18
SIG-11881,PROD-00351,STORE-0200,decline,59.6,2026-07-17
SIG-11882,PROD-01201,STORE-0147,decline,53.7,2026-01-19
SIG-11883,PROD-00799,STORE-0169,decline,-3.5,2026-08-07
SIG-11884,PROD-02069,STORE-0336,decline,-31.1,2026-05-01
SIG-11885,PROD-00848,STORE-0347,spike,26.4,2026-02-05
SIG-11886,PROD-01043,STORE-0452,decline,-35.4,2026-02-02
SIG-11887,PROD-01247,STORE-0459,seasonal,56.3,2026-07-19
SIG-11888,PROD-03236,STORE-0240,spike,41.8,2026-08-14
SIG-11889,PROD-02568,STORE-0429,decline,1.5,2026-05-02
SIG-11890,PROD-04261,STORE-0043,decline,38.1,2026-05-23
SIG-11891,PROD-00157,STORE-0199,decline,31.8,2026-07-12
SIG-11892,PROD-03011,STORE-0393,seasonal,-17.9,2026-04-02
SIG-11893,PROD-02282,STORE-0129,decline,53.8,2026-08-25
SIG-11894,PROD-04086,STORE-0493,decline,-25.0,2026-05-01
SIG-11895,PROD-02638,STORE-0165,decline,-31.1,2026-07-05
SIG-11896,PROD-02151,STORE-0354,seasonal,-36.7,2026-04-06
SIG-11897,PROD-03993,STORE-0056,spike,26.1,2026-07-02
SIG-11898,PROD-04617,STORE-0182,spike,63.3,2026-04-13
SIG-11899,PROD-02959,STORE-0150,spike,68.9,2026-02-06
SIG-11900,PROD-03387,STORE-0263,decline,-27.7,2026-08-14
SIG-11901,PROD-04049,STORE-0207,seasonal,48.4,2026-04-28
SIG-11902,PROD-01254,STORE-0410,decline,-19.9,2026-06-07
SIG-11903,PROD-02472,STORE-0378,seasonal,-21.9,2026-06-08
SIG-11904,PROD-01394,STORE-0180,spike,-39.3,2026-04-21
SIG-11905,PROD-01569,STORE-0289,decline,-20.0,2026-05-06
SIG-11906,PROD-01722,STORE-0378,decline,24.9,2026-07-12
SIG-11907,PROD-02273,STORE-0211,decline,31.5,2026-06-27
SIG-11908,PROD-00054,STORE-0081,spike,-10.9,2026-05-24
SIG-11909,PROD-04481,STORE-0080,decline,-21.5,2026-07-08
SIG-11910,PROD-00821,STORE-0261,spike,69.9,2026-01-13
SIG-11911,PROD-01934,STORE-0150,seasonal,48.1,2026-07-21
SIG-11912,PROD-01892,STORE-0338,decline,-20.8,2026-06-12
SIG-11913,PROD-04782,STORE-0372,seasonal,53.0,2026-01-18
SIG-11914,PROD-02992,STORE-0490,seasonal,45.8,2026-04-10
SIG-11915,PROD-02928,STORE-0500,decline,39.4,2026-07-21
SIG-11916,PROD-02487,STORE-0448,decline,-39.7,2026-02-21
SIG-11917,PROD-04582,STORE-0166,spike,43.6,2026-01-10
SIG-11918,PROD-03538,STORE-0293,spike,23.4,2026-05-07
SIG-11919,PROD-04770,STORE-0138,seasonal,41.1,2026-03-23
SIG-11920,PROD-01747,STORE-0299,spike,-17.2,2026-05-09
SIG-11921,PROD-04702,STORE-0300,spike,4.4,2026-03-20
SIG-11922,PROD-02374,STORE-0394,decline,44.6,2026-04-15
SIG-11923,PROD-00665,STORE-0283,seasonal,0.1,2026-07-13
SIG-11924,PROD-00426,STORE-0458,decline,47.5,2026-06-04
SIG-11925,PROD-04390,STORE-0427,decline,64.2,2026-03-04
SIG-11926,PROD-03111,STORE-0184,seasonal,37.4,2026-07-10
SIG-11927,PROD-01874,STORE-0372,spike,48.3,2026-01-11
SIG-11928,PROD-02346,STORE-0138,seasonal,-30.4,2026-06-08
SIG-11929,PROD-03282,STORE-0104,decline,-0.9,2026-05-11
SIG-11930,PROD-02771,STORE-0420,decline,-7.0,2026-08-01
SIG-11931,PROD-02217,STORE-0088,spike,-38.5,2026-06-09
SIG-11932,PROD-04959,STORE-0373,decline,-6.8,2026-07-03
SIG-11933,PROD-01801,STORE-0025,seasonal,17.7,2026-01-21
SIG-11934,PROD-02618,STORE-0137,spike,50.0,2026-05-08
SIG-11935,PROD-01758,STORE-0199,spike,-27.0,2026-02-10
SIG-11936,PROD-03554,STORE-0424,decline,41.4,2026-04-26
SIG-11937,PROD-03292,STORE-0420,spike,43.1,2026-05-15
SIG-11938,PROD-01224,STORE-0109,spike,74.9,2026-04-01
SIG-11939,PROD-04348,STORE-0123,spike,-2.5,2026-06-10
SIG-11940,PROD-03722,STORE-0135,decline,61.5,2026-05-02
SIG-11941,PROD-01389,STORE-0144,seasonal,33.7,2026-08-11
SIG-11942,PROD-00764,STORE-0436,decline,3.4,2026-04-14
SIG-11943,PROD-02253,STORE-0449,spike,2.5,2026-04-06
SIG-11944,PROD-00808,STORE-0343,seasonal,32.3,2026-06-19
SIG-11945,PROD-02035,STORE-0020,seasonal,-39.3,2026-08-19
SIG-11946,PROD-03101,STORE-0134,decline,24.6,2026-08-06
SIG-11947,PROD-03012,STORE-0282,spike,16.2,2026-03-24
SIG-11948,PROD-03780,STORE-0225,decline,-20.9,2026-03-20
SIG-11949,PROD-00739,STORE-0462,seasonal,-9.3,2026-01-04
SIG-11950,PROD-03786,STORE-0170,spike,12.1,2026-01-12
SIG-11951,PROD-04364,STORE-0129,spike,67.9,2026-07-20
SIG-11952,PROD-04419,STORE-0227,spike,25.9,2026-07-26
SIG-11953,PROD-00919,STORE-0477,decline,-26.0,2026-08-28
SIG-11954,PROD-01238,STORE-0009,seasonal,-3.6,2026-07-07
SIG-11955,PROD-03011,STORE-0283,spike,-21.8,2026-03-08
SIG-11956,PROD-02871,STORE-0194,seasonal,15.0,2026-06-26
SIG-11957,PROD-03950,STORE-0189,decline,27.6,2026-01-21
SIG-11958,PROD-03978,STORE-0253,spike,-37.7,2026-03-26
SIG-11959,PROD-00601,STORE-0029,spike,51.0,2026-03-04
SIG-11960,PROD-00119,STORE-0279,spike,32.7,2026-03-24
SIG-11961,PROD-01778,STORE-0432,seasonal,-24.3,2026-02-10
SIG-11962,PROD-04144,STORE-0487,decline,-8.4,2026-06-18
SIG-11963,PROD-03475,STORE-0471,spike,72.9,2026-08-06
SIG-11964,PROD-00747,STORE-0219,seasonal,-9.3,2026-07-15
SIG-11965,PROD-03162,STORE-0392,spike,78.9,2026-08-05
SIG-11966,PROD-02919,STORE-0320,decline,-33.1,2026-07-02
SIG-11967,PROD-04273,STORE-0118,decline,59.2,2026-04-17
SIG-11968,PROD-03989,STORE-0309,decline,-3.8,2026-01-21
SIG-11969,PROD-03026,STORE-0111,seasonal,-7.1,2026-04-20
SIG-11970,PROD-00217,STORE-0220,seasonal,54.6,2026-06-12
SIG-11971,PROD-04156,STORE-0398,spike,41.3,2026-01-04
SIG-11972,PROD-00119,STORE-0066,seasonal,13.0,2026-06-28
SIG-11973,PROD-00513,STORE-0195,spike,80.0,2026-04-02
SIG-11974,PROD-00881,STORE-0453,spike,62.6,2026-04-22
SIG-11975,PROD-03449,STORE-0163,spike,1.3,2026-02-19
SIG-11976,PROD-00905,STORE-0233,decline,-24.3,2026-08-21
SIG-11977,PROD-03267,STORE-0453,spike,-17.6,2026-05-27
SIG-11978,PROD-01028,STORE-0303,seasonal,10.7,2026-03-20
SIG-11979,PROD-00001,STORE-0431,decline,32.8,2026-04-01
SIG-11980,PROD-03122,STORE-0108,spike,26.7,2026-08-23
SIG-11981,PROD-03850,STORE-0263,spike,61.8,2026-08-03
SIG-11982,PROD-05000,STORE-0376,decline,35.6,2026-07-03
SIG-11983,PROD-02981,STORE-0005,spike,72.5,2026-03-07
SIG-11984,PROD-04254,STORE-0182,spike,27.8,2026-06-13
SIG-11985,PROD-01182,STORE-0054,decline,-21.2,2026-03-28
SIG-11986,PROD-04931,STORE-0426,seasonal,-9.0,2026-03-11
SIG-11987,PROD-04257,STORE-0364,decline,-1.6,2026-07-03
SIG-11988,PROD-04984,STORE-0321,spike,44.6,2026-01-07
SIG-11989,PROD-01903,STORE-0454,decline,58.9,2026-03-21
SIG-11990,PROD-00524,STORE-0412,seasonal,-28.9,2026-01-28
SIG-11991,PROD-02860,STORE-0218,decline,51.7,2026-02-24
SIG-11992,PROD-00955,STORE-0302,decline,-21.3,2026-01-12
SIG-11993,PROD-04447,STORE-0020,decline,70.0,2026-05-27
SIG-11994,PROD-04121,STORE-0108,decline,73.0,2026-01-11
SIG-11995,PROD-04414,STORE-0037,decline,-0.4,2026-02-28
SIG-11996,PROD-00941,STORE-0195,spike,29.1,2026-05-25
SIG-11997,PROD-00807,STORE-0239,decline,59.1,2026-02-22
SIG-11998,PROD-04075,STORE-0004,seasonal,-11.8,2026-02-26
SIG-11999,PROD-03496,STORE-0357,spike,70.0,2026-06-08
SIG-12000,PROD-02167,STORE-0356,spike,51.7,2026-05-28
SIG-12001,PROD-01448,STORE-0243,seasonal,62.3,2026-08-21
SIG-12002,PROD-01278,STORE-0073,spike,-34.2,2026-06-07
SIG-12003,PROD-00604,STORE-0033,seasonal,15.0,2026-02-01
SIG-12004,PROD-01428,STORE-0414,seasonal,59.4,2026-08-26
SIG-12005,PROD-01593,STORE-0354,seasonal,-34.7,2026-03-22
SIG-12006,PROD-02224,STORE-0464,spike,26.4,2026-03-09
SIG-12007,PROD-01754,STORE-0250,decline,-15.0,2026-06-17
SIG-12008,PROD-01662,STORE-0076,seasonal,-31.0,2026-02-06
SIG-12009,PROD-03207,STORE-0197,spike,22.5,2026-01-17
SIG-12010,PROD-00930,STORE-0148,spike,69.4,2026-04-13
SIG-12011,PROD-01257,STORE-0304,decline,1.8,2026-01-05
SIG-12012,PROD-01184,STORE-0068,spike,-16.8,2026-08-16
SIG-12013,PROD-02825,STORE-0417,seasonal,34.0,2026-05-04
SIG-12014,PROD-02619,STORE-0057,decline,68.3,2026-07-27
SIG-12015,PROD-03071,STORE-0278,decline,28.0,2026-05-03
SIG-12016,PROD-02819,STORE-0330,seasonal,38.3,2026-02-06
SIG-12017,PROD-04452,STORE-0211,seasonal,11.8,2026-07-01
SIG-12018,PROD-04326,STORE-0063,decline,-15.2,2026-02-18
SIG-12019,PROD-00167,STORE-0189,seasonal,1.3,2026-07-04
SIG-12020,PROD-01261,STORE-0203,seasonal,28.4,2026-04-25
SIG-12021,PROD-02109,STORE-0250,spike,-7.9,2026-05-14
SIG-12022,PROD-02666,STORE-0096,decline,2.2,2026-06-06
SIG-12023,PROD-00172,STORE-0109,seasonal,-26.0,2026-05-02
SIG-12024,PROD-01173,STORE-0185,decline,-32.5,2026-07-06
SIG-12025,PROD-01815,STORE-0296,spike,-20.0,2026-06-25
SIG-12026,PROD-00899,STORE-0266,seasonal,32.6,2026-07-27
SIG-12027,PROD-04047,STORE-0355,decline,-35.9,2026-08-15
SIG-12028,PROD-03454,STORE-0139,spike,13.3,2026-05-26
SIG-12029,PROD-00161,STORE-0281,seasonal,-35.3,2026-07-08
SIG-12030,PROD-01352,STORE-0386,spike,45.4,2026-07-11
SIG-12031,PROD-03441,STORE-0178,spike,24.0,2026-03-10
SIG-12032,PROD-00893,STORE-0028,seasonal,-10.6,2026-03-26
SIG-12033,PROD-01878,STORE-0384,decline,51.4,2026-02-27
SIG-12034,PROD-00985,STORE-0346,spike,-9.2,2026-03-07
SIG-12035,PROD-00807,STORE-0462,decline,-34.8,2026-03-27
SIG-12036,PROD-02198,STORE-0394,spike,47.2,2026-04-08
SIG-12037,PROD-02329,STORE-0336,decline,-11.8,2026-06-20
SIG-12038,PROD-02939,STORE-0431,seasonal,-23.8,2026-03-22
SIG-12039,PROD-03709,STORE-0448,seasonal,2.5,2026-08-25
SIG-12040,PROD-03772,STORE-0350,decline,-20.2,2026-08-16
SIG-12041,PROD-01490,STORE-0444,seasonal,11.8,2026-03-19
SIG-12042,PROD-04525,STORE-0267,spike,68.0,2026-05-28
SIG-12043,PROD-01884,STORE-0132,decline,-11.1,2026-05-26
SIG-12044,PROD-02247,STORE-0173,spike,42.4,2026-04-09
SIG-12045,PROD-00738,STORE-0286,seasonal,45.7,2026-03-08
SIG-12046,PROD-01893,STORE-0096,decline,47.3,2026-02-24
SIG-12047,PROD-02100,STORE-0133,seasonal,-12.8,2026-06-02
SIG-12048,PROD-00798,STORE-0395,seasonal,21.2,2026-08-25
SIG-12049,PROD-02896,STORE-0034,spike,-0.2,2026-04-09
SIG-12050,PROD-01273,STORE-0448,seasonal,6.0,2026-06-08
SIG-12051,PROD-02412,STORE-0213,decline,-34.8,2026-06-17
SIG-12052,PROD-00877,STORE-0240,decline,-5.7,2026-06-05
SIG-12053,PROD-03823,STORE-0163,spike,73.0,2026-07-23
SIG-12054,PROD-01733,STORE-0074,decline,51.2,2026-07-09
SIG-12055,PROD-00073,STORE-0001,spike,22.8,2026-03-22
SIG-12056,PROD-02454,STORE-0451,seasonal,-12.8,2026-01-02
SIG-12057,PROD-02247,STORE-0414,seasonal,31.4,2026-02-01
SIG-12058,PROD-02435,STORE-0185,spike,17.3,2026-03-24
SIG-12059,PROD-03766,STORE-0224,spike,63.7,2026-08-02
SIG-12060,PROD-00917,STORE-0239,decline,15.6,2026-05-17
SIG-12061,PROD-03363,STORE-0336,decline,4.8,2026-05-25
SIG-12062,PROD-03502,STORE-0213,spike,-6.6,2026-02-09
SIG-12063,PROD-00079,STORE-0407,seasonal,3.1,2026-04-28
SIG-12064,PROD-02486,STORE-0343,spike,7.1,2026-01-02
SIG-12065,PROD-00784,STORE-0243,seasonal,-10.9,2026-05-19
SIG-12066,PROD-03455,STORE-0216,spike,41.9,2026-06-09
SIG-12067,PROD-03826,STORE-0250,seasonal,30.0,2026-04-22
SIG-12068,PROD-03974,STORE-0340,spike,25.4,2026-03-14
SIG-12069,PROD-01848,STORE-0273,seasonal,51.8,2026-07-14
SIG-12070,PROD-04177,STORE-0262,spike,-34.5,2026-07-11
SIG-12071,PROD-03900,STORE-0432,seasonal,36.7,2026-07-21
SIG-12072,PROD-04710,STORE-0462,decline,-14.6,2026-04-09
SIG-12073,PROD-04985,STORE-0118,spike,3.0,2026-02-20
SIG-12074,PROD-01134,STORE-0131,decline,75.3,2026-04-13
SIG-12075,PROD-02477,STORE-0269,seasonal,-27.3,2026-07-02
SIG-12076,PROD-04038,STORE-0354,decline,43.7,2026-03-02
SIG-12077,PROD-01371,STORE-0148,spike,-32.1,2026-05-21
SIG-12078,PROD-01516,STORE-0370,spike,-9.7,2026-06-28
SIG-12079,PROD-04065,STORE-0409,seasonal,68.0,2026-08-11
SIG-12080,PROD-04507,STORE-0026,seasonal,38.2,2026-02-17
SIG-12081,PROD-00107,STORE-0222,seasonal,27.7,2026-07-13
SIG-12082,PROD-03248,STORE-0023,spike,3.2,2026-04-17
SIG-12083,PROD-04184,STORE-0340,seasonal,53.9,2026-07-24
SIG-12084,PROD-04678,STORE-0007,seasonal,-8.3,2026-01-23
SIG-12085,PROD-03406,STORE-0475,seasonal,-39.0,2026-02-01
SIG-12086,PROD-03210,STORE-0058,decline,78.8,2026-03-22
SIG-12087,PROD-04112,STORE-0062,spike,-40.0,2026-06-08
SIG-12088,PROD-04041,STORE-0047,decline,49.6,2026-01-10
SIG-12089,PROD-04061,STORE-0126,decline,-31.3,2026-08-23
SIG-12090,PROD-04209,STORE-0224,seasonal,35.6,2026-03-14
SIG-12091,PROD-03043,STORE-0427,seasonal,46.7,2026-01-24
SIG-12092,PROD-00978,STORE-0288,seasonal,32.6,2026-05-08
SIG-12093,PROD-04714,STORE-0333,spike,-32.4,2026-01-09
SIG-12094,PROD-01266,STORE-0101,decline,37.9,2026-08-02
SIG-12095,PROD-01216,STORE-0013,decline,47.1,2026-05-10
SIG-12096,PROD-00702,STORE-0287,spike,-11.2,2026-05-25
SIG-12097,PROD-04915,STORE-0232,seasonal,-6.9,2026-06-08
SIG-12098,PROD-00076,STORE-0298,decline,24.2,2026-04-03
SIG-12099,PROD-03479,STORE-0231,decline,29.3,2026-01-05
SIG-12100,PROD-04555,STORE-0154,seasonal,64.3,2026-07-01
SIG-12101,PROD-02944,STORE-0102,decline,6.5,2026-07-23
SIG-12102,PROD-01482,STORE-0456,seasonal,42.3,2026-04-12
SIG-12103,PROD-00047,STORE-0121,seasonal,78.9,2026-07-19
SIG-12104,PROD-01563,STORE-0357,spike,10.4,2026-07-13
SIG-12105,PROD-01052,STORE-0490,spike,-25.1,2026-02-26
SIG-12106,PROD-03917,STORE-0451,seasonal,-39.4,2026-02-25
SIG-12107,PROD-03389,STORE-0148,decline,44.0,2026-02-02
SIG-12108,PROD-01327,STORE-0108,spike,1.4,2026-08-01
SIG-12109,PROD-04973,STORE-0293,seasonal,-13.2,2026-07-06
SIG-12110,PROD-00080,STORE-0207,seasonal,72.8,2026-02-01
SIG-12111,PROD-03053,STORE-0273,decline,20.2,2026-04-05
SIG-12112,PROD-04290,STORE-0124,seasonal,50.5,2026-06-09
SIG-12113,PROD-00211,STORE-0027,spike,-22.8,2026-08-19
SIG-12114,PROD-01705,STORE-0168,decline,10.8,2026-07-11
SIG-12115,PROD-03153,STORE-0238,spike,76.9,2026-03-06
SIG-12116,PROD-03110,STORE-0384,decline,-27.5,2026-01-07
SIG-12117,PROD-03670,STORE-0031,spike,-35.4,2026-06-10
SIG-12118,PROD-00781,STORE-0152,decline,-23.1,2026-02-24
SIG-12119,PROD-04832,STORE-0095,spike,39.6,2026-08-06
SIG-12120,PROD-01762,STORE-0284,seasonal,32.3,2026-02-17
SIG-12121,PROD-03769,STORE-0361,spike,54.8,2026-06-06
SIG-12122,PROD-01986,STORE-0080,decline,-34.4,2026-07-01
SIG-12123,PROD-03954,STORE-0479,decline,22.9,2026-03-27
SIG-12124,PROD-01100,STORE-0313,decline,12.4,2026-06-15
SIG-12125,PROD-02727,STORE-0351,decline,45.1,2026-08-22
SIG-12126,PROD-03716,STORE-0311,spike,-9.4,2026-03-23
SIG-12127,PROD-01605,STORE-0105,seasonal,52.7,2026-06-07
SIG-12128,PROD-02612,STORE-0015,decline,58.3,2026-05-01
SIG-12129,PROD-04369,STORE-0249,seasonal,39.3,2026-06-04
SIG-12130,PROD-02810,STORE-0110,spike,8.4,2026-05-24
SIG-12131,PROD-02806,STORE-0213,spike,-17.1,2026-04-27
SIG-12132,PROD-03758,STORE-0008,decline,-6.0,2026-08-01
SIG-12133,PROD-02959,STORE-0198,seasonal,56.5,2026-06-24
SIG-12134,PROD-00095,STORE-0340,spike,32.9,2026-06-27
SIG-12135,PROD-00079,STORE-0242,spike,67.0,2026-05-18
SIG-12136,PROD-01764,STORE-0440,seasonal,-16.5,2026-07-21
SIG-12137,PROD-00777,STORE-0199,seasonal,-33.3,2026-05-16
SIG-12138,PROD-01531,STORE-0308,decline,36.1,2026-04-26
SIG-12139,PROD-00893,STORE-0077,decline,-4.5,2026-01-04
SIG-12140,PROD-01289,STORE-0427,seasonal,1.4,2026-01-15
SIG-12141,PROD-03512,STORE-0327,seasonal,68.9,2026-03-11
SIG-12142,PROD-03669,STORE-0116,seasonal,20.1,2026-02-02
SIG-12143,PROD-03044,STORE-0070,spike,30.2,2026-02-25
SIG-12144,PROD-03459,STORE-0264,spike,48.4,2026-07-23
SIG-12145,PROD-03617,STORE-0223,decline,42.0,2026-03-06
SIG-12146,PROD-01518,STORE-0371,seasonal,49.3,2026-03-20
SIG-12147,PROD-04001,STORE-0452,seasonal,9.6,2026-07-13
SIG-12148,PROD-03228,STORE-0301,seasonal,27.1,2026-07-27
SIG-12149,PROD-00543,STORE-0103,spike,-38.7,2026-01-27
SIG-12150,PROD-01873,STORE-0164,spike,-24.4,2026-06-19
SIG-12151,PROD-01634,STORE-0083,seasonal,57.2,2026-06-21
SIG-12152,PROD-02943,STORE-0228,spike,-34.6,2026-06-04
SIG-12153,PROD-01684,STORE-0042,spike,-28.7,2026-08-26
SIG-12154,PROD-03366,STORE-0100,decline,36.4,2026-08-17
SIG-12155,PROD-01603,STORE-0472,spike,57.5,2026-01-11
SIG-12156,PROD-00049,STORE-0184,decline,68.8,2026-08-10
SIG-12157,PROD-04786,STORE-0286,spike,-39.9,2026-06-11
SIG-12158,PROD-03604,STORE-0229,seasonal,-10.3,2026-02-10
SIG-12159,PROD-01208,STORE-0087,decline,45.9,2026-06-04
SIG-12160,PROD-03048,STORE-0331,decline,-14.1,2026-02-08
SIG-12161,PROD-03725,STORE-0194,seasonal,73.5,2026-03-21
SIG-12162,PROD-01723,STORE-0305,seasonal,60.9,2026-02-03
SIG-12163,PROD-01164,STORE-0399,spike,54.4,2026-05-12
SIG-12164,PROD-03385,STORE-0253,spike,75.4,2026-05-08
SIG-12165,PROD-02378,STORE-0367,seasonal,39.0,2026-04-10
SIG-12166,PROD-01909,STORE-0364,decline,13.7,2026-03-11
SIG-12167,PROD-04512,STORE-0287,decline,36.0,2026-04-12
SIG-12168,PROD-02582,STORE-0381,decline,-10.9,2026-06-15
SIG-12169,PROD-01892,STORE-0373,decline,-33.3,2026-04-05
SIG-12170,PROD-02504,STORE-0378,seasonal,-31.3,2026-05-19
SIG-12171,PROD-04057,STORE-0491,decline,47.2,2026-04-23
SIG-12172,PROD-01598,STORE-0358,spike,14.1,2026-08-09
SIG-12173,PROD-00198,STORE-0067,spike,15.2,2026-08-03
SIG-12174,PROD-00064,STORE-0328,spike,-34.2,2026-02-13
SIG-12175,PROD-01671,STORE-0193,seasonal,15.4,2026-02-01
SIG-12176,PROD-04505,STORE-0093,spike,10.7,2026-05-09
SIG-12177,PROD-01662,STORE-0328,decline,-30.9,2026-06-26
SIG-12178,PROD-02113,STORE-0191,decline,66.3,2026-03-19
SIG-12179,PROD-04961,STORE-0200,decline,46.9,2026-03-26
SIG-12180,PROD-01175,STORE-0250,seasonal,25.3,2026-04-08
SIG-12181,PROD-02815,STORE-0087,spike,-24.6,2026-01-14
SIG-12182,PROD-03003,STORE-0138,decline,57.0,2026-03-03
SIG-12183,PROD-03900,STORE-0301,spike,-18.5,2026-07-09
SIG-12184,PROD-00852,STORE-0370,seasonal,73.4,2026-05-14
SIG-12185,PROD-00951,STORE-0452,seasonal,24.1,2026-03-01
SIG-12186,PROD-04969,STORE-0212,decline,32.7,2026-02-11
SIG-12187,PROD-00900,STORE-0052,decline,41.0,2026-04-26
SIG-12188,PROD-02001,STORE-0313,decline,57.2,2026-02-01
SIG-12189,PROD-00091,STORE-0383,seasonal,-7.9,2026-06-27
SIG-12190,PROD-02805,STORE-0120,spike,68.7,2026-07-20
SIG-12191,PROD-03202,STORE-0030,decline,61.3,2026-07-26
SIG-12192,PROD-03176,STORE-0305,decline,-15.6,2026-08-04
SIG-12193,PROD-02861,STORE-0292,seasonal,-26.8,2026-05-10
SIG-12194,PROD-04179,STORE-0024,spike,57.7,2026-03-22
SIG-12195,PROD-00264,STORE-0279,decline,21.5,2026-06-10
SIG-12196,PROD-02631,STORE-0145,decline,38.1,2026-02-19
SIG-12197,PROD-03127,STORE-0229,decline,14.7,2026-02-28
SIG-12198,PROD-02904,STORE-0034,seasonal,14.9,2026-04-25
SIG-12199,PROD-04175,STORE-0402,spike,40.3,2026-04-23
SIG-12200,PROD-02761,STORE-0365,spike,47.0,2026-06-05
SIG-12201,PROD-01504,STORE-0027,seasonal,54.7,2026-07-21
SIG-12202,PROD-03204,STORE-0042,spike,-30.6,2026-05-27
SIG-12203,PROD-00507,STORE-0051,spike,26.5,2026-03-19
SIG-12204,PROD-03599,STORE-0003,decline,49.5,2026-03-17
SIG-12205,PROD-00756,STORE-0163,spike,22.7,2026-07-12
SIG-12206,PROD-03422,STORE-0039,seasonal,-2.6,2026-05-08
SIG-12207,PROD-01768,STORE-0018,seasonal,77.7,2026-02-16
SIG-12208,PROD-03353,STORE-0424,decline,2.3,2026-02-10
SIG-12209,PROD-01243,STORE-0167,seasonal,15.2,2026-05-07
SIG-12210,PROD-02272,STORE-0215,seasonal,65.5,2026-04-16
SIG-12211,PROD-03384,STORE-0301,decline,-11.3,2026-05-14
SIG-12212,PROD-04276,STORE-0169,spike,-21.3,2026-01-20
SIG-12213,PROD-04302,STORE-0271,spike,-35.9,2026-06-26
SIG-12214,PROD-00566,STORE-0023,spike,5.3,2026-02-05
SIG-12215,PROD-00449,STORE-0464,decline,73.6,2026-02-24
SIG-12216,PROD-04158,STORE-0382,spike,-11.7,2026-01-17
SIG-12217,PROD-01614,STORE-0382,decline,61.1,2026-07-12
SIG-12218,PROD-03238,STORE-0453,seasonal,6.4,2026-05-26
SIG-12219,PROD-03570,STORE-0363,seasonal,39.7,2026-07-16
SIG-12220,PROD-01981,STORE-0015,decline,-18.7,2026-01-28
SIG-12221,PROD-03931,STORE-0033,spike,28.4,2026-03-15
SIG-12222,PROD-00936,STORE-0345,decline,78.0,2026-03-11
SIG-12223,PROD-00728,STORE-0206,decline,-4.2,2026-03-15
SIG-12224,PROD-02026,STORE-0060,spike,30.8,2026-06-09
SIG-12225,PROD-01679,STORE-0327,seasonal,-38.3,2026-08-02
SIG-12226,PROD-01168,STORE-0273,spike,-31.8,2026-08-28
SIG-12227,PROD-00685,STORE-0282,decline,51.2,2026-05-17
SIG-12228,PROD-03418,STORE-0153,spike,35.8,2026-03-07
SIG-12229,PROD-00381,STORE-0113,decline,38.5,2026-03-18
SIG-12230,PROD-03671,STORE-0333,seasonal,16.5,2026-07-17
SIG-12231,PROD-02163,STORE-0102,seasonal,51.6,2026-03-26
SIG-12232,PROD-00663,STORE-0102,seasonal,6.6,2026-08-24
SIG-12233,PROD-04216,STORE-0499,decline,-10.2,2026-06-18
SIG-12234,PROD-04428,STORE-0068,decline,-32.0,2026-08-11
SIG-12235,PROD-01887,STORE-0271,seasonal,-35.5,2026-01-18
SIG-12236,PROD-00351,STORE-0017,seasonal,-27.9,2026-06-09
SIG-12237,PROD-03570,STORE-0085,decline,17.5,2026-03-24
SIG-12238,PROD-04177,STORE-0036,seasonal,66.6,2026-02-23
SIG-12239,PROD-02349,STORE-0309,spike,-3.8,2026-08-14
SIG-12240,PROD-02234,STORE-0042,decline,79.2,2026-01-25
SIG-12241,PROD-02162,STORE-0402,decline,53.1,2026-02-13
SIG-12242,PROD-03363,STORE-0363,spike,-37.7,2026-08-19
SIG-12243,PROD-01203,STORE-0237,seasonal,-27.0,2026-08-27
SIG-12244,PROD-01643,STORE-0304,decline,70.0,2026-07-19
SIG-12245,PROD-02651,STORE-0357,seasonal,-27.6,2026-04-27
SIG-12246,PROD-01382,STORE-0416,spike,-19.9,2026-03-24
SIG-12247,PROD-04722,STORE-0028,decline,-17.2,2026-07-21
SIG-12248,PROD-01255,STORE-0379,spike,-4.2,2026-06-12
SIG-12249,PROD-03074,STORE-0203,decline,-37.5,2026-08-01
SIG-12250,PROD-03343,STORE-0483,spike,30.4,2026-06-15
SIG-12251,PROD-03549,STORE-0344,seasonal,44.9,2026-04-20
SIG-12252,PROD-00591,STORE-0100,seasonal,18.1,2026-07-03
SIG-12253,PROD-02824,STORE-0450,spike,20.7,2026-06-23
SIG-12254,PROD-04211,STORE-0143,seasonal,-0.2,2026-03-13
SIG-12255,PROD-02336,STORE-0493,decline,46.2,2026-08-07
SIG-12256,PROD-03335,STORE-0236,spike,-30.3,2026-01-16
SIG-12257,PROD-04514,STORE-0293,seasonal,3.9,2026-02-22
SIG-12258,PROD-00436,STORE-0435,seasonal,4.6,2026-01-25
SIG-12259,PROD-04878,STORE-0467,seasonal,71.8,2026-06-22
SIG-12260,PROD-03826,STORE-0343,decline,33.6,2026-03-28
SIG-12261,PROD-03084,STORE-0271,seasonal,42.5,2026-06-16
SIG-12262,PROD-00660,STORE-0256,spike,-35.2,2026-08-21
SIG-12263,PROD-04763,STORE-0139,seasonal,-21.6,2026-03-27
SIG-12264,PROD-03444,STORE-0316,spike,55.8,2026-03-02
SIG-12265,PROD-03972,STORE-0113,spike,-2.1,2026-04-12
SIG-12266,PROD-01020,STORE-0440,seasonal,-36.3,2026-07-20
SIG-12267,PROD-03289,STORE-0088,decline,46.0,2026-07-10
SIG-12268,PROD-00958,STORE-0118,spike,12.2,2026-04-13
SIG-12269,PROD-03624,STORE-0435,seasonal,33.9,2026-04-12
SIG-12270,PROD-00634,STORE-0402,decline,18.0,2026-07-12
SIG-12271,PROD-00300,STORE-0047,spike,70.3,2026-07-13
SIG-12272,PROD-04832,STORE-0334,seasonal,40.3,2026-01-12
SIG-12273,PROD-04867,STORE-0243,spike,41.4,2026-04-21
SIG-12274,PROD-01973,STORE-0470,spike,21.3,2026-06-25
SIG-12275,PROD-02807,STORE-0076,spike,-12.0,2026-03-26
SIG-12276,PROD-03508,STORE-0140,spike,26.9,2026-05-23
SIG-12277,PROD-04689,STORE-0291,spike,-24.4,2026-02-02
SIG-12278,PROD-02062,STORE-0137,spike,68.3,2026-04-04
SIG-12279,PROD-02122,STORE-0442,spike,-28.5,2026-06-04
SIG-12280,PROD-04436,STORE-0244,decline,4.1,2026-01-19
SIG-12281,PROD-02747,STORE-0009,seasonal,-29.0,2026-07-03
SIG-12282,PROD-03470,STORE-0114,decline,-24.2,2026-06-13
SIG-12283,PROD-00898,STORE-0091,decline,-10.6,2026-05-01
SIG-12284,PROD-00749,STORE-0232,decline,29.4,2026-04-28
SIG-12285,PROD-03203,STORE-0140,seasonal,-20.1,2026-04-12
SIG-12286,PROD-02587,STORE-0154,seasonal,6.6,2026-01-11
SIG-12287,PROD-02006,STORE-0247,spike,-24.7,2026-07-17
SIG-12288,PROD-03185,STORE-0282,spike,42.2,2026-02-06
SIG-12289,PROD-00123,STORE-0445,spike,66.6,2026-08-14
SIG-12290,PROD-01149,STORE-0215,spike,28.3,2026-02-23
SIG-12291,PROD-01718,STORE-0051,seasonal,8.7,2026-06-06
SIG-12292,PROD-01027,STORE-0136,spike,14.8,2026-02-01
SIG-12293,PROD-03817,STORE-0166,decline,-34.0,2026-06-03
SIG-12294,PROD-03137,STORE-0366,seasonal,39.6,2026-02-27
SIG-12295,PROD-04052,STORE-0014,spike,40.5,2026-07-19
SIG-12296,PROD-00041,STORE-0409,seasonal,42.7,2026-03-15
SIG-12297,PROD-00087,STORE-0254,spike,18.0,2026-08-20
SIG-12298,PROD-04769,STORE-0341,spike,-26.9,2026-02-25
SIG-12299,PROD-02129,STORE-0350,spike,-25.0,2026-08-13
SIG-12300,PROD-00622,STORE-0448,decline,51.1,2026-07-02
SIG-12301,PROD-00029,STORE-0067,seasonal,5.8,2026-01-11
SIG-12302,PROD-02086,STORE-0442,seasonal,10.3,2026-08-07
SIG-12303,PROD-02815,STORE-0195,spike,71.7,2026-03-11
SIG-12304,PROD-03927,STORE-0208,seasonal,-32.3,2026-01-12
SIG-12305,PROD-00843,STORE-0140,spike,18.0,2026-05-03
SIG-12306,PROD-03421,STORE-0362,seasonal,4.4,2026-07-16
SIG-12307,PROD-01314,STORE-0011,seasonal,-10.6,2026-08-18
SIG-12308,PROD-02535,STORE-0390,seasonal,-10.7,2026-08-01
SIG-12309,PROD-04129,STORE-0475,spike,-11.3,2026-02-20
SIG-12310,PROD-00787,STORE-0089,decline,6.9,2026-04-19
SIG-12311,PROD-01577,STORE-0390,seasonal,-28.6,2026-02-17
SIG-12312,PROD-02281,STORE-0369,decline,28.4,2026-03-19
SIG-12313,PROD-02326,STORE-0106,spike,-16.5,2026-06-08
SIG-12314,PROD-00811,STORE-0067,decline,8.0,2026-04-19
SIG-12315,PROD-04370,STORE-0118,seasonal,-29.1,2026-02-19
SIG-12316,PROD-00121,STORE-0051,decline,70.4,2026-08-11
SIG-12317,PROD-04591,STORE-0344,seasonal,75.1,2026-04-13
SIG-12318,PROD-02572,STORE-0458,seasonal,70.3,2026-01-01
SIG-12319,PROD-01786,STORE-0309,seasonal,24.9,2026-07-22
SIG-12320,PROD-03778,STORE-0349,seasonal,-20.0,2026-05-26
SIG-12321,PROD-03569,STORE-0426,spike,-31.7,2026-06-09
SIG-12322,PROD-01336,STORE-0160,spike,43.9,2026-06-06
SIG-12323,PROD-00369,STORE-0175,decline,37.2,2026-01-12
SIG-12324,PROD-01592,STORE-0215,spike,35.5,2026-03-05
SIG-12325,PROD-00762,STORE-0127,spike,5.8,2026-03-04
SIG-12326,PROD-02680,STORE-0404,decline,34.3,2026-03-18
SIG-12327,PROD-01010,STORE-0014,seasonal,32.3,2026-02-04
SIG-12328,PROD-02714,STORE-0136,seasonal,-1.9,2026-08-27
SIG-12329,PROD-00953,STORE-0185,decline,35.0,2026-04-12
SIG-12330,PROD-03412,STORE-0118,seasonal,-10.9,2026-03-01
SIG-12331,PROD-03328,STORE-0088,seasonal,68.8,2026-08-27
SIG-12332,PROD-04889,STORE-0068,decline,46.6,2026-03-25
SIG-12333,PROD-00868,STORE-0150,decline,77.1,2026-08-28
SIG-12334,PROD-00735,STORE-0215,spike,9.9,2026-04-23
SIG-12335,PROD-00239,STORE-0232,seasonal,-34.8,2026-07-03
SIG-12336,PROD-01885,STORE-0322,seasonal,61.9,2026-01-20
SIG-12337,PROD-02665,STORE-0239,seasonal,-7.4,2026-01-01
SIG-12338,PROD-00634,STORE-0420,decline,-2.2,2026-03-24
SIG-12339,PROD-03198,STORE-0437,seasonal,77.7,2026-02-10
SIG-12340,PROD-04938,STORE-0069,seasonal,23.8,2026-08-28
SIG-12341,PROD-01154,STORE-0173,spike,60.0,2026-06-19
SIG-12342,PROD-03239,STORE-0245,spike,50.3,2026-05-24
SIG-12343,PROD-04290,STORE-0469,decline,-24.1,2026-02-24
SIG-12344,PROD-04380,STORE-0211,decline,-39.2,2026-08-27
SIG-12345,PROD-03943,STORE-0360,spike,-17.8,2026-08-04
SIG-12346,PROD-01854,STORE-0267,spike,50.6,2026-02-12
SIG-12347,PROD-01185,STORE-0048,decline,-17.5,2026-01-06
SIG-12348,PROD-04841,STORE-0336,seasonal,19.5,2026-06-15
SIG-12349,PROD-02377,STORE-0197,spike,8.1,2026-03-13
SIG-12350,PROD-04490,STORE-0192,spike,59.3,2026-07-27
SIG-12351,PROD-04610,STORE-0392,seasonal,-37.0,2026-04-26
SIG-12352,PROD-04491,STORE-0232,seasonal,56.5,2026-07-28
SIG-12353,PROD-01838,STORE-0211,seasonal,-10.7,2026-06-17
SIG-12354,PROD-00799,STORE-0172,spike,36.0,2026-04-15
SIG-12355,PROD-03144,STORE-0182,spike,0.2,2026-03-14
SIG-12356,PROD-02229,STORE-0292,seasonal,5.5,2026-01-07
SIG-12357,PROD-01452,STORE-0473,spike,53.0,2026-01-02
SIG-12358,PROD-03218,STORE-0377,seasonal,29.2,2026-03-09
SIG-12359,PROD-02994,STORE-0244,spike,-13.2,2026-04-28
SIG-12360,PROD-01528,STORE-0253,spike,-25.3,2026-07-18
SIG-12361,PROD-04844,STORE-0335,spike,-0.6,2026-07-20
SIG-12362,PROD-02693,STORE-0065,spike,73.3,2026-03-11
SIG-12363,PROD-02704,STORE-0400,spike,78.3,2026-07-28
SIG-12364,PROD-03199,STORE-0338,decline,-30.9,2026-03-05
SIG-12365,PROD-03328,STORE-0473,seasonal,55.0,2026-02-02
SIG-12366,PROD-00836,STORE-0065,decline,-10.3,2026-05-01
SIG-12367,PROD-00973,STORE-0135,spike,5.8,2026-01-25
SIG-12368,PROD-00861,STORE-0490,spike,62.9,2026-04-02
SIG-12369,PROD-02918,STORE-0440,decline,37.0,2026-03-15
SIG-12370,PROD-02425,STORE-0066,decline,79.4,2026-05-02
SIG-12371,PROD-02531,STORE-0055,seasonal,-36.7,2026-03-04
SIG-12372,PROD-03459,STORE-0447,seasonal,74.1,2026-05-17
SIG-12373,PROD-01892,STORE-0379,spike,39.6,2026-05-03
SIG-12374,PROD-02367,STORE-0276,seasonal,16.9,2026-08-05
SIG-12375,PROD-02647,STORE-0470,spike,45.1,2026-01-04
SIG-12376,PROD-00068,STORE-0033,decline,69.9,2026-07-14
SIG-12377,PROD-01098,STORE-0492,decline,19.7,2026-08-08
SIG-12378,PROD-03211,STORE-0412,decline,-21.7,2026-05-17
SIG-12379,PROD-00488,STORE-0203,decline,51.7,2026-07-18
SIG-12380,PROD-01210,STORE-0450,spike,37.8,2026-06-16
SIG-12381,PROD-02920,STORE-0316,spike,34.6,2026-03-07
SIG-12382,PROD-02977,STORE-0289,decline,-12.0,2026-03-20
SIG-12383,PROD-04842,STORE-0012,decline,32.8,2026-08-18
SIG-12384,PROD-04542,STORE-0009,spike,-25.6,2026-07-24
SIG-12385,PROD-03130,STORE-0449,spike,12.7,2026-05-16
SIG-12386,PROD-01601,STORE-0180,seasonal,1.1,2026-05-12
SIG-12387,PROD-04287,STORE-0181,seasonal,-4.4,2026-06-27
SIG-12388,PROD-03399,STORE-0022,decline,51.4,2026-08-16
SIG-12389,PROD-00875,STORE-0320,spike,-34.3,2026-03-09
SIG-12390,PROD-04217,STORE-0297,spike,72.4,2026-08-11
SIG-12391,PROD-00369,STORE-0283,spike,-38.0,2026-06-17
SIG-12392,PROD-03252,STORE-0391,spike,57.6,2026-03-10
SIG-12393,PROD-01803,STORE-0335,seasonal,31.1,2026-01-21
SIG-12394,PROD-04705,STORE-0221,spike,41.6,2026-02-13
SIG-12395,PROD-04880,STORE-0310,spike,57.9,2026-07-10
SIG-12396,PROD-00466,STORE-0070,seasonal,66.6,2026-03-17
SIG-12397,PROD-04474,STORE-0462,decline,9.9,2026-04-05
SIG-12398,PROD-02743,STORE-0078,spike,-12.8,2026-04-20
SIG-12399,PROD-03712,STORE-0113,spike,39.5,2026-06-25
SIG-12400,PROD-01064,STORE-0400,seasonal,5.3,2026-07-05
SIG-12401,PROD-01626,STORE-0220,decline,27.6,2026-01-24
SIG-12402,PROD-02350,STORE-0277,seasonal,-24.2,2026-07-01
SIG-12403,PROD-00316,STORE-0294,decline,50.1,2026-04-24
SIG-12404,PROD-00195,STORE-0033,seasonal,-7.9,2026-04-26
SIG-12405,PROD-04442,STORE-0278,seasonal,-2.8,2026-07-07
SIG-12406,PROD-04758,STORE-0025,decline,-12.8,2026-02-07
SIG-12407,PROD-00226,STORE-0498,seasonal,-14.5,2026-04-20
SIG-12408,PROD-02406,STORE-0210,seasonal,-15.9,2026-01-10
SIG-12409,PROD-00784,STORE-0458,decline,70.6,2026-08-28
SIG-12410,PROD-03654,STORE-0237,decline,-0.3,2026-05-10
SIG-12411,PROD-04519,STORE-0154,spike,18.7,2026-07-09
SIG-12412,PROD-02290,STORE-0421,decline,31.9,2026-02-23
SIG-12413,PROD-01665,STORE-0156,decline,-8.2,2026-06-10
SIG-12414,PROD-01146,STORE-0421,seasonal,-16.7,2026-02-13
SIG-12415,PROD-04078,STORE-0124,seasonal,23.2,2026-01-02
SIG-12416,PROD-00345,STORE-0232,decline,-33.3,2026-02-14
SIG-12417,PROD-03075,STORE-0183,spike,42.6,2026-08-24
SIG-12418,PROD-04495,STORE-0165,decline,78.7,2026-01-28
SIG-12419,PROD-03682,STORE-0241,decline,52.6,2026-03-02
SIG-12420,PROD-00131,STORE-0110,seasonal,72.3,2026-08-02
SIG-12421,PROD-02209,STORE-0258,seasonal,70.6,2026-04-16
SIG-12422,PROD-04470,STORE-0278,seasonal,-23.6,2026-04-08
SIG-12423,PROD-01554,STORE-0153,spike,-10.7,2026-03-22
SIG-12424,PROD-04741,STORE-0275,seasonal,78.5,2026-06-09
SIG-12425,PROD-04989,STORE-0145,decline,0.9,2026-05-02
SIG-12426,PROD-02587,STORE-0209,decline,58.0,2026-06-28
SIG-12427,PROD-00223,STORE-0473,decline,66.0,2026-02-27
SIG-12428,PROD-02417,STORE-0121,seasonal,26.1,2026-06-22
SIG-12429,PROD-03858,STORE-0440,decline,76.2,2026-07-24
SIG-12430,PROD-04250,STORE-0293,seasonal,71.7,2026-08-09
SIG-12431,PROD-01744,STORE-0417,decline,62.9,2026-08-08
SIG-12432,PROD-01496,STORE-0439,spike,62.1,2026-01-04
SIG-12433,PROD-04095,STORE-0160,decline,35.3,2026-08-07
SIG-12434,PROD-00811,STORE-0256,decline,-38.4,2026-04-09
SIG-12435,PROD-00595,STORE-0347,decline,47.0,2026-04-23
SIG-12436,PROD-02891,STORE-0472,decline,37.7,2026-01-10
SIG-12437,PROD-03451,STORE-0369,spike,-27.3,2026-05-26
SIG-12438,PROD-01510,STORE-0196,spike,-25.7,2026-05-08
SIG-12439,PROD-02418,STORE-0014,spike,22.6,2026-06-11
SIG-12440,PROD-03939,STORE-0416,seasonal,-1.6,2026-05-27
SIG-12441,PROD-00290,STORE-0331,spike,22.3,2026-06-07
SIG-12442,PROD-00055,STORE-0307,decline,-35.6,2026-04-10
SIG-12443,PROD-03936,STORE-0350,decline,22.7,2026-08-11
SIG-12444,PROD-01230,STORE-0100,decline,26.1,2026-07-03
SIG-12445,PROD-03377,STORE-0214,decline,40.5,2026-06-15
SIG-12446,PROD-03302,STORE-0458,seasonal,17.2,2026-02-08
SIG-12447,PROD-01733,STORE-0270,seasonal,75.3,2026-02-19
SIG-12448,PROD-02492,STORE-0342,spike,-6.6,2026-06-04
SIG-12449,PROD-01333,STORE-0202,decline,57.4,2026-04-13
SIG-12450,PROD-03777,STORE-0380,seasonal,40.4,2026-02-05
SIG-12451,PROD-04444,STORE-0166,spike,40.3,2026-03-19
SIG-12452,PROD-00393,STORE-0386,seasonal,-16.1,2026-01-13
SIG-12453,PROD-02352,STORE-0102,seasonal,22.7,2026-07-19
SIG-12454,PROD-03122,STORE-0442,spike,24.5,2026-03-04
SIG-12455,PROD-01075,STORE-0341,decline,-12.5,2026-02-15
SIG-12456,PROD-01549,STORE-0358,seasonal,28.1,2026-03-16
SIG-12457,PROD-00931,STORE-0004,decline,75.0,2026-02-02
SIG-12458,PROD-01028,STORE-0099,decline,35.7,2026-04-17
SIG-12459,PROD-03357,STORE-0035,spike,-12.8,2026-06-05
SIG-12460,PROD-01169,STORE-0362,decline,-19.0,2026-07-07
SIG-12461,PROD-00217,STORE-0179,seasonal,61.3,2026-07-15
SIG-12462,PROD-01764,STORE-0344,spike,28.2,2026-03-25
SIG-12463,PROD-00085,STORE-0050,decline,-25.6,2026-01-19
SIG-12464,PROD-03687,STORE-0180,spike,-9.4,2026-06-23
SIG-12465,PROD-00398,STORE-0340,spike,16.0,2026-02-07
SIG-12466,PROD-00893,STORE-0463,decline,-0.0,2026-05-04
SIG-12467,PROD-04233,STORE-0254,spike,14.7,2026-08-11
SIG-12468,PROD-02178,STORE-0133,spike,76.3,2026-04-22
SIG-12469,PROD-04897,STORE-0026,spike,66.0,2026-03-04
SIG-12470,PROD-03680,STORE-0427,decline,76.9,2026-04-20
SIG-12471,PROD-04099,STORE-0417,decline,26.3,2026-05-18
SIG-12472,PROD-03333,STORE-0472,seasonal,14.6,2026-07-01
SIG-12473,PROD-04204,STORE-0048,spike,-39.0,2026-02-14
SIG-12474,PROD-03636,STORE-0131,decline,-2.0,2026-01-27
SIG-12475,PROD-00030,STORE-0093,decline,47.8,2026-02-15
SIG-12476,PROD-00646,STORE-0147,seasonal,74.9,2026-05-26
SIG-12477,PROD-01631,STORE-0429,decline,-35.1,2026-01-15
SIG-12478,PROD-02655,STORE-0092,decline,-10.4,2026-01-19
SIG-12479,PROD-02555,STORE-0012,decline,-16.7,2026-08-09
SIG-12480,PROD-01265,STORE-0095,seasonal,-20.5,2026-06-24
SIG-12481,PROD-02114,STORE-0013,seasonal,76.8,2026-07-07
SIG-12482,PROD-02696,STORE-0180,decline,60.1,2026-04-04
SIG-12483,PROD-01369,STORE-0465,seasonal,44.9,2026-04-06
SIG-12484,PROD-01525,STORE-0424,spike,20.0,2026-05-06
SIG-12485,PROD-01009,STORE-0415,seasonal,-29.0,2026-06-06
SIG-12486,PROD-03386,STORE-0259,spike,67.8,2026-08-06
SIG-12487,PROD-01201,STORE-0404,seasonal,15.4,2026-05-01
SIG-12488,PROD-02468,STORE-0101,seasonal,51.3,2026-07-28
SIG-12489,PROD-04757,STORE-0099,spike,47.6,2026-05-26
SIG-12490,PROD-00282,STORE-0336,spike,7.7,2026-03-02
SIG-12491,PROD-03119,STORE-0261,spike,2.4,2026-04-19
SIG-12492,PROD-02916,STORE-0480,decline,45.3,2026-07-20
SIG-12493,PROD-00386,STORE-0254,seasonal,18.3,2026-05-21
SIG-12494,PROD-03474,STORE-0178,spike,56.5,2026-01-02
SIG-12495,PROD-00689,STORE-0134,decline,38.4,2026-06-11
SIG-12496,PROD-03994,STORE-0385,spike,74.4,2026-07-11
SIG-12497,PROD-00378,STORE-0366,spike,79.6,2026-05-21
SIG-12498,PROD-01924,STORE-0063,seasonal,-5.4,2026-02-27
SIG-12499,PROD-03913,STORE-0097,decline,-37.8,2026-04-25
SIG-12500,PROD-04557,STORE-0197,seasonal,24.2,2026-03-05
SIG-12501,PROD-04491,STORE-0434,decline,34.4,2026-04-28
SIG-12502,PROD-00693,STORE-0191,spike,26.2,2026-01-03
SIG-12503,PROD-02046,STORE-0243,spike,-10.8,2026-02-27
SIG-12504,PROD-03728,STORE-0030,decline,31.4,2026-07-07
SIG-12505,PROD-01141,STORE-0096,seasonal,32.7,2026-06-27
SIG-12506,PROD-02517,STORE-0229,decline,37.7,2026-03-09
SIG-12507,PROD-03166,STORE-0479,decline,71.0,2026-03-22
SIG-12508,PROD-02579,STORE-0372,seasonal,38.8,2026-05-23
SIG-12509,PROD-00457,STORE-0224,seasonal,-35.6,2026-01-08
SIG-12510,PROD-01691,STORE-0095,decline,9.9,2026-01-12
SIG-12511,PROD-01254,STORE-0391,decline,-35.7,2026-01-06
SIG-12512,PROD-02992,STORE-0413,spike,46.5,2026-01-20
SIG-12513,PROD-02699,STORE-0217,decline,10.6,2026-04-03
SIG-12514,PROD-01427,STORE-0292,seasonal,11.3,2026-07-18
SIG-12515,PROD-04789,STORE-0183,spike,-11.6,2026-08-20
SIG-12516,PROD-04235,STORE-0153,decline,76.8,2026-01-12
SIG-12517,PROD-00954,STORE-0360,seasonal,4.3,2026-07-06
SIG-12518,PROD-01484,STORE-0058,spike,68.8,2026-05-23
SIG-12519,PROD-02022,STORE-0095,spike,-10.3,2026-01-12
SIG-12520,PROD-04899,STORE-0070,spike,43.4,2026-03-21
SIG-12521,PROD-02424,STORE-0005,decline,-28.5,2026-07-25
SIG-12522,PROD-00338,STORE-0449,seasonal,33.4,2026-02-09
SIG-12523,PROD-00762,STORE-0037,seasonal,-39.5,2026-04-11
SIG-12524,PROD-00716,STORE-0299,seasonal,11.3,2026-02-25
SIG-12525,PROD-03230,STORE-0264,spike,52.1,2026-07-16
SIG-12526,PROD-00457,STORE-0187,decline,1.6,2026-02-14
SIG-12527,PROD-00161,STORE-0468,spike,43.6,2026-02-19
SIG-12528,PROD-04700,STORE-0197,decline,50.8,2026-08-27
SIG-12529,PROD-03790,STORE-0437,seasonal,-10.6,2026-07-27
SIG-12530,PROD-02927,STORE-0016,seasonal,5.7,2026-04-20
SIG-12531,PROD-04433,STORE-0250,seasonal,1.0,2026-05-09
SIG-12532,PROD-04593,STORE-0078,spike,39.3,2026-01-12
SIG-12533,PROD-03634,STORE-0292,seasonal,47.5,2026-01-13
SIG-12534,PROD-01950,STORE-0142,decline,-24.6,2026-05-25
SIG-12535,PROD-00954,STORE-0213,spike,-1.2,2026-06-12
SIG-12536,PROD-04636,STORE-0285,decline,-39.6,2026-06-10
SIG-12537,PROD-04556,STORE-0482,decline,-12.5,2026-07-01
SIG-12538,PROD-01892,STORE-0325,seasonal,-11.9,2026-07-04
SIG-12539,PROD-00222,STORE-0330,spike,1.9,2026-02-06
SIG-12540,PROD-00346,STORE-0409,spike,27.3,2026-06-27
SIG-12541,PROD-03289,STORE-0016,spike,71.8,2026-01-17
SIG-12542,PROD-04082,STORE-0118,spike,-31.2,2026-03-07
SIG-12543,PROD-02623,STORE-0219,spike,69.2,2026-07-08
SIG-12544,PROD-03123,STORE-0346,seasonal,48.5,2026-03-08
SIG-12545,PROD-03272,STORE-0399,seasonal,68.5,2026-03-28
SIG-12546,PROD-01944,STORE-0049,spike,52.9,2026-07-16
SIG-12547,PROD-01388,STORE-0222,seasonal,25.2,2026-08-23
SIG-12548,PROD-02660,STORE-0351,seasonal,27.7,2026-06-11
SIG-12549,PROD-04634,STORE-0181,seasonal,13.1,2026-08-28
SIG-12550,PROD-02358,STORE-0445,spike,4.3,2026-02-26
SIG-12551,PROD-01792,STORE-0247,seasonal,31.5,2026-08-03
SIG-12552,PROD-02079,STORE-0097,seasonal,38.6,2026-05-05
SIG-12553,PROD-02277,STORE-0085,spike,12.6,2026-02-20
SIG-12554,PROD-02659,STORE-0243,spike,70.1,2026-06-23
SIG-12555,PROD-02470,STORE-0127,spike,32.5,2026-06-21
SIG-12556,PROD-03558,STORE-0445,spike,57.2,2026-07-16
SIG-12557,PROD-02781,STORE-0305,spike,-26.6,2026-02-26
SIG-12558,PROD-02206,STORE-0286,spike,58.0,2026-04-09
SIG-12559,PROD-01485,STORE-0029,spike,41.0,2026-02-21
SIG-12560,PROD-01869,STORE-0044,seasonal,34.7,2026-02-16
SIG-12561,PROD-04633,STORE-0116,spike,3.5,2026-05-10
SIG-12562,PROD-04219,STORE-0226,seasonal,38.0,2026-05-07
SIG-12563,PROD-02139,STORE-0129,decline,24.9,2026-06-01
SIG-12564,PROD-02731,STORE-0112,decline,10.7,2026-06-07
SIG-12565,PROD-01951,STORE-0300,seasonal,23.3,2026-06-16
SIG-12566,PROD-01675,STORE-0434,decline,-3.6,2026-05-17
SIG-12567,PROD-04886,STORE-0108,decline,35.7,2026-06-16
SIG-12568,PROD-03075,STORE-0357,seasonal,53.9,2026-03-14
SIG-12569,PROD-02038,STORE-0296,seasonal,65.6,2026-02-06
SIG-12570,PROD-00364,STORE-0185,decline,6.7,2026-06-01
SIG-12571,PROD-03088,STORE-0431,decline,-0.8,2026-04-06
SIG-12572,PROD-02167,STORE-0399,seasonal,7.3,2026-01-26
SIG-12573,PROD-04343,STORE-0475,decline,-28.6,2026-06-18
SIG-12574,PROD-02630,STORE-0005,spike,55.4,2026-08-10
SIG-12575,PROD-02188,STORE-0391,decline,47.0,2026-07-06
SIG-12576,PROD-04695,STORE-0244,spike,38.2,2026-01-28
SIG-12577,PROD-00339,STORE-0383,seasonal,18.0,2026-07-11
SIG-12578,PROD-03153,STORE-0499,decline,-2.7,2026-07-07
SIG-12579,PROD-01582,STORE-0497,spike,-26.0,2026-06-09
SIG-12580,PROD-03997,STORE-0430,spike,50.2,2026-04-22
SIG-12581,PROD-02832,STORE-0036,spike,77.4,2026-05-24
SIG-12582,PROD-03761,STORE-0159,seasonal,74.4,2026-01-08
SIG-12583,PROD-04347,STORE-0070,decline,-16.3,2026-03-02
SIG-12584,PROD-02169,STORE-0291,seasonal,28.4,2026-04-05
SIG-12585,PROD-04319,STORE-0433,spike,69.4,2026-04-22
SIG-12586,PROD-04701,STORE-0060,seasonal,17.8,2026-04-25
SIG-12587,PROD-03957,STORE-0424,seasonal,18.1,2026-08-27
SIG-12588,PROD-03931,STORE-0115,seasonal,-9.7,2026-07-10
SIG-12589,PROD-01472,STORE-0125,seasonal,48.7,2026-04-14
SIG-12590,PROD-04697,STORE-0126,spike,27.7,2026-05-24
SIG-12591,PROD-02154,STORE-0380,decline,47.4,2026-06-15
SIG-12592,PROD-04108,STORE-0157,decline,77.2,2026-08-25
SIG-12593,PROD-03129,STORE-0430,seasonal,-33.0,2026-06-17
SIG-12594,PROD-02738,STORE-0404,spike,15.2,2026-06-23
SIG-12595,PROD-01134,STORE-0381,seasonal,-20.3,2026-08-19
SIG-12596,PROD-00594,STORE-0387,decline,49.8,2026-06-05
SIG-12597,PROD-04186,STORE-0137,seasonal,17.1,2026-03-06
SIG-12598,PROD-00761,STORE-0490,spike,-8.4,2026-01-25
SIG-12599,PROD-00809,STORE-0038,seasonal,68.4,2026-03-27
SIG-12600,PROD-03956,STORE-0052,seasonal,-8.2,2026-06-19
SIG-12601,PROD-00035,STORE-0299,spike,1.2,2026-03-05
SIG-12602,PROD-03933,STORE-0139,seasonal,33.6,2026-02-13
SIG-12603,PROD-03760,STORE-0076,seasonal,9.1,2026-08-04
SIG-12604,PROD-01153,STORE-0197,spike,-3.9,2026-04-17
SIG-12605,PROD-04825,STORE-0395,spike,-18.0,2026-02-12
SIG-12606,PROD-00217,STORE-0029,seasonal,6.2,2026-02-22
SIG-12607,PROD-04427,STORE-0022,spike,33.8,2026-05-18
SIG-12608,PROD-00708,STORE-0409,decline,-11.3,2026-07-07
SIG-12609,PROD-04936,STORE-0138,spike,1.8,2026-03-10
SIG-12610,PROD-00766,STORE-0170,seasonal,72.0,2026-05-22
SIG-12611,PROD-02761,STORE-0125,spike,3.8,2026-03-01
SIG-12612,PROD-00543,STORE-0414,spike,70.3,2026-02-12
SIG-12613,PROD-01944,STORE-0234,spike,54.0,2026-08-12
SIG-12614,PROD-02071,STORE-0248,seasonal,65.2,2026-07-20
SIG-12615,PROD-02193,STORE-0473,spike,44.6,2026-02-01
SIG-12616,PROD-03381,STORE-0159,seasonal,-1.5,2026-03-28
SIG-12617,PROD-01790,STORE-0384,decline,31.3,2026-06-10
SIG-12618,PROD-02788,STORE-0338,spike,-31.7,2026-01-27
SIG-12619,PROD-00347,STORE-0406,spike,51.9,2026-05-23
SIG-12620,PROD-02267,STORE-0085,seasonal,-37.0,2026-07-06
SIG-12621,PROD-02995,STORE-0446,spike,-17.3,2026-03-01
SIG-12622,PROD-02297,STORE-0358,seasonal,57.1,2026-01-22
SIG-12623,PROD-01771,STORE-0315,spike,69.9,2026-06-24
SIG-12624,PROD-01142,STORE-0173,seasonal,45.6,2026-04-12
SIG-12625,PROD-00386,STORE-0170,seasonal,14.4,2026-04-23
SIG-12626,PROD-02870,STORE-0435,seasonal,70.7,2026-02-23
SIG-12627,PROD-04472,STORE-0006,decline,-11.7,2026-06-08
SIG-12628,PROD-03520,STORE-0343,spike,-11.6,2026-05-09
SIG-12629,PROD-01371,STORE-0312,seasonal,60.9,2026-01-27
SIG-12630,PROD-02523,STORE-0412,decline,68.8,2026-06-24
SIG-12631,PROD-00205,STORE-0155,decline,31.3,2026-02-18
SIG-12632,PROD-01878,STORE-0001,seasonal,76.1,2026-07-23
SIG-12633,PROD-00976,STORE-0203,spike,-35.7,2026-06-22
SIG-12634,PROD-01213,STORE-0078,spike,-25.0,2026-01-17
SIG-12635,PROD-04296,STORE-0226,decline,59.0,2026-05-25
SIG-12636,PROD-04722,STORE-0023,seasonal,68.1,2026-06-02
SIG-12637,PROD-04202,STORE-0292,seasonal,75.3,2026-02-07
SIG-12638,PROD-00328,STORE-0356,spike,-37.3,2026-05-23
SIG-12639,PROD-04555,STORE-0038,decline,12.2,2026-06-11
SIG-12640,PROD-03551,STORE-0330,decline,65.7,2026-02-14
SIG-12641,PROD-00007,STORE-0240,decline,-13.0,2026-01-16
SIG-12642,PROD-02116,STORE-0190,decline,-18.9,2026-03-06
SIG-12643,PROD-03873,STORE-0369,seasonal,9.8,2026-03-07
SIG-12644,PROD-00628,STORE-0218,seasonal,-20.4,2026-07-18
SIG-12645,PROD-00414,STORE-0403,decline,-16.6,2026-07-16
SIG-12646,PROD-04665,STORE-0465,seasonal,57.0,2026-02-17
SIG-12647,PROD-04557,STORE-0103,decline,13.8,2026-08-04
SIG-12648,PROD-00809,STORE-0065,seasonal,35.7,2026-04-24
SIG-12649,PROD-04390,STORE-0477,seasonal,66.1,2026-05-19
SIG-12650,PROD-00543,STORE-0466,seasonal,26.8,2026-05-06
SIG-12651,PROD-01489,STORE-0353,spike,-27.2,2026-02-11
SIG-12652,PROD-01899,STORE-0061,spike,64.7,2026-02-06
SIG-12653,PROD-00036,STORE-0078,spike,1.8,2026-01-21
SIG-12654,PROD-03171,STORE-0408,seasonal,-26.3,2026-07-11
SIG-12655,PROD-02197,STORE-0490,seasonal,-13.1,2026-01-25
SIG-12656,PROD-04275,STORE-0059,decline,-5.7,2026-03-17
SIG-12657,PROD-00641,STORE-0045,spike,61.9,2026-03-03
SIG-12658,PROD-00177,STORE-0280,decline,-26.2,2026-04-11
SIG-12659,PROD-04162,STORE-0006,decline,28.1,2026-08-21
SIG-12660,PROD-00216,STORE-0476,spike,-25.5,2026-08-18
SIG-12661,PROD-04880,STORE-0365,spike,-16.1,2026-02-28
SIG-12662,PROD-00943,STORE-0085,seasonal,32.7,2026-04-26
SIG-12663,PROD-02509,STORE-0289,spike,12.9,2026-04-11
SIG-12664,PROD-02860,STORE-0041,spike,-0.5,2026-06-23
SIG-12665,PROD-01014,STORE-0435,spike,-12.7,2026-04-05
SIG-12666,PROD-02118,STORE-0350,decline,-25.2,2026-08-28
SIG-12667,PROD-03040,STORE-0349,decline,13.1,2026-02-03
SIG-12668,PROD-00787,STORE-0144,spike,-17.5,2026-02-04
SIG-12669,PROD-02347,STORE-0192,seasonal,56.2,2026-02-08
SIG-12670,PROD-02566,STORE-0029,seasonal,73.4,2026-05-13
SIG-12671,PROD-00789,STORE-0139,spike,29.7,2026-07-21
SIG-12672,PROD-04922,STORE-0085,seasonal,32.2,2026-02-11
SIG-12673,PROD-03416,STORE-0019,decline,45.3,2026-04-11
SIG-12674,PROD-03840,STORE-0450,decline,0.6,2026-01-12
SIG-12675,PROD-02989,STORE-0110,seasonal,-34.3,2026-05-24
SIG-12676,PROD-00208,STORE-0299,spike,21.7,2026-08-05
SIG-12677,PROD-02094,STORE-0057,spike,73.0,2026-06-19
SIG-12678,PROD-00185,STORE-0240,seasonal,32.9,2026-06-10
SIG-12679,PROD-04919,STORE-0447,decline,56.0,2026-04-08
SIG-12680,PROD-01288,STORE-0381,decline,76.4,2026-05-12
SIG-12681,PROD-02952,STORE-0239,spike,38.2,2026-01-15
SIG-12682,PROD-02879,STORE-0447,spike,-31.1,2026-06-26
SIG-12683,PROD-03821,STORE-0403,decline,78.9,2026-05-06
SIG-12684,PROD-03765,STORE-0181,spike,61.8,2026-03-06
SIG-12685,PROD-01411,STORE-0172,seasonal,-28.4,2026-03-16
SIG-12686,PROD-02515,STORE-0316,spike,38.5,2026-05-06
SIG-12687,PROD-03386,STORE-0448,decline,28.8,2026-03-04
SIG-12688,PROD-03110,STORE-0255,seasonal,-32.3,2026-05-10
SIG-12689,PROD-01882,STORE-0014,spike,71.9,2026-05-20
SIG-12690,PROD-01248,STORE-0069,spike,-14.2,2026-04-14
SIG-12691,PROD-00543,STORE-0281,spike,72.5,2026-07-05
SIG-12692,PROD-02636,STORE-0305,decline,6.2,2026-01-16
SIG-12693,PROD-01775,STORE-0187,seasonal,-32.3,2026-01-12
SIG-12694,PROD-02954,STORE-0412,seasonal,26.2,2026-05-23
SIG-12695,PROD-04684,STORE-0187,seasonal,-4.5,2026-07-20
SIG-12696,PROD-02247,STORE-0417,seasonal,73.5,2026-05-09
SIG-12697,PROD-00684,STORE-0423,decline,-5.4,2026-06-12
SIG-12698,PROD-02075,STORE-0314,decline,35.2,2026-04-05
SIG-12699,PROD-04060,STORE-0408,decline,-3.5,2026-08-11
SIG-12700,PROD-01565,STORE-0092,seasonal,47.1,2026-05-14
SIG-12701,PROD-00552,STORE-0312,spike,72.7,2026-07-22
SIG-12702,PROD-01223,STORE-0480,decline,77.1,2026-08-02
SIG-12703,PROD-00323,STORE-0143,seasonal,49.4,2026-04-18
SIG-12704,PROD-00298,STORE-0068,decline,-29.6,2026-02-11
SIG-12705,PROD-04955,STORE-0373,spike,17.5,2026-05-12
SIG-12706,PROD-00797,STORE-0475,decline,16.9,2026-03-01
SIG-12707,PROD-01985,STORE-0493,seasonal,-24.7,2026-02-09
SIG-12708,PROD-04415,STORE-0104,spike,16.6,2026-07-03
SIG-12709,PROD-02342,STORE-0119,decline,-39.9,2026-05-03
SIG-12710,PROD-00401,STORE-0234,decline,50.4,2026-03-07
SIG-12711,PROD-03023,STORE-0309,spike,9.9,2026-01-22
SIG-12712,PROD-01142,STORE-0362,seasonal,-4.1,2026-08-22
SIG-12713,PROD-02126,STORE-0032,seasonal,28.5,2026-06-05
SIG-12714,PROD-04082,STORE-0447,spike,-21.2,2026-06-14
SIG-12715,PROD-04256,STORE-0068,seasonal,20.2,2026-01-03
SIG-12716,PROD-02536,STORE-0365,seasonal,3.9,2026-06-16
SIG-12717,PROD-04285,STORE-0402,decline,37.9,2026-06-22
SIG-12718,PROD-02773,STORE-0236,spike,-34.5,2026-04-17
SIG-12719,PROD-00899,STORE-0055,spike,13.1,2026-08-12
SIG-12720,PROD-02525,STORE-0491,spike,12.6,2026-06-25
SIG-12721,PROD-01186,STORE-0472,decline,31.1,2026-01-10
SIG-12722,PROD-03174,STORE-0395,seasonal,9.3,2026-08-17
SIG-12723,PROD-00028,STORE-0206,decline,51.0,2026-07-18
SIG-12724,PROD-00149,STORE-0115,spike,76.4,2026-06-19
SIG-12725,PROD-02595,STORE-0013,seasonal,52.9,2026-06-18
SIG-12726,PROD-04529,STORE-0301,decline,-28.5,2026-08-04
SIG-12727,PROD-00707,STORE-0303,decline,25.0,2026-03-07
SIG-12728,PROD-03704,STORE-0176,seasonal,41.8,2026-02-16
SIG-12729,PROD-03733,STORE-0401,decline,-37.1,2026-02-09
SIG-12730,PROD-03692,STORE-0360,seasonal,76.0,2026-08-02
SIG-12731,PROD-00813,STORE-0289,seasonal,15.2,2026-04-25
SIG-12732,PROD-00083,STORE-0426,seasonal,41.3,2026-07-22
SIG-12733,PROD-01897,STORE-0332,spike,61.0,2026-03-02
SIG-12734,PROD-04256,STORE-0056,decline,-40.0,2026-01-25
SIG-12735,PROD-04613,STORE-0227,spike,23.0,2026-06-12
SIG-12736,PROD-00465,STORE-0361,seasonal,10.7,2026-03-12
SIG-12737,PROD-03514,STORE-0272,seasonal,40.4,2026-02-04
SIG-12738,PROD-01732,STORE-0283,seasonal,59.4,2026-03-26
SIG-12739,PROD-01650,STORE-0036,seasonal,5.3,2026-07-11
SIG-12740,PROD-04453,STORE-0403,decline,35.8,2026-05-01
SIG-12741,PROD-03598,STORE-0154,decline,54.7,2026-04-16
SIG-12742,PROD-04741,STORE-0390,decline,51.4,2026-03-23
SIG-12743,PROD-01728,STORE-0208,spike,13.2,2026-08-16
SIG-12744,PROD-03039,STORE-0097,decline,12.0,2026-05-18
SIG-12745,PROD-03507,STORE-0248,decline,22.6,2026-06-06
SIG-12746,PROD-01810,STORE-0375,decline,59.9,2026-01-04
SIG-12747,PROD-01620,STORE-0051,seasonal,-27.8,2026-02-07
SIG-12748,PROD-02906,STORE-0316,seasonal,-13.1,2026-03-06
SIG-12749,PROD-01151,STORE-0273,seasonal,14.7,2026-07-01
SIG-12750,PROD-04399,STORE-0118,seasonal,2.3,2026-05-18
SIG-12751,PROD-01503,STORE-0027,decline,-17.2,2026-08-26
SIG-12752,PROD-04215,STORE-0099,spike,-4.6,2026-08-11
SIG-12753,PROD-03231,STORE-0425,seasonal,26.2,2026-08-27
SIG-12754,PROD-02096,STORE-0443,seasonal,16.3,2026-07-12
SIG-12755,PROD-00212,STORE-0466,decline,-14.3,2026-08-24
SIG-12756,PROD-03100,STORE-0492,seasonal,13.0,2026-01-13
SIG-12757,PROD-02797,STORE-0439,decline,37.2,2026-08-09
SIG-12758,PROD-00375,STORE-0492,seasonal,10.5,2026-07-19
SIG-12759,PROD-01047,STORE-0479,seasonal,-26.6,2026-07-06
SIG-12760,PROD-03473,STORE-0097,spike,14.0,2026-02-12
SIG-12761,PROD-04151,STORE-0127,decline,8.1,2026-02-13
SIG-12762,PROD-00153,STORE-0144,spike,19.1,2026-01-01
SIG-12763,PROD-00262,STORE-0150,seasonal,-8.0,2026-06-08
SIG-12764,PROD-01871,STORE-0167,decline,78.1,2026-06-16
SIG-12765,PROD-02373,STORE-0441,seasonal,-38.9,2026-04-14
SIG-12766,PROD-01085,STORE-0124,spike,22.4,2026-03-25
SIG-12767,PROD-00998,STORE-0244,spike,55.0,2026-06-04
SIG-12768,PROD-03804,STORE-0290,spike,31.3,2026-02-08
SIG-12769,PROD-00836,STORE-0228,decline,35.7,2026-01-13
SIG-12770,PROD-01750,STORE-0105,seasonal,6.7,2026-08-18
SIG-12771,PROD-01835,STORE-0369,spike,-5.4,2026-03-21
SIG-12772,PROD-02480,STORE-0009,decline,-0.1,2026-05-26
SIG-12773,PROD-03311,STORE-0319,spike,46.6,2026-05-21
SIG-12774,PROD-04603,STORE-0353,decline,42.3,2026-05-21
SIG-12775,PROD-03417,STORE-0127,decline,9.2,2026-03-02
SIG-12776,PROD-01749,STORE-0452,seasonal,66.6,2026-05-09
SIG-12777,PROD-04976,STORE-0291,seasonal,65.3,2026-07-22
SIG-12778,PROD-00346,STORE-0228,decline,14.6,2026-03-02
SIG-12779,PROD-00025,STORE-0263,seasonal,14.5,2026-06-18
SIG-12780,PROD-01603,STORE-0195,spike,27.1,2026-04-03
SIG-12781,PROD-00356,STORE-0487,decline,25.3,2026-02-22
SIG-12782,PROD-01677,STORE-0020,spike,75.9,2026-06-16
SIG-12783,PROD-02601,STORE-0444,decline,67.6,2026-05-26
SIG-12784,PROD-02093,STORE-0019,decline,15.0,2026-06-09
SIG-12785,PROD-00771,STORE-0231,seasonal,-10.8,2026-01-11
SIG-12786,PROD-03217,STORE-0051,decline,-10.9,2026-06-21
SIG-12787,PROD-03036,STORE-0118,seasonal,-13.3,2026-06-14
SIG-12788,PROD-01940,STORE-0012,spike,-12.8,2026-08-03
SIG-12789,PROD-03350,STORE-0085,decline,62.4,2026-03-26
SIG-12790,PROD-01245,STORE-0184,seasonal,23.2,2026-03-13
SIG-12791,PROD-04267,STORE-0456,seasonal,26.2,2026-06-09
SIG-12792,PROD-01392,STORE-0344,seasonal,15.7,2026-02-09
SIG-12793,PROD-02598,STORE-0219,seasonal,-8.4,2026-08-12
SIG-12794,PROD-04328,STORE-0263,spike,30.8,2026-05-17
SIG-12795,PROD-00166,STORE-0055,spike,35.7,2026-07-14
SIG-12796,PROD-02078,STORE-0272,spike,9.3,2026-03-03
SIG-12797,PROD-03410,STORE-0079,seasonal,43.2,2026-06-13
SIG-12798,PROD-03155,STORE-0374,spike,47.6,2026-03-23
SIG-12799,PROD-03808,STORE-0396,spike,36.5,2026-07-19
SIG-12800,PROD-03984,STORE-0323,decline,30.9,2026-06-24
SIG-12801,PROD-04010,STORE-0248,seasonal,-14.7,2026-08-26
SIG-12802,PROD-00795,STORE-0208,spike,29.6,2026-03-11
SIG-12803,PROD-03155,STORE-0096,seasonal,43.0,2026-02-23
SIG-12804,PROD-03018,STORE-0187,decline,-16.3,2026-04-13
SIG-12805,PROD-03592,STORE-0217,spike,20.0,2026-02-19
SIG-12806,PROD-03197,STORE-0079,seasonal,73.6,2026-06-17
SIG-12807,PROD-00969,STORE-0391,decline,-21.2,2026-05-22
SIG-12808,PROD-03822,STORE-0375,decline,23.8,2026-03-18
SIG-12809,PROD-04877,STORE-0128,decline,-25.5,2026-03-12
SIG-12810,PROD-00068,STORE-0316,seasonal,-25.3,2026-03-11
SIG-12811,PROD-01652,STORE-0415,decline,-29.7,2026-06-01
SIG-12812,PROD-02259,STORE-0091,seasonal,53.4,2026-01-13
SIG-12813,PROD-00644,STORE-0086,seasonal,35.6,2026-03-11
SIG-12814,PROD-03067,STORE-0210,seasonal,22.0,2026-08-16
SIG-12815,PROD-04057,STORE-0485,decline,55.3,2026-01-16
SIG-12816,PROD-00520,STORE-0268,seasonal,0.2,2026-01-13
SIG-12817,PROD-01322,STORE-0422,seasonal,6.5,2026-07-28
SIG-12818,PROD-00743,STORE-0031,seasonal,1.0,2026-08-02
SIG-12819,PROD-04227,STORE-0259,decline,47.8,2026-01-17
SIG-12820,PROD-03822,STORE-0464,spike,44.7,2026-05-18
SIG-12821,PROD-04096,STORE-0005,decline,-37.3,2026-01-17
SIG-12822,PROD-01756,STORE-0095,decline,-3.5,2026-08-19
SIG-12823,PROD-02838,STORE-0105,seasonal,18.8,2026-06-07
SIG-12824,PROD-02725,STORE-0318,seasonal,60.4,2026-07-08
SIG-12825,PROD-02885,STORE-0326,seasonal,36.1,2026-08-28
SIG-12826,PROD-04184,STORE-0128,decline,41.4,2026-06-24
SIG-12827,PROD-01009,STORE-0125,seasonal,37.9,2026-02-08
SIG-12828,PROD-04353,STORE-0323,spike,47.6,2026-07-19
SIG-12829,PROD-01019,STORE-0272,decline,29.3,2026-08-24
SIG-12830,PROD-00989,STORE-0058,decline,40.3,2026-04-08
SIG-12831,PROD-04753,STORE-0165,spike,-17.5,2026-07-16
SIG-12832,PROD-02535,STORE-0253,seasonal,-23.1,2026-02-27
SIG-12833,PROD-00296,STORE-0266,spike,-0.2,2026-05-25
SIG-12834,PROD-04583,STORE-0173,seasonal,43.5,2026-02-11
SIG-12835,PROD-00613,STORE-0213,decline,76.6,2026-05-27
SIG-12836,PROD-04278,STORE-0028,spike,13.0,2026-02-10
SIG-12837,PROD-01543,STORE-0428,seasonal,31.3,2026-07-16
SIG-12838,PROD-04306,STORE-0451,seasonal,6.2,2026-04-17
SIG-12839,PROD-03462,STORE-0315,spike,41.2,2026-08-17
SIG-12840,PROD-04623,STORE-0084,decline,33.9,2026-01-22
SIG-12841,PROD-03627,STORE-0337,decline,79.9,2026-08-02
SIG-12842,PROD-01944,STORE-0344,seasonal,-23.4,2026-07-10
SIG-12843,PROD-01606,STORE-0105,spike,-37.5,2026-08-04
SIG-12844,PROD-04225,STORE-0033,spike,51.2,2026-08-13
SIG-12845,PROD-00207,STORE-0012,spike,73.0,2026-06-25
SIG-12846,PROD-00898,STORE-0393,seasonal,36.8,2026-02-16
SIG-12847,PROD-00363,STORE-0046,seasonal,78.3,2026-01-05
SIG-12848,PROD-03224,STORE-0174,spike,-32.8,2026-04-17
SIG-12849,PROD-01559,STORE-0005,spike,-2.3,2026-08-18
SIG-12850,PROD-00545,STORE-0229,decline,63.1,2026-06-26
SIG-12851,PROD-01518,STORE-0267,spike,-34.7,2026-07-09
SIG-12852,PROD-02385,STORE-0486,spike,28.5,2026-02-10
SIG-12853,PROD-01526,STORE-0145,decline,-11.3,2026-07-25
SIG-12854,PROD-02003,STORE-0448,spike,25.9,2026-02-04
SIG-12855,PROD-00690,STORE-0362,spike,48.9,2026-06-27
SIG-12856,PROD-00966,STORE-0027,spike,-29.2,2026-04-16
SIG-12857,PROD-04283,STORE-0359,seasonal,-29.1,2026-08-09
SIG-12858,PROD-00383,STORE-0458,seasonal,-38.4,2026-07-04
SIG-12859,PROD-01375,STORE-0118,decline,1.7,2026-05-07
SIG-12860,PROD-02081,STORE-0424,seasonal,76.3,2026-07-16
SIG-12861,PROD-01278,STORE-0427,decline,-31.3,2026-04-11
SIG-12862,PROD-03657,STORE-0493,seasonal,-36.9,2026-03-13
SIG-12863,PROD-04229,STORE-0126,spike,-7.3,2026-03-22
SIG-12864,PROD-04557,STORE-0043,decline,61.4,2026-08-18
SIG-12865,PROD-01728,STORE-0303,seasonal,68.0,2026-05-08
SIG-12866,PROD-00291,STORE-0469,seasonal,70.5,2026-05-25
SIG-12867,PROD-00615,STORE-0236,seasonal,31.5,2026-02-04
SIG-12868,PROD-04542,STORE-0437,spike,30.2,2026-06-28
SIG-12869,PROD-03973,STORE-0186,decline,18.0,2026-02-04
SIG-12870,PROD-00032,STORE-0227,decline,37.0,2026-04-01
SIG-12871,PROD-01778,STORE-0478,decline,-24.0,2026-07-26
SIG-12872,PROD-00574,STORE-0043,decline,74.5,2026-02-10
SIG-12873,PROD-02549,STORE-0152,spike,8.1,2026-01-09
SIG-12874,PROD-04966,STORE-0479,seasonal,58.8,2026-05-26
SIG-12875,PROD-01124,STORE-0149,decline,31.7,2026-03-25
SIG-12876,PROD-01049,STORE-0419,decline,55.8,2026-02-10
SIG-12877,PROD-01476,STORE-0351,spike,52.5,2026-02-22
SIG-12878,PROD-00880,STORE-0009,spike,-32.6,2026-07-14
SIG-12879,PROD-04194,STORE-0320,seasonal,52.2,2026-01-12
SIG-12880,PROD-04442,STORE-0006,seasonal,22.9,2026-07-04
SIG-12881,PROD-01220,STORE-0050,spike,37.6,2026-07-16
SIG-12882,PROD-00637,STORE-0299,decline,14.2,2026-08-27
SIG-12883,PROD-03895,STORE-0091,decline,12.3,2026-06-16
SIG-12884,PROD-03331,STORE-0330,decline,-36.2,2026-03-16
SIG-12885,PROD-03097,STORE-0070,decline,78.7,2026-02-11
SIG-12886,PROD-04845,STORE-0242,seasonal,5.2,2026-07-08
SIG-12887,PROD-00641,STORE-0477,decline,30.9,2026-08-20
SIG-12888,PROD-02166,STORE-0351,spike,51.6,2026-05-07
SIG-12889,PROD-04658,STORE-0072,seasonal,10.2,2026-05-13
SIG-12890,PROD-01716,STORE-0205,seasonal,1.2,2026-04-16
SIG-12891,PROD-02045,STORE-0154,seasonal,10.4,2026-08-22
SIG-12892,PROD-02395,STORE-0102,decline,38.2,2026-04-19
SIG-12893,PROD-04987,STORE-0322,decline,6.1,2026-03-14
SIG-12894,PROD-01722,STORE-0176,seasonal,40.9,2026-05-25
SIG-12895,PROD-01913,STORE-0138,seasonal,42.3,2026-05-18
SIG-12896,PROD-00642,STORE-0060,spike,-39.6,2026-08-18
SIG-12897,PROD-02022,STORE-0184,decline,73.3,2026-05-26
SIG-12898,PROD-04554,STORE-0279,decline,47.4,2026-02-10
SIG-12899,PROD-02226,STORE-0203,seasonal,36.5,2026-03-24
SIG-12900,PROD-03416,STORE-0035,seasonal,15.3,2026-03-02
SIG-12901,PROD-00213,STORE-0431,spike,68.6,2026-08-19
SIG-12902,PROD-01217,STORE-0029,decline,54.1,2026-05-22
SIG-12903,PROD-01939,STORE-0172,decline,39.3,2026-07-17
SIG-12904,PROD-04533,STORE-0461,decline,25.6,2026-03-23
SIG-12905,PROD-04725,STORE-0081,seasonal,-4.0,2026-05-23
SIG-12906,PROD-01005,STORE-0455,decline,-7.5,2026-08-07
SIG-12907,PROD-02277,STORE-0119,decline,26.5,2026-08-05
SIG-12908,PROD-01739,STORE-0452,spike,-6.7,2026-05-15
SIG-12909,PROD-01792,STORE-0034,decline,75.0,2026-04-10
SIG-12910,PROD-04583,STORE-0152,seasonal,63.4,2026-01-27
SIG-12911,PROD-00200,STORE-0102,spike,-3.3,2026-01-12
SIG-12912,PROD-03052,STORE-0016,decline,35.5,2026-08-07
SIG-12913,PROD-01962,STORE-0286,spike,-15.0,2026-05-24
SIG-12914,PROD-04517,STORE-0346,spike,-2.0,2026-06-10
SIG-12915,PROD-03623,STORE-0155,decline,9.1,2026-06-04
SIG-12916,PROD-01821,STORE-0189,spike,76.9,2026-01-28
SIG-12917,PROD-03915,STORE-0322,decline,-18.0,2026-03-16
SIG-12918,PROD-02892,STORE-0392,decline,41.3,2026-05-08
SIG-12919,PROD-04344,STORE-0444,spike,41.6,2026-01-01
SIG-12920,PROD-04636,STORE-0185,spike,9.8,2026-06-14
SIG-12921,PROD-01025,STORE-0450,spike,3.5,2026-04-10
SIG-12922,PROD-03605,STORE-0170,spike,-23.2,2026-02-05
SIG-12923,PROD-00357,STORE-0430,seasonal,-33.7,2026-02-22
SIG-12924,PROD-00266,STORE-0119,seasonal,71.7,2026-08-26
SIG-12925,PROD-01201,STORE-0427,spike,31.0,2026-02-15
SIG-12926,PROD-03750,STORE-0175,seasonal,56.7,2026-01-14
SIG-12927,PROD-01862,STORE-0367,decline,20.9,2026-08-19
SIG-12928,PROD-04686,STORE-0325,spike,2.9,2026-06-19
SIG-12929,PROD-04091,STORE-0298,seasonal,5.6,2026-01-08
SIG-12930,PROD-03712,STORE-0277,seasonal,25.7,2026-02-11
SIG-12931,PROD-02057,STORE-0325,seasonal,-24.0,2026-04-28
SIG-12932,PROD-04804,STORE-0337,seasonal,29.0,2026-01-10
SIG-12933,PROD-00660,STORE-0249,seasonal,49.6,2026-03-28
SIG-12934,PROD-04121,STORE-0195,seasonal,24.2,2026-02-13
SIG-12935,PROD-04122,STORE-0485,decline,22.7,2026-08-11
SIG-12936,PROD-01447,STORE-0003,decline,0.1,2026-07-23
SIG-12937,PROD-02871,STORE-0358,spike,45.3,2026-08-05
SIG-12938,PROD-01525,STORE-0263,decline,14.1,2026-01-21
SIG-12939,PROD-00281,STORE-0487,spike,-21.5,2026-05-21
SIG-12940,PROD-01985,STORE-0148,decline,47.3,2026-05-15
SIG-12941,PROD-00035,STORE-0372,decline,35.4,2026-05-03
SIG-12942,PROD-02457,STORE-0388,decline,14.4,2026-07-03
SIG-12943,PROD-00763,STORE-0309,decline,14.3,2026-07-18
SIG-12944,PROD-01275,STORE-0383,decline,45.9,2026-05-25
SIG-12945,PROD-01258,STORE-0190,seasonal,66.7,2026-02-04
SIG-12946,PROD-04966,STORE-0068,decline,-2.9,2026-02-03
SIG-12947,PROD-01820,STORE-0466,seasonal,-27.8,2026-06-12
SIG-12948,PROD-02744,STORE-0162,spike,43.1,2026-02-15
SIG-12949,PROD-01635,STORE-0185,seasonal,20.1,2026-08-15
SIG-12950,PROD-02137,STORE-0359,spike,15.0,2026-06-15
SIG-12951,PROD-01834,STORE-0098,seasonal,75.4,2026-06-03
SIG-12952,PROD-01646,STORE-0010,decline,-20.0,2026-07-24
SIG-12953,PROD-04722,STORE-0394,seasonal,-3.8,2026-05-18
SIG-12954,PROD-00828,STORE-0410,spike,23.8,2026-06-18
SIG-12955,PROD-02998,STORE-0109,spike,30.7,2026-03-08
SIG-12956,PROD-04164,STORE-0009,spike,8.4,2026-03-09
SIG-12957,PROD-00854,STORE-0298,decline,3.7,2026-05-26
SIG-12958,PROD-04009,STORE-0369,decline,-12.8,2026-05-15
SIG-12959,PROD-04378,STORE-0153,decline,15.3,2026-03-11
SIG-12960,PROD-02715,STORE-0436,decline,42.8,2026-06-25
SIG-12961,PROD-00702,STORE-0126,seasonal,-1.1,2026-06-05
SIG-12962,PROD-00294,STORE-0214,decline,-28.3,2026-06-08
SIG-12963,PROD-04663,STORE-0367,spike,-11.2,2026-08-05
SIG-12964,PROD-03307,STORE-0391,seasonal,2.7,2026-01-15
SIG-12965,PROD-01041,STORE-0346,spike,41.0,2026-02-06
SIG-12966,PROD-03292,STORE-0459,seasonal,62.7,2026-03-08
SIG-12967,PROD-01276,STORE-0402,seasonal,48.4,2026-01-15
SIG-12968,PROD-02211,STORE-0437,seasonal,72.5,2026-01-26
SIG-12969,PROD-01265,STORE-0377,decline,3.1,2026-03-05
SIG-12970,PROD-04375,STORE-0009,seasonal,-32.0,2026-04-23
SIG-12971,PROD-03464,STORE-0058,decline,-5.6,2026-07-13
SIG-12972,PROD-03055,STORE-0448,seasonal,-16.2,2026-03-23
SIG-12973,PROD-02087,STORE-0066,decline,33.7,2026-02-04
SIG-12974,PROD-03989,STORE-0126,decline,-0.8,2026-03-20
SIG-12975,PROD-01504,STORE-0162,seasonal,13.5,2026-03-17
SIG-12976,PROD-04923,STORE-0067,decline,43.4,2026-02-27
SIG-12977,PROD-02120,STORE-0324,seasonal,-10.5,2026-03-08
SIG-12978,PROD-00951,STORE-0050,decline,42.1,2026-03-14
SIG-12979,PROD-04634,STORE-0076,spike,56.3,2026-08-27
SIG-12980,PROD-04635,STORE-0211,decline,76.3,2026-02-22
SIG-12981,PROD-03997,STORE-0271,seasonal,7.6,2026-03-26
SIG-12982,PROD-00532,STORE-0103,seasonal,-23.5,2026-01-01
SIG-12983,PROD-02118,STORE-0487,seasonal,-19.3,2026-01-12
SIG-12984,PROD-03160,STORE-0050,spike,73.7,2026-01-23
SIG-12985,PROD-00943,STORE-0443,seasonal,-25.1,2026-03-11
SIG-12986,PROD-02473,STORE-0296,spike,11.4,2026-03-03
SIG-12987,PROD-01742,STORE-0406,decline,55.9,2026-02-19
SIG-12988,PROD-00498,STORE-0261,seasonal,10.7,2026-04-11
SIG-12989,PROD-00942,STORE-0201,decline,60.7,2026-01-07
SIG-12990,PROD-04584,STORE-0029,seasonal,-3.7,2026-05-06
SIG-12991,PROD-03844,STORE-0087,spike,26.3,2026-03-12
SIG-12992,PROD-02533,STORE-0202,decline,48.2,2026-04-03
SIG-12993,PROD-00627,STORE-0184,spike,-31.7,2026-04-02
SIG-12994,PROD-04458,STORE-0344,spike,-2.2,2026-06-24
SIG-12995,PROD-00912,STORE-0105,decline,63.0,2026-08-10
SIG-12996,PROD-01584,STORE-0221,decline,76.7,2026-03-10
SIG-12997,PROD-03327,STORE-0490,spike,12.4,2026-02-01
SIG-12998,PROD-03448,STORE-0224,seasonal,39.9,2026-04-14
SIG-12999,PROD-01688,STORE-0236,seasonal,-19.0,2026-06-24
SIG-13000,PROD-02894,STORE-0331,seasonal,45.6,2026-08-08
SIG-13001,PROD-04317,STORE-0421,seasonal,-19.6,2026-04-26
SIG-13002,PROD-04870,STORE-0376,spike,3.9,2026-01-16
SIG-13003,PROD-02444,STORE-0412,decline,23.0,2026-06-16
SIG-13004,PROD-00793,STORE-0337,spike,-13.5,2026-07-11
SIG-13005,PROD-02294,STORE-0077,decline,64.4,2026-03-12
SIG-13006,PROD-03169,STORE-0006,spike,15.9,2026-04-06
SIG-13007,PROD-00940,STORE-0339,seasonal,-18.3,2026-02-18
SIG-13008,PROD-01070,STORE-0345,decline,-8.0,2026-08-21
SIG-13009,PROD-04676,STORE-0328,seasonal,-4.3,2026-05-25
SIG-13010,PROD-00999,STORE-0483,spike,-31.4,2026-01-06
SIG-13011,PROD-02495,STORE-0424,seasonal,73.3,2026-04-13
SIG-13012,PROD-02340,STORE-0147,spike,-35.5,2026-07-23
SIG-13013,PROD-03259,STORE-0448,decline,35.7,2026-06-20
SIG-13014,PROD-03059,STORE-0161,spike,-26.7,2026-05-05
SIG-13015,PROD-01426,STORE-0087,seasonal,42.3,2026-08-17
SIG-13016,PROD-01362,STORE-0138,decline,-6.0,2026-03-27
SIG-13017,PROD-01297,STORE-0492,decline,25.4,2026-04-02
SIG-13018,PROD-03677,STORE-0282,decline,66.4,2026-05-20
SIG-13019,PROD-03582,STORE-0275,seasonal,1.1,2026-04-17
SIG-13020,PROD-00759,STORE-0258,decline,44.4,2026-01-04
SIG-13021,PROD-00828,STORE-0427,decline,40.0,2026-03-04
SIG-13022,PROD-04577,STORE-0476,spike,33.9,2026-02-03
SIG-13023,PROD-00913,STORE-0293,seasonal,51.2,2026-08-10
SIG-13024,PROD-00862,STORE-0473,spike,-20.0,2026-01-28
SIG-13025,PROD-03112,STORE-0072,decline,75.1,2026-05-10
SIG-13026,PROD-01217,STORE-0254,spike,70.4,2026-04-15
SIG-13027,PROD-00613,STORE-0458,spike,77.0,2026-06-25
SIG-13028,PROD-02539,STORE-0285,spike,11.4,2026-04-18
SIG-13029,PROD-03161,STORE-0152,spike,46.8,2026-06-18
SIG-13030,PROD-01712,STORE-0166,spike,63.0,2026-03-13
SIG-13031,PROD-02016,STORE-0316,seasonal,55.5,2026-06-13
SIG-13032,PROD-04375,STORE-0183,seasonal,-37.4,2026-06-19
SIG-13033,PROD-03173,STORE-0188,seasonal,20.8,2026-06-27
SIG-13034,PROD-04401,STORE-0337,seasonal,49.9,2026-06-16
SIG-13035,PROD-02220,STORE-0382,seasonal,-8.8,2026-01-06
SIG-13036,PROD-03606,STORE-0175,spike,23.0,2026-04-26
SIG-13037,PROD-02416,STORE-0267,seasonal,-33.0,2026-02-11
SIG-13038,PROD-04006,STORE-0272,spike,-38.7,2026-04-14
SIG-13039,PROD-02216,STORE-0465,decline,-33.8,2026-04-06
SIG-13040,PROD-04321,STORE-0143,spike,65.9,2026-04-08
SIG-13041,PROD-04370,STORE-0150,decline,-16.8,2026-05-07
SIG-13042,PROD-03452,STORE-0316,spike,28.0,2026-06-07
SIG-13043,PROD-04492,STORE-0126,decline,33.3,2026-07-13
SIG-13044,PROD-04293,STORE-0447,spike,-36.1,2026-08-06
SIG-13045,PROD-01910,STORE-0207,spike,42.4,2026-06-25
SIG-13046,PROD-00767,STORE-0272,decline,33.1,2026-04-06
SIG-13047,PROD-02471,STORE-0318,seasonal,63.0,2026-02-06
SIG-13048,PROD-04117,STORE-0459,decline,44.6,2026-01-15
SIG-13049,PROD-00137,STORE-0364,seasonal,77.4,2026-02-01
SIG-13050,PROD-04695,STORE-0432,decline,-2.2,2026-05-10
SIG-13051,PROD-04136,STORE-0139,seasonal,64.9,2026-03-20
SIG-13052,PROD-00242,STORE-0078,spike,-26.9,2026-08-05
SIG-13053,PROD-01325,STORE-0372,decline,11.7,2026-07-01
SIG-13054,PROD-03876,STORE-0275,seasonal,35.2,2026-03-02
SIG-13055,PROD-03505,STORE-0097,decline,16.5,2026-08-08
SIG-13056,PROD-01834,STORE-0104,seasonal,-30.1,2026-03-14
SIG-13057,PROD-02913,STORE-0182,decline,29.5,2026-01-04
SIG-13058,PROD-01217,STORE-0280,spike,7.5,2026-07-22
SIG-13059,PROD-03724,STORE-0070,decline,-22.9,2026-07-19
SIG-13060,PROD-03944,STORE-0465,decline,19.2,2026-04-12
SIG-13061,PROD-02337,STORE-0484,seasonal,71.6,2026-05-18
SIG-13062,PROD-01692,STORE-0286,decline,46.1,2026-07-26
SIG-13063,PROD-04027,STORE-0082,seasonal,40.0,2026-07-18
SIG-13064,PROD-01522,STORE-0464,spike,12.7,2026-08-09
SIG-13065,PROD-03143,STORE-0404,seasonal,-18.1,2026-06-20
SIG-13066,PROD-01467,STORE-0398,seasonal,-6.7,2026-03-02
SIG-13067,PROD-02705,STORE-0445,seasonal,-1.0,2026-01-27
SIG-13068,PROD-00098,STORE-0450,seasonal,-4.3,2026-06-15
SIG-13069,PROD-00491,STORE-0458,spike,55.8,2026-03-28
SIG-13070,PROD-01802,STORE-0077,seasonal,-17.7,2026-06-06
SIG-13071,PROD-04919,STORE-0005,decline,55.0,2026-06-09
SIG-13072,PROD-03088,STORE-0070,spike,-24.9,2026-06-04
SIG-13073,PROD-04588,STORE-0239,seasonal,73.1,2026-04-06
SIG-13074,PROD-04532,STORE-0298,seasonal,32.2,2026-04-03
SIG-13075,PROD-00359,STORE-0429,spike,-17.2,2026-02-13
SIG-13076,PROD-03378,STORE-0037,decline,35.8,2026-06-11
SIG-13077,PROD-02007,STORE-0464,spike,24.7,2026-05-10
SIG-13078,PROD-01588,STORE-0241,decline,35.9,2026-06-22
SIG-13079,PROD-04160,STORE-0457,seasonal,16.1,2026-01-21
SIG-13080,PROD-00441,STORE-0064,spike,56.2,2026-03-12
SIG-13081,PROD-02449,STORE-0132,spike,45.8,2026-08-28
SIG-13082,PROD-00162,STORE-0412,spike,4.6,2026-08-11
SIG-13083,PROD-03562,STORE-0254,decline,-30.1,2026-01-13
SIG-13084,PROD-02694,STORE-0200,seasonal,79.6,2026-06-27
SIG-13085,PROD-00394,STORE-0043,spike,-24.6,2026-07-28
SIG-13086,PROD-04115,STORE-0241,decline,-1.3,2026-01-10
SIG-13087,PROD-03661,STORE-0152,decline,42.3,2026-06-17
SIG-13088,PROD-03884,STORE-0194,spike,-6.6,2026-04-09
SIG-13089,PROD-04778,STORE-0317,decline,8.4,2026-03-10
SIG-13090,PROD-01617,STORE-0281,spike,-39.4,2026-05-24
SIG-13091,PROD-02972,STORE-0128,decline,-11.9,2026-05-17
SIG-13092,PROD-03194,STORE-0081,spike,-8.5,2026-03-07
SIG-13093,PROD-01553,STORE-0489,decline,-21.5,2026-01-18
SIG-13094,PROD-04616,STORE-0434,decline,-27.0,2026-06-08
SIG-13095,PROD-04553,STORE-0428,seasonal,26.1,2026-04-05
SIG-13096,PROD-02588,STORE-0300,decline,4.0,2026-06-16
SIG-13097,PROD-02296,STORE-0333,seasonal,59.8,2026-02-02
SIG-13098,PROD-04277,STORE-0076,decline,-3.4,2026-06-24
SIG-13099,PROD-04819,STORE-0241,spike,54.1,2026-08-24
SIG-13100,PROD-01700,STORE-0042,spike,69.1,2026-01-05
SIG-13101,PROD-04835,STORE-0388,spike,-2.5,2026-04-03
SIG-13102,PROD-04610,STORE-0424,decline,79.7,2026-08-14
SIG-13103,PROD-01250,STORE-0321,seasonal,-24.9,2026-05-11
SIG-13104,PROD-04358,STORE-0102,spike,-9.6,2026-06-27
SIG-13105,PROD-02402,STORE-0482,decline,-1.6,2026-07-12
SIG-13106,PROD-00631,STORE-0382,seasonal,-21.6,2026-08-23
SIG-13107,PROD-00850,STORE-0274,seasonal,-30.5,2026-01-04
SIG-13108,PROD-02964,STORE-0337,decline,45.5,2026-06-23
SIG-13109,PROD-03301,STORE-0231,seasonal,4.6,2026-01-09
SIG-13110,PROD-04083,STORE-0176,seasonal,3.4,2026-04-14
SIG-13111,PROD-04814,STORE-0446,decline,50.8,2026-07-08
SIG-13112,PROD-02369,STORE-0462,decline,67.1,2026-01-13
SIG-13113,PROD-00048,STORE-0050,decline,74.3,2026-06-25
SIG-13114,PROD-04463,STORE-0319,seasonal,-38.4,2026-07-08
SIG-13115,PROD-02700,STORE-0422,decline,18.4,2026-04-19
SIG-13116,PROD-00046,STORE-0437,seasonal,-2.7,2026-01-25
SIG-13117,PROD-02001,STORE-0473,decline,-4.2,2026-08-24
SIG-13118,PROD-04950,STORE-0254,seasonal,-27.9,2026-05-11
SIG-13119,PROD-01944,STORE-0155,decline,41.4,2026-07-12
SIG-13120,PROD-02555,STORE-0429,seasonal,-29.3,2026-08-14
SIG-13121,PROD-01985,STORE-0363,spike,-37.2,2026-07-11
SIG-13122,PROD-02924,STORE-0287,spike,-34.2,2026-07-25
SIG-13123,PROD-00050,STORE-0196,spike,58.1,2026-01-08
SIG-13124,PROD-02125,STORE-0415,seasonal,2.7,2026-08-26
SIG-13125,PROD-04147,STORE-0339,spike,28.7,2026-07-26
SIG-13126,PROD-01601,STORE-0222,decline,-14.5,2026-05-23
SIG-13127,PROD-03459,STORE-0140,decline,25.4,2026-02-04
SIG-13128,PROD-01549,STORE-0223,decline,35.4,2026-07-23
SIG-13129,PROD-04850,STORE-0118,decline,63.4,2026-03-16
SIG-13130,PROD-00822,STORE-0359,spike,53.0,2026-08-18
SIG-13131,PROD-02798,STORE-0465,seasonal,53.0,2026-05-09
SIG-13132,PROD-04078,STORE-0213,seasonal,49.5,2026-02-18
SIG-13133,PROD-02667,STORE-0455,decline,-36.5,2026-06-15
SIG-13134,PROD-02095,STORE-0325,seasonal,55.0,2026-05-09
SIG-13135,PROD-03030,STORE-0219,spike,6.7,2026-01-11
SIG-13136,PROD-02485,STORE-0161,spike,67.9,2026-07-27
SIG-13137,PROD-02114,STORE-0132,decline,-25.5,2026-04-16
SIG-13138,PROD-02896,STORE-0145,decline,72.7,2026-02-27
SIG-13139,PROD-00330,STORE-0469,seasonal,47.2,2026-05-04
SIG-13140,PROD-01884,STORE-0338,decline,-20.8,2026-04-03
SIG-13141,PROD-02551,STORE-0265,decline,6.3,2026-01-17
SIG-13142,PROD-03146,STORE-0472,decline,38.6,2026-02-12
SIG-13143,PROD-02308,STORE-0022,seasonal,-4.1,2026-05-15
SIG-13144,PROD-01333,STORE-0018,decline,32.6,2026-01-20
SIG-13145,PROD-02575,STORE-0200,spike,51.4,2026-02-27
SIG-13146,PROD-00756,STORE-0487,spike,71.4,2026-07-28
SIG-13147,PROD-03996,STORE-0241,spike,34.0,2026-08-02
SIG-13148,PROD-00207,STORE-0208,seasonal,-10.8,2026-04-14
SIG-13149,PROD-01789,STORE-0470,seasonal,24.6,2026-01-28
SIG-13150,PROD-02128,STORE-0121,decline,10.8,2026-08-05
SIG-13151,PROD-02473,STORE-0067,seasonal,23.5,2026-04-27
SIG-13152,PROD-01316,STORE-0175,spike,-39.3,2026-04-15
SIG-13153,PROD-02245,STORE-0037,spike,6.7,2026-02-28
SIG-13154,PROD-00286,STORE-0308,decline,69.0,2026-07-28
SIG-13155,PROD-04083,STORE-0107,spike,-38.1,2026-02-18
SIG-13156,PROD-03701,STORE-0120,seasonal,28.0,2026-02-17
SIG-13157,PROD-01716,STORE-0309,spike,29.8,2026-06-24
SIG-13158,PROD-02826,STORE-0325,seasonal,50.2,2026-03-07
SIG-13159,PROD-04488,STORE-0138,decline,10.9,2026-04-12
SIG-13160,PROD-04918,STORE-0018,seasonal,4.8,2026-02-12
SIG-13161,PROD-02790,STORE-0084,decline,45.7,2026-06-20
SIG-13162,PROD-01152,STORE-0332,seasonal,31.8,2026-08-23
SIG-13163,PROD-00752,STORE-0129,decline,30.1,2026-01-05
SIG-13164,PROD-04210,STORE-0402,seasonal,71.4,2026-06-13
SIG-13165,PROD-01126,STORE-0084,spike,-24.0,2026-01-09
SIG-13166,PROD-04834,STORE-0178,decline,77.9,2026-06-19
SIG-13167,PROD-01286,STORE-0475,decline,-14.4,2026-02-10
SIG-13168,PROD-02730,STORE-0067,decline,-33.0,2026-01-14
SIG-13169,PROD-00126,STORE-0453,decline,-9.2,2026-08-23
SIG-13170,PROD-01179,STORE-0159,seasonal,-13.6,2026-08-26
SIG-13171,PROD-00541,STORE-0298,seasonal,48.3,2026-07-18
SIG-13172,PROD-03236,STORE-0468,decline,-8.5,2026-07-18
SIG-13173,PROD-02992,STORE-0440,spike,44.1,2026-02-24
SIG-13174,PROD-03524,STORE-0243,spike,66.7,2026-05-02
SIG-13175,PROD-04380,STORE-0164,seasonal,38.8,2026-05-21
SIG-13176,PROD-01810,STORE-0362,seasonal,1.5,2026-08-20
SIG-13177,PROD-02502,STORE-0263,spike,69.3,2026-03-23
SIG-13178,PROD-01530,STORE-0013,decline,75.2,2026-07-11
SIG-13179,PROD-03768,STORE-0131,spike,47.8,2026-07-26
SIG-13180,PROD-01755,STORE-0275,decline,18.0,2026-06-21
SIG-13181,PROD-01620,STORE-0414,decline,11.9,2026-08-23
SIG-13182,PROD-04122,STORE-0006,seasonal,10.5,2026-07-16
SIG-13183,PROD-01204,STORE-0370,seasonal,-27.2,2026-04-10
SIG-13184,PROD-01997,STORE-0023,spike,-29.9,2026-05-17
SIG-13185,PROD-02379,STORE-0042,seasonal,-21.1,2026-03-10
SIG-13186,PROD-00282,STORE-0223,spike,12.5,2026-08-17
SIG-13187,PROD-02644,STORE-0404,spike,64.4,2026-02-05
SIG-13188,PROD-04678,STORE-0454,spike,-32.6,2026-01-18
SIG-13189,PROD-00572,STORE-0351,spike,0.6,2026-02-28
SIG-13190,PROD-00189,STORE-0245,seasonal,64.3,2026-02-10
SIG-13191,PROD-00887,STORE-0413,spike,-31.4,2026-03-18
SIG-13192,PROD-03442,STORE-0275,spike,53.0,2026-01-14
SIG-13193,PROD-02706,STORE-0431,decline,41.6,2026-04-04
SIG-13194,PROD-04296,STORE-0391,spike,-27.4,2026-07-01
SIG-13195,PROD-02865,STORE-0479,seasonal,-7.6,2026-03-04
SIG-13196,PROD-02009,STORE-0354,spike,28.6,2026-01-07
SIG-13197,PROD-02286,STORE-0149,spike,-4.8,2026-05-15
SIG-13198,PROD-03777,STORE-0274,decline,41.5,2026-06-19
SIG-13199,PROD-04778,STORE-0313,seasonal,-30.2,2026-07-21
SIG-13200,PROD-01051,STORE-0093,decline,13.1,2026-07-05
SIG-13201,PROD-04561,STORE-0071,seasonal,68.5,2026-01-02
SIG-13202,PROD-03361,STORE-0148,seasonal,4.1,2026-07-01
SIG-13203,PROD-00066,STORE-0105,spike,75.3,2026-06-05
SIG-13204,PROD-02067,STORE-0047,seasonal,37.2,2026-03-10
SIG-13205,PROD-00662,STORE-0109,decline,21.9,2026-06-14
SIG-13206,PROD-04461,STORE-0120,seasonal,75.9,2026-06-02
SIG-13207,PROD-01761,STORE-0161,seasonal,70.5,2026-02-19
SIG-13208,PROD-03157,STORE-0009,decline,25.7,2026-01-05
SIG-13209,PROD-01703,STORE-0203,seasonal,50.3,2026-02-17
SIG-13210,PROD-02865,STORE-0299,seasonal,-34.1,2026-06-04
SIG-13211,PROD-00924,STORE-0252,seasonal,4.2,2026-08-25
SIG-13212,PROD-00362,STORE-0103,spike,34.5,2026-05-23
SIG-13213,PROD-00058,STORE-0148,seasonal,1.2,2026-04-28
SIG-13214,PROD-00394,STORE-0161,spike,-5.8,2026-06-14
SIG-13215,PROD-00584,STORE-0064,seasonal,-13.6,2026-06-05
SIG-13216,PROD-02008,STORE-0390,decline,-35.0,2026-04-09
SIG-13217,PROD-00857,STORE-0363,decline,44.2,2026-02-19
SIG-13218,PROD-03346,STORE-0214,decline,-27.6,2026-04-02
SIG-13219,PROD-01043,STORE-0429,spike,-8.7,2026-05-21
SIG-13220,PROD-00478,STORE-0004,spike,33.2,2026-05-19
SIG-13221,PROD-00702,STORE-0019,seasonal,9.3,2026-02-22
SIG-13222,PROD-01098,STORE-0496,spike,-31.3,2026-04-18
SIG-13223,PROD-04933,STORE-0050,seasonal,-18.4,2026-07-25
SIG-13224,PROD-02606,STORE-0309,spike,14.2,2026-08-05
SIG-13225,PROD-03212,STORE-0498,seasonal,47.8,2026-08-01
SIG-13226,PROD-00143,STORE-0320,spike,64.0,2026-01-06
SIG-13227,PROD-00469,STORE-0343,seasonal,27.7,2026-05-26
SIG-13228,PROD-01927,STORE-0313,seasonal,76.2,2026-02-02
SIG-13229,PROD-04680,STORE-0072,decline,43.8,2026-04-02
SIG-13230,PROD-04345,STORE-0034,seasonal,26.8,2026-06-09
SIG-13231,PROD-03104,STORE-0489,seasonal,52.3,2026-05-14
SIG-13232,PROD-01653,STORE-0249,spike,27.7,2026-01-18
SIG-13233,PROD-04312,STORE-0484,seasonal,-11.2,2026-07-07
SIG-13234,PROD-01262,STORE-0272,decline,65.8,2026-06-06
SIG-13235,PROD-04767,STORE-0336,seasonal,48.2,2026-03-13
SIG-13236,PROD-00068,STORE-0037,spike,-14.8,2026-03-04
SIG-13237,PROD-00630,STORE-0314,decline,77.0,2026-05-24
SIG-13238,PROD-01614,STORE-0245,spike,59.5,2026-06-01
SIG-13239,PROD-00980,STORE-0111,spike,15.9,2026-03-01
SIG-13240,PROD-03093,STORE-0451,seasonal,18.5,2026-02-14
SIG-13241,PROD-02196,STORE-0380,spike,3.6,2026-01-18
SIG-13242,PROD-02900,STORE-0313,seasonal,-17.9,2026-07-22
SIG-13243,PROD-02258,STORE-0129,decline,7.0,2026-04-02
SIG-13244,PROD-02899,STORE-0433,spike,59.2,2026-03-28
SIG-13245,PROD-04551,STORE-0181,decline,1.2,2026-04-12
SIG-13246,PROD-00362,STORE-0407,seasonal,35.3,2026-07-24
SIG-13247,PROD-02247,STORE-0498,decline,-21.0,2026-06-14
SIG-13248,PROD-00546,STORE-0460,seasonal,39.4,2026-02-21
SIG-13249,PROD-01177,STORE-0054,spike,1.7,2026-06-15
SIG-13250,PROD-01200,STORE-0378,decline,-0.9,2026-01-21
SIG-13251,PROD-03493,STORE-0213,seasonal,64.8,2026-05-04
SIG-13252,PROD-00590,STORE-0450,seasonal,68.7,2026-01-24
SIG-13253,PROD-03648,STORE-0115,decline,5.8,2026-08-20
SIG-13254,PROD-01584,STORE-0238,decline,69.3,2026-02-10
SIG-13255,PROD-01176,STORE-0282,decline,-15.0,2026-03-01
SIG-13256,PROD-03635,STORE-0462,decline,44.2,2026-07-20
SIG-13257,PROD-01994,STORE-0199,seasonal,72.2,2026-04-26
SIG-13258,PROD-02043,STORE-0050,seasonal,74.1,2026-02-16
SIG-13259,PROD-04313,STORE-0444,seasonal,20.9,2026-07-26
SIG-13260,PROD-04688,STORE-0063,decline,-34.6,2026-01-15
SIG-13261,PROD-04318,STORE-0312,decline,28.0,2026-06-03
SIG-13262,PROD-04034,STORE-0456,decline,11.5,2026-08-07
SIG-13263,PROD-02355,STORE-0129,spike,63.4,2026-02-04
SIG-13264,PROD-00751,STORE-0024,seasonal,36.6,2026-05-18
SIG-13265,PROD-00265,STORE-0255,seasonal,-6.2,2026-04-15
SIG-13266,PROD-04030,STORE-0207,spike,-26.7,2026-06-02
SIG-13267,PROD-03298,STORE-0425,seasonal,-24.9,2026-03-09
SIG-13268,PROD-02733,STORE-0392,spike,13.0,2026-01-15
SIG-13269,PROD-02776,STORE-0435,spike,19.6,2026-05-09
SIG-13270,PROD-04074,STORE-0406,decline,15.3,2026-06-02
SIG-13271,PROD-01711,STORE-0171,decline,43.8,2026-02-22
SIG-13272,PROD-02312,STORE-0193,decline,50.9,2026-05-15
SIG-13273,PROD-03389,STORE-0491,decline,6.3,2026-08-06
SIG-13274,PROD-02724,STORE-0215,seasonal,66.1,2026-03-12
SIG-13275,PROD-02815,STORE-0186,spike,15.2,2026-07-12
SIG-13276,PROD-04012,STORE-0019,spike,15.0,2026-02-15
SIG-13277,PROD-03200,STORE-0371,seasonal,3.0,2026-06-26
SIG-13278,PROD-01716,STORE-0367,decline,28.5,2026-07-13
SIG-13279,PROD-04989,STORE-0184,spike,-39.8,2026-06-18
SIG-13280,PROD-02294,STORE-0308,decline,29.6,2026-02-11
SIG-13281,PROD-04583,STORE-0122,decline,-24.6,2026-08-07
SIG-13282,PROD-02969,STORE-0027,seasonal,37.3,2026-02-14
SIG-13283,PROD-01916,STORE-0300,spike,-1.8,2026-04-24
SIG-13284,PROD-00435,STORE-0412,decline,64.9,2026-05-27
SIG-13285,PROD-00476,STORE-0012,decline,17.1,2026-03-06
SIG-13286,PROD-03826,STORE-0183,decline,23.9,2026-04-17
SIG-13287,PROD-02835,STORE-0182,decline,29.3,2026-05-01
SIG-13288,PROD-00100,STORE-0160,spike,66.9,2026-06-16
SIG-13289,PROD-04878,STORE-0483,seasonal,79.1,2026-06-18
SIG-13290,PROD-04402,STORE-0348,decline,20.2,2026-04-06
SIG-13291,PROD-01276,STORE-0150,decline,0.3,2026-05-27
SIG-13292,PROD-01827,STORE-0168,seasonal,64.0,2026-06-19
SIG-13293,PROD-01550,STORE-0359,seasonal,16.4,2026-02-07
SIG-13294,PROD-00217,STORE-0171,seasonal,-26.0,2026-02-27
SIG-13295,PROD-00243,STORE-0242,decline,38.1,2026-05-04
SIG-13296,PROD-03854,STORE-0046,seasonal,-38.8,2026-02-20
SIG-13297,PROD-00383,STORE-0461,spike,76.2,2026-08-03
SIG-13298,PROD-02787,STORE-0119,seasonal,-35.0,2026-01-05
SIG-13299,PROD-04796,STORE-0126,spike,66.9,2026-05-19
SIG-13300,PROD-02789,STORE-0183,decline,-7.5,2026-06-26
SIG-13301,PROD-00434,STORE-0341,seasonal,30.5,2026-02-12
SIG-13302,PROD-04194,STORE-0368,seasonal,74.4,2026-04-14
SIG-13303,PROD-03927,STORE-0273,decline,-3.2,2026-02-23
SIG-13304,PROD-04783,STORE-0485,spike,-25.6,2026-02-15
SIG-13305,PROD-04429,STORE-0436,spike,0.1,2026-08-15
SIG-13306,PROD-03654,STORE-0316,decline,-15.3,2026-05-28
SIG-13307,PROD-02333,STORE-0383,seasonal,8.0,2026-01-15
SIG-13308,PROD-00608,STORE-0167,spike,-17.2,2026-01-25
SIG-13309,PROD-00175,STORE-0246,decline,15.8,2026-01-07
SIG-13310,PROD-00954,STORE-0423,spike,66.4,2026-02-23
SIG-13311,PROD-03986,STORE-0026,spike,21.2,2026-07-22
SIG-13312,PROD-00280,STORE-0308,spike,-36.1,2026-06-09
SIG-13313,PROD-01743,STORE-0044,spike,-13.4,2026-07-14
SIG-13314,PROD-01583,STORE-0112,decline,69.2,2026-03-05
SIG-13315,PROD-01341,STORE-0492,seasonal,-10.5,2026-01-28
SIG-13316,PROD-00815,STORE-0120,seasonal,-22.0,2026-05-02
SIG-13317,PROD-04766,STORE-0187,decline,50.8,2026-03-15
SIG-13318,PROD-03822,STORE-0355,decline,9.3,2026-05-22
SIG-13319,PROD-03881,STORE-0278,seasonal,-16.6,2026-04-07
SIG-13320,PROD-03431,STORE-0333,decline,-13.3,2026-01-17
SIG-13321,PROD-04282,STORE-0053,spike,-13.9,2026-01-21
SIG-13322,PROD-01347,STORE-0109,decline,20.6,2026-03-25
SIG-13323,PROD-04398,STORE-0177,seasonal,-21.8,2026-02-18
SIG-13324,PROD-00586,STORE-0459,seasonal,19.5,2026-06-14
SIG-13325,PROD-01616,STORE-0369,decline,63.7,2026-01-14
SIG-13326,PROD-01292,STORE-0257,decline,-24.1,2026-07-24
SIG-13327,PROD-00922,STORE-0350,decline,6.2,2026-01-22
SIG-13328,PROD-01151,STORE-0229,spike,36.2,2026-05-17
SIG-13329,PROD-00768,STORE-0156,decline,27.3,2026-06-17
SIG-13330,PROD-03106,STORE-0087,spike,-35.5,2026-04-24
SIG-13331,PROD-02154,STORE-0237,spike,50.3,2026-03-16
SIG-13332,PROD-02942,STORE-0021,seasonal,38.7,2026-04-12
SIG-13333,PROD-00075,STORE-0064,seasonal,-21.2,2026-07-19
SIG-13334,PROD-02315,STORE-0104,decline,66.6,2026-07-24
SIG-13335,PROD-00362,STORE-0486,seasonal,-26.2,2026-03-06
SIG-13336,PROD-00772,STORE-0402,decline,24.5,2026-07-10
SIG-13337,PROD-03579,STORE-0329,spike,-38.0,2026-04-25
SIG-13338,PROD-00986,STORE-0329,seasonal,-15.9,2026-04-18
SIG-13339,PROD-03825,STORE-0167,seasonal,-18.2,2026-03-13
SIG-13340,PROD-00466,STORE-0005,seasonal,-21.7,2026-07-26
SIG-13341,PROD-00619,STORE-0221,spike,35.7,2026-06-26
SIG-13342,PROD-02820,STORE-0070,spike,37.0,2026-04-24
SIG-13343,PROD-00801,STORE-0453,seasonal,33.6,2026-06-09
SIG-13344,PROD-01278,STORE-0440,decline,5.6,2026-03-17
SIG-13345,PROD-02212,STORE-0246,spike,31.0,2026-04-06
SIG-13346,PROD-00884,STORE-0136,seasonal,-34.2,2026-05-04
SIG-13347,PROD-04365,STORE-0411,decline,27.4,2026-01-05
SIG-13348,PROD-02747,STORE-0008,seasonal,19.8,2026-08-13
SIG-13349,PROD-00270,STORE-0040,decline,46.0,2026-05-07
SIG-13350,PROD-03218,STORE-0455,seasonal,2.0,2026-04-16
SIG-13351,PROD-00288,STORE-0029,decline,14.3,2026-07-11
SIG-13352,PROD-03686,STORE-0063,spike,49.9,2026-03-24
SIG-13353,PROD-00674,STORE-0054,spike,79.6,2026-03-06
SIG-13354,PROD-02860,STORE-0305,spike,13.8,2026-05-22
SIG-13355,PROD-03990,STORE-0319,seasonal,47.9,2026-01-04
SIG-13356,PROD-03808,STORE-0344,spike,34.1,2026-08-22
SIG-13357,PROD-01858,STORE-0012,decline,22.7,2026-05-21
SIG-13358,PROD-04941,STORE-0488,seasonal,-37.6,2026-02-18
SIG-13359,PROD-01897,STORE-0462,spike,0.5,2026-05-25
SIG-13360,PROD-04052,STORE-0328,decline,1.4,2026-08-18
SIG-13361,PROD-01132,STORE-0377,spike,75.1,2026-08-03
SIG-13362,PROD-02557,STORE-0380,spike,-26.8,2026-03-21
SIG-13363,PROD-01243,STORE-0464,spike,24.3,2026-01-04
SIG-13364,PROD-02027,STORE-0496,seasonal,-29.9,2026-01-09
SIG-13365,PROD-02440,STORE-0390,decline,-39.9,2026-03-03
SIG-13366,PROD-03179,STORE-0470,decline,41.2,2026-04-13
SIG-13367,PROD-01760,STORE-0393,decline,-35.5,2026-07-04
SIG-13368,PROD-02532,STORE-0499,seasonal,63.8,2026-05-10
SIG-13369,PROD-03463,STORE-0046,decline,-13.2,2026-08-16
SIG-13370,PROD-00551,STORE-0098,seasonal,2.6,2026-05-17
SIG-13371,PROD-02216,STORE-0020,spike,-25.0,2026-04-16
SIG-13372,PROD-04625,STORE-0478,decline,38.0,2026-06-05
SIG-13373,PROD-00789,STORE-0169,spike,-22.3,2026-04-11
SIG-13374,PROD-01351,STORE-0391,seasonal,65.4,2026-03-01
SIG-13375,PROD-03920,STORE-0218,spike,78.2,2026-05-25
SIG-13376,PROD-01825,STORE-0370,seasonal,-39.3,2026-03-28
SIG-13377,PROD-03407,STORE-0070,spike,8.7,2026-07-06
SIG-13378,PROD-04436,STORE-0477,spike,4.0,2026-06-24
SIG-13379,PROD-04545,STORE-0314,decline,9.6,2026-06-12
SIG-13380,PROD-03310,STORE-0004,decline,17.9,2026-07-21
SIG-13381,PROD-04533,STORE-0050,seasonal,15.8,2026-05-13
SIG-13382,PROD-01164,STORE-0260,decline,-6.1,2026-06-10
SIG-13383,PROD-02007,STORE-0434,seasonal,73.2,2026-04-11
SIG-13384,PROD-01282,STORE-0050,spike,32.1,2026-02-09
SIG-13385,PROD-02174,STORE-0420,decline,41.6,2026-05-12
SIG-13386,PROD-00693,STORE-0350,decline,25.3,2026-04-17
SIG-13387,PROD-00630,STORE-0317,decline,-27.0,2026-01-17
SIG-13388,PROD-03671,STORE-0437,seasonal,17.1,2026-05-07
SIG-13389,PROD-02541,STORE-0274,decline,26.6,2026-07-11
SIG-13390,PROD-00176,STORE-0132,decline,13.8,2026-03-19
SIG-13391,PROD-00394,STORE-0352,decline,-36.7,2026-03-24
SIG-13392,PROD-04149,STORE-0200,spike,58.3,2026-03-07
SIG-13393,PROD-04510,STORE-0100,spike,-35.5,2026-03-19
SIG-13394,PROD-01601,STORE-0033,decline,37.1,2026-01-16
SIG-13395,PROD-00799,STORE-0083,spike,-7.8,2026-02-11
SIG-13396,PROD-00745,STORE-0188,seasonal,-35.5,2026-03-07
SIG-13397,PROD-00103,STORE-0246,decline,1.6,2026-03-23
SIG-13398,PROD-02770,STORE-0390,seasonal,-32.6,2026-03-01
SIG-13399,PROD-02351,STORE-0227,spike,61.8,2026-01-01
SIG-13400,PROD-00432,STORE-0108,decline,44.3,2026-05-13
SIG-13401,PROD-00230,STORE-0102,seasonal,47.5,2026-01-02
SIG-13402,PROD-02060,STORE-0190,decline,40.4,2026-02-11
SIG-13403,PROD-01175,STORE-0275,seasonal,-39.8,2026-08-11
SIG-13404,PROD-04709,STORE-0036,decline,-10.5,2026-01-14
SIG-13405,PROD-02203,STORE-0245,decline,6.7,2026-06-12
SIG-13406,PROD-02872,STORE-0174,seasonal,79.6,2026-01-06
SIG-13407,PROD-01205,STORE-0149,spike,47.6,2026-01-05
SIG-13408,PROD-03445,STORE-0054,spike,64.8,2026-03-22
SIG-13409,PROD-00215,STORE-0046,spike,-27.9,2026-05-24
SIG-13410,PROD-00708,STORE-0197,seasonal,-17.0,2026-06-13
SIG-13411,PROD-00936,STORE-0285,seasonal,-8.1,2026-05-06
SIG-13412,PROD-04940,STORE-0312,spike,-14.4,2026-01-13
SIG-13413,PROD-02420,STORE-0317,spike,62.2,2026-02-09
SIG-13414,PROD-03157,STORE-0492,decline,-26.5,2026-02-16
SIG-13415,PROD-00922,STORE-0320,seasonal,75.1,2026-08-04
SIG-13416,PROD-04859,STORE-0366,decline,23.7,2026-05-13
SIG-13417,PROD-02027,STORE-0309,spike,65.9,2026-01-03
SIG-13418,PROD-02591,STORE-0212,seasonal,26.8,2026-06-17
SIG-13419,PROD-02237,STORE-0042,decline,-30.8,2026-06-15
SIG-13420,PROD-04714,STORE-0063,spike,25.8,2026-01-12
SIG-13421,PROD-00280,STORE-0402,decline,-16.9,2026-01-19
SIG-13422,PROD-02899,STORE-0004,seasonal,10.6,2026-04-05
SIG-13423,PROD-00928,STORE-0253,spike,56.5,2026-08-19
SIG-13424,PROD-01068,STORE-0159,decline,4.6,2026-04-04
SIG-13425,PROD-04935,STORE-0385,spike,45.9,2026-02-02
SIG-13426,PROD-03787,STORE-0424,seasonal,38.7,2026-04-03
SIG-13427,PROD-04967,STORE-0278,spike,63.4,2026-07-15
SIG-13428,PROD-00936,STORE-0091,seasonal,50.8,2026-08-25
SIG-13429,PROD-03643,STORE-0464,decline,75.3,2026-06-22
SIG-13430,PROD-03514,STORE-0302,spike,60.4,2026-02-27
SIG-13431,PROD-02153,STORE-0243,seasonal,13.9,2026-06-13
SIG-13432,PROD-04950,STORE-0336,seasonal,69.1,2026-01-05
SIG-13433,PROD-02024,STORE-0287,decline,42.2,2026-02-16
SIG-13434,PROD-02501,STORE-0116,seasonal,62.1,2026-08-11
SIG-13435,PROD-00448,STORE-0043,spike,59.4,2026-04-07
SIG-13436,PROD-04927,STORE-0142,seasonal,56.0,2026-05-13
SIG-13437,PROD-01773,STORE-0291,spike,-29.5,2026-03-17
SIG-13438,PROD-00640,STORE-0463,decline,61.3,2026-05-09
SIG-13439,PROD-00940,STORE-0024,spike,-7.6,2026-03-02
SIG-13440,PROD-04909,STORE-0428,seasonal,-5.2,2026-07-13
SIG-13441,PROD-00751,STORE-0172,decline,72.6,2026-06-13
SIG-13442,PROD-02140,STORE-0151,decline,-3.5,2026-07-10
SIG-13443,PROD-04052,STORE-0128,spike,-13.4,2026-03-07
SIG-13444,PROD-02706,STORE-0146,seasonal,-15.1,2026-07-28
SIG-13445,PROD-02803,STORE-0373,decline,11.0,2026-02-16
SIG-13446,PROD-02830,STORE-0130,spike,-37.3,2026-05-23
SIG-13447,PROD-03125,STORE-0240,decline,30.3,2026-07-12
SIG-13448,PROD-04161,STORE-0456,decline,2.6,2026-04-09
SIG-13449,PROD-03217,STORE-0022,decline,49.3,2026-03-02
SIG-13450,PROD-01615,STORE-0172,spike,35.6,2026-05-02
SIG-13451,PROD-03945,STORE-0435,decline,79.6,2026-01-06
SIG-13452,PROD-04152,STORE-0173,decline,-28.1,2026-05-10
SIG-13453,PROD-00875,STORE-0303,seasonal,74.7,2026-03-19
SIG-13454,PROD-02431,STORE-0460,seasonal,-26.8,2026-07-08
SIG-13455,PROD-00764,STORE-0169,decline,49.6,2026-03-23
SIG-13456,PROD-03810,STORE-0363,decline,-15.4,2026-01-16
SIG-13457,PROD-03422,STORE-0237,seasonal,20.8,2026-04-26
SIG-13458,PROD-02926,STORE-0397,decline,-22.6,2026-03-10
SIG-13459,PROD-01963,STORE-0272,spike,56.9,2026-07-13
SIG-13460,PROD-04090,STORE-0441,decline,38.4,2026-04-01
SIG-13461,PROD-04895,STORE-0018,spike,33.2,2026-04-26
SIG-13462,PROD-01335,STORE-0053,decline,-38.5,2026-05-24
SIG-13463,PROD-02401,STORE-0080,decline,30.6,2026-08-20
SIG-13464,PROD-04639,STORE-0093,seasonal,-13.7,2026-02-01
SIG-13465,PROD-03739,STORE-0399,spike,-19.1,2026-07-12
SIG-13466,PROD-01418,STORE-0030,seasonal,-8.7,2026-05-01
SIG-13467,PROD-02875,STORE-0338,decline,-2.7,2026-08-19
SIG-13468,PROD-01476,STORE-0500,decline,73.6,2026-02-23
SIG-13469,PROD-01332,STORE-0047,decline,49.6,2026-05-27
SIG-13470,PROD-02367,STORE-0255,seasonal,70.2,2026-08-05
SIG-13471,PROD-00964,STORE-0167,seasonal,-3.7,2026-01-18
SIG-13472,PROD-04876,STORE-0440,seasonal,-33.0,2026-01-23
SIG-13473,PROD-02078,STORE-0030,decline,68.6,2026-01-25
SIG-13474,PROD-02336,STORE-0189,spike,-24.5,2026-02-01
SIG-13475,PROD-03066,STORE-0121,spike,66.6,2026-06-21
SIG-13476,PROD-03547,STORE-0218,spike,-33.7,2026-03-07
SIG-13477,PROD-02871,STORE-0247,spike,0.6,2026-06-12
SIG-13478,PROD-03983,STORE-0330,decline,32.6,2026-06-06
SIG-13479,PROD-02804,STORE-0168,spike,49.5,2026-03-16
SIG-13480,PROD-04852,STORE-0277,decline,-8.6,2026-08-01
SIG-13481,PROD-01992,STORE-0053,decline,23.8,2026-05-27
SIG-13482,PROD-02061,STORE-0006,spike,-30.3,2026-06-17
SIG-13483,PROD-01423,STORE-0268,decline,-15.2,2026-08-13
SIG-13484,PROD-04819,STORE-0337,seasonal,-20.4,2026-03-05
SIG-13485,PROD-00667,STORE-0273,decline,46.3,2026-06-18
SIG-13486,PROD-04342,STORE-0451,decline,-27.4,2026-06-03
SIG-13487,PROD-02483,STORE-0304,spike,3.9,2026-05-16
SIG-13488,PROD-03950,STORE-0099,spike,11.0,2026-04-13
SIG-13489,PROD-02592,STORE-0096,spike,47.4,2026-06-08
SIG-13490,PROD-00152,STORE-0465,seasonal,42.6,2026-01-20
SIG-13491,PROD-03637,STORE-0471,seasonal,-27.7,2026-04-05
SIG-13492,PROD-01288,STORE-0413,seasonal,17.1,2026-08-10
SIG-13493,PROD-04958,STORE-0118,decline,-24.8,2026-03-16
SIG-13494,PROD-00364,STORE-0207,seasonal,-11.9,2026-01-09
SIG-13495,PROD-00088,STORE-0232,seasonal,78.8,2026-01-13
SIG-13496,PROD-00433,STORE-0450,decline,-36.9,2026-08-15
SIG-13497,PROD-02968,STORE-0328,decline,58.5,2026-04-20
SIG-13498,PROD-01722,STORE-0268,seasonal,44.4,2026-04-13
SIG-13499,PROD-02810,STORE-0102,spike,45.9,2026-04-14
SIG-13500,PROD-04329,STORE-0324,seasonal,64.8,2026-03-15
SIG-13501,PROD-04445,STORE-0340,spike,16.4,2026-08-09
SIG-13502,PROD-01198,STORE-0098,decline,78.5,2026-06-19
SIG-13503,PROD-02729,STORE-0244,spike,79.0,2026-06-12
SIG-13504,PROD-01891,STORE-0393,spike,67.9,2026-01-16
SIG-13505,PROD-03338,STORE-0318,spike,56.5,2026-06-14
SIG-13506,PROD-03397,STORE-0336,decline,7.3,2026-05-17
SIG-13507,PROD-03122,STORE-0031,seasonal,24.2,2026-05-04
SIG-13508,PROD-03534,STORE-0157,spike,7.6,2026-06-10
SIG-13509,PROD-04611,STORE-0239,decline,61.8,2026-01-27
SIG-13510,PROD-00363,STORE-0124,decline,-1.1,2026-08-22
SIG-13511,PROD-01430,STORE-0408,spike,21.0,2026-03-17
SIG-13512,PROD-04379,STORE-0402,seasonal,41.2,2026-08-25
SIG-13513,PROD-02617,STORE-0061,decline,-37.6,2026-07-20
SIG-13514,PROD-04891,STORE-0415,spike,6.2,2026-06-17
SIG-13515,PROD-03392,STORE-0387,seasonal,17.6,2026-07-04
SIG-13516,PROD-02652,STORE-0162,spike,78.5,2026-06-13
SIG-13517,PROD-00573,STORE-0114,seasonal,10.7,2026-01-17
SIG-13518,PROD-03543,STORE-0015,decline,78.0,2026-06-19
SIG-13519,PROD-02854,STORE-0420,decline,7.0,2026-04-16
SIG-13520,PROD-02177,STORE-0006,seasonal,22.5,2026-01-14
SIG-13521,PROD-00848,STORE-0425,decline,56.8,2026-07-25
SIG-13522,PROD-01362,STORE-0410,spike,40.4,2026-07-19
SIG-13523,PROD-04371,STORE-0169,decline,8.9,2026-05-06
SIG-13524,PROD-01908,STORE-0433,seasonal,39.4,2026-08-14
SIG-13525,PROD-03957,STORE-0428,seasonal,-5.7,2026-05-09
SIG-13526,PROD-01929,STORE-0443,seasonal,-17.9,2026-05-08
SIG-13527,PROD-01715,STORE-0056,decline,17.4,2026-02-15
SIG-13528,PROD-02443,STORE-0349,spike,31.1,2026-07-03
SIG-13529,PROD-03841,STORE-0375,decline,2.7,2026-01-05
SIG-13530,PROD-02980,STORE-0196,decline,-0.5,2026-02-25
SIG-13531,PROD-02924,STORE-0309,spike,55.0,2026-06-24
SIG-13532,PROD-04738,STORE-0268,spike,32.0,2026-04-06
SIG-13533,PROD-01884,STORE-0032,decline,0.6,2026-02-24
SIG-13534,PROD-04297,STORE-0332,spike,45.0,2026-06-15
SIG-13535,PROD-03802,STORE-0432,seasonal,18.9,2026-05-07
SIG-13536,PROD-04171,STORE-0178,seasonal,3.3,2026-03-28
SIG-13537,PROD-04263,STORE-0459,seasonal,52.0,2026-02-16
SIG-13538,PROD-03271,STORE-0328,seasonal,10.1,2026-02-12
SIG-13539,PROD-01615,STORE-0130,spike,28.0,2026-01-08
SIG-13540,PROD-00085,STORE-0099,spike,79.0,2026-05-12
SIG-13541,PROD-04172,STORE-0320,spike,-5.7,2026-01-25
SIG-13542,PROD-04313,STORE-0275,seasonal,3.5,2026-04-08
SIG-13543,PROD-04420,STORE-0084,spike,52.0,2026-01-07
SIG-13544,PROD-00928,STORE-0098,spike,57.2,2026-02-27
SIG-13545,PROD-01291,STORE-0348,seasonal,54.8,2026-04-03
SIG-13546,PROD-04755,STORE-0411,spike,-29.9,2026-04-28
SIG-13547,PROD-01968,STORE-0481,seasonal,77.3,2026-06-02
SIG-13548,PROD-03826,STORE-0244,decline,72.5,2026-08-03
SIG-13549,PROD-04786,STORE-0170,decline,16.7,2026-08-14
SIG-13550,PROD-04272,STORE-0227,decline,2.3,2026-07-05
SIG-13551,PROD-01448,STORE-0266,seasonal,-31.3,2026-05-06
SIG-13552,PROD-00531,STORE-0206,decline,-9.5,2026-02-23
SIG-13553,PROD-01908,STORE-0093,spike,27.3,2026-05-07
SIG-13554,PROD-03587,STORE-0475,spike,50.0,2026-04-22
SIG-13555,PROD-04481,STORE-0081,spike,53.6,2026-03-20
SIG-13556,PROD-04963,STORE-0155,decline,-6.3,2026-04-08
SIG-13557,PROD-03714,STORE-0163,decline,-10.1,2026-03-04
SIG-13558,PROD-03121,STORE-0419,seasonal,6.3,2026-06-01
SIG-13559,PROD-02182,STORE-0384,seasonal,-7.9,2026-04-26
SIG-13560,PROD-03979,STORE-0062,decline,37.1,2026-02-10
SIG-13561,PROD-00714,STORE-0420,decline,1.1,2026-04-27
SIG-13562,PROD-04100,STORE-0171,spike,-32.8,2026-08-11
SIG-13563,PROD-02514,STORE-0500,spike,22.2,2026-03-01
SIG-13564,PROD-04370,STORE-0002,decline,-27.9,2026-02-17
SIG-13565,PROD-00367,STORE-0167,seasonal,10.5,2026-08-07
SIG-13566,PROD-03485,STORE-0080,seasonal,23.1,2026-04-17
SIG-13567,PROD-00230,STORE-0053,seasonal,7.8,2026-06-28
SIG-13568,PROD-00998,STORE-0321,spike,18.4,2026-04-25
SIG-13569,PROD-00577,STORE-0494,spike,5.1,2026-02-19
SIG-13570,PROD-00815,STORE-0242,spike,45.7,2026-01-15
SIG-13571,PROD-03179,STORE-0158,seasonal,41.6,2026-07-22
SIG-13572,PROD-03862,STORE-0358,decline,-23.6,2026-04-16
SIG-13573,PROD-00701,STORE-0002,seasonal,-39.0,2026-01-28
SIG-13574,PROD-03568,STORE-0045,decline,78.5,2026-05-28
SIG-13575,PROD-00992,STORE-0304,spike,-15.1,2026-05-27
SIG-13576,PROD-04845,STORE-0271,seasonal,53.2,2026-06-15
SIG-13577,PROD-01845,STORE-0138,decline,11.9,2026-06-19
SIG-13578,PROD-00679,STORE-0496,spike,-0.2,2026-01-03
SIG-13579,PROD-00622,STORE-0481,spike,34.2,2026-02-16
SIG-13580,PROD-02459,STORE-0465,spike,61.0,2026-04-23
SIG-13581,PROD-01380,STORE-0459,seasonal,-34.9,2026-02-05
SIG-13582,PROD-02050,STORE-0377,decline,-10.8,2026-04-11
SIG-13583,PROD-00074,STORE-0298,decline,52.4,2026-01-03
SIG-13584,PROD-04858,STORE-0292,spike,-26.9,2026-01-07
SIG-13585,PROD-04164,STORE-0122,spike,15.5,2026-03-20
SIG-13586,PROD-01757,STORE-0147,spike,-11.4,2026-04-08
SIG-13587,PROD-00988,STORE-0298,spike,-1.4,2026-01-05
SIG-13588,PROD-01362,STORE-0438,seasonal,49.9,2026-07-18
SIG-13589,PROD-04199,STORE-0061,seasonal,78.6,2026-07-07
SIG-13590,PROD-00762,STORE-0221,spike,41.3,2026-05-22
SIG-13591,PROD-01039,STORE-0290,spike,-33.5,2026-02-13
SIG-13592,PROD-03409,STORE-0190,seasonal,55.2,2026-03-06
SIG-13593,PROD-04621,STORE-0229,spike,-1.0,2026-01-02
SIG-13594,PROD-03992,STORE-0458,decline,18.6,2026-03-28
SIG-13595,PROD-02894,STORE-0265,spike,30.5,2026-07-03
SIG-13596,PROD-01241,STORE-0007,decline,-12.1,2026-08-05
SIG-13597,PROD-03049,STORE-0080,seasonal,11.4,2026-06-14
SIG-13598,PROD-00587,STORE-0298,seasonal,75.9,2026-02-27
SIG-13599,PROD-01263,STORE-0145,decline,58.8,2026-08-17
SIG-13600,PROD-04665,STORE-0066,seasonal,36.9,2026-02-15
SIG-13601,PROD-00140,STORE-0385,seasonal,55.4,2026-03-26
SIG-13602,PROD-03418,STORE-0446,spike,-4.7,2026-02-26
SIG-13603,PROD-02639,STORE-0312,seasonal,-38.1,2026-01-06
SIG-13604,PROD-04660,STORE-0100,spike,-13.9,2026-04-16
SIG-13605,PROD-04667,STORE-0239,decline,30.0,2026-08-09
SIG-13606,PROD-01874,STORE-0050,seasonal,55.8,2026-03-16
SIG-13607,PROD-01388,STORE-0176,decline,66.2,2026-07-07
SIG-13608,PROD-00414,STORE-0489,seasonal,49.2,2026-02-25
SIG-13609,PROD-01611,STORE-0428,spike,57.1,2026-08-25
SIG-13610,PROD-04022,STORE-0311,spike,-25.9,2026-04-28
SIG-13611,PROD-01568,STORE-0405,seasonal,-11.5,2026-01-21
SIG-13612,PROD-04966,STORE-0198,decline,-4.3,2026-07-05
SIG-13613,PROD-01127,STORE-0237,spike,55.1,2026-03-04
SIG-13614,PROD-01962,STORE-0006,seasonal,-11.7,2026-01-06
SIG-13615,PROD-03961,STORE-0390,decline,29.3,2026-01-01
SIG-13616,PROD-03856,STORE-0355,spike,33.7,2026-07-20
SIG-13617,PROD-04617,STORE-0194,seasonal,-35.4,2026-04-17
SIG-13618,PROD-03350,STORE-0271,seasonal,42.3,2026-04-25
SIG-13619,PROD-04391,STORE-0252,seasonal,-8.1,2026-06-19
SIG-13620,PROD-03023,STORE-0234,seasonal,-30.0,2026-02-28
SIG-13621,PROD-00551,STORE-0244,spike,-29.7,2026-01-02
SIG-13622,PROD-01144,STORE-0103,spike,28.0,2026-03-03
SIG-13623,PROD-04563,STORE-0482,seasonal,43.9,2026-07-09
SIG-13624,PROD-04935,STORE-0210,spike,-27.6,2026-02-19
SIG-13625,PROD-01885,STORE-0110,seasonal,9.0,2026-03-26
SIG-13626,PROD-04709,STORE-0418,seasonal,65.4,2026-06-13
SIG-13627,PROD-02626,STORE-0167,seasonal,39.7,2026-04-21
SIG-13628,PROD-03006,STORE-0305,seasonal,15.5,2026-02-03
SIG-13629,PROD-03850,STORE-0371,seasonal,71.1,2026-02-19
SIG-13630,PROD-02691,STORE-0335,spike,41.4,2026-06-26
SIG-13631,PROD-04735,STORE-0161,decline,55.6,2026-01-03
SIG-13632,PROD-04840,STORE-0446,seasonal,-26.5,2026-07-24
SIG-13633,PROD-04733,STORE-0488,decline,-20.8,2026-08-04
SIG-13634,PROD-01278,STORE-0285,seasonal,43.7,2026-08-28
SIG-13635,PROD-00795,STORE-0457,seasonal,14.0,2026-08-19
SIG-13636,PROD-03955,STORE-0340,spike,29.0,2026-08-27
SIG-13637,PROD-02885,STORE-0117,seasonal,34.0,2026-01-01
SIG-13638,PROD-00279,STORE-0407,seasonal,-9.1,2026-01-03
SIG-13639,PROD-00415,STORE-0305,decline,-31.8,2026-07-08
SIG-13640,PROD-01345,STORE-0007,spike,-35.3,2026-08-17
SIG-13641,PROD-01752,STORE-0471,seasonal,57.3,2026-01-16
SIG-13642,PROD-00001,STORE-0342,spike,-5.2,2026-02-15
SIG-13643,PROD-04404,STORE-0355,spike,76.4,2026-06-11
SIG-13644,PROD-03556,STORE-0027,spike,-4.3,2026-08-02
SIG-13645,PROD-04836,STORE-0029,spike,9.0,2026-03-03
SIG-13646,PROD-04685,STORE-0473,spike,27.5,2026-03-21
SIG-13647,PROD-03655,STORE-0208,decline,-20.9,2026-02-10
SIG-13648,PROD-04416,STORE-0145,spike,64.1,2026-07-09
SIG-13649,PROD-01531,STORE-0341,seasonal,46.2,2026-02-19
SIG-13650,PROD-02547,STORE-0299,decline,13.7,2026-02-02
SIG-13651,PROD-01947,STORE-0263,decline,-6.6,2026-03-27
SIG-13652,PROD-02000,STORE-0025,spike,-0.5,2026-06-16
SIG-13653,PROD-01236,STORE-0146,seasonal,-3.4,2026-01-16
SIG-13654,PROD-04191,STORE-0176,seasonal,-1.5,2026-07-28
SIG-13655,PROD-03080,STORE-0238,decline,-12.8,2026-03-18
SIG-13656,PROD-04498,STORE-0345,decline,50.1,2026-01-05
SIG-13657,PROD-01848,STORE-0095,spike,51.6,2026-06-24
SIG-13658,PROD-04479,STORE-0084,seasonal,20.6,2026-02-28
SIG-13659,PROD-02830,STORE-0072,decline,-17.7,2026-02-14
SIG-13660,PROD-03275,STORE-0326,spike,-17.6,2026-04-06
SIG-13661,PROD-03340,STORE-0484,decline,6.6,2026-08-23
SIG-13662,PROD-01553,STORE-0102,seasonal,61.6,2026-03-26
SIG-13663,PROD-04902,STORE-0190,decline,76.2,2026-08-24
SIG-13664,PROD-01548,STORE-0260,spike,-25.6,2026-01-24
SIG-13665,PROD-04850,STORE-0317,decline,63.4,2026-05-24
SIG-13666,PROD-03511,STORE-0279,spike,-0.4,2026-01-23
SIG-13667,PROD-02975,STORE-0384,seasonal,74.9,2026-06-07
SIG-13668,PROD-02266,STORE-0049,decline,-36.5,2026-08-09
SIG-13669,PROD-03406,STORE-0276,seasonal,62.0,2026-07-17
SIG-13670,PROD-00396,STORE-0493,spike,-10.8,2026-01-22
SIG-13671,PROD-01513,STORE-0409,decline,45.3,2026-05-17
SIG-13672,PROD-03114,STORE-0249,spike,-14.0,2026-03-09
SIG-13673,PROD-00569,STORE-0226,spike,44.1,2026-05-15
SIG-13674,PROD-02421,STORE-0343,spike,55.6,2026-06-13
SIG-13675,PROD-00207,STORE-0016,decline,33.4,2026-06-28
SIG-13676,PROD-04557,STORE-0488,seasonal,4.9,2026-04-24
SIG-13677,PROD-04387,STORE-0351,seasonal,42.2,2026-02-07
SIG-13678,PROD-03037,STORE-0221,seasonal,-38.0,2026-07-28
SIG-13679,PROD-03276,STORE-0093,decline,59.5,2026-05-10
SIG-13680,PROD-00748,STORE-0394,decline,-17.1,2026-06-09
SIG-13681,PROD-01986,STORE-0083,decline,33.8,2026-03-17
SIG-13682,PROD-03467,STORE-0316,spike,7.1,2026-02-03
SIG-13683,PROD-02892,STORE-0034,decline,0.7,2026-03-12
SIG-13684,PROD-04512,STORE-0417,spike,40.0,2026-05-14
SIG-13685,PROD-03803,STORE-0220,seasonal,-15.6,2026-01-06
SIG-13686,PROD-03808,STORE-0269,decline,1.0,2026-01-23
SIG-13687,PROD-01672,STORE-0136,decline,76.5,2026-01-17
SIG-13688,PROD-01675,STORE-0116,decline,23.8,2026-06-08
SIG-13689,PROD-02320,STORE-0134,seasonal,-39.8,2026-07-22
SIG-13690,PROD-03194,STORE-0233,spike,29.9,2026-06-03
SIG-13691,PROD-01376,STORE-0194,seasonal,36.1,2026-02-06
SIG-13692,PROD-01006,STORE-0215,decline,32.0,2026-05-02
SIG-13693,PROD-03508,STORE-0148,decline,24.0,2026-01-12
SIG-13694,PROD-04687,STORE-0438,seasonal,-38.6,2026-01-05
SIG-13695,PROD-01792,STORE-0174,seasonal,16.3,2026-05-27
SIG-13696,PROD-01710,STORE-0020,seasonal,29.3,2026-04-20
SIG-13697,PROD-02086,STORE-0331,decline,51.0,2026-02-04
SIG-13698,PROD-02966,STORE-0402,spike,77.6,2026-08-23
SIG-13699,PROD-02061,STORE-0420,spike,0.5,2026-08-08
SIG-13700,PROD-01649,STORE-0047,spike,27.2,2026-07-27
SIG-13701,PROD-02322,STORE-0318,decline,-28.0,2026-07-20
SIG-13702,PROD-02472,STORE-0013,decline,-4.6,2026-06-16
SIG-13703,PROD-01909,STORE-0423,seasonal,-21.2,2026-02-17
SIG-13704,PROD-03407,STORE-0239,seasonal,78.8,2026-02-18
SIG-13705,PROD-04593,STORE-0001,spike,74.7,2026-01-10
SIG-13706,PROD-02712,STORE-0171,spike,55.7,2026-08-14
SIG-13707,PROD-04482,STORE-0100,decline,69.5,2026-05-06
SIG-13708,PROD-02894,STORE-0460,spike,-11.0,2026-04-16
SIG-13709,PROD-00719,STORE-0173,decline,-28.5,2026-08-13
SIG-13710,PROD-00430,STORE-0019,spike,11.7,2026-05-13
SIG-13711,PROD-01157,STORE-0380,seasonal,-11.6,2026-04-19
SIG-13712,PROD-01399,STORE-0047,seasonal,-32.8,2026-08-09
SIG-13713,PROD-01669,STORE-0294,decline,59.2,2026-08-23
SIG-13714,PROD-03646,STORE-0393,decline,-0.6,2026-07-07
SIG-13715,PROD-01317,STORE-0088,spike,18.6,2026-08-17
SIG-13716,PROD-04799,STORE-0396,decline,22.0,2026-05-27
SIG-13717,PROD-04573,STORE-0200,decline,-10.4,2026-03-08
SIG-13718,PROD-04337,STORE-0105,seasonal,14.5,2026-07-02
SIG-13719,PROD-03932,STORE-0039,decline,-6.9,2026-07-05
SIG-13720,PROD-04644,STORE-0397,seasonal,-4.8,2026-02-04
SIG-13721,PROD-01140,STORE-0347,decline,73.4,2026-08-08
SIG-13722,PROD-00450,STORE-0357,decline,12.8,2026-05-03
SIG-13723,PROD-01983,STORE-0367,spike,-9.8,2026-06-16
SIG-13724,PROD-03120,STORE-0355,seasonal,-0.7,2026-02-12
SIG-13725,PROD-04459,STORE-0244,decline,-17.8,2026-06-16
SIG-13726,PROD-02701,STORE-0285,seasonal,43.1,2026-08-06
SIG-13727,PROD-04081,STORE-0038,decline,4.1,2026-02-14
SIG-13728,PROD-01473,STORE-0416,spike,42.3,2026-05-16
SIG-13729,PROD-00949,STORE-0285,spike,66.1,2026-01-08
SIG-13730,PROD-04169,STORE-0487,decline,75.6,2026-03-18
SIG-13731,PROD-03671,STORE-0174,decline,-12.1,2026-08-28
SIG-13732,PROD-03174,STORE-0032,decline,79.2,2026-06-24
SIG-13733,PROD-02046,STORE-0026,seasonal,-34.6,2026-06-06
SIG-13734,PROD-02135,STORE-0139,decline,46.3,2026-05-24
SIG-13735,PROD-01475,STORE-0469,spike,14.0,2026-08-13
SIG-13736,PROD-01818,STORE-0453,decline,-14.0,2026-01-01
SIG-13737,PROD-03160,STORE-0068,spike,-38.6,2026-03-22
SIG-13738,PROD-00733,STORE-0481,spike,24.5,2026-05-23
SIG-13739,PROD-00275,STORE-0242,seasonal,-25.3,2026-06-08
SIG-13740,PROD-01905,STORE-0349,decline,-26.3,2026-05-26
SIG-13741,PROD-02357,STORE-0449,spike,48.4,2026-07-22
SIG-13742,PROD-00936,STORE-0223,decline,-26.4,2026-05-28
SIG-13743,PROD-02771,STORE-0079,seasonal,21.5,2026-07-14
SIG-13744,PROD-02321,STORE-0416,spike,-26.0,2026-05-22
SIG-13745,PROD-02154,STORE-0022,seasonal,73.0,2026-02-27
SIG-13746,PROD-02259,STORE-0262,seasonal,58.0,2026-08-11
SIG-13747,PROD-03458,STORE-0155,decline,61.4,2026-05-02
SIG-13748,PROD-04716,STORE-0142,decline,-4.9,2026-07-26
SIG-13749,PROD-01019,STORE-0457,seasonal,18.5,2026-03-21
SIG-13750,PROD-02736,STORE-0105,decline,4.1,2026-05-26
SIG-13751,PROD-03414,STORE-0243,seasonal,-32.1,2026-03-26
SIG-13752,PROD-01884,STORE-0073,spike,78.5,2026-02-23
SIG-13753,PROD-02826,STORE-0110,spike,-29.7,2026-02-01
SIG-13754,PROD-00967,STORE-0001,decline,13.2,2026-05-07
SIG-13755,PROD-00664,STORE-0489,decline,55.3,2026-08-18
SIG-13756,PROD-03513,STORE-0420,spike,47.2,2026-08-01
SIG-13757,PROD-03342,STORE-0448,seasonal,1.0,2026-04-19
SIG-13758,PROD-00953,STORE-0104,decline,32.3,2026-08-19
SIG-13759,PROD-02858,STORE-0476,decline,36.8,2026-02-17
SIG-13760,PROD-02897,STORE-0004,decline,56.1,2026-05-11
SIG-13761,PROD-00283,STORE-0429,spike,55.0,2026-06-18
SIG-13762,PROD-03864,STORE-0331,spike,-35.8,2026-06-27
SIG-13763,PROD-02987,STORE-0083,spike,-17.5,2026-01-24
SIG-13764,PROD-01879,STORE-0273,seasonal,63.0,2026-05-02
SIG-13765,PROD-03144,STORE-0027,spike,-38.6,2026-07-19
SIG-13766,PROD-01787,STORE-0399,spike,-22.2,2026-02-14
SIG-13767,PROD-00231,STORE-0124,seasonal,64.1,2026-01-25
SIG-13768,PROD-00906,STORE-0231,decline,48.8,2026-03-09
SIG-13769,PROD-03351,STORE-0490,spike,58.3,2026-05-19
SIG-13770,PROD-00041,STORE-0206,decline,64.7,2026-01-09
SIG-13771,PROD-01791,STORE-0122,seasonal,38.0,2026-07-06
SIG-13772,PROD-00847,STORE-0009,seasonal,11.6,2026-07-17
SIG-13773,PROD-02496,STORE-0286,seasonal,49.2,2026-01-19
SIG-13774,PROD-03890,STORE-0477,seasonal,17.0,2026-04-01
SIG-13775,PROD-03413,STORE-0386,spike,-21.0,2026-07-26
SIG-13776,PROD-02207,STORE-0485,seasonal,36.5,2026-04-06
SIG-13777,PROD-03133,STORE-0287,decline,-22.3,2026-07-03
SIG-13778,PROD-00178,STORE-0421,spike,76.2,2026-07-03
SIG-13779,PROD-03629,STORE-0044,decline,4.7,2026-01-26
SIG-13780,PROD-04930,STORE-0473,seasonal,-10.4,2026-06-05
SIG-13781,PROD-04592,STORE-0105,seasonal,68.5,2026-06-07
SIG-13782,PROD-03503,STORE-0238,decline,-5.0,2026-08-13
SIG-13783,PROD-01331,STORE-0375,decline,51.3,2026-04-15
SIG-13784,PROD-01537,STORE-0085,decline,-16.3,2026-02-02
SIG-13785,PROD-03873,STORE-0197,seasonal,-2.7,2026-07-28
SIG-13786,PROD-04580,STORE-0230,decline,79.8,2026-05-27
SIG-13787,PROD-01154,STORE-0050,spike,70.2,2026-02-03
SIG-13788,PROD-02939,STORE-0353,decline,3.5,2026-07-01
SIG-13789,PROD-01070,STORE-0396,spike,38.8,2026-01-09
SIG-13790,PROD-01105,STORE-0076,seasonal,66.6,2026-04-20
SIG-13791,PROD-02415,STORE-0157,spike,52.7,2026-03-26
SIG-13792,PROD-03505,STORE-0211,spike,47.4,2026-03-15
SIG-13793,PROD-00284,STORE-0311,decline,29.9,2026-02-02
SIG-13794,PROD-04173,STORE-0146,decline,71.8,2026-06-05
SIG-13795,PROD-00741,STORE-0205,seasonal,68.7,2026-01-28
SIG-13796,PROD-01393,STORE-0272,seasonal,74.1,2026-05-28
SIG-13797,PROD-00075,STORE-0402,seasonal,-16.5,2026-06-17
SIG-13798,PROD-02059,STORE-0324,decline,10.3,2026-04-21
SIG-13799,PROD-04079,STORE-0074,decline,-4.9,2026-05-07
SIG-13800,PROD-03993,STORE-0237,decline,-20.2,2026-08-20
SIG-13801,PROD-03469,STORE-0039,seasonal,46.2,2026-08-10
SIG-13802,PROD-04307,STORE-0388,decline,12.3,2026-03-06
SIG-13803,PROD-02835,STORE-0308,decline,17.7,2026-04-21
SIG-13804,PROD-01757,STORE-0392,seasonal,-12.3,2026-05-01
SIG-13805,PROD-01744,STORE-0127,seasonal,44.3,2026-06-22
SIG-13806,PROD-01233,STORE-0380,spike,36.7,2026-03-28
SIG-13807,PROD-01156,STORE-0421,seasonal,-39.8,2026-05-28
SIG-13808,PROD-04507,STORE-0211,spike,40.5,2026-03-06
SIG-13809,PROD-00222,STORE-0445,decline,71.8,2026-05-05
SIG-13810,PROD-02005,STORE-0414,seasonal,-27.8,2026-03-02
SIG-13811,PROD-00132,STORE-0326,decline,-21.3,2026-06-22
SIG-13812,PROD-02864,STORE-0451,decline,72.3,2026-02-10
SIG-13813,PROD-03914,STORE-0267,seasonal,11.7,2026-01-13
SIG-13814,PROD-00861,STORE-0421,spike,65.1,2026-02-05
SIG-13815,PROD-00496,STORE-0010,seasonal,53.9,2026-03-17
SIG-13816,PROD-02882,STORE-0114,decline,33.4,2026-08-12
SIG-13817,PROD-04477,STORE-0456,decline,7.9,2026-07-12
SIG-13818,PROD-03388,STORE-0097,decline,41.0,2026-06-23
SIG-13819,PROD-00919,STORE-0252,decline,-33.2,2026-06-10
SIG-13820,PROD-03742,STORE-0136,seasonal,53.7,2026-05-26
SIG-13821,PROD-02508,STORE-0078,decline,17.3,2026-05-26
SIG-13822,PROD-04614,STORE-0289,decline,17.8,2026-07-13
SIG-13823,PROD-01810,STORE-0214,seasonal,58.0,2026-06-25
SIG-13824,PROD-04221,STORE-0331,spike,70.5,2026-03-10
SIG-13825,PROD-02323,STORE-0434,seasonal,-3.0,2026-02-07
SIG-13826,PROD-02590,STORE-0015,decline,61.2,2026-08-09
SIG-13827,PROD-00896,STORE-0231,seasonal,74.9,2026-01-14
SIG-13828,PROD-04588,STORE-0129,spike,43.8,2026-07-05
SIG-13829,PROD-01459,STORE-0328,decline,-19.4,2026-06-09
SIG-13830,PROD-01689,STORE-0315,decline,38.3,2026-03-20
SIG-13831,PROD-00147,STORE-0244,spike,59.7,2026-06-03
SIG-13832,PROD-01043,STORE-0135,decline,57.1,2026-01-21
SIG-13833,PROD-01218,STORE-0269,spike,36.4,2026-05-26
SIG-13834,PROD-03149,STORE-0488,spike,-10.2,2026-07-28
SIG-13835,PROD-01974,STORE-0029,spike,12.6,2026-08-20
SIG-13836,PROD-01762,STORE-0191,spike,0.3,2026-03-01
SIG-13837,PROD-03390,STORE-0305,spike,1.0,2026-05-19
SIG-13838,PROD-03236,STORE-0167,seasonal,12.9,2026-04-13
SIG-13839,PROD-02904,STORE-0467,seasonal,-9.3,2026-03-02
SIG-13840,PROD-02690,STORE-0274,decline,64.8,2026-02-14
SIG-13841,PROD-00030,STORE-0302,decline,11.5,2026-03-14
SIG-13842,PROD-03572,STORE-0132,seasonal,53.6,2026-01-13
SIG-13843,PROD-03434,STORE-0430,spike,51.6,2026-01-26
SIG-13844,PROD-01845,STORE-0007,decline,63.7,2026-07-09
SIG-13845,PROD-03850,STORE-0084,seasonal,-21.1,2026-08-06
SIG-13846,PROD-04608,STORE-0016,decline,52.2,2026-06-06
SIG-13847,PROD-04213,STORE-0321,decline,51.5,2026-07-01
SIG-13848,PROD-02724,STORE-0238,decline,48.7,2026-04-11
SIG-13849,PROD-04823,STORE-0084,spike,62.9,2026-03-04
SIG-13850,PROD-01723,STORE-0028,spike,77.1,2026-06-20
SIG-13851,PROD-01757,STORE-0299,seasonal,17.6,2026-05-11
SIG-13852,PROD-03612,STORE-0372,spike,7.8,2026-08-27
SIG-13853,PROD-01133,STORE-0498,spike,6.1,2026-08-26
SIG-13854,PROD-01894,STORE-0493,spike,-15.7,2026-08-24
SIG-13855,PROD-04299,STORE-0089,decline,60.1,2026-01-12
SIG-13856,PROD-04512,STORE-0053,seasonal,-39.2,2026-05-12
SIG-13857,PROD-00957,STORE-0090,spike,66.4,2026-02-14
SIG-13858,PROD-01488,STORE-0133,spike,27.4,2026-08-25
SIG-13859,PROD-00931,STORE-0456,seasonal,48.7,2026-01-08
SIG-13860,PROD-00786,STORE-0143,decline,-11.2,2026-04-03
SIG-13861,PROD-00046,STORE-0319,decline,-37.5,2026-05-27
SIG-13862,PROD-01773,STORE-0359,seasonal,10.2,2026-03-24
SIG-13863,PROD-04183,STORE-0288,spike,-29.4,2026-05-24
SIG-13864,PROD-04668,STORE-0368,decline,30.3,2026-07-05
SIG-13865,PROD-03271,STORE-0246,decline,-12.5,2026-03-26
SIG-13866,PROD-01809,STORE-0366,seasonal,76.5,2026-07-19
SIG-13867,PROD-04666,STORE-0104,spike,-16.0,2026-06-25
SIG-13868,PROD-01665,STORE-0175,decline,54.8,2026-01-14
SIG-13869,PROD-02015,STORE-0026,seasonal,43.4,2026-07-01
SIG-13870,PROD-02863,STORE-0125,decline,-38.9,2026-02-20
SIG-13871,PROD-01653,STORE-0379,decline,27.7,2026-02-11
SIG-13872,PROD-00809,STORE-0174,seasonal,32.3,2026-02-03
SIG-13873,PROD-03041,STORE-0064,decline,-35.3,2026-08-01
SIG-13874,PROD-00188,STORE-0240,decline,52.4,2026-04-23
SIG-13875,PROD-04299,STORE-0272,spike,14.9,2026-04-20
SIG-13876,PROD-02264,STORE-0280,seasonal,0.4,2026-05-04
SIG-13877,PROD-01112,STORE-0128,decline,22.9,2026-06-03
SIG-13878,PROD-03185,STORE-0452,decline,78.0,2026-01-12
SIG-13879,PROD-04831,STORE-0243,seasonal,72.0,2026-08-09
SIG-13880,PROD-04416,STORE-0424,seasonal,67.9,2026-08-07
SIG-13881,PROD-01552,STORE-0392,decline,33.0,2026-04-21
SIG-13882,PROD-00304,STORE-0118,decline,6.6,2026-04-28
SIG-13883,PROD-03463,STORE-0340,decline,-26.5,2026-01-16
SIG-13884,PROD-01001,STORE-0446,seasonal,24.3,2026-01-08
SIG-13885,PROD-01381,STORE-0095,spike,9.3,2026-04-28
SIG-13886,PROD-02059,STORE-0094,spike,-35.4,2026-08-28
SIG-13887,PROD-01502,STORE-0463,decline,-11.0,2026-08-06
SIG-13888,PROD-02524,STORE-0254,decline,78.1,2026-08-08
SIG-13889,PROD-01006,STORE-0240,seasonal,-9.9,2026-04-18
SIG-13890,PROD-02709,STORE-0401,seasonal,40.5,2026-08-08
SIG-13891,PROD-01984,STORE-0109,seasonal,-27.2,2026-01-10
SIG-13892,PROD-01679,STORE-0180,decline,67.1,2026-07-06
SIG-13893,PROD-01985,STORE-0282,spike,75.3,2026-04-02
SIG-13894,PROD-02543,STORE-0376,spike,22.7,2026-03-19
SIG-13895,PROD-02892,STORE-0090,decline,35.9,2026-01-27
SIG-13896,PROD-00079,STORE-0331,decline,39.2,2026-02-06
SIG-13897,PROD-01495,STORE-0312,seasonal,49.2,2026-05-06
SIG-13898,PROD-03091,STORE-0340,decline,-24.5,2026-04-18
SIG-13899,PROD-01951,STORE-0267,decline,10.3,2026-06-04
SIG-13900,PROD-00105,STORE-0237,spike,50.3,2026-04-08
SIG-13901,PROD-02279,STORE-0447,seasonal,-29.7,2026-04-09
SIG-13902,PROD-04652,STORE-0490,spike,32.8,2026-08-23
SIG-13903,PROD-01404,STORE-0265,spike,59.5,2026-07-22
SIG-13904,PROD-03018,STORE-0402,spike,53.7,2026-01-18
SIG-13905,PROD-04868,STORE-0092,decline,11.8,2026-06-11
SIG-13906,PROD-03575,STORE-0257,spike,41.2,2026-04-17
SIG-13907,PROD-04993,STORE-0075,spike,-18.6,2026-05-04
SIG-13908,PROD-02889,STORE-0351,spike,-6.9,2026-01-23
SIG-13909,PROD-04994,STORE-0093,seasonal,43.9,2026-05-03
SIG-13910,PROD-02359,STORE-0055,decline,72.1,2026-06-14
SIG-13911,PROD-02064,STORE-0098,seasonal,7.8,2026-05-15
SIG-13912,PROD-02466,STORE-0339,seasonal,70.1,2026-01-09
SIG-13913,PROD-04857,STORE-0312,spike,-22.1,2026-03-16
SIG-13914,PROD-01611,STORE-0165,spike,66.2,2026-07-05
SIG-13915,PROD-00671,STORE-0313,spike,66.5,2026-06-10
SIG-13916,PROD-02345,STORE-0222,seasonal,15.1,2026-03-18
SIG-13917,PROD-03198,STORE-0008,decline,-13.0,2026-03-24
SIG-13918,PROD-03929,STORE-0058,decline,14.5,2026-07-09
SIG-13919,PROD-04522,STORE-0308,seasonal,4.8,2026-04-24
SIG-13920,PROD-00468,STORE-0192,decline,-1.2,2026-05-03
SIG-13921,PROD-01578,STORE-0205,decline,6.9,2026-02-15
SIG-13922,PROD-03231,STORE-0289,decline,-25.6,2026-06-04
SIG-13923,PROD-01781,STORE-0358,seasonal,40.6,2026-01-21
SIG-13924,PROD-02400,STORE-0433,spike,50.2,2026-06-27
SIG-13925,PROD-03254,STORE-0165,spike,41.1,2026-08-07
SIG-13926,PROD-04172,STORE-0306,spike,13.5,2026-07-17
SIG-13927,PROD-03096,STORE-0096,seasonal,31.6,2026-01-11
SIG-13928,PROD-02553,STORE-0041,seasonal,76.7,2026-08-25
SIG-13929,PROD-04685,STORE-0148,seasonal,-2.0,2026-07-23
SIG-13930,PROD-01264,STORE-0269,spike,-20.4,2026-01-16
SIG-13931,PROD-01476,STORE-0208,seasonal,33.7,2026-08-12
SIG-13932,PROD-01649,STORE-0199,decline,-25.0,2026-08-24
SIG-13933,PROD-00319,STORE-0111,spike,64.6,2026-06-08
SIG-13934,PROD-01536,STORE-0241,seasonal,-30.6,2026-02-21
SIG-13935,PROD-00499,STORE-0155,spike,-21.2,2026-05-20
SIG-13936,PROD-01785,STORE-0122,seasonal,-19.1,2026-08-07
SIG-13937,PROD-03869,STORE-0280,seasonal,-37.1,2026-06-01
SIG-13938,PROD-00222,STORE-0249,decline,-35.4,2026-02-16
SIG-13939,PROD-01202,STORE-0281,decline,7.6,2026-01-13
SIG-13940,PROD-04204,STORE-0081,decline,-38.0,2026-03-19
SIG-13941,PROD-02057,STORE-0190,seasonal,30.8,2026-01-02
SIG-13942,PROD-01506,STORE-0346,decline,-5.4,2026-08-02
SIG-13943,PROD-03856,STORE-0423,decline,29.0,2026-05-13
SIG-13944,PROD-04970,STORE-0284,seasonal,28.4,2026-03-06
SIG-13945,PROD-04091,STORE-0465,seasonal,-11.8,2026-06-20
SIG-13946,PROD-04923,STORE-0262,seasonal,75.2,2026-07-04
SIG-13947,PROD-04603,STORE-0125,decline,76.3,2026-06-24
SIG-13948,PROD-03395,STORE-0317,decline,-15.7,2026-05-02
SIG-13949,PROD-02568,STORE-0361,spike,55.4,2026-08-09
SIG-13950,PROD-03333,STORE-0319,seasonal,-29.6,2026-01-02
SIG-13951,PROD-00053,STORE-0088,seasonal,62.4,2026-08-13
SIG-13952,PROD-04962,STORE-0495,spike,-14.8,2026-06-14
SIG-13953,PROD-03485,STORE-0435,seasonal,76.1,2026-03-01
SIG-13954,PROD-03289,STORE-0012,spike,-28.8,2026-07-26
SIG-13955,PROD-01130,STORE-0439,decline,65.4,2026-05-25
SIG-13956,PROD-03919,STORE-0235,seasonal,-17.8,2026-01-12
SIG-13957,PROD-04184,STORE-0018,spike,43.3,2026-05-10
SIG-13958,PROD-01268,STORE-0426,seasonal,65.1,2026-05-01
SIG-13959,PROD-04646,STORE-0262,decline,-28.0,2026-05-28
SIG-13960,PROD-02928,STORE-0327,decline,76.9,2026-01-13
SIG-13961,PROD-02624,STORE-0337,decline,1.7,2026-06-02
SIG-13962,PROD-02476,STORE-0105,seasonal,4.3,2026-04-26
SIG-13963,PROD-03878,STORE-0330,decline,-0.9,2026-04-26
SIG-13964,PROD-02058,STORE-0429,decline,28.4,2026-06-08
SIG-13965,PROD-01765,STORE-0422,seasonal,30.0,2026-05-17
SIG-13966,PROD-02535,STORE-0314,spike,-14.1,2026-04-15
SIG-13967,PROD-01627,STORE-0355,spike,55.5,2026-05-09
SIG-13968,PROD-02626,STORE-0405,seasonal,-29.2,2026-08-19
SIG-13969,PROD-02277,STORE-0354,decline,78.3,2026-04-20
SIG-13970,PROD-04950,STORE-0063,seasonal,43.9,2026-06-07
SIG-13971,PROD-01107,STORE-0323,seasonal,-29.5,2026-04-10
SIG-13972,PROD-02829,STORE-0283,decline,14.1,2026-08-07
SIG-13973,PROD-03442,STORE-0244,spike,-38.0,2026-05-22
SIG-13974,PROD-01611,STORE-0065,spike,21.5,2026-01-09
SIG-13975,PROD-00025,STORE-0044,spike,5.8,2026-03-12
SIG-13976,PROD-03640,STORE-0257,spike,-7.6,2026-01-12
SIG-13977,PROD-04861,STORE-0001,decline,-3.9,2026-06-06
SIG-13978,PROD-01313,STORE-0132,decline,-19.1,2026-07-03
SIG-13979,PROD-00419,STORE-0289,decline,55.6,2026-06-14
SIG-13980,PROD-03242,STORE-0435,seasonal,50.3,2026-05-24
SIG-13981,PROD-03144,STORE-0075,decline,-23.6,2026-05-06
SIG-13982,PROD-00893,STORE-0404,decline,70.1,2026-02-17
SIG-13983,PROD-01205,STORE-0220,spike,56.9,2026-02-24
SIG-13984,PROD-04902,STORE-0022,decline,-1.1,2026-01-21
SIG-13985,PROD-03088,STORE-0493,decline,-34.0,2026-08-06
SIG-13986,PROD-01752,STORE-0217,spike,35.8,2026-06-21
SIG-13987,PROD-02378,STORE-0321,spike,-10.0,2026-07-27
SIG-13988,PROD-00474,STORE-0326,decline,43.6,2026-02-19
SIG-13989,PROD-04551,STORE-0119,seasonal,-34.6,2026-01-06
SIG-13990,PROD-00364,STORE-0059,seasonal,35.2,2026-04-14
SIG-13991,PROD-01260,STORE-0383,spike,29.4,2026-02-27
SIG-13992,PROD-01257,STORE-0065,decline,10.7,2026-05-04
SIG-13993,PROD-00849,STORE-0442,seasonal,57.7,2026-06-14
SIG-13994,PROD-04656,STORE-0028,seasonal,45.7,2026-07-01
SIG-13995,PROD-01353,STORE-0405,decline,60.8,2026-02-04
SIG-13996,PROD-04795,STORE-0442,seasonal,0.4,2026-04-02
SIG-13997,PROD-04059,STORE-0438,spike,4.7,2026-08-01
SIG-13998,PROD-00338,STORE-0279,spike,59.9,2026-01-18
SIG-13999,PROD-04257,STORE-0149,spike,70.0,2026-03-11
SIG-14000,PROD-04158,STORE-0365,decline,0.9,2026-08-19
SIG-14001,PROD-02258,STORE-0199,spike,-33.8,2026-07-21
SIG-14002,PROD-03695,STORE-0092,seasonal,50.7,2026-06-24
SIG-14003,PROD-00342,STORE-0151,decline,4.9,2026-06-16
SIG-14004,PROD-02744,STORE-0213,decline,76.3,2026-03-24
SIG-14005,PROD-00351,STORE-0376,decline,2.5,2026-08-06
SIG-14006,PROD-01803,STORE-0377,spike,46.8,2026-02-25
SIG-14007,PROD-04781,STORE-0365,spike,-32.0,2026-02-21
SIG-14008,PROD-01112,STORE-0180,spike,-32.7,2026-02-17
SIG-14009,PROD-02544,STORE-0015,spike,-0.8,2026-08-28
SIG-14010,PROD-02602,STORE-0435,spike,7.6,2026-07-11
SIG-14011,PROD-03278,STORE-0222,seasonal,28.6,2026-01-18
SIG-14012,PROD-02301,STORE-0121,spike,59.6,2026-02-25
SIG-14013,PROD-01020,STORE-0482,spike,61.1,2026-04-08
SIG-14014,PROD-00576,STORE-0407,seasonal,72.7,2026-03-02
SIG-14015,PROD-01957,STORE-0090,spike,-36.3,2026-08-23
SIG-14016,PROD-01701,STORE-0383,decline,-2.7,2026-08-03
SIG-14017,PROD-00192,STORE-0252,decline,-19.6,2026-03-16
SIG-14018,PROD-03069,STORE-0300,decline,44.6,2026-08-08
SIG-14019,PROD-02709,STORE-0389,spike,46.0,2026-06-23
SIG-14020,PROD-04565,STORE-0120,seasonal,6.2,2026-04-23
SIG-14021,PROD-01580,STORE-0085,decline,49.9,2026-07-11
SIG-14022,PROD-03876,STORE-0147,seasonal,-30.1,2026-06-19
SIG-14023,PROD-01465,STORE-0424,decline,22.9,2026-01-05
SIG-14024,PROD-00463,STORE-0362,seasonal,-5.6,2026-07-25
SIG-14025,PROD-01299,STORE-0399,spike,62.2,2026-02-15
SIG-14026,PROD-01442,STORE-0330,spike,14.8,2026-05-26
SIG-14027,PROD-01461,STORE-0290,spike,68.4,2026-02-11
SIG-14028,PROD-01529,STORE-0297,seasonal,64.8,2026-06-04
SIG-14029,PROD-02964,STORE-0085,decline,15.8,2026-04-24
SIG-14030,PROD-04512,STORE-0115,seasonal,-3.9,2026-02-27
SIG-14031,PROD-04606,STORE-0125,spike,37.2,2026-02-15
SIG-14032,PROD-03661,STORE-0015,seasonal,44.9,2026-01-12
SIG-14033,PROD-04203,STORE-0488,seasonal,-21.7,2026-01-02
SIG-14034,PROD-03008,STORE-0101,spike,64.0,2026-02-19
SIG-14035,PROD-01781,STORE-0254,spike,-23.0,2026-02-16
SIG-14036,PROD-00865,STORE-0317,spike,-11.5,2026-02-15
SIG-14037,PROD-04534,STORE-0306,decline,37.8,2026-04-05
SIG-14038,PROD-02628,STORE-0110,spike,52.9,2026-07-25
SIG-14039,PROD-04968,STORE-0144,decline,-12.1,2026-02-10
SIG-14040,PROD-03025,STORE-0101,decline,64.5,2026-06-16
SIG-14041,PROD-02833,STORE-0382,seasonal,45.3,2026-04-02
SIG-14042,PROD-04573,STORE-0158,decline,76.8,2026-01-01
SIG-14043,PROD-04317,STORE-0416,seasonal,78.1,2026-01-14
SIG-14044,PROD-01346,STORE-0465,decline,17.4,2026-08-16
SIG-14045,PROD-02195,STORE-0399,seasonal,19.0,2026-07-25
SIG-14046,PROD-00254,STORE-0411,decline,-6.3,2026-06-12
SIG-14047,PROD-03821,STORE-0256,seasonal,-10.2,2026-01-07
SIG-14048,PROD-01481,STORE-0500,spike,69.5,2026-01-23
SIG-14049,PROD-02476,STORE-0447,spike,41.0,2026-08-11
SIG-14050,PROD-04838,STORE-0214,decline,60.5,2026-07-26
SIG-14051,PROD-00182,STORE-0300,spike,69.8,2026-04-10
SIG-14052,PROD-04118,STORE-0138,spike,-7.1,2026-05-04
SIG-14053,PROD-01695,STORE-0329,decline,15.6,2026-05-01
SIG-14054,PROD-02972,STORE-0037,spike,-5.2,2026-05-28
SIG-14055,PROD-04850,STORE-0485,spike,-11.5,2026-03-10
SIG-14056,PROD-02579,STORE-0494,seasonal,26.4,2026-06-23
SIG-14057,PROD-02054,STORE-0140,decline,11.6,2026-08-01
SIG-14058,PROD-00091,STORE-0248,spike,63.6,2026-03-19
SIG-14059,PROD-04281,STORE-0170,spike,38.1,2026-05-01
SIG-14060,PROD-02784,STORE-0460,seasonal,64.4,2026-07-13
SIG-14061,PROD-01861,STORE-0483,spike,-19.0,2026-01-28
SIG-14062,PROD-01663,STORE-0413,decline,-31.0,2026-06-04
SIG-14063,PROD-04459,STORE-0315,spike,70.1,2026-01-03
SIG-14064,PROD-01494,STORE-0338,spike,73.5,2026-04-06
SIG-14065,PROD-03207,STORE-0397,seasonal,26.8,2026-04-07
SIG-14066,PROD-01555,STORE-0228,seasonal,52.7,2026-08-25
SIG-14067,PROD-04525,STORE-0448,spike,32.3,2026-03-24
SIG-14068,PROD-02025,STORE-0356,spike,0.5,2026-03-15
SIG-14069,PROD-02120,STORE-0291,spike,68.0,2026-07-05
SIG-14070,PROD-02737,STORE-0059,spike,8.7,2026-02-04
SIG-14071,PROD-02000,STORE-0054,seasonal,63.8,2026-07-02
SIG-14072,PROD-03890,STORE-0424,seasonal,53.9,2026-03-04
SIG-14073,PROD-03078,STORE-0166,seasonal,49.3,2026-04-26
SIG-14074,PROD-00129,STORE-0428,seasonal,-17.0,2026-08-12
SIG-14075,PROD-00032,STORE-0418,decline,-8.2,2026-02-01
SIG-14076,PROD-00545,STORE-0075,spike,6.1,2026-04-01
SIG-14077,PROD-00015,STORE-0089,decline,-21.1,2026-01-08
SIG-14078,PROD-04042,STORE-0283,spike,26.5,2026-02-22
SIG-14079,PROD-03198,STORE-0318,seasonal,-6.4,2026-06-10
SIG-14080,PROD-01118,STORE-0159,spike,78.4,2026-07-22
SIG-14081,PROD-01626,STORE-0066,seasonal,75.2,2026-04-20
SIG-14082,PROD-01728,STORE-0184,decline,61.8,2026-03-02
SIG-14083,PROD-02711,STORE-0448,decline,20.3,2026-08-06
SIG-14084,PROD-04747,STORE-0254,spike,-4.8,2026-06-11
SIG-14085,PROD-00886,STORE-0158,seasonal,62.6,2026-04-02
SIG-14086,PROD-02626,STORE-0052,decline,43.2,2026-01-19
SIG-14087,PROD-02142,STORE-0208,decline,39.4,2026-05-20
SIG-14088,PROD-01815,STORE-0130,seasonal,-8.2,2026-01-16
SIG-14089,PROD-03044,STORE-0106,spike,20.2,2026-03-11
SIG-14090,PROD-00189,STORE-0293,decline,9.7,2026-03-03
SIG-14091,PROD-01346,STORE-0121,decline,78.3,2026-02-21
SIG-14092,PROD-03142,STORE-0469,spike,24.8,2026-04-27
SIG-14093,PROD-04111,STORE-0136,seasonal,-22.1,2026-07-09
SIG-14094,PROD-01130,STORE-0221,spike,67.4,2026-07-18
SIG-14095,PROD-03175,STORE-0012,spike,73.1,2026-03-19
SIG-14096,PROD-00790,STORE-0445,decline,-15.3,2026-04-15
SIG-14097,PROD-01574,STORE-0439,seasonal,2.0,2026-01-19
SIG-14098,PROD-03697,STORE-0322,seasonal,74.8,2026-08-26
SIG-14099,PROD-02608,STORE-0163,decline,78.4,2026-07-17
SIG-14100,PROD-02365,STORE-0386,spike,44.3,2026-03-13
SIG-14101,PROD-03062,STORE-0231,decline,0.4,2026-03-17
SIG-14102,PROD-04496,STORE-0254,seasonal,-3.5,2026-07-24
SIG-14103,PROD-04727,STORE-0276,spike,42.4,2026-06-26
SIG-14104,PROD-04538,STORE-0208,decline,71.3,2026-06-09
SIG-14105,PROD-03353,STORE-0449,decline,29.4,2026-03-06
SIG-14106,PROD-03045,STORE-0258,seasonal,-1.7,2026-02-10
SIG-14107,PROD-04475,STORE-0125,seasonal,14.8,2026-06-02
SIG-14108,PROD-03787,STORE-0216,seasonal,61.0,2026-07-07
SIG-14109,PROD-04718,STORE-0431,spike,-15.8,2026-04-25
SIG-14110,PROD-04472,STORE-0157,seasonal,74.6,2026-08-12
SIG-14111,PROD-01097,STORE-0036,seasonal,-36.9,2026-01-13
SIG-14112,PROD-03983,STORE-0389,decline,47.9,2026-08-20
SIG-14113,PROD-01897,STORE-0313,decline,14.6,2026-05-11
SIG-14114,PROD-01723,STORE-0135,spike,57.1,2026-02-08
SIG-14115,PROD-02749,STORE-0053,decline,34.4,2026-02-06
SIG-14116,PROD-02744,STORE-0476,spike,-8.5,2026-08-09
SIG-14117,PROD-00073,STORE-0268,seasonal,69.6,2026-01-18
SIG-14118,PROD-01833,STORE-0114,decline,20.0,2026-05-26
SIG-14119,PROD-03297,STORE-0128,spike,-4.5,2026-03-10
SIG-14120,PROD-01938,STORE-0167,spike,0.9,2026-01-18
SIG-14121,PROD-02664,STORE-0350,spike,43.1,2026-02-03
SIG-14122,PROD-01964,STORE-0049,decline,43.0,2026-04-20
SIG-14123,PROD-04254,STORE-0013,spike,16.6,2026-07-24
SIG-14124,PROD-04946,STORE-0347,spike,-12.1,2026-01-27
SIG-14125,PROD-01882,STORE-0378,seasonal,-28.4,2026-01-05
SIG-14126,PROD-01626,STORE-0246,seasonal,42.6,2026-06-06
SIG-14127,PROD-03144,STORE-0406,spike,68.3,2026-01-02
SIG-14128,PROD-04046,STORE-0403,decline,43.2,2026-07-20
SIG-14129,PROD-01221,STORE-0340,decline,50.1,2026-06-19
SIG-14130,PROD-01684,STORE-0391,spike,45.7,2026-04-23
SIG-14131,PROD-01255,STORE-0465,decline,-31.9,2026-07-09
SIG-14132,PROD-02143,STORE-0126,decline,39.6,2026-03-21
SIG-14133,PROD-01730,STORE-0477,decline,44.7,2026-03-20
SIG-14134,PROD-04793,STORE-0266,seasonal,-3.9,2026-01-17
SIG-14135,PROD-03121,STORE-0401,decline,-25.7,2026-06-09
SIG-14136,PROD-04451,STORE-0080,decline,37.1,2026-04-11
SIG-14137,PROD-03760,STORE-0141,decline,-12.8,2026-04-02
SIG-14138,PROD-00060,STORE-0261,spike,-29.7,2026-04-13
SIG-14139,PROD-00866,STORE-0053,spike,14.5,2026-04-07
SIG-14140,PROD-02798,STORE-0141,seasonal,6.7,2026-01-14
SIG-14141,PROD-03992,STORE-0491,decline,-28.5,2026-03-24
SIG-14142,PROD-03959,STORE-0347,seasonal,48.5,2026-07-16
SIG-14143,PROD-04569,STORE-0368,seasonal,38.9,2026-01-28
SIG-14144,PROD-00077,STORE-0410,seasonal,12.1,2026-05-01
SIG-14145,PROD-00059,STORE-0363,spike,-19.1,2026-04-09
SIG-14146,PROD-04907,STORE-0141,spike,-27.1,2026-01-10
SIG-14147,PROD-00964,STORE-0496,spike,62.5,2026-02-11
SIG-14148,PROD-04393,STORE-0099,spike,34.5,2026-02-28
SIG-14149,PROD-00551,STORE-0280,spike,44.0,2026-06-06
SIG-14150,PROD-03590,STORE-0123,spike,39.4,2026-04-05
SIG-14151,PROD-03335,STORE-0207,decline,-29.1,2026-04-21
SIG-14152,PROD-04834,STORE-0287,spike,12.7,2026-06-02
SIG-14153,PROD-00472,STORE-0192,spike,-0.1,2026-06-19
SIG-14154,PROD-04430,STORE-0367,seasonal,69.4,2026-06-11
SIG-14155,PROD-03294,STORE-0441,spike,51.8,2026-03-17
SIG-14156,PROD-00879,STORE-0313,decline,34.2,2026-05-07
SIG-14157,PROD-04628,STORE-0037,spike,28.6,2026-08-17
SIG-14158,PROD-00673,STORE-0417,seasonal,58.4,2026-08-06
SIG-14159,PROD-04662,STORE-0321,decline,42.0,2026-05-08
SIG-14160,PROD-03009,STORE-0479,spike,59.8,2026-01-07
SIG-14161,PROD-00794,STORE-0039,seasonal,-17.5,2026-01-22
SIG-14162,PROD-02841,STORE-0244,seasonal,52.8,2026-06-08
SIG-14163,PROD-03053,STORE-0197,spike,24.4,2026-07-10
SIG-14164,PROD-01027,STORE-0357,spike,-27.3,2026-03-24
SIG-14165,PROD-04748,STORE-0264,decline,-6.8,2026-03-02
SIG-14166,PROD-00437,STORE-0492,spike,-29.3,2026-02-28
SIG-14167,PROD-01791,STORE-0465,seasonal,-10.5,2026-02-15
SIG-14168,PROD-02645,STORE-0392,spike,-5.9,2026-05-15
SIG-14169,PROD-02206,STORE-0399,seasonal,10.1,2026-05-08
SIG-14170,PROD-01671,STORE-0128,seasonal,-8.4,2026-05-18
SIG-14171,PROD-04561,STORE-0193,decline,-16.0,2026-08-02
SIG-14172,PROD-02231,STORE-0078,decline,35.5,2026-02-27
SIG-14173,PROD-02676,STORE-0388,spike,-4.2,2026-08-06
SIG-14174,PROD-00031,STORE-0304,decline,47.5,2026-05-02
SIG-14175,PROD-04673,STORE-0193,seasonal,-2.1,2026-05-03
SIG-14176,PROD-03084,STORE-0132,spike,-8.0,2026-05-08
SIG-14177,PROD-01034,STORE-0497,seasonal,29.0,2026-03-18
SIG-14178,PROD-02141,STORE-0192,decline,8.0,2026-02-14
SIG-14179,PROD-00628,STORE-0485,seasonal,7.3,2026-05-04
SIG-14180,PROD-00013,STORE-0184,seasonal,-7.0,2026-03-23
SIG-14181,PROD-00186,STORE-0004,seasonal,-10.7,2026-07-01
SIG-14182,PROD-01526,STORE-0363,seasonal,78.7,2026-01-18
SIG-14183,PROD-00687,STORE-0184,decline,59.1,2026-04-17
SIG-14184,PROD-01719,STORE-0363,seasonal,6.0,2026-06-18
SIG-14185,PROD-01479,STORE-0012,spike,-37.3,2026-01-25
SIG-14186,PROD-00847,STORE-0487,decline,23.0,2026-03-08
SIG-14187,PROD-00986,STORE-0145,seasonal,45.1,2026-06-28
SIG-14188,PROD-02344,STORE-0022,decline,-22.9,2026-03-08
SIG-14189,PROD-02769,STORE-0269,decline,7.0,2026-06-28
SIG-14190,PROD-04632,STORE-0275,decline,18.4,2026-07-18
SIG-14191,PROD-02788,STORE-0209,decline,77.2,2026-03-27
SIG-14192,PROD-03035,STORE-0154,seasonal,49.0,2026-07-13
SIG-14193,PROD-02954,STORE-0369,decline,-1.7,2026-08-09
SIG-14194,PROD-00944,STORE-0294,decline,-17.2,2026-03-11
SIG-14195,PROD-02392,STORE-0207,spike,38.6,2026-05-26
SIG-14196,PROD-02117,STORE-0430,seasonal,73.2,2026-05-28
SIG-14197,PROD-03252,STORE-0008,spike,45.2,2026-07-10
SIG-14198,PROD-04100,STORE-0050,decline,72.8,2026-01-01
SIG-14199,PROD-00055,STORE-0285,decline,71.0,2026-02-13
SIG-14200,PROD-02567,STORE-0227,spike,13.1,2026-02-15
SIG-14201,PROD-00207,STORE-0289,decline,74.5,2026-06-17
SIG-14202,PROD-00355,STORE-0305,decline,27.4,2026-06-07
SIG-14203,PROD-02650,STORE-0478,spike,-9.8,2026-04-06
SIG-14204,PROD-04726,STORE-0355,seasonal,12.6,2026-03-11
SIG-14205,PROD-00393,STORE-0112,spike,70.2,2026-02-11
SIG-14206,PROD-02995,STORE-0146,decline,-8.5,2026-06-09
SIG-14207,PROD-01380,STORE-0181,decline,47.8,2026-06-28
SIG-14208,PROD-04207,STORE-0036,spike,-24.9,2026-01-20
SIG-14209,PROD-01914,STORE-0312,spike,10.6,2026-02-01
SIG-14210,PROD-04716,STORE-0144,decline,66.3,2026-05-25
SIG-14211,PROD-01240,STORE-0079,decline,42.5,2026-03-25
SIG-14212,PROD-01940,STORE-0300,decline,63.4,2026-02-18
SIG-14213,PROD-04932,STORE-0352,spike,14.4,2026-08-24
SIG-14214,PROD-01022,STORE-0409,seasonal,1.2,2026-05-14
SIG-14215,PROD-01110,STORE-0110,decline,55.4,2026-03-16
SIG-14216,PROD-02243,STORE-0466,spike,67.8,2026-03-15
SIG-14217,PROD-03114,STORE-0083,decline,-11.6,2026-03-24
SIG-14218,PROD-03375,STORE-0467,decline,23.4,2026-03-10
SIG-14219,PROD-01914,STORE-0443,spike,-1.4,2026-05-26
SIG-14220,PROD-01942,STORE-0230,decline,7.2,2026-07-18
SIG-14221,PROD-03515,STORE-0408,spike,-26.5,2026-03-28
SIG-14222,PROD-00719,STORE-0470,spike,7.2,2026-05-01
SIG-14223,PROD-04888,STORE-0335,seasonal,-29.1,2026-07-18
SIG-14224,PROD-04672,STORE-0018,spike,2.5,2026-04-27
SIG-14225,PROD-03010,STORE-0121,decline,-16.1,2026-05-10
SIG-14226,PROD-02238,STORE-0397,decline,75.6,2026-07-24
SIG-14227,PROD-01852,STORE-0495,decline,42.0,2026-03-28
SIG-14228,PROD-01640,STORE-0444,decline,-10.7,2026-02-01
SIG-14229,PROD-03895,STORE-0359,decline,-40.0,2026-05-08
SIG-14230,PROD-02773,STORE-0347,spike,-18.3,2026-08-14
SIG-14231,PROD-00024,STORE-0050,spike,79.7,2026-01-12
SIG-14232,PROD-01299,STORE-0256,spike,68.9,2026-04-08
SIG-14233,PROD-04215,STORE-0324,spike,-32.1,2026-05-26
SIG-14234,PROD-01081,STORE-0181,seasonal,36.0,2026-02-25
SIG-14235,PROD-01650,STORE-0452,spike,51.8,2026-05-10
SIG-14236,PROD-00122,STORE-0247,spike,74.1,2026-01-26
SIG-14237,PROD-02225,STORE-0101,decline,-12.9,2026-07-10
SIG-14238,PROD-00362,STORE-0468,decline,-9.1,2026-04-14
SIG-14239,PROD-01018,STORE-0469,seasonal,76.8,2026-05-03
SIG-14240,PROD-02324,STORE-0229,decline,50.1,2026-01-22
SIG-14241,PROD-00093,STORE-0099,seasonal,34.6,2026-08-20
SIG-14242,PROD-02582,STORE-0001,decline,-23.0,2026-02-28
SIG-14243,PROD-04665,STORE-0457,seasonal,-34.0,2026-08-03
SIG-14244,PROD-04230,STORE-0269,seasonal,71.6,2026-06-26
SIG-14245,PROD-04199,STORE-0178,seasonal,-10.5,2026-08-16
SIG-14246,PROD-00187,STORE-0397,seasonal,-20.9,2026-03-19
SIG-14247,PROD-04082,STORE-0212,spike,77.6,2026-05-12
SIG-14248,PROD-02186,STORE-0196,seasonal,37.3,2026-01-26
SIG-14249,PROD-03395,STORE-0403,decline,32.5,2026-02-15
SIG-14250,PROD-00649,STORE-0351,decline,6.8,2026-03-03
SIG-14251,PROD-03853,STORE-0345,spike,35.8,2026-05-23
SIG-14252,PROD-00877,STORE-0337,seasonal,-15.5,2026-01-17
SIG-14253,PROD-02943,STORE-0264,spike,24.8,2026-04-23
SIG-14254,PROD-03513,STORE-0469,seasonal,63.7,2026-05-13
SIG-14255,PROD-03831,STORE-0141,seasonal,25.0,2026-01-03
SIG-14256,PROD-00100,STORE-0075,decline,76.0,2026-08-07
SIG-14257,PROD-04168,STORE-0274,seasonal,55.0,2026-05-04
SIG-14258,PROD-03831,STORE-0453,decline,-30.8,2026-05-11
SIG-14259,PROD-01106,STORE-0496,spike,71.7,2026-08-03
SIG-14260,PROD-02898,STORE-0012,spike,19.9,2026-08-28
SIG-14261,PROD-02803,STORE-0495,spike,-29.0,2026-02-07
SIG-14262,PROD-02173,STORE-0167,decline,-20.3,2026-03-25
SIG-14263,PROD-03186,STORE-0090,seasonal,28.1,2026-05-26
SIG-14264,PROD-04798,STORE-0098,seasonal,60.9,2026-07-19
SIG-14265,PROD-03515,STORE-0094,decline,-20.1,2026-03-22
SIG-14266,PROD-03242,STORE-0145,seasonal,-8.2,2026-06-07
SIG-14267,PROD-03071,STORE-0360,spike,-22.8,2026-01-09
SIG-14268,PROD-02380,STORE-0245,seasonal,-25.0,2026-04-26
SIG-14269,PROD-00809,STORE-0496,seasonal,25.2,2026-04-12
SIG-14270,PROD-00948,STORE-0379,decline,8.7,2026-06-25
SIG-14271,PROD-04989,STORE-0179,seasonal,-3.6,2026-01-25
SIG-14272,PROD-00589,STORE-0016,seasonal,-14.6,2026-03-01
SIG-14273,PROD-04487,STORE-0138,spike,25.1,2026-06-11
SIG-14274,PROD-04473,STORE-0242,spike,-23.1,2026-03-16
SIG-14275,PROD-02789,STORE-0152,decline,51.4,2026-04-05
SIG-14276,PROD-02842,STORE-0278,spike,-3.3,2026-08-03
SIG-14277,PROD-04418,STORE-0341,spike,15.8,2026-08-16
SIG-14278,PROD-02137,STORE-0247,decline,22.3,2026-08-27
SIG-14279,PROD-03827,STORE-0330,spike,-36.4,2026-07-28
SIG-14280,PROD-04498,STORE-0260,seasonal,0.5,2026-06-13
SIG-14281,PROD-03070,STORE-0303,spike,63.8,2026-03-01
SIG-14282,PROD-04938,STORE-0169,seasonal,60.4,2026-08-16
SIG-14283,PROD-04683,STORE-0122,seasonal,38.7,2026-02-06
SIG-14284,PROD-03572,STORE-0006,spike,3.6,2026-04-15
SIG-14285,PROD-02043,STORE-0143,decline,26.7,2026-04-27
SIG-14286,PROD-03000,STORE-0300,decline,-8.2,2026-03-18
SIG-14287,PROD-02869,STORE-0270,decline,32.0,2026-05-09
SIG-14288,PROD-01677,STORE-0398,seasonal,56.1,2026-01-01
SIG-14289,PROD-04606,STORE-0242,decline,18.0,2026-01-05
SIG-14290,PROD-01754,STORE-0180,decline,-6.6,2026-08-11
SIG-14291,PROD-00034,STORE-0440,spike,53.2,2026-07-22
SIG-14292,PROD-04681,STORE-0081,decline,46.2,2026-06-26
SIG-14293,PROD-01535,STORE-0002,decline,-39.2,2026-02-18
SIG-14294,PROD-04042,STORE-0049,seasonal,44.2,2026-05-06
SIG-14295,PROD-01760,STORE-0371,decline,-39.0,2026-04-13
SIG-14296,PROD-01166,STORE-0351,spike,39.0,2026-04-28
SIG-14297,PROD-04132,STORE-0161,seasonal,78.2,2026-03-25
SIG-14298,PROD-03997,STORE-0306,decline,23.4,2026-07-28
SIG-14299,PROD-00726,STORE-0381,seasonal,0.5,2026-08-24
SIG-14300,PROD-00231,STORE-0035,seasonal,74.5,2026-03-15
SIG-14301,PROD-04978,STORE-0228,spike,-7.1,2026-07-17
SIG-14302,PROD-04481,STORE-0335,spike,-18.2,2026-02-28
SIG-14303,PROD-04049,STORE-0203,spike,77.4,2026-06-21
SIG-14304,PROD-02245,STORE-0343,seasonal,-9.4,2026-06-08
SIG-14305,PROD-03904,STORE-0261,spike,-9.6,2026-01-05
SIG-14306,PROD-00671,STORE-0186,seasonal,63.9,2026-04-22
SIG-14307,PROD-04316,STORE-0483,decline,52.3,2026-05-14
SIG-14308,PROD-03222,STORE-0050,seasonal,-29.7,2026-07-01
SIG-14309,PROD-00345,STORE-0478,seasonal,13.4,2026-01-19
SIG-14310,PROD-04670,STORE-0151,decline,40.5,2026-07-15
SIG-14311,PROD-01641,STORE-0109,decline,24.8,2026-04-10
SIG-14312,PROD-03855,STORE-0345,seasonal,26.9,2026-02-16
SIG-14313,PROD-04317,STORE-0355,spike,34.1,2026-04-26
SIG-14314,PROD-03815,STORE-0361,spike,16.4,2026-02-23
SIG-14315,PROD-03344,STORE-0169,spike,60.6,2026-02-19
SIG-14316,PROD-00914,STORE-0149,spike,39.9,2026-08-02
SIG-14317,PROD-03243,STORE-0388,seasonal,63.9,2026-08-02
SIG-14318,PROD-02075,STORE-0488,seasonal,24.1,2026-04-01
SIG-14319,PROD-02249,STORE-0046,spike,-30.5,2026-01-22
SIG-14320,PROD-00229,STORE-0072,decline,2.1,2026-07-18
SIG-14321,PROD-00502,STORE-0040,decline,74.2,2026-03-21
SIG-14322,PROD-01060,STORE-0016,decline,22.3,2026-07-07
SIG-14323,PROD-04083,STORE-0357,decline,18.7,2026-01-16
SIG-14324,PROD-02294,STORE-0176,seasonal,76.7,2026-02-04
SIG-14325,PROD-03005,STORE-0404,spike,-8.4,2026-03-13
SIG-14326,PROD-03870,STORE-0317,decline,29.2,2026-07-18
SIG-14327,PROD-00417,STORE-0461,spike,37.7,2026-06-08
SIG-14328,PROD-01179,STORE-0023,decline,9.1,2026-02-27
SIG-14329,PROD-03093,STORE-0201,seasonal,61.8,2026-06-13
SIG-14330,PROD-00808,STORE-0457,seasonal,-8.9,2026-08-25
SIG-14331,PROD-04716,STORE-0378,decline,76.5,2026-07-25
SIG-14332,PROD-00017,STORE-0230,seasonal,47.9,2026-03-12
SIG-14333,PROD-02356,STORE-0132,seasonal,25.0,2026-03-05
SIG-14334,PROD-00045,STORE-0078,seasonal,73.6,2026-03-27
SIG-14335,PROD-02260,STORE-0249,decline,-4.4,2026-07-18
SIG-14336,PROD-00356,STORE-0127,seasonal,77.5,2026-06-08
SIG-14337,PROD-04006,STORE-0317,seasonal,7.0,2026-07-28
SIG-14338,PROD-03284,STORE-0026,seasonal,-12.5,2026-02-20
SIG-14339,PROD-03610,STORE-0122,spike,46.6,2026-05-18
SIG-14340,PROD-00645,STORE-0233,spike,26.5,2026-07-17
SIG-14341,PROD-01384,STORE-0127,spike,12.0,2026-08-16
SIG-14342,PROD-04242,STORE-0064,spike,71.1,2026-07-17
SIG-14343,PROD-04122,STORE-0328,decline,51.3,2026-02-24
SIG-14344,PROD-04535,STORE-0138,decline,36.5,2026-08-06
SIG-14345,PROD-03445,STORE-0354,seasonal,49.5,2026-05-05
SIG-14346,PROD-03725,STORE-0459,decline,74.0,2026-03-07
SIG-14347,PROD-04225,STORE-0062,seasonal,27.7,2026-04-20
SIG-14348,PROD-03312,STORE-0341,seasonal,58.6,2026-03-28
SIG-14349,PROD-04163,STORE-0074,seasonal,10.7,2026-08-02
SIG-14350,PROD-01797,STORE-0297,spike,-27.1,2026-02-25
SIG-14351,PROD-04090,STORE-0197,decline,31.9,2026-01-04
SIG-14352,PROD-01111,STORE-0008,seasonal,-12.4,2026-05-02
SIG-14353,PROD-04918,STORE-0288,spike,39.6,2026-03-20
SIG-14354,PROD-01318,STORE-0462,seasonal,51.9,2026-03-03
SIG-14355,PROD-00232,STORE-0024,decline,4.7,2026-03-03
SIG-14356,PROD-02677,STORE-0288,seasonal,-36.3,2026-07-21
SIG-14357,PROD-02234,STORE-0499,decline,-21.1,2026-08-11
SIG-14358,PROD-02396,STORE-0271,seasonal,70.1,2026-08-21
SIG-14359,PROD-04785,STORE-0091,spike,-35.2,2026-08-09
SIG-14360,PROD-01381,STORE-0353,decline,-17.8,2026-08-05
SIG-14361,PROD-01551,STORE-0042,seasonal,18.8,2026-06-27
SIG-14362,PROD-03449,STORE-0178,spike,12.1,2026-06-07
SIG-14363,PROD-01943,STORE-0298,decline,66.1,2026-04-26
SIG-14364,PROD-01532,STORE-0187,seasonal,53.6,2026-08-24
SIG-14365,PROD-04413,STORE-0168,decline,36.6,2026-05-23
SIG-14366,PROD-03540,STORE-0071,spike,-30.1,2026-02-21
SIG-14367,PROD-02098,STORE-0488,spike,53.6,2026-03-16
SIG-14368,PROD-00214,STORE-0497,seasonal,24.5,2026-05-13
SIG-14369,PROD-04494,STORE-0372,seasonal,64.4,2026-07-06
SIG-14370,PROD-04197,STORE-0159,seasonal,-23.9,2026-07-15
SIG-14371,PROD-02174,STORE-0311,seasonal,29.4,2026-05-15
SIG-14372,PROD-00319,STORE-0421,decline,48.3,2026-01-06
SIG-14373,PROD-02550,STORE-0048,decline,-21.5,2026-06-13
SIG-14374,PROD-04699,STORE-0319,spike,39.2,2026-08-23
SIG-14375,PROD-03080,STORE-0189,spike,-1.9,2026-07-13
SIG-14376,PROD-01329,STORE-0150,decline,53.3,2026-08-15
SIG-14377,PROD-00884,STORE-0145,seasonal,34.5,2026-03-21
SIG-14378,PROD-01805,STORE-0407,seasonal,44.2,2026-06-13
SIG-14379,PROD-02613,STORE-0179,spike,-17.7,2026-01-16
SIG-14380,PROD-02265,STORE-0427,seasonal,71.2,2026-01-08
SIG-14381,PROD-03364,STORE-0231,seasonal,0.9,2026-02-17
SIG-14382,PROD-03420,STORE-0361,seasonal,-24.0,2026-07-10
SIG-14383,PROD-01759,STORE-0424,decline,0.7,2026-03-16
SIG-14384,PROD-03794,STORE-0016,decline,-28.8,2026-03-22
SIG-14385,PROD-04301,STORE-0334,decline,-4.1,2026-03-07
SIG-14386,PROD-00684,STORE-0333,decline,76.6,2026-01-06
SIG-14387,PROD-04036,STORE-0282,decline,42.4,2026-02-20
SIG-14388,PROD-04392,STORE-0097,decline,11.0,2026-06-21
SIG-14389,PROD-04079,STORE-0164,decline,11.8,2026-04-11
SIG-14390,PROD-03628,STORE-0248,seasonal,-14.6,2026-08-06
SIG-14391,PROD-03130,STORE-0310,spike,47.2,2026-01-22
SIG-14392,PROD-00905,STORE-0071,decline,51.4,2026-04-20
SIG-14393,PROD-02331,STORE-0142,decline,-3.8,2026-05-03
SIG-14394,PROD-03950,STORE-0351,spike,21.3,2026-02-09
SIG-14395,PROD-02918,STORE-0149,seasonal,62.7,2026-07-04
SIG-14396,PROD-03366,STORE-0463,spike,-24.6,2026-02-27
SIG-14397,PROD-02868,STORE-0367,seasonal,51.1,2026-04-08
SIG-14398,PROD-04559,STORE-0276,seasonal,55.0,2026-07-02
SIG-14399,PROD-00821,STORE-0027,seasonal,48.6,2026-04-21
SIG-14400,PROD-04950,STORE-0447,seasonal,59.1,2026-07-04
SIG-14401,PROD-02318,STORE-0298,spike,-15.4,2026-02-15
SIG-14402,PROD-03708,STORE-0289,decline,21.3,2026-02-27
SIG-14403,PROD-01817,STORE-0204,spike,35.3,2026-01-24
SIG-14404,PROD-02063,STORE-0188,seasonal,67.9,2026-03-03
SIG-14405,PROD-01587,STORE-0343,seasonal,31.5,2026-06-08
SIG-14406,PROD-02717,STORE-0107,decline,-25.8,2026-08-16
SIG-14407,PROD-04749,STORE-0497,spike,68.7,2026-04-09
SIG-14408,PROD-02597,STORE-0465,spike,31.0,2026-08-13
SIG-14409,PROD-04960,STORE-0074,spike,8.9,2026-08-11
SIG-14410,PROD-01053,STORE-0260,decline,70.3,2026-08-22
SIG-14411,PROD-00802,STORE-0035,spike,-14.8,2026-05-09
SIG-14412,PROD-00161,STORE-0274,decline,0.2,2026-05-21
SIG-14413,PROD-01946,STORE-0272,decline,19.1,2026-06-28
SIG-14414,PROD-00815,STORE-0285,spike,51.6,2026-06-07
SIG-14415,PROD-02183,STORE-0368,decline,28.7,2026-08-01
SIG-14416,PROD-01934,STORE-0145,spike,76.2,2026-01-28
SIG-14417,PROD-03438,STORE-0135,spike,62.8,2026-06-17
SIG-14418,PROD-03393,STORE-0163,seasonal,-29.4,2026-02-20
SIG-14419,PROD-02135,STORE-0189,seasonal,25.0,2026-04-16
SIG-14420,PROD-03845,STORE-0181,spike,-36.5,2026-01-12
SIG-14421,PROD-01823,STORE-0269,decline,47.8,2026-05-04
SIG-14422,PROD-02891,STORE-0398,seasonal,21.6,2026-07-11
SIG-14423,PROD-03786,STORE-0485,seasonal,21.1,2026-02-22
SIG-14424,PROD-01641,STORE-0455,seasonal,24.9,2026-01-25
SIG-14425,PROD-04365,STORE-0043,spike,-20.0,2026-05-04
SIG-14426,PROD-03189,STORE-0162,decline,15.1,2026-02-13
SIG-14427,PROD-03080,STORE-0469,spike,56.4,2026-08-21
SIG-14428,PROD-01648,STORE-0447,seasonal,65.9,2026-03-21
SIG-14429,PROD-04546,STORE-0177,seasonal,74.8,2026-05-27
SIG-14430,PROD-04678,STORE-0386,seasonal,16.3,2026-03-18
SIG-14431,PROD-01918,STORE-0336,spike,-19.4,2026-03-25
SIG-14432,PROD-03789,STORE-0011,seasonal,42.8,2026-07-20
SIG-14433,PROD-03190,STORE-0150,spike,64.5,2026-01-04
SIG-14434,PROD-04674,STORE-0297,seasonal,59.8,2026-02-18
SIG-14435,PROD-04331,STORE-0495,seasonal,-1.3,2026-06-06
SIG-14436,PROD-03810,STORE-0347,seasonal,66.6,2026-06-13
SIG-14437,PROD-02446,STORE-0448,spike,8.3,2026-02-21
SIG-14438,PROD-00559,STORE-0250,decline,55.9,2026-06-03
SIG-14439,PROD-03272,STORE-0219,decline,-3.6,2026-06-26
SIG-14440,PROD-02911,STORE-0248,decline,79.0,2026-07-25
SIG-14441,PROD-03493,STORE-0017,seasonal,75.3,2026-02-07
SIG-14442,PROD-02128,STORE-0093,seasonal,-22.5,2026-01-02
SIG-14443,PROD-00827,STORE-0463,decline,49.1,2026-01-09
SIG-14444,PROD-02246,STORE-0274,spike,69.8,2026-04-24
SIG-14445,PROD-01837,STORE-0390,spike,-10.0,2026-04-25
SIG-14446,PROD-01783,STORE-0443,decline,62.4,2026-01-18
SIG-14447,PROD-02440,STORE-0282,decline,-33.3,2026-03-18
SIG-14448,PROD-04532,STORE-0176,decline,11.6,2026-02-08
SIG-14449,PROD-04543,STORE-0003,decline,26.6,2026-06-04
SIG-14450,PROD-04262,STORE-0340,spike,36.8,2026-06-27
SIG-14451,PROD-04728,STORE-0320,decline,-19.0,2026-01-18
SIG-14452,PROD-00657,STORE-0069,decline,61.8,2026-08-10
SIG-14453,PROD-00585,STORE-0188,decline,-28.7,2026-04-03
SIG-14454,PROD-02171,STORE-0195,seasonal,19.8,2026-04-03
SIG-14455,PROD-00750,STORE-0077,decline,-29.4,2026-08-21
SIG-14456,PROD-00726,STORE-0342,seasonal,-33.9,2026-04-11
SIG-14457,PROD-01039,STORE-0440,spike,56.8,2026-08-20
SIG-14458,PROD-03658,STORE-0464,seasonal,-34.6,2026-06-18
SIG-14459,PROD-01483,STORE-0185,decline,-4.7,2026-04-05
SIG-14460,PROD-04358,STORE-0176,seasonal,28.1,2026-08-13
SIG-14461,PROD-02382,STORE-0014,seasonal,-0.8,2026-01-27
SIG-14462,PROD-02078,STORE-0053,decline,-30.1,2026-03-18
SIG-14463,PROD-02417,STORE-0461,decline,5.4,2026-01-25
SIG-14464,PROD-01976,STORE-0284,seasonal,-8.9,2026-08-22
SIG-14465,PROD-01537,STORE-0033,seasonal,57.1,2026-07-20
SIG-14466,PROD-03228,STORE-0387,decline,70.9,2026-06-07
SIG-14467,PROD-02175,STORE-0373,decline,-35.6,2026-04-06
SIG-14468,PROD-01481,STORE-0047,seasonal,-29.2,2026-01-20
SIG-14469,PROD-04138,STORE-0481,decline,-12.9,2026-04-28
SIG-14470,PROD-04038,STORE-0499,seasonal,32.0,2026-01-24
SIG-14471,PROD-02597,STORE-0160,seasonal,33.2,2026-08-14
SIG-14472,PROD-01738,STORE-0305,decline,0.9,2026-07-10
SIG-14473,PROD-01572,STORE-0363,seasonal,55.3,2026-02-06
SIG-14474,PROD-02074,STORE-0339,decline,57.3,2026-03-08
SIG-14475,PROD-03810,STORE-0305,seasonal,-23.0,2026-02-20
SIG-14476,PROD-04389,STORE-0100,seasonal,32.3,2026-06-22
SIG-14477,PROD-03712,STORE-0270,spike,-35.5,2026-06-16
SIG-14478,PROD-00439,STORE-0373,decline,79.1,2026-06-20
SIG-14479,PROD-03176,STORE-0227,spike,34.8,2026-01-27
SIG-14480,PROD-01415,STORE-0056,seasonal,79.7,2026-06-15
SIG-14481,PROD-04216,STORE-0052,decline,-24.6,2026-01-04
SIG-14482,PROD-00474,STORE-0209,decline,-29.0,2026-07-24
SIG-14483,PROD-04475,STORE-0215,decline,-10.0,2026-02-02
SIG-14484,PROD-00180,STORE-0475,decline,32.5,2026-01-01
SIG-14485,PROD-02562,STORE-0063,seasonal,52.8,2026-07-19
SIG-14486,PROD-04357,STORE-0485,spike,38.1,2026-02-16
SIG-14487,PROD-01411,STORE-0320,decline,-8.2,2026-02-23
SIG-14488,PROD-04049,STORE-0064,spike,-6.7,2026-05-07
SIG-14489,PROD-04758,STORE-0202,spike,-9.3,2026-08-24
SIG-14490,PROD-00171,STORE-0419,spike,14.1,2026-05-13
SIG-14491,PROD-02320,STORE-0298,seasonal,61.8,2026-03-14
SIG-14492,PROD-00124,STORE-0459,decline,57.0,2026-08-01
SIG-14493,PROD-00088,STORE-0426,spike,38.9,2026-07-06
SIG-14494,PROD-00725,STORE-0284,seasonal,76.7,2026-08-03
SIG-14495,PROD-02943,STORE-0412,spike,10.8,2026-06-05
SIG-14496,PROD-02790,STORE-0323,seasonal,58.3,2026-01-12
SIG-14497,PROD-00832,STORE-0014,spike,-31.9,2026-05-15
SIG-14498,PROD-02851,STORE-0475,spike,67.7,2026-08-04
SIG-14499,PROD-03381,STORE-0487,decline,76.5,2026-06-16
SIG-14500,PROD-04108,STORE-0187,spike,56.2,2026-05-12
SIG-14501,PROD-04342,STORE-0284,decline,34.9,2026-06-16
SIG-14502,PROD-04531,STORE-0413,decline,-37.7,2026-03-20
SIG-14503,PROD-00016,STORE-0017,decline,16.6,2026-01-05
SIG-14504,PROD-00183,STORE-0136,decline,-24.1,2026-08-22
SIG-14505,PROD-03730,STORE-0403,decline,27.9,2026-05-17
SIG-14506,PROD-00509,STORE-0151,spike,57.2,2026-02-24
SIG-14507,PROD-04833,STORE-0285,spike,-38.3,2026-01-26
SIG-14508,PROD-01370,STORE-0191,seasonal,63.1,2026-06-09
SIG-14509,PROD-00699,STORE-0383,seasonal,66.4,2026-01-01
SIG-14510,PROD-03354,STORE-0073,spike,66.6,2026-03-11
SIG-14511,PROD-03114,STORE-0342,decline,32.5,2026-08-01
SIG-14512,PROD-02310,STORE-0126,seasonal,32.2,2026-05-18
SIG-14513,PROD-04747,STORE-0445,spike,-28.0,2026-07-07
SIG-14514,PROD-01812,STORE-0264,spike,-10.6,2026-04-10
SIG-14515,PROD-02483,STORE-0414,seasonal,55.8,2026-06-27
SIG-14516,PROD-03641,STORE-0482,seasonal,22.8,2026-08-15
SIG-14517,PROD-04418,STORE-0461,spike,18.0,2026-06-02
SIG-14518,PROD-02668,STORE-0494,seasonal,8.4,2026-05-25
SIG-14519,PROD-01636,STORE-0384,seasonal,-24.2,2026-08-25
SIG-14520,PROD-04286,STORE-0143,seasonal,11.7,2026-03-04
SIG-14521,PROD-04745,STORE-0248,decline,58.7,2026-02-21
SIG-14522,PROD-03288,STORE-0352,seasonal,-34.0,2026-08-09
SIG-14523,PROD-02943,STORE-0445,seasonal,-3.0,2026-06-04
SIG-14524,PROD-02505,STORE-0307,spike,24.4,2026-06-15
SIG-14525,PROD-02790,STORE-0316,spike,15.6,2026-01-18
SIG-14526,PROD-00258,STORE-0227,seasonal,6.4,2026-02-25
SIG-14527,PROD-02502,STORE-0315,spike,0.5,2026-08-04
SIG-14528,PROD-01742,STORE-0248,seasonal,-28.2,2026-04-05
SIG-14529,PROD-00287,STORE-0495,decline,-33.7,2026-01-27
SIG-14530,PROD-04505,STORE-0228,decline,24.8,2026-08-18
SIG-14531,PROD-03168,STORE-0005,seasonal,-36.4,2026-02-14
SIG-14532,PROD-00497,STORE-0353,decline,57.1,2026-08-21
SIG-14533,PROD-01081,STORE-0018,decline,21.7,2026-02-12
SIG-14534,PROD-01765,STORE-0484,spike,-25.8,2026-05-08
SIG-14535,PROD-00709,STORE-0143,seasonal,49.7,2026-02-13
SIG-14536,PROD-04114,STORE-0277,decline,25.5,2026-03-25
SIG-14537,PROD-01378,STORE-0441,seasonal,-20.6,2026-06-27
SIG-14538,PROD-01848,STORE-0363,seasonal,-34.3,2026-01-16
SIG-14539,PROD-02673,STORE-0038,decline,-37.5,2026-08-06
SIG-14540,PROD-02131,STORE-0500,seasonal,-32.6,2026-03-01
SIG-14541,PROD-02282,STORE-0373,spike,6.2,2026-06-23
SIG-14542,PROD-00756,STORE-0433,seasonal,73.4,2026-05-03
SIG-14543,PROD-01110,STORE-0384,spike,-23.0,2026-08-11
SIG-14544,PROD-01647,STORE-0216,decline,39.9,2026-06-25
SIG-14545,PROD-04381,STORE-0475,decline,55.8,2026-01-02
SIG-14546,PROD-01136,STORE-0204,spike,-5.6,2026-06-19
SIG-14547,PROD-00755,STORE-0172,decline,-7.4,2026-07-04
SIG-14548,PROD-03725,STORE-0258,decline,-14.6,2026-01-12
SIG-14549,PROD-02302,STORE-0128,spike,31.5,2026-06-07
SIG-14550,PROD-03787,STORE-0437,decline,46.5,2026-07-06
SIG-14551,PROD-02496,STORE-0017,decline,33.0,2026-04-03
SIG-14552,PROD-04962,STORE-0482,decline,57.5,2026-02-09
SIG-14553,PROD-02198,STORE-0457,spike,22.5,2026-04-24
SIG-14554,PROD-02892,STORE-0189,decline,3.7,2026-02-03
SIG-14555,PROD-01099,STORE-0151,seasonal,-10.1,2026-05-12
SIG-14556,PROD-02422,STORE-0137,seasonal,-9.2,2026-04-23
SIG-14557,PROD-04044,STORE-0264,decline,78.5,2026-07-10
SIG-14558,PROD-02055,STORE-0102,spike,42.0,2026-07-03
SIG-14559,PROD-02436,STORE-0356,spike,30.6,2026-04-15
SIG-14560,PROD-02820,STORE-0039,spike,-21.9,2026-02-28
SIG-14561,PROD-01973,STORE-0203,seasonal,35.8,2026-01-01
SIG-14562,PROD-02897,STORE-0486,spike,59.8,2026-04-23
SIG-14563,PROD-02593,STORE-0033,spike,22.1,2026-04-17
SIG-14564,PROD-04292,STORE-0410,seasonal,35.0,2026-06-02
SIG-14565,PROD-04676,STORE-0300,seasonal,43.4,2026-06-15
SIG-14566,PROD-04235,STORE-0127,seasonal,70.9,2026-03-21
SIG-14567,PROD-02683,STORE-0487,decline,-13.8,2026-03-03
SIG-14568,PROD-01920,STORE-0415,seasonal,30.3,2026-04-07
SIG-14569,PROD-01836,STORE-0214,decline,16.8,2026-02-23
SIG-14570,PROD-03293,STORE-0408,decline,4.7,2026-02-19
SIG-14571,PROD-03172,STORE-0255,spike,-33.3,2026-05-09
SIG-14572,PROD-04219,STORE-0480,seasonal,24.2,2026-02-13
SIG-14573,PROD-00273,STORE-0222,spike,-3.1,2026-07-10
SIG-14574,PROD-03956,STORE-0054,seasonal,56.0,2026-02-15
SIG-14575,PROD-01388,STORE-0064,spike,35.7,2026-02-01
SIG-14576,PROD-00031,STORE-0480,seasonal,-33.1,2026-06-08
SIG-14577,PROD-04369,STORE-0281,seasonal,15.9,2026-05-18
SIG-14578,PROD-02879,STORE-0388,spike,-25.2,2026-05-23
SIG-14579,PROD-03330,STORE-0416,spike,66.6,2026-07-08
SIG-14580,PROD-00930,STORE-0299,seasonal,68.3,2026-06-17
SIG-14581,PROD-01416,STORE-0442,spike,16.9,2026-01-19
SIG-14582,PROD-00309,STORE-0432,decline,57.7,2026-02-05
SIG-14583,PROD-04256,STORE-0418,seasonal,65.9,2026-08-09
SIG-14584,PROD-02089,STORE-0020,spike,54.7,2026-06-12
SIG-14585,PROD-01702,STORE-0129,spike,-2.9,2026-01-22
SIG-14586,PROD-00062,STORE-0447,decline,26.8,2026-07-03
SIG-14587,PROD-04270,STORE-0315,spike,-13.8,2026-08-27
SIG-14588,PROD-00153,STORE-0176,seasonal,-39.7,2026-06-23
SIG-14589,PROD-04493,STORE-0313,decline,13.7,2026-07-07
SIG-14590,PROD-01199,STORE-0089,spike,53.5,2026-04-08
SIG-14591,PROD-00855,STORE-0244,decline,15.3,2026-06-27
SIG-14592,PROD-02264,STORE-0217,decline,2.1,2026-06-22
SIG-14593,PROD-03405,STORE-0066,decline,1.0,2026-01-11
SIG-14594,PROD-04125,STORE-0292,spike,-8.6,2026-01-03
SIG-14595,PROD-04145,STORE-0245,spike,66.6,2026-07-24
SIG-14596,PROD-04365,STORE-0473,decline,-27.6,2026-01-12
SIG-14597,PROD-04303,STORE-0230,seasonal,68.3,2026-06-09
SIG-14598,PROD-01206,STORE-0069,spike,51.7,2026-08-17
SIG-14599,PROD-00699,STORE-0304,decline,47.4,2026-08-02
SIG-14600,PROD-03893,STORE-0378,seasonal,65.2,2026-06-01
SIG-14601,PROD-04534,STORE-0184,seasonal,-35.7,2026-02-06
SIG-14602,PROD-03561,STORE-0014,seasonal,-1.5,2026-03-03
SIG-14603,PROD-02747,STORE-0440,spike,-21.6,2026-03-28
SIG-14604,PROD-02599,STORE-0356,decline,17.1,2026-03-03
SIG-14605,PROD-03177,STORE-0069,seasonal,11.7,2026-01-17
SIG-14606,PROD-01540,STORE-0346,spike,20.1,2026-08-19
SIG-14607,PROD-01303,STORE-0346,decline,19.4,2026-07-15
SIG-14608,PROD-00888,STORE-0021,decline,-5.7,2026-06-16
SIG-14609,PROD-01985,STORE-0040,seasonal,26.0,2026-01-07
SIG-14610,PROD-03415,STORE-0431,seasonal,-23.5,2026-08-16
SIG-14611,PROD-04747,STORE-0040,decline,74.1,2026-06-27
SIG-14612,PROD-00625,STORE-0404,spike,-14.7,2026-08-08
SIG-14613,PROD-04517,STORE-0243,decline,-34.7,2026-03-24
SIG-14614,PROD-02374,STORE-0175,seasonal,-6.4,2026-04-18
SIG-14615,PROD-00224,STORE-0323,spike,-36.7,2026-08-19
SIG-14616,PROD-00229,STORE-0108,seasonal,-8.6,2026-03-12
SIG-14617,PROD-00988,STORE-0056,decline,-26.4,2026-04-26
SIG-14618,PROD-02232,STORE-0157,decline,-32.4,2026-02-17
SIG-14619,PROD-02944,STORE-0313,seasonal,45.2,2026-04-27
SIG-14620,PROD-03305,STORE-0056,decline,-9.3,2026-08-26
SIG-14621,PROD-02008,STORE-0177,decline,22.2,2026-01-25
SIG-14622,PROD-03113,STORE-0229,decline,-36.1,2026-05-23
SIG-14623,PROD-01828,STORE-0075,spike,1.9,2026-03-08
SIG-14624,PROD-04221,STORE-0205,seasonal,-33.7,2026-03-09
SIG-14625,PROD-02502,STORE-0475,seasonal,34.7,2026-01-13
SIG-14626,PROD-02599,STORE-0175,decline,-21.5,2026-02-27
SIG-14627,PROD-02932,STORE-0126,decline,76.2,2026-08-05
SIG-14628,PROD-02364,STORE-0439,decline,51.0,2026-05-26
SIG-14629,PROD-04932,STORE-0465,seasonal,-14.9,2026-07-21
SIG-14630,PROD-02533,STORE-0013,decline,51.0,2026-03-12
SIG-14631,PROD-04038,STORE-0074,decline,-18.0,2026-04-16
SIG-14632,PROD-02425,STORE-0239,decline,32.8,2026-01-15
SIG-14633,PROD-03810,STORE-0143,decline,9.4,2026-03-03
SIG-14634,PROD-02746,STORE-0081,seasonal,11.1,2026-07-15
SIG-14635,PROD-00877,STORE-0354,spike,38.7,2026-07-16
SIG-14636,PROD-01673,STORE-0481,spike,5.7,2026-08-10
SIG-14637,PROD-03703,STORE-0098,seasonal,69.0,2026-04-04
SIG-14638,PROD-03772,STORE-0492,spike,-29.8,2026-06-23
SIG-14639,PROD-00018,STORE-0021,spike,-6.6,2026-04-13
SIG-14640,PROD-02604,STORE-0059,decline,11.7,2026-04-05
SIG-14641,PROD-04063,STORE-0274,seasonal,46.6,2026-06-18
SIG-14642,PROD-02867,STORE-0045,spike,68.6,2026-02-09
SIG-14643,PROD-00804,STORE-0022,decline,26.0,2026-07-01
SIG-14644,PROD-04881,STORE-0320,spike,-24.3,2026-03-12
SIG-14645,PROD-02230,STORE-0314,decline,-32.0,2026-05-07
SIG-14646,PROD-01814,STORE-0024,decline,-3.3,2026-04-10
SIG-14647,PROD-01084,STORE-0473,decline,-38.3,2026-08-24
SIG-14648,PROD-04734,STORE-0314,decline,-1.6,2026-04-21
SIG-14649,PROD-03091,STORE-0107,spike,-14.2,2026-04-26
SIG-14650,PROD-00899,STORE-0256,decline,47.9,2026-08-28
SIG-14651,PROD-04913,STORE-0091,seasonal,2.5,2026-08-03
SIG-14652,PROD-03072,STORE-0441,seasonal,-23.4,2026-08-14
SIG-14653,PROD-02101,STORE-0001,spike,32.0,2026-04-18
SIG-14654,PROD-01127,STORE-0411,spike,60.4,2026-08-21
SIG-14655,PROD-02487,STORE-0271,decline,-8.2,2026-07-14
SIG-14656,PROD-04587,STORE-0416,spike,24.0,2026-07-27
SIG-14657,PROD-04678,STORE-0189,spike,19.9,2026-03-13
SIG-14658,PROD-04480,STORE-0383,seasonal,-6.5,2026-08-18
SIG-14659,PROD-01787,STORE-0201,decline,-25.0,2026-06-24
SIG-14660,PROD-00976,STORE-0087,seasonal,-29.1,2026-07-16
SIG-14661,PROD-03146,STORE-0014,decline,66.3,2026-01-20
SIG-14662,PROD-01616,STORE-0500,spike,3.9,2026-02-08
SIG-14663,PROD-01271,STORE-0003,seasonal,-21.6,2026-07-18
SIG-14664,PROD-00995,STORE-0209,seasonal,-24.0,2026-04-18
SIG-14665,PROD-04494,STORE-0469,decline,68.7,2026-01-16
SIG-14666,PROD-00282,STORE-0182,spike,50.8,2026-05-08
SIG-14667,PROD-03111,STORE-0028,decline,38.9,2026-02-24
SIG-14668,PROD-01607,STORE-0119,seasonal,43.4,2026-06-27
SIG-14669,PROD-04692,STORE-0434,decline,-27.1,2026-04-06
SIG-14670,PROD-01908,STORE-0201,spike,-35.6,2026-04-12
SIG-14671,PROD-02887,STORE-0417,seasonal,37.3,2026-02-08
SIG-14672,PROD-00467,STORE-0294,spike,-5.0,2026-06-27
SIG-14673,PROD-04552,STORE-0415,spike,-13.8,2026-02-21
SIG-14674,PROD-01709,STORE-0299,spike,-24.8,2026-03-14
SIG-14675,PROD-04321,STORE-0465,decline,57.3,2026-06-21
SIG-14676,PROD-01812,STORE-0207,seasonal,37.0,2026-05-05
SIG-14677,PROD-03712,STORE-0367,spike,-29.3,2026-02-21
SIG-14678,PROD-04674,STORE-0075,decline,40.0,2026-06-22
SIG-14679,PROD-02052,STORE-0256,decline,-29.8,2026-08-10
SIG-14680,PROD-02865,STORE-0101,seasonal,55.6,2026-06-22
SIG-14681,PROD-02692,STORE-0231,decline,24.4,2026-08-15
SIG-14682,PROD-03910,STORE-0459,decline,18.0,2026-03-14
SIG-14683,PROD-02597,STORE-0002,seasonal,-29.9,2026-08-03
SIG-14684,PROD-03368,STORE-0225,decline,0.8,2026-01-27
SIG-14685,PROD-03257,STORE-0212,decline,29.9,2026-06-28
SIG-14686,PROD-03451,STORE-0297,decline,11.8,2026-02-28
SIG-14687,PROD-03584,STORE-0056,seasonal,-19.8,2026-04-06
SIG-14688,PROD-01588,STORE-0268,spike,17.0,2026-06-16
SIG-14689,PROD-00281,STORE-0284,seasonal,38.7,2026-08-25
SIG-14690,PROD-01650,STORE-0268,spike,-23.7,2026-08-12
SIG-14691,PROD-03345,STORE-0208,seasonal,7.5,2026-08-03
SIG-14692,PROD-01053,STORE-0125,spike,27.8,2026-04-10
SIG-14693,PROD-00008,STORE-0076,decline,50.7,2026-04-17
SIG-14694,PROD-01543,STORE-0397,seasonal,41.7,2026-06-23
SIG-14695,PROD-04373,STORE-0145,seasonal,-35.9,2026-08-21
SIG-14696,PROD-02464,STORE-0453,decline,71.5,2026-08-25
SIG-14697,PROD-03778,STORE-0495,decline,9.4,2026-01-05
SIG-14698,PROD-04630,STORE-0274,spike,-3.1,2026-07-25
SIG-14699,PROD-00118,STORE-0363,seasonal,31.8,2026-08-03
SIG-14700,PROD-00767,STORE-0242,decline,40.0,2026-02-14
SIG-14701,PROD-02392,STORE-0288,seasonal,-31.4,2026-03-09
SIG-14702,PROD-01953,STORE-0429,seasonal,36.5,2026-04-12
SIG-14703,PROD-03273,STORE-0230,spike,20.7,2026-03-22
SIG-14704,PROD-03649,STORE-0264,seasonal,45.1,2026-07-07
SIG-14705,PROD-02079,STORE-0177,spike,-18.2,2026-07-06
SIG-14706,PROD-04831,STORE-0187,decline,77.2,2026-01-16
SIG-14707,PROD-02115,STORE-0171,seasonal,21.8,2026-05-01
SIG-14708,PROD-01623,STORE-0453,seasonal,48.8,2026-07-25
SIG-14709,PROD-04885,STORE-0418,decline,39.2,2026-02-16
SIG-14710,PROD-04667,STORE-0172,seasonal,45.5,2026-02-06
SIG-14711,PROD-04071,STORE-0365,seasonal,59.8,2026-01-14
SIG-14712,PROD-04179,STORE-0134,spike,-11.2,2026-03-27
SIG-14713,PROD-03328,STORE-0340,seasonal,67.2,2026-05-24
SIG-14714,PROD-03651,STORE-0068,decline,6.4,2026-05-06
SIG-14715,PROD-02374,STORE-0024,seasonal,42.3,2026-04-26
SIG-14716,PROD-04567,STORE-0275,decline,34.7,2026-08-25
SIG-14717,PROD-04830,STORE-0425,seasonal,43.2,2026-04-16
SIG-14718,PROD-04614,STORE-0428,seasonal,4.9,2026-05-18
SIG-14719,PROD-00987,STORE-0223,decline,-1.4,2026-03-18
SIG-14720,PROD-04913,STORE-0193,decline,1.9,2026-01-15
SIG-14721,PROD-01558,STORE-0231,spike,72.0,2026-05-11
SIG-14722,PROD-00644,STORE-0026,seasonal,-20.3,2026-05-17
SIG-14723,PROD-01297,STORE-0145,spike,40.5,2026-05-14
SIG-14724,PROD-04558,STORE-0477,spike,60.9,2026-05-08
SIG-14725,PROD-02032,STORE-0056,seasonal,-6.1,2026-04-26
SIG-14726,PROD-03795,STORE-0486,seasonal,44.2,2026-01-08
SIG-14727,PROD-02337,STORE-0071,decline,-28.9,2026-01-08
SIG-14728,PROD-00019,STORE-0129,decline,24.9,2026-06-05
SIG-14729,PROD-00670,STORE-0347,seasonal,-22.3,2026-07-04
SIG-14730,PROD-04395,STORE-0087,decline,46.0,2026-04-08
SIG-14731,PROD-00464,STORE-0217,seasonal,-24.5,2026-01-23
SIG-14732,PROD-04689,STORE-0094,decline,62.8,2026-03-28
SIG-14733,PROD-04185,STORE-0276,seasonal,24.7,2026-07-15
SIG-14734,PROD-00484,STORE-0255,spike,53.2,2026-01-02
SIG-14735,PROD-03431,STORE-0081,seasonal,8.0,2026-04-23
SIG-14736,PROD-01443,STORE-0108,seasonal,-36.9,2026-07-13
SIG-14737,PROD-04197,STORE-0224,spike,48.9,2026-08-23
SIG-14738,PROD-04892,STORE-0093,decline,58.8,2026-02-25
SIG-14739,PROD-00540,STORE-0231,seasonal,-18.1,2026-03-03
SIG-14740,PROD-00077,STORE-0234,seasonal,-13.4,2026-01-19
SIG-14741,PROD-04507,STORE-0030,spike,-13.3,2026-06-04
SIG-14742,PROD-02471,STORE-0061,seasonal,-29.9,2026-06-10
SIG-14743,PROD-02806,STORE-0039,spike,75.7,2026-06-11
SIG-14744,PROD-01439,STORE-0455,spike,-22.1,2026-02-24
SIG-14745,PROD-01925,STORE-0466,seasonal,73.6,2026-04-08
SIG-14746,PROD-00986,STORE-0460,decline,60.3,2026-02-26
SIG-14747,PROD-03270,STORE-0038,decline,7.6,2026-08-26
SIG-14748,PROD-01475,STORE-0051,seasonal,5.2,2026-06-07
SIG-14749,PROD-03538,STORE-0066,decline,60.3,2026-06-10
SIG-14750,PROD-03365,STORE-0472,decline,14.5,2026-05-08
SIG-14751,PROD-03233,STORE-0095,seasonal,52.9,2026-08-08
SIG-14752,PROD-03777,STORE-0033,spike,-18.7,2026-04-15
SIG-14753,PROD-02404,STORE-0374,decline,-5.5,2026-06-28
SIG-14754,PROD-02346,STORE-0090,decline,-35.8,2026-08-06
SIG-14755,PROD-02778,STORE-0476,spike,-30.1,2026-04-05
SIG-14756,PROD-01667,STORE-0241,spike,5.7,2026-06-18
SIG-14757,PROD-03051,STORE-0218,decline,60.5,2026-06-26
SIG-14758,PROD-03931,STORE-0436,spike,4.1,2026-06-19
SIG-14759,PROD-02509,STORE-0149,spike,69.6,2026-07-28
SIG-14760,PROD-00019,STORE-0234,spike,8.1,2026-03-21
SIG-14761,PROD-01643,STORE-0441,spike,-7.2,2026-03-21
SIG-14762,PROD-00393,STORE-0136,spike,48.5,2026-01-28
SIG-14763,PROD-03657,STORE-0328,seasonal,75.2,2026-03-07
SIG-14764,PROD-03524,STORE-0242,decline,-25.9,2026-05-01
SIG-14765,PROD-01193,STORE-0306,spike,39.7,2026-07-19
SIG-14766,PROD-04120,STORE-0149,seasonal,-39.4,2026-03-19
SIG-14767,PROD-01513,STORE-0331,decline,49.6,2026-08-24
SIG-14768,PROD-03624,STORE-0090,seasonal,73.0,2026-07-11
SIG-14769,PROD-03316,STORE-0490,seasonal,-12.1,2026-04-23
SIG-14770,PROD-04714,STORE-0019,decline,69.4,2026-03-09
SIG-14771,PROD-04603,STORE-0443,decline,19.4,2026-07-09
SIG-14772,PROD-03044,STORE-0227,spike,-39.5,2026-02-20
SIG-14773,PROD-03197,STORE-0371,spike,34.2,2026-04-15
SIG-14774,PROD-04854,STORE-0182,decline,67.1,2026-03-20
SIG-14775,PROD-02156,STORE-0268,seasonal,22.6,2026-04-09
SIG-14776,PROD-00252,STORE-0195,seasonal,63.7,2026-01-26
SIG-14777,PROD-00654,STORE-0455,decline,53.4,2026-02-09
SIG-14778,PROD-00856,STORE-0292,decline,63.6,2026-01-03
SIG-14779,PROD-01926,STORE-0306,seasonal,41.3,2026-04-22
SIG-14780,PROD-03653,STORE-0108,seasonal,41.6,2026-05-11
SIG-14781,PROD-04014,STORE-0360,decline,-22.8,2026-06-02
SIG-14782,PROD-00069,STORE-0489,decline,-13.8,2026-08-06
SIG-14783,PROD-02920,STORE-0315,decline,38.2,2026-08-19
SIG-14784,PROD-03889,STORE-0167,seasonal,70.9,2026-05-19
SIG-14785,PROD-01058,STORE-0302,spike,-12.3,2026-01-24
SIG-14786,PROD-03915,STORE-0316,spike,75.2,2026-01-05
SIG-14787,PROD-02992,STORE-0391,seasonal,31.4,2026-08-19
SIG-14788,PROD-04237,STORE-0418,seasonal,-18.4,2026-01-26
SIG-14789,PROD-00793,STORE-0116,seasonal,61.3,2026-04-18
SIG-14790,PROD-04233,STORE-0271,seasonal,24.9,2026-06-18
SIG-14791,PROD-00281,STORE-0383,decline,45.4,2026-01-01
SIG-14792,PROD-01670,STORE-0492,spike,-31.2,2026-05-04
SIG-14793,PROD-03303,STORE-0096,seasonal,32.2,2026-07-06
SIG-14794,PROD-03298,STORE-0174,seasonal,65.1,2026-08-14
SIG-14795,PROD-03036,STORE-0365,spike,-34.7,2026-03-03
SIG-14796,PROD-00262,STORE-0248,decline,1.5,2026-05-05
SIG-14797,PROD-04788,STORE-0383,spike,-27.6,2026-02-18
SIG-14798,PROD-04170,STORE-0203,spike,37.3,2026-06-01
SIG-14799,PROD-00067,STORE-0300,seasonal,-39.9,2026-04-26
SIG-14800,PROD-01528,STORE-0126,seasonal,22.4,2026-08-05
SIG-14801,PROD-02745,STORE-0125,spike,63.7,2026-07-20
SIG-14802,PROD-04967,STORE-0058,decline,-37.9,2026-03-09
SIG-14803,PROD-03497,STORE-0023,decline,36.8,2026-07-12
SIG-14804,PROD-00456,STORE-0198,spike,-32.1,2026-08-26
SIG-14805,PROD-01714,STORE-0456,spike,-18.6,2026-04-07
SIG-14806,PROD-01813,STORE-0496,seasonal,-5.4,2026-07-04
SIG-14807,PROD-03283,STORE-0041,spike,76.1,2026-08-24
SIG-14808,PROD-01556,STORE-0435,spike,72.3,2026-06-21
SIG-14809,PROD-00753,STORE-0116,seasonal,46.2,2026-02-06
SIG-14810,PROD-01002,STORE-0235,decline,79.6,2026-08-27
SIG-14811,PROD-02557,STORE-0458,spike,48.2,2026-07-05
SIG-14812,PROD-03842,STORE-0496,decline,-30.8,2026-03-17
SIG-14813,PROD-03521,STORE-0421,seasonal,52.6,2026-03-13
SIG-14814,PROD-03379,STORE-0213,decline,-35.6,2026-08-24
SIG-14815,PROD-03894,STORE-0126,seasonal,-18.4,2026-08-18
SIG-14816,PROD-02263,STORE-0438,seasonal,31.4,2026-06-15
SIG-14817,PROD-03908,STORE-0154,decline,-40.0,2026-04-22
SIG-14818,PROD-04537,STORE-0318,spike,-26.3,2026-06-28
SIG-14819,PROD-04257,STORE-0359,spike,13.5,2026-08-02
SIG-14820,PROD-03564,STORE-0252,spike,-8.3,2026-01-07
SIG-14821,PROD-00626,STORE-0005,seasonal,-27.3,2026-05-03
SIG-14822,PROD-00776,STORE-0395,decline,-13.8,2026-06-26
SIG-14823,PROD-01146,STORE-0221,decline,-18.3,2026-07-25
SIG-14824,PROD-01797,STORE-0456,spike,38.5,2026-01-06
SIG-14825,PROD-01084,STORE-0399,spike,-23.1,2026-04-13
SIG-14826,PROD-00625,STORE-0152,seasonal,13.6,2026-05-02
SIG-14827,PROD-03332,STORE-0133,spike,11.7,2026-01-15
SIG-14828,PROD-00899,STORE-0275,decline,50.7,2026-05-05
SIG-14829,PROD-01993,STORE-0013,decline,-12.4,2026-02-17
SIG-14830,PROD-04773,STORE-0262,seasonal,5.0,2026-08-13
SIG-14831,PROD-00797,STORE-0048,spike,74.1,2026-08-27
SIG-14832,PROD-00662,STORE-0263,decline,-9.3,2026-03-23
SIG-14833,PROD-01901,STORE-0199,seasonal,-0.1,2026-05-28
SIG-14834,PROD-02482,STORE-0053,decline,68.8,2026-04-11
SIG-14835,PROD-00448,STORE-0109,spike,-10.0,2026-04-28
SIG-14836,PROD-02798,STORE-0309,decline,-0.5,2026-02-17
SIG-14837,PROD-02682,STORE-0377,seasonal,-34.1,2026-03-02
SIG-14838,PROD-04252,STORE-0475,decline,-28.4,2026-07-14
SIG-14839,PROD-02290,STORE-0087,decline,-6.5,2026-02-15
SIG-14840,PROD-00001,STORE-0005,decline,-27.6,2026-03-21
SIG-14841,PROD-02806,STORE-0383,seasonal,24.8,2026-05-07
SIG-14842,PROD-00532,STORE-0281,seasonal,-27.3,2026-02-03
SIG-14843,PROD-00666,STORE-0309,seasonal,24.9,2026-08-27
SIG-14844,PROD-04454,STORE-0387,decline,30.0,2026-08-24
SIG-14845,PROD-00608,STORE-0422,seasonal,-22.8,2026-02-04
SIG-14846,PROD-02733,STORE-0202,seasonal,53.1,2026-04-21
SIG-14847,PROD-02872,STORE-0385,seasonal,43.9,2026-07-03
SIG-14848,PROD-03183,STORE-0249,seasonal,-7.7,2026-01-24
SIG-14849,PROD-00071,STORE-0472,seasonal,-33.3,2026-03-02
SIG-14850,PROD-01663,STORE-0494,spike,-1.7,2026-07-11
SIG-14851,PROD-04205,STORE-0097,seasonal,16.7,2026-04-08
SIG-14852,PROD-02337,STORE-0401,decline,-14.3,2026-05-03
SIG-14853,PROD-02250,STORE-0440,spike,70.7,2026-02-17
SIG-14854,PROD-02597,STORE-0337,spike,33.1,2026-06-26
SIG-14855,PROD-01753,STORE-0355,spike,59.0,2026-01-15
SIG-14856,PROD-01583,STORE-0398,seasonal,28.9,2026-07-22
SIG-14857,PROD-03153,STORE-0424,spike,10.8,2026-01-20
SIG-14858,PROD-00174,STORE-0468,decline,18.1,2026-04-05
SIG-14859,PROD-01513,STORE-0199,spike,37.2,2026-04-25
SIG-14860,PROD-04704,STORE-0012,seasonal,46.5,2026-04-16
SIG-14861,PROD-01012,STORE-0036,decline,53.6,2026-06-10
SIG-14862,PROD-04251,STORE-0487,seasonal,-34.1,2026-03-16
SIG-14863,PROD-01137,STORE-0498,decline,2.7,2026-04-22
SIG-14864,PROD-00032,STORE-0291,spike,46.8,2026-05-21
SIG-14865,PROD-02969,STORE-0417,seasonal,-15.3,2026-07-17
SIG-14866,PROD-03880,STORE-0207,decline,76.4,2026-06-03
SIG-14867,PROD-04767,STORE-0200,seasonal,43.2,2026-01-12
SIG-14868,PROD-00081,STORE-0010,seasonal,33.3,2026-01-09
SIG-14869,PROD-02737,STORE-0288,seasonal,55.8,2026-02-12
SIG-14870,PROD-04041,STORE-0405,spike,35.6,2026-07-22
SIG-14871,PROD-00393,STORE-0224,spike,71.5,2026-07-02
SIG-14872,PROD-02800,STORE-0078,spike,4.1,2026-04-01
SIG-14873,PROD-02739,STORE-0360,spike,-34.2,2026-08-06
SIG-14874,PROD-04438,STORE-0022,seasonal,44.8,2026-01-20
SIG-14875,PROD-03091,STORE-0266,seasonal,35.2,2026-02-08
SIG-14876,PROD-01647,STORE-0059,seasonal,-26.8,2026-05-27
SIG-14877,PROD-00979,STORE-0217,spike,39.8,2026-07-10
SIG-14878,PROD-02125,STORE-0457,decline,39.8,2026-07-14
SIG-14879,PROD-02868,STORE-0323,decline,42.4,2026-03-07
SIG-14880,PROD-00997,STORE-0234,spike,72.6,2026-01-15
SIG-14881,PROD-04652,STORE-0139,spike,32.2,2026-02-15
SIG-14882,PROD-00378,STORE-0033,seasonal,-23.4,2026-06-22
SIG-14883,PROD-04638,STORE-0111,decline,-13.3,2026-01-24
SIG-14884,PROD-00155,STORE-0104,decline,12.5,2026-08-13
SIG-14885,PROD-02541,STORE-0241,decline,-31.2,2026-02-03
SIG-14886,PROD-01850,STORE-0143,seasonal,-27.0,2026-01-03
SIG-14887,PROD-02887,STORE-0336,seasonal,73.5,2026-07-01
SIG-14888,PROD-00602,STORE-0050,decline,73.9,2026-05-28
SIG-14889,PROD-01541,STORE-0385,spike,-27.0,2026-07-24
SIG-14890,PROD-04713,STORE-0024,spike,78.1,2026-05-03
SIG-14891,PROD-02580,STORE-0384,seasonal,-31.9,2026-02-23
SIG-14892,PROD-02451,STORE-0171,seasonal,38.3,2026-06-13
SIG-14893,PROD-01726,STORE-0042,decline,-8.2,2026-08-03
SIG-14894,PROD-01854,STORE-0132,seasonal,-0.6,2026-04-08
SIG-14895,PROD-04099,STORE-0318,decline,-27.9,2026-03-03
SIG-14896,PROD-02499,STORE-0070,spike,-36.9,2026-06-15
SIG-14897,PROD-00111,STORE-0190,decline,16.8,2026-02-23
SIG-14898,PROD-03480,STORE-0237,spike,-26.1,2026-02-23
SIG-14899,PROD-04075,STORE-0090,spike,77.9,2026-04-23
SIG-14900,PROD-02953,STORE-0305,spike,-18.6,2026-04-22
SIG-14901,PROD-01865,STORE-0445,seasonal,-13.0,2026-08-03
SIG-14902,PROD-03537,STORE-0247,decline,39.4,2026-01-02
SIG-14903,PROD-00748,STORE-0193,decline,-7.1,2026-08-16
SIG-14904,PROD-02929,STORE-0056,spike,69.9,2026-07-05
SIG-14905,PROD-02911,STORE-0320,decline,15.1,2026-08-20
SIG-14906,PROD-01986,STORE-0115,seasonal,-5.5,2026-07-26
SIG-14907,PROD-01043,STORE-0374,spike,-33.3,2026-06-14
SIG-14908,PROD-01700,STORE-0206,seasonal,75.2,2026-07-23
SIG-14909,PROD-03789,STORE-0366,decline,-14.6,2026-02-15
SIG-14910,PROD-04854,STORE-0151,spike,-5.5,2026-07-12
SIG-14911,PROD-03799,STORE-0491,spike,78.3,2026-05-04
SIG-14912,PROD-04365,STORE-0006,seasonal,-27.2,2026-08-05
SIG-14913,PROD-03487,STORE-0004,spike,29.7,2026-04-23
SIG-14914,PROD-04795,STORE-0390,decline,68.0,2026-01-23
SIG-14915,PROD-04207,STORE-0319,seasonal,-18.5,2026-04-23
SIG-14916,PROD-01737,STORE-0466,decline,-4.5,2026-03-06
SIG-14917,PROD-04529,STORE-0222,spike,7.9,2026-04-28
SIG-14918,PROD-03331,STORE-0360,seasonal,-37.9,2026-04-28
SIG-14919,PROD-01964,STORE-0260,spike,-3.7,2026-04-12
SIG-14920,PROD-03032,STORE-0475,decline,64.1,2026-02-24
SIG-14921,PROD-00227,STORE-0371,decline,46.3,2026-03-02
SIG-14922,PROD-04444,STORE-0493,seasonal,37.7,2026-05-04
SIG-14923,PROD-04575,STORE-0464,seasonal,49.6,2026-07-01
SIG-14924,PROD-04748,STORE-0061,seasonal,54.2,2026-03-19
SIG-14925,PROD-01404,STORE-0401,seasonal,52.1,2026-08-03
SIG-14926,PROD-00827,STORE-0242,spike,12.2,2026-08-07
SIG-14927,PROD-00015,STORE-0290,decline,27.3,2026-02-02
SIG-14928,PROD-04472,STORE-0394,seasonal,45.4,2026-07-15
SIG-14929,PROD-01230,STORE-0181,seasonal,66.0,2026-08-08
SIG-14930,PROD-03994,STORE-0442,spike,-21.8,2026-01-24
SIG-14931,PROD-02123,STORE-0419,decline,71.2,2026-02-25
SIG-14932,PROD-03164,STORE-0105,spike,-17.1,2026-03-12
SIG-14933,PROD-03558,STORE-0163,seasonal,-14.9,2026-06-15
SIG-14934,PROD-02878,STORE-0251,decline,-1.7,2026-05-11
SIG-14935,PROD-02242,STORE-0121,decline,-23.2,2026-04-21
SIG-14936,PROD-01736,STORE-0238,spike,63.3,2026-08-24
SIG-14937,PROD-01126,STORE-0345,decline,29.5,2026-08-11
SIG-14938,PROD-04880,STORE-0486,seasonal,-31.5,2026-02-21
SIG-14939,PROD-03299,STORE-0120,spike,72.9,2026-07-25
SIG-14940,PROD-04255,STORE-0308,spike,17.5,2026-06-27
SIG-14941,PROD-02669,STORE-0192,seasonal,-22.2,2026-08-18
SIG-14942,PROD-04088,STORE-0372,spike,-27.4,2026-08-10
SIG-14943,PROD-03070,STORE-0071,seasonal,-20.4,2026-02-25
SIG-14944,PROD-04662,STORE-0037,seasonal,59.6,2026-02-17
SIG-14945,PROD-03879,STORE-0271,seasonal,24.4,2026-08-16
SIG-14946,PROD-03781,STORE-0092,decline,-37.2,2026-01-14
SIG-14947,PROD-03586,STORE-0175,decline,28.2,2026-06-14
SIG-14948,PROD-02367,STORE-0190,decline,18.9,2026-04-23
SIG-14949,PROD-01338,STORE-0420,spike,22.3,2026-06-14
SIG-14950,PROD-02991,STORE-0310,spike,-13.8,2026-02-18
SIG-14951,PROD-04133,STORE-0067,decline,18.5,2026-03-18
SIG-14952,PROD-01977,STORE-0023,decline,8.9,2026-04-21
SIG-14953,PROD-01649,STORE-0078,decline,56.3,2026-03-05
SIG-14954,PROD-00235,STORE-0287,spike,-28.1,2026-01-27
SIG-14955,PROD-03164,STORE-0384,seasonal,-23.0,2026-06-16
SIG-14956,PROD-02466,STORE-0395,decline,71.6,2026-03-03
SIG-14957,PROD-01631,STORE-0400,spike,69.1,2026-08-08
SIG-14958,PROD-04786,STORE-0298,seasonal,1.3,2026-06-06
SIG-14959,PROD-04389,STORE-0446,seasonal,-3.9,2026-03-09
SIG-14960,PROD-02073,STORE-0261,seasonal,14.2,2026-02-10
SIG-14961,PROD-04142,STORE-0142,seasonal,56.9,2026-05-06
SIG-14962,PROD-03942,STORE-0039,decline,-36.0,2026-03-20
SIG-14963,PROD-00810,STORE-0001,decline,22.2,2026-05-05
SIG-14964,PROD-01274,STORE-0021,seasonal,-2.0,2026-01-28
SIG-14965,PROD-01144,STORE-0090,spike,17.0,2026-06-13
SIG-14966,PROD-01667,STORE-0147,seasonal,57.4,2026-02-11
SIG-14967,PROD-00229,STORE-0010,spike,-35.9,2026-07-05
SIG-14968,PROD-04045,STORE-0111,spike,36.6,2026-01-28
SIG-14969,PROD-02428,STORE-0075,decline,-12.8,2026-06-10
SIG-14970,PROD-02248,STORE-0045,decline,31.9,2026-06-24
SIG-14971,PROD-01376,STORE-0209,decline,-3.0,2026-05-21
SIG-14972,PROD-03233,STORE-0404,decline,-26.8,2026-08-03
SIG-14973,PROD-03980,STORE-0473,seasonal,66.7,2026-01-28
SIG-14974,PROD-00371,STORE-0010,decline,-26.8,2026-07-21
SIG-14975,PROD-02366,STORE-0187,seasonal,2.4,2026-07-27
SIG-14976,PROD-00783,STORE-0223,seasonal,58.5,2026-04-17
SIG-14977,PROD-00073,STORE-0332,spike,1.4,2026-08-21
SIG-14978,PROD-03674,STORE-0313,seasonal,36.1,2026-02-20
SIG-14979,PROD-02893,STORE-0267,spike,68.5,2026-02-07
SIG-14980,PROD-02204,STORE-0134,spike,46.7,2026-01-28
SIG-14981,PROD-00371,STORE-0102,decline,-31.9,2026-07-15
SIG-14982,PROD-02498,STORE-0397,spike,-16.3,2026-02-19
SIG-14983,PROD-03987,STORE-0258,decline,-8.7,2026-03-14
SIG-14984,PROD-04501,STORE-0279,spike,-13.8,2026-08-10
SIG-14985,PROD-03437,STORE-0298,spike,-39.1,2026-08-27
SIG-14986,PROD-04738,STORE-0079,decline,9.3,2026-02-09
SIG-14987,PROD-00475,STORE-0253,decline,26.6,2026-03-23
SIG-14988,PROD-00003,STORE-0175,decline,-13.8,2026-04-04
SIG-14989,PROD-04505,STORE-0349,seasonal,8.4,2026-06-28
SIG-14990,PROD-00856,STORE-0187,spike,-36.7,2026-07-22
SIG-14991,PROD-04863,STORE-0454,spike,-13.4,2026-02-17
SIG-14992,PROD-01862,STORE-0043,seasonal,28.0,2026-02-23
SIG-14993,PROD-04330,STORE-0338,seasonal,17.3,2026-02-12
SIG-14994,PROD-04235,STORE-0433,seasonal,-4.5,2026-03-14
SIG-14995,PROD-01907,STORE-0226,seasonal,-1.2,2026-03-27
SIG-14996,PROD-00149,STORE-0377,spike,-32.0,2026-05-26
SIG-14997,PROD-01627,STORE-0275,decline,5.2,2026-08-04
SIG-14998,PROD-02217,STORE-0264,seasonal,13.7,2026-03-23
SIG-14999,PROD-00365,STORE-0110,spike,61.1,2026-07-13
SIG-15000,PROD-02666,STORE-0492,spike,-34.0,2026-03-11
