product_id,name,category
PROD-00001,Wireless Headphones 1,Apparel
PROD-00002,Backpack 2,Home Goods
PROD-00003,Coffee Maker 3,Home Goods
PROD-00004,Rain Jacket 4,Apparel
PROD-00005,Backpack 5,Apparel
PROD-00006,Wireless Headphones 6,Apparel
PROD-00007,Backpack 7,Apparel
PROD-00008,Water Bottle 8,Outdoor
PROD-00009,Yoga Mat 9,Electronics
PROD-00010,Cookware Set 10,Outdoor
PROD-00011,Wireless Headphones 11,Kitchen
PROD-00012,Bluetooth Speaker 12,Outdoor
PROD-00013,Coffee Maker 13,Apparel
PROD-00014,Coffee Maker 14,Kitchen
PROD-00015,Backpack 15,Electronics
PROD-00016,Yoga Mat 16,Electronics
PROD-00017,Wireless Headphones 17,Kitchen
PROD-00018,Yoga Mat 18,Electronics
PROD-00019,Water Bottle 19,Apparel
PROD-00020,Yoga Mat 20,Apparel
PROD-00021,Desk Lamp 21,Electronics
PROD-00022,Wireless Headphones 22,Kitchen
PROD-00023,Bluetooth Speaker 23,Apparel
PROD-00024,Desk Lamp 24,Kitchen
PROD-00025,Backpack 25,Kitchen
PROD-00026,Wireless Headphones 26,Apparel
PROD-00027,Water Bottle 27,Electronics
PROD-00028,Bluetooth Speaker 28,Electronics
PROD-00029,Wireless Headphones 29,Apparel
PROD-00030,Water Bottle 30,Kitchen
PROD-00031,Running Shoes 31,Kitchen
PROD-00032,Running Shoes 32,Electronics
PROD-00033,Rain Jacket 33,Apparel
PROD-00034,Yoga Mat 34,Apparel
PROD-00035,Bluetooth Speaker 35,Electronics
PROD-00036,Wireless Headphones 36,Apparel
PROD-00037,Running Shoes 37,Electronics
PROD-00038,Water Bottle 38,Outdoor
PROD-00039,Wireless Headphones 39,Outdoor
PROD-00040,Coffee Maker 40,Electronics
PROD-00041,Desk Lamp 41,Electronics
PROD-00042,Running Shoes 42,Kitchen
PROD-00043,Cookware Set 43,Electronics
PROD-00044,Water Bottle 44,Apparel
PROD-00045,Cookware Set 45,Kitchen
PROD-00046,Yoga Mat 46,Kitchen
PROD-00047,Yoga Mat 47,Kitchen
PROD-00048,Backpack 48,Kitchen
PROD-00049,Desk Lamp 49,Apparel
PROD-00050,Coffee Maker 50,Kitchen
PROD-00051,Yoga Mat 51,Electronics
PROD-00052,Coffee Maker 52,Home Goods
PROD-00053,Running Shoes 53,Kitchen
PROD-00054,Coffee Maker 54,Home Goods
PROD-00055,Water Bottle 55,Electronics
PROD-00056,Wireless Headphones 56,Outdoor
PROD-00057,Running Shoes 57,Outdoor
PROD-00058,Bluetooth Speaker 58,Electronics
PROD-00059,Coffee Maker 59,Home Goods
PROD-00060,Coffee Maker 60,Home Goods
PROD-00061,Coffee Maker 61,Apparel
PROD-00062,Yoga Mat 62,Kitchen
PROD-00063,Desk Lamp 63,Kitchen
PROD-00064,Running Shoes 64,Electronics
PROD-00065,Coffee Maker 65,Home Goods
PROD-00066,Water Bottle 66,Electronics
PROD-00067,Rain Jacket 67,Kitchen
PROD-00068,Wireless Headphones 68,Electronics
PROD-00069,Rain Jacket 69,Apparel
PROD-00070,Desk Lamp 70,Outdoor
PROD-00071,Rain Jacket 71,Electronics
PROD-00072,Bluetooth Speaker 72,Apparel
PROD-00073,Running Shoes 73,Apparel
PROD-00074,Wireless Headphones 74,Electronics
PROD-00075,Wireless Headphones 75,Apparel
PROD-00076,Yoga Mat 76,Apparel
PROD-00077,Backpack 77,Electronics
PROD-00078,Backpack 78,Electronics
PROD-00079,Backpack 79,Electronics
PROD-00080,Water Bottle 80,Outdoor
PROD-00081,Cookware Set 81,Apparel
PROD-00082,Running Shoes 82,Kitchen
PROD-00083,Bluetooth Speaker 83,Apparel
PROD-00084,Backpack 84,Home Goods
PROD-00085,Rain Jacket 85,Home Goods
PROD-00086,Yoga Mat 86,Outdoor
PROD-00087,Water Bottle 87,Outdoor
PROD-00088,Cookware Set 88,Electronics
PROD-00089,Rain Jacket 89,Electronics
PROD-00090,Desk Lamp 90,Electronics
PROD-00091,Backpack 91,Electronics
PROD-00092,Coffee Maker 92,Home Goods
PROD-00093,Running Shoes 93,Outdoor
PROD-00094,Running Shoes 94,Kitchen
PROD-00095,Backpack 95,Electronics
PROD-00096,Cookware Set 96,Home Goods
PROD-00097,Cookware Set 97,Home Goods
PROD-00098,Wireless Headphones 98,Electronics
PROD-00099,Rain Jacket 99,Outdoor
PROD-00100,Yoga Mat 100,Home Goods
PROD-00101,Wireless Headphones 101,Kitchen
PROD-00102,Cookware Set 102,Kitchen
PROD-00103,Coffee Maker 103,Kitchen
PROD-00104,Coffee Maker 104,Outdoor
PROD-00105,Desk Lamp 105,Electronics
PROD-00106,Desk Lamp 106,Outdoor
PROD-00107,Wireless Headphones 107,Home Goods
PROD-00108,Coffee Maker 108,Kitchen
PROD-00109,Bluetooth Speaker 109,Electronics
PROD-00110,Running Shoes 110,Kitchen
PROD-00111,Coffee Maker 111,Electronics
PROD-00112,Running Shoes 112,Electronics
PROD-00113,Wireless Headphones 113,Kitchen
PROD-00114,Yoga Mat 114,Outdoor
PROD-00115,Bluetooth Speaker 115,Electronics
PROD-00116,Coffee Maker 116,Outdoor
PROD-00117,Cookware Set 117,Electronics
PROD-00118,Water Bottle 118,Kitchen
PROD-00119,Rain Jacket 119,Home Goods
PROD-00120,Backpack 120,Electronics
PROD-00121,Bluetooth Speaker 121,Electronics
PROD-00122,Cookware Set 122,Kitchen
PROD-00123,Water Bottle 123,Apparel
PROD-00124,Wireless Headphones 124,Kitchen
PROD-00125,Running Shoes 125,Kitchen
PROD-00126,Bluetooth Speaker 126,Apparel
PROD-00127,Cookware Set 127,Apparel
PROD-00128,Cookware Set 128,Kitchen
PROD-00129,Coffee Maker 129,Apparel
PROD-00130,Wireless Headphones 130,Electronics
PROD-00131,Yoga Mat 131,Electronics
PROD-00132,Water Bottle 132,Electronics
PROD-00133,Water Bottle 133,Kitchen
PROD-00134,Backpack 134,Outdoor
PROD-00135,Desk Lamp 135,Outdoor
PROD-00136,Yoga Mat 136,Home Goods
PROD-00137,Water Bottle 137,Apparel
PROD-00138,Rain Jacket 138,Apparel
PROD-00139,Desk Lamp 139,Apparel
PROD-00140,Bluetooth Speaker 140,Apparel
PROD-00141,Bluetooth Speaker 141,Electronics
PROD-00142,Coffee Maker 142,Home Goods
PROD-00143,Desk Lamp 143,Electronics
PROD-00144,Bluetooth Speaker 144,Electronics
PROD-00145,Yoga Mat 145,Apparel
PROD-00146,Yoga Mat 146,Outdoor
PROD-00147,Rain Jacket 147,Electronics
PROD-00148,Yoga Mat 148,Kitchen
PROD-00149,Backpack 149,Outdoor
PROD-00150,Desk Lamp 150,Home Goods
PROD-00151,Yoga Mat 151,Outdoor
PROD-00152,Wireless Headphones 152,Home Goods
PROD-00153,Yoga Mat 153,Home Goods
PROD-00154,Yoga Mat 154,Apparel
PROD-00155,Coffee Maker 155,Home Goods
PROD-00156,Backpack 156,Apparel
PROD-00157,Yoga Mat 157,Outdoor
PROD-00158,Cookware Set 158,Electronics
PROD-00159,Wireless Headphones 159,Apparel
PROD-00160,Wireless Headphones 160,Apparel
PROD-00161,Backpack 161,Kitchen
PROD-00162,Backpack 162,Home Goods
PROD-00163,Water Bottle 163,Electronics
PROD-00164,Rain Jacket 164,Kitchen
PROD-00165,Bluetooth Speaker 165,Electronics
PROD-00166,Yoga Mat 166,Apparel
PROD-00167,Coffee Maker 167,Outdoor
PROD-00168,Cookware Set 168,Apparel
PROD-00169,Water Bottle 169,Apparel
PROD-00170,Cookware Set 170,Outdoor
PROD-00171,Rain Jacket 171,Outdoor
PROD-00172,Water Bottle 172,Apparel
PROD-00173,Rain Jacket 173,Kitchen
PROD-00174,Rain Jacket 174,Home Goods
PROD-00175,Coffee Maker 175,Apparel
PROD-00176,Desk Lamp 176,Outdoor
PROD-00177,Bluetooth Speaker 177,Apparel
PROD-00178,Cookware Set 178,Home Goods
PROD-00179,Cookware Set 179,Electronics
PROD-00180,Desk Lamp 180,Electronics
PROD-00181,Backpack 181,Electronics
PROD-00182,Rain Jacket 182,Kitchen
PROD-00183,Rain Jacket 183,Outdoor
PROD-00184,Coffee Maker 184,Home Goods
PROD-00185,Bluetooth Speaker 185,Apparel
PROD-00186,Coffee Maker 186,Electronics
PROD-00187,Desk Lamp 187,Outdoor
PROD-00188,Desk Lamp 188,Apparel
PROD-00189,Yoga Mat 189,Outdoor
PROD-00190,Bluetooth Speaker 190,Home Goods
PROD-00191,Backpack 191,Home Goods
PROD-00192,Yoga Mat 192,Outdoor
PROD-00193,Rain Jacket 193,Apparel
PROD-00194,Wireless Headphones 194,Home Goods
PROD-00195,Coffee Maker 195,Electronics
PROD-00196,Water Bottle 196,Home Goods
PROD-00197,Wireless Headphones 197,Outdoor
PROD-00198,Water Bottle 198,Electronics
PROD-00199,Coffee Maker 199,Electronics
PROD-00200,Backpack 200,Electronics
PROD-00201,Yoga Mat 201,Outdoor
PROD-00202,Wireless Headphones 202,Apparel
PROD-00203,Water Bottle 203,Electronics
PROD-00204,Backpack 204,Kitchen
PROD-00205,Running Shoes 205,Kitchen
PROD-00206,Rain Jacket 206,Electronics
PROD-00207,Bluetooth Speaker 207,Apparel
PROD-00208,Rain Jacket 208,Apparel
PROD-00209,Rain Jacket 209,Home Goods
PROD-00210,Backpack 210,Electronics
PROD-00211,Running Shoes 211,Outdoor
PROD-00212,Desk Lamp 212,Outdoor
PROD-00213,Rain Jacket 213,Home Goods
PROD-00214,Wireless Headphones 214,Outdoor
PROD-00215,Running Shoes 215,Kitchen
PROD-00216,Desk Lamp 216,Kitchen
PROD-00217,Cookware Set 217,Outdoor
PROD-00218,Desk Lamp 218,Kitchen
PROD-00219,Desk Lamp 219,Outdoor
PROD-00220,Rain Jacket 220,Home Goods
PROD-00221,Yoga Mat 221,Outdoor
PROD-00222,Desk Lamp 222,Electronics
PROD-00223,Coffee Maker 223,Outdoor
PROD-00224,Backpack 224,Home Goods
PROD-00225,Coffee Maker 225,Electronics
PROD-00226,Backpack 226,Outdoor
PROD-00227,Wireless Headphones 227,Electronics
PROD-00228,Desk Lamp 228,Kitchen
PROD-00229,Running Shoes 229,Electronics
PROD-00230,Yoga Mat 230,Outdoor
PROD-00231,Coffee Maker 231,Kitchen
PROD-00232,Rain Jacket 232,Kitchen
PROD-00233,Desk Lamp 233,Outdoor
PROD-00234,Rain Jacket 234,Apparel
PROD-00235,Running Shoes 235,Home Goods
PROD-00236,Water Bottle 236,Apparel
PROD-00237,Bluetooth Speaker 237,Electronics
PROD-00238,Rain Jacket 238,Home Goods
PROD-00239,Running Shoes 239,Kitchen
PROD-00240,Rain Jacket 240,Home Goods
PROD-00241,Wireless Headphones 241,Apparel
PROD-00242,Backpack 242,Apparel
PROD-00243,Rain Jacket 243,Electronics
PROD-00244,Water Bottle 244,Electronics
PROD-00245,Coffee Maker 245,Home Goods
PROD-00246,Running Shoes 246,Electronics
PROD-00247,Running Shoes 247,Electronics
PROD-00248,Cookware Set 248,Apparel
PROD-00249,Running Shoes 249,Outdoor
PROD-00250,Backpack 250,Electronics
PROD-00251,Water Bottle 251,Electronics
PROD-00252,Bluetooth Speaker 252,Apparel
PROD-00253,Backpack 253,Kitchen
PROD-00254,Backpack 254,Home Goods
PROD-00255,Bluetooth Speaker 255,Outdoor
PROD-00256,Wireless Headphones 256,Home Goods
PROD-00257,Cookware Set 257,Electronics
PROD-00258,Yoga Mat 258,Outdoor
PROD-00259,Desk Lamp 259,Home Goods
PROD-00260,Coffee Maker 260,Kitchen
PROD-00261,Desk Lamp 261,Electronics
PROD-00262,Bluetooth Speaker 262,Electronics
PROD-00263,Coffee Maker 263,Kitchen
PROD-00264,Wireless Headphones 264,Outdoor
PROD-00265,Desk Lamp 265,Electronics
PROD-00266,Yoga Mat 266,Outdoor
PROD-00267,Running Shoes 267,Home Goods
PROD-00268,Bluetooth Speaker 268,Home Goods
PROD-00269,Desk Lamp 269,Home Goods
PROD-00270,Water Bottle 270,Outdoor
PROD-00271,Coffee Maker 271,Electronics
PROD-00272,Backpack 272,Home Goods
PROD-00273,Backpack 273,Apparel
PROD-00274,Coffee Maker 274,Kitchen
PROD-00275,Backpack 275,Apparel
PROD-00276,Wireless Headphones 276,Outdoor
PROD-00277,Rain Jacket 277,Electronics
PROD-00278,Coffee Maker 278,Home Goods
PROD-00279,Backpack 279,Electronics
PROD-00280,Bluetooth Speaker 280,Apparel
PROD-00281,Coffee Maker 281,Apparel
PROD-00282,Backpack 282,Outdoor
PROD-00283,Desk Lamp 283,Home Goods
PROD-00284,Wireless Headphones 284,Apparel
PROD-00285,Running Shoes 285,Apparel
PROD-00286,Desk Lamp 286,Outdoor
PROD-00287,Rain Jacket 287,Apparel
PROD-00288,Desk Lamp 288,Home Goods
PROD-00289,Running Shoes 289,Electronics
PROD-00290,Water Bottle 290,Home Goods
PROD-00291,Bluetooth Speaker 291,Outdoor
PROD-00292,Yoga Mat 292,Kitchen
PROD-00293,Coffee Maker 293,Apparel
PROD-00294,Bluetooth Speaker 294,Apparel
PROD-00295,Yoga Mat 295,Electronics
PROD-00296,Yoga Mat 296,Electronics
PROD-00297,Wireless Headphones 297,Home Goods
PROD-00298,Coffee Maker 298,Electronics
PROD-00299,Water Bottle 299,Outdoor
PROD-00300,Backpack 300,Kitchen
PROD-00301,Wireless Headphones 301,Outdoor
PROD-00302,Wireless Headphones 302,Kitchen
PROD-00303,Coffee Maker 303,Electronics
PROD-00304,Cookware Set 304,Kitchen
PROD-00305,Coffee Maker 305,Outdoor
PROD-00306,Rain Jacket 306,Kitchen
PROD-00307,Water Bottle 307,Kitchen
PROD-00308,Bluetooth Speaker 308,Home Goods
PROD-00309,Cookware Set 309,Home Goods
PROD-00310,Bluetooth Speaker 310,Electronics
PROD-00311,Desk Lamp 311,Electronics
PROD-00312,Wireless Headphones 312,Electronics
PROD-00313,Desk Lamp 313,Home Goods
PROD-00314,Wireless Headphones 314,Apparel
PROD-00315,Desk Lamp 315,Home Goods
PROD-00316,Yoga Mat 316,Kitchen
PROD-00317,Wireless Headphones 317,Home Goods
PROD-00318,Running Shoes 318,Home Goods
PROD-00319,Water Bottle 319,Apparel
PROD-00320,Running Shoes 320,Home Goods
PROD-00321,Desk Lamp 321,Outdoor
PROD-00322,Wireless Headphones 322,Apparel
PROD-00323,Coffee Maker 323,Outdoor
PROD-00324,Yoga Mat 324,Home Goods
PROD-00325,Yoga Mat 325,Apparel
PROD-00326,Backpack 326,Outdoor
PROD-00327,Water Bottle 327,Home Goods
PROD-00328,Coffee Maker 328,Kitchen
PROD-00329,Yoga Mat 329,Home Goods
PROD-00330,Bluetooth Speaker 330,Outdoor
PROD-00331,Coffee Maker 331,Home Goods
PROD-00332,Rain Jacket 332,Apparel
PROD-00333,Bluetooth Speaker 333,Kitchen
PROD-00334,Rain Jacket 334,Outdoor
PROD-00335,Desk Lamp 335,Kitchen
PROD-00336,Water Bottle 336,Home Goods
PROD-00337,Cookware Set 337,Apparel
PROD-00338,Yoga Mat 338,Outdoor
PROD-00339,Bluetooth Speaker 339,Apparel
PROD-00340,Rain Jacket 340,Apparel
PROD-00341,Cookware Set 341,Home Goods
PROD-00342,Running Shoes 342,Apparel
PROD-00343,Wireless Headphones 343,Apparel
PROD-00344,Desk Lamp 344,Home Goods
PROD-00345,Running Shoes 345,Apparel
PROD-00346,Wireless Headphones 346,Apparel
PROD-00347,Desk Lamp 347,Apparel
PROD-00348,Wireless Headphones 348,Outdoor
PROD-00349,Wireless Headphones 349,Apparel
PROD-00350,Bluetooth Speaker 350,Kitchen
PROD-00351,Rain Jacket 351,Electronics
PROD-00352,Wireless Headphones 352,Apparel
PROD-00353,Running Shoes 353,Kitchen
PROD-00354,Running Shoes 354,Electronics
PROD-00355,Rain Jacket 355,Outdoor
PROD-00356,Rain Jacket 356,Electronics
PROD-00357,Wireless Headphones 357,Electronics
PROD-00358,Cookware Set 358,Outdoor
PROD-00359,Running Shoes 359,Home Goods
PROD-00360,Cookware Set 360,Home Goods
PROD-00361,Wireless Headphones 361,Home Goods
PROD-00362,Cookware Set 362,Apparel
PROD-00363,Water Bottle 363,Apparel
PROD-00364,Rain Jacket 364,Apparel
PROD-00365,Backpack 365,Electronics
PROD-00366,Rain Jacket 366,Apparel
PROD-00367,Desk Lamp 367,Apparel
PROD-00368,Rain Jacket 368,Apparel
PROD-00369,Backpack 369,Outdoor
PROD-00370,Wireless Headphones 370,Electronics
PROD-00371,Yoga Mat 371,Electronics
PROD-00372,Desk Lamp 372,Home Goods
PROD-00373,Coffee Maker 373,Home Goods
PROD-00374,Wireless Headphones 374,Electronics
PROD-00375,Bluetooth Speaker 375,Kitchen
PROD-00376,Backpack 376,Electronics
PROD-00377,Coffee Maker 377,Home Goods
PROD-00378,Water Bottle 378,Home Goods
PROD-00379,Rain Jacket 379,Home Goods
PROD-00380,Running Shoes 380,Outdoor
PROD-00381,Backpack 381,Home Goods
PROD-00382,Wireless Headphones 382,Home Goods
PROD-00383,Backpack 383,Home Goods
PROD-00384,Rain Jacket 384,Home Goods
PROD-00385,Desk Lamp 385,Kitchen
PROD-00386,Water Bottle 386,Home Goods
PROD-00387,Backpack 387,Apparel
PROD-00388,Wireless Headphones 388,Home Goods
PROD-00389,Desk Lamp 389,Apparel
PROD-00390,Backpack 390,Outdoor
PROD-00391,Water Bottle 391,Apparel
PROD-00392,Wireless Headphones 392,Apparel
PROD-00393,Yoga Mat 393,Kitchen
PROD-00394,Water Bottle 394,Outdoor
PROD-00395,Backpack 395,Home Goods
PROD-00396,Yoga Mat 396,Home Goods
PROD-00397,Coffee Maker 397,Outdoor
PROD-00398,Cookware Set 398,Electronics
PROD-00399,Bluetooth Speaker 399,Home Goods
PROD-00400,Rain Jacket 400,Electronics
PROD-00401,Backpack 401,Home Goods
PROD-00402,Rain Jacket 402,Electronics
PROD-00403,Backpack 403,Electronics
PROD-00404,Running Shoes 404,Kitchen
PROD-00405,Running Shoes 405,Electronics
PROD-00406,Backpack 406,Kitchen
PROD-00407,Backpack 407,Apparel
PROD-00408,Yoga Mat 408,Outdoor
PROD-00409,Coffee Maker 409,Home Goods
PROD-00410,Water Bottle 410,Home Goods
PROD-00411,Bluetooth Speaker 411,Apparel
PROD-00412,Bluetooth Speaker 412,Home Goods
PROD-00413,Cookware Set 413,Electronics
PROD-00414,Rain Jacket 414,Home Goods
PROD-00415,Desk Lamp 415,Kitchen
PROD-00416,Bluetooth Speaker 416,Outdoor
PROD-00417,Desk Lamp 417,Electronics
PROD-00418,Wireless Headphones 418,Electronics
PROD-00419,Water Bottle 419,Kitchen
PROD-00420,Bluetooth Speaker 420,Apparel
PROD-00421,Rain Jacket 421,Home Goods
PROD-00422,Wireless Headphones 422,Home Goods
PROD-00423,Backpack 423,Electronics
PROD-00424,Rain Jacket 424,Outdoor
PROD-00425,Yoga Mat 425,Kitchen
PROD-00426,Running Shoes 426,Kitchen
PROD-00427,Cookware Set 427,Home Goods
PROD-00428,Running Shoes 428,Outdoor
PROD-00429,Rain Jacket 429,Electronics
PROD-00430,Cookware Set 430,Outdoor
PROD-00431,Wireless Headphones 431,Kitchen
PROD-00432,Bluetooth Speaker 432,Outdoor
PROD-00433,Rain Jacket 433,Kitchen
PROD-00434,Yoga Mat 434,Electronics
PROD-00435,Water Bottle 435,Home Goods
PROD-00436,Wireless Headphones 436,Kitchen
PROD-00437,Bluetooth Speaker 437,Kitchen
PROD-00438,Yoga Mat 438,Apparel
PROD-00439,Coffee Maker 439,Electronics
PROD-00440,Wireless Headphones 440,Outdoor
PROD-00441,Water Bottle 441,Home Goods
PROD-00442,Rain Jacket 442,Electronics
PROD-00443,Running Shoes 443,Electronics
PROD-00444,Rain Jacket 444,Electronics
PROD-00445,Desk Lamp 445,Kitchen
PROD-00446,Coffee Maker 446,Apparel
PROD-00447,Desk Lamp 447,Home Goods
PROD-00448,Wireless Headphones 448,Home Goods
PROD-00449,Cookware Set 449,Kitchen
PROD-00450,Water Bottle 450,Apparel
PROD-00451,Cookware Set 451,Home Goods
PROD-00452,Water Bottle 452,Apparel
PROD-00453,Desk Lamp 453,Outdoor
PROD-00454,Desk Lamp 454,Home Goods
PROD-00455,Desk Lamp 455,Apparel
PROD-00456,Bluetooth Speaker 456,Apparel
PROD-00457,Desk Lamp 457,Electronics
PROD-00458,Coffee Maker 458,Apparel
PROD-00459,Coffee Maker 459,Kitchen
PROD-00460,Cookware Set 460,Outdoor
PROD-00461,Bluetooth Speaker 461,Home Goods
PROD-00462,Cookware Set 462,Home Goods
PROD-00463,Wireless Headphones 463,Electronics
PROD-00464,Desk Lamp 464,Apparel
PROD-00465,Desk Lamp 465,Outdoor
PROD-00466,Running Shoes 466,Electronics
PROD-00467,Backpack 467,Apparel
PROD-00468,Wireless Headphones 468,Home Goods
PROD-00469,Water Bottle 469,Outdoor
PROD-00470,Yoga Mat 470,Kitchen
PROD-00471,Backpack 471,Apparel
PROD-00472,Cookware Set 472,Outdoor
PROD-00473,Wireless Headphones 473,Home Goods
PROD-00474,Water Bottle 474,Kitchen
PROD-00475,Desk Lamp 475,Home Goods
PROD-00476,Rain Jacket 476,Outdoor
PROD-00477,Water Bottle 477,Kitchen
PROD-00478,Rain Jacket 478,Kitchen
PROD-00479,Coffee Maker 479,Kitchen
PROD-00480,Desk Lamp 480,Outdoor
PROD-00481,Water Bottle 481,Apparel
PROD-00482,Coffee Maker 482,Outdoor
PROD-00483,Coffee Maker 483,Home Goods
PROD-00484,Water Bottle 484,Apparel
PROD-00485,Bluetooth Speaker 485,Electronics
PROD-00486,Desk Lamp 486,Electronics
PROD-00487,Water Bottle 487,Home Goods
PROD-00488,Backpack 488,Kitchen
PROD-00489,Bluetooth Speaker 489,Home Goods
PROD-00490,Running Shoes 490,Home Goods
PROD-00491,Bluetooth Speaker 491,Outdoor
PROD-00492,Backpack 492,Outdoor
PROD-00493,Water Bottle 493,Apparel
PROD-00494,Water Bottle 494,Kitchen
PROD-00495,Wireless Headphones 495,Kitchen
PROD-00496,Wireless Headphones 496,Home Goods
PROD-00497,Cookware Set 497,Outdoor
PROD-00498,Running Shoes 498,Kitchen
PROD-00499,Cookware Set 499,Apparel
PROD-00500,Backpack 500,Home Goods
PROD-00501,Cookware Set 501,Apparel
PROD-00502,Cookware Set 502,Electronics
PROD-00503,Rain Jacket 503,Electronics
PROD-00504,Yoga Mat 504,Apparel
PROD-00505,Wireless Headphones 505,Apparel
PROD-00506,Coffee Maker 506,Home Goods
PROD-00507,Backpack 507,Apparel
PROD-00508,Bluetooth Speaker 508,Kitchen
PROD-00509,Running Shoes 509,Kitchen
PROD-00510,Coffee Maker 510,Outdoor
PROD-00511,Backpack 511,Apparel
PROD-00512,Desk Lamp 512,Kitchen
PROD-00513,Water Bottle 513,Electronics
PROD-00514,Backpack 514,Home Goods
PROD-00515,Water Bottle 515,Electronics
PROD-00516,Cookware Set 516,Outdoor
PROD-00517,Running Shoes 517,Kitchen
PROD-00518,Cookware Set 518,Outdoor
PROD-00519,Bluetooth Speaker 519,Outdoor
PROD-00520,Bluetooth Speaker 520,Outdoor
PROD-00521,Backpack 521,Outdoor
PROD-00522,Yoga Mat 522,Kitchen
PROD-00523,Coffee Maker 523,Home Goods
PROD-00524,Wireless Headphones 524,Electronics
PROD-00525,Rain Jacket 525,Home Goods
PROD-00526,Backpack 526,Apparel
PROD-00527,Backpack 527,Electronics
PROD-00528,Rain Jacket 528,Electronics
PROD-00529,Yoga Mat 529,Home Goods
PROD-00530,Running Shoes 530,Home Goods
PROD-00531,Rain Jacket 531,Outdoor
PROD-00532,Backpack 532,Outdoor
PROD-00533,Desk Lamp 533,Apparel
PROD-00534,Backpack 534,Apparel
PROD-00535,Bluetooth Speaker 535,Electronics
PROD-00536,Running Shoes 536,Apparel
PROD-00537,Yoga Mat 537,Kitchen
PROD-00538,Coffee Maker 538,Kitchen
PROD-00539,Bluetooth Speaker 539,Apparel
PROD-00540,Bluetooth Speaker 540,Apparel
PROD-00541,Rain Jacket 541,Home Goods
PROD-00542,Rain Jacket 542,Apparel
PROD-00543,Desk Lamp 543,Home Goods
PROD-00544,Backpack 544,Electronics
PROD-00545,Coffee Maker 545,Outdoor
PROD-00546,Wireless Headphones 546,Outdoor
PROD-00547,Coffee Maker 547,Kitchen
PROD-00548,Bluetooth Speaker 548,Apparel
PROD-00549,Running Shoes 549,Kitchen
PROD-00550,Cookware Set 550,Kitchen
PROD-00551,Backpack 551,Electronics
PROD-00552,Rain Jacket 552,Electronics
PROD-00553,Rain Jacket 553,Home Goods
PROD-00554,Water Bottle 554,Outdoor
PROD-00555,Wireless Headphones 555,Kitchen
PROD-00556,Wireless Headphones 556,Apparel
PROD-00557,Yoga Mat 557,Kitchen
PROD-00558,Yoga Mat 558,Apparel
PROD-00559,Cookware Set 559,Outdoor
PROD-00560,Bluetooth Speaker 560,Outdoor
PROD-00561,Yoga Mat 561,Home Goods
PROD-00562,Wireless Headphones 562,Home Goods
PROD-00563,Rain Jacket 563,Kitchen
PROD-00564,Coffee Maker 564,Home Goods
PROD-00565,Desk Lamp 565,Home Goods
PROD-00566,Rain Jacket 566,Outdoor
PROD-00567,Backpack 567,Apparel
PROD-00568,Cookware Set 568,Home Goods
PROD-00569,Bluetooth Speaker 569,Electronics
PROD-00570,Coffee Maker 570,Kitchen
PROD-00571,Wireless Headphones 571,Outdoor
PROD-00572,Running Shoes 572,Kitchen
PROD-00573,Rain Jacket 573,Kitchen
PROD-00574,Wireless Headphones 574,Apparel
PROD-00575,Water Bottle 575,Electronics
PROD-00576,Yoga Mat 576,Outdoor
PROD-00577,Backpack 577,Electronics
PROD-00578,Rain Jacket 578,Kitchen
PROD-00579,Rain Jacket 579,Electronics
PROD-00580,Wireless Headphones 580,Outdoor
PROD-00581,Wireless Headphones 581,Outdoor
PROD-00582,Bluetooth Speaker 582,Electronics
PROD-00583,Coffee Maker 583,Outdoor
PROD-00584,Bluetooth Speaker 584,Outdoor
PROD-00585,Backpack 585,Apparel
PROD-00586,Bluetooth Speaker 586,Home Goods
PROD-00587,Running Shoes 587,Kitchen
PROD-00588,Cookware Set 588,Apparel
PROD-00589,Running Shoes 589,Apparel
PROD-00590,Coffee Maker 590,Outdoor
PROD-00591,Rain Jacket 591,Electronics
PROD-00592,Running Shoes 592,Outdoor
PROD-00593,Backpack 593,Home Goods
PROD-00594,Yoga Mat 594,Home Goods
PROD-00595,Cookware Set 595,Electronics
PROD-00596,Backpack 596,Outdoor
PROD-00597,Water Bottle 597,Home Goods
PROD-00598,Water Bottle 598,Apparel
PROD-00599,Bluetooth Speaker 599,Outdoor
PROD-00600,Wireless Headphones 600,Outdoor
PROD-00601,Backpack 601,Outdoor
PROD-00602,Water Bottle 602,Home Goods
PROD-00603,Desk Lamp 603,Outdoor
PROD-00604,Water Bottle 604,Outdoor
PROD-00605,Backpack 605,Apparel
PROD-00606,Rain Jacket 606,Outdoor
PROD-00607,Backpack 607,Apparel
PROD-00608,Desk Lamp 608,Electronics
PROD-00609,Wireless Headphones 609,Kitchen
PROD-00610,Running Shoes 610,Apparel
PROD-00611,Bluetooth Speaker 611,Home Goods
PROD-00612,Bluetooth Speaker 612,Electronics
PROD-00613,Coffee Maker 613,Home Goods
PROD-00614,Backpack 614,Outdoor
PROD-00615,Wireless Headphones 615,Kitchen
PROD-00616,Running Shoes 616,Home Goods
PROD-00617,Coffee Maker 617,Home Goods
PROD-00618,Cookware Set 618,Outdoor
PROD-00619,Yoga Mat 619,Kitchen
PROD-00620,Water Bottle 620,Outdoor
PROD-00621,Coffee Maker 621,Home Goods
PROD-00622,Backpack 622,Outdoor
PROD-00623,Rain Jacket 623,Outdoor
PROD-00624,Yoga Mat 624,Apparel
PROD-00625,Wireless Headphones 625,Home Goods
PROD-00626,Yoga Mat 626,Outdoor
PROD-00627,Yoga Mat 627,Electronics
PROD-00628,Wireless Headphones 628,Kitchen
PROD-00629,Water Bottle 629,Apparel
PROD-00630,Bluetooth Speaker 630,Electronics
PROD-00631,Wireless Headphones 631,Electronics
PROD-00632,Yoga Mat 632,Home Goods
PROD-00633,Running Shoes 633,Outdoor
PROD-00634,Cookware Set 634,Kitchen
PROD-00635,Coffee Maker 635,Home Goods
PROD-00636,Bluetooth Speaker 636,Outdoor
PROD-00637,Desk Lamp 637,Kitchen
PROD-00638,Running Shoes 638,Kitchen
PROD-00639,Running Shoes 639,Apparel
PROD-00640,Running Shoes 640,Electronics
PROD-00641,Cookware Set 641,Home Goods
PROD-00642,Yoga Mat 642,Apparel
PROD-00643,Rain Jacket 643,Kitchen
PROD-00644,Desk Lamp 644,Home Goods
PROD-00645,Running Shoes 645,Kitchen
PROD-00646,Yoga Mat 646,Home Goods
PROD-00647,Cookware Set 647,Electronics
PROD-00648,Yoga Mat 648,Kitchen
PROD-00649,Backpack 649,Apparel
PROD-00650,Yoga Mat 650,Home Goods
PROD-00651,Yoga Mat 651,Outdoor
PROD-00652,Coffee Maker 652,Home Goods
PROD-00653,Bluetooth Speaker 653,Electronics
PROD-00654,Rain Jacket 654,Kitchen
PROD-00655,Backpack 655,Outdoor
PROD-00656,Desk Lamp 656,Apparel
PROD-00657,Water Bottle 657,Electronics
PROD-00658,Desk Lamp 658,Kitchen
PROD-00659,Cookware Set 659,Apparel
PROD-00660,Yoga Mat 660,Apparel
PROD-00661,Rain Jacket 661,Apparel
PROD-00662,Backpack 662,Kitchen
PROD-00663,Coffee Maker 663,Outdoor
PROD-00664,Rain Jacket 664,Apparel
PROD-00665,Water Bottle 665,Kitchen
PROD-00666,Cookware Set 666,Electronics
PROD-00667,Backpack 667,Electronics
PROD-00668,Backpack 668,Home Goods
PROD-00669,Wireless Headphones 669,Home Goods
PROD-00670,Backpack 670,Electronics
PROD-00671,Bluetooth Speaker 671,Electronics
PROD-00672,Rain Jacket 672,Kitchen
PROD-00673,Yoga Mat 673,Electronics
PROD-00674,Desk Lamp 674,Kitchen
PROD-00675,Water Bottle 675,Home Goods
PROD-00676,Rain Jacket 676,Home Goods
PROD-00677,Rain Jacket 677,Home Goods
PROD-00678,Bluetooth Speaker 678,Electronics
PROD-00679,Running Shoes 679,Electronics
PROD-00680,Desk Lamp 680,Outdoor
PROD-00681,Running Shoes 681,Outdoor
PROD-00682,Backpack 682,Electronics
PROD-00683,Backpack 683,Outdoor
PROD-00684,Rain Jacket 684,Apparel
PROD-00685,Bluetooth Speaker 685,Electronics
PROD-00686,Water Bottle 686,Outdoor
PROD-00687,Backpack 687,Outdoor
PROD-00688,Coffee Maker 688,Outdoor
PROD-00689,Running Shoes 689,Apparel
PROD-00690,Bluetooth Speaker 690,Home Goods
PROD-00691,Water Bottle 691,Electronics
PROD-00692,Water Bottle 692,Apparel
PROD-00693,Water Bottle 693,Outdoor
PROD-00694,Bluetooth Speaker 694,Electronics
PROD-00695,Wireless Headphones 695,Kitchen
PROD-00696,Water Bottle 696,Apparel
PROD-00697,Water Bottle 697,Outdoor
PROD-00698,Water Bottle 698,Home Goods
PROD-00699,Running Shoes 699,Outdoor
PROD-00700,Bluetooth Speaker 700,Electronics
PROD-00701,Water Bottle 701,Home Goods
PROD-00702,Bluetooth Speaker 702,Home Goods
PROD-00703,Yoga Mat 703,Kitchen
PROD-00704,Yoga Mat 704,Kitchen
PROD-00705,Yoga Mat 705,Home Goods
PROD-00706,Running Shoes 706,Home Goods
PROD-00707,Wireless Headphones 707,Electronics
PROD-00708,Coffee Maker 708,Electronics
PROD-00709,Running Shoes 709,Electronics
PROD-00710,Water Bottle 710,Kitchen
PROD-00711,Water Bottle 711,Kitchen
PROD-00712,Cookware Set 712,Kitchen
PROD-00713,Desk Lamp 713,Home Goods
PROD-00714,Cookware Set 714,Electronics
PROD-00715,Coffee Maker 715,Electronics
PROD-00716,Cookware Set 716,Apparel
PROD-00717,Rain Jacket 717,Kitchen
PROD-00718,Rain Jacket 718,Home Goods
PROD-00719,Cookware Set 719,Kitchen
PROD-00720,Desk Lamp 720,Outdoor
PROD-00721,Bluetooth Speaker 721,Electronics
PROD-00722,Yoga Mat 722,Electronics
PROD-00723,Cookware Set 723,Kitchen
PROD-00724,Running Shoes 724,Home Goods
PROD-00725,Rain Jacket 725,Outdoor
PROD-00726,Water Bottle 726,Apparel
PROD-00727,Rain Jacket 727,Apparel
PROD-00728,Running Shoes 728,Outdoor
PROD-00729,Backpack 729,Apparel
PROD-00730,Coffee Maker 730,Electronics
PROD-00731,Wireless Headphones 731,Electronics
PROD-00732,Desk Lamp 732,Kitchen
PROD-00733,Desk Lamp 733,Home Goods
PROD-00734,Yoga Mat 734,Kitchen
PROD-00735,Bluetooth Speaker 735,Home Goods
PROD-00736,Rain Jacket 736,Kitchen
PROD-00737,Desk Lamp 737,Home Goods
PROD-00738,Water Bottle 738,Apparel
PROD-00739,Yoga Mat 739,Electronics
PROD-00740,Desk Lamp 740,Apparel
PROD-00741,Yoga Mat 741,Kitchen
PROD-00742,Wireless Headphones 742,Kitchen
PROD-00743,Backpack 743,Outdoor
PROD-00744,Water Bottle 744,Electronics
PROD-00745,Backpack 745,Home Goods
PROD-00746,Rain Jacket 746,Apparel
PROD-00747,Rain Jacket 747,Outdoor
PROD-00748,Wireless Headphones 748,Electronics
PROD-00749,Coffee Maker 749,Kitchen
PROD-00750,Bluetooth Speaker 750,Kitchen
PROD-00751,Bluetooth Speaker 751,Home Goods
PROD-00752,Desk Lamp 752,Kitchen
PROD-00753,Desk Lamp 753,Home Goods
PROD-00754,Desk Lamp 754,Apparel
PROD-00755,Bluetooth Speaker 755,Home Goods
PROD-00756,Running Shoes 756,Home Goods
PROD-00757,Cookware Set 757,Apparel
PROD-00758,Water Bottle 758,Outdoor
PROD-00759,Water Bottle 759,Home Goods
PROD-00760,Water Bottle 760,Electronics
PROD-00761,Backpack 761,Kitchen
PROD-00762,Bluetooth Speaker 762,Home Goods
PROD-00763,Rain Jacket 763,Kitchen
PROD-00764,Running Shoes 764,Home Goods
PROD-00765,Backpack 765,Electronics
PROD-00766,Cookware Set 766,Kitchen
PROD-00767,Desk Lamp 767,Electronics
PROD-00768,Cookware Set 768,Apparel
PROD-00769,Bluetooth Speaker 769,Electronics
PROD-00770,Bluetooth Speaker 770,Apparel
PROD-00771,Bluetooth Speaker 771,Electronics
PROD-00772,Running Shoes 772,Electronics
PROD-00773,Coffee Maker 773,Electronics
PROD-00774,Running Shoes 774,Home Goods
PROD-00775,Cookware Set 775,Electronics
PROD-00776,Water Bottle 776,Outdoor
PROD-00777,Rain Jacket 777,Apparel
PROD-00778,Desk Lamp 778,Apparel
PROD-00779,Water Bottle 779,Home Goods
PROD-00780,Wireless Headphones 780,Kitchen
PROD-00781,Water Bottle 781,Outdoor
PROD-00782,Yoga Mat 782,Apparel
PROD-00783,Backpack 783,Outdoor
PROD-00784,Yoga Mat 784,Apparel
PROD-00785,Rain Jacket 785,Electronics
PROD-00786,Running Shoes 786,Apparel
PROD-00787,Water Bottle 787,Kitchen
PROD-00788,Cookware Set 788,Electronics
PROD-00789,Running Shoes 789,Kitchen
PROD-00790,Coffee Maker 790,Apparel
PROD-00791,Rain Jacket 791,Home Goods
PROD-00792,Running Shoes 792,Home Goods
PROD-00793,Rain Jacket 793,Home Goods
PROD-00794,Yoga Mat 794,Apparel
PROD-00795,Coffee Maker 795,Kitchen
PROD-00796,Desk Lamp 796,Electronics
PROD-00797,Cookware Set 797,Outdoor
PROD-00798,Rain Jacket 798,Kitchen
PROD-00799,Water Bottle 799,Outdoor
PROD-00800,Backpack 800,Kitchen
PROD-00801,Yoga Mat 801,Outdoor
PROD-00802,Cookware Set 802,Kitchen
PROD-00803,Yoga Mat 803,Apparel
PROD-00804,Rain Jacket 804,Electronics
PROD-00805,Coffee Maker 805,Outdoor
PROD-00806,Cookware Set 806,Apparel
PROD-00807,Backpack 807,Apparel
PROD-00808,Bluetooth Speaker 808,Apparel
PROD-00809,Rain Jacket 809,Apparel
PROD-00810,Water Bottle 810,Electronics
PROD-00811,Water Bottle 811,Apparel
PROD-00812,Backpack 812,Outdoor
PROD-00813,Coffee Maker 813,Electronics
PROD-00814,Rain Jacket 814,Apparel
PROD-00815,Running Shoes 815,Electronics
PROD-00816,Bluetooth Speaker 816,Home Goods
PROD-00817,Backpack 817,Outdoor
PROD-00818,Backpack 818,Apparel
PROD-00819,Rain Jacket 819,Outdoor
PROD-00820,Rain Jacket 820,Kitchen
PROD-00821,Desk Lamp 821,Apparel
PROD-00822,Desk Lamp 822,Kitchen
PROD-00823,Wireless Headphones 823,Electronics
PROD-00824,Cookware Set 824,Kitchen
PROD-00825,Bluetooth Speaker 825,Electronics
PROD-00826,Yoga Mat 826,Home Goods
PROD-00827,Yoga Mat 827,Kitchen
PROD-00828,Coffee Maker 828,Electronics
PROD-00829,Yoga Mat 829,Apparel
PROD-00830,Desk Lamp 830,Kitchen
PROD-00831,Cookware Set 831,Electronics
PROD-00832,Coffee Maker 832,Electronics
PROD-00833,Desk Lamp 833,Outdoor
PROD-00834,Rain Jacket 834,Home Goods
PROD-00835,Water Bottle 835,Kitchen
PROD-00836,Cookware Set 836,Home Goods
PROD-00837,Cookware Set 837,Kitchen
PROD-00838,Water Bottle 838,Apparel
PROD-00839,Wireless Headphones 839,Outdoor
PROD-00840,Yoga Mat 840,Outdoor
PROD-00841,Cookware Set 841,Apparel
PROD-00842,Water Bottle 842,Apparel
PROD-00843,Bluetooth Speaker 843,Outdoor
PROD-00844,Coffee Maker 844,Kitchen
PROD-00845,Water Bottle 845,Home Goods
PROD-00846,Cookware Set 846,Kitchen
PROD-00847,Desk Lamp 847,Electronics
PROD-00848,Wireless Headphones 848,Kitchen
PROD-00849,Water Bottle 849,Kitchen
PROD-00850,Coffee Maker 850,Kitchen
PROD-00851,Yoga Mat 851,Kitchen
PROD-00852,Water Bottle 852,Electronics
PROD-00853,Coffee Maker 853,Apparel
PROD-00854,Cookware Set 854,Apparel
PROD-00855,Backpack 855,Home Goods
PROD-00856,Running Shoes 856,Electronics
PROD-00857,Backpack 857,Apparel
PROD-00858,Running Shoes 858,Kitchen
PROD-00859,Running Shoes 859,Apparel
PROD-00860,Water Bottle 860,Apparel
PROD-00861,Water Bottle 861,Home Goods
PROD-00862,Backpack 862,Apparel
PROD-00863,Coffee Maker 863,Electronics
PROD-00864,Rain Jacket 864,Home Goods
PROD-00865,Desk Lamp 865,Outdoor
PROD-00866,Cookware Set 866,Home Goods
PROD-00867,Running Shoes 867,Electronics
PROD-00868,Backpack 868,Electronics
PROD-00869,Desk Lamp 869,Home Goods
PROD-00870,Coffee Maker 870,Home Goods
PROD-00871,Cookware Set 871,Electronics
PROD-00872,Coffee Maker 872,Outdoor
PROD-00873,Running Shoes 873,Apparel
PROD-00874,Backpack 874,Electronics
PROD-00875,Rain Jacket 875,Apparel
PROD-00876,Cookware Set 876,Outdoor
PROD-00877,Coffee Maker 877,Electronics
PROD-00878,Wireless Headphones 878,Home Goods
PROD-00879,Rain Jacket 879,Apparel
PROD-00880,Cookware Set 880,Apparel
PROD-00881,Rain Jacket 881,Home Goods
PROD-00882,Coffee Maker 882,Apparel
PROD-00883,Coffee Maker 883,Kitchen
PROD-00884,Rain Jacket 884,Home Goods
PROD-00885,Backpack 885,Apparel
PROD-00886,Wireless Headphones 886,Outdoor
PROD-00887,Water Bottle 887,Electronics
PROD-00888,Yoga Mat 888,Electronics
PROD-00889,Desk Lamp 889,Electronics
PROD-00890,Water Bottle 890,Electronics
PROD-00891,Wireless Headphones 891,Apparel
PROD-00892,Yoga Mat 892,Home Goods
PROD-00893,Yoga Mat 893,Apparel
PROD-00894,Running Shoes 894,Electronics
PROD-00895,Desk Lamp 895,Outdoor
PROD-00896,Rain Jacket 896,Kitchen
PROD-00897,Running Shoes 897,Outdoor
PROD-00898,Wireless Headphones 898,Kitchen
PROD-00899,Water Bottle 899,Electronics
PROD-00900,Water Bottle 900,Kitchen
PROD-00901,Rain Jacket 901,Kitchen
PROD-00902,Water Bottle 902,Electronics
PROD-00903,Water Bottle 903,Home Goods
PROD-00904,Water Bottle 904,Apparel
PROD-00905,Yoga Mat 905,Home Goods
PROD-00906,Backpack 906,Outdoor
PROD-00907,Water Bottle 907,Electronics
PROD-00908,Yoga Mat 908,Apparel
PROD-00909,Yoga Mat 909,Outdoor
PROD-00910,Desk Lamp 910,Apparel
PROD-00911,Bluetooth Speaker 911,Electronics
PROD-00912,Desk Lamp 912,Electronics
PROD-00913,Wireless Headphones 913,Outdoor
PROD-00914,Running Shoes 914,Kitchen
PROD-00915,Wireless Headphones 915,Kitchen
PROD-00916,Cookware Set 916,Outdoor
PROD-00917,Backpack 917,Home Goods
PROD-00918,Wireless Headphones 918,Home Goods
PROD-00919,Wireless Headphones 919,Apparel
PROD-00920,Wireless Headphones 920,Kitchen
PROD-00921,Bluetooth Speaker 921,Home Goods
PROD-00922,Water Bottle 922,Kitchen
PROD-00923,Running Shoes 923,Apparel
PROD-00924,Running Shoes 924,Kitchen
PROD-00925,Rain Jacket 925,Home Goods
PROD-00926,Coffee Maker 926,Electronics
PROD-00927,Bluetooth Speaker 927,Outdoor
PROD-00928,Rain Jacket 928,Apparel
PROD-00929,Yoga Mat 929,Home Goods
PROD-00930,Cookware Set 930,Apparel
PROD-00931,Cookware Set 931,Kitchen
PROD-00932,Wireless Headphones 932,Electronics
PROD-00933,Desk Lamp 933,Home Goods
PROD-00934,Bluetooth Speaker 934,Apparel
PROD-00935,Bluetooth Speaker 935,Apparel
PROD-00936,Yoga Mat 936,Apparel
PROD-00937,Backpack 937,Electronics
PROD-00938,Running Shoes 938,Electronics
PROD-00939,Water Bottle 939,Outdoor
PROD-00940,Running Shoes 940,Electronics
PROD-00941,Cookware Set 941,Kitchen
PROD-00942,Wireless Headphones 942,Apparel
PROD-00943,Yoga Mat 943,Home Goods
PROD-00944,Yoga Mat 944,Home Goods
PROD-00945,Running Shoes 945,Home Goods
PROD-00946,Bluetooth Speaker 946,Electronics
PROD-00947,Rain Jacket 947,Apparel
PROD-00948,Running Shoes 948,Kitchen
PROD-00949,Yoga Mat 949,Kitchen
PROD-00950,Backpack 950,Kitchen
PROD-00951,Cookware Set 951,Outdoor
PROD-00952,Water Bottle 952,Kitchen
PROD-00953,Bluetooth Speaker 953,Home Goods
PROD-00954,Cookware Set 954,Electronics
PROD-00955,Rain Jacket 955,Electronics
PROD-00956,Running Shoes 956,Apparel
PROD-00957,Yoga Mat 957,Home Goods
PROD-00958,Yoga Mat 958,Kitchen
PROD-00959,Rain Jacket 959,Electronics
PROD-00960,Desk Lamp 960,Electronics
PROD-00961,Desk Lamp 961,Outdoor
PROD-00962,Yoga Mat 962,Outdoor
PROD-00963,Bluetooth Speaker 963,Kitchen
PROD-00964,Cookware Set 964,Kitchen
PROD-00965,Cookware Set 965,Home Goods
PROD-00966,Rain Jacket 966,Electronics
PROD-00967,Wireless Headphones 967,Electronics
PROD-00968,Wireless Headphones 968,Kitchen
PROD-00969,Cookware Set 969,Apparel
PROD-00970,Coffee Maker 970,Home Goods
PROD-00971,Backpack 971,Outdoor
PROD-00972,Water Bottle 972,Electronics
PROD-00973,Running Shoes 973,Apparel
PROD-00974,Desk Lamp 974,Outdoor
PROD-00975,Bluetooth Speaker 975,Electronics
PROD-00976,Cookware Set 976,Home Goods
PROD-00977,Bluetooth Speaker 977,Home Goods
PROD-00978,Bluetooth Speaker 978,Home Goods
PROD-00979,Desk Lamp 979,Outdoor
PROD-00980,Running Shoes 980,Kitchen
PROD-00981,Desk Lamp 981,Home Goods
PROD-00982,Rain Jacket 982,Outdoor
PROD-00983,Bluetooth Speaker 983,Kitchen
PROD-00984,Desk Lamp 984,Electronics
PROD-00985,Running Shoes 985,Apparel
PROD-00986,Backpack 986,Apparel
PROD-00987,Coffee Maker 987,Kitchen
PROD-00988,Yoga Mat 988,Outdoor
PROD-00989,Yoga Mat 989,Home Goods
PROD-00990,Rain Jacket 990,Electronics
PROD-00991,Coffee Maker 991,Home Goods
PROD-00992,Water Bottle 992,Kitchen
PROD-00993,Yoga Mat 993,Apparel
PROD-00994,Desk Lamp 994,Apparel
PROD-00995,Cookware Set 995,Home Goods
PROD-00996,Running Shoes 996,Home Goods
PROD-00997,Backpack 997,Kitchen
PROD-00998,Water Bottle 998,Kitchen
PROD-00999,Coffee Maker 999,Apparel
PROD-01000,Bluetooth Speaker 1000,Home Goods
PROD-01001,Yoga Mat 1001,Home Goods
PROD-01002,Coffee Maker 1002,Electronics
PROD-01003,Bluetooth Speaker 1003,Outdoor
PROD-01004,Running Shoes 1004,Outdoor
PROD-01005,Running Shoes 1005,Apparel
PROD-01006,Running Shoes 1006,Apparel
PROD-01007,Bluetooth Speaker 1007,Electronics
PROD-01008,Running Shoes 1008,Kitchen
PROD-01009,Cookware Set 1009,Electronics
PROD-01010,Cookware Set 1010,Electronics
PROD-01011,Wireless Headphones 1011,Kitchen
PROD-01012,Wireless Headphones 1012,Outdoor
PROD-01013,Desk Lamp 1013,Outdoor
PROD-01014,Rain Jacket 1014,Electronics
PROD-01015,Yoga Mat 1015,Apparel
PROD-01016,Cookware Set 1016,Electronics
PROD-01017,Wireless Headphones 1017,Home Goods
PROD-01018,Desk Lamp 1018,Electronics
PROD-01019,Bluetooth Speaker 1019,Electronics
PROD-01020,Water Bottle 1020,Outdoor
PROD-01021,Yoga Mat 1021,Apparel
PROD-01022,Water Bottle 1022,Home Goods
PROD-01023,Bluetooth Speaker 1023,Kitchen
PROD-01024,Cookware Set 1024,Apparel
PROD-01025,Coffee Maker 1025,Apparel
PROD-01026,Desk Lamp 1026,Apparel
PROD-01027,Cookware Set 1027,Kitchen
PROD-01028,Water Bottle 1028,Apparel
PROD-01029,Bluetooth Speaker 1029,Outdoor
PROD-01030,Running Shoes 1030,Outdoor
PROD-01031,Cookware Set 1031,Kitchen
PROD-01032,Wireless Headphones 1032,Apparel
PROD-01033,Bluetooth Speaker 1033,Electronics
PROD-01034,Desk Lamp 1034,Outdoor
PROD-01035,Desk Lamp 1035,Outdoor
PROD-01036,Water Bottle 1036,Outdoor
PROD-01037,Water Bottle 1037,Outdoor
PROD-01038,Cookware Set 1038,Home Goods
PROD-01039,Backpack 1039,Kitchen
PROD-01040,Rain Jacket 1040,Apparel
PROD-01041,Desk Lamp 1041,Apparel
PROD-01042,Cookware Set 1042,Kitchen
PROD-01043,Cookware Set 1043,Kitchen
PROD-01044,Yoga Mat 1044,Home Goods
PROD-01045,Wireless Headphones 1045,Home Goods
PROD-01046,Yoga Mat 1046,Kitchen
PROD-01047,Rain Jacket 1047,Outdoor
PROD-01048,Water Bottle 1048,Electronics
PROD-01049,Rain Jacket 1049,Apparel
PROD-01050,Wireless Headphones 1050,Kitchen
PROD-01051,Coffee Maker 1051,Home Goods
PROD-01052,Running Shoes 1052,Home Goods
PROD-01053,Water Bottle 1053,Outdoor
PROD-01054,Bluetooth Speaker 1054,Electronics
PROD-01055,Yoga Mat 1055,Kitchen
PROD-01056,Backpack 1056,Kitchen
PROD-01057,Water Bottle 1057,Apparel
PROD-01058,Water Bottle 1058,Outdoor
PROD-01059,Water Bottle 1059,Electronics
PROD-01060,Wireless Headphones 1060,Outdoor
PROD-01061,Wireless Headphones 1061,Home Goods
PROD-01062,Running Shoes 1062,Kitchen
PROD-01063,Water Bottle 1063,Kitchen
PROD-01064,Rain Jacket 1064,Apparel
PROD-01065,Backpack 1065,Home Goods
PROD-01066,Wireless Headphones 1066,Outdoor
PROD-01067,Cookware Set 1067,Apparel
PROD-01068,Water Bottle 1068,Outdoor
PROD-01069,Running Shoes 1069,Home Goods
PROD-01070,Coffee Maker 1070,Home Goods
PROD-01071,Backpack 1071,Kitchen
PROD-01072,Backpack 1072,Apparel
PROD-01073,Water Bottle 1073,Outdoor
PROD-01074,Rain Jacket 1074,Apparel
PROD-01075,Backpack 1075,Kitchen
PROD-01076,Water Bottle 1076,Outdoor
PROD-01077,Bluetooth Speaker 1077,Home Goods
PROD-01078,Wireless Headphones 1078,Kitchen
PROD-01079,Yoga Mat 1079,Outdoor
PROD-01080,Rain Jacket 1080,Outdoor
PROD-01081,Wireless Headphones 1081,Outdoor
PROD-01082,Wireless Headphones 1082,Outdoor
PROD-01083,Running Shoes 1083,Apparel
PROD-01084,Yoga Mat 1084,Kitchen
PROD-01085,Rain Jacket 1085,Home Goods
PROD-01086,Cookware Set 1086,Home Goods
PROD-01087,Backpack 1087,Outdoor
PROD-01088,Backpack 1088,Kitchen
PROD-01089,Cookware Set 1089,Apparel
PROD-01090,Rain Jacket 1090,Electronics
PROD-01091,Rain Jacket 1091,Kitchen
PROD-01092,Running Shoes 1092,Kitchen
PROD-01093,Bluetooth Speaker 1093,Electronics
PROD-01094,Backpack 1094,Home Goods
PROD-01095,Yoga Mat 1095,Kitchen
PROD-01096,Backpack 1096,Kitchen
PROD-01097,Wireless Headphones 1097,Kitchen
PROD-01098,Cookware Set 1098,Apparel
PROD-01099,Water Bottle 1099,Outdoor
PROD-01100,Coffee Maker 1100,Apparel
PROD-01101,Desk Lamp 1101,Kitchen
PROD-01102,Running Shoes 1102,Apparel
PROD-01103,Coffee Maker 1103,Electronics
PROD-01104,Backpack 1104,Home Goods
PROD-01105,Bluetooth Speaker 1105,Kitchen
PROD-01106,Coffee Maker 1106,Apparel
PROD-01107,Coffee Maker 1107,Apparel
PROD-01108,Desk Lamp 1108,Outdoor
PROD-01109,Yoga Mat 1109,Outdoor
PROD-01110,Yoga Mat 1110,Electronics
PROD-01111,Wireless Headphones 1111,Home Goods
PROD-01112,Desk Lamp 1112,Home Goods
PROD-01113,Desk Lamp 1113,Electronics
PROD-01114,Coffee Maker 1114,Kitchen
PROD-01115,Desk Lamp 1115,Home Goods
PROD-01116,Yoga Mat 1116,Outdoor
PROD-01117,Wireless Headphones 1117,Kitchen
PROD-01118,Yoga Mat 1118,Home Goods
PROD-01119,Backpack 1119,Electronics
PROD-01120,Cookware Set 1120,Kitchen
PROD-01121,Water Bottle 1121,Home Goods
PROD-01122,Running Shoes 1122,Home Goods
PROD-01123,Bluetooth Speaker 1123,Apparel
PROD-01124,Running Shoes 1124,Outdoor
PROD-01125,Rain Jacket 1125,Outdoor
PROD-01126,Wireless Headphones 1126,Electronics
PROD-01127,Water Bottle 1127,Electronics
PROD-01128,Water Bottle 1128,Apparel
PROD-01129,Backpack 1129,Apparel
PROD-01130,Coffee Maker 1130,Electronics
PROD-01131,Rain Jacket 1131,Apparel
PROD-01132,Cookware Set 1132,Home Goods
PROD-01133,Backpack 1133,Electronics
PROD-01134,Coffee Maker 1134,Apparel
PROD-01135,Cookware Set 1135,Kitchen
PROD-01136,Bluetooth Speaker 1136,Kitchen
PROD-01137,Wireless Headphones 1137,Home Goods
PROD-01138,Wireless Headphones 1138,Outdoor
PROD-01139,Rain Jacket 1139,Home Goods
PROD-01140,Wireless Headphones 1140,Kitchen
PROD-01141,Cookware Set 1141,Apparel
PROD-01142,Rain Jacket 1142,Outdoor
PROD-01143,Backpack 1143,Electronics
PROD-01144,Cookware Set 1144,Outdoor
PROD-01145,Rain Jacket 1145,Apparel
PROD-01146,Cookware Set 1146,Outdoor
PROD-01147,Bluetooth Speaker 1147,Home Goods
PROD-01148,Coffee Maker 1148,Apparel
PROD-01149,Backpack 1149,Electronics
PROD-01150,Yoga Mat 1150,Apparel
PROD-01151,Bluetooth Speaker 1151,Kitchen
PROD-01152,Running Shoes 1152,Home Goods
PROD-01153,Coffee Maker 1153,Apparel
PROD-01154,Running Shoes 1154,Outdoor
PROD-01155,Running Shoes 1155,Apparel
PROD-01156,Wireless Headphones 1156,Apparel
PROD-01157,Water Bottle 1157,Outdoor
PROD-01158,Bluetooth Speaker 1158,Electronics
PROD-01159,Backpack 1159,Kitchen
PROD-01160,Wireless Headphones 1160,Kitchen
PROD-01161,Cookware Set 1161,Outdoor
PROD-01162,Bluetooth Speaker 1162,Outdoor
PROD-01163,Coffee Maker 1163,Kitchen
PROD-01164,Bluetooth Speaker 1164,Apparel
PROD-01165,Backpack 1165,Home Goods
PROD-01166,Cookware Set 1166,Kitchen
PROD-01167,Water Bottle 1167,Kitchen
PROD-01168,Bluetooth Speaker 1168,Outdoor
PROD-01169,Cookware Set 1169,Kitchen
PROD-01170,Bluetooth Speaker 1170,Electronics
PROD-01171,Cookware Set 1171,Home Goods
PROD-01172,Cookware Set 1172,Apparel
PROD-01173,Rain Jacket 1173,Kitchen
PROD-01174,Water Bottle 1174,Outdoor
PROD-01175,Wireless Headphones 1175,Kitchen
PROD-01176,Coffee Maker 1176,Kitchen
PROD-01177,Running Shoes 1177,Outdoor
PROD-01178,Water Bottle 1178,Home Goods
PROD-01179,Bluetooth Speaker 1179,Kitchen
PROD-01180,Desk Lamp 1180,Electronics
PROD-01181,Running Shoes 1181,Apparel
PROD-01182,Yoga Mat 1182,Outdoor
PROD-01183,Desk Lamp 1183,Apparel
PROD-01184,Bluetooth Speaker 1184,Electronics
PROD-01185,Backpack 1185,Outdoor
PROD-01186,Yoga Mat 1186,Home Goods
PROD-01187,Cookware Set 1187,Electronics
PROD-01188,Coffee Maker 1188,Home Goods
PROD-01189,Yoga Mat 1189,Outdoor
PROD-01190,Wireless Headphones 1190,Electronics
PROD-01191,Cookware Set 1191,Kitchen
PROD-01192,Rain Jacket 1192,Apparel
PROD-01193,Running Shoes 1193,Outdoor
PROD-01194,Bluetooth Speaker 1194,Home Goods
PROD-01195,Yoga Mat 1195,Kitchen
PROD-01196,Yoga Mat 1196,Electronics
PROD-01197,Coffee Maker 1197,Outdoor
PROD-01198,Wireless Headphones 1198,Home Goods
PROD-01199,Yoga Mat 1199,Apparel
PROD-01200,Cookware Set 1200,Home Goods
PROD-01201,Running Shoes 1201,Kitchen
PROD-01202,Water Bottle 1202,Outdoor
PROD-01203,Rain Jacket 1203,Apparel
PROD-01204,Running Shoes 1204,Electronics
PROD-01205,Cookware Set 1205,Kitchen
PROD-01206,Bluetooth Speaker 1206,Electronics
PROD-01207,Backpack 1207,Apparel
PROD-01208,Bluetooth Speaker 1208,Home Goods
PROD-01209,Coffee Maker 1209,Apparel
PROD-01210,Coffee Maker 1210,Home Goods
PROD-01211,Bluetooth Speaker 1211,Home Goods
PROD-01212,Desk Lamp 1212,Kitchen
PROD-01213,Running Shoes 1213,Electronics
PROD-01214,Wireless Headphones 1214,Electronics
PROD-01215,Coffee Maker 1215,Home Goods
PROD-01216,Rain Jacket 1216,Kitchen
PROD-01217,Coffee Maker 1217,Electronics
PROD-01218,Yoga Mat 1218,Outdoor
PROD-01219,Rain Jacket 1219,Outdoor
PROD-01220,Cookware Set 1220,Kitchen
PROD-01221,Desk Lamp 1221,Electronics
PROD-01222,Bluetooth Speaker 1222,Home Goods
PROD-01223,Rain Jacket 1223,Electronics
PROD-01224,Coffee Maker 1224,Outdoor
PROD-01225,Rain Jacket 1225,Kitchen
PROD-01226,Backpack 1226,Apparel
PROD-01227,Cookware Set 1227,Electronics
PROD-01228,Running Shoes 1228,Kitchen
PROD-01229,Running Shoes 1229,Home Goods
PROD-01230,Rain Jacket 1230,Home Goods
PROD-01231,Running Shoes 1231,Home Goods
PROD-01232,Wireless Headphones 1232,Outdoor
PROD-01233,Water Bottle 1233,Apparel
PROD-01234,Bluetooth Speaker 1234,Kitchen
PROD-01235,Rain Jacket 1235,Electronics
PROD-01236,Rain Jacket 1236,Kitchen
PROD-01237,Water Bottle 1237,Kitchen
PROD-01238,Running Shoes 1238,Kitchen
PROD-01239,Coffee Maker 1239,Apparel
PROD-01240,Coffee Maker 1240,Outdoor
PROD-01241,Desk Lamp 1241,Electronics
PROD-01242,Cookware Set 1242,Electronics
PROD-01243,Bluetooth Speaker 1243,Outdoor
PROD-01244,Coffee Maker 1244,Home Goods
PROD-01245,Water Bottle 1245,Electronics
PROD-01246,Bluetooth Speaker 1246,Electronics
PROD-01247,Water Bottle 1247,Outdoor
PROD-01248,Water Bottle 1248,Apparel
PROD-01249,Running Shoes 1249,Kitchen
PROD-01250,Wireless Headphones 1250,Electronics
PROD-01251,Wireless Headphones 1251,Home Goods
PROD-01252,Coffee Maker 1252,Kitchen
PROD-01253,Bluetooth Speaker 1253,Apparel
PROD-01254,Bluetooth Speaker 1254,Outdoor
PROD-01255,Bluetooth Speaker 1255,Electronics
PROD-01256,Running Shoes 1256,Home Goods
PROD-01257,Water Bottle 1257,Home Goods
PROD-01258,Coffee Maker 1258,Electronics
PROD-01259,Yoga Mat 1259,Kitchen
PROD-01260,Cookware Set 1260,Apparel
PROD-01261,Desk Lamp 1261,Kitchen
PROD-01262,Cookware Set 1262,Apparel
PROD-01263,Rain Jacket 1263,Home Goods
PROD-01264,Wireless Headphones 1264,Home Goods
PROD-01265,Bluetooth Speaker 1265,Apparel
PROD-01266,Yoga Mat 1266,Kitchen
PROD-01267,Bluetooth Speaker 1267,Apparel
PROD-01268,Wireless Headphones 1268,Apparel
PROD-01269,Rain Jacket 1269,Apparel
PROD-01270,Rain Jacket 1270,Outdoor
PROD-01271,Yoga Mat 1271,Electronics
PROD-01272,Running Shoes 1272,Electronics
PROD-01273,Desk Lamp 1273,Apparel
PROD-01274,Bluetooth Speaker 1274,Electronics
PROD-01275,Coffee Maker 1275,Outdoor
PROD-01276,Rain Jacket 1276,Kitchen
PROD-01277,Wireless Headphones 1277,Apparel
PROD-01278,Rain Jacket 1278,Outdoor
PROD-01279,Coffee Maker 1279,Outdoor
PROD-01280,Desk Lamp 1280,Outdoor
PROD-01281,Rain Jacket 1281,Electronics
PROD-01282,Running Shoes 1282,Kitchen
PROD-01283,Wireless Headphones 1283,Electronics
PROD-01284,Yoga Mat 1284,Kitchen
PROD-01285,Water Bottle 1285,Home Goods
PROD-01286,Cookware Set 1286,Home Goods
PROD-01287,Bluetooth Speaker 1287,Apparel
PROD-01288,Running Shoes 1288,Kitchen
PROD-01289,Bluetooth Speaker 1289,Outdoor
PROD-01290,Backpack 1290,Home Goods
PROD-01291,Yoga Mat 1291,Home Goods
PROD-01292,Backpack 1292,Home Goods
PROD-01293,Wireless Headphones 1293,Kitchen
PROD-01294,Wireless Headphones 1294,Home Goods
PROD-01295,Desk Lamp 1295,Electronics
PROD-01296,Running Shoes 1296,Kitchen
PROD-01297,Running Shoes 1297,Kitchen
PROD-01298,Bluetooth Speaker 1298,Electronics
PROD-01299,Coffee Maker 1299,Electronics
PROD-01300,Bluetooth Speaker 1300,Home Goods
PROD-01301,Water Bottle 1301,Home Goods
PROD-01302,Water Bottle 1302,Electronics
PROD-01303,Running Shoes 1303,Home Goods
PROD-01304,Cookware Set 1304,Outdoor
PROD-01305,Rain Jacket 1305,Outdoor
PROD-01306,Backpack 1306,Kitchen
PROD-01307,Wireless Headphones 1307,Electronics
PROD-01308,Desk Lamp 1308,Apparel
PROD-01309,Bluetooth Speaker 1309,Kitchen
PROD-01310,Coffee Maker 1310,Home Goods
PROD-01311,Running Shoes 1311,Apparel
PROD-01312,Coffee Maker 1312,Kitchen
PROD-01313,Cookware Set 1313,Apparel
PROD-01314,Yoga Mat 1314,Home Goods
PROD-01315,Wireless Headphones 1315,Kitchen
PROD-01316,Running Shoes 1316,Home Goods
PROD-01317,Water Bottle 1317,Outdoor
PROD-01318,Rain Jacket 1318,Apparel
PROD-01319,Yoga Mat 1319,Kitchen
PROD-01320,Running Shoes 1320,Outdoor
PROD-01321,Yoga Mat 1321,Kitchen
PROD-01322,Running Shoes 1322,Outdoor
PROD-01323,Water Bottle 1323,Outdoor
PROD-01324,Cookware Set 1324,Outdoor
PROD-01325,Cookware Set 1325,Kitchen
PROD-01326,Running Shoes 1326,Outdoor
PROD-01327,Cookware Set 1327,Home Goods
PROD-01328,Water Bottle 1328,Apparel
PROD-01329,Bluetooth Speaker 1329,Outdoor
PROD-01330,Wireless Headphones 1330,Electronics
PROD-01331,Backpack 1331,Kitchen
PROD-01332,Water Bottle 1332,Kitchen
PROD-01333,Coffee Maker 1333,Apparel
PROD-01334,Rain Jacket 1334,Outdoor
PROD-01335,Running Shoes 1335,Apparel
PROD-01336,Yoga Mat 1336,Electronics
PROD-01337,Bluetooth Speaker 1337,Electronics
PROD-01338,Running Shoes 1338,Kitchen
PROD-01339,Bluetooth Speaker 1339,Kitchen
PROD-01340,Desk Lamp 1340,Outdoor
PROD-01341,Cookware Set 1341,Home Goods
PROD-01342,Cookware Set 1342,Home Goods
PROD-01343,Wireless Headphones 1343,Electronics
PROD-01344,Cookware Set 1344,Apparel
PROD-01345,Desk Lamp 1345,Apparel
PROD-01346,Backpack 1346,Apparel
PROD-01347,Desk Lamp 1347,Apparel
PROD-01348,Wireless Headphones 1348,Kitchen
PROD-01349,Desk Lamp 1349,Apparel
PROD-01350,Bluetooth Speaker 1350,Home Goods
PROD-01351,Wireless Headphones 1351,Outdoor
PROD-01352,Bluetooth Speaker 1352,Outdoor
PROD-01353,Backpack 1353,Kitchen
PROD-01354,Rain Jacket 1354,Outdoor
PROD-01355,Wireless Headphones 1355,Outdoor
PROD-01356,Backpack 1356,Apparel
PROD-01357,Water Bottle 1357,Apparel
PROD-01358,Water Bottle 1358,Electronics
PROD-01359,Rain Jacket 1359,Kitchen
PROD-01360,Backpack 1360,Apparel
PROD-01361,Backpack 1361,Outdoor
PROD-01362,Running Shoes 1362,Outdoor
PROD-01363,Running Shoes 1363,Home Goods
PROD-01364,Desk Lamp 1364,Apparel
PROD-01365,Bluetooth Speaker 1365,Electronics
PROD-01366,Running Shoes 1366,Electronics
PROD-01367,Desk Lamp 1367,Apparel
PROD-01368,Wireless Headphones 1368,Electronics
PROD-01369,Water Bottle 1369,Apparel
PROD-01370,Bluetooth Speaker 1370,Home Goods
PROD-01371,Running Shoes 1371,Electronics
PROD-01372,Desk Lamp 1372,Apparel
PROD-01373,Cookware Set 1373,Apparel
PROD-01374,Yoga Mat 1374,Electronics
PROD-01375,Water Bottle 1375,Electronics
PROD-01376,Yoga Mat 1376,Home Goods
PROD-01377,Coffee Maker 1377,Kitchen
PROD-01378,Wireless Headphones 1378,Kitchen
PROD-01379,Rain Jacket 1379,Apparel
PROD-01380,Coffee Maker 1380,Home Goods
PROD-01381,Wireless Headphones 1381,Kitchen
PROD-01382,Bluetooth Speaker 1382,Home Goods
PROD-01383,Backpack 1383,Apparel
PROD-01384,Running Shoes 1384,Outdoor
PROD-01385,Cookware Set 1385,Outdoor
PROD-01386,Water Bottle 1386,Kitchen
PROD-01387,Running Shoes 1387,Kitchen
PROD-01388,Cookware Set 1388,Electronics
PROD-01389,Bluetooth Speaker 1389,Electronics
PROD-01390,Desk Lamp 1390,Home Goods
PROD-01391,Rain Jacket 1391,Home Goods
PROD-01392,Coffee Maker 1392,Kitchen
PROD-01393,Bluetooth Speaker 1393,Electronics
PROD-01394,Rain Jacket 1394,Outdoor
PROD-01395,Bluetooth Speaker 1395,Electronics
PROD-01396,Water Bottle 1396,Kitchen
PROD-01397,Backpack 1397,Electronics
PROD-01398,Running Shoes 1398,Kitchen
PROD-01399,Rain Jacket 1399,Home Goods
PROD-01400,Yoga Mat 1400,Outdoor
PROD-01401,Water Bottle 1401,Electronics
PROD-01402,Wireless Headphones 1402,Home Goods
PROD-01403,Backpack 1403,Outdoor
PROD-01404,Water Bottle 1404,Apparel
PROD-01405,Water Bottle 1405,Apparel
PROD-01406,Rain Jacket 1406,Home Goods
PROD-01407,Rain Jacket 1407,Home Goods
PROD-01408,Wireless Headphones 1408,Apparel
PROD-01409,Wireless Headphones 1409,Apparel
PROD-01410,Backpack 1410,Kitchen
PROD-01411,Coffee Maker 1411,Home Goods
PROD-01412,Wireless Headphones 1412,Home Goods
PROD-01413,Desk Lamp 1413,Kitchen
PROD-01414,Running Shoes 1414,Home Goods
PROD-01415,Coffee Maker 1415,Kitchen
PROD-01416,Desk Lamp 1416,Home Goods
PROD-01417,Rain Jacket 1417,Electronics
PROD-01418,Rain Jacket 1418,Home Goods
PROD-01419,Backpack 1419,Kitchen
PROD-01420,Water Bottle 1420,Outdoor
PROD-01421,Rain Jacket 1421,Outdoor
PROD-01422,Water Bottle 1422,Kitchen
PROD-01423,Running Shoes 1423,Apparel
PROD-01424,Running Shoes 1424,Electronics
PROD-01425,Running Shoes 1425,Home Goods
PROD-01426,Bluetooth Speaker 1426,Outdoor
PROD-01427,Rain Jacket 1427,Kitchen
PROD-01428,Yoga Mat 1428,Kitchen
PROD-01429,Water Bottle 1429,Apparel
PROD-01430,Water Bottle 1430,Outdoor
PROD-01431,Rain Jacket 1431,Apparel
PROD-01432,Bluetooth Speaker 1432,Kitchen
PROD-01433,Yoga Mat 1433,Home Goods
PROD-01434,Yoga Mat 1434,Home Goods
PROD-01435,Yoga Mat 1435,Kitchen
PROD-01436,Bluetooth Speaker 1436,Kitchen
PROD-01437,Wireless Headphones 1437,Apparel
PROD-01438,Cookware Set 1438,Apparel
PROD-01439,Running Shoes 1439,Outdoor
PROD-01440,Backpack 1440,Electronics
PROD-01441,Cookware Set 1441,Home Goods
PROD-01442,Water Bottle 1442,Electronics
PROD-01443,Water Bottle 1443,Electronics
PROD-01444,Backpack 1444,Outdoor
PROD-01445,Coffee Maker 1445,Home Goods
PROD-01446,Water Bottle 1446,Electronics
PROD-01447,Wireless Headphones 1447,Kitchen
PROD-01448,Rain Jacket 1448,Apparel
PROD-01449,Rain Jacket 1449,Apparel
PROD-01450,Cookware Set 1450,Apparel
PROD-01451,Coffee Maker 1451,Kitchen
PROD-01452,Rain Jacket 1452,Apparel
PROD-01453,Running Shoes 1453,Apparel
PROD-01454,Wireless Headphones 1454,Home Goods
PROD-01455,Rain Jacket 1455,Apparel
PROD-01456,Backpack 1456,Electronics
PROD-01457,Wireless Headphones 1457,Outdoor
PROD-01458,Desk Lamp 1458,Home Goods
PROD-01459,Coffee Maker 1459,Apparel
PROD-01460,Bluetooth Speaker 1460,Home Goods
PROD-01461,Cookware Set 1461,Kitchen
PROD-01462,Yoga Mat 1462,Kitchen
PROD-01463,Wireless Headphones 1463,Outdoor
PROD-01464,Water Bottle 1464,Outdoor
PROD-01465,Backpack 1465,Home Goods
PROD-01466,Yoga Mat 1466,Home Goods
PROD-01467,Coffee Maker 1467,Kitchen
PROD-01468,Cookware Set 1468,Electronics
PROD-01469,Backpack 1469,Electronics
PROD-01470,Coffee Maker 1470,Outdoor
PROD-01471,Rain Jacket 1471,Home Goods
PROD-01472,Rain Jacket 1472,Home Goods
PROD-01473,Wireless Headphones 1473,Home Goods
PROD-01474,Coffee Maker 1474,Electronics
PROD-01475,Running Shoes 1475,Outdoor
PROD-01476,Rain Jacket 1476,Home Goods
PROD-01477,Bluetooth Speaker 1477,Kitchen
PROD-01478,Rain Jacket 1478,Outdoor
PROD-01479,Wireless Headphones 1479,Electronics
PROD-01480,Bluetooth Speaker 1480,Home Goods
PROD-01481,Bluetooth Speaker 1481,Electronics
PROD-01482,Water Bottle 1482,Electronics
PROD-01483,Cookware Set 1483,Outdoor
PROD-01484,Coffee Maker 1484,Kitchen
PROD-01485,Wireless Headphones 1485,Outdoor
PROD-01486,Water Bottle 1486,Kitchen
PROD-01487,Wireless Headphones 1487,Electronics
PROD-01488,Coffee Maker 1488,Outdoor
PROD-01489,Cookware Set 1489,Outdoor
PROD-01490,Bluetooth Speaker 1490,Home Goods
PROD-01491,Running Shoes 1491,Outdoor
PROD-01492,Coffee Maker 1492,Electronics
PROD-01493,Backpack 1493,Outdoor
PROD-01494,Rain Jacket 1494,Kitchen
PROD-01495,Coffee Maker 1495,Kitchen
PROD-01496,Running Shoes 1496,Outdoor
PROD-01497,Cookware Set 1497,Outdoor
PROD-01498,Desk Lamp 1498,Apparel
PROD-01499,Running Shoes 1499,Apparel
PROD-01500,Cookware Set 1500,Electronics
PROD-01501,Wireless Headphones 1501,Electronics
PROD-01502,Backpack 1502,Electronics
PROD-01503,Cookware Set 1503,Home Goods
PROD-01504,Cookware Set 1504,Kitchen
PROD-01505,Wireless Headphones 1505,Electronics
PROD-01506,Desk Lamp 1506,Home Goods
PROD-01507,Cookware Set 1507,Apparel
PROD-01508,Bluetooth Speaker 1508,Electronics
PROD-01509,Wireless Headphones 1509,Apparel
PROD-01510,Yoga Mat 1510,Kitchen
PROD-01511,Backpack 1511,Home Goods
PROD-01512,Backpack 1512,Electronics
PROD-01513,Coffee Maker 1513,Kitchen
PROD-01514,Water Bottle 1514,Outdoor
PROD-01515,Desk Lamp 1515,Kitchen
PROD-01516,Backpack 1516,Apparel
PROD-01517,Coffee Maker 1517,Electronics
PROD-01518,Cookware Set 1518,Outdoor
PROD-01519,Cookware Set 1519,Outdoor
PROD-01520,Wireless Headphones 1520,Electronics
PROD-01521,Coffee Maker 1521,Apparel
PROD-01522,Water Bottle 1522,Home Goods
PROD-01523,Running Shoes 1523,Kitchen
PROD-01524,Wireless Headphones 1524,Kitchen
PROD-01525,Yoga Mat 1525,Electronics
PROD-01526,Coffee Maker 1526,Home Goods
PROD-01527,Cookware Set 1527,Apparel
PROD-01528,Yoga Mat 1528,Kitchen
PROD-01529,Backpack 1529,Outdoor
PROD-01530,Backpack 1530,Outdoor
PROD-01531,Backpack 1531,Kitchen
PROD-01532,Water Bottle 1532,Home Goods
PROD-01533,Rain Jacket 1533,Electronics
PROD-01534,Backpack 1534,Home Goods
PROD-01535,Wireless Headphones 1535,Outdoor
PROD-01536,Desk Lamp 1536,Home Goods
PROD-01537,Desk Lamp 1537,Kitchen
PROD-01538,Bluetooth Speaker 1538,Kitchen
PROD-01539,Desk Lamp 1539,Home Goods
PROD-01540,Rain Jacket 1540,Outdoor
PROD-01541,Coffee Maker 1541,Kitchen
PROD-01542,Cookware Set 1542,Electronics
PROD-01543,Wireless Headphones 1543,Home Goods
PROD-01544,Yoga Mat 1544,Electronics
PROD-01545,Bluetooth Speaker 1545,Electronics
PROD-01546,Wireless Headphones 1546,Apparel
PROD-01547,Backpack 1547,Outdoor
PROD-01548,Backpack 1548,Outdoor
PROD-01549,Rain Jacket 1549,Apparel
PROD-01550,Running Shoes 1550,Electronics
PROD-01551,Wireless Headphones 1551,Apparel
PROD-01552,Coffee Maker 1552,Apparel
PROD-01553,Wireless Headphones 1553,Home Goods
PROD-01554,Running Shoes 1554,Apparel
PROD-01555,Backpack 1555,Home Goods
PROD-01556,Water Bottle 1556,Kitchen
PROD-01557,Yoga Mat 1557,Kitchen
PROD-01558,Rain Jacket 1558,Electronics
PROD-01559,Bluetooth Speaker 1559,Outdoor
PROD-01560,Yoga Mat 1560,Apparel
PROD-01561,Yoga Mat 1561,Kitchen
PROD-01562,Water Bottle 1562,Apparel
PROD-01563,Desk Lamp 1563,Home Goods
PROD-01564,Coffee Maker 1564,Outdoor
PROD-01565,Desk Lamp 1565,Kitchen
PROD-01566,Desk Lamp 1566,Home Goods
PROD-01567,Water Bottle 1567,Kitchen
PROD-01568,Coffee Maker 1568,Kitchen
PROD-01569,Bluetooth Speaker 1569,Electronics
PROD-01570,Coffee Maker 1570,Home Goods
PROD-01571,Cookware Set 1571,Apparel
PROD-01572,Coffee Maker 1572,Apparel
PROD-01573,Desk Lamp 1573,Apparel
PROD-01574,Yoga Mat 1574,Apparel
PROD-01575,Yoga Mat 1575,Outdoor
PROD-01576,Rain Jacket 1576,Home Goods
PROD-01577,Wireless Headphones 1577,Home Goods
PROD-01578,Coffee Maker 1578,Outdoor
PROD-01579,Backpack 1579,Electronics
PROD-01580,Cookware Set 1580,Electronics
PROD-01581,Bluetooth Speaker 1581,Home Goods
PROD-01582,Wireless Headphones 1582,Outdoor
PROD-01583,Wireless Headphones 1583,Apparel
PROD-01584,Bluetooth Speaker 1584,Apparel
PROD-01585,Yoga Mat 1585,Home Goods
PROD-01586,Backpack 1586,Apparel
PROD-01587,Rain Jacket 1587,Outdoor
PROD-01588,Backpack 1588,Electronics
PROD-01589,Coffee Maker 1589,Apparel
PROD-01590,Water Bottle 1590,Kitchen
PROD-01591,Bluetooth Speaker 1591,Apparel
PROD-01592,Wireless Headphones 1592,Apparel
PROD-01593,Running Shoes 1593,Apparel
PROD-01594,Water Bottle 1594,Kitchen
PROD-01595,Desk Lamp 1595,Kitchen
PROD-01596,Backpack 1596,Apparel
PROD-01597,Running Shoes 1597,Kitchen
PROD-01598,Water Bottle 1598,Kitchen
PROD-01599,Yoga Mat 1599,Electronics
PROD-01600,Yoga Mat 1600,Electronics
PROD-01601,Wireless Headphones 1601,Kitchen
PROD-01602,Cookware Set 1602,Kitchen
PROD-01603,Water Bottle 1603,Outdoor
PROD-01604,Wireless Headphones 1604,Apparel
PROD-01605,Water Bottle 1605,Home Goods
PROD-01606,Rain Jacket 1606,Home Goods
PROD-01607,Desk Lamp 1607,Kitchen
PROD-01608,Running Shoes 1608,Home Goods
PROD-01609,Running Shoes 1609,Home Goods
PROD-01610,Running Shoes 1610,Outdoor
PROD-01611,Yoga Mat 1611,Kitchen
PROD-01612,Wireless Headphones 1612,Electronics
PROD-01613,Coffee Maker 1613,Electronics
PROD-01614,Backpack 1614,Outdoor
PROD-01615,Rain Jacket 1615,Electronics
PROD-01616,Cookware Set 1616,Kitchen
PROD-01617,Running Shoes 1617,Apparel
PROD-01618,Bluetooth Speaker 1618,Electronics
PROD-01619,Coffee Maker 1619,Apparel
PROD-01620,Desk Lamp 1620,Kitchen
PROD-01621,Bluetooth Speaker 1621,Outdoor
PROD-01622,Running Shoes 1622,Outdoor
PROD-01623,Bluetooth Speaker 1623,Electronics
PROD-01624,Running Shoes 1624,Kitchen
PROD-01625,Desk Lamp 1625,Home Goods
PROD-01626,Yoga Mat 1626,Home Goods
PROD-01627,Wireless Headphones 1627,Apparel
PROD-01628,Rain Jacket 1628,Home Goods
PROD-01629,Rain Jacket 1629,Electronics
PROD-01630,Yoga Mat 1630,Home Goods
PROD-01631,Cookware Set 1631,Kitchen
PROD-01632,Wireless Headphones 1632,Kitchen
PROD-01633,Wireless Headphones 1633,Home Goods
PROD-01634,Cookware Set 1634,Electronics
PROD-01635,Rain Jacket 1635,Electronics
PROD-01636,Backpack 1636,Electronics
PROD-01637,Cookware Set 1637,Apparel
PROD-01638,Backpack 1638,Electronics
PROD-01639,Desk Lamp 1639,Outdoor
PROD-01640,Desk Lamp 1640,Apparel
PROD-01641,Desk Lamp 1641,Home Goods
PROD-01642,Yoga Mat 1642,Home Goods
PROD-01643,Backpack 1643,Outdoor
PROD-01644,Coffee Maker 1644,Home Goods
PROD-01645,Yoga Mat 1645,Kitchen
PROD-01646,Yoga Mat 1646,Outdoor
PROD-01647,Water Bottle 1647,Kitchen
PROD-01648,Coffee Maker 1648,Electronics
PROD-01649,Rain Jacket 1649,Home Goods
PROD-01650,Coffee Maker 1650,Home Goods
PROD-01651,Cookware Set 1651,Apparel
PROD-01652,Bluetooth Speaker 1652,Outdoor
PROD-01653,Cookware Set 1653,Home Goods
PROD-01654,Coffee Maker 1654,Home Goods
PROD-01655,Yoga Mat 1655,Apparel
PROD-01656,Bluetooth Speaker 1656,Outdoor
PROD-01657,Coffee Maker 1657,Home Goods
PROD-01658,Yoga Mat 1658,Electronics
PROD-01659,Bluetooth Speaker 1659,Kitchen
PROD-01660,Running Shoes 1660,Electronics
PROD-01661,Coffee Maker 1661,Outdoor
PROD-01662,Rain Jacket 1662,Apparel
PROD-01663,Water Bottle 1663,Electronics
PROD-01664,Cookware Set 1664,Apparel
PROD-01665,Wireless Headphones 1665,Outdoor
PROD-01666,Coffee Maker 1666,Electronics
PROD-01667,Water Bottle 1667,Apparel
PROD-01668,Coffee Maker 1668,Electronics
PROD-01669,Backpack 1669,Apparel
PROD-01670,Running Shoes 1670,Kitchen
PROD-01671,Water Bottle 1671,Outdoor
PROD-01672,Water Bottle 1672,Electronics
PROD-01673,Yoga Mat 1673,Home Goods
PROD-01674,Yoga Mat 1674,Outdoor
PROD-01675,Bluetooth Speaker 1675,Outdoor
PROD-01676,Water Bottle 1676,Electronics
PROD-01677,Water Bottle 1677,Home Goods
PROD-01678,Desk Lamp 1678,Home Goods
PROD-01679,Water Bottle 1679,Electronics
PROD-01680,Water Bottle 1680,Electronics
PROD-01681,Rain Jacket 1681,Home Goods
PROD-01682,Water Bottle 1682,Apparel
PROD-01683,Yoga Mat 1683,Apparel
PROD-01684,Yoga Mat 1684,Home Goods
PROD-01685,Rain Jacket 1685,Apparel
PROD-01686,Running Shoes 1686,Home Goods
PROD-01687,Wireless Headphones 1687,Outdoor
PROD-01688,Rain Jacket 1688,Apparel
PROD-01689,Cookware Set 1689,Electronics
PROD-01690,Cookware Set 1690,Electronics
PROD-01691,Wireless Headphones 1691,Outdoor
PROD-01692,Desk Lamp 1692,Electronics
PROD-01693,Cookware Set 1693,Apparel
PROD-01694,Coffee Maker 1694,Electronics
PROD-01695,Yoga Mat 1695,Kitchen
PROD-01696,Rain Jacket 1696,Kitchen
PROD-01697,Backpack 1697,Outdoor
PROD-01698,Rain Jacket 1698,Outdoor
PROD-01699,Rain Jacket 1699,Home Goods
PROD-01700,Cookware Set 1700,Outdoor
PROD-01701,Water Bottle 1701,Kitchen
PROD-01702,Rain Jacket 1702,Electronics
PROD-01703,Desk Lamp 1703,Electronics
PROD-01704,Bluetooth Speaker 1704,Electronics
PROD-01705,Backpack 1705,Kitchen
PROD-01706,Water Bottle 1706,Apparel
PROD-01707,Bluetooth Speaker 1707,Home Goods
PROD-01708,Bluetooth Speaker 1708,Kitchen
PROD-01709,Water Bottle 1709,Electronics
PROD-01710,Coffee Maker 1710,Apparel
PROD-01711,Backpack 1711,Home Goods
PROD-01712,Coffee Maker 1712,Outdoor
PROD-01713,Running Shoes 1713,Apparel
PROD-01714,Backpack 1714,Kitchen
PROD-01715,Wireless Headphones 1715,Apparel
PROD-01716,Bluetooth Speaker 1716,Kitchen
PROD-01717,Wireless Headphones 1717,Home Goods
PROD-01718,Bluetooth Speaker 1718,Electronics
PROD-01719,Yoga Mat 1719,Apparel
PROD-01720,Wireless Headphones 1720,Outdoor
PROD-01721,Cookware Set 1721,Outdoor
PROD-01722,Running Shoes 1722,Home Goods
PROD-01723,Coffee Maker 1723,Apparel
PROD-01724,Bluetooth Speaker 1724,Home Goods
PROD-01725,Backpack 1725,Apparel
PROD-01726,Yoga Mat 1726,Outdoor
PROD-01727,Backpack 1727,Home Goods
PROD-01728,Wireless Headphones 1728,Electronics
PROD-01729,Desk Lamp 1729,Kitchen
PROD-01730,Coffee Maker 1730,Apparel
PROD-01731,Bluetooth Speaker 1731,Home Goods
PROD-01732,Coffee Maker 1732,Electronics
PROD-01733,Yoga Mat 1733,Electronics
PROD-01734,Cookware Set 1734,Apparel
PROD-01735,Water Bottle 1735,Home Goods
PROD-01736,Running Shoes 1736,Electronics
PROD-01737,Running Shoes 1737,Kitchen
PROD-01738,Yoga Mat 1738,Electronics
PROD-01739,Coffee Maker 1739,Electronics
PROD-01740,Bluetooth Speaker 1740,Kitchen
PROD-01741,Water Bottle 1741,Electronics
PROD-01742,Desk Lamp 1742,Outdoor
PROD-01743,Wireless Headphones 1743,Home Goods
PROD-01744,Backpack 1744,Electronics
PROD-01745,Coffee Maker 1745,Apparel
PROD-01746,Bluetooth Speaker 1746,Outdoor
PROD-01747,Water Bottle 1747,Home Goods
PROD-01748,Running Shoes 1748,Kitchen
PROD-01749,Yoga Mat 1749,Kitchen
PROD-01750,Desk Lamp 1750,Electronics
PROD-01751,Rain Jacket 1751,Kitchen
PROD-01752,Rain Jacket 1752,Kitchen
PROD-01753,Coffee Maker 1753,Home Goods
PROD-01754,Bluetooth Speaker 1754,Apparel
PROD-01755,Wireless Headphones 1755,Outdoor
PROD-01756,Desk Lamp 1756,Kitchen
PROD-01757,Yoga Mat 1757,Electronics
PROD-01758,Yoga Mat 1758,Kitchen
PROD-01759,Cookware Set 1759,Outdoor
PROD-01760,Coffee Maker 1760,Outdoor
PROD-01761,Bluetooth Speaker 1761,Apparel
PROD-01762,Yoga Mat 1762,Apparel
PROD-01763,Yoga Mat 1763,Kitchen
PROD-01764,Running Shoes 1764,Kitchen
PROD-01765,Backpack 1765,Outdoor
PROD-01766,Running Shoes 1766,Home Goods
PROD-01767,Yoga Mat 1767,Home Goods
PROD-01768,Water Bottle 1768,Apparel
PROD-01769,Backpack 1769,Apparel
PROD-01770,Desk Lamp 1770,Home Goods
PROD-01771,Cookware Set 1771,Home Goods
PROD-01772,Rain Jacket 1772,Electronics
PROD-01773,Bluetooth Speaker 1773,Home Goods
PROD-01774,Coffee Maker 1774,Home Goods
PROD-01775,Yoga Mat 1775,Home Goods
PROD-01776,Wireless Headphones 1776,Kitchen
PROD-01777,Coffee Maker 1777,Electronics
PROD-01778,Running Shoes 1778,Apparel
PROD-01779,Cookware Set 1779,Apparel
PROD-01780,Wireless Headphones 1780,Apparel
PROD-01781,Yoga Mat 1781,Electronics
PROD-01782,Desk Lamp 1782,Apparel
PROD-01783,Yoga Mat 1783,Electronics
PROD-01784,Water Bottle 1784,Kitchen
PROD-01785,Bluetooth Speaker 1785,Apparel
PROD-01786,Bluetooth Speaker 1786,Electronics
PROD-01787,Cookware Set 1787,Kitchen
PROD-01788,Running Shoes 1788,Apparel
PROD-01789,Desk Lamp 1789,Home Goods
PROD-01790,Cookware Set 1790,Outdoor
PROD-01791,Water Bottle 1791,Electronics
PROD-01792,Bluetooth Speaker 1792,Kitchen
PROD-01793,Bluetooth Speaker 1793,Home Goods
PROD-01794,Backpack 1794,Kitchen
PROD-01795,Cookware Set 1795,Home Goods
PROD-01796,Yoga Mat 1796,Outdoor
PROD-01797,Water Bottle 1797,Electronics
PROD-01798,Backpack 1798,Apparel
PROD-01799,Rain Jacket 1799,Kitchen
PROD-01800,Wireless Headphones 1800,Outdoor
PROD-01801,Backpack 1801,Kitchen
PROD-01802,Rain Jacket 1802,Outdoor
PROD-01803,Bluetooth Speaker 1803,Outdoor
PROD-01804,Wireless Headphones 1804,Home Goods
PROD-01805,Coffee Maker 1805,Home Goods
PROD-01806,Water Bottle 1806,Electronics
PROD-01807,Running Shoes 1807,Kitchen
PROD-01808,Bluetooth Speaker 1808,Kitchen
PROD-01809,Bluetooth Speaker 1809,Kitchen
PROD-01810,Cookware Set 1810,Home Goods
PROD-01811,Water Bottle 1811,Outdoor
PROD-01812,Wireless Headphones 1812,Outdoor
PROD-01813,Running Shoes 1813,Kitchen
PROD-01814,Water Bottle 1814,Outdoor
PROD-01815,Bluetooth Speaker 1815,Kitchen
PROD-01816,Coffee Maker 1816,Apparel
PROD-01817,Water Bottle 1817,Home Goods
PROD-01818,Running Shoes 1818,Electronics
PROD-01819,Water Bottle 1819,Outdoor
PROD-01820,Wireless Headphones 1820,Kitchen
PROD-01821,Rain Jacket 1821,Kitchen
PROD-01822,Backpack 1822,Apparel
PROD-01823,Water Bottle 1823,Home Goods
PROD-01824,Backpack 1824,Electronics
PROD-01825,Rain Jacket 1825,Outdoor
PROD-01826,Yoga Mat 1826,Electronics
PROD-01827,Backpack 1827,Apparel
PROD-01828,Wireless Headphones 1828,Apparel
PROD-01829,Bluetooth Speaker 1829,Electronics
PROD-01830,Backpack 1830,Outdoor
PROD-01831,Rain Jacket 1831,Home Goods
PROD-01832,Water Bottle 1832,Apparel
PROD-01833,Coffee Maker 1833,Kitchen
PROD-01834,Desk Lamp 1834,Home Goods
PROD-01835,Desk Lamp 1835,Electronics
PROD-01836,Running Shoes 1836,Electronics
PROD-01837,Wireless Headphones 1837,Electronics
PROD-01838,Bluetooth Speaker 1838,Outdoor
PROD-01839,Running Shoes 1839,Home Goods
PROD-01840,Coffee Maker 1840,Kitchen
PROD-01841,Cookware Set 1841,Apparel
PROD-01842,Water Bottle 1842,Home Goods
PROD-01843,Desk Lamp 1843,Outdoor
PROD-01844,Bluetooth Speaker 1844,Outdoor
PROD-01845,Yoga Mat 1845,Apparel
PROD-01846,Water Bottle 1846,Electronics
PROD-01847,Desk Lamp 1847,Kitchen
PROD-01848,Backpack 1848,Kitchen
PROD-01849,Yoga Mat 1849,Outdoor
PROD-01850,Backpack 1850,Outdoor
PROD-01851,Rain Jacket 1851,Apparel
PROD-01852,Backpack 1852,Kitchen
PROD-01853,Running Shoes 1853,Home Goods
PROD-01854,Desk Lamp 1854,Apparel
PROD-01855,Cookware Set 1855,Electronics
PROD-01856,Backpack 1856,Apparel
PROD-01857,Yoga Mat 1857,Kitchen
PROD-01858,Bluetooth Speaker 1858,Home Goods
PROD-01859,Rain Jacket 1859,Electronics
PROD-01860,Bluetooth Speaker 1860,Electronics
PROD-01861,Cookware Set 1861,Kitchen
PROD-01862,Backpack 1862,Kitchen
PROD-01863,Running Shoes 1863,Home Goods
PROD-01864,Yoga Mat 1864,Apparel
PROD-01865,Bluetooth Speaker 1865,Kitchen
PROD-01866,Wireless Headphones 1866,Home Goods
PROD-01867,Coffee Maker 1867,Home Goods
PROD-01868,Running Shoes 1868,Home Goods
PROD-01869,Coffee Maker 1869,Electronics
PROD-01870,Backpack 1870,Kitchen
PROD-01871,Water Bottle 1871,Electronics
PROD-01872,Coffee Maker 1872,Electronics
PROD-01873,Wireless Headphones 1873,Apparel
PROD-01874,Bluetooth Speaker 1874,Electronics
PROD-01875,Water Bottle 1875,Apparel
PROD-01876,Yoga Mat 1876,Electronics
PROD-01877,Wireless Headphones 1877,Outdoor
PROD-01878,Rain Jacket 1878,Apparel
PROD-01879,Yoga Mat 1879,Outdoor
PROD-01880,Backpack 1880,Electronics
PROD-01881,Backpack 1881,Outdoor
PROD-01882,Yoga Mat 1882,Kitchen
PROD-01883,Rain Jacket 1883,Apparel
PROD-01884,Desk Lamp 1884,Kitchen
PROD-01885,Rain Jacket 1885,Kitchen
PROD-01886,Backpack 1886,Home Goods
PROD-01887,Coffee Maker 1887,Outdoor
PROD-01888,Running Shoes 1888,Outdoor
PROD-01889,Backpack 1889,Kitchen
PROD-01890,Rain Jacket 1890,Home Goods
PROD-01891,Bluetooth Speaker 1891,Home Goods
PROD-01892,Bluetooth Speaker 1892,Home Goods
PROD-01893,Yoga Mat 1893,Electronics
PROD-01894,Bluetooth Speaker 1894,Kitchen
PROD-01895,Water Bottle 1895,Apparel
PROD-01896,Coffee Maker 1896,Home Goods
PROD-01897,Desk Lamp 1897,Apparel
PROD-01898,Bluetooth Speaker 1898,Outdoor
PROD-01899,Desk Lamp 1899,Home Goods
PROD-01900,Cookware Set 1900,Outdoor
PROD-01901,Backpack 1901,Electronics
PROD-01902,Cookware Set 1902,Home Goods
PROD-01903,Water Bottle 1903,Apparel
PROD-01904,Desk Lamp 1904,Electronics
PROD-01905,Desk Lamp 1905,Outdoor
PROD-01906,Bluetooth Speaker 1906,Home Goods
PROD-01907,Bluetooth Speaker 1907,Apparel
PROD-01908,Bluetooth Speaker 1908,Kitchen
PROD-01909,Wireless Headphones 1909,Kitchen
PROD-01910,Bluetooth Speaker 1910,Home Goods
PROD-01911,Running Shoes 1911,Outdoor
PROD-01912,Rain Jacket 1912,Electronics
PROD-01913,Rain Jacket 1913,Electronics
PROD-01914,Backpack 1914,Outdoor
PROD-01915,Running Shoes 1915,Home Goods
PROD-01916,Yoga Mat 1916,Apparel
PROD-01917,Water Bottle 1917,Kitchen
PROD-01918,Coffee Maker 1918,Kitchen
PROD-01919,Desk Lamp 1919,Outdoor
PROD-01920,Water Bottle 1920,Apparel
PROD-01921,Backpack 1921,Electronics
PROD-01922,Wireless Headphones 1922,Apparel
PROD-01923,Desk Lamp 1923,Electronics
PROD-01924,Bluetooth Speaker 1924,Outdoor
PROD-01925,Wireless Headphones 1925,Apparel
PROD-01926,Coffee Maker 1926,Home Goods
PROD-01927,Yoga Mat 1927,Kitchen
PROD-01928,Coffee Maker 1928,Apparel
PROD-01929,Running Shoes 1929,Apparel
PROD-01930,Yoga Mat 1930,Outdoor
PROD-01931,Bluetooth Speaker 1931,Kitchen
PROD-01932,Cookware Set 1932,Home Goods
PROD-01933,Water Bottle 1933,Outdoor
PROD-01934,Yoga Mat 1934,Home Goods
PROD-01935,Bluetooth Speaker 1935,Electronics
PROD-01936,Water Bottle 1936,Apparel
PROD-01937,Coffee Maker 1937,Outdoor
PROD-01938,Running Shoes 1938,Apparel
PROD-01939,Water Bottle 1939,Apparel
PROD-01940,Water Bottle 1940,Kitchen
PROD-01941,Coffee Maker 1941,Kitchen
PROD-01942,Water Bottle 1942,Electronics
PROD-01943,Wireless Headphones 1943,Electronics
PROD-01944,Water Bottle 1944,Apparel
PROD-01945,Yoga Mat 1945,Kitchen
PROD-01946,Wireless Headphones 1946,Electronics
PROD-01947,Wireless Headphones 1947,Kitchen
PROD-01948,Cookware Set 1948,Apparel
PROD-01949,Wireless Headphones 1949,Kitchen
PROD-01950,Cookware Set 1950,Home Goods
PROD-01951,Water Bottle 1951,Kitchen
PROD-01952,Wireless Headphones 1952,Home Goods
PROD-01953,Rain Jacket 1953,Electronics
PROD-01954,Coffee Maker 1954,Electronics
PROD-01955,Yoga Mat 1955,Home Goods
PROD-01956,Bluetooth Speaker 1956,Electronics
PROD-01957,Backpack 1957,Home Goods
PROD-01958,Yoga Mat 1958,Home Goods
PROD-01959,Bluetooth Speaker 1959,Electronics
PROD-01960,Cookware Set 1960,Apparel
PROD-01961,Running Shoes 1961,Apparel
PROD-01962,Running Shoes 1962,Outdoor
PROD-01963,Desk Lamp 1963,Outdoor
PROD-01964,Water Bottle 1964,Electronics
PROD-01965,Water Bottle 1965,Electronics
PROD-01966,Yoga Mat 1966,Home Goods
PROD-01967,Yoga Mat 1967,Kitchen
PROD-01968,Desk Lamp 1968,Kitchen
PROD-01969,Wireless Headphones 1969,Apparel
PROD-01970,Cookware Set 1970,Electronics
PROD-01971,Yoga Mat 1971,Apparel
PROD-01972,Water Bottle 1972,Electronics
PROD-01973,Desk Lamp 1973,Apparel
PROD-01974,Wireless Headphones 1974,Apparel
PROD-01975,Running Shoes 1975,Outdoor
PROD-01976,Running Shoes 1976,Home Goods
PROD-01977,Backpack 1977,Kitchen
PROD-01978,Running Shoes 1978,Kitchen
PROD-01979,Yoga Mat 1979,Apparel
PROD-01980,Wireless Headphones 1980,Electronics
PROD-01981,Coffee Maker 1981,Apparel
PROD-01982,Rain Jacket 1982,Apparel
PROD-01983,Water Bottle 1983,Apparel
PROD-01984,Running Shoes 1984,Outdoor
PROD-01985,Bluetooth Speaker 1985,Electronics
PROD-01986,Rain Jacket 1986,Kitchen
PROD-01987,Water Bottle 1987,Kitchen
PROD-01988,Water Bottle 1988,Electronics
PROD-01989,Yoga Mat 1989,Apparel
PROD-01990,Cookware Set 1990,Kitchen
PROD-01991,Running Shoes 1991,Home Goods
PROD-01992,Water Bottle 1992,Outdoor
PROD-01993,Water Bottle 1993,Electronics
PROD-01994,Running Shoes 1994,Apparel
PROD-01995,Yoga Mat 1995,Home Goods
PROD-01996,Water Bottle 1996,Outdoor
PROD-01997,Desk Lamp 1997,Home Goods
PROD-01998,Backpack 1998,Kitchen
PROD-01999,Running Shoes 1999,Kitchen
PROD-02000,Desk Lamp 2000,Home Goods
PROD-02001,Backpack 2001,Kitchen
PROD-02002,Bluetooth Speaker 2002,Outdoor
PROD-02003,Desk Lamp 2003,Outdoor
PROD-02004,Water Bottle 2004,Kitchen
PROD-02005,Rain Jacket 2005,Home Goods
PROD-02006,Bluetooth Speaker 2006,Kitchen
PROD-02007,Yoga Mat 2007,Home Goods
PROD-02008,Coffee Maker 2008,Apparel
PROD-02009,Rain Jacket 2009,Home Goods
PROD-02010,Water Bottle 2010,Outdoor
PROD-02011,Running Shoes 2011,Outdoor
PROD-02012,Running Shoes 2012,Apparel
PROD-02013,Backpack 2013,Outdoor
PROD-02014,Cookware Set 2014,Apparel
PROD-02015,Desk Lamp 2015,Apparel
PROD-02016,Wireless Headphones 2016,Home Goods
PROD-02017,Rain Jacket 2017,Electronics
PROD-02018,Bluetooth Speaker 2018,Apparel
PROD-02019,Yoga Mat 2019,Apparel
PROD-02020,Backpack 2020,Electronics
PROD-02021,Water Bottle 2021,Outdoor
PROD-02022,Coffee Maker 2022,Kitchen
PROD-02023,Bluetooth Speaker 2023,Apparel
PROD-02024,Coffee Maker 2024,Home Goods
PROD-02025,Coffee Maker 2025,Kitchen
PROD-02026,Cookware Set 2026,Home Goods
PROD-02027,Backpack 2027,Electronics
PROD-02028,Yoga Mat 2028,Home Goods
PROD-02029,Wireless Headphones 2029,Outdoor
PROD-02030,Yoga Mat 2030,Outdoor
PROD-02031,Yoga Mat 2031,Apparel
PROD-02032,Cookware Set 2032,Home Goods
PROD-02033,Yoga Mat 2033,Outdoor
PROD-02034,Bluetooth Speaker 2034,Home Goods
PROD-02035,Coffee Maker 2035,Kitchen
PROD-02036,Bluetooth Speaker 2036,Outdoor
PROD-02037,Yoga Mat 2037,Electronics
PROD-02038,Yoga Mat 2038,Electronics
PROD-02039,Wireless Headphones 2039,Apparel
PROD-02040,Backpack 2040,Outdoor
PROD-02041,Rain Jacket 2041,Outdoor
PROD-02042,Cookware Set 2042,Home Goods
PROD-02043,Wireless Headphones 2043,Outdoor
PROD-02044,Backpack 2044,Home Goods
PROD-02045,Running Shoes 2045,Electronics
PROD-02046,Running Shoes 2046,Home Goods
PROD-02047,Wireless Headphones 2047,Home Goods
PROD-02048,Yoga Mat 2048,Home Goods
PROD-02049,Backpack 2049,Apparel
PROD-02050,Running Shoes 2050,Home Goods
PROD-02051,Running Shoes 2051,Electronics
PROD-02052,Rain Jacket 2052,Outdoor
PROD-02053,Rain Jacket 2053,Outdoor
PROD-02054,Yoga Mat 2054,Home Goods
PROD-02055,Bluetooth Speaker 2055,Home Goods
PROD-02056,Cookware Set 2056,Outdoor
PROD-02057,Bluetooth Speaker 2057,Apparel
PROD-02058,Running Shoes 2058,Apparel
PROD-02059,Rain Jacket 2059,Outdoor
PROD-02060,Coffee Maker 2060,Electronics
PROD-02061,Cookware Set 2061,Kitchen
PROD-02062,Running Shoes 2062,Home Goods
PROD-02063,Water Bottle 2063,Electronics
PROD-02064,Bluetooth Speaker 2064,Home Goods
PROD-02065,Rain Jacket 2065,Outdoor
PROD-02066,Coffee Maker 2066,Outdoor
PROD-02067,Yoga Mat 2067,Kitchen
PROD-02068,Backpack 2068,Outdoor
PROD-02069,Rain Jacket 2069,Outdoor
PROD-02070,Water Bottle 2070,Apparel
PROD-02071,Cookware Set 2071,Electronics
PROD-02072,Water Bottle 2072,Outdoor
PROD-02073,Cookware Set 2073,Apparel
PROD-02074,Yoga Mat 2074,Electronics
PROD-02075,Running Shoes 2075,Home Goods
PROD-02076,Cookware Set 2076,Home Goods
PROD-02077,Bluetooth Speaker 2077,Outdoor
PROD-02078,Desk Lamp 2078,Electronics
PROD-02079,Rain Jacket 2079,Kitchen
PROD-02080,Cookware Set 2080,Outdoor
PROD-02081,Coffee Maker 2081,Apparel
PROD-02082,Bluetooth Speaker 2082,Apparel
PROD-02083,Yoga Mat 2083,Electronics
PROD-02084,Wireless Headphones 2084,Electronics
PROD-02085,Water Bottle 2085,Kitchen
PROD-02086,Bluetooth Speaker 2086,Outdoor
PROD-02087,Coffee Maker 2087,Home Goods
PROD-02088,Cookware Set 2088,Outdoor
PROD-02089,Backpack 2089,Home Goods
PROD-02090,Yoga Mat 2090,Electronics
PROD-02091,Water Bottle 2091,Kitchen
PROD-02092,Wireless Headphones 2092,Outdoor
PROD-02093,Backpack 2093,Outdoor
PROD-02094,Backpack 2094,Outdoor
PROD-02095,Bluetooth Speaker 2095,Electronics
PROD-02096,Yoga Mat 2096,Apparel
PROD-02097,Running Shoes 2097,Apparel
PROD-02098,Yoga Mat 2098,Apparel
PROD-02099,Desk Lamp 2099,Apparel
PROD-02100,Yoga Mat 2100,Home Goods
PROD-02101,Yoga Mat 2101,Home Goods
PROD-02102,Water Bottle 2102,Electronics
PROD-02103,Wireless Headphones 2103,Kitchen
PROD-02104,Wireless Headphones 2104,Home Goods
PROD-02105,Running Shoes 2105,Apparel
PROD-02106,Desk Lamp 2106,Home Goods
PROD-02107,Cookware Set 2107,Electronics
PROD-02108,Backpack 2108,Apparel
PROD-02109,Yoga Mat 2109,Home Goods
PROD-02110,Yoga Mat 2110,Kitchen
PROD-02111,Rain Jacket 2111,Outdoor
PROD-02112,Running Shoes 2112,Kitchen
PROD-02113,Rain Jacket 2113,Home Goods
PROD-02114,Rain Jacket 2114,Outdoor
PROD-02115,Bluetooth Speaker 2115,Kitchen
PROD-02116,Desk Lamp 2116,Apparel
PROD-02117,Bluetooth Speaker 2117,Electronics
PROD-02118,Backpack 2118,Outdoor
PROD-02119,Wireless Headphones 2119,Kitchen
PROD-02120,Water Bottle 2120,Kitchen
PROD-02121,Backpack 2121,Outdoor
PROD-02122,Coffee Maker 2122,Kitchen
PROD-02123,Running Shoes 2123,Electronics
PROD-02124,Desk Lamp 2124,Home Goods
PROD-02125,Coffee Maker 2125,Apparel
PROD-02126,Desk Lamp 2126,Apparel
PROD-02127,Rain Jacket 2127,Apparel
PROD-02128,Cookware Set 2128,Electronics
PROD-02129,Backpack 2129,Outdoor
PROD-02130,Yoga Mat 2130,Outdoor
PROD-02131,Water Bottle 2131,Kitchen
PROD-02132,Cookware Set 2132,Home Goods
PROD-02133,Water Bottle 2133,Home Goods
PROD-02134,Cookware Set 2134,Apparel
PROD-02135,Coffee Maker 2135,Outdoor
PROD-02136,Backpack 2136,Apparel
PROD-02137,Backpack 2137,Electronics
PROD-02138,Cookware Set 2138,Outdoor
PROD-02139,Cookware Set 2139,Apparel
PROD-02140,Coffee Maker 2140,Kitchen
PROD-02141,Bluetooth Speaker 2141,Apparel
PROD-02142,Wireless Headphones 2142,Apparel
PROD-02143,Bluetooth Speaker 2143,Kitchen
PROD-02144,Water Bottle 2144,Apparel
PROD-02145,Bluetooth Speaker 2145,Home Goods
PROD-02146,Wireless Headphones 2146,Home Goods
PROD-02147,Running Shoes 2147,Apparel
PROD-02148,Wireless Headphones 2148,Electronics
PROD-02149,Yoga Mat 2149,Electronics
PROD-02150,Water Bottle 2150,Electronics
PROD-02151,Bluetooth Speaker 2151,Electronics
PROD-02152,Wireless Headphones 2152,Kitchen
PROD-02153,Rain Jacket 2153,Apparel
PROD-02154,Wireless Headphones 2154,Home Goods
PROD-02155,Coffee Maker 2155,Electronics
PROD-02156,Rain Jacket 2156,Outdoor
PROD-02157,Desk Lamp 2157,Outdoor
PROD-02158,Running Shoes 2158,Electronics
PROD-02159,Backpack 2159,Home Goods
PROD-02160,Desk Lamp 2160,Outdoor
PROD-02161,Cookware Set 2161,Outdoor
PROD-02162,Desk Lamp 2162,Electronics
PROD-02163,Cookware Set 2163,Electronics
PROD-02164,Desk Lamp 2164,Home Goods
PROD-02165,Water Bottle 2165,Kitchen
PROD-02166,Water Bottle 2166,Apparel
PROD-02167,Yoga Mat 2167,Electronics
PROD-02168,Wireless Headphones 2168,Apparel
PROD-02169,Wireless Headphones 2169,Apparel
PROD-02170,Running Shoes 2170,Apparel
PROD-02171,Coffee Maker 2171,Home Goods
PROD-02172,Desk Lamp 2172,Home Goods
PROD-02173,Bluetooth Speaker 2173,Apparel
PROD-02174,Backpack 2174,Electronics
PROD-02175,Running Shoes 2175,Home Goods
PROD-02176,Wireless Headphones 2176,Outdoor
PROD-02177,Yoga Mat 2177,Apparel
PROD-02178,Bluetooth Speaker 2178,Electronics
PROD-02179,Water Bottle 2179,Kitchen
PROD-02180,Bluetooth Speaker 2180,Home Goods
PROD-02181,Yoga Mat 2181,Electronics
PROD-02182,Coffee Maker 2182,Home Goods
PROD-02183,Cookware Set 2183,Apparel
PROD-02184,Wireless Headphones 2184,Outdoor
PROD-02185,Bluetooth Speaker 2185,Home Goods
PROD-02186,Coffee Maker 2186,Outdoor
PROD-02187,Backpack 2187,Outdoor
PROD-02188,Water Bottle 2188,Outdoor
PROD-02189,Running Shoes 2189,Electronics
PROD-02190,Desk Lamp 2190,Kitchen
PROD-02191,Bluetooth Speaker 2191,Apparel
PROD-02192,Water Bottle 2192,Kitchen
PROD-02193,Bluetooth Speaker 2193,Home Goods
PROD-02194,Yoga Mat 2194,Outdoor
PROD-02195,Wireless Headphones 2195,Outdoor
PROD-02196,Bluetooth Speaker 2196,Electronics
PROD-02197,Water Bottle 2197,Outdoor
PROD-02198,Bluetooth Speaker 2198,Electronics
PROD-02199,Backpack 2199,Apparel
PROD-02200,Coffee Maker 2200,Apparel
PROD-02201,Backpack 2201,Electronics
PROD-02202,Water Bottle 2202,Apparel
PROD-02203,Water Bottle 2203,Outdoor
PROD-02204,Desk Lamp 2204,Apparel
PROD-02205,Bluetooth Speaker 2205,Electronics
PROD-02206,Running Shoes 2206,Home Goods
PROD-02207,Yoga Mat 2207,Apparel
PROD-02208,Water Bottle 2208,Home Goods
PROD-02209,Cookware Set 2209,Outdoor
PROD-02210,Rain Jacket 2210,Outdoor
PROD-02211,Coffee Maker 2211,Apparel
PROD-02212,Cookware Set 2212,Apparel
PROD-02213,Desk Lamp 2213,Outdoor
PROD-02214,Wireless Headphones 2214,Outdoor
PROD-02215,Coffee Maker 2215,Apparel
PROD-02216,Wireless Headphones 2216,Home Goods
PROD-02217,Cookware Set 2217,Outdoor
PROD-02218,Cookware Set 2218,Home Goods
PROD-02219,Backpack 2219,Outdoor
PROD-02220,Rain Jacket 2220,Outdoor
PROD-02221,Bluetooth Speaker 2221,Kitchen
PROD-02222,Wireless Headphones 2222,Outdoor
PROD-02223,Coffee Maker 2223,Apparel
PROD-02224,Desk Lamp 2224,Apparel
PROD-02225,Water Bottle 2225,Apparel
PROD-02226,Desk Lamp 2226,Outdoor
PROD-02227,Cookware Set 2227,Kitchen
PROD-02228,Desk Lamp 2228,Electronics
PROD-02229,Backpack 2229,Apparel
PROD-02230,Yoga Mat 2230,Home Goods
PROD-02231,Wireless Headphones 2231,Kitchen
PROD-02232,Desk Lamp 2232,Kitchen
PROD-02233,Rain Jacket 2233,Home Goods
PROD-02234,Wireless Headphones 2234,Home Goods
PROD-02235,Water Bottle 2235,Home Goods
PROD-02236,Rain Jacket 2236,Home Goods
PROD-02237,Running Shoes 2237,Home Goods
PROD-02238,Rain Jacket 2238,Outdoor
PROD-02239,Water Bottle 2239,Apparel
PROD-02240,Rain Jacket 2240,Outdoor
PROD-02241,Yoga Mat 2241,Outdoor
PROD-02242,Rain Jacket 2242,Kitchen
PROD-02243,Running Shoes 2243,Outdoor
PROD-02244,Coffee Maker 2244,Kitchen
PROD-02245,Coffee Maker 2245,Home Goods
PROD-02246,Yoga Mat 2246,Outdoor
PROD-02247,Wireless Headphones 2247,Outdoor
PROD-02248,Desk Lamp 2248,Kitchen
PROD-02249,Bluetooth Speaker 2249,Home Goods
PROD-02250,Coffee Maker 2250,Kitchen
PROD-02251,Cookware Set 2251,Electronics
PROD-02252,Desk Lamp 2252,Kitchen
PROD-02253,Rain Jacket 2253,Home Goods
PROD-02254,Yoga Mat 2254,Outdoor
PROD-02255,Coffee Maker 2255,Home Goods
PROD-02256,Yoga Mat 2256,Electronics
PROD-02257,Cookware Set 2257,Electronics
PROD-02258,Bluetooth Speaker 2258,Outdoor
PROD-02259,Yoga Mat 2259,Kitchen
PROD-02260,Yoga Mat 2260,Electronics
PROD-02261,Desk Lamp 2261,Apparel
PROD-02262,Water Bottle 2262,Outdoor
PROD-02263,Water Bottle 2263,Apparel
PROD-02264,Water Bottle 2264,Outdoor
PROD-02265,Bluetooth Speaker 2265,Kitchen
PROD-02266,Desk Lamp 2266,Outdoor
PROD-02267,Cookware Set 2267,Outdoor
PROD-02268,Water Bottle 2268,Home Goods
PROD-02269,Water Bottle 2269,Outdoor
PROD-02270,Running Shoes 2270,Apparel
PROD-02271,Rain Jacket 2271,Outdoor
PROD-02272,Cookware Set 2272,Outdoor
PROD-02273,Rain Jacket 2273,Kitchen
PROD-02274,Water Bottle 2274,Home Goods
PROD-02275,Cookware Set 2275,Electronics
PROD-02276,Wireless Headphones 2276,Electronics
PROD-02277,Rain Jacket 2277,Electronics
PROD-02278,Cookware Set 2278,Electronics
PROD-02279,Coffee Maker 2279,Kitchen
PROD-02280,Yoga Mat 2280,Kitchen
PROD-02281,Yoga Mat 2281,Kitchen
PROD-02282,Wireless Headphones 2282,Outdoor
PROD-02283,Cookware Set 2283,Home Goods
PROD-02284,Running Shoes 2284,Apparel
PROD-02285,Desk Lamp 2285,Home Goods
PROD-02286,Cookware Set 2286,Apparel
PROD-02287,Water Bottle 2287,Apparel
PROD-02288,Cookware Set 2288,Home Goods
PROD-02289,Bluetooth Speaker 2289,Outdoor
PROD-02290,Coffee Maker 2290,Electronics
PROD-02291,Wireless Headphones 2291,Apparel
PROD-02292,Wireless Headphones 2292,Outdoor
PROD-02293,Yoga Mat 2293,Electronics
PROD-02294,Yoga Mat 2294,Apparel
PROD-02295,Cookware Set 2295,Kitchen
PROD-02296,Wireless Headphones 2296,Home Goods
PROD-02297,Yoga Mat 2297,Kitchen
PROD-02298,Wireless Headphones 2298,Home Goods
PROD-02299,Water Bottle 2299,Kitchen
PROD-02300,Rain Jacket 2300,Outdoor
PROD-02301,Water Bottle 2301,Electronics
PROD-02302,Water Bottle 2302,Outdoor
PROD-02303,Bluetooth Speaker 2303,Electronics
PROD-02304,Rain Jacket 2304,Electronics
PROD-02305,Running Shoes 2305,Kitchen
PROD-02306,Rain Jacket 2306,Kitchen
PROD-02307,Rain Jacket 2307,Kitchen
PROD-02308,Running Shoes 2308,Kitchen
PROD-02309,Cookware Set 2309,Outdoor
PROD-02310,Water Bottle 2310,Apparel
PROD-02311,Yoga Mat 2311,Outdoor
PROD-02312,Cookware Set 2312,Outdoor
PROD-02313,Yoga Mat 2313,Kitchen
PROD-02314,Coffee Maker 2314,Home Goods
PROD-02315,Rain Jacket 2315,Home Goods
PROD-02316,Bluetooth Speaker 2316,Outdoor
PROD-02317,Coffee Maker 2317,Apparel
PROD-02318,Desk Lamp 2318,Outdoor
PROD-02319,Water Bottle 2319,Outdoor
PROD-02320,Desk Lamp 2320,Electronics
PROD-02321,Bluetooth Speaker 2321,Kitchen
PROD-02322,Rain Jacket 2322,Home Goods
PROD-02323,Running Shoes 2323,Kitchen
PROD-02324,Running Shoes 2324,Electronics
PROD-02325,Water Bottle 2325,Electronics
PROD-02326,Yoga Mat 2326,Electronics
PROD-02327,Backpack 2327,Outdoor
PROD-02328,Desk Lamp 2328,Electronics
PROD-02329,Rain Jacket 2329,Apparel
PROD-02330,Wireless Headphones 2330,Outdoor
PROD-02331,Bluetooth Speaker 2331,Electronics
PROD-02332,Coffee Maker 2332,Home Goods
PROD-02333,Running Shoes 2333,Electronics
PROD-02334,Yoga Mat 2334,Outdoor
PROD-02335,Yoga Mat 2335,Apparel
PROD-02336,Yoga Mat 2336,Home Goods
PROD-02337,Cookware Set 2337,Electronics
PROD-02338,Running Shoes 2338,Home Goods
PROD-02339,Wireless Headphones 2339,Kitchen
PROD-02340,Cookware Set 2340,Home Goods
PROD-02341,Desk Lamp 2341,Apparel
PROD-02342,Bluetooth Speaker 2342,Electronics
PROD-02343,Desk Lamp 2343,Home Goods
PROD-02344,Cookware Set 2344,Outdoor
PROD-02345,Running Shoes 2345,Apparel
PROD-02346,Running Shoes 2346,Apparel
PROD-02347,Wireless Headphones 2347,Outdoor
PROD-02348,Running Shoes 2348,Apparel
PROD-02349,Wireless Headphones 2349,Home Goods
PROD-02350,Water Bottle 2350,Electronics
PROD-02351,Wireless Headphones 2351,Outdoor
PROD-02352,Rain Jacket 2352,Electronics
PROD-02353,Bluetooth Speaker 2353,Home Goods
PROD-02354,Water Bottle 2354,Kitchen
PROD-02355,Bluetooth Speaker 2355,Outdoor
PROD-02356,Desk Lamp 2356,Apparel
PROD-02357,Yoga Mat 2357,Home Goods
PROD-02358,Running Shoes 2358,Home Goods
PROD-02359,Bluetooth Speaker 2359,Electronics
PROD-02360,Yoga Mat 2360,Apparel
PROD-02361,Yoga Mat 2361,Kitchen
PROD-02362,Water Bottle 2362,Electronics
PROD-02363,Backpack 2363,Apparel
PROD-02364,Rain Jacket 2364,Home Goods
PROD-02365,Yoga Mat 2365,Outdoor
PROD-02366,Backpack 2366,Home Goods
PROD-02367,Yoga Mat 2367,Electronics
PROD-02368,Wireless Headphones 2368,Home Goods
PROD-02369,Coffee Maker 2369,Home Goods
PROD-02370,Wireless Headphones 2370,Kitchen
PROD-02371,Cookware Set 2371,Outdoor
PROD-02372,Cookware Set 2372,Electronics
PROD-02373,Water Bottle 2373,Kitchen
PROD-02374,Coffee Maker 2374,Kitchen
PROD-02375,Wireless Headphones 2375,Apparel
PROD-02376,Running Shoes 2376,Electronics
PROD-02377,Bluetooth Speaker 2377,Kitchen
PROD-02378,Running Shoes 2378,Apparel
PROD-02379,Desk Lamp 2379,Kitchen
PROD-02380,Water Bottle 2380,Home Goods
PROD-02381,Cookware Set 2381,Home Goods
PROD-02382,Wireless Headphones 2382,Electronics
PROD-02383,Coffee Maker 2383,Apparel
PROD-02384,Desk Lamp 2384,Outdoor
PROD-02385,Bluetooth Speaker 2385,Kitchen
PROD-02386,Desk Lamp 2386,Home Goods
PROD-02387,Desk Lamp 2387,Outdoor
PROD-02388,Bluetooth Speaker 2388,Apparel
PROD-02389,Desk Lamp 2389,Kitchen
PROD-02390,Rain Jacket 2390,Kitchen
PROD-02391,Backpack 2391,Apparel
PROD-02392,Cookware Set 2392,Kitchen
PROD-02393,Bluetooth Speaker 2393,Kitchen
PROD-02394,Coffee Maker 2394,Home Goods
PROD-02395,Cookware Set 2395,Home Goods
PROD-02396,Rain Jacket 2396,Electronics
PROD-02397,Running Shoes 2397,Kitchen
PROD-02398,Running Shoes 2398,Electronics
PROD-02399,Bluetooth Speaker 2399,Apparel
PROD-02400,Water Bottle 2400,Electronics
PROD-02401,Water Bottle 2401,Apparel
PROD-02402,Bluetooth Speaker 2402,Apparel
PROD-02403,Backpack 2403,Outdoor
PROD-02404,Water Bottle 2404,Kitchen
PROD-02405,Running Shoes 2405,Electronics
PROD-02406,Water Bottle 2406,Outdoor
PROD-02407,Cookware Set 2407,Outdoor
PROD-02408,Coffee Maker 2408,Apparel
PROD-02409,Water Bottle 2409,Kitchen
PROD-02410,Running Shoes 2410,Electronics
PROD-02411,Wireless Headphones 2411,Electronics
PROD-02412,Yoga Mat 2412,Kitchen
PROD-02413,Coffee Maker 2413,Apparel
PROD-02414,Coffee Maker 2414,Apparel
PROD-02415,Desk Lamp 2415,Kitchen
PROD-02416,Bluetooth Speaker 2416,Apparel
PROD-02417,Running Shoes 2417,Outdoor
PROD-02418,Desk Lamp 2418,Electronics
PROD-02419,Cookware Set 2419,Apparel
PROD-02420,Backpack 2420,Electronics
PROD-02421,Bluetooth Speaker 2421,Kitchen
PROD-02422,Running Shoes 2422,Kitchen
PROD-02423,Desk Lamp 2423,Home Goods
PROD-02424,Rain Jacket 2424,Home Goods
PROD-02425,Desk Lamp 2425,Electronics
PROD-02426,Wireless Headphones 2426,Home Goods
PROD-02427,Wireless Headphones 2427,Apparel
PROD-02428,Rain Jacket 2428,Kitchen
PROD-02429,Coffee Maker 2429,Outdoor
PROD-02430,Running Shoes 2430,Outdoor
PROD-02431,Bluetooth Speaker 2431,Outdoor
PROD-02432,Backpack 2432,Kitchen
PROD-02433,Rain Jacket 2433,Apparel
PROD-02434,Yoga Mat 2434,Apparel
PROD-02435,Cookware Set 2435,Kitchen
PROD-02436,Rain Jacket 2436,Outdoor
PROD-02437,Rain Jacket 2437,Apparel
PROD-02438,Coffee Maker 2438,Kitchen
PROD-02439,Desk Lamp 2439,Home Goods
PROD-02440,Coffee Maker 2440,Outdoor
PROD-02441,Running Shoes 2441,Kitchen
PROD-02442,Rain Jacket 2442,Kitchen
PROD-02443,Wireless Headphones 2443,Kitchen
PROD-02444,Backpack 2444,Kitchen
PROD-02445,Wireless Headphones 2445,Kitchen
PROD-02446,Water Bottle 2446,Kitchen
PROD-02447,Backpack 2447,Outdoor
PROD-02448,Wireless Headphones 2448,Outdoor
PROD-02449,Wireless Headphones 2449,Home Goods
PROD-02450,Backpack 2450,Apparel
PROD-02451,Backpack 2451,Kitchen
PROD-02452,Bluetooth Speaker 2452,Electronics
PROD-02453,Bluetooth Speaker 2453,Apparel
PROD-02454,Cookware Set 2454,Kitchen
PROD-02455,Backpack 2455,Home Goods
PROD-02456,Desk Lamp 2456,Home Goods
PROD-02457,Backpack 2457,Apparel
PROD-02458,Coffee Maker 2458,Kitchen
PROD-02459,Desk Lamp 2459,Electronics
PROD-02460,Rain Jacket 2460,Home Goods
PROD-02461,Yoga Mat 2461,Outdoor
PROD-02462,Cookware Set 2462,Outdoor
PROD-02463,Yoga Mat 2463,Home Goods
PROD-02464,Yoga Mat 2464,Kitchen
PROD-02465,Water Bottle 2465,Outdoor
PROD-02466,Bluetooth Speaker 2466,Apparel
PROD-02467,Desk Lamp 2467,Outdoor
PROD-02468,Running Shoes 2468,Electronics
PROD-02469,Backpack 2469,Outdoor
PROD-02470,Rain Jacket 2470,Electronics
PROD-02471,Backpack 2471,Home Goods
PROD-02472,Desk Lamp 2472,Electronics
PROD-02473,Coffee Maker 2473,Outdoor
PROD-02474,Wireless Headphones 2474,Outdoor
PROD-02475,Bluetooth Speaker 2475,Electronics
PROD-02476,Running Shoes 2476,Kitchen
PROD-02477,Yoga Mat 2477,Electronics
PROD-02478,Water Bottle 2478,Home Goods
PROD-02479,Backpack 2479,Home Goods
PROD-02480,Yoga Mat 2480,Apparel
PROD-02481,Backpack 2481,Outdoor
PROD-02482,Backpack 2482,Home Goods
PROD-02483,Backpack 2483,Apparel
PROD-02484,Backpack 2484,Electronics
PROD-02485,Cookware Set 2485,Outdoor
PROD-02486,Bluetooth Speaker 2486,Electronics
PROD-02487,Coffee Maker 2487,Apparel
PROD-02488,Water Bottle 2488,Apparel
PROD-02489,Yoga Mat 2489,Kitchen
PROD-02490,Coffee Maker 2490,Home Goods
PROD-02491,Wireless Headphones 2491,Home Goods
PROD-02492,Backpack 2492,Electronics
PROD-02493,Desk Lamp 2493,Apparel
PROD-02494,Bluetooth Speaker 2494,Kitchen
PROD-02495,Cookware Set 2495,Home Goods
PROD-02496,Yoga Mat 2496,Kitchen
PROD-02497,Desk Lamp 2497,Home Goods
PROD-02498,Wireless Headphones 2498,Electronics
PROD-02499,Yoga Mat 2499,Home Goods
PROD-02500,Cookware Set 2500,Apparel
PROD-02501,Cookware Set 2501,Apparel
PROD-02502,Rain Jacket 2502,Home Goods
PROD-02503,Yoga Mat 2503,Kitchen
PROD-02504,Rain Jacket 2504,Kitchen
PROD-02505,Rain Jacket 2505,Apparel
PROD-02506,Water Bottle 2506,Apparel
PROD-02507,Running Shoes 2507,Kitchen
PROD-02508,Yoga Mat 2508,Outdoor
PROD-02509,Coffee Maker 2509,Apparel
PROD-02510,Backpack 2510,Electronics
PROD-02511,Coffee Maker 2511,Kitchen
PROD-02512,Wireless Headphones 2512,Outdoor
PROD-02513,Yoga Mat 2513,Kitchen
PROD-02514,Desk Lamp 2514,Kitchen
PROD-02515,Water Bottle 2515,Home Goods
PROD-02516,Backpack 2516,Home Goods
PROD-02517,Yoga Mat 2517,Electronics
PROD-02518,Desk Lamp 2518,Electronics
PROD-02519,Cookware Set 2519,Kitchen
PROD-02520,Coffee Maker 2520,Home Goods
PROD-02521,Bluetooth Speaker 2521,Electronics
PROD-02522,Coffee Maker 2522,Kitchen
PROD-02523,Water Bottle 2523,Outdoor
PROD-02524,Coffee Maker 2524,Home Goods
PROD-02525,Yoga Mat 2525,Apparel
PROD-02526,Cookware Set 2526,Apparel
PROD-02527,Yoga Mat 2527,Outdoor
PROD-02528,Running Shoes 2528,Outdoor
PROD-02529,Yoga Mat 2529,Outdoor
PROD-02530,Running Shoes 2530,Kitchen
PROD-02531,Backpack 2531,Outdoor
PROD-02532,Running Shoes 2532,Outdoor
PROD-02533,Coffee Maker 2533,Kitchen
PROD-02534,Cookware Set 2534,Electronics
PROD-02535,Water Bottle 2535,Kitchen
PROD-02536,Yoga Mat 2536,Electronics
PROD-02537,Yoga Mat 2537,Kitchen
PROD-02538,Water Bottle 2538,Outdoor
PROD-02539,Desk Lamp 2539,Electronics
PROD-02540,Backpack 2540,Outdoor
PROD-02541,Water Bottle 2541,Home Goods
PROD-02542,Yoga Mat 2542,Home Goods
PROD-02543,Desk Lamp 2543,Kitchen
PROD-02544,Desk Lamp 2544,Home Goods
PROD-02545,Rain Jacket 2545,Electronics
PROD-02546,Backpack 2546,Electronics
PROD-02547,Running Shoes 2547,Apparel
PROD-02548,Wireless Headphones 2548,Outdoor
PROD-02549,Cookware Set 2549,Kitchen
PROD-02550,Cookware Set 2550,Kitchen
PROD-02551,Backpack 2551,Home Goods
PROD-02552,Desk Lamp 2552,Home Goods
PROD-02553,Rain Jacket 2553,Home Goods
PROD-02554,Coffee Maker 2554,Electronics
PROD-02555,Rain Jacket 2555,Kitchen
PROD-02556,Desk Lamp 2556,Home Goods
PROD-02557,Bluetooth Speaker 2557,Apparel
PROD-02558,Cookware Set 2558,Kitchen
PROD-02559,Rain Jacket 2559,Electronics
PROD-02560,Coffee Maker 2560,Outdoor
PROD-02561,Rain Jacket 2561,Home Goods
PROD-02562,Water Bottle 2562,Apparel
PROD-02563,Desk Lamp 2563,Apparel
PROD-02564,Backpack 2564,Outdoor
PROD-02565,Desk Lamp 2565,Outdoor
PROD-02566,Wireless Headphones 2566,Outdoor
PROD-02567,Yoga Mat 2567,Kitchen
PROD-02568,Running Shoes 2568,Outdoor
PROD-02569,Rain Jacket 2569,Apparel
PROD-02570,Water Bottle 2570,Apparel
PROD-02571,Cookware Set 2571,Kitchen
PROD-02572,Coffee Maker 2572,Apparel
PROD-02573,Desk Lamp 2573,Home Goods
PROD-02574,Cookware Set 2574,Outdoor
PROD-02575,Backpack 2575,Home Goods
PROD-02576,Yoga Mat 2576,Home Goods
PROD-02577,Rain Jacket 2577,Home Goods
PROD-02578,Rain Jacket 2578,Electronics
PROD-02579,Cookware Set 2579,Kitchen
PROD-02580,Water Bottle 2580,Outdoor
PROD-02581,Bluetooth Speaker 2581,Outdoor
PROD-02582,Coffee Maker 2582,Home Goods
PROD-02583,Backpack 2583,Apparel
PROD-02584,Coffee Maker 2584,Electronics
PROD-02585,Yoga Mat 2585,Outdoor
PROD-02586,Bluetooth Speaker 2586,Apparel
PROD-02587,Cookware Set 2587,Apparel
PROD-02588,Cookware Set 2588,Outdoor
PROD-02589,Water Bottle 2589,Kitchen
PROD-02590,Desk Lamp 2590,Home Goods
PROD-02591,Wireless Headphones 2591,Electronics
PROD-02592,Desk Lamp 2592,Apparel
PROD-02593,Cookware Set 2593,Apparel
PROD-02594,Wireless Headphones 2594,Apparel
PROD-02595,Backpack 2595,Apparel
PROD-02596,Backpack 2596,Home Goods
PROD-02597,Cookware Set 2597,Home Goods
PROD-02598,Coffee Maker 2598,Kitchen
PROD-02599,Bluetooth Speaker 2599,Electronics
PROD-02600,Backpack 2600,Outdoor
PROD-02601,Backpack 2601,Outdoor
PROD-02602,Backpack 2602,Outdoor
PROD-02603,Wireless Headphones 2603,Electronics
PROD-02604,Coffee Maker 2604,Outdoor
PROD-02605,Rain Jacket 2605,Apparel
PROD-02606,Water Bottle 2606,Electronics
PROD-02607,Coffee Maker 2607,Electronics
PROD-02608,Wireless Headphones 2608,Apparel
PROD-02609,Water Bottle 2609,Electronics
PROD-02610,Desk Lamp 2610,Outdoor
PROD-02611,Cookware Set 2611,Electronics
PROD-02612,Rain Jacket 2612,Outdoor
PROD-02613,Yoga Mat 2613,Apparel
PROD-02614,Desk Lamp 2614,Apparel
PROD-02615,Desk Lamp 2615,Kitchen
PROD-02616,Cookware Set 2616,Kitchen
PROD-02617,Yoga Mat 2617,Outdoor
PROD-02618,Bluetooth Speaker 2618,Kitchen
PROD-02619,Bluetooth Speaker 2619,Home Goods
PROD-02620,Running Shoes 2620,Outdoor
PROD-02621,Rain Jacket 2621,Electronics
PROD-02622,Water Bottle 2622,Outdoor
PROD-02623,Water Bottle 2623,Apparel
PROD-02624,Backpack 2624,Electronics
PROD-02625,Desk Lamp 2625,Kitchen
PROD-02626,Yoga Mat 2626,Apparel
PROD-02627,Wireless Headphones 2627,Kitchen
PROD-02628,Rain Jacket 2628,Kitchen
PROD-02629,Water Bottle 2629,Electronics
PROD-02630,Backpack 2630,Kitchen
PROD-02631,Coffee Maker 2631,Kitchen
PROD-02632,Water Bottle 2632,Home Goods
PROD-02633,Bluetooth Speaker 2633,Kitchen
PROD-02634,Backpack 2634,Kitchen
PROD-02635,Bluetooth Speaker 2635,Apparel
PROD-02636,Water Bottle 2636,Kitchen
PROD-02637,Rain Jacket 2637,Kitchen
PROD-02638,Water Bottle 2638,Outdoor
PROD-02639,Water Bottle 2639,Apparel
PROD-02640,Bluetooth Speaker 2640,Apparel
PROD-02641,Cookware Set 2641,Outdoor
PROD-02642,Water Bottle 2642,Outdoor
PROD-02643,Desk Lamp 2643,Home Goods
PROD-02644,Backpack 2644,Outdoor
PROD-02645,Water Bottle 2645,Kitchen
PROD-02646,Wireless Headphones 2646,Outdoor
PROD-02647,Rain Jacket 2647,Home Goods
PROD-02648,Rain Jacket 2648,Outdoor
PROD-02649,Water Bottle 2649,Kitchen
PROD-02650,Coffee Maker 2650,Outdoor
PROD-02651,Coffee Maker 2651,Outdoor
PROD-02652,Cookware Set 2652,Home Goods
PROD-02653,Cookware Set 2653,Apparel
PROD-02654,Yoga Mat 2654,Home Goods
PROD-02655,Yoga Mat 2655,Kitchen
PROD-02656,Coffee Maker 2656,Home Goods
PROD-02657,Yoga Mat 2657,Outdoor
PROD-02658,Backpack 2658,Outdoor
PROD-02659,Running Shoes 2659,Outdoor
PROD-02660,Cookware Set 2660,Outdoor
PROD-02661,Rain Jacket 2661,Home Goods
PROD-02662,Bluetooth Speaker 2662,Home Goods
PROD-02663,Backpack 2663,Electronics
PROD-02664,Bluetooth Speaker 2664,Home Goods
PROD-02665,Bluetooth Speaker 2665,Apparel
PROD-02666,Backpack 2666,Electronics
PROD-02667,Backpack 2667,Outdoor
PROD-02668,Backpack 2668,Apparel
PROD-02669,Water Bottle 2669,Electronics
PROD-02670,Running Shoes 2670,Apparel
PROD-02671,Running Shoes 2671,Apparel
PROD-02672,Bluetooth Speaker 2672,Kitchen
PROD-02673,Rain Jacket 2673,Kitchen
PROD-02674,Wireless Headphones 2674,Apparel
PROD-02675,Bluetooth Speaker 2675,Apparel
PROD-02676,Desk Lamp 2676,Home Goods
PROD-02677,Rain Jacket 2677,Outdoor
PROD-02678,Running Shoes 2678,Electronics
PROD-02679,Desk Lamp 2679,Electronics
PROD-02680,Backpack 2680,Kitchen
PROD-02681,Bluetooth Speaker 2681,Home Goods
PROD-02682,Rain Jacket 2682,Home Goods
PROD-02683,Bluetooth Speaker 2683,Home Goods
PROD-02684,Water Bottle 2684,Outdoor
PROD-02685,Yoga Mat 2685,Outdoor
PROD-02686,Backpack 2686,Kitchen
PROD-02687,Yoga Mat 2687,Electronics
PROD-02688,Backpack 2688,Kitchen
PROD-02689,Coffee Maker 2689,Kitchen
PROD-02690,Yoga Mat 2690,Home Goods
PROD-02691,Coffee Maker 2691,Outdoor
PROD-02692,Desk Lamp 2692,Home Goods
PROD-02693,Water Bottle 2693,Electronics
PROD-02694,Bluetooth Speaker 2694,Outdoor
PROD-02695,Rain Jacket 2695,Apparel
PROD-02696,Water Bottle 2696,Apparel
PROD-02697,Yoga Mat 2697,Kitchen
PROD-02698,Rain Jacket 2698,Home Goods
PROD-02699,Bluetooth Speaker 2699,Kitchen
PROD-02700,Yoga Mat 2700,Home Goods
PROD-02701,Rain Jacket 2701,Kitchen
PROD-02702,Bluetooth Speaker 2702,Apparel
PROD-02703,Wireless Headphones 2703,Electronics
PROD-02704,Rain Jacket 2704,Home Goods
PROD-02705,Backpack 2705,Apparel
PROD-02706,Rain Jacket 2706,Outdoor
PROD-02707,Rain Jacket 2707,Kitchen
PROD-02708,Yoga Mat 2708,Electronics
PROD-02709,Wireless Headphones 2709,Electronics
PROD-02710,Backpack 2710,Kitchen
PROD-02711,Yoga Mat 2711,Apparel
PROD-02712,Cookware Set 2712,Kitchen
PROD-02713,Yoga Mat 2713,Outdoor
PROD-02714,Water Bottle 2714,Kitchen
PROD-02715,Coffee Maker 2715,Home Goods
PROD-02716,Bluetooth Speaker 2716,Electronics
PROD-02717,Desk Lamp 2717,Apparel
PROD-02718,Running Shoes 2718,Home Goods
PROD-02719,Desk Lamp 2719,Electronics
PROD-02720,Backpack 2720,Apparel
PROD-02721,Rain Jacket 2721,Electronics
PROD-02722,Coffee Maker 2722,Home Goods
PROD-02723,Cookware Set 2723,Outdoor
PROD-02724,Rain Jacket 2724,Home Goods
PROD-02725,Water Bottle 2725,Kitchen
PROD-02726,Water Bottle 2726,Home Goods
PROD-02727,Desk Lamp 2727,Home Goods
PROD-02728,Water Bottle 2728,Electronics
PROD-02729,Water Bottle 2729,Apparel
PROD-02730,Water Bottle 2730,Kitchen
PROD-02731,Desk Lamp 2731,Kitchen
PROD-02732,Yoga Mat 2732,Apparel
PROD-02733,Yoga Mat 2733,Apparel
PROD-02734,Wireless Headphones 2734,Kitchen
PROD-02735,Desk Lamp 2735,Home Goods
PROD-02736,Backpack 2736,Home Goods
PROD-02737,Backpack 2737,Home Goods
PROD-02738,Backpack 2738,Kitchen
PROD-02739,Cookware Set 2739,Electronics
PROD-02740,Running Shoes 2740,Apparel
PROD-02741,Desk Lamp 2741,Electronics
PROD-02742,Rain Jacket 2742,Outdoor
PROD-02743,Coffee Maker 2743,Electronics
PROD-02744,Cookware Set 2744,Home Goods
PROD-02745,Desk Lamp 2745,Apparel
PROD-02746,Yoga Mat 2746,Electronics
PROD-02747,Backpack 2747,Electronics
PROD-02748,Backpack 2748,Kitchen
PROD-02749,Desk Lamp 2749,Home Goods
PROD-02750,Desk Lamp 2750,Kitchen
PROD-02751,Water Bottle 2751,Apparel
PROD-02752,Running Shoes 2752,Kitchen
PROD-02753,Water Bottle 2753,Home Goods
PROD-02754,Bluetooth Speaker 2754,Home Goods
PROD-02755,Water Bottle 2755,Electronics
PROD-02756,Water Bottle 2756,Outdoor
PROD-02757,Bluetooth Speaker 2757,Electronics
PROD-02758,Water Bottle 2758,Electronics
PROD-02759,Backpack 2759,Apparel
PROD-02760,Bluetooth Speaker 2760,Apparel
PROD-02761,Water Bottle 2761,Apparel
PROD-02762,Coffee Maker 2762,Apparel
PROD-02763,Running Shoes 2763,Kitchen
PROD-02764,Running Shoes 2764,Kitchen
PROD-02765,Coffee Maker 2765,Electronics
PROD-02766,Backpack 2766,Electronics
PROD-02767,Wireless Headphones 2767,Electronics
PROD-02768,Running Shoes 2768,Outdoor
PROD-02769,Backpack 2769,Outdoor
PROD-02770,Wireless Headphones 2770,Kitchen
PROD-02771,Water Bottle 2771,Electronics
PROD-02772,Coffee Maker 2772,Home Goods
PROD-02773,Yoga Mat 2773,Home Goods
PROD-02774,Rain Jacket 2774,Electronics
PROD-02775,Water Bottle 2775,Electronics
PROD-02776,Yoga Mat 2776,Apparel
PROD-02777,Water Bottle 2777,Electronics
PROD-02778,Coffee Maker 2778,Electronics
PROD-02779,Wireless Headphones 2779,Apparel
PROD-02780,Backpack 2780,Home Goods
PROD-02781,Yoga Mat 2781,Electronics
PROD-02782,Coffee Maker 2782,Outdoor
PROD-02783,Running Shoes 2783,Kitchen
PROD-02784,Cookware Set 2784,Home Goods
PROD-02785,Yoga Mat 2785,Home Goods
PROD-02786,Running Shoes 2786,Electronics
PROD-02787,Wireless Headphones 2787,Outdoor
PROD-02788,Coffee Maker 2788,Electronics
PROD-02789,Water Bottle 2789,Apparel
PROD-02790,Water Bottle 2790,Kitchen
PROD-02791,Yoga Mat 2791,Home Goods
PROD-02792,Running Shoes 2792,Electronics
PROD-02793,Rain Jacket 2793,Apparel
PROD-02794,Desk Lamp 2794,Home Goods
PROD-02795,Bluetooth Speaker 2795,Apparel
PROD-02796,Water Bottle 2796,Electronics
PROD-02797,Cookware Set 2797,Home Goods
PROD-02798,Backpack 2798,Apparel
PROD-02799,Rain Jacket 2799,Kitchen
PROD-02800,Rain Jacket 2800,Apparel
PROD-02801,Yoga Mat 2801,Electronics
PROD-02802,Cookware Set 2802,Apparel
PROD-02803,Rain Jacket 2803,Apparel
PROD-02804,Wireless Headphones 2804,Outdoor
PROD-02805,Water Bottle 2805,Home Goods
PROD-02806,Running Shoes 2806,Home Goods
PROD-02807,Yoga Mat 2807,Electronics
PROD-02808,Backpack 2808,Kitchen
PROD-02809,Bluetooth Speaker 2809,Apparel
PROD-02810,Wireless Headphones 2810,Electronics
PROD-02811,Desk Lamp 2811,Kitchen
PROD-02812,Water Bottle 2812,Home Goods
PROD-02813,Desk Lamp 2813,Apparel
PROD-02814,Desk Lamp 2814,Outdoor
PROD-02815,Running Shoes 2815,Home Goods
PROD-02816,Cookware Set 2816,Electronics
PROD-02817,Cookware Set 2817,Kitchen
PROD-02818,Wireless Headphones 2818,Apparel
PROD-02819,Running Shoes 2819,Electronics
PROD-02820,Desk Lamp 2820,Outdoor
PROD-02821,Running Shoes 2821,Home Goods
PROD-02822,Water Bottle 2822,Electronics
PROD-02823,Rain Jacket 2823,Outdoor
PROD-02824,Coffee Maker 2824,Kitchen
PROD-02825,Cookware Set 2825,Kitchen
PROD-02826,Cookware Set 2826,Outdoor
PROD-02827,Coffee Maker 2827,Home Goods
PROD-02828,Coffee Maker 2828,Apparel
PROD-02829,Rain Jacket 2829,Apparel
PROD-02830,Coffee Maker 2830,Apparel
PROD-02831,Running Shoes 2831,Apparel
PROD-02832,Desk Lamp 2832,Home Goods
PROD-02833,Running Shoes 2833,Outdoor
PROD-02834,Rain Jacket 2834,Kitchen
PROD-02835,Rain Jacket 2835,Home Goods
PROD-02836,Water Bottle 2836,Outdoor
PROD-02837,Yoga Mat 2837,Electronics
PROD-02838,Bluetooth Speaker 2838,Apparel
PROD-02839,Water Bottle 2839,Home Goods
PROD-02840,Desk Lamp 2840,Electronics
PROD-02841,Water Bottle 2841,Outdoor
PROD-02842,Running Shoes 2842,Kitchen
PROD-02843,Yoga Mat 2843,Home Goods
PROD-02844,Wireless Headphones 2844,Home Goods
PROD-02845,Cookware Set 2845,Outdoor
PROD-02846,Coffee Maker 2846,Apparel
PROD-02847,Rain Jacket 2847,Home Goods
PROD-02848,Running Shoes 2848,Home Goods
PROD-02849,Backpack 2849,Apparel
PROD-02850,Running Shoes 2850,Kitchen
PROD-02851,Yoga Mat 2851,Apparel
PROD-02852,Coffee Maker 2852,Home Goods
PROD-02853,Rain Jacket 2853,Home Goods
PROD-02854,Running Shoes 2854,Home Goods
PROD-02855,Water Bottle 2855,Outdoor
PROD-02856,Cookware Set 2856,Outdoor
PROD-02857,Coffee Maker 2857,Electronics
PROD-02858,Coffee Maker 2858,Apparel
PROD-02859,Water Bottle 2859,Home Goods
PROD-02860,Coffee Maker 2860,Outdoor
PROD-02861,Bluetooth Speaker 2861,Home Goods
PROD-02862,Cookware Set 2862,Kitchen
PROD-02863,Backpack 2863,Apparel
PROD-02864,Rain Jacket 2864,Kitchen
PROD-02865,Coffee Maker 2865,Outdoor
PROD-02866,Backpack 2866,Outdoor
PROD-02867,Running Shoes 2867,Electronics
PROD-02868,Yoga Mat 2868,Kitchen
PROD-02869,Cookware Set 2869,Kitchen
PROD-02870,Desk Lamp 2870,Home Goods
PROD-02871,Backpack 2871,Outdoor
PROD-02872,Wireless Headphones 2872,Kitchen
PROD-02873,Water Bottle 2873,Apparel
PROD-02874,Running Shoes 2874,Home Goods
PROD-02875,Desk Lamp 2875,Electronics
PROD-02876,Yoga Mat 2876,Outdoor
PROD-02877,Water Bottle 2877,Home Goods
PROD-02878,Water Bottle 2878,Apparel
PROD-02879,Wireless Headphones 2879,Electronics
PROD-02880,Water Bottle 2880,Kitchen
PROD-02881,Coffee Maker 2881,Home Goods
PROD-02882,Coffee Maker 2882,Kitchen
PROD-02883,Coffee Maker 2883,Outdoor
PROD-02884,Rain Jacket 2884,Kitchen
PROD-02885,Wireless Headphones 2885,Home Goods
PROD-02886,Running Shoes 2886,Apparel
PROD-02887,Yoga Mat 2887,Electronics
PROD-02888,Wireless Headphones 2888,Apparel
PROD-02889,Yoga Mat 2889,Home Goods
PROD-02890,Wireless Headphones 2890,Kitchen
PROD-02891,Cookware Set 2891,Outdoor
PROD-02892,Running Shoes 2892,Electronics
PROD-02893,Desk Lamp 2893,Kitchen
PROD-02894,Yoga Mat 2894,Electronics
PROD-02895,Water Bottle 2895,Outdoor
PROD-02896,Cookware Set 2896,Outdoor
PROD-02897,Water Bottle 2897,Home Goods
PROD-02898,Yoga Mat 2898,Outdoor
PROD-02899,Cookware Set 2899,Home Goods
PROD-02900,Wireless Headphones 2900,Electronics
PROD-02901,Running Shoes 2901,Apparel
PROD-02902,Backpack 2902,Kitchen
PROD-02903,Rain Jacket 2903,Home Goods
PROD-02904,Backpack 2904,Kitchen
PROD-02905,Running Shoes 2905,Outdoor
PROD-02906,Running Shoes 2906,Kitchen
PROD-02907,Rain Jacket 2907,Kitchen
PROD-02908,Rain Jacket 2908,Electronics
PROD-02909,Coffee Maker 2909,Outdoor
PROD-02910,Cookware Set 2910,Home Goods
PROD-02911,Backpack 2911,Outdoor
PROD-02912,Running Shoes 2912,Apparel
PROD-02913,Cookware Set 2913,Home Goods
PROD-02914,Yoga Mat 2914,Electronics
PROD-02915,Wireless Headphones 2915,Kitchen
PROD-02916,Coffee Maker 2916,Outdoor
PROD-02917,Bluetooth Speaker 2917,Home Goods
PROD-02918,Backpack 2918,Outdoor
PROD-02919,Cookware Set 2919,Outdoor
PROD-02920,Water Bottle 2920,Apparel
PROD-02921,Running Shoes 2921,Electronics
PROD-02922,Rain Jacket 2922,Home Goods
PROD-02923,Rain Jacket 2923,Outdoor
PROD-02924,Bluetooth Speaker 2924,Outdoor
PROD-02925,Bluetooth Speaker 2925,Outdoor
PROD-02926,Desk Lamp 2926,Home Goods
PROD-02927,Rain Jacket 2927,Apparel
PROD-02928,Coffee Maker 2928,Apparel
PROD-02929,Wireless Headphones 2929,Electronics
PROD-02930,Yoga Mat 2930,Outdoor
PROD-02931,Rain Jacket 2931,Home Goods
PROD-02932,Backpack 2932,Electronics
PROD-02933,Running Shoes 2933,Apparel
PROD-02934,Desk Lamp 2934,Kitchen
PROD-02935,Rain Jacket 2935,Kitchen
PROD-02936,Water Bottle 2936,Kitchen
PROD-02937,Cookware Set 2937,Kitchen
PROD-02938,Rain Jacket 2938,Outdoor
PROD-02939,Rain Jacket 2939,Apparel
PROD-02940,Coffee Maker 2940,Outdoor
PROD-02941,Backpack 2941,Apparel
PROD-02942,Desk Lamp 2942,Home Goods
PROD-02943,Backpack 2943,Kitchen
PROD-02944,Coffee Maker 2944,Electronics
PROD-02945,Running Shoes 2945,Kitchen
PROD-02946,Backpack 2946,Kitchen
PROD-02947,Cookware Set 2947,Kitchen
PROD-02948,Bluetooth Speaker 2948,Electronics
PROD-02949,Water Bottle 2949,Kitchen
PROD-02950,Cookware Set 2950,Home Goods
PROD-02951,Wireless Headphones 2951,Electronics
PROD-02952,Desk Lamp 2952,Home Goods
PROD-02953,Coffee Maker 2953,Apparel
PROD-02954,Yoga Mat 2954,Home Goods
PROD-02955,Backpack 2955,Apparel
PROD-02956,Running Shoes 2956,Apparel
PROD-02957,Yoga Mat 2957,Electronics
PROD-02958,Rain Jacket 2958,Electronics
PROD-02959,Backpack 2959,Home Goods
PROD-02960,Coffee Maker 2960,Apparel
PROD-02961,Rain Jacket 2961,Apparel
PROD-02962,Desk Lamp 2962,Electronics
PROD-02963,Backpack 2963,Apparel
PROD-02964,Bluetooth Speaker 2964,Home Goods
PROD-02965,Rain Jacket 2965,Electronics
PROD-02966,Rain Jacket 2966,Home Goods
PROD-02967,Cookware Set 2967,Apparel
PROD-02968,Bluetooth Speaker 2968,Apparel
PROD-02969,Water Bottle 2969,Kitchen
PROD-02970,Coffee Maker 2970,Electronics
PROD-02971,Desk Lamp 2971,Apparel
PROD-02972,Wireless Headphones 2972,Electronics
PROD-02973,Bluetooth Speaker 2973,Kitchen
PROD-02974,Coffee Maker 2974,Kitchen
PROD-02975,Yoga Mat 2975,Home Goods
PROD-02976,Cookware Set 2976,Apparel
PROD-02977,Yoga Mat 2977,Electronics
PROD-02978,Bluetooth Speaker 2978,Kitchen
PROD-02979,Water Bottle 2979,Kitchen
PROD-02980,Backpack 2980,Home Goods
PROD-02981,Coffee Maker 2981,Kitchen
PROD-02982,Running Shoes 2982,Home Goods
PROD-02983,Yoga Mat 2983,Electronics
PROD-02984,Backpack 2984,Kitchen
PROD-02985,Wireless Headphones 2985,Outdoor
PROD-02986,Running Shoes 2986,Kitchen
PROD-02987,Bluetooth Speaker 2987,Kitchen
PROD-02988,Rain Jacket 2988,Home Goods
PROD-02989,Desk Lamp 2989,Kitchen
PROD-02990,Running Shoes 2990,Outdoor
PROD-02991,Bluetooth Speaker 2991,Electronics
PROD-02992,Coffee Maker 2992,Apparel
PROD-02993,Wireless Headphones 2993,Kitchen
PROD-02994,Desk Lamp 2994,Outdoor
PROD-02995,Water Bottle 2995,Kitchen
PROD-02996,Water Bottle 2996,Home Goods
PROD-02997,Desk Lamp 2997,Kitchen
PROD-02998,Wireless Headphones 2998,Apparel
PROD-02999,Rain Jacket 2999,Home Goods
PROD-03000,Backpack 3000,Apparel
PROD-03001,Running Shoes 3001,Outdoor
PROD-03002,Running Shoes 3002,Home Goods
PROD-03003,Desk Lamp 3003,Apparel
PROD-03004,Coffee Maker 3004,Outdoor
PROD-03005,Bluetooth Speaker 3005,Apparel
PROD-03006,Running Shoes 3006,Kitchen
PROD-03007,Cookware Set 3007,Home Goods
PROD-03008,Bluetooth Speaker 3008,Electronics
PROD-03009,Running Shoes 3009,Apparel
PROD-03010,Desk Lamp 3010,Electronics
PROD-03011,Rain Jacket 3011,Kitchen
PROD-03012,Backpack 3012,Home Goods
PROD-03013,Backpack 3013,Apparel
PROD-03014,Cookware Set 3014,Outdoor
PROD-03015,Yoga Mat 3015,Kitchen
PROD-03016,Backpack 3016,Apparel
PROD-03017,Coffee Maker 3017,Kitchen
PROD-03018,Coffee Maker 3018,Electronics
PROD-03019,Yoga Mat 3019,Outdoor
PROD-03020,Bluetooth Speaker 3020,Outdoor
PROD-03021,Cookware Set 3021,Apparel
PROD-03022,Wireless Headphones 3022,Apparel
PROD-03023,Cookware Set 3023,Electronics
PROD-03024,Rain Jacket 3024,Outdoor
PROD-03025,Rain Jacket 3025,Kitchen
PROD-03026,Rain Jacket 3026,Home Goods
PROD-03027,Desk Lamp 3027,Apparel
PROD-03028,Wireless Headphones 3028,Electronics
PROD-03029,Backpack 3029,Apparel
PROD-03030,Running Shoes 3030,Home Goods
PROD-03031,Water Bottle 3031,Electronics
PROD-03032,Cookware Set 3032,Outdoor
PROD-03033,Backpack 3033,Home Goods
PROD-03034,Bluetooth Speaker 3034,Electronics
PROD-03035,Rain Jacket 3035,Kitchen
PROD-03036,Cookware Set 3036,Electronics
PROD-03037,Running Shoes 3037,Home Goods
PROD-03038,Wireless Headphones 3038,Home Goods
PROD-03039,Yoga Mat 3039,Apparel
PROD-03040,Desk Lamp 3040,Outdoor
PROD-03041,Wireless Headphones 3041,Electronics
PROD-03042,Cookware Set 3042,Home Goods
PROD-03043,Wireless Headphones 3043,Electronics
PROD-03044,Wireless Headphones 3044,Electronics
PROD-03045,Bluetooth Speaker 3045,Home Goods
PROD-03046,Coffee Maker 3046,Home Goods
PROD-03047,Yoga Mat 3047,Apparel
PROD-03048,Cookware Set 3048,Apparel
PROD-03049,Backpack 3049,Home Goods
PROD-03050,Cookware Set 3050,Apparel
PROD-03051,Water Bottle 3051,Electronics
PROD-03052,Wireless Headphones 3052,Electronics
PROD-03053,Bluetooth Speaker 3053,Home Goods
PROD-03054,Coffee Maker 3054,Outdoor
PROD-03055,Backpack 3055,Electronics
PROD-03056,Bluetooth Speaker 3056,Apparel
PROD-03057,Coffee Maker 3057,Home Goods
PROD-03058,Water Bottle 3058,Kitchen
PROD-03059,Desk Lamp 3059,Kitchen
PROD-03060,Bluetooth Speaker 3060,Electronics
PROD-03061,Bluetooth Speaker 3061,Apparel
PROD-03062,Yoga Mat 3062,Home Goods
PROD-03063,Running Shoes 3063,Outdoor
PROD-03064,Water Bottle 3064,Outdoor
PROD-03065,Backpack 3065,Home Goods
PROD-03066,Backpack 3066,Electronics
PROD-03067,Running Shoes 3067,Kitchen
PROD-03068,Desk Lamp 3068,Outdoor
PROD-03069,Backpack 3069,Kitchen
PROD-03070,Bluetooth Speaker 3070,Home Goods
PROD-03071,Wireless Headphones 3071,Outdoor
PROD-03072,Running Shoes 3072,Home Goods
PROD-03073,Coffee Maker 3073,Electronics
PROD-03074,Backpack 3074,Home Goods
PROD-03075,Running Shoes 3075,Kitchen
PROD-03076,Coffee Maker 3076,Home Goods
PROD-03077,Running Shoes 3077,Home Goods
PROD-03078,Yoga Mat 3078,Home Goods
PROD-03079,Cookware Set 3079,Kitchen
PROD-03080,Cookware Set 3080,Electronics
PROD-03081,Wireless Headphones 3081,Apparel
PROD-03082,Rain Jacket 3082,Apparel
PROD-03083,Wireless Headphones 3083,Home Goods
PROD-03084,Rain Jacket 3084,Outdoor
PROD-03085,Running Shoes 3085,Outdoor
PROD-03086,Coffee Maker 3086,Kitchen
PROD-03087,Cookware Set 3087,Home Goods
PROD-03088,Cookware Set 3088,Apparel
PROD-03089,Bluetooth Speaker 3089,Electronics
PROD-03090,Coffee Maker 3090,Home Goods
PROD-03091,Rain Jacket 3091,Home Goods
PROD-03092,Running Shoes 3092,Kitchen
PROD-03093,Yoga Mat 3093,Outdoor
PROD-03094,Desk Lamp 3094,Electronics
PROD-03095,Rain Jacket 3095,Electronics
PROD-03096,Yoga Mat 3096,Electronics
PROD-03097,Coffee Maker 3097,Electronics
PROD-03098,Wireless Headphones 3098,Apparel
PROD-03099,Desk Lamp 3099,Home Goods
PROD-03100,Yoga Mat 3100,Kitchen
PROD-03101,Water Bottle 3101,Apparel
PROD-03102,Yoga Mat 3102,Electronics
PROD-03103,Wireless Headphones 3103,Home Goods
PROD-03104,Wireless Headphones 3104,Apparel
PROD-03105,Desk Lamp 3105,Kitchen
PROD-03106,Backpack 3106,Electronics
PROD-03107,Running Shoes 3107,Outdoor
PROD-03108,Rain Jacket 3108,Home Goods
PROD-03109,Wireless Headphones 3109,Electronics
PROD-03110,Backpack 3110,Outdoor
PROD-03111,Backpack 3111,Electronics
PROD-03112,Cookware Set 3112,Kitchen
PROD-03113,Desk Lamp 3113,Kitchen
PROD-03114,Desk Lamp 3114,Home Goods
PROD-03115,Backpack 3115,Kitchen
PROD-03116,Desk Lamp 3116,Kitchen
PROD-03117,Running Shoes 3117,Outdoor
PROD-03118,Desk Lamp 3118,Electronics
PROD-03119,Wireless Headphones 3119,Electronics
PROD-03120,Cookware Set 3120,Electronics
PROD-03121,Yoga Mat 3121,Apparel
PROD-03122,Bluetooth Speaker 3122,Electronics
PROD-03123,Cookware Set 3123,Outdoor
PROD-03124,Backpack 3124,Kitchen
PROD-03125,Rain Jacket 3125,Kitchen
PROD-03126,Rain Jacket 3126,Apparel
PROD-03127,Desk Lamp 3127,Home Goods
PROD-03128,Cookware Set 3128,Apparel
PROD-03129,Running Shoes 3129,Home Goods
PROD-03130,Desk Lamp 3130,Outdoor
PROD-03131,Wireless Headphones 3131,Home Goods
PROD-03132,Rain Jacket 3132,Home Goods
PROD-03133,Cookware Set 3133,Electronics
PROD-03134,Yoga Mat 3134,Apparel
PROD-03135,Yoga Mat 3135,Electronics
PROD-03136,Rain Jacket 3136,Kitchen
PROD-03137,Yoga Mat 3137,Apparel
PROD-03138,Rain Jacket 3138,Home Goods
PROD-03139,Wireless Headphones 3139,Home Goods
PROD-03140,Desk Lamp 3140,Apparel
PROD-03141,Cookware Set 3141,Electronics
PROD-03142,Rain Jacket 3142,Electronics
PROD-03143,Bluetooth Speaker 3143,Apparel
PROD-03144,Rain Jacket 3144,Home Goods
PROD-03145,Yoga Mat 3145,Home Goods
PROD-03146,Coffee Maker 3146,Outdoor
PROD-03147,Backpack 3147,Outdoor
PROD-03148,Cookware Set 3148,Electronics
PROD-03149,Backpack 3149,Outdoor
PROD-03150,Cookware Set 3150,Apparel
PROD-03151,Water Bottle 3151,Apparel
PROD-03152,Bluetooth Speaker 3152,Home Goods
PROD-03153,Cookware Set 3153,Apparel
PROD-03154,Yoga Mat 3154,Kitchen
PROD-03155,Yoga Mat 3155,Outdoor
PROD-03156,Rain Jacket 3156,Kitchen
PROD-03157,Coffee Maker 3157,Electronics
PROD-03158,Yoga Mat 3158,Outdoor
PROD-03159,Wireless Headphones 3159,Outdoor
PROD-03160,Yoga Mat 3160,Electronics
PROD-03161,Water Bottle 3161,Outdoor
PROD-03162,Running Shoes 3162,Electronics
PROD-03163,Coffee Maker 3163,Home Goods
PROD-03164,Desk Lamp 3164,Home Goods
PROD-03165,Yoga Mat 3165,Kitchen
PROD-03166,Bluetooth Speaker 3166,Apparel
PROD-03167,Desk Lamp 3167,Electronics
PROD-03168,Coffee Maker 3168,Electronics
PROD-03169,Running Shoes 3169,Outdoor
PROD-03170,Yoga Mat 3170,Apparel
PROD-03171,Running Shoes 3171,Apparel
PROD-03172,Yoga Mat 3172,Outdoor
PROD-03173,Desk Lamp 3173,Kitchen
PROD-03174,Wireless Headphones 3174,Kitchen
PROD-03175,Desk Lamp 3175,Home Goods
PROD-03176,Bluetooth Speaker 3176,Electronics
PROD-03177,Coffee Maker 3177,Home Goods
PROD-03178,Backpack 3178,Home Goods
PROD-03179,Coffee Maker 3179,Outdoor
PROD-03180,Running Shoes 3180,Kitchen
PROD-03181,Water Bottle 3181,Apparel
PROD-03182,Rain Jacket 3182,Kitchen
PROD-03183,Backpack 3183,Apparel
PROD-03184,Bluetooth Speaker 3184,Home Goods
PROD-03185,Backpack 3185,Electronics
PROD-03186,Water Bottle 3186,Home Goods
PROD-03187,Wireless Headphones 3187,Apparel
PROD-03188,Yoga Mat 3188,Electronics
PROD-03189,Yoga Mat 3189,Electronics
PROD-03190,Water Bottle 3190,Electronics
PROD-03191,Wireless Headphones 3191,Electronics
PROD-03192,Desk Lamp 3192,Kitchen
PROD-03193,Running Shoes 3193,Outdoor
PROD-03194,Cookware Set 3194,Outdoor
PROD-03195,Wireless Headphones 3195,Kitchen
PROD-03196,Desk Lamp 3196,Home Goods
PROD-03197,Backpack 3197,Apparel
PROD-03198,Coffee Maker 3198,Apparel
PROD-03199,Running Shoes 3199,Apparel
PROD-03200,Coffee Maker 3200,Kitchen
PROD-03201,Bluetooth Speaker 3201,Kitchen
PROD-03202,Cookware Set 3202,Apparel
PROD-03203,Water Bottle 3203,Home Goods
PROD-03204,Rain Jacket 3204,Apparel
PROD-03205,Backpack 3205,Home Goods
PROD-03206,Coffee Maker 3206,Home Goods
PROD-03207,Bluetooth Speaker 3207,Home Goods
PROD-03208,Running Shoes 3208,Kitchen
PROD-03209,Backpack 3209,Outdoor
PROD-03210,Cookware Set 3210,Kitchen
PROD-03211,Bluetooth Speaker 3211,Outdoor
PROD-03212,Wireless Headphones 3212,Home Goods
PROD-03213,Wireless Headphones 3213,Outdoor
PROD-03214,Water Bottle 3214,Apparel
PROD-03215,Running Shoes 3215,Electronics
PROD-03216,Desk Lamp 3216,Electronics
PROD-03217,Wireless Headphones 3217,Home Goods
PROD-03218,Backpack 3218,Electronics
PROD-03219,Rain Jacket 3219,Outdoor
PROD-03220,Wireless Headphones 3220,Electronics
PROD-03221,Cookware Set 3221,Outdoor
PROD-03222,Water Bottle 3222,Kitchen
PROD-03223,Desk Lamp 3223,Electronics
PROD-03224,Rain Jacket 3224,Home Goods
PROD-03225,Rain Jacket 3225,Kitchen
PROD-03226,Rain Jacket 3226,Outdoor
PROD-03227,Wireless Headphones 3227,Home Goods
PROD-03228,Rain Jacket 3228,Apparel
PROD-03229,Rain Jacket 3229,Outdoor
PROD-03230,Rain Jacket 3230,Home Goods
PROD-03231,Backpack 3231,Outdoor
PROD-03232,Cookware Set 3232,Outdoor
PROD-03233,Backpack 3233,Home Goods
PROD-03234,Bluetooth Speaker 3234,Home Goods
PROD-03235,Backpack 3235,Kitchen
PROD-03236,Yoga Mat 3236,Kitchen
PROD-03237,Backpack 3237,Outdoor
PROD-03238,Water Bottle 3238,Kitchen
PROD-03239,Rain Jacket 3239,Kitchen
PROD-03240,Wireless Headphones 3240,Electronics
PROD-03241,Desk Lamp 3241,Home Goods
PROD-03242,Coffee Maker 3242,Apparel
PROD-03243,Backpack 3243,Apparel
PROD-03244,Cookware Set 3244,Home Goods
PROD-03245,Desk Lamp 3245,Outdoor
PROD-03246,Cookware Set 3246,Outdoor
PROD-03247,Bluetooth Speaker 3247,Kitchen
PROD-03248,Wireless Headphones 3248,Electronics
PROD-03249,Bluetooth Speaker 3249,Kitchen
PROD-03250,Yoga Mat 3250,Kitchen
PROD-03251,Wireless Headphones 3251,Outdoor
PROD-03252,Water Bottle 3252,Outdoor
PROD-03253,Wireless Headphones 3253,Outdoor
PROD-03254,Running Shoes 3254,Kitchen
PROD-03255,Water Bottle 3255,Outdoor
PROD-03256,Running Shoes 3256,Electronics
PROD-03257,Wireless Headphones 3257,Electronics
PROD-03258,Rain Jacket 3258,Electronics
PROD-03259,Coffee Maker 3259,Kitchen
PROD-03260,Water Bottle 3260,Apparel
PROD-03261,Wireless Headphones 3261,Outdoor
PROD-03262,Yoga Mat 3262,Kitchen
PROD-03263,Yoga Mat 3263,Kitchen
PROD-03264,Backpack 3264,Electronics
PROD-03265,Desk Lamp 3265,Home Goods
PROD-03266,Cookware Set 3266,Electronics
PROD-03267,Yoga Mat 3267,Outdoor
PROD-03268,Water Bottle 3268,Outdoor
PROD-03269,Rain Jacket 3269,Apparel
PROD-03270,Yoga Mat 3270,Electronics
PROD-03271,Desk Lamp 3271,Kitchen
PROD-03272,Yoga Mat 3272,Apparel
PROD-03273,Bluetooth Speaker 3273,Electronics
PROD-03274,Cookware Set 3274,Home Goods
PROD-03275,Water Bottle 3275,Kitchen
PROD-03276,Wireless Headphones 3276,Electronics
PROD-03277,Bluetooth Speaker 3277,Home Goods
PROD-03278,Desk Lamp 3278,Kitchen
PROD-03279,Backpack 3279,Outdoor
PROD-03280,Rain Jacket 3280,Kitchen
PROD-03281,Coffee Maker 3281,Kitchen
PROD-03282,Backpack 3282,Outdoor
PROD-03283,Yoga Mat 3283,Kitchen
PROD-03284,Yoga Mat 3284,Apparel
PROD-03285,Cookware Set 3285,Kitchen
PROD-03286,Cookware Set 3286,Electronics
PROD-03287,Running Shoes 3287,Kitchen
PROD-03288,Backpack 3288,Outdoor
PROD-03289,Bluetooth Speaker 3289,Apparel
PROD-03290,Wireless Headphones 3290,Electronics
PROD-03291,Coffee Maker 3291,Outdoor
PROD-03292,Desk Lamp 3292,Outdoor
PROD-03293,Backpack 3293,Electronics
PROD-03294,Rain Jacket 3294,Outdoor
PROD-03295,Bluetooth Speaker 3295,Electronics
PROD-03296,Cookware Set 3296,Outdoor
PROD-03297,Wireless Headphones 3297,Home Goods
PROD-03298,Wireless Headphones 3298,Home Goods
PROD-03299,Yoga Mat 3299,Electronics
PROD-03300,Yoga Mat 3300,Kitchen
PROD-03301,Backpack 3301,Home Goods
PROD-03302,Water Bottle 3302,Kitchen
PROD-03303,Wireless Headphones 3303,Kitchen
PROD-03304,Yoga Mat 3304,Kitchen
PROD-03305,Wireless Headphones 3305,Home Goods
PROD-03306,Coffee Maker 3306,Outdoor
PROD-03307,Bluetooth Speaker 3307,Electronics
PROD-03308,Bluetooth Speaker 3308,Electronics
PROD-03309,Backpack 3309,Apparel
PROD-03310,Backpack 3310,Outdoor
PROD-03311,Rain Jacket 3311,Home Goods
PROD-03312,Rain Jacket 3312,Home Goods
PROD-03313,Coffee Maker 3313,Kitchen
PROD-03314,Rain Jacket 3314,Kitchen
PROD-03315,Yoga Mat 3315,Home Goods
PROD-03316,Running Shoes 3316,Kitchen
PROD-03317,Running Shoes 3317,Apparel
PROD-03318,Water Bottle 3318,Apparel
PROD-03319,Water Bottle 3319,Kitchen
PROD-03320,Cookware Set 3320,Apparel
PROD-03321,Bluetooth Speaker 3321,Kitchen
PROD-03322,Bluetooth Speaker 3322,Home Goods
PROD-03323,Coffee Maker 3323,Electronics
PROD-03324,Yoga Mat 3324,Apparel
PROD-03325,Running Shoes 3325,Home Goods
PROD-03326,Cookware Set 3326,Outdoor
PROD-03327,Wireless Headphones 3327,Home Goods
PROD-03328,Rain Jacket 3328,Outdoor
PROD-03329,Backpack 3329,Outdoor
PROD-03330,Rain Jacket 3330,Outdoor
PROD-03331,Cookware Set 3331,Apparel
PROD-03332,Desk Lamp 3332,Outdoor
PROD-03333,Cookware Set 3333,Apparel
PROD-03334,Rain Jacket 3334,Home Goods
PROD-03335,Bluetooth Speaker 3335,Kitchen
PROD-03336,Backpack 3336,Outdoor
PROD-03337,Water Bottle 3337,Outdoor
PROD-03338,Coffee Maker 3338,Outdoor
PROD-03339,Bluetooth Speaker 3339,Apparel
PROD-03340,Wireless Headphones 3340,Kitchen
PROD-03341,Backpack 3341,Outdoor
PROD-03342,Coffee Maker 3342,Kitchen
PROD-03343,Yoga Mat 3343,Home Goods
PROD-03344,Bluetooth Speaker 3344,Outdoor
PROD-03345,Cookware Set 3345,Home Goods
PROD-03346,Bluetooth Speaker 3346,Home Goods
PROD-03347,Water Bottle 3347,Home Goods
PROD-03348,Wireless Headphones 3348,Home Goods
PROD-03349,Cookware Set 3349,Electronics
PROD-03350,Coffee Maker 3350,Electronics
PROD-03351,Cookware Set 3351,Electronics
PROD-03352,Coffee Maker 3352,Apparel
PROD-03353,Running Shoes 3353,Apparel
PROD-03354,Wireless Headphones 3354,Electronics
PROD-03355,Bluetooth Speaker 3355,Electronics
PROD-03356,Coffee Maker 3356,Apparel
PROD-03357,Backpack 3357,Electronics
PROD-03358,Rain Jacket 3358,Outdoor
PROD-03359,Backpack 3359,Apparel
PROD-03360,Backpack 3360,Kitchen
PROD-03361,Cookware Set 3361,Home Goods
PROD-03362,Backpack 3362,Home Goods
PROD-03363,Coffee Maker 3363,Electronics
PROD-03364,Wireless Headphones 3364,Apparel
PROD-03365,Water Bottle 3365,Apparel
PROD-03366,Desk Lamp 3366,Apparel
PROD-03367,Rain Jacket 3367,Apparel
PROD-03368,Running Shoes 3368,Home Goods
PROD-03369,Rain Jacket 3369,Kitchen
PROD-03370,Backpack 3370,Outdoor
PROD-03371,Backpack 3371,Kitchen
PROD-03372,Cookware Set 3372,Apparel
PROD-03373,Yoga Mat 3373,Electronics
PROD-03374,Running Shoes 3374,Electronics
PROD-03375,Bluetooth Speaker 3375,Kitchen
PROD-03376,Wireless Headphones 3376,Home Goods
PROD-03377,Wireless Headphones 3377,Home Goods
PROD-03378,Desk Lamp 3378,Outdoor
PROD-03379,Rain Jacket 3379,Apparel
PROD-03380,Bluetooth Speaker 3380,Electronics
PROD-03381,Backpack 3381,Outdoor
PROD-03382,Backpack 3382,Home Goods
PROD-03383,Running Shoes 3383,Home Goods
PROD-03384,Cookware Set 3384,Apparel
PROD-03385,Cookware Set 3385,Home Goods
PROD-03386,Coffee Maker 3386,Kitchen
PROD-03387,Cookware Set 3387,Home Goods
PROD-03388,Water Bottle 3388,Kitchen
PROD-03389,Wireless Headphones 3389,Outdoor
PROD-03390,Wireless Headphones 3390,Electronics
PROD-03391,Desk Lamp 3391,Electronics
PROD-03392,Yoga Mat 3392,Outdoor
PROD-03393,Rain Jacket 3393,Kitchen
PROD-03394,Coffee Maker 3394,Kitchen
PROD-03395,Bluetooth Speaker 3395,Electronics
PROD-03396,Cookware Set 3396,Home Goods
PROD-03397,Desk Lamp 3397,Home Goods
PROD-03398,Wireless Headphones 3398,Kitchen
PROD-03399,Desk Lamp 3399,Apparel
PROD-03400,Coffee Maker 3400,Outdoor
PROD-03401,Cookware Set 3401,Outdoor
PROD-03402,Coffee Maker 3402,Apparel
PROD-03403,Wireless Headphones 3403,Outdoor
PROD-03404,Rain Jacket 3404,Outdoor
PROD-03405,Water Bottle 3405,Home Goods
PROD-03406,Yoga Mat 3406,Home Goods
PROD-03407,Desk Lamp 3407,Apparel
PROD-03408,Desk Lamp 3408,Kitchen
PROD-03409,Water Bottle 3409,Electronics
PROD-03410,Yoga Mat 3410,Home Goods
PROD-03411,Desk Lamp 3411,Kitchen
PROD-03412,Wireless Headphones 3412,Apparel
PROD-03413,Backpack 3413,Apparel
PROD-03414,Water Bottle 3414,Outdoor
PROD-03415,Yoga Mat 3415,Home Goods
PROD-03416,Running Shoes 3416,Electronics
PROD-03417,Cookware Set 3417,Outdoor
PROD-03418,Rain Jacket 3418,Kitchen
PROD-03419,Running Shoes 3419,Apparel
PROD-03420,Coffee Maker 3420,Home Goods
PROD-03421,Cookware Set 3421,Outdoor
PROD-03422,Rain Jacket 3422,Apparel
PROD-03423,Coffee Maker 3423,Electronics
PROD-03424,Yoga Mat 3424,Outdoor
PROD-03425,Bluetooth Speaker 3425,Home Goods
PROD-03426,Water Bottle 3426,Outdoor
PROD-03427,Running Shoes 3427,Home Goods
PROD-03428,Backpack 3428,Outdoor
PROD-03429,Coffee Maker 3429,Home Goods
PROD-03430,Water Bottle 3430,Apparel
PROD-03431,Coffee Maker 3431,Outdoor
PROD-03432,Rain Jacket 3432,Electronics
PROD-03433,Desk Lamp 3433,Kitchen
PROD-03434,Wireless Headphones 3434,Kitchen
PROD-03435,Yoga Mat 3435,Outdoor
PROD-03436,Water Bottle 3436,Apparel
PROD-03437,Water Bottle 3437,Kitchen
PROD-03438,Bluetooth Speaker 3438,Electronics
PROD-03439,Rain Jacket 3439,Apparel
PROD-03440,Water Bottle 3440,Outdoor
PROD-03441,Backpack 3441,Electronics
PROD-03442,Cookware Set 3442,Apparel
PROD-03443,Coffee Maker 3443,Apparel
PROD-03444,Rain Jacket 3444,Apparel
PROD-03445,Bluetooth Speaker 3445,Outdoor
PROD-03446,Yoga Mat 3446,Apparel
PROD-03447,Coffee Maker 3447,Kitchen
PROD-03448,Water Bottle 3448,Kitchen
PROD-03449,Bluetooth Speaker 3449,Home Goods
PROD-03450,Water Bottle 3450,Home Goods
PROD-03451,Rain Jacket 3451,Kitchen
PROD-03452,Cookware Set 3452,Apparel
PROD-03453,Yoga Mat 3453,Outdoor
PROD-03454,Yoga Mat 3454,Home Goods
PROD-03455,Rain Jacket 3455,Apparel
PROD-03456,Rain Jacket 3456,Outdoor
PROD-03457,Backpack 3457,Electronics
PROD-03458,Rain Jacket 3458,Kitchen
PROD-03459,Cookware Set 3459,Apparel
PROD-03460,Coffee Maker 3460,Home Goods
PROD-03461,Cookware Set 3461,Kitchen
PROD-03462,Desk Lamp 3462,Kitchen
PROD-03463,Running Shoes 3463,Outdoor
PROD-03464,Desk Lamp 3464,Home Goods
PROD-03465,Wireless Headphones 3465,Electronics
PROD-03466,Backpack 3466,Kitchen
PROD-03467,Cookware Set 3467,Kitchen
PROD-03468,Wireless Headphones 3468,Home Goods
PROD-03469,Wireless Headphones 3469,Electronics
PROD-03470,Wireless Headphones 3470,Home Goods
PROD-03471,Desk Lamp 3471,Outdoor
PROD-03472,Cookware Set 3472,Outdoor
PROD-03473,Desk Lamp 3473,Apparel
PROD-03474,Coffee Maker 3474,Outdoor
PROD-03475,Yoga Mat 3475,Home Goods
PROD-03476,Wireless Headphones 3476,Outdoor
PROD-03477,Cookware Set 3477,Apparel
PROD-03478,Rain Jacket 3478,Electronics
PROD-03479,Desk Lamp 3479,Electronics
PROD-03480,Water Bottle 3480,Outdoor
PROD-03481,Desk Lamp 3481,Apparel
PROD-03482,Yoga Mat 3482,Kitchen
PROD-03483,Water Bottle 3483,Outdoor
PROD-03484,Water Bottle 3484,Electronics
PROD-03485,Water Bottle 3485,Apparel
PROD-03486,Wireless Headphones 3486,Outdoor
PROD-03487,Coffee Maker 3487,Kitchen
PROD-03488,Running Shoes 3488,Home Goods
PROD-03489,Coffee Maker 3489,Home Goods
PROD-03490,Backpack 3490,Kitchen
PROD-03491,Yoga Mat 3491,Kitchen
PROD-03492,Desk Lamp 3492,Kitchen
PROD-03493,Bluetooth Speaker 3493,Home Goods
PROD-03494,Yoga Mat 3494,Outdoor
PROD-03495,Rain Jacket 3495,Electronics
PROD-03496,Cookware Set 3496,Kitchen
PROD-03497,Cookware Set 3497,Outdoor
PROD-03498,Desk Lamp 3498,Outdoor
PROD-03499,Desk Lamp 3499,Electronics
PROD-03500,Coffee Maker 3500,Kitchen
PROD-03501,Backpack 3501,Electronics
PROD-03502,Coffee Maker 3502,Electronics
PROD-03503,Rain Jacket 3503,Kitchen
PROD-03504,Coffee Maker 3504,Electronics
PROD-03505,Cookware Set 3505,Home Goods
PROD-03506,Desk Lamp 3506,Electronics
PROD-03507,Water Bottle 3507,Apparel
PROD-03508,Backpack 3508,Kitchen
PROD-03509,Coffee Maker 3509,Apparel
PROD-03510,Yoga Mat 3510,Apparel
PROD-03511,Backpack 3511,Kitchen
PROD-03512,Rain Jacket 3512,Electronics
PROD-03513,Bluetooth Speaker 3513,Apparel
PROD-03514,Running Shoes 3514,Home Goods
PROD-03515,Water Bottle 3515,Electronics
PROD-03516,Backpack 3516,Electronics
PROD-03517,Desk Lamp 3517,Electronics
PROD-03518,Desk Lamp 3518,Outdoor
PROD-03519,Yoga Mat 3519,Outdoor
PROD-03520,Rain Jacket 3520,Kitchen
PROD-03521,Coffee Maker 3521,Home Goods
PROD-03522,Coffee Maker 3522,Outdoor
PROD-03523,Coffee Maker 3523,Electronics
PROD-03524,Water Bottle 3524,Home Goods
PROD-03525,Coffee Maker 3525,Electronics
PROD-03526,Desk Lamp 3526,Outdoor
PROD-03527,Bluetooth Speaker 3527,Kitchen
PROD-03528,Cookware Set 3528,Home Goods
PROD-03529,Coffee Maker 3529,Kitchen
PROD-03530,Rain Jacket 3530,Home Goods
PROD-03531,Coffee Maker 3531,Electronics
PROD-03532,Wireless Headphones 3532,Outdoor
PROD-03533,Yoga Mat 3533,Home Goods
PROD-03534,Backpack 3534,Kitchen
PROD-03535,Bluetooth Speaker 3535,Outdoor
PROD-03536,Running Shoes 3536,Outdoor
PROD-03537,Water Bottle 3537,Outdoor
PROD-03538,Yoga Mat 3538,Home Goods
PROD-03539,Cookware Set 3539,Electronics
PROD-03540,Backpack 3540,Outdoor
PROD-03541,Coffee Maker 3541,Electronics
PROD-03542,Yoga Mat 3542,Outdoor
PROD-03543,Running Shoes 3543,Electronics
PROD-03544,Desk Lamp 3544,Outdoor
PROD-03545,Rain Jacket 3545,Kitchen
PROD-03546,Desk Lamp 3546,Outdoor
PROD-03547,Backpack 3547,Home Goods
PROD-03548,Desk Lamp 3548,Kitchen
PROD-03549,Yoga Mat 3549,Home Goods
PROD-03550,Yoga Mat 3550,Electronics
PROD-03551,Rain Jacket 3551,Outdoor
PROD-03552,Running Shoes 3552,Outdoor
PROD-03553,Running Shoes 3553,Outdoor
PROD-03554,Coffee Maker 3554,Outdoor
PROD-03555,Yoga Mat 3555,Home Goods
PROD-03556,Cookware Set 3556,Electronics
PROD-03557,Bluetooth Speaker 3557,Home Goods
PROD-03558,Desk Lamp 3558,Apparel
PROD-03559,Desk Lamp 3559,Kitchen
PROD-03560,Rain Jacket 3560,Outdoor
PROD-03561,Yoga Mat 3561,Outdoor
PROD-03562,Desk Lamp 3562,Apparel
PROD-03563,Yoga Mat 3563,Electronics
PROD-03564,Coffee Maker 3564,Apparel
PROD-03565,Backpack 3565,Home Goods
PROD-03566,Desk Lamp 3566,Apparel
PROD-03567,Running Shoes 3567,Electronics
PROD-03568,Backpack 3568,Apparel
PROD-03569,Running Shoes 3569,Electronics
PROD-03570,Running Shoes 3570,Electronics
PROD-03571,Backpack 3571,Electronics
PROD-03572,Rain Jacket 3572,Kitchen
PROD-03573,Rain Jacket 3573,Electronics
PROD-03574,Backpack 3574,Electronics
PROD-03575,Running Shoes 3575,Home Goods
PROD-03576,Coffee Maker 3576,Apparel
PROD-03577,Yoga Mat 3577,Apparel
PROD-03578,Cookware Set 3578,Kitchen
PROD-03579,Backpack 3579,Kitchen
PROD-03580,Backpack 3580,Outdoor
PROD-03581,Running Shoes 3581,Kitchen
PROD-03582,Coffee Maker 3582,Apparel
PROD-03583,Coffee Maker 3583,Outdoor
PROD-03584,Coffee Maker 3584,Outdoor
PROD-03585,Water Bottle 3585,Outdoor
PROD-03586,Cookware Set 3586,Home Goods
PROD-03587,Wireless Headphones 3587,Apparel
PROD-03588,Coffee Maker 3588,Apparel
PROD-03589,Water Bottle 3589,Kitchen
PROD-03590,Backpack 3590,Electronics
PROD-03591,Backpack 3591,Kitchen
PROD-03592,Running Shoes 3592,Home Goods
PROD-03593,Bluetooth Speaker 3593,Apparel
PROD-03594,Wireless Headphones 3594,Home Goods
PROD-03595,Wireless Headphones 3595,Kitchen
PROD-03596,Wireless Headphones 3596,Electronics
PROD-03597,Running Shoes 3597,Home Goods
PROD-03598,Yoga Mat 3598,Home Goods
PROD-03599,Yoga Mat 3599,Electronics
PROD-03600,Running Shoes 3600,Kitchen
PROD-03601,Desk Lamp 3601,Apparel
PROD-03602,Wireless Headphones 3602,Outdoor
PROD-03603,Bluetooth Speaker 3603,Apparel
PROD-03604,Water Bottle 3604,Electronics
PROD-03605,Wireless Headphones 3605,Kitchen
PROD-03606,Bluetooth Speaker 3606,Apparel
PROD-03607,Coffee Maker 3607,Kitchen
PROD-03608,Running Shoes 3608,Electronics
PROD-03609,Cookware Set 3609,Apparel
PROD-03610,Desk Lamp 3610,Apparel
PROD-03611,Running Shoes 3611,Home Goods
PROD-03612,Coffee Maker 3612,Apparel
PROD-03613,Backpack 3613,Apparel
PROD-03614,Wireless Headphones 3614,Electronics
PROD-03615,Water Bottle 3615,Electronics
PROD-03616,Rain Jacket 3616,Apparel
PROD-03617,Water Bottle 3617,Kitchen
PROD-03618,Backpack 3618,Apparel
PROD-03619,Water Bottle 3619,Electronics
PROD-03620,Bluetooth Speaker 3620,Home Goods
PROD-03621,Cookware Set 3621,Kitchen
PROD-03622,Water Bottle 3622,Electronics
PROD-03623,Water Bottle 3623,Home Goods
PROD-03624,Yoga Mat 3624,Home Goods
PROD-03625,Wireless Headphones 3625,Home Goods
PROD-03626,Backpack 3626,Home Goods
PROD-03627,Yoga Mat 3627,Apparel
PROD-03628,Water Bottle 3628,Electronics
PROD-03629,Running Shoes 3629,Outdoor
PROD-03630,Water Bottle 3630,Kitchen
PROD-03631,Yoga Mat 3631,Kitchen
PROD-03632,Backpack 3632,Home Goods
PROD-03633,Running Shoes 3633,Kitchen
PROD-03634,Desk Lamp 3634,Home Goods
PROD-03635,Desk Lamp 3635,Home Goods
PROD-03636,Rain Jacket 3636,Electronics
PROD-03637,Cookware Set 3637,Home Goods
PROD-03638,Backpack 3638,Apparel
PROD-03639,Running Shoes 3639,Home Goods
PROD-03640,Yoga Mat 3640,Apparel
PROD-03641,Water Bottle 3641,Electronics
PROD-03642,Running Shoes 3642,Kitchen
PROD-03643,Wireless Headphones 3643,Apparel
PROD-03644,Backpack 3644,Home Goods
PROD-03645,Water Bottle 3645,Electronics
PROD-03646,Cookware Set 3646,Outdoor
PROD-03647,Yoga Mat 3647,Apparel
PROD-03648,Wireless Headphones 3648,Apparel
PROD-03649,Bluetooth Speaker 3649,Kitchen
PROD-03650,Yoga Mat 3650,Outdoor
PROD-03651,Yoga Mat 3651,Apparel
PROD-03652,Rain Jacket 3652,Kitchen
PROD-03653,Bluetooth Speaker 3653,Electronics
PROD-03654,Desk Lamp 3654,Outdoor
PROD-03655,Water Bottle 3655,Kitchen
PROD-03656,Wireless Headphones 3656,Kitchen
PROD-03657,Water Bottle 3657,Kitchen
PROD-03658,Water Bottle 3658,Apparel
PROD-03659,Yoga Mat 3659,Home Goods
PROD-03660,Running Shoes 3660,Apparel
PROD-03661,Desk Lamp 3661,Kitchen
PROD-03662,Wireless Headphones 3662,Kitchen
PROD-03663,Coffee Maker 3663,Apparel
PROD-03664,Wireless Headphones 3664,Kitchen
PROD-03665,Coffee Maker 3665,Outdoor
PROD-03666,Yoga Mat 3666,Home Goods
PROD-03667,Coffee Maker 3667,Electronics
PROD-03668,Bluetooth Speaker 3668,Apparel
PROD-03669,Water Bottle 3669,Home Goods
PROD-03670,Backpack 3670,Outdoor
PROD-03671,Bluetooth Speaker 3671,Kitchen
PROD-03672,Rain Jacket 3672,Home Goods
PROD-03673,Water Bottle 3673,Outdoor
PROD-03674,Bluetooth Speaker 3674,Home Goods
PROD-03675,Backpack 3675,Outdoor
PROD-03676,Backpack 3676,Kitchen
PROD-03677,Bluetooth Speaker 3677,Electronics
PROD-03678,Bluetooth Speaker 3678,Kitchen
PROD-03679,Yoga Mat 3679,Home Goods
PROD-03680,Desk Lamp 3680,Kitchen
PROD-03681,Desk Lamp 3681,Electronics
PROD-03682,Desk Lamp 3682,Apparel
PROD-03683,Yoga Mat 3683,Electronics
PROD-03684,Yoga Mat 3684,Outdoor
PROD-03685,Coffee Maker 3685,Apparel
PROD-03686,Running Shoes 3686,Apparel
PROD-03687,Bluetooth Speaker 3687,Kitchen
PROD-03688,Rain Jacket 3688,Apparel
PROD-03689,Coffee Maker 3689,Outdoor
PROD-03690,Running Shoes 3690,Outdoor
PROD-03691,Coffee Maker 3691,Home Goods
PROD-03692,Bluetooth Speaker 3692,Apparel
PROD-03693,Backpack 3693,Apparel
PROD-03694,Bluetooth Speaker 3694,Electronics
PROD-03695,Wireless Headphones 3695,Apparel
PROD-03696,Water Bottle 3696,Outdoor
PROD-03697,Desk Lamp 3697,Home Goods
PROD-03698,Backpack 3698,Outdoor
PROD-03699,Wireless Headphones 3699,Apparel
PROD-03700,Desk Lamp 3700,Kitchen
PROD-03701,Desk Lamp 3701,Outdoor
PROD-03702,Coffee Maker 3702,Home Goods
PROD-03703,Coffee Maker 3703,Home Goods
PROD-03704,Yoga Mat 3704,Electronics
PROD-03705,Desk Lamp 3705,Home Goods
PROD-03706,Running Shoes 3706,Electronics
PROD-03707,Rain Jacket 3707,Apparel
PROD-03708,Water Bottle 3708,Apparel
PROD-03709,Yoga Mat 3709,Outdoor
PROD-03710,Backpack 3710,Kitchen
PROD-03711,Cookware Set 3711,Outdoor
PROD-03712,Desk Lamp 3712,Outdoor
PROD-03713,Cookware Set 3713,Electronics
PROD-03714,Water Bottle 3714,Home Goods
PROD-03715,Water Bottle 3715,Home Goods
PROD-03716,Rain Jacket 3716,Electronics
PROD-03717,Yoga Mat 3717,Outdoor
PROD-03718,Water Bottle 3718,Apparel
PROD-03719,Backpack 3719,Kitchen
PROD-03720,Yoga Mat 3720,Kitchen
PROD-03721,Yoga Mat 3721,Apparel
PROD-03722,Yoga Mat 3722,Apparel
PROD-03723,Yoga Mat 3723,Apparel
PROD-03724,Rain Jacket 3724,Apparel
PROD-03725,Desk Lamp 3725,Electronics
PROD-03726,Water Bottle 3726,Outdoor
PROD-03727,Yoga Mat 3727,Kitchen
PROD-03728,Yoga Mat 3728,Apparel
PROD-03729,Coffee Maker 3729,Home Goods
PROD-03730,Desk Lamp 3730,Electronics
PROD-03731,Wireless Headphones 3731,Home Goods
PROD-03732,Running Shoes 3732,Kitchen
PROD-03733,Wireless Headphones 3733,Apparel
PROD-03734,Desk Lamp 3734,Kitchen
PROD-03735,Water Bottle 3735,Outdoor
PROD-03736,Yoga Mat 3736,Kitchen
PROD-03737,Running Shoes 3737,Outdoor
PROD-03738,Backpack 3738,Home Goods
PROD-03739,Yoga Mat 3739,Apparel
PROD-03740,Running Shoes 3740,Home Goods
PROD-03741,Yoga Mat 3741,Home Goods
PROD-03742,Running Shoes 3742,Home Goods
PROD-03743,Cookware Set 3743,Kitchen
PROD-03744,Coffee Maker 3744,Home Goods
PROD-03745,Water Bottle 3745,Outdoor
PROD-03746,Rain Jacket 3746,Outdoor
PROD-03747,Desk Lamp 3747,Electronics
PROD-03748,Cookware Set 3748,Electronics
PROD-03749,Coffee Maker 3749,Home Goods
PROD-03750,Bluetooth Speaker 3750,Electronics
PROD-03751,Cookware Set 3751,Home Goods
PROD-03752,Rain Jacket 3752,Home Goods
PROD-03753,Bluetooth Speaker 3753,Home Goods
PROD-03754,Backpack 3754,Outdoor
PROD-03755,Yoga Mat 3755,Home Goods
PROD-03756,Coffee Maker 3756,Home Goods
PROD-03757,Running Shoes 3757,Apparel
PROD-03758,Desk Lamp 3758,Apparel
PROD-03759,Coffee Maker 3759,Kitchen
PROD-03760,Yoga Mat 3760,Home Goods
PROD-03761,Bluetooth Speaker 3761,Kitchen
PROD-03762,Wireless Headphones 3762,Kitchen
PROD-03763,Yoga Mat 3763,Apparel
PROD-03764,Bluetooth Speaker 3764,Home Goods
PROD-03765,Bluetooth Speaker 3765,Electronics
PROD-03766,Wireless Headphones 3766,Home Goods
PROD-03767,Desk Lamp 3767,Electronics
PROD-03768,Bluetooth Speaker 3768,Kitchen
PROD-03769,Rain Jacket 3769,Electronics
PROD-03770,Rain Jacket 3770,Kitchen
PROD-03771,Rain Jacket 3771,Outdoor
PROD-03772,Backpack 3772,Electronics
PROD-03773,Rain Jacket 3773,Home Goods
PROD-03774,Yoga Mat 3774,Electronics
PROD-03775,Desk Lamp 3775,Home Goods
PROD-03776,Coffee Maker 3776,Electronics
PROD-03777,Backpack 3777,Electronics
PROD-03778,Desk Lamp 3778,Home Goods
PROD-03779,Water Bottle 3779,Electronics
PROD-03780,Desk Lamp 3780,Kitchen
PROD-03781,Desk Lamp 3781,Apparel
PROD-03782,Coffee Maker 3782,Outdoor
PROD-03783,Water Bottle 3783,Outdoor
PROD-03784,Rain Jacket 3784,Electronics
PROD-03785,Water Bottle 3785,Home Goods
PROD-03786,Yoga Mat 3786,Outdoor
PROD-03787,Water Bottle 3787,Home Goods
PROD-03788,Coffee Maker 3788,Home Goods
PROD-03789,Backpack 3789,Home Goods
PROD-03790,Yoga Mat 3790,Apparel
PROD-03791,Wireless Headphones 3791,Kitchen
PROD-03792,Desk Lamp 3792,Electronics
PROD-03793,Water Bottle 3793,Apparel
PROD-03794,Cookware Set 3794,Apparel
PROD-03795,Desk Lamp 3795,Apparel
PROD-03796,Bluetooth Speaker 3796,Home Goods
PROD-03797,Running Shoes 3797,Electronics
PROD-03798,Water Bottle 3798,Apparel
PROD-03799,Running Shoes 3799,Outdoor
PROD-03800,Backpack 3800,Outdoor
PROD-03801,Backpack 3801,Electronics
PROD-03802,Rain Jacket 3802,Apparel
PROD-03803,Desk Lamp 3803,Home Goods
PROD-03804,Yoga Mat 3804,Kitchen
PROD-03805,Bluetooth Speaker 3805,Kitchen
PROD-03806,Desk Lamp 3806,Electronics
PROD-03807,Cookware Set 3807,Electronics
PROD-03808,Cookware Set 3808,Apparel
PROD-03809,Water Bottle 3809,Home Goods
PROD-03810,Bluetooth Speaker 3810,Apparel
PROD-03811,Rain Jacket 3811,Outdoor
PROD-03812,Coffee Maker 3812,Home Goods
PROD-03813,Desk Lamp 3813,Home Goods
PROD-03814,Cookware Set 3814,Electronics
PROD-03815,Wireless Headphones 3815,Kitchen
PROD-03816,Bluetooth Speaker 3816,Apparel
PROD-03817,Coffee Maker 3817,Home Goods
PROD-03818,Bluetooth Speaker 3818,Outdoor
PROD-03819,Water Bottle 3819,Outdoor
PROD-03820,Desk Lamp 3820,Apparel
PROD-03821,Coffee Maker 3821,Electronics
PROD-03822,Backpack 3822,Outdoor
PROD-03823,Coffee Maker 3823,Kitchen
PROD-03824,Running Shoes 3824,Apparel
PROD-03825,Water Bottle 3825,Electronics
PROD-03826,Running Shoes 3826,Home Goods
PROD-03827,Running Shoes 3827,Home Goods
PROD-03828,Running Shoes 3828,Home Goods
PROD-03829,Backpack 3829,Apparel
PROD-03830,Desk Lamp 3830,Home Goods
PROD-03831,Wireless Headphones 3831,Kitchen
PROD-03832,Desk Lamp 3832,Kitchen
PROD-03833,Coffee Maker 3833,Apparel
PROD-03834,Cookware Set 3834,Home Goods
PROD-03835,Wireless Headphones 3835,Kitchen
PROD-03836,Water Bottle 3836,Home Goods
PROD-03837,Desk Lamp 3837,Apparel
PROD-03838,Backpack 3838,Outdoor
PROD-03839,Water Bottle 3839,Outdoor
PROD-03840,Desk Lamp 3840,Kitchen
PROD-03841,Wireless Headphones 3841,Kitchen
PROD-03842,Coffee Maker 3842,Home Goods
PROD-03843,Cookware Set 3843,Kitchen
PROD-03844,Cookware Set 3844,Home Goods
PROD-03845,Water Bottle 3845,Kitchen
PROD-03846,Running Shoes 3846,Kitchen
PROD-03847,Rain Jacket 3847,Kitchen
PROD-03848,Rain Jacket 3848,Electronics
PROD-03849,Rain Jacket 3849,Home Goods
PROD-03850,Cookware Set 3850,Home Goods
PROD-03851,Yoga Mat 3851,Home Goods
PROD-03852,Rain Jacket 3852,Outdoor
PROD-03853,Cookware Set 3853,Kitchen
PROD-03854,Desk Lamp 3854,Kitchen
PROD-03855,Cookware Set 3855,Apparel
PROD-03856,Cookware Set 3856,Electronics
PROD-03857,Running Shoes 3857,Kitchen
PROD-03858,Coffee Maker 3858,Apparel
PROD-03859,Desk Lamp 3859,Home Goods
PROD-03860,Water Bottle 3860,Apparel
PROD-03861,Desk Lamp 3861,Electronics
PROD-03862,Desk Lamp 3862,Apparel
PROD-03863,Running Shoes 3863,Electronics
PROD-03864,Cookware Set 3864,Kitchen
PROD-03865,Yoga Mat 3865,Home Goods
PROD-03866,Water Bottle 3866,Apparel
PROD-03867,Cookware Set 3867,Kitchen
PROD-03868,Water Bottle 3868,Home Goods
PROD-03869,Water Bottle 3869,Outdoor
PROD-03870,Bluetooth Speaker 3870,Electronics
PROD-03871,Running Shoes 3871,Electronics
PROD-03872,Running Shoes 3872,Kitchen
PROD-03873,Backpack 3873,Home Goods
PROD-03874,Wireless Headphones 3874,Outdoor
PROD-03875,Wireless Headphones 3875,Kitchen
PROD-03876,Backpack 3876,Apparel
PROD-03877,Backpack 3877,Electronics
PROD-03878,Yoga Mat 3878,Outdoor
PROD-03879,Rain Jacket 3879,Apparel
PROD-03880,Desk Lamp 3880,Electronics
PROD-03881,Bluetooth Speaker 3881,Apparel
PROD-03882,Cookware Set 3882,Electronics
PROD-03883,Yoga Mat 3883,Electronics
PROD-03884,Backpack 3884,Outdoor
PROD-03885,Rain Jacket 3885,Apparel
PROD-03886,Rain Jacket 3886,Kitchen
PROD-03887,Coffee Maker 3887,Outdoor
PROD-03888,Backpack 3888,Outdoor
PROD-03889,Wireless Headphones 3889,Kitchen
PROD-03890,Bluetooth Speaker 3890,Outdoor
PROD-03891,Wireless Headphones 3891,Home Goods
PROD-03892,Running Shoes 3892,Electronics
PROD-03893,Water Bottle 3893,Home Goods
PROD-03894,Running Shoes 3894,Kitchen
PROD-03895,Cookware Set 3895,Kitchen
PROD-03896,Yoga Mat 3896,Kitchen
PROD-03897,Running Shoes 3897,Apparel
PROD-03898,Wireless Headphones 3898,Electronics
PROD-03899,Running Shoes 3899,Electronics
PROD-03900,Rain Jacket 3900,Home Goods
PROD-03901,Bluetooth Speaker 3901,Apparel
PROD-03902,Bluetooth Speaker 3902,Outdoor
PROD-03903,Bluetooth Speaker 3903,Apparel
PROD-03904,Rain Jacket 3904,Home Goods
PROD-03905,Water Bottle 3905,Home Goods
PROD-03906,Desk Lamp 3906,Electronics
PROD-03907,Running Shoes 3907,Kitchen
PROD-03908,Water Bottle 3908,Electronics
PROD-03909,Rain Jacket 3909,Home Goods
PROD-03910,Rain Jacket 3910,Home Goods
PROD-03911,Desk Lamp 3911,Kitchen
PROD-03912,Cookware Set 3912,Outdoor
PROD-03913,Bluetooth Speaker 3913,Outdoor
PROD-03914,Wireless Headphones 3914,Home Goods
PROD-03915,Coffee Maker 3915,Kitchen
PROD-03916,Cookware Set 3916,Outdoor
PROD-03917,Water Bottle 3917,Kitchen
PROD-03918,Yoga Mat 3918,Outdoor
PROD-03919,Water Bottle 3919,Electronics
PROD-03920,Yoga Mat 3920,Outdoor
PROD-03921,Rain Jacket 3921,Apparel
PROD-03922,Backpack 3922,Home Goods
PROD-03923,Cookware Set 3923,Outdoor
PROD-03924,Cookware Set 3924,Home Goods
PROD-03925,Wireless Headphones 3925,Home Goods
PROD-03926,Coffee Maker 3926,Kitchen
PROD-03927,Cookware Set 3927,Apparel
PROD-03928,Backpack 3928,Outdoor
PROD-03929,Backpack 3929,Electronics
PROD-03930,Bluetooth Speaker 3930,Kitchen
PROD-03931,Cookware Set 3931,Home Goods
PROD-03932,Desk Lamp 3932,Home Goods
PROD-03933,Cookware Set 3933,Home Goods
PROD-03934,Desk Lamp 3934,Apparel
PROD-03935,Wireless Headphones 3935,Home Goods
PROD-03936,Rain Jacket 3936,Outdoor
PROD-03937,Coffee Maker 3937,Kitchen
PROD-03938,Bluetooth Speaker 3938,Kitchen
PROD-03939,Wireless Headphones 3939,Apparel
PROD-03940,Bluetooth Speaker 3940,Home Goods
PROD-03941,Desk Lamp 3941,Home Goods
PROD-03942,Water Bottle 3942,Outdoor
PROD-03943,Running Shoes 3943,Apparel
PROD-03944,Cookware Set 3944,Outdoor
PROD-03945,Running Shoes 3945,Apparel
PROD-03946,Yoga Mat 3946,Apparel
PROD-03947,Bluetooth Speaker 3947,Apparel
PROD-03948,Desk Lamp 3948,Home Goods
PROD-03949,Desk Lamp 3949,Outdoor
PROD-03950,Backpack 3950,Home Goods
PROD-03951,Rain Jacket 3951,Apparel
PROD-03952,Rain Jacket 3952,Electronics
PROD-03953,Rain Jacket 3953,Kitchen
PROD-03954,Coffee Maker 3954,Electronics
PROD-03955,Backpack 3955,Electronics
PROD-03956,Water Bottle 3956,Outdoor
PROD-03957,Running Shoes 3957,Kitchen
PROD-03958,Cookware Set 3958,Electronics
PROD-03959,Wireless Headphones 3959,Electronics
PROD-03960,Water Bottle 3960,Electronics
PROD-03961,Coffee Maker 3961,Outdoor
PROD-03962,Yoga Mat 3962,Kitchen
PROD-03963,Yoga Mat 3963,Electronics
PROD-03964,Wireless Headphones 3964,Kitchen
PROD-03965,Wireless Headphones 3965,Apparel
PROD-03966,Rain Jacket 3966,Apparel
PROD-03967,Coffee Maker 3967,Electronics
PROD-03968,Wireless Headphones 3968,Kitchen
PROD-03969,Backpack 3969,Apparel
PROD-03970,Backpack 3970,Electronics
PROD-03971,Running Shoes 3971,Home Goods
PROD-03972,Desk Lamp 3972,Outdoor
PROD-03973,Backpack 3973,Kitchen
PROD-03974,Bluetooth Speaker 3974,Kitchen
PROD-03975,Water Bottle 3975,Home Goods
PROD-03976,Coffee Maker 3976,Kitchen
PROD-03977,Water Bottle 3977,Kitchen
PROD-03978,Yoga Mat 3978,Outdoor
PROD-03979,Cookware Set 3979,Electronics
PROD-03980,Backpack 3980,Apparel
PROD-03981,Rain Jacket 3981,Home Goods
PROD-03982,Rain Jacket 3982,Home Goods
PROD-03983,Coffee Maker 3983,Outdoor
PROD-03984,Bluetooth Speaker 3984,Home Goods
PROD-03985,Desk Lamp 3985,Kitchen
PROD-03986,Cookware Set 3986,Electronics
PROD-03987,Coffee Maker 3987,Apparel
PROD-03988,Bluetooth Speaker 3988,Apparel
PROD-03989,Backpack 3989,Outdoor
PROD-03990,Rain Jacket 3990,Outdoor
PROD-03991,Desk Lamp 3991,Electronics
PROD-03992,Cookware Set 3992,Electronics
PROD-03993,Water Bottle 3993,Outdoor
PROD-03994,Running Shoes 3994,Electronics
PROD-03995,Rain Jacket 3995,Electronics
PROD-03996,Yoga Mat 3996,Outdoor
PROD-03997,Water Bottle 3997,Electronics
PROD-03998,Yoga Mat 3998,Kitchen
PROD-03999,Rain Jacket 3999,Home Goods
PROD-04000,Backpack 4000,Electronics
PROD-04001,Coffee Maker 4001,Home Goods
PROD-04002,Coffee Maker 4002,Apparel
PROD-04003,Yoga Mat 4003,Electronics
PROD-04004,Running Shoes 4004,Home Goods
PROD-04005,Bluetooth Speaker 4005,Home Goods
PROD-04006,Coffee Maker 4006,Outdoor
PROD-04007,Rain Jacket 4007,Apparel
PROD-04008,Coffee Maker 4008,Outdoor
PROD-04009,Cookware Set 4009,Home Goods
PROD-04010,Water Bottle 4010,Home Goods
PROD-04011,Desk Lamp 4011,Electronics
PROD-04012,Rain Jacket 4012,Outdoor
PROD-04013,Coffee Maker 4013,Home Goods
PROD-04014,Rain Jacket 4014,Home Goods
PROD-04015,Cookware Set 4015,Electronics
PROD-04016,Rain Jacket 4016,Kitchen
PROD-04017,Backpack 4017,Home Goods
PROD-04018,Wireless Headphones 4018,Home Goods
PROD-04019,Running Shoes 4019,Home Goods
PROD-04020,Desk Lamp 4020,Home Goods
PROD-04021,Rain Jacket 4021,Outdoor
PROD-04022,Desk Lamp 4022,Apparel
PROD-04023,Wireless Headphones 4023,Electronics
PROD-04024,Desk Lamp 4024,Electronics
PROD-04025,Cookware Set 4025,Outdoor
PROD-04026,Running Shoes 4026,Outdoor
PROD-04027,Running Shoes 4027,Kitchen
PROD-04028,Desk Lamp 4028,Apparel
PROD-04029,Water Bottle 4029,Home Goods
PROD-04030,Bluetooth Speaker 4030,Home Goods
PROD-04031,Coffee Maker 4031,Outdoor
PROD-04032,Desk Lamp 4032,Home Goods
PROD-04033,Backpack 4033,Kitchen
PROD-04034,Desk Lamp 4034,Kitchen
PROD-04035,Coffee Maker 4035,Kitchen
PROD-04036,Rain Jacket 4036,Kitchen
PROD-04037,Coffee Maker 4037,Apparel
PROD-04038,Backpack 4038,Outdoor
PROD-04039,Wireless Headphones 4039,Kitchen
PROD-04040,Coffee Maker 4040,Outdoor
PROD-04041,Yoga Mat 4041,Home Goods
PROD-04042,Desk Lamp 4042,Kitchen
PROD-04043,Backpack 4043,Apparel
PROD-04044,Water Bottle 4044,Kitchen
PROD-04045,Backpack 4045,Apparel
PROD-04046,Desk Lamp 4046,Home Goods
PROD-04047,Running Shoes 4047,Apparel
PROD-04048,Wireless Headphones 4048,Apparel
PROD-04049,Yoga Mat 4049,Home Goods
PROD-04050,Backpack 4050,Outdoor
PROD-04051,Coffee Maker 4051,Outdoor
PROD-04052,Desk Lamp 4052,Home Goods
PROD-04053,Running Shoes 4053,Apparel
PROD-04054,Coffee Maker 4054,Home Goods
PROD-04055,Yoga Mat 4055,Home Goods
PROD-04056,Bluetooth Speaker 4056,Home Goods
PROD-04057,Wireless Headphones 4057,Home Goods
PROD-04058,Coffee Maker 4058,Apparel
PROD-04059,Backpack 4059,Kitchen
PROD-04060,Desk Lamp 4060,Home Goods
PROD-04061,Rain Jacket 4061,Home Goods
PROD-04062,Wireless Headphones 4062,Outdoor
PROD-04063,Rain Jacket 4063,Electronics
PROD-04064,Cookware Set 4064,Kitchen
PROD-04065,Coffee Maker 4065,Outdoor
PROD-04066,Wireless Headphones 4066,Apparel
PROD-04067,Desk Lamp 4067,Apparel
PROD-04068,Desk Lamp 4068,Home Goods
PROD-04069,Desk Lamp 4069,Home Goods
PROD-04070,Running Shoes 4070,Electronics
PROD-04071,Yoga Mat 4071,Outdoor
PROD-04072,Water Bottle 4072,Electronics
PROD-04073,Coffee Maker 4073,Home Goods
PROD-04074,Yoga Mat 4074,Apparel
PROD-04075,Backpack 4075,Electronics
PROD-04076,Water Bottle 4076,Apparel
PROD-04077,Cookware Set 4077,Electronics
PROD-04078,Water Bottle 4078,Home Goods
PROD-04079,Coffee Maker 4079,Apparel
PROD-04080,Water Bottle 4080,Outdoor
PROD-04081,Desk Lamp 4081,Apparel
PROD-04082,Rain Jacket 4082,Outdoor
PROD-04083,Desk Lamp 4083,Kitchen
PROD-04084,Desk Lamp 4084,Electronics
PROD-04085,Coffee Maker 4085,Outdoor
PROD-04086,Wireless Headphones 4086,Electronics
PROD-04087,Yoga Mat 4087,Home Goods
PROD-04088,Bluetooth Speaker 4088,Apparel
PROD-04089,Water Bottle 4089,Kitchen
PROD-04090,Backpack 4090,Kitchen
PROD-04091,Backpack 4091,Kitchen
PROD-04092,Desk Lamp 4092,Outdoor
PROD-04093,Water Bottle 4093,Kitchen
PROD-04094,Rain Jacket 4094,Outdoor
PROD-04095,Backpack 4095,Electronics
PROD-04096,Desk Lamp 4096,Kitchen
PROD-04097,Desk Lamp 4097,Kitchen
PROD-04098,Running Shoes 4098,Electronics
PROD-04099,Wireless Headphones 4099,Home Goods
PROD-04100,Yoga Mat 4100,Kitchen
PROD-04101,Wireless Headphones 4101,Home Goods
PROD-04102,Desk Lamp 4102,Electronics
PROD-04103,Rain Jacket 4103,Apparel
PROD-04104,Bluetooth Speaker 4104,Outdoor
PROD-04105,Bluetooth Speaker 4105,Kitchen
PROD-04106,Yoga Mat 4106,Kitchen
PROD-04107,Coffee Maker 4107,Kitchen
PROD-04108,Wireless Headphones 4108,Outdoor
PROD-04109,Yoga Mat 4109,Apparel
PROD-04110,Running Shoes 4110,Outdoor
PROD-04111,Bluetooth Speaker 4111,Kitchen
PROD-04112,Rain Jacket 4112,Home Goods
PROD-04113,Running Shoes 4113,Apparel
PROD-04114,Desk Lamp 4114,Electronics
PROD-04115,Water Bottle 4115,Home Goods
PROD-04116,Backpack 4116,Apparel
PROD-04117,Yoga Mat 4117,Kitchen
PROD-04118,Rain Jacket 4118,Outdoor
PROD-04119,Yoga Mat 4119,Apparel
PROD-04120,Wireless Headphones 4120,Outdoor
PROD-04121,Yoga Mat 4121,Electronics
PROD-04122,Cookware Set 4122,Kitchen
PROD-04123,Water Bottle 4123,Apparel
PROD-04124,Desk Lamp 4124,Apparel
PROD-04125,Running Shoes 4125,Electronics
PROD-04126,Bluetooth Speaker 4126,Outdoor
PROD-04127,Bluetooth Speaker 4127,Apparel
PROD-04128,Backpack 4128,Electronics
PROD-04129,Bluetooth Speaker 4129,Outdoor
PROD-04130,Bluetooth Speaker 4130,Electronics
PROD-04131,Desk Lamp 4131,Home Goods
PROD-04132,Cookware Set 4132,Kitchen
PROD-04133,Running Shoes 4133,Apparel
PROD-04134,Coffee Maker 4134,Home Goods
PROD-04135,Coffee Maker 4135,Kitchen
PROD-04136,Backpack 4136,Home Goods
PROD-04137,Desk Lamp 4137,Electronics
PROD-04138,Cookware Set 4138,Apparel
PROD-04139,Backpack 4139,Electronics
PROD-04140,Rain Jacket 4140,Electronics
PROD-04141,Desk Lamp 4141,Apparel
PROD-04142,Backpack 4142,Electronics
PROD-04143,Running Shoes 4143,Outdoor
PROD-04144,Wireless Headphones 4144,Home Goods
PROD-04145,Desk Lamp 4145,Outdoor
PROD-04146,Water Bottle 4146,Apparel
PROD-04147,Water Bottle 4147,Kitchen
PROD-04148,Running Shoes 4148,Electronics
PROD-04149,Cookware Set 4149,Kitchen
PROD-04150,Water Bottle 4150,Kitchen
PROD-04151,Coffee Maker 4151,Apparel
PROD-04152,Wireless Headphones 4152,Apparel
PROD-04153,Rain Jacket 4153,Apparel
PROD-04154,Wireless Headphones 4154,Electronics
PROD-04155,Running Shoes 4155,Kitchen
PROD-04156,Bluetooth Speaker 4156,Apparel
PROD-04157,Water Bottle 4157,Kitchen
PROD-04158,Cookware Set 4158,Outdoor
PROD-04159,Cookware Set 4159,Home Goods
PROD-04160,Coffee Maker 4160,Electronics
PROD-04161,Running Shoes 4161,Kitchen
PROD-04162,Yoga Mat 4162,Kitchen
PROD-04163,Rain Jacket 4163,Home Goods
PROD-04164,Water Bottle 4164,Kitchen
PROD-04165,Running Shoes 4165,Home Goods
PROD-04166,Desk Lamp 4166,Apparel
PROD-04167,Desk Lamp 4167,Home Goods
PROD-04168,Wireless Headphones 4168,Outdoor
PROD-04169,Running Shoes 4169,Kitchen
PROD-04170,Bluetooth Speaker 4170,Outdoor
PROD-04171,Rain Jacket 4171,Electronics
PROD-04172,Yoga Mat 4172,Electronics
PROD-04173,Bluetooth Speaker 4173,Electronics
PROD-04174,Rain Jacket 4174,Outdoor
PROD-04175,Water Bottle 4175,Home Goods
PROD-04176,Desk Lamp 4176,Home Goods
PROD-04177,Cookware Set 4177,Outdoor
PROD-04178,Rain Jacket 4178,Apparel
PROD-04179,Running Shoes 4179,Kitchen
PROD-04180,Coffee Maker 4180,Electronics
PROD-04181,Rain Jacket 4181,Outdoor
PROD-04182,Yoga Mat 4182,Home Goods
PROD-04183,Cookware Set 4183,Kitchen
PROD-04184,Desk Lamp 4184,Electronics
PROD-04185,Yoga Mat 4185,Home Goods
PROD-04186,Desk Lamp 4186,Electronics
PROD-04187,Running Shoes 4187,Home Goods
PROD-04188,Rain Jacket 4188,Home Goods
PROD-04189,Wireless Headphones 4189,Outdoor
PROD-04190,Rain Jacket 4190,Apparel
PROD-04191,Rain Jacket 4191,Kitchen
PROD-04192,Backpack 4192,Home Goods
PROD-04193,Backpack 4193,Kitchen
PROD-04194,Running Shoes 4194,Home Goods
PROD-04195,Yoga Mat 4195,Outdoor
PROD-04196,Bluetooth Speaker 4196,Home Goods
PROD-04197,Backpack 4197,Kitchen
PROD-04198,Running Shoes 4198,Home Goods
PROD-04199,Cookware Set 4199,Home Goods
PROD-04200,Desk Lamp 4200,Outdoor
PROD-04201,Wireless Headphones 4201,Home Goods
PROD-04202,Running Shoes 4202,Kitchen
PROD-04203,Rain Jacket 4203,Outdoor
PROD-04204,Yoga Mat 4204,Outdoor
PROD-04205,Rain Jacket 4205,Outdoor
PROD-04206,Desk Lamp 4206,Home Goods
PROD-04207,Coffee Maker 4207,Kitchen
PROD-04208,Bluetooth Speaker 4208,Outdoor
PROD-04209,Water Bottle 4209,Apparel
PROD-04210,Wireless Headphones 4210,Electronics
PROD-04211,Running Shoes 4211,Outdoor
PROD-04212,Backpack 4212,Apparel
PROD-04213,Cookware Set 4213,Apparel
PROD-04214,Bluetooth Speaker 4214,Apparel
PROD-04215,Yoga Mat 4215,Electronics
PROD-04216,Desk Lamp 4216,Kitchen
PROD-04217,Backpack 4217,Kitchen
PROD-04218,Rain Jacket 4218,Electronics
PROD-04219,Water Bottle 4219,Electronics
PROD-04220,Bluetooth Speaker 4220,Home Goods
PROD-04221,Yoga Mat 4221,Kitchen
PROD-04222,Backpack 4222,Kitchen
PROD-04223,Water Bottle 4223,Outdoor
PROD-04224,Wireless Headphones 4224,Outdoor
PROD-04225,Cookware Set 4225,Home Goods
PROD-04226,Cookware Set 4226,Kitchen
PROD-04227,Yoga Mat 4227,Electronics
PROD-04228,Yoga Mat 4228,Kitchen
PROD-04229,Wireless Headphones 4229,Home Goods
PROD-04230,Bluetooth Speaker 4230,Kitchen
PROD-04231,Water Bottle 4231,Home Goods
PROD-04232,Desk Lamp 4232,Kitchen
PROD-04233,Coffee Maker 4233,Home Goods
PROD-04234,Coffee Maker 4234,Electronics
PROD-04235,Desk Lamp 4235,Kitchen
PROD-04236,Desk Lamp 4236,Apparel
PROD-04237,Running Shoes 4237,Apparel
PROD-04238,Desk Lamp 4238,Electronics
PROD-04239,Cookware Set 4239,Electronics
PROD-04240,Water Bottle 4240,Kitchen
PROD-04241,Desk Lamp 4241,Apparel
PROD-04242,Desk Lamp 4242,Outdoor
PROD-04243,Wireless Headphones 4243,Electronics
PROD-04244,Desk Lamp 4244,Electronics
PROD-04245,Running Shoes 4245,Electronics
PROD-04246,Rain Jacket 4246,Apparel
PROD-04247,Wireless Headphones 4247,Apparel
PROD-04248,Backpack 4248,Electronics
PROD-04249,Yoga Mat 4249,Home Goods
PROD-04250,Bluetooth Speaker 4250,Outdoor
PROD-04251,Backpack 4251,Apparel
PROD-04252,Cookware Set 4252,Home Goods
PROD-04253,Running Shoes 4253,Apparel
PROD-04254,Desk Lamp 4254,Home Goods
PROD-04255,Bluetooth Speaker 4255,Home Goods
PROD-04256,Bluetooth Speaker 4256,Apparel
PROD-04257,Desk Lamp 4257,Apparel
PROD-04258,Cookware Set 4258,Kitchen
PROD-04259,Cookware Set 4259,Kitchen
PROD-04260,Coffee Maker 4260,Kitchen
PROD-04261,Wireless Headphones 4261,Apparel
PROD-04262,Coffee Maker 4262,Kitchen
PROD-04263,Bluetooth Speaker 4263,Outdoor
PROD-04264,Water Bottle 4264,Outdoor
PROD-04265,Water Bottle 4265,Kitchen
PROD-04266,Bluetooth Speaker 4266,Home Goods
PROD-04267,Coffee Maker 4267,Electronics
PROD-04268,Desk Lamp 4268,Electronics
PROD-04269,Water Bottle 4269,Apparel
PROD-04270,Coffee Maker 4270,Kitchen
PROD-04271,Running Shoes 4271,Electronics
PROD-04272,Bluetooth Speaker 4272,Outdoor
PROD-04273,Cookware Set 4273,Apparel
PROD-04274,Wireless Headphones 4274,Home Goods
PROD-04275,Water Bottle 4275,Apparel
PROD-04276,Bluetooth Speaker 4276,Outdoor
PROD-04277,Coffee Maker 4277,Home Goods
PROD-04278,Backpack 4278,Apparel
PROD-04279,Coffee Maker 4279,Kitchen
PROD-04280,Wireless Headphones 4280,Home Goods
PROD-04281,Running Shoes 4281,Kitchen
PROD-04282,Water Bottle 4282,Home Goods
PROD-04283,Desk Lamp 4283,Kitchen
PROD-04284,Coffee Maker 4284,Electronics
PROD-04285,Cookware Set 4285,Home Goods
PROD-04286,Water Bottle 4286,Apparel
PROD-04287,Running Shoes 4287,Kitchen
PROD-04288,Coffee Maker 4288,Electronics
PROD-04289,Cookware Set 4289,Kitchen
PROD-04290,Backpack 4290,Apparel
PROD-04291,Bluetooth Speaker 4291,Electronics
PROD-04292,Water Bottle 4292,Electronics
PROD-04293,Cookware Set 4293,Apparel
PROD-04294,Desk Lamp 4294,Home Goods
PROD-04295,Running Shoes 4295,Home Goods
PROD-04296,Water Bottle 4296,Outdoor
PROD-04297,Water Bottle 4297,Kitchen
PROD-04298,Rain Jacket 4298,Home Goods
PROD-04299,Wireless Headphones 4299,Home Goods
PROD-04300,Yoga Mat 4300,Electronics
PROD-04301,Desk Lamp 4301,Electronics
PROD-04302,Running Shoes 4302,Kitchen
PROD-04303,Yoga Mat 4303,Outdoor
PROD-04304,Wireless Headphones 4304,Kitchen
PROD-04305,Yoga Mat 4305,Apparel
PROD-04306,Yoga Mat 4306,Apparel
PROD-04307,Water Bottle 4307,Electronics
PROD-04308,Rain Jacket 4308,Electronics
PROD-04309,Yoga Mat 4309,Home Goods
PROD-04310,Backpack 4310,Kitchen
PROD-04311,Rain Jacket 4311,Electronics
PROD-04312,Water Bottle 4312,Kitchen
PROD-04313,Water Bottle 4313,Kitchen
PROD-04314,Water Bottle 4314,Apparel
PROD-04315,Bluetooth Speaker 4315,Kitchen
PROD-04316,Water Bottle 4316,Kitchen
PROD-04317,Desk Lamp 4317,Kitchen
PROD-04318,Water Bottle 4318,Electronics
PROD-04319,Wireless Headphones 4319,Kitchen
PROD-04320,Cookware Set 4320,Kitchen
PROD-04321,Coffee Maker 4321,Kitchen
PROD-04322,Bluetooth Speaker 4322,Apparel
PROD-04323,Coffee Maker 4323,Home Goods
PROD-04324,Cookware Set 4324,Home Goods
PROD-04325,Desk Lamp 4325,Kitchen
PROD-04326,Yoga Mat 4326,Kitchen
PROD-04327,Wireless Headphones 4327,Home Goods
PROD-04328,Running Shoes 4328,Electronics
PROD-04329,Bluetooth Speaker 4329,Apparel
PROD-04330,Running Shoes 4330,Home Goods
PROD-04331,Running Shoes 4331,Apparel
PROD-04332,Rain Jacket 4332,Electronics
PROD-04333,Running Shoes 4333,Kitchen
PROD-04334,Running Shoes 4334,Home Goods
PROD-04335,Yoga Mat 4335,Kitchen
PROD-04336,Yoga Mat 4336,Apparel
PROD-04337,Wireless Headphones 4337,Outdoor
PROD-04338,Water Bottle 4338,Home Goods
PROD-04339,Water Bottle 4339,Outdoor
PROD-04340,Backpack 4340,Electronics
PROD-04341,Wireless Headphones 4341,Electronics
PROD-04342,Yoga Mat 4342,Outdoor
PROD-04343,Running Shoes 4343,Home Goods
PROD-04344,Rain Jacket 4344,Outdoor
PROD-04345,Running Shoes 4345,Kitchen
PROD-04346,Bluetooth Speaker 4346,Apparel
PROD-04347,Cookware Set 4347,Kitchen
PROD-04348,Running Shoes 4348,Electronics
PROD-04349,Wireless Headphones 4349,Outdoor
PROD-04350,Water Bottle 4350,Electronics
PROD-04351,Cookware Set 4351,Apparel
PROD-04352,Backpack 4352,Outdoor
PROD-04353,Yoga Mat 4353,Kitchen
PROD-04354,Bluetooth Speaker 4354,Outdoor
PROD-04355,Yoga Mat 4355,Kitchen
PROD-04356,Wireless Headphones 4356,Home Goods
PROD-04357,Wireless Headphones 4357,Outdoor
PROD-04358,Backpack 4358,Outdoor
PROD-04359,Cookware Set 4359,Kitchen
PROD-04360,Coffee Maker 4360,Outdoor
PROD-04361,Running Shoes 4361,Outdoor
PROD-04362,Bluetooth Speaker 4362,Kitchen
PROD-04363,Yoga Mat 4363,Apparel
PROD-04364,Desk Lamp 4364,Kitchen
PROD-04365,Running Shoes 4365,Electronics
PROD-04366,Cookware Set 4366,Home Goods
PROD-04367,Running Shoes 4367,Electronics
PROD-04368,Running Shoes 4368,Home Goods
PROD-04369,Rain Jacket 4369,Apparel
PROD-04370,Bluetooth Speaker 4370,Electronics
PROD-04371,Cookware Set 4371,Electronics
PROD-04372,Backpack 4372,Apparel
PROD-04373,Yoga Mat 4373,Outdoor
PROD-04374,Bluetooth Speaker 4374,Apparel
PROD-04375,Running Shoes 4375,Outdoor
PROD-04376,Desk Lamp 4376,Kitchen
PROD-04377,Rain Jacket 4377,Kitchen
PROD-04378,Bluetooth Speaker 4378,Electronics
PROD-04379,Bluetooth Speaker 4379,Electronics
PROD-04380,Wireless Headphones 4380,Home Goods
PROD-04381,Wireless Headphones 4381,Apparel
PROD-04382,Coffee Maker 4382,Kitchen
PROD-04383,Coffee Maker 4383,Outdoor
PROD-04384,Yoga Mat 4384,Home Goods
PROD-04385,Cookware Set 4385,Electronics
PROD-04386,Desk Lamp 4386,Electronics
PROD-04387,Wireless Headphones 4387,Kitchen
PROD-04388,Desk Lamp 4388,Apparel
PROD-04389,Desk Lamp 4389,Kitchen
PROD-04390,Wireless Headphones 4390,Home Goods
PROD-04391,Rain Jacket 4391,Home Goods
PROD-04392,Rain Jacket 4392,Home Goods
PROD-04393,Backpack 4393,Electronics
PROD-04394,Bluetooth Speaker 4394,Home Goods
PROD-04395,Running Shoes 4395,Apparel
PROD-04396,Coffee Maker 4396,Kitchen
PROD-04397,Cookware Set 4397,Kitchen
PROD-04398,Yoga Mat 4398,Electronics
PROD-04399,Wireless Headphones 4399,Home Goods
PROD-04400,Rain Jacket 4400,Apparel
PROD-04401,Desk Lamp 4401,Electronics
PROD-04402,Rain Jacket 4402,Electronics
PROD-04403,Water Bottle 4403,Outdoor
PROD-04404,Desk Lamp 4404,Home Goods
PROD-04405,Coffee Maker 4405,Kitchen
PROD-04406,Yoga Mat 4406,Outdoor
PROD-04407,Rain Jacket 4407,Outdoor
PROD-04408,Cookware Set 4408,Kitchen
PROD-04409,Yoga Mat 4409,Electronics
PROD-04410,Desk Lamp 4410,Apparel
PROD-04411,Bluetooth Speaker 4411,Home Goods
PROD-04412,Water Bottle 4412,Home Goods
PROD-04413,Rain Jacket 4413,Outdoor
PROD-04414,Coffee Maker 4414,Electronics
PROD-04415,Desk Lamp 4415,Kitchen
PROD-04416,Water Bottle 4416,Home Goods
PROD-04417,Rain Jacket 4417,Outdoor
PROD-04418,Wireless Headphones 4418,Electronics
PROD-04419,Rain Jacket 4419,Apparel
PROD-04420,Running Shoes 4420,Home Goods
PROD-04421,Yoga Mat 4421,Outdoor
PROD-04422,Cookware Set 4422,Electronics
PROD-04423,Cookware Set 4423,Outdoor
PROD-04424,Coffee Maker 4424,Apparel
PROD-04425,Wireless Headphones 4425,Kitchen
PROD-04426,Rain Jacket 4426,Kitchen
PROD-04427,Desk Lamp 4427,Kitchen
PROD-04428,Rain Jacket 4428,Home Goods
PROD-04429,Desk Lamp 4429,Outdoor
PROD-04430,Bluetooth Speaker 4430,Electronics
PROD-04431,Bluetooth Speaker 4431,Kitchen
PROD-04432,Backpack 4432,Home Goods
PROD-04433,Backpack 4433,Electronics
PROD-04434,Bluetooth Speaker 4434,Electronics
PROD-04435,Running Shoes 4435,Home Goods
PROD-04436,Bluetooth Speaker 4436,Kitchen
PROD-04437,Backpack 4437,Kitchen
PROD-04438,Wireless Headphones 4438,Apparel
PROD-04439,Backpack 4439,Apparel
PROD-04440,Water Bottle 4440,Outdoor
PROD-04441,Cookware Set 4441,Apparel
PROD-04442,Water Bottle 4442,Electronics
PROD-04443,Water Bottle 4443,Home Goods
PROD-04444,Rain Jacket 4444,Apparel
PROD-04445,Desk Lamp 4445,Electronics
PROD-04446,Yoga Mat 4446,Outdoor
PROD-04447,Desk Lamp 4447,Home Goods
PROD-04448,Running Shoes 4448,Kitchen
PROD-04449,Coffee Maker 4449,Outdoor
PROD-04450,Backpack 4450,Kitchen
PROD-04451,Running Shoes 4451,Home Goods
PROD-04452,Running Shoes 4452,Kitchen
PROD-04453,Coffee Maker 4453,Home Goods
PROD-04454,Wireless Headphones 4454,Apparel
PROD-04455,Desk Lamp 4455,Home Goods
PROD-04456,Rain Jacket 4456,Apparel
PROD-04457,Running Shoes 4457,Home Goods
PROD-04458,Coffee Maker 4458,Outdoor
PROD-04459,Cookware Set 4459,Outdoor
PROD-04460,Backpack 4460,Apparel
PROD-04461,Wireless Headphones 4461,Home Goods
PROD-04462,Running Shoes 4462,Home Goods
PROD-04463,Bluetooth Speaker 4463,Kitchen
PROD-04464,Water Bottle 4464,Home Goods
PROD-04465,Wireless Headphones 4465,Electronics
PROD-04466,Coffee Maker 4466,Outdoor
PROD-04467,Running Shoes 4467,Kitchen
PROD-04468,Bluetooth Speaker 4468,Outdoor
PROD-04469,Yoga Mat 4469,Home Goods
PROD-04470,Water Bottle 4470,Home Goods
PROD-04471,Yoga Mat 4471,Outdoor
PROD-04472,Coffee Maker 4472,Home Goods
PROD-04473,Running Shoes 4473,Apparel
PROD-04474,Bluetooth Speaker 4474,Home Goods
PROD-04475,Cookware Set 4475,Home Goods
PROD-04476,Cookware Set 4476,Apparel
PROD-04477,Backpack 4477,Kitchen
PROD-04478,Cookware Set 4478,Electronics
PROD-04479,Desk Lamp 4479,Outdoor
PROD-04480,Desk Lamp 4480,Electronics
PROD-04481,Running Shoes 4481,Apparel
PROD-04482,Running Shoes 4482,Apparel
PROD-04483,Cookware Set 4483,Apparel
PROD-04484,Rain Jacket 4484,Electronics
PROD-04485,Running Shoes 4485,Kitchen
PROD-04486,Desk Lamp 4486,Home Goods
PROD-04487,Running Shoes 4487,Electronics
PROD-04488,Coffee Maker 4488,Electronics
PROD-04489,Backpack 4489,Outdoor
PROD-04490,Yoga Mat 4490,Kitchen
PROD-04491,Running Shoes 4491,Apparel
PROD-04492,Yoga Mat 4492,Home Goods
PROD-04493,Bluetooth Speaker 4493,Home Goods
PROD-04494,Bluetooth Speaker 4494,Apparel
PROD-04495,Cookware Set 4495,Home Goods
PROD-04496,Wireless Headphones 4496,Apparel
PROD-04497,Coffee Maker 4497,Home Goods
PROD-04498,Cookware Set 4498,Home Goods
PROD-04499,Running Shoes 4499,Kitchen
PROD-04500,Coffee Maker 4500,Kitchen
PROD-04501,Bluetooth Speaker 4501,Kitchen
PROD-04502,Running Shoes 4502,Outdoor
PROD-04503,Coffee Maker 4503,Kitchen
PROD-04504,Bluetooth Speaker 4504,Home Goods
PROD-04505,Coffee Maker 4505,Kitchen
PROD-04506,Cookware Set 4506,Home Goods
PROD-04507,Coffee Maker 4507,Kitchen
PROD-04508,Cookware Set 4508,Electronics
PROD-04509,Rain Jacket 4509,Electronics
PROD-04510,Yoga Mat 4510,Kitchen
PROD-04511,Rain Jacket 4511,Kitchen
PROD-04512,Cookware Set 4512,Apparel
PROD-04513,Bluetooth Speaker 4513,Outdoor
PROD-04514,Water Bottle 4514,Home Goods
PROD-04515,Rain Jacket 4515,Home Goods
PROD-04516,Water Bottle 4516,Electronics
PROD-04517,Coffee Maker 4517,Outdoor
PROD-04518,Cookware Set 4518,Kitchen
PROD-04519,Water Bottle 4519,Apparel
PROD-04520,Wireless Headphones 4520,Electronics
PROD-04521,Water Bottle 4521,Apparel
PROD-04522,Cookware Set 4522,Kitchen
PROD-04523,Desk Lamp 4523,Outdoor
PROD-04524,Water Bottle 4524,Kitchen
PROD-04525,Desk Lamp 4525,Kitchen
PROD-04526,Yoga Mat 4526,Home Goods
PROD-04527,Running Shoes 4527,Apparel
PROD-04528,Coffee Maker 4528,Electronics
PROD-04529,Bluetooth Speaker 4529,Outdoor
PROD-04530,Cookware Set 4530,Apparel
PROD-04531,Cookware Set 4531,Electronics
PROD-04532,Yoga Mat 4532,Home Goods
PROD-04533,Backpack 4533,Apparel
PROD-04534,Cookware Set 4534,Electronics
PROD-04535,Water Bottle 4535,Kitchen
PROD-04536,Rain Jacket 4536,Apparel
PROD-04537,Coffee Maker 4537,Home Goods
PROD-04538,Desk Lamp 4538,Kitchen
PROD-04539,Wireless Headphones 4539,Electronics
PROD-04540,Coffee Maker 4540,Outdoor
PROD-04541,Rain Jacket 4541,Electronics
PROD-04542,Yoga Mat 4542,Outdoor
PROD-04543,Desk Lamp 4543,Home Goods
PROD-04544,Desk Lamp 4544,Home Goods
PROD-04545,Backpack 4545,Electronics
PROD-04546,Wireless Headphones 4546,Home Goods
PROD-04547,Desk Lamp 4547,Kitchen
PROD-04548,Cookware Set 4548,Apparel
PROD-04549,Bluetooth Speaker 4549,Outdoor
PROD-04550,Coffee Maker 4550,Electronics
PROD-04551,Running Shoes 4551,Outdoor
PROD-04552,Wireless Headphones 4552,Electronics
PROD-04553,Cookware Set 4553,Apparel
PROD-04554,Rain Jacket 4554,Electronics
PROD-04555,Coffee Maker 4555,Apparel
PROD-04556,Bluetooth Speaker 4556,Electronics
PROD-04557,Wireless Headphones 4557,Home Goods
PROD-04558,Bluetooth Speaker 4558,Home Goods
PROD-04559,Rain Jacket 4559,Apparel
PROD-04560,Cookware Set 4560,Home Goods
PROD-04561,Backpack 4561,Kitchen
PROD-04562,Rain Jacket 4562,Kitchen
PROD-04563,Rain Jacket 4563,Home Goods
PROD-04564,Desk Lamp 4564,Kitchen
PROD-04565,Desk Lamp 4565,Electronics
PROD-04566,Coffee Maker 4566,Apparel
PROD-04567,Running Shoes 4567,Home Goods
PROD-04568,Coffee Maker 4568,Kitchen
PROD-04569,Water Bottle 4569,Kitchen
PROD-04570,Backpack 4570,Kitchen
PROD-04571,Desk Lamp 4571,Electronics
PROD-04572,Coffee Maker 4572,Home Goods
PROD-04573,Coffee Maker 4573,Outdoor
PROD-04574,Water Bottle 4574,Outdoor
PROD-04575,Bluetooth Speaker 4575,Outdoor
PROD-04576,Bluetooth Speaker 4576,Kitchen
PROD-04577,Desk Lamp 4577,Outdoor
PROD-04578,Wireless Headphones 4578,Electronics
PROD-04579,Coffee Maker 4579,Home Goods
PROD-04580,Desk Lamp 4580,Home Goods
PROD-04581,Desk Lamp 4581,Outdoor
PROD-04582,Cookware Set 4582,Electronics
PROD-04583,Coffee Maker 4583,Kitchen
PROD-04584,Coffee Maker 4584,Apparel
PROD-04585,Cookware Set 4585,Kitchen
PROD-04586,Coffee Maker 4586,Home Goods
PROD-04587,Bluetooth Speaker 4587,Home Goods
PROD-04588,Bluetooth Speaker 4588,Outdoor
PROD-04589,Yoga Mat 4589,Home Goods
PROD-04590,Cookware Set 4590,Electronics
PROD-04591,Running Shoes 4591,Kitchen
PROD-04592,Running Shoes 4592,Home Goods
PROD-04593,Running Shoes 4593,Kitchen
PROD-04594,Running Shoes 4594,Electronics
PROD-04595,Water Bottle 4595,Outdoor
PROD-04596,Coffee Maker 4596,Kitchen
PROD-04597,Backpack 4597,Home Goods
PROD-04598,Cookware Set 4598,Apparel
PROD-04599,Rain Jacket 4599,Apparel
PROD-04600,Running Shoes 4600,Home Goods
PROD-04601,Cookware Set 4601,Kitchen
PROD-04602,Desk Lamp 4602,Electronics
PROD-04603,Rain Jacket 4603,Electronics
PROD-04604,Rain Jacket 4604,Home Goods
PROD-04605,Rain Jacket 4605,Outdoor
PROD-04606,Rain Jacket 4606,Home Goods
PROD-04607,Cookware Set 4607,Kitchen
PROD-04608,Yoga Mat 4608,Apparel
PROD-04609,Backpack 4609,Outdoor
PROD-04610,Yoga Mat 4610,Apparel
PROD-04611,Bluetooth Speaker 4611,Home Goods
PROD-04612,Rain Jacket 4612,Apparel
PROD-04613,Rain Jacket 4613,Home Goods
PROD-04614,Wireless Headphones 4614,Kitchen
PROD-04615,Backpack 4615,Kitchen
PROD-04616,Backpack 4616,Electronics
PROD-04617,Wireless Headphones 4617,Home Goods
PROD-04618,Water Bottle 4618,Kitchen
PROD-04619,Running Shoes 4619,Apparel
PROD-04620,Desk Lamp 4620,Electronics
PROD-04621,Desk Lamp 4621,Home Goods
PROD-04622,Bluetooth Speaker 4622,Electronics
PROD-04623,Bluetooth Speaker 4623,Outdoor
PROD-04624,Coffee Maker 4624,Home Goods
PROD-04625,Yoga Mat 4625,Kitchen
PROD-04626,Desk Lamp 4626,Electronics
PROD-04627,Coffee Maker 4627,Outdoor
PROD-04628,Cookware Set 4628,Home Goods
PROD-04629,Coffee Maker 4629,Outdoor
PROD-04630,Wireless Headphones 4630,Apparel
PROD-04631,Cookware Set 4631,Outdoor
PROD-04632,Rain Jacket 4632,Electronics
PROD-04633,Rain Jacket 4633,Outdoor
PROD-04634,Desk Lamp 4634,Apparel
PROD-04635,Rain Jacket 4635,Home Goods
PROD-04636,Bluetooth Speaker 4636,Electronics
PROD-04637,Running Shoes 4637,Outdoor
PROD-04638,Cookware Set 4638,Electronics
PROD-04639,Cookware Set 4639,Apparel
PROD-04640,Water Bottle 4640,Apparel
PROD-04641,Coffee Maker 4641,Apparel
PROD-04642,Yoga Mat 4642,Apparel
PROD-04643,Water Bottle 4643,Home Goods
PROD-04644,Bluetooth Speaker 4644,Electronics
PROD-04645,Running Shoes 4645,Home Goods
PROD-04646,Running Shoes 4646,Outdoor
PROD-04647,Desk Lamp 4647,Electronics
PROD-04648,Water Bottle 4648,Outdoor
PROD-04649,Water Bottle 4649,Electronics
PROD-04650,Yoga Mat 4650,Electronics
PROD-04651,Backpack 4651,Electronics
PROD-04652,Water Bottle 4652,Electronics
PROD-04653,Rain Jacket 4653,Kitchen
PROD-04654,Backpack 4654,Outdoor
PROD-04655,Wireless Headphones 4655,Electronics
PROD-04656,Backpack 4656,Outdoor
PROD-04657,Running Shoes 4657,Home Goods
PROD-04658,Running Shoes 4658,Kitchen
PROD-04659,Backpack 4659,Electronics
PROD-04660,Yoga Mat 4660,Kitchen
PROD-04661,Bluetooth Speaker 4661,Electronics
PROD-04662,Yoga Mat 4662,Kitchen
PROD-04663,Wireless Headphones 4663,Apparel
PROD-04664,Desk Lamp 4664,Apparel
PROD-04665,Cookware Set 4665,Apparel
PROD-04666,Backpack 4666,Apparel
PROD-04667,Cookware Set 4667,Kitchen
PROD-04668,Coffee Maker 4668,Kitchen
PROD-04669,Rain Jacket 4669,Apparel
PROD-04670,Yoga Mat 4670,Kitchen
PROD-04671,Wireless Headphones 4671,Apparel
PROD-04672,Desk Lamp 4672,Apparel
PROD-04673,Rain Jacket 4673,Home Goods
PROD-04674,Bluetooth Speaker 4674,Apparel
PROD-04675,Backpack 4675,Outdoor
PROD-04676,Yoga Mat 4676,Kitchen
PROD-04677,Yoga Mat 4677,Kitchen
PROD-04678,Desk Lamp 4678,Outdoor
PROD-04679,Wireless Headphones 4679,Home Goods
PROD-04680,Running Shoes 4680,Kitchen
PROD-04681,Desk Lamp 4681,Home Goods
PROD-04682,Backpack 4682,Electronics
PROD-04683,Wireless Headphones 4683,Apparel
PROD-04684,Backpack 4684,Home Goods
PROD-04685,Rain Jacket 4685,Apparel
PROD-04686,Desk Lamp 4686,Kitchen
PROD-04687,Coffee Maker 4687,Kitchen
PROD-04688,Yoga Mat 4688,Home Goods
PROD-04689,Bluetooth Speaker 4689,Kitchen
PROD-04690,Water Bottle 4690,Apparel
PROD-04691,Yoga Mat 4691,Outdoor
PROD-04692,Rain Jacket 4692,Electronics
PROD-04693,Yoga Mat 4693,Outdoor
PROD-04694,Yoga Mat 4694,Apparel
PROD-04695,Running Shoes 4695,Apparel
PROD-04696,Running Shoes 4696,Kitchen
PROD-04697,Desk Lamp 4697,Outdoor
PROD-04698,Rain Jacket 4698,Home Goods
PROD-04699,Water Bottle 4699,Kitchen
PROD-04700,Rain Jacket 4700,Apparel
PROD-04701,Cookware Set 4701,Outdoor
PROD-04702,Rain Jacket 4702,Kitchen
PROD-04703,Backpack 4703,Outdoor
PROD-04704,Desk Lamp 4704,Apparel
PROD-04705,Water Bottle 4705,Electronics
PROD-04706,Coffee Maker 4706,Apparel
PROD-04707,Bluetooth Speaker 4707,Kitchen
PROD-04708,Rain Jacket 4708,Home Goods
PROD-04709,Running Shoes 4709,Apparel
PROD-04710,Wireless Headphones 4710,Outdoor
PROD-04711,Bluetooth Speaker 4711,Kitchen
PROD-04712,Water Bottle 4712,Electronics
PROD-04713,Wireless Headphones 4713,Apparel
PROD-04714,Water Bottle 4714,Electronics
PROD-04715,Wireless Headphones 4715,Electronics
PROD-04716,Backpack 4716,Home Goods
PROD-04717,Backpack 4717,Kitchen
PROD-04718,Coffee Maker 4718,Electronics
PROD-04719,Desk Lamp 4719,Home Goods
PROD-04720,Desk Lamp 4720,Outdoor
PROD-04721,Cookware Set 4721,Home Goods
PROD-04722,Running Shoes 4722,Home Goods
PROD-04723,Yoga Mat 4723,Kitchen
PROD-04724,Desk Lamp 4724,Apparel
PROD-04725,Yoga Mat 4725,Kitchen
PROD-04726,Rain Jacket 4726,Apparel
PROD-04727,Desk Lamp 4727,Home Goods
PROD-04728,Desk Lamp 4728,Kitchen
PROD-04729,Rain Jacket 4729,Home Goods
PROD-04730,Wireless Headphones 4730,Home Goods
PROD-04731,Desk Lamp 4731,Apparel
PROD-04732,Backpack 4732,Electronics
PROD-04733,Cookware Set 4733,Apparel
PROD-04734,Bluetooth Speaker 4734,Outdoor
PROD-04735,Cookware Set 4735,Apparel
PROD-04736,Coffee Maker 4736,Kitchen
PROD-04737,Bluetooth Speaker 4737,Home Goods
PROD-04738,Coffee Maker 4738,Kitchen
PROD-04739,Bluetooth Speaker 4739,Kitchen
PROD-04740,Wireless Headphones 4740,Electronics
PROD-04741,Water Bottle 4741,Kitchen
PROD-04742,Running Shoes 4742,Outdoor
PROD-04743,Running Shoes 4743,Kitchen
PROD-04744,Water Bottle 4744,Electronics
PROD-04745,Cookware Set 4745,Outdoor
PROD-04746,Water Bottle 4746,Apparel
PROD-04747,Desk Lamp 4747,Kitchen
PROD-04748,Desk Lamp 4748,Outdoor
PROD-04749,Bluetooth Speaker 4749,Electronics
PROD-04750,Wireless Headphones 4750,Outdoor
PROD-04751,Water Bottle 4751,Electronics
PROD-04752,Wireless Headphones 4752,Home Goods
PROD-04753,Wireless Headphones 4753,Apparel
PROD-04754,Water Bottle 4754,Kitchen
PROD-04755,Running Shoes 4755,Electronics
PROD-04756,Running Shoes 4756,Kitchen
PROD-04757,Backpack 4757,Apparel
PROD-04758,Wireless Headphones 4758,Apparel
PROD-04759,Cookware Set 4759,Outdoor
PROD-04760,Desk Lamp 4760,Apparel
PROD-04761,Rain Jacket 4761,Outdoor
PROD-04762,Coffee Maker 4762,Apparel
PROD-04763,Desk Lamp 4763,Outdoor
PROD-04764,Cookware Set 4764,Home Goods
PROD-04765,Rain Jacket 4765,Home Goods
PROD-04766,Yoga Mat 4766,Home Goods
PROD-04767,Water Bottle 4767,Outdoor
PROD-04768,Desk Lamp 4768,Kitchen
PROD-04769,Desk Lamp 4769,Apparel
PROD-04770,Wireless Headphones 4770,Apparel
PROD-04771,Wireless Headphones 4771,Home Goods
PROD-04772,Backpack 4772,Apparel
PROD-04773,Backpack 4773,Apparel
PROD-04774,Bluetooth Speaker 4774,Home Goods
PROD-04775,Rain Jacket 4775,Outdoor
PROD-04776,Rain Jacket 4776,Outdoor
PROD-04777,Bluetooth Speaker 4777,Home Goods
PROD-04778,Coffee Maker 4778,Kitchen
PROD-04779,Coffee Maker 4779,Home Goods
PROD-04780,Cookware Set 4780,Apparel
PROD-04781,Yoga Mat 4781,Apparel
PROD-04782,Water Bottle 4782,Outdoor
PROD-04783,Rain Jacket 4783,Outdoor
PROD-04784,Rain Jacket 4784,Electronics
PROD-04785,Running Shoes 4785,Home Goods
PROD-04786,Rain Jacket 4786,Apparel
PROD-04787,Bluetooth Speaker 4787,Outdoor
PROD-04788,Running Shoes 4788,Kitchen
PROD-04789,Running Shoes 4789,Outdoor
PROD-04790,Desk Lamp 4790,Apparel
PROD-04791,Yoga Mat 4791,Apparel
PROD-04792,Running Shoes 4792,Kitchen
PROD-04793,Water Bottle 4793,Kitchen
PROD-04794,Cookware Set 4794,Outdoor
PROD-04795,Running Shoes 4795,Electronics
PROD-04796,Backpack 4796,Outdoor
PROD-04797,Rain Jacket 4797,Apparel
PROD-04798,Rain Jacket 4798,Kitchen
PROD-04799,Desk Lamp 4799,Kitchen
PROD-04800,Coffee Maker 4800,Outdoor
PROD-04801,Water Bottle 4801,Home Goods
PROD-04802,Water Bottle 4802,Apparel
PROD-04803,Bluetooth Speaker 4803,Apparel
PROD-04804,Backpack 4804,Electronics
PROD-04805,Coffee Maker 4805,Apparel
PROD-04806,Cookware Set 4806,Kitchen
PROD-04807,Rain Jacket 4807,Home Goods
PROD-04808,Wireless Headphones 4808,Outdoor
PROD-04809,Desk Lamp 4809,Home Goods
PROD-04810,Yoga Mat 4810,Home Goods
PROD-04811,Water Bottle 4811,Home Goods
PROD-04812,Running Shoes 4812,Home Goods
PROD-04813,Water Bottle 4813,Electronics
PROD-04814,Desk Lamp 4814,Kitchen
PROD-04815,Coffee Maker 4815,Apparel
PROD-04816,Rain Jacket 4816,Kitchen
PROD-04817,Backpack 4817,Electronics
PROD-04818,Rain Jacket 4818,Outdoor
PROD-04819,Rain Jacket 4819,Home Goods
PROD-04820,Cookware Set 4820,Home Goods
PROD-04821,Water Bottle 4821,Kitchen
PROD-04822,Desk Lamp 4822,Kitchen
PROD-04823,Yoga Mat 4823,Outdoor
PROD-04824,Coffee Maker 4824,Home Goods
PROD-04825,Yoga Mat 4825,Apparel
PROD-04826,Running Shoes 4826,Apparel
PROD-04827,Desk Lamp 4827,Kitchen
PROD-04828,Rain Jacket 4828,Apparel
PROD-04829,Bluetooth Speaker 4829,Electronics
PROD-04830,Cookware Set 4830,Apparel
PROD-04831,Wireless Headphones 4831,Electronics
PROD-04832,Water Bottle 4832,Outdoor
PROD-04833,Backpack 4833,Home Goods
PROD-04834,Cookware Set 4834,Outdoor
PROD-04835,Wireless Headphones 4835,Kitchen
PROD-04836,Cookware Set 4836,Apparel
PROD-04837,Rain Jacket 4837,Apparel
PROD-04838,Backpack 4838,Kitchen
PROD-04839,Running Shoes 4839,Electronics
PROD-04840,Coffee Maker 4840,Electronics
PROD-04841,Water Bottle 4841,Outdoor
PROD-04842,Water Bottle 4842,Home Goods
PROD-04843,Backpack 4843,Home Goods
PROD-04844,Running Shoes 4844,Electronics
PROD-04845,Running Shoes 4845,Apparel
PROD-04846,Water Bottle 4846,Apparel
PROD-04847,Wireless Headphones 4847,Kitchen
PROD-04848,Rain Jacket 4848,Kitchen
PROD-04849,Cookware Set 4849,Apparel
PROD-04850,Backpack 4850,Home Goods
PROD-04851,Cookware Set 4851,Electronics
PROD-04852,Water Bottle 4852,Outdoor
PROD-04853,Wireless Headphones 4853,Home Goods
PROD-04854,Desk Lamp 4854,Kitchen
PROD-04855,Coffee Maker 4855,Apparel
PROD-04856,Wireless Headphones 4856,Electronics
PROD-04857,Water Bottle 4857,Electronics
PROD-04858,Cookware Set 4858,Apparel
PROD-04859,Backpack 4859,Electronics
PROD-04860,Yoga Mat 4860,Outdoor
PROD-04861,Cookware Set 4861,Electronics
PROD-04862,Backpack 4862,Outdoor
PROD-04863,Running Shoes 4863,Home Goods
PROD-04864,Running Shoes 4864,Apparel
PROD-04865,Wireless Headphones 4865,Outdoor
PROD-04866,Bluetooth Speaker 4866,Kitchen
PROD-04867,Desk Lamp 4867,Outdoor
PROD-04868,Desk Lamp 4868,Home Goods
PROD-04869,Wireless Headphones 4869,Apparel
PROD-04870,Backpack 4870,Electronics
PROD-04871,Running Shoes 4871,Home Goods
PROD-04872,Yoga Mat 4872,Home Goods
PROD-04873,Yoga Mat 4873,Kitchen
PROD-04874,Running Shoes 4874,Kitchen
PROD-04875,Yoga Mat 4875,Outdoor
PROD-04876,Cookware Set 4876,Kitchen
PROD-04877,Bluetooth Speaker 4877,Outdoor
PROD-04878,Wireless Headphones 4878,Outdoor
PROD-04879,Backpack 4879,Outdoor
PROD-04880,Yoga Mat 4880,Electronics
PROD-04881,Coffee Maker 4881,Home Goods
PROD-04882,Backpack 4882,Home Goods
PROD-04883,Coffee Maker 4883,Electronics
PROD-04884,Backpack 4884,Kitchen
PROD-04885,Wireless Headphones 4885,Electronics
PROD-04886,Running Shoes 4886,Outdoor
PROD-04887,Running Shoes 4887,Electronics
PROD-04888,Backpack 4888,Home Goods
PROD-04889,Coffee Maker 4889,Kitchen
PROD-04890,Bluetooth Speaker 4890,Home Goods
PROD-04891,Bluetooth Speaker 4891,Apparel
PROD-04892,Desk Lamp 4892,Outdoor
PROD-04893,Backpack 4893,Home Goods
PROD-04894,Cookware Set 4894,Electronics
PROD-04895,Wireless Headphones 4895,Electronics
PROD-04896,Rain Jacket 4896,Home Goods
PROD-04897,Rain Jacket 4897,Home Goods
PROD-04898,Wireless Headphones 4898,Outdoor
PROD-04899,Running Shoes 4899,Outdoor
PROD-04900,Running Shoes 4900,Electronics
PROD-04901,Wireless Headphones 4901,Outdoor
PROD-04902,Water Bottle 4902,Kitchen
PROD-04903,Cookware Set 4903,Outdoor
PROD-04904,Wireless Headphones 4904,Apparel
PROD-04905,Bluetooth Speaker 4905,Outdoor
PROD-04906,Rain Jacket 4906,Home Goods
PROD-04907,Desk Lamp 4907,Electronics
PROD-04908,Running Shoes 4908,Kitchen
PROD-04909,Backpack 4909,Home Goods
PROD-04910,Backpack 4910,Apparel
PROD-04911,Coffee Maker 4911,Kitchen
PROD-04912,Coffee Maker 4912,Outdoor
PROD-04913,Coffee Maker 4913,Electronics
PROD-04914,Coffee Maker 4914,Apparel
PROD-04915,Running Shoes 4915,Outdoor
PROD-04916,Bluetooth Speaker 4916,Outdoor
PROD-04917,Yoga Mat 4917,Electronics
PROD-04918,Cookware Set 4918,Outdoor
PROD-04919,Wireless Headphones 4919,Electronics
PROD-04920,Cookware Set 4920,Kitchen
PROD-04921,Wireless Headphones 4921,Outdoor
PROD-04922,Rain Jacket 4922,Kitchen
PROD-04923,Desk Lamp 4923,Electronics
PROD-04924,Wireless Headphones 4924,Home Goods
PROD-04925,Coffee Maker 4925,Kitchen
PROD-04926,Yoga Mat 4926,Electronics
PROD-04927,Cookware Set 4927,Kitchen
PROD-04928,Water Bottle 4928,Kitchen
PROD-04929,Running Shoes 4929,Apparel
PROD-04930,Desk Lamp 4930,Home Goods
PROD-04931,Water Bottle 4931,Home Goods
PROD-04932,Wireless Headphones 4932,Kitchen
PROD-04933,Rain Jacket 4933,Electronics
PROD-04934,Running Shoes 4934,Apparel
PROD-04935,Cookware Set 4935,Electronics
PROD-04936,Yoga Mat 4936,Outdoor
PROD-04937,Yoga Mat 4937,Kitchen
PROD-04938,Bluetooth Speaker 4938,Apparel
PROD-04939,Coffee Maker 4939,Apparel
PROD-04940,Yoga Mat 4940,Kitchen
PROD-04941,Bluetooth Speaker 4941,Electronics
PROD-04942,Cookware Set 4942,Apparel
PROD-04943,Desk Lamp 4943,Home Goods
PROD-04944,Bluetooth Speaker 4944,Electronics
PROD-04945,Rain Jacket 4945,Home Goods
PROD-04946,Bluetooth Speaker 4946,Apparel
PROD-04947,Wireless Headphones 4947,Electronics
PROD-04948,Running Shoes 4948,Electronics
PROD-04949,Coffee Maker 4949,Outdoor
PROD-04950,Bluetooth Speaker 4950,Electronics
PROD-04951,Rain Jacket 4951,Electronics
PROD-04952,Bluetooth Speaker 4952,Kitchen
PROD-04953,Yoga Mat 4953,Home Goods
PROD-04954,Bluetooth Speaker 4954,Kitchen
PROD-04955,Running Shoes 4955,Apparel
PROD-04956,Rain Jacket 4956,Home Goods
PROD-04957,Yoga Mat 4957,Kitchen
PROD-04958,Bluetooth Speaker 4958,Outdoor
PROD-04959,Water Bottle 4959,Outdoor
PROD-04960,Desk Lamp 4960,Apparel
PROD-04961,Yoga Mat 4961,Electronics
PROD-04962,Bluetooth Speaker 4962,Kitchen
PROD-04963,Coffee Maker 4963,Home Goods
PROD-04964,Cookware Set 4964,Apparel
PROD-04965,Desk Lamp 4965,Apparel
PROD-04966,Rain Jacket 4966,Kitchen
PROD-04967,Water Bottle 4967,Electronics
PROD-04968,Running Shoes 4968,Home Goods
PROD-04969,Cookware Set 4969,Outdoor
PROD-04970,Rain Jacket 4970,Home Goods
PROD-04971,Desk Lamp 4971,Electronics
PROD-04972,Rain Jacket 4972,Outdoor
PROD-04973,Yoga Mat 4973,Kitchen
PROD-04974,Wireless Headphones 4974,Kitchen
PROD-04975,Wireless Headphones 4975,Electronics
PROD-04976,Water Bottle 4976,Home Goods
PROD-04977,Bluetooth Speaker 4977,Outdoor
PROD-04978,Water Bottle 4978,Home Goods
PROD-04979,Bluetooth Speaker 4979,Kitchen
PROD-04980,Running Shoes 4980,Kitchen
PROD-04981,Running Shoes 4981,Kitchen
PROD-04982,Backpack 4982,Home Goods
PROD-04983,Wireless Headphones 4983,Electronics
PROD-04984,Wireless Headphones 4984,Electronics
PROD-04985,Backpack 4985,Electronics
PROD-04986,Rain Jacket 4986,Home Goods
PROD-04987,Cookware Set 4987,Kitchen
PROD-04988,Bluetooth Speaker 4988,Apparel
PROD-04989,Wireless Headphones 4989,Outdoor
PROD-04990,Desk Lamp 4990,Kitchen
PROD-04991,Water Bottle 4991,Outdoor
PROD-04992,Wireless Headphones 4992,Home Goods
PROD-04993,Wireless Headphones 4993,Home Goods
PROD-04994,Desk Lamp 4994,Outdoor
PROD-04995,Running Shoes 4995,Apparel
PROD-04996,Running Shoes 4996,Outdoor
PROD-04997,Water Bottle 4997,Home Goods
PROD-04998,Cookware Set 4998,Electronics
PROD-04999,Cookware Set 4999,Apparel
PROD-05000,Wireless Headphones 5000,Outdoor
