citizen_id,note
CIT-00001,Fully synthetic citizen; not a real person.
CIT-00002,Fully synthetic citizen; not a real person.
CIT-00003,Fully synthetic citizen; not a real person.
CIT-00004,Fully synthetic citizen; not a real person.
CIT-00005,Fully synthetic citizen; not a real person.
CIT-00006,Fully synthetic citizen; not a real person.
CIT-00007,Fully synthetic citizen; not a real person.
CIT-00008,Fully synthetic citizen; not a real person.
CIT-00009,Fully synthetic citizen; not a real person.
CIT-00010,Fully synthetic citizen; not a real person.
CIT-00011,Fully synthetic citizen; not a real person.
CIT-00012,Fully synthetic citizen; not a real person.
CIT-00013,Fully synthetic citizen; not a real person.
CIT-00014,Fully synthetic citizen; not a real person.
CIT-00015,Fully synthetic citizen; not a real person.
CIT-00016,Fully synthetic citizen; not a real person.
CIT-00017,Fully synthetic citizen; not a real person.
CIT-00018,Fully synthetic citizen; not a real person.
CIT-00019,Fully synthetic citizen; not a real person.
CIT-00020,Fully synthetic citizen; not a real person.
CIT-00021,Fully synthetic citizen; not a real person.
CIT-00022,Fully synthetic citizen; not a real person.
CIT-00023,Fully synthetic citizen; not a real person.
CIT-00024,Fully synthetic citizen; not a real person.
CIT-00025,Fully synthetic citizen; not a real person.
CIT-00026,Fully synthetic citizen; not a real person.
CIT-00027,Fully synthetic citizen; not a real person.
CIT-00028,Fully synthetic citizen; not a real person.
CIT-00029,Fully synthetic citizen; not a real person.
CIT-00030,Fully synthetic citizen; not a real person.
CIT-00031,Fully synthetic citizen; not a real person.
CIT-00032,Fully synthetic citizen; not a real person.
CIT-00033,Fully synthetic citizen; not a real person.
CIT-00034,Fully synthetic citizen; not a real person.
CIT-00035,Fully synthetic citizen; not a real person.
CIT-00036,Fully synthetic citizen; not a real person.
CIT-00037,Fully synthetic citizen; not a real person.
CIT-00038,Fully synthetic citizen; not a real person.
CIT-00039,Fully synthetic citizen; not a real person.
CIT-00040,Fully synthetic citizen; not a real person.
CIT-00041,Fully synthetic citizen; not a real person.
CIT-00042,Fully synthetic citizen; not a real person.
CIT-00043,Fully synthetic citizen; not a real person.
CIT-00044,Fully synthetic citizen; not a real person.
CIT-00045,Fully synthetic citizen; not a real person.
CIT-00046,Fully synthetic citizen; not a real person.
CIT-00047,Fully synthetic citizen; not a real person.
CIT-00048,Fully synthetic citizen; not a real person.
CIT-00049,Fully synthetic citizen; not a real person.
CIT-00050,Fully synthetic citizen; not a real person.
CIT-00051,Fully synthetic citizen; not a real person.
CIT-00052,Fully synthetic citizen; not a real person.
CIT-00053,Fully synthetic citizen; not a real person.
CIT-00054,Fully synthetic citizen; not a real person.
CIT-00055,Fully synthetic citizen; not a real person.
CIT-00056,Fully synthetic citizen; not a real person.
CIT-00057,Fully synthetic citizen; not a real person.
CIT-00058,Fully synthetic citizen; not a real person.
CIT-00059,Fully synthetic citizen; not a real person.
CIT-00060,Fully synthetic citizen; not a real person.
CIT-00061,Fully synthetic citizen; not a real person.
CIT-00062,Fully synthetic citizen; not a real person.
CIT-00063,Fully synthetic citizen; not a real person.
CIT-00064,Fully synthetic citizen; not a real person.
CIT-00065,Fully synthetic citizen; not a real person.
CIT-00066,Fully synthetic citizen; not a real person.
CIT-00067,Fully synthetic citizen; not a real person.
CIT-00068,Fully synthetic citizen; not a real person.
CIT-00069,Fully synthetic citizen; not a real person.
CIT-00070,Fully synthetic citizen; not a real person.
CIT-00071,Fully synthetic citizen; not a real person.
CIT-00072,Fully synthetic citizen; not a real person.
CIT-00073,Fully synthetic citizen; not a real person.
CIT-00074,Fully synthetic citizen; not a real person.
CIT-00075,Fully synthetic citizen; not a real person.
CIT-00076,Fully synthetic citizen; not a real person.
CIT-00077,Fully synthetic citizen; not a real person.
CIT-00078,Fully synthetic citizen; not a real person.
CIT-00079,Fully synthetic citizen; not a real person.
CIT-00080,Fully synthetic citizen; not a real person.
CIT-00081,Fully synthetic citizen; not a real person.
CIT-00082,Fully synthetic citizen; not a real person.
CIT-00083,Fully synthetic citizen; not a real person.
CIT-00084,Fully synthetic citizen; not a real person.
CIT-00085,Fully synthetic citizen; not a real person.
CIT-00086,Fully synthetic citizen; not a real person.
CIT-00087,Fully synthetic citizen; not a real person.
CIT-00088,Fully synthetic citizen; not a real person.
CIT-00089,Fully synthetic citizen; not a real person.
CIT-00090,Fully synthetic citizen; not a real person.
CIT-00091,Fully synthetic citizen; not a real person.
CIT-00092,Fully synthetic citizen; not a real person.
CIT-00093,Fully synthetic citizen; not a real person.
CIT-00094,Fully synthetic citizen; not a real person.
CIT-00095,Fully synthetic citizen; not a real person.
CIT-00096,Fully synthetic citizen; not a real person.
CIT-00097,Fully synthetic citizen; not a real person.
CIT-00098,Fully synthetic citizen; not a real person.
CIT-00099,Fully synthetic citizen; not a real person.
CIT-00100,Fully synthetic citizen; not a real person.
CIT-00101,Fully synthetic citizen; not a real person.
CIT-00102,Fully synthetic citizen; not a real person.
CIT-00103,Fully synthetic citizen; not a real person.
CIT-00104,Fully synthetic citizen; not a real person.
CIT-00105,Fully synthetic citizen; not a real person.
CIT-00106,Fully synthetic citizen; not a real person.
CIT-00107,Fully synthetic citizen; not a real person.
CIT-00108,Fully synthetic citizen; not a real person.
CIT-00109,Fully synthetic citizen; not a real person.
CIT-00110,Fully synthetic citizen; not a real person.
CIT-00111,Fully synthetic citizen; not a real person.
CIT-00112,Fully synthetic citizen; not a real person.
CIT-00113,Fully synthetic citizen; not a real person.
CIT-00114,Fully synthetic citizen; not a real person.
CIT-00115,Fully synthetic citizen; not a real person.
CIT-00116,Fully synthetic citizen; not a real person.
CIT-00117,Fully synthetic citizen; not a real person.
CIT-00118,Fully synthetic citizen; not a real person.
CIT-00119,Fully synthetic citizen; not a real person.
CIT-00120,Fully synthetic citizen; not a real person.
CIT-00121,Fully synthetic citizen; not a real person.
CIT-00122,Fully synthetic citizen; not a real person.
CIT-00123,Fully synthetic citizen; not a real person.
CIT-00124,Fully synthetic citizen; not a real person.
CIT-00125,Fully synthetic citizen; not a real person.
CIT-00126,Fully synthetic citizen; not a real person.
CIT-00127,Fully synthetic citizen; not a real person.
CIT-00128,Fully synthetic citizen; not a real person.
CIT-00129,Fully synthetic citizen; not a real person.
CIT-00130,Fully synthetic citizen; not a real person.
CIT-00131,Fully synthetic citizen; not a real person.
CIT-00132,Fully synthetic citizen; not a real person.
CIT-00133,Fully synthetic citizen; not a real person.
CIT-00134,Fully synthetic citizen; not a real person.
CIT-00135,Fully synthetic citizen; not a real person.
CIT-00136,Fully synthetic citizen; not a real person.
CIT-00137,Fully synthetic citizen; not a real person.
CIT-00138,Fully synthetic citizen; not a real person.
CIT-00139,Fully synthetic citizen; not a real person.
CIT-00140,Fully synthetic citizen; not a real person.
CIT-00141,Fully synthetic citizen; not a real person.
CIT-00142,Fully synthetic citizen; not a real person.
CIT-00143,Fully synthetic citizen; not a real person.
CIT-00144,Fully synthetic citizen; not a real person.
CIT-00145,Fully synthetic citizen; not a real person.
CIT-00146,Fully synthetic citizen; not a real person.
CIT-00147,Fully synthetic citizen; not a real person.
CIT-00148,Fully synthetic citizen; not a real person.
CIT-00149,Fully synthetic citizen; not a real person.
CIT-00150,Fully synthetic citizen; not a real person.
CIT-00151,Fully synthetic citizen; not a real person.
CIT-00152,Fully synthetic citizen; not a real person.
CIT-00153,Fully synthetic citizen; not a real person.
CIT-00154,Fully synthetic citizen; not a real person.
CIT-00155,Fully synthetic citizen; not a real person.
CIT-00156,Fully synthetic citizen; not a real person.
CIT-00157,Fully synthetic citizen; not a real person.
CIT-00158,Fully synthetic citizen; not a real person.
CIT-00159,Fully synthetic citizen; not a real person.
CIT-00160,Fully synthetic citizen; not a real person.
CIT-00161,Fully synthetic citizen; not a real person.
CIT-00162,Fully synthetic citizen; not a real person.
CIT-00163,Fully synthetic citizen; not a real person.
CIT-00164,Fully synthetic citizen; not a real person.
CIT-00165,Fully synthetic citizen; not a real person.
CIT-00166,Fully synthetic citizen; not a real person.
CIT-00167,Fully synthetic citizen; not a real person.
CIT-00168,Fully synthetic citizen; not a real person.
CIT-00169,Fully synthetic citizen; not a real person.
CIT-00170,Fully synthetic citizen; not a real person.
CIT-00171,Fully synthetic citizen; not a real person.
CIT-00172,Fully synthetic citizen; not a real person.
CIT-00173,Fully synthetic citizen; not a real person.
CIT-00174,Fully synthetic citizen; not a real person.
CIT-00175,Fully synthetic citizen; not a real person.
CIT-00176,Fully synthetic citizen; not a real person.
CIT-00177,Fully synthetic citizen; not a real person.
CIT-00178,Fully synthetic citizen; not a real person.
CIT-00179,Fully synthetic citizen; not a real person.
CIT-00180,Fully synthetic citizen; not a real person.
CIT-00181,Fully synthetic citizen; not a real person.
CIT-00182,Fully synthetic citizen; not a real person.
CIT-00183,Fully synthetic citizen; not a real person.
CIT-00184,Fully synthetic citizen; not a real person.
CIT-00185,Fully synthetic citizen; not a real person.
CIT-00186,Fully synthetic citizen; not a real person.
CIT-00187,Fully synthetic citizen; not a real person.
CIT-00188,Fully synthetic citizen; not a real person.
CIT-00189,Fully synthetic citizen; not a real person.
CIT-00190,Fully synthetic citizen; not a real person.
CIT-00191,Fully synthetic citizen; not a real person.
CIT-00192,Fully synthetic citizen; not a real person.
CIT-00193,Fully synthetic citizen; not a real person.
CIT-00194,Fully synthetic citizen; not a real person.
CIT-00195,Fully synthetic citizen; not a real person.
CIT-00196,Fully synthetic citizen; not a real person.
CIT-00197,Fully synthetic citizen; not a real person.
CIT-00198,Fully synthetic citizen; not a real person.
CIT-00199,Fully synthetic citizen; not a real person.
CIT-00200,Fully synthetic citizen; not a real person.
CIT-00201,Fully synthetic citizen; not a real person.
CIT-00202,Fully synthetic citizen; not a real person.
CIT-00203,Fully synthetic citizen; not a real person.
CIT-00204,Fully synthetic citizen; not a real person.
CIT-00205,Fully synthetic citizen; not a real person.
CIT-00206,Fully synthetic citizen; not a real person.
CIT-00207,Fully synthetic citizen; not a real person.
CIT-00208,Fully synthetic citizen; not a real person.
CIT-00209,Fully synthetic citizen; not a real person.
CIT-00210,Fully synthetic citizen; not a real person.
CIT-00211,Fully synthetic citizen; not a real person.
CIT-00212,Fully synthetic citizen; not a real person.
CIT-00213,Fully synthetic citizen; not a real person.
CIT-00214,Fully synthetic citizen; not a real person.
CIT-00215,Fully synthetic citizen; not a real person.
CIT-00216,Fully synthetic citizen; not a real person.
CIT-00217,Fully synthetic citizen; not a real person.
CIT-00218,Fully synthetic citizen; not a real person.
CIT-00219,Fully synthetic citizen; not a real person.
CIT-00220,Fully synthetic citizen; not a real person.
CIT-00221,Fully synthetic citizen; not a real person.
CIT-00222,Fully synthetic citizen; not a real person.
CIT-00223,Fully synthetic citizen; not a real person.
CIT-00224,Fully synthetic citizen; not a real person.
CIT-00225,Fully synthetic citizen; not a real person.
CIT-00226,Fully synthetic citizen; not a real person.
CIT-00227,Fully synthetic citizen; not a real person.
CIT-00228,Fully synthetic citizen; not a real person.
CIT-00229,Fully synthetic citizen; not a real person.
CIT-00230,Fully synthetic citizen; not a real person.
CIT-00231,Fully synthetic citizen; not a real person.
CIT-00232,Fully synthetic citizen; not a real person.
CIT-00233,Fully synthetic citizen; not a real person.
CIT-00234,Fully synthetic citizen; not a real person.
CIT-00235,Fully synthetic citizen; not a real person.
CIT-00236,Fully synthetic citizen; not a real person.
CIT-00237,Fully synthetic citizen; not a real person.
CIT-00238,Fully synthetic citizen; not a real person.
CIT-00239,Fully synthetic citizen; not a real person.
CIT-00240,Fully synthetic citizen; not a real person.
CIT-00241,Fully synthetic citizen; not a real person.
CIT-00242,Fully synthetic citizen; not a real person.
CIT-00243,Fully synthetic citizen; not a real person.
CIT-00244,Fully synthetic citizen; not a real person.
CIT-00245,Fully synthetic citizen; not a real person.
CIT-00246,Fully synthetic citizen; not a real person.
CIT-00247,Fully synthetic citizen; not a real person.
CIT-00248,Fully synthetic citizen; not a real person.
CIT-00249,Fully synthetic citizen; not a real person.
CIT-00250,Fully synthetic citizen; not a real person.
CIT-00251,Fully synthetic citizen; not a real person.
CIT-00252,Fully synthetic citizen; not a real person.
CIT-00253,Fully synthetic citizen; not a real person.
CIT-00254,Fully synthetic citizen; not a real person.
CIT-00255,Fully synthetic citizen; not a real person.
CIT-00256,Fully synthetic citizen; not a real person.
CIT-00257,Fully synthetic citizen; not a real person.
CIT-00258,Fully synthetic citizen; not a real person.
CIT-00259,Fully synthetic citizen; not a real person.
CIT-00260,Fully synthetic citizen; not a real person.
CIT-00261,Fully synthetic citizen; not a real person.
CIT-00262,Fully synthetic citizen; not a real person.
CIT-00263,Fully synthetic citizen; not a real person.
CIT-00264,Fully synthetic citizen; not a real person.
CIT-00265,Fully synthetic citizen; not a real person.
CIT-00266,Fully synthetic citizen; not a real person.
CIT-00267,Fully synthetic citizen; not a real person.
CIT-00268,Fully synthetic citizen; not a real person.
CIT-00269,Fully synthetic citizen; not a real person.
CIT-00270,Fully synthetic citizen; not a real person.
CIT-00271,Fully synthetic citizen; not a real person.
CIT-00272,Fully synthetic citizen; not a real person.
CIT-00273,Fully synthetic citizen; not a real person.
CIT-00274,Fully synthetic citizen; not a real person.
CIT-00275,Fully synthetic citizen; not a real person.
CIT-00276,Fully synthetic citizen; not a real person.
CIT-00277,Fully synthetic citizen; not a real person.
CIT-00278,Fully synthetic citizen; not a real person.
CIT-00279,Fully synthetic citizen; not a real person.
CIT-00280,Fully synthetic citizen; not a real person.
CIT-00281,Fully synthetic citizen; not a real person.
CIT-00282,Fully synthetic citizen; not a real person.
CIT-00283,Fully synthetic citizen; not a real person.
CIT-00284,Fully synthetic citizen; not a real person.
CIT-00285,Fully synthetic citizen; not a real person.
CIT-00286,Fully synthetic citizen; not a real person.
CIT-00287,Fully synthetic citizen; not a real person.
CIT-00288,Fully synthetic citizen; not a real person.
CIT-00289,Fully synthetic citizen; not a real person.
CIT-00290,Fully synthetic citizen; not a real person.
CIT-00291,Fully synthetic citizen; not a real person.
CIT-00292,Fully synthetic citizen; not a real person.
CIT-00293,Fully synthetic citizen; not a real person.
CIT-00294,Fully synthetic citizen; not a real person.
CIT-00295,Fully synthetic citizen; not a real person.
CIT-00296,Fully synthetic citizen; not a real person.
CIT-00297,Fully synthetic citizen; not a real person.
CIT-00298,Fully synthetic citizen; not a real person.
CIT-00299,Fully synthetic citizen; not a real person.
CIT-00300,Fully synthetic citizen; not a real person.
CIT-00301,Fully synthetic citizen; not a real person.
CIT-00302,Fully synthetic citizen; not a real person.
CIT-00303,Fully synthetic citizen; not a real person.
CIT-00304,Fully synthetic citizen; not a real person.
CIT-00305,Fully synthetic citizen; not a real person.
CIT-00306,Fully synthetic citizen; not a real person.
CIT-00307,Fully synthetic citizen; not a real person.
CIT-00308,Fully synthetic citizen; not a real person.
CIT-00309,Fully synthetic citizen; not a real person.
CIT-00310,Fully synthetic citizen; not a real person.
CIT-00311,Fully synthetic citizen; not a real person.
CIT-00312,Fully synthetic citizen; not a real person.
CIT-00313,Fully synthetic citizen; not a real person.
CIT-00314,Fully synthetic citizen; not a real person.
CIT-00315,Fully synthetic citizen; not a real person.
CIT-00316,Fully synthetic citizen; not a real person.
CIT-00317,Fully synthetic citizen; not a real person.
CIT-00318,Fully synthetic citizen; not a real person.
CIT-00319,Fully synthetic citizen; not a real person.
CIT-00320,Fully synthetic citizen; not a real person.
CIT-00321,Fully synthetic citizen; not a real person.
CIT-00322,Fully synthetic citizen; not a real person.
CIT-00323,Fully synthetic citizen; not a real person.
CIT-00324,Fully synthetic citizen; not a real person.
CIT-00325,Fully synthetic citizen; not a real person.
CIT-00326,Fully synthetic citizen; not a real person.
CIT-00327,Fully synthetic citizen; not a real person.
CIT-00328,Fully synthetic citizen; not a real person.
CIT-00329,Fully synthetic citizen; not a real person.
CIT-00330,Fully synthetic citizen; not a real person.
CIT-00331,Fully synthetic citizen; not a real person.
CIT-00332,Fully synthetic citizen; not a real person.
CIT-00333,Fully synthetic citizen; not a real person.
CIT-00334,Fully synthetic citizen; not a real person.
CIT-00335,Fully synthetic citizen; not a real person.
CIT-00336,Fully synthetic citizen; not a real person.
CIT-00337,Fully synthetic citizen; not a real person.
CIT-00338,Fully synthetic citizen; not a real person.
CIT-00339,Fully synthetic citizen; not a real person.
CIT-00340,Fully synthetic citizen; not a real person.
CIT-00341,Fully synthetic citizen; not a real person.
CIT-00342,Fully synthetic citizen; not a real person.
CIT-00343,Fully synthetic citizen; not a real person.
CIT-00344,Fully synthetic citizen; not a real person.
CIT-00345,Fully synthetic citizen; not a real person.
CIT-00346,Fully synthetic citizen; not a real person.
CIT-00347,Fully synthetic citizen; not a real person.
CIT-00348,Fully synthetic citizen; not a real person.
CIT-00349,Fully synthetic citizen; not a real person.
CIT-00350,Fully synthetic citizen; not a real person.
CIT-00351,Fully synthetic citizen; not a real person.
CIT-00352,Fully synthetic citizen; not a real person.
CIT-00353,Fully synthetic citizen; not a real person.
CIT-00354,Fully synthetic citizen; not a real person.
CIT-00355,Fully synthetic citizen; not a real person.
CIT-00356,Fully synthetic citizen; not a real person.
CIT-00357,Fully synthetic citizen; not a real person.
CIT-00358,Fully synthetic citizen; not a real person.
CIT-00359,Fully synthetic citizen; not a real person.
CIT-00360,Fully synthetic citizen; not a real person.
CIT-00361,Fully synthetic citizen; not a real person.
CIT-00362,Fully synthetic citizen; not a real person.
CIT-00363,Fully synthetic citizen; not a real person.
CIT-00364,Fully synthetic citizen; not a real person.
CIT-00365,Fully synthetic citizen; not a real person.
CIT-00366,Fully synthetic citizen; not a real person.
CIT-00367,Fully synthetic citizen; not a real person.
CIT-00368,Fully synthetic citizen; not a real person.
CIT-00369,Fully synthetic citizen; not a real person.
CIT-00370,Fully synthetic citizen; not a real person.
CIT-00371,Fully synthetic citizen; not a real person.
CIT-00372,Fully synthetic citizen; not a real person.
CIT-00373,Fully synthetic citizen; not a real person.
CIT-00374,Fully synthetic citizen; not a real person.
CIT-00375,Fully synthetic citizen; not a real person.
CIT-00376,Fully synthetic citizen; not a real person.
CIT-00377,Fully synthetic citizen; not a real person.
CIT-00378,Fully synthetic citizen; not a real person.
CIT-00379,Fully synthetic citizen; not a real person.
CIT-00380,Fully synthetic citizen; not a real person.
CIT-00381,Fully synthetic citizen; not a real person.
CIT-00382,Fully synthetic citizen; not a real person.
CIT-00383,Fully synthetic citizen; not a real person.
CIT-00384,Fully synthetic citizen; not a real person.
CIT-00385,Fully synthetic citizen; not a real person.
CIT-00386,Fully synthetic citizen; not a real person.
CIT-00387,Fully synthetic citizen; not a real person.
CIT-00388,Fully synthetic citizen; not a real person.
CIT-00389,Fully synthetic citizen; not a real person.
CIT-00390,Fully synthetic citizen; not a real person.
CIT-00391,Fully synthetic citizen; not a real person.
CIT-00392,Fully synthetic citizen; not a real person.
CIT-00393,Fully synthetic citizen; not a real person.
CIT-00394,Fully synthetic citizen; not a real person.
CIT-00395,Fully synthetic citizen; not a real person.
CIT-00396,Fully synthetic citizen; not a real person.
CIT-00397,Fully synthetic citizen; not a real person.
CIT-00398,Fully synthetic citizen; not a real person.
CIT-00399,Fully synthetic citizen; not a real person.
CIT-00400,Fully synthetic citizen; not a real person.
CIT-00401,Fully synthetic citizen; not a real person.
CIT-00402,Fully synthetic citizen; not a real person.
CIT-00403,Fully synthetic citizen; not a real person.
CIT-00404,Fully synthetic citizen; not a real person.
CIT-00405,Fully synthetic citizen; not a real person.
CIT-00406,Fully synthetic citizen; not a real person.
CIT-00407,Fully synthetic citizen; not a real person.
CIT-00408,Fully synthetic citizen; not a real person.
CIT-00409,Fully synthetic citizen; not a real person.
CIT-00410,Fully synthetic citizen; not a real person.
CIT-00411,Fully synthetic citizen; not a real person.
CIT-00412,Fully synthetic citizen; not a real person.
CIT-00413,Fully synthetic citizen; not a real person.
CIT-00414,Fully synthetic citizen; not a real person.
CIT-00415,Fully synthetic citizen; not a real person.
CIT-00416,Fully synthetic citizen; not a real person.
CIT-00417,Fully synthetic citizen; not a real person.
CIT-00418,Fully synthetic citizen; not a real person.
CIT-00419,Fully synthetic citizen; not a real person.
CIT-00420,Fully synthetic citizen; not a real person.
CIT-00421,Fully synthetic citizen; not a real person.
CIT-00422,Fully synthetic citizen; not a real person.
CIT-00423,Fully synthetic citizen; not a real person.
CIT-00424,Fully synthetic citizen; not a real person.
CIT-00425,Fully synthetic citizen; not a real person.
CIT-00426,Fully synthetic citizen; not a real person.
CIT-00427,Fully synthetic citizen; not a real person.
CIT-00428,Fully synthetic citizen; not a real person.
CIT-00429,Fully synthetic citizen; not a real person.
CIT-00430,Fully synthetic citizen; not a real person.
CIT-00431,Fully synthetic citizen; not a real person.
CIT-00432,Fully synthetic citizen; not a real person.
CIT-00433,Fully synthetic citizen; not a real person.
CIT-00434,Fully synthetic citizen; not a real person.
CIT-00435,Fully synthetic citizen; not a real person.
CIT-00436,Fully synthetic citizen; not a real person.
CIT-00437,Fully synthetic citizen; not a real person.
CIT-00438,Fully synthetic citizen; not a real person.
CIT-00439,Fully synthetic citizen; not a real person.
CIT-00440,Fully synthetic citizen; not a real person.
CIT-00441,Fully synthetic citizen; not a real person.
CIT-00442,Fully synthetic citizen; not a real person.
CIT-00443,Fully synthetic citizen; not a real person.
CIT-00444,Fully synthetic citizen; not a real person.
CIT-00445,Fully synthetic citizen; not a real person.
CIT-00446,Fully synthetic citizen; not a real person.
CIT-00447,Fully synthetic citizen; not a real person.
CIT-00448,Fully synthetic citizen; not a real person.
CIT-00449,Fully synthetic citizen; not a real person.
CIT-00450,Fully synthetic citizen; not a real person.
CIT-00451,Fully synthetic citizen; not a real person.
CIT-00452,Fully synthetic citizen; not a real person.
CIT-00453,Fully synthetic citizen; not a real person.
CIT-00454,Fully synthetic citizen; not a real person.
CIT-00455,Fully synthetic citizen; not a real person.
CIT-00456,Fully synthetic citizen; not a real person.
CIT-00457,Fully synthetic citizen; not a real person.
CIT-00458,Fully synthetic citizen; not a real person.
CIT-00459,Fully synthetic citizen; not a real person.
CIT-00460,Fully synthetic citizen; not a real person.
CIT-00461,Fully synthetic citizen; not a real person.
CIT-00462,Fully synthetic citizen; not a real person.
CIT-00463,Fully synthetic citizen; not a real person.
CIT-00464,Fully synthetic citizen; not a real person.
CIT-00465,Fully synthetic citizen; not a real person.
CIT-00466,Fully synthetic citizen; not a real person.
CIT-00467,Fully synthetic citizen; not a real person.
CIT-00468,Fully synthetic citizen; not a real person.
CIT-00469,Fully synthetic citizen; not a real person.
CIT-00470,Fully synthetic citizen; not a real person.
CIT-00471,Fully synthetic citizen; not a real person.
CIT-00472,Fully synthetic citizen; not a real person.
CIT-00473,Fully synthetic citizen; not a real person.
CIT-00474,Fully synthetic citizen; not a real person.
CIT-00475,Fully synthetic citizen; not a real person.
CIT-00476,Fully synthetic citizen; not a real person.
CIT-00477,Fully synthetic citizen; not a real person.
CIT-00478,Fully synthetic citizen; not a real person.
CIT-00479,Fully synthetic citizen; not a real person.
CIT-00480,Fully synthetic citizen; not a real person.
CIT-00481,Fully synthetic citizen; not a real person.
CIT-00482,Fully synthetic citizen; not a real person.
CIT-00483,Fully synthetic citizen; not a real person.
CIT-00484,Fully synthetic citizen; not a real person.
CIT-00485,Fully synthetic citizen; not a real person.
CIT-00486,Fully synthetic citizen; not a real person.
CIT-00487,Fully synthetic citizen; not a real person.
CIT-00488,Fully synthetic citizen; not a real person.
CIT-00489,Fully synthetic citizen; not a real person.
CIT-00490,Fully synthetic citizen; not a real person.
CIT-00491,Fully synthetic citizen; not a real person.
CIT-00492,Fully synthetic citizen; not a real person.
CIT-00493,Fully synthetic citizen; not a real person.
CIT-00494,Fully synthetic citizen; not a real person.
CIT-00495,Fully synthetic citizen; not a real person.
CIT-00496,Fully synthetic citizen; not a real person.
CIT-00497,Fully synthetic citizen; not a real person.
CIT-00498,Fully synthetic citizen; not a real person.
CIT-00499,Fully synthetic citizen; not a real person.
CIT-00500,Fully synthetic citizen; not a real person.
CIT-00501,Fully synthetic citizen; not a real person.
CIT-00502,Fully synthetic citizen; not a real person.
CIT-00503,Fully synthetic citizen; not a real person.
CIT-00504,Fully synthetic citizen; not a real person.
CIT-00505,Fully synthetic citizen; not a real person.
CIT-00506,Fully synthetic citizen; not a real person.
CIT-00507,Fully synthetic citizen; not a real person.
CIT-00508,Fully synthetic citizen; not a real person.
CIT-00509,Fully synthetic citizen; not a real person.
CIT-00510,Fully synthetic citizen; not a real person.
CIT-00511,Fully synthetic citizen; not a real person.
CIT-00512,Fully synthetic citizen; not a real person.
CIT-00513,Fully synthetic citizen; not a real person.
CIT-00514,Fully synthetic citizen; not a real person.
CIT-00515,Fully synthetic citizen; not a real person.
CIT-00516,Fully synthetic citizen; not a real person.
CIT-00517,Fully synthetic citizen; not a real person.
CIT-00518,Fully synthetic citizen; not a real person.
CIT-00519,Fully synthetic citizen; not a real person.
CIT-00520,Fully synthetic citizen; not a real person.
CIT-00521,Fully synthetic citizen; not a real person.
CIT-00522,Fully synthetic citizen; not a real person.
CIT-00523,Fully synthetic citizen; not a real person.
CIT-00524,Fully synthetic citizen; not a real person.
CIT-00525,Fully synthetic citizen; not a real person.
CIT-00526,Fully synthetic citizen; not a real person.
CIT-00527,Fully synthetic citizen; not a real person.
CIT-00528,Fully synthetic citizen; not a real person.
CIT-00529,Fully synthetic citizen; not a real person.
CIT-00530,Fully synthetic citizen; not a real person.
CIT-00531,Fully synthetic citizen; not a real person.
CIT-00532,Fully synthetic citizen; not a real person.
CIT-00533,Fully synthetic citizen; not a real person.
CIT-00534,Fully synthetic citizen; not a real person.
CIT-00535,Fully synthetic citizen; not a real person.
CIT-00536,Fully synthetic citizen; not a real person.
CIT-00537,Fully synthetic citizen; not a real person.
CIT-00538,Fully synthetic citizen; not a real person.
CIT-00539,Fully synthetic citizen; not a real person.
CIT-00540,Fully synthetic citizen; not a real person.
CIT-00541,Fully synthetic citizen; not a real person.
CIT-00542,Fully synthetic citizen; not a real person.
CIT-00543,Fully synthetic citizen; not a real person.
CIT-00544,Fully synthetic citizen; not a real person.
CIT-00545,Fully synthetic citizen; not a real person.
CIT-00546,Fully synthetic citizen; not a real person.
CIT-00547,Fully synthetic citizen; not a real person.
CIT-00548,Fully synthetic citizen; not a real person.
CIT-00549,Fully synthetic citizen; not a real person.
CIT-00550,Fully synthetic citizen; not a real person.
CIT-00551,Fully synthetic citizen; not a real person.
CIT-00552,Fully synthetic citizen; not a real person.
CIT-00553,Fully synthetic citizen; not a real person.
CIT-00554,Fully synthetic citizen; not a real person.
CIT-00555,Fully synthetic citizen; not a real person.
CIT-00556,Fully synthetic citizen; not a real person.
CIT-00557,Fully synthetic citizen; not a real person.
CIT-00558,Fully synthetic citizen; not a real person.
CIT-00559,Fully synthetic citizen; not a real person.
CIT-00560,Fully synthetic citizen; not a real person.
CIT-00561,Fully synthetic citizen; not a real person.
CIT-00562,Fully synthetic citizen; not a real person.
CIT-00563,Fully synthetic citizen; not a real person.
CIT-00564,Fully synthetic citizen; not a real person.
CIT-00565,Fully synthetic citizen; not a real person.
CIT-00566,Fully synthetic citizen; not a real person.
CIT-00567,Fully synthetic citizen; not a real person.
CIT-00568,Fully synthetic citizen; not a real person.
CIT-00569,Fully synthetic citizen; not a real person.
CIT-00570,Fully synthetic citizen; not a real person.
CIT-00571,Fully synthetic citizen; not a real person.
CIT-00572,Fully synthetic citizen; not a real person.
CIT-00573,Fully synthetic citizen; not a real person.
CIT-00574,Fully synthetic citizen; not a real person.
CIT-00575,Fully synthetic citizen; not a real person.
CIT-00576,Fully synthetic citizen; not a real person.
CIT-00577,Fully synthetic citizen; not a real person.
CIT-00578,Fully synthetic citizen; not a real person.
CIT-00579,Fully synthetic citizen; not a real person.
CIT-00580,Fully synthetic citizen; not a real person.
CIT-00581,Fully synthetic citizen; not a real person.
CIT-00582,Fully synthetic citizen; not a real person.
CIT-00583,Fully synthetic citizen; not a real person.
CIT-00584,Fully synthetic citizen; not a real person.
CIT-00585,Fully synthetic citizen; not a real person.
CIT-00586,Fully synthetic citizen; not a real person.
CIT-00587,Fully synthetic citizen; not a real person.
CIT-00588,Fully synthetic citizen; not a real person.
CIT-00589,Fully synthetic citizen; not a real person.
CIT-00590,Fully synthetic citizen; not a real person.
CIT-00591,Fully synthetic citizen; not a real person.
CIT-00592,Fully synthetic citizen; not a real person.
CIT-00593,Fully synthetic citizen; not a real person.
CIT-00594,Fully synthetic citizen; not a real person.
CIT-00595,Fully synthetic citizen; not a real person.
CIT-00596,Fully synthetic citizen; not a real person.
CIT-00597,Fully synthetic citizen; not a real person.
CIT-00598,Fully synthetic citizen; not a real person.
CIT-00599,Fully synthetic citizen; not a real person.
CIT-00600,Fully synthetic citizen; not a real person.
CIT-00601,Fully synthetic citizen; not a real person.
CIT-00602,Fully synthetic citizen; not a real person.
CIT-00603,Fully synthetic citizen; not a real person.
CIT-00604,Fully synthetic citizen; not a real person.
CIT-00605,Fully synthetic citizen; not a real person.
CIT-00606,Fully synthetic citizen; not a real person.
CIT-00607,Fully synthetic citizen; not a real person.
CIT-00608,Fully synthetic citizen; not a real person.
CIT-00609,Fully synthetic citizen; not a real person.
CIT-00610,Fully synthetic citizen; not a real person.
CIT-00611,Fully synthetic citizen; not a real person.
CIT-00612,Fully synthetic citizen; not a real person.
CIT-00613,Fully synthetic citizen; not a real person.
CIT-00614,Fully synthetic citizen; not a real person.
CIT-00615,Fully synthetic citizen; not a real person.
CIT-00616,Fully synthetic citizen; not a real person.
CIT-00617,Fully synthetic citizen; not a real person.
CIT-00618,Fully synthetic citizen; not a real person.
CIT-00619,Fully synthetic citizen; not a real person.
CIT-00620,Fully synthetic citizen; not a real person.
CIT-00621,Fully synthetic citizen; not a real person.
CIT-00622,Fully synthetic citizen; not a real person.
CIT-00623,Fully synthetic citizen; not a real person.
CIT-00624,Fully synthetic citizen; not a real person.
CIT-00625,Fully synthetic citizen; not a real person.
CIT-00626,Fully synthetic citizen; not a real person.
CIT-00627,Fully synthetic citizen; not a real person.
CIT-00628,Fully synthetic citizen; not a real person.
CIT-00629,Fully synthetic citizen; not a real person.
CIT-00630,Fully synthetic citizen; not a real person.
CIT-00631,Fully synthetic citizen; not a real person.
CIT-00632,Fully synthetic citizen; not a real person.
CIT-00633,Fully synthetic citizen; not a real person.
CIT-00634,Fully synthetic citizen; not a real person.
CIT-00635,Fully synthetic citizen; not a real person.
CIT-00636,Fully synthetic citizen; not a real person.
CIT-00637,Fully synthetic citizen; not a real person.
CIT-00638,Fully synthetic citizen; not a real person.
CIT-00639,Fully synthetic citizen; not a real person.
CIT-00640,Fully synthetic citizen; not a real person.
CIT-00641,Fully synthetic citizen; not a real person.
CIT-00642,Fully synthetic citizen; not a real person.
CIT-00643,Fully synthetic citizen; not a real person.
CIT-00644,Fully synthetic citizen; not a real person.
CIT-00645,Fully synthetic citizen; not a real person.
CIT-00646,Fully synthetic citizen; not a real person.
CIT-00647,Fully synthetic citizen; not a real person.
CIT-00648,Fully synthetic citizen; not a real person.
CIT-00649,Fully synthetic citizen; not a real person.
CIT-00650,Fully synthetic citizen; not a real person.
CIT-00651,Fully synthetic citizen; not a real person.
CIT-00652,Fully synthetic citizen; not a real person.
CIT-00653,Fully synthetic citizen; not a real person.
CIT-00654,Fully synthetic citizen; not a real person.
CIT-00655,Fully synthetic citizen; not a real person.
CIT-00656,Fully synthetic citizen; not a real person.
CIT-00657,Fully synthetic citizen; not a real person.
CIT-00658,Fully synthetic citizen; not a real person.
CIT-00659,Fully synthetic citizen; not a real person.
CIT-00660,Fully synthetic citizen; not a real person.
CIT-00661,Fully synthetic citizen; not a real person.
CIT-00662,Fully synthetic citizen; not a real person.
CIT-00663,Fully synthetic citizen; not a real person.
CIT-00664,Fully synthetic citizen; not a real person.
CIT-00665,Fully synthetic citizen; not a real person.
CIT-00666,Fully synthetic citizen; not a real person.
CIT-00667,Fully synthetic citizen; not a real person.
CIT-00668,Fully synthetic citizen; not a real person.
CIT-00669,Fully synthetic citizen; not a real person.
CIT-00670,Fully synthetic citizen; not a real person.
CIT-00671,Fully synthetic citizen; not a real person.
CIT-00672,Fully synthetic citizen; not a real person.
CIT-00673,Fully synthetic citizen; not a real person.
CIT-00674,Fully synthetic citizen; not a real person.
CIT-00675,Fully synthetic citizen; not a real person.
CIT-00676,Fully synthetic citizen; not a real person.
CIT-00677,Fully synthetic citizen; not a real person.
CIT-00678,Fully synthetic citizen; not a real person.
CIT-00679,Fully synthetic citizen; not a real person.
CIT-00680,Fully synthetic citizen; not a real person.
CIT-00681,Fully synthetic citizen; not a real person.
CIT-00682,Fully synthetic citizen; not a real person.
CIT-00683,Fully synthetic citizen; not a real person.
CIT-00684,Fully synthetic citizen; not a real person.
CIT-00685,Fully synthetic citizen; not a real person.
CIT-00686,Fully synthetic citizen; not a real person.
CIT-00687,Fully synthetic citizen; not a real person.
CIT-00688,Fully synthetic citizen; not a real person.
CIT-00689,Fully synthetic citizen; not a real person.
CIT-00690,Fully synthetic citizen; not a real person.
CIT-00691,Fully synthetic citizen; not a real person.
CIT-00692,Fully synthetic citizen; not a real person.
CIT-00693,Fully synthetic citizen; not a real person.
CIT-00694,Fully synthetic citizen; not a real person.
CIT-00695,Fully synthetic citizen; not a real person.
CIT-00696,Fully synthetic citizen; not a real person.
CIT-00697,Fully synthetic citizen; not a real person.
CIT-00698,Fully synthetic citizen; not a real person.
CIT-00699,Fully synthetic citizen; not a real person.
CIT-00700,Fully synthetic citizen; not a real person.
CIT-00701,Fully synthetic citizen; not a real person.
CIT-00702,Fully synthetic citizen; not a real person.
CIT-00703,Fully synthetic citizen; not a real person.
CIT-00704,Fully synthetic citizen; not a real person.
CIT-00705,Fully synthetic citizen; not a real person.
CIT-00706,Fully synthetic citizen; not a real person.
CIT-00707,Fully synthetic citizen; not a real person.
CIT-00708,Fully synthetic citizen; not a real person.
CIT-00709,Fully synthetic citizen; not a real person.
CIT-00710,Fully synthetic citizen; not a real person.
CIT-00711,Fully synthetic citizen; not a real person.
CIT-00712,Fully synthetic citizen; not a real person.
CIT-00713,Fully synthetic citizen; not a real person.
CIT-00714,Fully synthetic citizen; not a real person.
CIT-00715,Fully synthetic citizen; not a real person.
CIT-00716,Fully synthetic citizen; not a real person.
CIT-00717,Fully synthetic citizen; not a real person.
CIT-00718,Fully synthetic citizen; not a real person.
CIT-00719,Fully synthetic citizen; not a real person.
CIT-00720,Fully synthetic citizen; not a real person.
CIT-00721,Fully synthetic citizen; not a real person.
CIT-00722,Fully synthetic citizen; not a real person.
CIT-00723,Fully synthetic citizen; not a real person.
CIT-00724,Fully synthetic citizen; not a real person.
CIT-00725,Fully synthetic citizen; not a real person.
CIT-00726,Fully synthetic citizen; not a real person.
CIT-00727,Fully synthetic citizen; not a real person.
CIT-00728,Fully synthetic citizen; not a real person.
CIT-00729,Fully synthetic citizen; not a real person.
CIT-00730,Fully synthetic citizen; not a real person.
CIT-00731,Fully synthetic citizen; not a real person.
CIT-00732,Fully synthetic citizen; not a real person.
CIT-00733,Fully synthetic citizen; not a real person.
CIT-00734,Fully synthetic citizen; not a real person.
CIT-00735,Fully synthetic citizen; not a real person.
CIT-00736,Fully synthetic citizen; not a real person.
CIT-00737,Fully synthetic citizen; not a real person.
CIT-00738,Fully synthetic citizen; not a real person.
CIT-00739,Fully synthetic citizen; not a real person.
CIT-00740,Fully synthetic citizen; not a real person.
CIT-00741,Fully synthetic citizen; not a real person.
CIT-00742,Fully synthetic citizen; not a real person.
CIT-00743,Fully synthetic citizen; not a real person.
CIT-00744,Fully synthetic citizen; not a real person.
CIT-00745,Fully synthetic citizen; not a real person.
CIT-00746,Fully synthetic citizen; not a real person.
CIT-00747,Fully synthetic citizen; not a real person.
CIT-00748,Fully synthetic citizen; not a real person.
CIT-00749,Fully synthetic citizen; not a real person.
CIT-00750,Fully synthetic citizen; not a real person.
CIT-00751,Fully synthetic citizen; not a real person.
CIT-00752,Fully synthetic citizen; not a real person.
CIT-00753,Fully synthetic citizen; not a real person.
CIT-00754,Fully synthetic citizen; not a real person.
CIT-00755,Fully synthetic citizen; not a real person.
CIT-00756,Fully synthetic citizen; not a real person.
CIT-00757,Fully synthetic citizen; not a real person.
CIT-00758,Fully synthetic citizen; not a real person.
CIT-00759,Fully synthetic citizen; not a real person.
CIT-00760,Fully synthetic citizen; not a real person.
CIT-00761,Fully synthetic citizen; not a real person.
CIT-00762,Fully synthetic citizen; not a real person.
CIT-00763,Fully synthetic citizen; not a real person.
CIT-00764,Fully synthetic citizen; not a real person.
CIT-00765,Fully synthetic citizen; not a real person.
CIT-00766,Fully synthetic citizen; not a real person.
CIT-00767,Fully synthetic citizen; not a real person.
CIT-00768,Fully synthetic citizen; not a real person.
CIT-00769,Fully synthetic citizen; not a real person.
CIT-00770,Fully synthetic citizen; not a real person.
CIT-00771,Fully synthetic citizen; not a real person.
CIT-00772,Fully synthetic citizen; not a real person.
CIT-00773,Fully synthetic citizen; not a real person.
CIT-00774,Fully synthetic citizen; not a real person.
CIT-00775,Fully synthetic citizen; not a real person.
CIT-00776,Fully synthetic citizen; not a real person.
CIT-00777,Fully synthetic citizen; not a real person.
CIT-00778,Fully synthetic citizen; not a real person.
CIT-00779,Fully synthetic citizen; not a real person.
CIT-00780,Fully synthetic citizen; not a real person.
CIT-00781,Fully synthetic citizen; not a real person.
CIT-00782,Fully synthetic citizen; not a real person.
CIT-00783,Fully synthetic citizen; not a real person.
CIT-00784,Fully synthetic citizen; not a real person.
CIT-00785,Fully synthetic citizen; not a real person.
CIT-00786,Fully synthetic citizen; not a real person.
CIT-00787,Fully synthetic citizen; not a real person.
CIT-00788,Fully synthetic citizen; not a real person.
CIT-00789,Fully synthetic citizen; not a real person.
CIT-00790,Fully synthetic citizen; not a real person.
CIT-00791,Fully synthetic citizen; not a real person.
CIT-00792,Fully synthetic citizen; not a real person.
CIT-00793,Fully synthetic citizen; not a real person.
CIT-00794,Fully synthetic citizen; not a real person.
CIT-00795,Fully synthetic citizen; not a real person.
CIT-00796,Fully synthetic citizen; not a real person.
CIT-00797,Fully synthetic citizen; not a real person.
CIT-00798,Fully synthetic citizen; not a real person.
CIT-00799,Fully synthetic citizen; not a real person.
CIT-00800,Fully synthetic citizen; not a real person.
CIT-00801,Fully synthetic citizen; not a real person.
CIT-00802,Fully synthetic citizen; not a real person.
CIT-00803,Fully synthetic citizen; not a real person.
CIT-00804,Fully synthetic citizen; not a real person.
CIT-00805,Fully synthetic citizen; not a real person.
CIT-00806,Fully synthetic citizen; not a real person.
CIT-00807,Fully synthetic citizen; not a real person.
CIT-00808,Fully synthetic citizen; not a real person.
CIT-00809,Fully synthetic citizen; not a real person.
CIT-00810,Fully synthetic citizen; not a real person.
CIT-00811,Fully synthetic citizen; not a real person.
CIT-00812,Fully synthetic citizen; not a real person.
CIT-00813,Fully synthetic citizen; not a real person.
CIT-00814,Fully synthetic citizen; not a real person.
CIT-00815,Fully synthetic citizen; not a real person.
CIT-00816,Fully synthetic citizen; not a real person.
CIT-00817,Fully synthetic citizen; not a real person.
CIT-00818,Fully synthetic citizen; not a real person.
CIT-00819,Fully synthetic citizen; not a real person.
CIT-00820,Fully synthetic citizen; not a real person.
CIT-00821,Fully synthetic citizen; not a real person.
CIT-00822,Fully synthetic citizen; not a real person.
CIT-00823,Fully synthetic citizen; not a real person.
CIT-00824,Fully synthetic citizen; not a real person.
CIT-00825,Fully synthetic citizen; not a real person.
CIT-00826,Fully synthetic citizen; not a real person.
CIT-00827,Fully synthetic citizen; not a real person.
CIT-00828,Fully synthetic citizen; not a real person.
CIT-00829,Fully synthetic citizen; not a real person.
CIT-00830,Fully synthetic citizen; not a real person.
CIT-00831,Fully synthetic citizen; not a real person.
CIT-00832,Fully synthetic citizen; not a real person.
CIT-00833,Fully synthetic citizen; not a real person.
CIT-00834,Fully synthetic citizen; not a real person.
CIT-00835,Fully synthetic citizen; not a real person.
CIT-00836,Fully synthetic citizen; not a real person.
CIT-00837,Fully synthetic citizen; not a real person.
CIT-00838,Fully synthetic citizen; not a real person.
CIT-00839,Fully synthetic citizen; not a real person.
CIT-00840,Fully synthetic citizen; not a real person.
CIT-00841,Fully synthetic citizen; not a real person.
CIT-00842,Fully synthetic citizen; not a real person.
CIT-00843,Fully synthetic citizen; not a real person.
CIT-00844,Fully synthetic citizen; not a real person.
CIT-00845,Fully synthetic citizen; not a real person.
CIT-00846,Fully synthetic citizen; not a real person.
CIT-00847,Fully synthetic citizen; not a real person.
CIT-00848,Fully synthetic citizen; not a real person.
CIT-00849,Fully synthetic citizen; not a real person.
CIT-00850,Fully synthetic citizen; not a real person.
CIT-00851,Fully synthetic citizen; not a real person.
CIT-00852,Fully synthetic citizen; not a real person.
CIT-00853,Fully synthetic citizen; not a real person.
CIT-00854,Fully synthetic citizen; not a real person.
CIT-00855,Fully synthetic citizen; not a real person.
CIT-00856,Fully synthetic citizen; not a real person.
CIT-00857,Fully synthetic citizen; not a real person.
CIT-00858,Fully synthetic citizen; not a real person.
CIT-00859,Fully synthetic citizen; not a real person.
CIT-00860,Fully synthetic citizen; not a real person.
CIT-00861,Fully synthetic citizen; not a real person.
CIT-00862,Fully synthetic citizen; not a real person.
CIT-00863,Fully synthetic citizen; not a real person.
CIT-00864,Fully synthetic citizen; not a real person.
CIT-00865,Fully synthetic citizen; not a real person.
CIT-00866,Fully synthetic citizen; not a real person.
CIT-00867,Fully synthetic citizen; not a real person.
CIT-00868,Fully synthetic citizen; not a real person.
CIT-00869,Fully synthetic citizen; not a real person.
CIT-00870,Fully synthetic citizen; not a real person.
CIT-00871,Fully synthetic citizen; not a real person.
CIT-00872,Fully synthetic citizen; not a real person.
CIT-00873,Fully synthetic citizen; not a real person.
CIT-00874,Fully synthetic citizen; not a real person.
CIT-00875,Fully synthetic citizen; not a real person.
CIT-00876,Fully synthetic citizen; not a real person.
CIT-00877,Fully synthetic citizen; not a real person.
CIT-00878,Fully synthetic citizen; not a real person.
CIT-00879,Fully synthetic citizen; not a real person.
CIT-00880,Fully synthetic citizen; not a real person.
CIT-00881,Fully synthetic citizen; not a real person.
CIT-00882,Fully synthetic citizen; not a real person.
CIT-00883,Fully synthetic citizen; not a real person.
CIT-00884,Fully synthetic citizen; not a real person.
CIT-00885,Fully synthetic citizen; not a real person.
CIT-00886,Fully synthetic citizen; not a real person.
CIT-00887,Fully synthetic citizen; not a real person.
CIT-00888,Fully synthetic citizen; not a real person.
CIT-00889,Fully synthetic citizen; not a real person.
CIT-00890,Fully synthetic citizen; not a real person.
CIT-00891,Fully synthetic citizen; not a real person.
CIT-00892,Fully synthetic citizen; not a real person.
CIT-00893,Fully synthetic citizen; not a real person.
CIT-00894,Fully synthetic citizen; not a real person.
CIT-00895,Fully synthetic citizen; not a real person.
CIT-00896,Fully synthetic citizen; not a real person.
CIT-00897,Fully synthetic citizen; not a real person.
CIT-00898,Fully synthetic citizen; not a real person.
CIT-00899,Fully synthetic citizen; not a real person.
CIT-00900,Fully synthetic citizen; not a real person.
CIT-00901,Fully synthetic citizen; not a real person.
CIT-00902,Fully synthetic citizen; not a real person.
CIT-00903,Fully synthetic citizen; not a real person.
CIT-00904,Fully synthetic citizen; not a real person.
CIT-00905,Fully synthetic citizen; not a real person.
CIT-00906,Fully synthetic citizen; not a real person.
CIT-00907,Fully synthetic citizen; not a real person.
CIT-00908,Fully synthetic citizen; not a real person.
CIT-00909,Fully synthetic citizen; not a real person.
CIT-00910,Fully synthetic citizen; not a real person.
CIT-00911,Fully synthetic citizen; not a real person.
CIT-00912,Fully synthetic citizen; not a real person.
CIT-00913,Fully synthetic citizen; not a real person.
CIT-00914,Fully synthetic citizen; not a real person.
CIT-00915,Fully synthetic citizen; not a real person.
CIT-00916,Fully synthetic citizen; not a real person.
CIT-00917,Fully synthetic citizen; not a real person.
CIT-00918,Fully synthetic citizen; not a real person.
CIT-00919,Fully synthetic citizen; not a real person.
CIT-00920,Fully synthetic citizen; not a real person.
CIT-00921,Fully synthetic citizen; not a real person.
CIT-00922,Fully synthetic citizen; not a real person.
CIT-00923,Fully synthetic citizen; not a real person.
CIT-00924,Fully synthetic citizen; not a real person.
CIT-00925,Fully synthetic citizen; not a real person.
CIT-00926,Fully synthetic citizen; not a real person.
CIT-00927,Fully synthetic citizen; not a real person.
CIT-00928,Fully synthetic citizen; not a real person.
CIT-00929,Fully synthetic citizen; not a real person.
CIT-00930,Fully synthetic citizen; not a real person.
CIT-00931,Fully synthetic citizen; not a real person.
CIT-00932,Fully synthetic citizen; not a real person.
CIT-00933,Fully synthetic citizen; not a real person.
CIT-00934,Fully synthetic citizen; not a real person.
CIT-00935,Fully synthetic citizen; not a real person.
CIT-00936,Fully synthetic citizen; not a real person.
CIT-00937,Fully synthetic citizen; not a real person.
CIT-00938,Fully synthetic citizen; not a real person.
CIT-00939,Fully synthetic citizen; not a real person.
CIT-00940,Fully synthetic citizen; not a real person.
CIT-00941,Fully synthetic citizen; not a real person.
CIT-00942,Fully synthetic citizen; not a real person.
CIT-00943,Fully synthetic citizen; not a real person.
CIT-00944,Fully synthetic citizen; not a real person.
CIT-00945,Fully synthetic citizen; not a real person.
CIT-00946,Fully synthetic citizen; not a real person.
CIT-00947,Fully synthetic citizen; not a real person.
CIT-00948,Fully synthetic citizen; not a real person.
CIT-00949,Fully synthetic citizen; not a real person.
CIT-00950,Fully synthetic citizen; not a real person.
CIT-00951,Fully synthetic citizen; not a real person.
CIT-00952,Fully synthetic citizen; not a real person.
CIT-00953,Fully synthetic citizen; not a real person.
CIT-00954,Fully synthetic citizen; not a real person.
CIT-00955,Fully synthetic citizen; not a real person.
CIT-00956,Fully synthetic citizen; not a real person.
CIT-00957,Fully synthetic citizen; not a real person.
CIT-00958,Fully synthetic citizen; not a real person.
CIT-00959,Fully synthetic citizen; not a real person.
CIT-00960,Fully synthetic citizen; not a real person.
CIT-00961,Fully synthetic citizen; not a real person.
CIT-00962,Fully synthetic citizen; not a real person.
CIT-00963,Fully synthetic citizen; not a real person.
CIT-00964,Fully synthetic citizen; not a real person.
CIT-00965,Fully synthetic citizen; not a real person.
CIT-00966,Fully synthetic citizen; not a real person.
CIT-00967,Fully synthetic citizen; not a real person.
CIT-00968,Fully synthetic citizen; not a real person.
CIT-00969,Fully synthetic citizen; not a real person.
CIT-00970,Fully synthetic citizen; not a real person.
CIT-00971,Fully synthetic citizen; not a real person.
CIT-00972,Fully synthetic citizen; not a real person.
CIT-00973,Fully synthetic citizen; not a real person.
CIT-00974,Fully synthetic citizen; not a real person.
CIT-00975,Fully synthetic citizen; not a real person.
CIT-00976,Fully synthetic citizen; not a real person.
CIT-00977,Fully synthetic citizen; not a real person.
CIT-00978,Fully synthetic citizen; not a real person.
CIT-00979,Fully synthetic citizen; not a real person.
CIT-00980,Fully synthetic citizen; not a real person.
CIT-00981,Fully synthetic citizen; not a real person.
CIT-00982,Fully synthetic citizen; not a real person.
CIT-00983,Fully synthetic citizen; not a real person.
CIT-00984,Fully synthetic citizen; not a real person.
CIT-00985,Fully synthetic citizen; not a real person.
CIT-00986,Fully synthetic citizen; not a real person.
CIT-00987,Fully synthetic citizen; not a real person.
CIT-00988,Fully synthetic citizen; not a real person.
CIT-00989,Fully synthetic citizen; not a real person.
CIT-00990,Fully synthetic citizen; not a real person.
CIT-00991,Fully synthetic citizen; not a real person.
CIT-00992,Fully synthetic citizen; not a real person.
CIT-00993,Fully synthetic citizen; not a real person.
CIT-00994,Fully synthetic citizen; not a real person.
CIT-00995,Fully synthetic citizen; not a real person.
CIT-00996,Fully synthetic citizen; not a real person.
CIT-00997,Fully synthetic citizen; not a real person.
CIT-00998,Fully synthetic citizen; not a real person.
CIT-00999,Fully synthetic citizen; not a real person.
CIT-01000,Fully synthetic citizen; not a real person.
CIT-01001,Fully synthetic citizen; not a real person.
CIT-01002,Fully synthetic citizen; not a real person.
CIT-01003,Fully synthetic citizen; not a real person.
CIT-01004,Fully synthetic citizen; not a real person.
CIT-01005,Fully synthetic citizen; not a real person.
CIT-01006,Fully synthetic citizen; not a real person.
CIT-01007,Fully synthetic citizen; not a real person.
CIT-01008,Fully synthetic citizen; not a real person.
CIT-01009,Fully synthetic citizen; not a real person.
CIT-01010,Fully synthetic citizen; not a real person.
CIT-01011,Fully synthetic citizen; not a real person.
CIT-01012,Fully synthetic citizen; not a real person.
CIT-01013,Fully synthetic citizen; not a real person.
CIT-01014,Fully synthetic citizen; not a real person.
CIT-01015,Fully synthetic citizen; not a real person.
CIT-01016,Fully synthetic citizen; not a real person.
CIT-01017,Fully synthetic citizen; not a real person.
CIT-01018,Fully synthetic citizen; not a real person.
CIT-01019,Fully synthetic citizen; not a real person.
CIT-01020,Fully synthetic citizen; not a real person.
CIT-01021,Fully synthetic citizen; not a real person.
CIT-01022,Fully synthetic citizen; not a real person.
CIT-01023,Fully synthetic citizen; not a real person.
CIT-01024,Fully synthetic citizen; not a real person.
CIT-01025,Fully synthetic citizen; not a real person.
CIT-01026,Fully synthetic citizen; not a real person.
CIT-01027,Fully synthetic citizen; not a real person.
CIT-01028,Fully synthetic citizen; not a real person.
CIT-01029,Fully synthetic citizen; not a real person.
CIT-01030,Fully synthetic citizen; not a real person.
CIT-01031,Fully synthetic citizen; not a real person.
CIT-01032,Fully synthetic citizen; not a real person.
CIT-01033,Fully synthetic citizen; not a real person.
CIT-01034,Fully synthetic citizen; not a real person.
CIT-01035,Fully synthetic citizen; not a real person.
CIT-01036,Fully synthetic citizen; not a real person.
CIT-01037,Fully synthetic citizen; not a real person.
CIT-01038,Fully synthetic citizen; not a real person.
CIT-01039,Fully synthetic citizen; not a real person.
CIT-01040,Fully synthetic citizen; not a real person.
CIT-01041,Fully synthetic citizen; not a real person.
CIT-01042,Fully synthetic citizen; not a real person.
CIT-01043,Fully synthetic citizen; not a real person.
CIT-01044,Fully synthetic citizen; not a real person.
CIT-01045,Fully synthetic citizen; not a real person.
CIT-01046,Fully synthetic citizen; not a real person.
CIT-01047,Fully synthetic citizen; not a real person.
CIT-01048,Fully synthetic citizen; not a real person.
CIT-01049,Fully synthetic citizen; not a real person.
CIT-01050,Fully synthetic citizen; not a real person.
CIT-01051,Fully synthetic citizen; not a real person.
CIT-01052,Fully synthetic citizen; not a real person.
CIT-01053,Fully synthetic citizen; not a real person.
CIT-01054,Fully synthetic citizen; not a real person.
CIT-01055,Fully synthetic citizen; not a real person.
CIT-01056,Fully synthetic citizen; not a real person.
CIT-01057,Fully synthetic citizen; not a real person.
CIT-01058,Fully synthetic citizen; not a real person.
CIT-01059,Fully synthetic citizen; not a real person.
CIT-01060,Fully synthetic citizen; not a real person.
CIT-01061,Fully synthetic citizen; not a real person.
CIT-01062,Fully synthetic citizen; not a real person.
CIT-01063,Fully synthetic citizen; not a real person.
CIT-01064,Fully synthetic citizen; not a real person.
CIT-01065,Fully synthetic citizen; not a real person.
CIT-01066,Fully synthetic citizen; not a real person.
CIT-01067,Fully synthetic citizen; not a real person.
CIT-01068,Fully synthetic citizen; not a real person.
CIT-01069,Fully synthetic citizen; not a real person.
CIT-01070,Fully synthetic citizen; not a real person.
CIT-01071,Fully synthetic citizen; not a real person.
CIT-01072,Fully synthetic citizen; not a real person.
CIT-01073,Fully synthetic citizen; not a real person.
CIT-01074,Fully synthetic citizen; not a real person.
CIT-01075,Fully synthetic citizen; not a real person.
CIT-01076,Fully synthetic citizen; not a real person.
CIT-01077,Fully synthetic citizen; not a real person.
CIT-01078,Fully synthetic citizen; not a real person.
CIT-01079,Fully synthetic citizen; not a real person.
CIT-01080,Fully synthetic citizen; not a real person.
CIT-01081,Fully synthetic citizen; not a real person.
CIT-01082,Fully synthetic citizen; not a real person.
CIT-01083,Fully synthetic citizen; not a real person.
CIT-01084,Fully synthetic citizen; not a real person.
CIT-01085,Fully synthetic citizen; not a real person.
CIT-01086,Fully synthetic citizen; not a real person.
CIT-01087,Fully synthetic citizen; not a real person.
CIT-01088,Fully synthetic citizen; not a real person.
CIT-01089,Fully synthetic citizen; not a real person.
CIT-01090,Fully synthetic citizen; not a real person.
CIT-01091,Fully synthetic citizen; not a real person.
CIT-01092,Fully synthetic citizen; not a real person.
CIT-01093,Fully synthetic citizen; not a real person.
CIT-01094,Fully synthetic citizen; not a real person.
CIT-01095,Fully synthetic citizen; not a real person.
CIT-01096,Fully synthetic citizen; not a real person.
CIT-01097,Fully synthetic citizen; not a real person.
CIT-01098,Fully synthetic citizen; not a real person.
CIT-01099,Fully synthetic citizen; not a real person.
CIT-01100,Fully synthetic citizen; not a real person.
CIT-01101,Fully synthetic citizen; not a real person.
CIT-01102,Fully synthetic citizen; not a real person.
CIT-01103,Fully synthetic citizen; not a real person.
CIT-01104,Fully synthetic citizen; not a real person.
CIT-01105,Fully synthetic citizen; not a real person.
CIT-01106,Fully synthetic citizen; not a real person.
CIT-01107,Fully synthetic citizen; not a real person.
CIT-01108,Fully synthetic citizen; not a real person.
CIT-01109,Fully synthetic citizen; not a real person.
CIT-01110,Fully synthetic citizen; not a real person.
CIT-01111,Fully synthetic citizen; not a real person.
CIT-01112,Fully synthetic citizen; not a real person.
CIT-01113,Fully synthetic citizen; not a real person.
CIT-01114,Fully synthetic citizen; not a real person.
CIT-01115,Fully synthetic citizen; not a real person.
CIT-01116,Fully synthetic citizen; not a real person.
CIT-01117,Fully synthetic citizen; not a real person.
CIT-01118,Fully synthetic citizen; not a real person.
CIT-01119,Fully synthetic citizen; not a real person.
CIT-01120,Fully synthetic citizen; not a real person.
CIT-01121,Fully synthetic citizen; not a real person.
CIT-01122,Fully synthetic citizen; not a real person.
CIT-01123,Fully synthetic citizen; not a real person.
CIT-01124,Fully synthetic citizen; not a real person.
CIT-01125,Fully synthetic citizen; not a real person.
CIT-01126,Fully synthetic citizen; not a real person.
CIT-01127,Fully synthetic citizen; not a real person.
CIT-01128,Fully synthetic citizen; not a real person.
CIT-01129,Fully synthetic citizen; not a real person.
CIT-01130,Fully synthetic citizen; not a real person.
CIT-01131,Fully synthetic citizen; not a real person.
CIT-01132,Fully synthetic citizen; not a real person.
CIT-01133,Fully synthetic citizen; not a real person.
CIT-01134,Fully synthetic citizen; not a real person.
CIT-01135,Fully synthetic citizen; not a real person.
CIT-01136,Fully synthetic citizen; not a real person.
CIT-01137,Fully synthetic citizen; not a real person.
CIT-01138,Fully synthetic citizen; not a real person.
CIT-01139,Fully synthetic citizen; not a real person.
CIT-01140,Fully synthetic citizen; not a real person.
CIT-01141,Fully synthetic citizen; not a real person.
CIT-01142,Fully synthetic citizen; not a real person.
CIT-01143,Fully synthetic citizen; not a real person.
CIT-01144,Fully synthetic citizen; not a real person.
CIT-01145,Fully synthetic citizen; not a real person.
CIT-01146,Fully synthetic citizen; not a real person.
CIT-01147,Fully synthetic citizen; not a real person.
CIT-01148,Fully synthetic citizen; not a real person.
CIT-01149,Fully synthetic citizen; not a real person.
CIT-01150,Fully synthetic citizen; not a real person.
CIT-01151,Fully synthetic citizen; not a real person.
CIT-01152,Fully synthetic citizen; not a real person.
CIT-01153,Fully synthetic citizen; not a real person.
CIT-01154,Fully synthetic citizen; not a real person.
CIT-01155,Fully synthetic citizen; not a real person.
CIT-01156,Fully synthetic citizen; not a real person.
CIT-01157,Fully synthetic citizen; not a real person.
CIT-01158,Fully synthetic citizen; not a real person.
CIT-01159,Fully synthetic citizen; not a real person.
CIT-01160,Fully synthetic citizen; not a real person.
CIT-01161,Fully synthetic citizen; not a real person.
CIT-01162,Fully synthetic citizen; not a real person.
CIT-01163,Fully synthetic citizen; not a real person.
CIT-01164,Fully synthetic citizen; not a real person.
CIT-01165,Fully synthetic citizen; not a real person.
CIT-01166,Fully synthetic citizen; not a real person.
CIT-01167,Fully synthetic citizen; not a real person.
CIT-01168,Fully synthetic citizen; not a real person.
CIT-01169,Fully synthetic citizen; not a real person.
CIT-01170,Fully synthetic citizen; not a real person.
CIT-01171,Fully synthetic citizen; not a real person.
CIT-01172,Fully synthetic citizen; not a real person.
CIT-01173,Fully synthetic citizen; not a real person.
CIT-01174,Fully synthetic citizen; not a real person.
CIT-01175,Fully synthetic citizen; not a real person.
CIT-01176,Fully synthetic citizen; not a real person.
CIT-01177,Fully synthetic citizen; not a real person.
CIT-01178,Fully synthetic citizen; not a real person.
CIT-01179,Fully synthetic citizen; not a real person.
CIT-01180,Fully synthetic citizen; not a real person.
CIT-01181,Fully synthetic citizen; not a real person.
CIT-01182,Fully synthetic citizen; not a real person.
CIT-01183,Fully synthetic citizen; not a real person.
CIT-01184,Fully synthetic citizen; not a real person.
CIT-01185,Fully synthetic citizen; not a real person.
CIT-01186,Fully synthetic citizen; not a real person.
CIT-01187,Fully synthetic citizen; not a real person.
CIT-01188,Fully synthetic citizen; not a real person.
CIT-01189,Fully synthetic citizen; not a real person.
CIT-01190,Fully synthetic citizen; not a real person.
CIT-01191,Fully synthetic citizen; not a real person.
CIT-01192,Fully synthetic citizen; not a real person.
CIT-01193,Fully synthetic citizen; not a real person.
CIT-01194,Fully synthetic citizen; not a real person.
CIT-01195,Fully synthetic citizen; not a real person.
CIT-01196,Fully synthetic citizen; not a real person.
CIT-01197,Fully synthetic citizen; not a real person.
CIT-01198,Fully synthetic citizen; not a real person.
CIT-01199,Fully synthetic citizen; not a real person.
CIT-01200,Fully synthetic citizen; not a real person.
CIT-01201,Fully synthetic citizen; not a real person.
CIT-01202,Fully synthetic citizen; not a real person.
CIT-01203,Fully synthetic citizen; not a real person.
CIT-01204,Fully synthetic citizen; not a real person.
CIT-01205,Fully synthetic citizen; not a real person.
CIT-01206,Fully synthetic citizen; not a real person.
CIT-01207,Fully synthetic citizen; not a real person.
CIT-01208,Fully synthetic citizen; not a real person.
CIT-01209,Fully synthetic citizen; not a real person.
CIT-01210,Fully synthetic citizen; not a real person.
CIT-01211,Fully synthetic citizen; not a real person.
CIT-01212,Fully synthetic citizen; not a real person.
CIT-01213,Fully synthetic citizen; not a real person.
CIT-01214,Fully synthetic citizen; not a real person.
CIT-01215,Fully synthetic citizen; not a real person.
CIT-01216,Fully synthetic citizen; not a real person.
CIT-01217,Fully synthetic citizen; not a real person.
CIT-01218,Fully synthetic citizen; not a real person.
CIT-01219,Fully synthetic citizen; not a real person.
CIT-01220,Fully synthetic citizen; not a real person.
CIT-01221,Fully synthetic citizen; not a real person.
CIT-01222,Fully synthetic citizen; not a real person.
CIT-01223,Fully synthetic citizen; not a real person.
CIT-01224,Fully synthetic citizen; not a real person.
CIT-01225,Fully synthetic citizen; not a real person.
CIT-01226,Fully synthetic citizen; not a real person.
CIT-01227,Fully synthetic citizen; not a real person.
CIT-01228,Fully synthetic citizen; not a real person.
CIT-01229,Fully synthetic citizen; not a real person.
CIT-01230,Fully synthetic citizen; not a real person.
CIT-01231,Fully synthetic citizen; not a real person.
CIT-01232,Fully synthetic citizen; not a real person.
CIT-01233,Fully synthetic citizen; not a real person.
CIT-01234,Fully synthetic citizen; not a real person.
CIT-01235,Fully synthetic citizen; not a real person.
CIT-01236,Fully synthetic citizen; not a real person.
CIT-01237,Fully synthetic citizen; not a real person.
CIT-01238,Fully synthetic citizen; not a real person.
CIT-01239,Fully synthetic citizen; not a real person.
CIT-01240,Fully synthetic citizen; not a real person.
CIT-01241,Fully synthetic citizen; not a real person.
CIT-01242,Fully synthetic citizen; not a real person.
CIT-01243,Fully synthetic citizen; not a real person.
CIT-01244,Fully synthetic citizen; not a real person.
CIT-01245,Fully synthetic citizen; not a real person.
CIT-01246,Fully synthetic citizen; not a real person.
CIT-01247,Fully synthetic citizen; not a real person.
CIT-01248,Fully synthetic citizen; not a real person.
CIT-01249,Fully synthetic citizen; not a real person.
CIT-01250,Fully synthetic citizen; not a real person.
CIT-01251,Fully synthetic citizen; not a real person.
CIT-01252,Fully synthetic citizen; not a real person.
CIT-01253,Fully synthetic citizen; not a real person.
CIT-01254,Fully synthetic citizen; not a real person.
CIT-01255,Fully synthetic citizen; not a real person.
CIT-01256,Fully synthetic citizen; not a real person.
CIT-01257,Fully synthetic citizen; not a real person.
CIT-01258,Fully synthetic citizen; not a real person.
CIT-01259,Fully synthetic citizen; not a real person.
CIT-01260,Fully synthetic citizen; not a real person.
CIT-01261,Fully synthetic citizen; not a real person.
CIT-01262,Fully synthetic citizen; not a real person.
CIT-01263,Fully synthetic citizen; not a real person.
CIT-01264,Fully synthetic citizen; not a real person.
CIT-01265,Fully synthetic citizen; not a real person.
CIT-01266,Fully synthetic citizen; not a real person.
CIT-01267,Fully synthetic citizen; not a real person.
CIT-01268,Fully synthetic citizen; not a real person.
CIT-01269,Fully synthetic citizen; not a real person.
CIT-01270,Fully synthetic citizen; not a real person.
CIT-01271,Fully synthetic citizen; not a real person.
CIT-01272,Fully synthetic citizen; not a real person.
CIT-01273,Fully synthetic citizen; not a real person.
CIT-01274,Fully synthetic citizen; not a real person.
CIT-01275,Fully synthetic citizen; not a real person.
CIT-01276,Fully synthetic citizen; not a real person.
CIT-01277,Fully synthetic citizen; not a real person.
CIT-01278,Fully synthetic citizen; not a real person.
CIT-01279,Fully synthetic citizen; not a real person.
CIT-01280,Fully synthetic citizen; not a real person.
CIT-01281,Fully synthetic citizen; not a real person.
CIT-01282,Fully synthetic citizen; not a real person.
CIT-01283,Fully synthetic citizen; not a real person.
CIT-01284,Fully synthetic citizen; not a real person.
CIT-01285,Fully synthetic citizen; not a real person.
CIT-01286,Fully synthetic citizen; not a real person.
CIT-01287,Fully synthetic citizen; not a real person.
CIT-01288,Fully synthetic citizen; not a real person.
CIT-01289,Fully synthetic citizen; not a real person.
CIT-01290,Fully synthetic citizen; not a real person.
CIT-01291,Fully synthetic citizen; not a real person.
CIT-01292,Fully synthetic citizen; not a real person.
CIT-01293,Fully synthetic citizen; not a real person.
CIT-01294,Fully synthetic citizen; not a real person.
CIT-01295,Fully synthetic citizen; not a real person.
CIT-01296,Fully synthetic citizen; not a real person.
CIT-01297,Fully synthetic citizen; not a real person.
CIT-01298,Fully synthetic citizen; not a real person.
CIT-01299,Fully synthetic citizen; not a real person.
CIT-01300,Fully synthetic citizen; not a real person.
CIT-01301,Fully synthetic citizen; not a real person.
CIT-01302,Fully synthetic citizen; not a real person.
CIT-01303,Fully synthetic citizen; not a real person.
CIT-01304,Fully synthetic citizen; not a real person.
CIT-01305,Fully synthetic citizen; not a real person.
CIT-01306,Fully synthetic citizen; not a real person.
CIT-01307,Fully synthetic citizen; not a real person.
CIT-01308,Fully synthetic citizen; not a real person.
CIT-01309,Fully synthetic citizen; not a real person.
CIT-01310,Fully synthetic citizen; not a real person.
CIT-01311,Fully synthetic citizen; not a real person.
CIT-01312,Fully synthetic citizen; not a real person.
CIT-01313,Fully synthetic citizen; not a real person.
CIT-01314,Fully synthetic citizen; not a real person.
CIT-01315,Fully synthetic citizen; not a real person.
CIT-01316,Fully synthetic citizen; not a real person.
CIT-01317,Fully synthetic citizen; not a real person.
CIT-01318,Fully synthetic citizen; not a real person.
CIT-01319,Fully synthetic citizen; not a real person.
CIT-01320,Fully synthetic citizen; not a real person.
CIT-01321,Fully synthetic citizen; not a real person.
CIT-01322,Fully synthetic citizen; not a real person.
CIT-01323,Fully synthetic citizen; not a real person.
CIT-01324,Fully synthetic citizen; not a real person.
CIT-01325,Fully synthetic citizen; not a real person.
CIT-01326,Fully synthetic citizen; not a real person.
CIT-01327,Fully synthetic citizen; not a real person.
CIT-01328,Fully synthetic citizen; not a real person.
CIT-01329,Fully synthetic citizen; not a real person.
CIT-01330,Fully synthetic citizen; not a real person.
CIT-01331,Fully synthetic citizen; not a real person.
CIT-01332,Fully synthetic citizen; not a real person.
CIT-01333,Fully synthetic citizen; not a real person.
CIT-01334,Fully synthetic citizen; not a real person.
CIT-01335,Fully synthetic citizen; not a real person.
CIT-01336,Fully synthetic citizen; not a real person.
CIT-01337,Fully synthetic citizen; not a real person.
CIT-01338,Fully synthetic citizen; not a real person.
CIT-01339,Fully synthetic citizen; not a real person.
CIT-01340,Fully synthetic citizen; not a real person.
CIT-01341,Fully synthetic citizen; not a real person.
CIT-01342,Fully synthetic citizen; not a real person.
CIT-01343,Fully synthetic citizen; not a real person.
CIT-01344,Fully synthetic citizen; not a real person.
CIT-01345,Fully synthetic citizen; not a real person.
CIT-01346,Fully synthetic citizen; not a real person.
CIT-01347,Fully synthetic citizen; not a real person.
CIT-01348,Fully synthetic citizen; not a real person.
CIT-01349,Fully synthetic citizen; not a real person.
CIT-01350,Fully synthetic citizen; not a real person.
CIT-01351,Fully synthetic citizen; not a real person.
CIT-01352,Fully synthetic citizen; not a real person.
CIT-01353,Fully synthetic citizen; not a real person.
CIT-01354,Fully synthetic citizen; not a real person.
CIT-01355,Fully synthetic citizen; not a real person.
CIT-01356,Fully synthetic citizen; not a real person.
CIT-01357,Fully synthetic citizen; not a real person.
CIT-01358,Fully synthetic citizen; not a real person.
CIT-01359,Fully synthetic citizen; not a real person.
CIT-01360,Fully synthetic citizen; not a real person.
CIT-01361,Fully synthetic citizen; not a real person.
CIT-01362,Fully synthetic citizen; not a real person.
CIT-01363,Fully synthetic citizen; not a real person.
CIT-01364,Fully synthetic citizen; not a real person.
CIT-01365,Fully synthetic citizen; not a real person.
CIT-01366,Fully synthetic citizen; not a real person.
CIT-01367,Fully synthetic citizen; not a real person.
CIT-01368,Fully synthetic citizen; not a real person.
CIT-01369,Fully synthetic citizen; not a real person.
CIT-01370,Fully synthetic citizen; not a real person.
CIT-01371,Fully synthetic citizen; not a real person.
CIT-01372,Fully synthetic citizen; not a real person.
CIT-01373,Fully synthetic citizen; not a real person.
CIT-01374,Fully synthetic citizen; not a real person.
CIT-01375,Fully synthetic citizen; not a real person.
CIT-01376,Fully synthetic citizen; not a real person.
CIT-01377,Fully synthetic citizen; not a real person.
CIT-01378,Fully synthetic citizen; not a real person.
CIT-01379,Fully synthetic citizen; not a real person.
CIT-01380,Fully synthetic citizen; not a real person.
CIT-01381,Fully synthetic citizen; not a real person.
CIT-01382,Fully synthetic citizen; not a real person.
CIT-01383,Fully synthetic citizen; not a real person.
CIT-01384,Fully synthetic citizen; not a real person.
CIT-01385,Fully synthetic citizen; not a real person.
CIT-01386,Fully synthetic citizen; not a real person.
CIT-01387,Fully synthetic citizen; not a real person.
CIT-01388,Fully synthetic citizen; not a real person.
CIT-01389,Fully synthetic citizen; not a real person.
CIT-01390,Fully synthetic citizen; not a real person.
CIT-01391,Fully synthetic citizen; not a real person.
CIT-01392,Fully synthetic citizen; not a real person.
CIT-01393,Fully synthetic citizen; not a real person.
CIT-01394,Fully synthetic citizen; not a real person.
CIT-01395,Fully synthetic citizen; not a real person.
CIT-01396,Fully synthetic citizen; not a real person.
CIT-01397,Fully synthetic citizen; not a real person.
CIT-01398,Fully synthetic citizen; not a real person.
CIT-01399,Fully synthetic citizen; not a real person.
CIT-01400,Fully synthetic citizen; not a real person.
CIT-01401,Fully synthetic citizen; not a real person.
CIT-01402,Fully synthetic citizen; not a real person.
CIT-01403,Fully synthetic citizen; not a real person.
CIT-01404,Fully synthetic citizen; not a real person.
CIT-01405,Fully synthetic citizen; not a real person.
CIT-01406,Fully synthetic citizen; not a real person.
CIT-01407,Fully synthetic citizen; not a real person.
CIT-01408,Fully synthetic citizen; not a real person.
CIT-01409,Fully synthetic citizen; not a real person.
CIT-01410,Fully synthetic citizen; not a real person.
CIT-01411,Fully synthetic citizen; not a real person.
CIT-01412,Fully synthetic citizen; not a real person.
CIT-01413,Fully synthetic citizen; not a real person.
CIT-01414,Fully synthetic citizen; not a real person.
CIT-01415,Fully synthetic citizen; not a real person.
CIT-01416,Fully synthetic citizen; not a real person.
CIT-01417,Fully synthetic citizen; not a real person.
CIT-01418,Fully synthetic citizen; not a real person.
CIT-01419,Fully synthetic citizen; not a real person.
CIT-01420,Fully synthetic citizen; not a real person.
CIT-01421,Fully synthetic citizen; not a real person.
CIT-01422,Fully synthetic citizen; not a real person.
CIT-01423,Fully synthetic citizen; not a real person.
CIT-01424,Fully synthetic citizen; not a real person.
CIT-01425,Fully synthetic citizen; not a real person.
CIT-01426,Fully synthetic citizen; not a real person.
CIT-01427,Fully synthetic citizen; not a real person.
CIT-01428,Fully synthetic citizen; not a real person.
CIT-01429,Fully synthetic citizen; not a real person.
CIT-01430,Fully synthetic citizen; not a real person.
CIT-01431,Fully synthetic citizen; not a real person.
CIT-01432,Fully synthetic citizen; not a real person.
CIT-01433,Fully synthetic citizen; not a real person.
CIT-01434,Fully synthetic citizen; not a real person.
CIT-01435,Fully synthetic citizen; not a real person.
CIT-01436,Fully synthetic citizen; not a real person.
CIT-01437,Fully synthetic citizen; not a real person.
CIT-01438,Fully synthetic citizen; not a real person.
CIT-01439,Fully synthetic citizen; not a real person.
CIT-01440,Fully synthetic citizen; not a real person.
CIT-01441,Fully synthetic citizen; not a real person.
CIT-01442,Fully synthetic citizen; not a real person.
CIT-01443,Fully synthetic citizen; not a real person.
CIT-01444,Fully synthetic citizen; not a real person.
CIT-01445,Fully synthetic citizen; not a real person.
CIT-01446,Fully synthetic citizen; not a real person.
CIT-01447,Fully synthetic citizen; not a real person.
CIT-01448,Fully synthetic citizen; not a real person.
CIT-01449,Fully synthetic citizen; not a real person.
CIT-01450,Fully synthetic citizen; not a real person.
CIT-01451,Fully synthetic citizen; not a real person.
CIT-01452,Fully synthetic citizen; not a real person.
CIT-01453,Fully synthetic citizen; not a real person.
CIT-01454,Fully synthetic citizen; not a real person.
CIT-01455,Fully synthetic citizen; not a real person.
CIT-01456,Fully synthetic citizen; not a real person.
CIT-01457,Fully synthetic citizen; not a real person.
CIT-01458,Fully synthetic citizen; not a real person.
CIT-01459,Fully synthetic citizen; not a real person.
CIT-01460,Fully synthetic citizen; not a real person.
CIT-01461,Fully synthetic citizen; not a real person.
CIT-01462,Fully synthetic citizen; not a real person.
CIT-01463,Fully synthetic citizen; not a real person.
CIT-01464,Fully synthetic citizen; not a real person.
CIT-01465,Fully synthetic citizen; not a real person.
CIT-01466,Fully synthetic citizen; not a real person.
CIT-01467,Fully synthetic citizen; not a real person.
CIT-01468,Fully synthetic citizen; not a real person.
CIT-01469,Fully synthetic citizen; not a real person.
CIT-01470,Fully synthetic citizen; not a real person.
CIT-01471,Fully synthetic citizen; not a real person.
CIT-01472,Fully synthetic citizen; not a real person.
CIT-01473,Fully synthetic citizen; not a real person.
CIT-01474,Fully synthetic citizen; not a real person.
CIT-01475,Fully synthetic citizen; not a real person.
CIT-01476,Fully synthetic citizen; not a real person.
CIT-01477,Fully synthetic citizen; not a real person.
CIT-01478,Fully synthetic citizen; not a real person.
CIT-01479,Fully synthetic citizen; not a real person.
CIT-01480,Fully synthetic citizen; not a real person.
CIT-01481,Fully synthetic citizen; not a real person.
CIT-01482,Fully synthetic citizen; not a real person.
CIT-01483,Fully synthetic citizen; not a real person.
CIT-01484,Fully synthetic citizen; not a real person.
CIT-01485,Fully synthetic citizen; not a real person.
CIT-01486,Fully synthetic citizen; not a real person.
CIT-01487,Fully synthetic citizen; not a real person.
CIT-01488,Fully synthetic citizen; not a real person.
CIT-01489,Fully synthetic citizen; not a real person.
CIT-01490,Fully synthetic citizen; not a real person.
CIT-01491,Fully synthetic citizen; not a real person.
CIT-01492,Fully synthetic citizen; not a real person.
CIT-01493,Fully synthetic citizen; not a real person.
CIT-01494,Fully synthetic citizen; not a real person.
CIT-01495,Fully synthetic citizen; not a real person.
CIT-01496,Fully synthetic citizen; not a real person.
CIT-01497,Fully synthetic citizen; not a real person.
CIT-01498,Fully synthetic citizen; not a real person.
CIT-01499,Fully synthetic citizen; not a real person.
CIT-01500,Fully synthetic citizen; not a real person.
CIT-01501,Fully synthetic citizen; not a real person.
CIT-01502,Fully synthetic citizen; not a real person.
CIT-01503,Fully synthetic citizen; not a real person.
CIT-01504,Fully synthetic citizen; not a real person.
CIT-01505,Fully synthetic citizen; not a real person.
CIT-01506,Fully synthetic citizen; not a real person.
CIT-01507,Fully synthetic citizen; not a real person.
CIT-01508,Fully synthetic citizen; not a real person.
CIT-01509,Fully synthetic citizen; not a real person.
CIT-01510,Fully synthetic citizen; not a real person.
CIT-01511,Fully synthetic citizen; not a real person.
CIT-01512,Fully synthetic citizen; not a real person.
CIT-01513,Fully synthetic citizen; not a real person.
CIT-01514,Fully synthetic citizen; not a real person.
CIT-01515,Fully synthetic citizen; not a real person.
CIT-01516,Fully synthetic citizen; not a real person.
CIT-01517,Fully synthetic citizen; not a real person.
CIT-01518,Fully synthetic citizen; not a real person.
CIT-01519,Fully synthetic citizen; not a real person.
CIT-01520,Fully synthetic citizen; not a real person.
CIT-01521,Fully synthetic citizen; not a real person.
CIT-01522,Fully synthetic citizen; not a real person.
CIT-01523,Fully synthetic citizen; not a real person.
CIT-01524,Fully synthetic citizen; not a real person.
CIT-01525,Fully synthetic citizen; not a real person.
CIT-01526,Fully synthetic citizen; not a real person.
CIT-01527,Fully synthetic citizen; not a real person.
CIT-01528,Fully synthetic citizen; not a real person.
CIT-01529,Fully synthetic citizen; not a real person.
CIT-01530,Fully synthetic citizen; not a real person.
CIT-01531,Fully synthetic citizen; not a real person.
CIT-01532,Fully synthetic citizen; not a real person.
CIT-01533,Fully synthetic citizen; not a real person.
CIT-01534,Fully synthetic citizen; not a real person.
CIT-01535,Fully synthetic citizen; not a real person.
CIT-01536,Fully synthetic citizen; not a real person.
CIT-01537,Fully synthetic citizen; not a real person.
CIT-01538,Fully synthetic citizen; not a real person.
CIT-01539,Fully synthetic citizen; not a real person.
CIT-01540,Fully synthetic citizen; not a real person.
CIT-01541,Fully synthetic citizen; not a real person.
CIT-01542,Fully synthetic citizen; not a real person.
CIT-01543,Fully synthetic citizen; not a real person.
CIT-01544,Fully synthetic citizen; not a real person.
CIT-01545,Fully synthetic citizen; not a real person.
CIT-01546,Fully synthetic citizen; not a real person.
CIT-01547,Fully synthetic citizen; not a real person.
CIT-01548,Fully synthetic citizen; not a real person.
CIT-01549,Fully synthetic citizen; not a real person.
CIT-01550,Fully synthetic citizen; not a real person.
CIT-01551,Fully synthetic citizen; not a real person.
CIT-01552,Fully synthetic citizen; not a real person.
CIT-01553,Fully synthetic citizen; not a real person.
CIT-01554,Fully synthetic citizen; not a real person.
CIT-01555,Fully synthetic citizen; not a real person.
CIT-01556,Fully synthetic citizen; not a real person.
CIT-01557,Fully synthetic citizen; not a real person.
CIT-01558,Fully synthetic citizen; not a real person.
CIT-01559,Fully synthetic citizen; not a real person.
CIT-01560,Fully synthetic citizen; not a real person.
CIT-01561,Fully synthetic citizen; not a real person.
CIT-01562,Fully synthetic citizen; not a real person.
CIT-01563,Fully synthetic citizen; not a real person.
CIT-01564,Fully synthetic citizen; not a real person.
CIT-01565,Fully synthetic citizen; not a real person.
CIT-01566,Fully synthetic citizen; not a real person.
CIT-01567,Fully synthetic citizen; not a real person.
CIT-01568,Fully synthetic citizen; not a real person.
CIT-01569,Fully synthetic citizen; not a real person.
CIT-01570,Fully synthetic citizen; not a real person.
CIT-01571,Fully synthetic citizen; not a real person.
CIT-01572,Fully synthetic citizen; not a real person.
CIT-01573,Fully synthetic citizen; not a real person.
CIT-01574,Fully synthetic citizen; not a real person.
CIT-01575,Fully synthetic citizen; not a real person.
CIT-01576,Fully synthetic citizen; not a real person.
CIT-01577,Fully synthetic citizen; not a real person.
CIT-01578,Fully synthetic citizen; not a real person.
CIT-01579,Fully synthetic citizen; not a real person.
CIT-01580,Fully synthetic citizen; not a real person.
CIT-01581,Fully synthetic citizen; not a real person.
CIT-01582,Fully synthetic citizen; not a real person.
CIT-01583,Fully synthetic citizen; not a real person.
CIT-01584,Fully synthetic citizen; not a real person.
CIT-01585,Fully synthetic citizen; not a real person.
CIT-01586,Fully synthetic citizen; not a real person.
CIT-01587,Fully synthetic citizen; not a real person.
CIT-01588,Fully synthetic citizen; not a real person.
CIT-01589,Fully synthetic citizen; not a real person.
CIT-01590,Fully synthetic citizen; not a real person.
CIT-01591,Fully synthetic citizen; not a real person.
CIT-01592,Fully synthetic citizen; not a real person.
CIT-01593,Fully synthetic citizen; not a real person.
CIT-01594,Fully synthetic citizen; not a real person.
CIT-01595,Fully synthetic citizen; not a real person.
CIT-01596,Fully synthetic citizen; not a real person.
CIT-01597,Fully synthetic citizen; not a real person.
CIT-01598,Fully synthetic citizen; not a real person.
CIT-01599,Fully synthetic citizen; not a real person.
CIT-01600,Fully synthetic citizen; not a real person.
CIT-01601,Fully synthetic citizen; not a real person.
CIT-01602,Fully synthetic citizen; not a real person.
CIT-01603,Fully synthetic citizen; not a real person.
CIT-01604,Fully synthetic citizen; not a real person.
CIT-01605,Fully synthetic citizen; not a real person.
CIT-01606,Fully synthetic citizen; not a real person.
CIT-01607,Fully synthetic citizen; not a real person.
CIT-01608,Fully synthetic citizen; not a real person.
CIT-01609,Fully synthetic citizen; not a real person.
CIT-01610,Fully synthetic citizen; not a real person.
CIT-01611,Fully synthetic citizen; not a real person.
CIT-01612,Fully synthetic citizen; not a real person.
CIT-01613,Fully synthetic citizen; not a real person.
CIT-01614,Fully synthetic citizen; not a real person.
CIT-01615,Fully synthetic citizen; not a real person.
CIT-01616,Fully synthetic citizen; not a real person.
CIT-01617,Fully synthetic citizen; not a real person.
CIT-01618,Fully synthetic citizen; not a real person.
CIT-01619,Fully synthetic citizen; not a real person.
CIT-01620,Fully synthetic citizen; not a real person.
CIT-01621,Fully synthetic citizen; not a real person.
CIT-01622,Fully synthetic citizen; not a real person.
CIT-01623,Fully synthetic citizen; not a real person.
CIT-01624,Fully synthetic citizen; not a real person.
CIT-01625,Fully synthetic citizen; not a real person.
CIT-01626,Fully synthetic citizen; not a real person.
CIT-01627,Fully synthetic citizen; not a real person.
CIT-01628,Fully synthetic citizen; not a real person.
CIT-01629,Fully synthetic citizen; not a real person.
CIT-01630,Fully synthetic citizen; not a real person.
CIT-01631,Fully synthetic citizen; not a real person.
CIT-01632,Fully synthetic citizen; not a real person.
CIT-01633,Fully synthetic citizen; not a real person.
CIT-01634,Fully synthetic citizen; not a real person.
CIT-01635,Fully synthetic citizen; not a real person.
CIT-01636,Fully synthetic citizen; not a real person.
CIT-01637,Fully synthetic citizen; not a real person.
CIT-01638,Fully synthetic citizen; not a real person.
CIT-01639,Fully synthetic citizen; not a real person.
CIT-01640,Fully synthetic citizen; not a real person.
CIT-01641,Fully synthetic citizen; not a real person.
CIT-01642,Fully synthetic citizen; not a real person.
CIT-01643,Fully synthetic citizen; not a real person.
CIT-01644,Fully synthetic citizen; not a real person.
CIT-01645,Fully synthetic citizen; not a real person.
CIT-01646,Fully synthetic citizen; not a real person.
CIT-01647,Fully synthetic citizen; not a real person.
CIT-01648,Fully synthetic citizen; not a real person.
CIT-01649,Fully synthetic citizen; not a real person.
CIT-01650,Fully synthetic citizen; not a real person.
CIT-01651,Fully synthetic citizen; not a real person.
CIT-01652,Fully synthetic citizen; not a real person.
CIT-01653,Fully synthetic citizen; not a real person.
CIT-01654,Fully synthetic citizen; not a real person.
CIT-01655,Fully synthetic citizen; not a real person.
CIT-01656,Fully synthetic citizen; not a real person.
CIT-01657,Fully synthetic citizen; not a real person.
CIT-01658,Fully synthetic citizen; not a real person.
CIT-01659,Fully synthetic citizen; not a real person.
CIT-01660,Fully synthetic citizen; not a real person.
CIT-01661,Fully synthetic citizen; not a real person.
CIT-01662,Fully synthetic citizen; not a real person.
CIT-01663,Fully synthetic citizen; not a real person.
CIT-01664,Fully synthetic citizen; not a real person.
CIT-01665,Fully synthetic citizen; not a real person.
CIT-01666,Fully synthetic citizen; not a real person.
CIT-01667,Fully synthetic citizen; not a real person.
CIT-01668,Fully synthetic citizen; not a real person.
CIT-01669,Fully synthetic citizen; not a real person.
CIT-01670,Fully synthetic citizen; not a real person.
CIT-01671,Fully synthetic citizen; not a real person.
CIT-01672,Fully synthetic citizen; not a real person.
CIT-01673,Fully synthetic citizen; not a real person.
CIT-01674,Fully synthetic citizen; not a real person.
CIT-01675,Fully synthetic citizen; not a real person.
CIT-01676,Fully synthetic citizen; not a real person.
CIT-01677,Fully synthetic citizen; not a real person.
CIT-01678,Fully synthetic citizen; not a real person.
CIT-01679,Fully synthetic citizen; not a real person.
CIT-01680,Fully synthetic citizen; not a real person.
CIT-01681,Fully synthetic citizen; not a real person.
CIT-01682,Fully synthetic citizen; not a real person.
CIT-01683,Fully synthetic citizen; not a real person.
CIT-01684,Fully synthetic citizen; not a real person.
CIT-01685,Fully synthetic citizen; not a real person.
CIT-01686,Fully synthetic citizen; not a real person.
CIT-01687,Fully synthetic citizen; not a real person.
CIT-01688,Fully synthetic citizen; not a real person.
CIT-01689,Fully synthetic citizen; not a real person.
CIT-01690,Fully synthetic citizen; not a real person.
CIT-01691,Fully synthetic citizen; not a real person.
CIT-01692,Fully synthetic citizen; not a real person.
CIT-01693,Fully synthetic citizen; not a real person.
CIT-01694,Fully synthetic citizen; not a real person.
CIT-01695,Fully synthetic citizen; not a real person.
CIT-01696,Fully synthetic citizen; not a real person.
CIT-01697,Fully synthetic citizen; not a real person.
CIT-01698,Fully synthetic citizen; not a real person.
CIT-01699,Fully synthetic citizen; not a real person.
CIT-01700,Fully synthetic citizen; not a real person.
CIT-01701,Fully synthetic citizen; not a real person.
CIT-01702,Fully synthetic citizen; not a real person.
CIT-01703,Fully synthetic citizen; not a real person.
CIT-01704,Fully synthetic citizen; not a real person.
CIT-01705,Fully synthetic citizen; not a real person.
CIT-01706,Fully synthetic citizen; not a real person.
CIT-01707,Fully synthetic citizen; not a real person.
CIT-01708,Fully synthetic citizen; not a real person.
CIT-01709,Fully synthetic citizen; not a real person.
CIT-01710,Fully synthetic citizen; not a real person.
CIT-01711,Fully synthetic citizen; not a real person.
CIT-01712,Fully synthetic citizen; not a real person.
CIT-01713,Fully synthetic citizen; not a real person.
CIT-01714,Fully synthetic citizen; not a real person.
CIT-01715,Fully synthetic citizen; not a real person.
CIT-01716,Fully synthetic citizen; not a real person.
CIT-01717,Fully synthetic citizen; not a real person.
CIT-01718,Fully synthetic citizen; not a real person.
CIT-01719,Fully synthetic citizen; not a real person.
CIT-01720,Fully synthetic citizen; not a real person.
CIT-01721,Fully synthetic citizen; not a real person.
CIT-01722,Fully synthetic citizen; not a real person.
CIT-01723,Fully synthetic citizen; not a real person.
CIT-01724,Fully synthetic citizen; not a real person.
CIT-01725,Fully synthetic citizen; not a real person.
CIT-01726,Fully synthetic citizen; not a real person.
CIT-01727,Fully synthetic citizen; not a real person.
CIT-01728,Fully synthetic citizen; not a real person.
CIT-01729,Fully synthetic citizen; not a real person.
CIT-01730,Fully synthetic citizen; not a real person.
CIT-01731,Fully synthetic citizen; not a real person.
CIT-01732,Fully synthetic citizen; not a real person.
CIT-01733,Fully synthetic citizen; not a real person.
CIT-01734,Fully synthetic citizen; not a real person.
CIT-01735,Fully synthetic citizen; not a real person.
CIT-01736,Fully synthetic citizen; not a real person.
CIT-01737,Fully synthetic citizen; not a real person.
CIT-01738,Fully synthetic citizen; not a real person.
CIT-01739,Fully synthetic citizen; not a real person.
CIT-01740,Fully synthetic citizen; not a real person.
CIT-01741,Fully synthetic citizen; not a real person.
CIT-01742,Fully synthetic citizen; not a real person.
CIT-01743,Fully synthetic citizen; not a real person.
CIT-01744,Fully synthetic citizen; not a real person.
CIT-01745,Fully synthetic citizen; not a real person.
CIT-01746,Fully synthetic citizen; not a real person.
CIT-01747,Fully synthetic citizen; not a real person.
CIT-01748,Fully synthetic citizen; not a real person.
CIT-01749,Fully synthetic citizen; not a real person.
CIT-01750,Fully synthetic citizen; not a real person.
CIT-01751,Fully synthetic citizen; not a real person.
CIT-01752,Fully synthetic citizen; not a real person.
CIT-01753,Fully synthetic citizen; not a real person.
CIT-01754,Fully synthetic citizen; not a real person.
CIT-01755,Fully synthetic citizen; not a real person.
CIT-01756,Fully synthetic citizen; not a real person.
CIT-01757,Fully synthetic citizen; not a real person.
CIT-01758,Fully synthetic citizen; not a real person.
CIT-01759,Fully synthetic citizen; not a real person.
CIT-01760,Fully synthetic citizen; not a real person.
CIT-01761,Fully synthetic citizen; not a real person.
CIT-01762,Fully synthetic citizen; not a real person.
CIT-01763,Fully synthetic citizen; not a real person.
CIT-01764,Fully synthetic citizen; not a real person.
CIT-01765,Fully synthetic citizen; not a real person.
CIT-01766,Fully synthetic citizen; not a real person.
CIT-01767,Fully synthetic citizen; not a real person.
CIT-01768,Fully synthetic citizen; not a real person.
CIT-01769,Fully synthetic citizen; not a real person.
CIT-01770,Fully synthetic citizen; not a real person.
CIT-01771,Fully synthetic citizen; not a real person.
CIT-01772,Fully synthetic citizen; not a real person.
CIT-01773,Fully synthetic citizen; not a real person.
CIT-01774,Fully synthetic citizen; not a real person.
CIT-01775,Fully synthetic citizen; not a real person.
CIT-01776,Fully synthetic citizen; not a real person.
CIT-01777,Fully synthetic citizen; not a real person.
CIT-01778,Fully synthetic citizen; not a real person.
CIT-01779,Fully synthetic citizen; not a real person.
CIT-01780,Fully synthetic citizen; not a real person.
CIT-01781,Fully synthetic citizen; not a real person.
CIT-01782,Fully synthetic citizen; not a real person.
CIT-01783,Fully synthetic citizen; not a real person.
CIT-01784,Fully synthetic citizen; not a real person.
CIT-01785,Fully synthetic citizen; not a real person.
CIT-01786,Fully synthetic citizen; not a real person.
CIT-01787,Fully synthetic citizen; not a real person.
CIT-01788,Fully synthetic citizen; not a real person.
CIT-01789,Fully synthetic citizen; not a real person.
CIT-01790,Fully synthetic citizen; not a real person.
CIT-01791,Fully synthetic citizen; not a real person.
CIT-01792,Fully synthetic citizen; not a real person.
CIT-01793,Fully synthetic citizen; not a real person.
CIT-01794,Fully synthetic citizen; not a real person.
CIT-01795,Fully synthetic citizen; not a real person.
CIT-01796,Fully synthetic citizen; not a real person.
CIT-01797,Fully synthetic citizen; not a real person.
CIT-01798,Fully synthetic citizen; not a real person.
CIT-01799,Fully synthetic citizen; not a real person.
CIT-01800,Fully synthetic citizen; not a real person.
CIT-01801,Fully synthetic citizen; not a real person.
CIT-01802,Fully synthetic citizen; not a real person.
CIT-01803,Fully synthetic citizen; not a real person.
CIT-01804,Fully synthetic citizen; not a real person.
CIT-01805,Fully synthetic citizen; not a real person.
CIT-01806,Fully synthetic citizen; not a real person.
CIT-01807,Fully synthetic citizen; not a real person.
CIT-01808,Fully synthetic citizen; not a real person.
CIT-01809,Fully synthetic citizen; not a real person.
CIT-01810,Fully synthetic citizen; not a real person.
CIT-01811,Fully synthetic citizen; not a real person.
CIT-01812,Fully synthetic citizen; not a real person.
CIT-01813,Fully synthetic citizen; not a real person.
CIT-01814,Fully synthetic citizen; not a real person.
CIT-01815,Fully synthetic citizen; not a real person.
CIT-01816,Fully synthetic citizen; not a real person.
CIT-01817,Fully synthetic citizen; not a real person.
CIT-01818,Fully synthetic citizen; not a real person.
CIT-01819,Fully synthetic citizen; not a real person.
CIT-01820,Fully synthetic citizen; not a real person.
CIT-01821,Fully synthetic citizen; not a real person.
CIT-01822,Fully synthetic citizen; not a real person.
CIT-01823,Fully synthetic citizen; not a real person.
CIT-01824,Fully synthetic citizen; not a real person.
CIT-01825,Fully synthetic citizen; not a real person.
CIT-01826,Fully synthetic citizen; not a real person.
CIT-01827,Fully synthetic citizen; not a real person.
CIT-01828,Fully synthetic citizen; not a real person.
CIT-01829,Fully synthetic citizen; not a real person.
CIT-01830,Fully synthetic citizen; not a real person.
CIT-01831,Fully synthetic citizen; not a real person.
CIT-01832,Fully synthetic citizen; not a real person.
CIT-01833,Fully synthetic citizen; not a real person.
CIT-01834,Fully synthetic citizen; not a real person.
CIT-01835,Fully synthetic citizen; not a real person.
CIT-01836,Fully synthetic citizen; not a real person.
CIT-01837,Fully synthetic citizen; not a real person.
CIT-01838,Fully synthetic citizen; not a real person.
CIT-01839,Fully synthetic citizen; not a real person.
CIT-01840,Fully synthetic citizen; not a real person.
CIT-01841,Fully synthetic citizen; not a real person.
CIT-01842,Fully synthetic citizen; not a real person.
CIT-01843,Fully synthetic citizen; not a real person.
CIT-01844,Fully synthetic citizen; not a real person.
CIT-01845,Fully synthetic citizen; not a real person.
CIT-01846,Fully synthetic citizen; not a real person.
CIT-01847,Fully synthetic citizen; not a real person.
CIT-01848,Fully synthetic citizen; not a real person.
CIT-01849,Fully synthetic citizen; not a real person.
CIT-01850,Fully synthetic citizen; not a real person.
CIT-01851,Fully synthetic citizen; not a real person.
CIT-01852,Fully synthetic citizen; not a real person.
CIT-01853,Fully synthetic citizen; not a real person.
CIT-01854,Fully synthetic citizen; not a real person.
CIT-01855,Fully synthetic citizen; not a real person.
CIT-01856,Fully synthetic citizen; not a real person.
CIT-01857,Fully synthetic citizen; not a real person.
CIT-01858,Fully synthetic citizen; not a real person.
CIT-01859,Fully synthetic citizen; not a real person.
CIT-01860,Fully synthetic citizen; not a real person.
CIT-01861,Fully synthetic citizen; not a real person.
CIT-01862,Fully synthetic citizen; not a real person.
CIT-01863,Fully synthetic citizen; not a real person.
CIT-01864,Fully synthetic citizen; not a real person.
CIT-01865,Fully synthetic citizen; not a real person.
CIT-01866,Fully synthetic citizen; not a real person.
CIT-01867,Fully synthetic citizen; not a real person.
CIT-01868,Fully synthetic citizen; not a real person.
CIT-01869,Fully synthetic citizen; not a real person.
CIT-01870,Fully synthetic citizen; not a real person.
CIT-01871,Fully synthetic citizen; not a real person.
CIT-01872,Fully synthetic citizen; not a real person.
CIT-01873,Fully synthetic citizen; not a real person.
CIT-01874,Fully synthetic citizen; not a real person.
CIT-01875,Fully synthetic citizen; not a real person.
CIT-01876,Fully synthetic citizen; not a real person.
CIT-01877,Fully synthetic citizen; not a real person.
CIT-01878,Fully synthetic citizen; not a real person.
CIT-01879,Fully synthetic citizen; not a real person.
CIT-01880,Fully synthetic citizen; not a real person.
CIT-01881,Fully synthetic citizen; not a real person.
CIT-01882,Fully synthetic citizen; not a real person.
CIT-01883,Fully synthetic citizen; not a real person.
CIT-01884,Fully synthetic citizen; not a real person.
CIT-01885,Fully synthetic citizen; not a real person.
CIT-01886,Fully synthetic citizen; not a real person.
CIT-01887,Fully synthetic citizen; not a real person.
CIT-01888,Fully synthetic citizen; not a real person.
CIT-01889,Fully synthetic citizen; not a real person.
CIT-01890,Fully synthetic citizen; not a real person.
CIT-01891,Fully synthetic citizen; not a real person.
CIT-01892,Fully synthetic citizen; not a real person.
CIT-01893,Fully synthetic citizen; not a real person.
CIT-01894,Fully synthetic citizen; not a real person.
CIT-01895,Fully synthetic citizen; not a real person.
CIT-01896,Fully synthetic citizen; not a real person.
CIT-01897,Fully synthetic citizen; not a real person.
CIT-01898,Fully synthetic citizen; not a real person.
CIT-01899,Fully synthetic citizen; not a real person.
CIT-01900,Fully synthetic citizen; not a real person.
CIT-01901,Fully synthetic citizen; not a real person.
CIT-01902,Fully synthetic citizen; not a real person.
CIT-01903,Fully synthetic citizen; not a real person.
CIT-01904,Fully synthetic citizen; not a real person.
CIT-01905,Fully synthetic citizen; not a real person.
CIT-01906,Fully synthetic citizen; not a real person.
CIT-01907,Fully synthetic citizen; not a real person.
CIT-01908,Fully synthetic citizen; not a real person.
CIT-01909,Fully synthetic citizen; not a real person.
CIT-01910,Fully synthetic citizen; not a real person.
CIT-01911,Fully synthetic citizen; not a real person.
CIT-01912,Fully synthetic citizen; not a real person.
CIT-01913,Fully synthetic citizen; not a real person.
CIT-01914,Fully synthetic citizen; not a real person.
CIT-01915,Fully synthetic citizen; not a real person.
CIT-01916,Fully synthetic citizen; not a real person.
CIT-01917,Fully synthetic citizen; not a real person.
CIT-01918,Fully synthetic citizen; not a real person.
CIT-01919,Fully synthetic citizen; not a real person.
CIT-01920,Fully synthetic citizen; not a real person.
CIT-01921,Fully synthetic citizen; not a real person.
CIT-01922,Fully synthetic citizen; not a real person.
CIT-01923,Fully synthetic citizen; not a real person.
CIT-01924,Fully synthetic citizen; not a real person.
CIT-01925,Fully synthetic citizen; not a real person.
CIT-01926,Fully synthetic citizen; not a real person.
CIT-01927,Fully synthetic citizen; not a real person.
CIT-01928,Fully synthetic citizen; not a real person.
CIT-01929,Fully synthetic citizen; not a real person.
CIT-01930,Fully synthetic citizen; not a real person.
CIT-01931,Fully synthetic citizen; not a real person.
CIT-01932,Fully synthetic citizen; not a real person.
CIT-01933,Fully synthetic citizen; not a real person.
CIT-01934,Fully synthetic citizen; not a real person.
CIT-01935,Fully synthetic citizen; not a real person.
CIT-01936,Fully synthetic citizen; not a real person.
CIT-01937,Fully synthetic citizen; not a real person.
CIT-01938,Fully synthetic citizen; not a real person.
CIT-01939,Fully synthetic citizen; not a real person.
CIT-01940,Fully synthetic citizen; not a real person.
CIT-01941,Fully synthetic citizen; not a real person.
CIT-01942,Fully synthetic citizen; not a real person.
CIT-01943,Fully synthetic citizen; not a real person.
CIT-01944,Fully synthetic citizen; not a real person.
CIT-01945,Fully synthetic citizen; not a real person.
CIT-01946,Fully synthetic citizen; not a real person.
CIT-01947,Fully synthetic citizen; not a real person.
CIT-01948,Fully synthetic citizen; not a real person.
CIT-01949,Fully synthetic citizen; not a real person.
CIT-01950,Fully synthetic citizen; not a real person.
CIT-01951,Fully synthetic citizen; not a real person.
CIT-01952,Fully synthetic citizen; not a real person.
CIT-01953,Fully synthetic citizen; not a real person.
CIT-01954,Fully synthetic citizen; not a real person.
CIT-01955,Fully synthetic citizen; not a real person.
CIT-01956,Fully synthetic citizen; not a real person.
CIT-01957,Fully synthetic citizen; not a real person.
CIT-01958,Fully synthetic citizen; not a real person.
CIT-01959,Fully synthetic citizen; not a real person.
CIT-01960,Fully synthetic citizen; not a real person.
CIT-01961,Fully synthetic citizen; not a real person.
CIT-01962,Fully synthetic citizen; not a real person.
CIT-01963,Fully synthetic citizen; not a real person.
CIT-01964,Fully synthetic citizen; not a real person.
CIT-01965,Fully synthetic citizen; not a real person.
CIT-01966,Fully synthetic citizen; not a real person.
CIT-01967,Fully synthetic citizen; not a real person.
CIT-01968,Fully synthetic citizen; not a real person.
CIT-01969,Fully synthetic citizen; not a real person.
CIT-01970,Fully synthetic citizen; not a real person.
CIT-01971,Fully synthetic citizen; not a real person.
CIT-01972,Fully synthetic citizen; not a real person.
CIT-01973,Fully synthetic citizen; not a real person.
CIT-01974,Fully synthetic citizen; not a real person.
CIT-01975,Fully synthetic citizen; not a real person.
CIT-01976,Fully synthetic citizen; not a real person.
CIT-01977,Fully synthetic citizen; not a real person.
CIT-01978,Fully synthetic citizen; not a real person.
CIT-01979,Fully synthetic citizen; not a real person.
CIT-01980,Fully synthetic citizen; not a real person.
CIT-01981,Fully synthetic citizen; not a real person.
CIT-01982,Fully synthetic citizen; not a real person.
CIT-01983,Fully synthetic citizen; not a real person.
CIT-01984,Fully synthetic citizen; not a real person.
CIT-01985,Fully synthetic citizen; not a real person.
CIT-01986,Fully synthetic citizen; not a real person.
CIT-01987,Fully synthetic citizen; not a real person.
CIT-01988,Fully synthetic citizen; not a real person.
CIT-01989,Fully synthetic citizen; not a real person.
CIT-01990,Fully synthetic citizen; not a real person.
CIT-01991,Fully synthetic citizen; not a real person.
CIT-01992,Fully synthetic citizen; not a real person.
CIT-01993,Fully synthetic citizen; not a real person.
CIT-01994,Fully synthetic citizen; not a real person.
CIT-01995,Fully synthetic citizen; not a real person.
CIT-01996,Fully synthetic citizen; not a real person.
CIT-01997,Fully synthetic citizen; not a real person.
CIT-01998,Fully synthetic citizen; not a real person.
CIT-01999,Fully synthetic citizen; not a real person.
CIT-02000,Fully synthetic citizen; not a real person.
CIT-02001,Fully synthetic citizen; not a real person.
CIT-02002,Fully synthetic citizen; not a real person.
CIT-02003,Fully synthetic citizen; not a real person.
CIT-02004,Fully synthetic citizen; not a real person.
CIT-02005,Fully synthetic citizen; not a real person.
CIT-02006,Fully synthetic citizen; not a real person.
CIT-02007,Fully synthetic citizen; not a real person.
CIT-02008,Fully synthetic citizen; not a real person.
CIT-02009,Fully synthetic citizen; not a real person.
CIT-02010,Fully synthetic citizen; not a real person.
CIT-02011,Fully synthetic citizen; not a real person.
CIT-02012,Fully synthetic citizen; not a real person.
CIT-02013,Fully synthetic citizen; not a real person.
CIT-02014,Fully synthetic citizen; not a real person.
CIT-02015,Fully synthetic citizen; not a real person.
CIT-02016,Fully synthetic citizen; not a real person.
CIT-02017,Fully synthetic citizen; not a real person.
CIT-02018,Fully synthetic citizen; not a real person.
CIT-02019,Fully synthetic citizen; not a real person.
CIT-02020,Fully synthetic citizen; not a real person.
CIT-02021,Fully synthetic citizen; not a real person.
CIT-02022,Fully synthetic citizen; not a real person.
CIT-02023,Fully synthetic citizen; not a real person.
CIT-02024,Fully synthetic citizen; not a real person.
CIT-02025,Fully synthetic citizen; not a real person.
CIT-02026,Fully synthetic citizen; not a real person.
CIT-02027,Fully synthetic citizen; not a real person.
CIT-02028,Fully synthetic citizen; not a real person.
CIT-02029,Fully synthetic citizen; not a real person.
CIT-02030,Fully synthetic citizen; not a real person.
CIT-02031,Fully synthetic citizen; not a real person.
CIT-02032,Fully synthetic citizen; not a real person.
CIT-02033,Fully synthetic citizen; not a real person.
CIT-02034,Fully synthetic citizen; not a real person.
CIT-02035,Fully synthetic citizen; not a real person.
CIT-02036,Fully synthetic citizen; not a real person.
CIT-02037,Fully synthetic citizen; not a real person.
CIT-02038,Fully synthetic citizen; not a real person.
CIT-02039,Fully synthetic citizen; not a real person.
CIT-02040,Fully synthetic citizen; not a real person.
CIT-02041,Fully synthetic citizen; not a real person.
CIT-02042,Fully synthetic citizen; not a real person.
CIT-02043,Fully synthetic citizen; not a real person.
CIT-02044,Fully synthetic citizen; not a real person.
CIT-02045,Fully synthetic citizen; not a real person.
CIT-02046,Fully synthetic citizen; not a real person.
CIT-02047,Fully synthetic citizen; not a real person.
CIT-02048,Fully synthetic citizen; not a real person.
CIT-02049,Fully synthetic citizen; not a real person.
CIT-02050,Fully synthetic citizen; not a real person.
CIT-02051,Fully synthetic citizen; not a real person.
CIT-02052,Fully synthetic citizen; not a real person.
CIT-02053,Fully synthetic citizen; not a real person.
CIT-02054,Fully synthetic citizen; not a real person.
CIT-02055,Fully synthetic citizen; not a real person.
CIT-02056,Fully synthetic citizen; not a real person.
CIT-02057,Fully synthetic citizen; not a real person.
CIT-02058,Fully synthetic citizen; not a real person.
CIT-02059,Fully synthetic citizen; not a real person.
CIT-02060,Fully synthetic citizen; not a real person.
CIT-02061,Fully synthetic citizen; not a real person.
CIT-02062,Fully synthetic citizen; not a real person.
CIT-02063,Fully synthetic citizen; not a real person.
CIT-02064,Fully synthetic citizen; not a real person.
CIT-02065,Fully synthetic citizen; not a real person.
CIT-02066,Fully synthetic citizen; not a real person.
CIT-02067,Fully synthetic citizen; not a real person.
CIT-02068,Fully synthetic citizen; not a real person.
CIT-02069,Fully synthetic citizen; not a real person.
CIT-02070,Fully synthetic citizen; not a real person.
CIT-02071,Fully synthetic citizen; not a real person.
CIT-02072,Fully synthetic citizen; not a real person.
CIT-02073,Fully synthetic citizen; not a real person.
CIT-02074,Fully synthetic citizen; not a real person.
CIT-02075,Fully synthetic citizen; not a real person.
CIT-02076,Fully synthetic citizen; not a real person.
CIT-02077,Fully synthetic citizen; not a real person.
CIT-02078,Fully synthetic citizen; not a real person.
CIT-02079,Fully synthetic citizen; not a real person.
CIT-02080,Fully synthetic citizen; not a real person.
CIT-02081,Fully synthetic citizen; not a real person.
CIT-02082,Fully synthetic citizen; not a real person.
CIT-02083,Fully synthetic citizen; not a real person.
CIT-02084,Fully synthetic citizen; not a real person.
CIT-02085,Fully synthetic citizen; not a real person.
CIT-02086,Fully synthetic citizen; not a real person.
CIT-02087,Fully synthetic citizen; not a real person.
CIT-02088,Fully synthetic citizen; not a real person.
CIT-02089,Fully synthetic citizen; not a real person.
CIT-02090,Fully synthetic citizen; not a real person.
CIT-02091,Fully synthetic citizen; not a real person.
CIT-02092,Fully synthetic citizen; not a real person.
CIT-02093,Fully synthetic citizen; not a real person.
CIT-02094,Fully synthetic citizen; not a real person.
CIT-02095,Fully synthetic citizen; not a real person.
CIT-02096,Fully synthetic citizen; not a real person.
CIT-02097,Fully synthetic citizen; not a real person.
CIT-02098,Fully synthetic citizen; not a real person.
CIT-02099,Fully synthetic citizen; not a real person.
CIT-02100,Fully synthetic citizen; not a real person.
CIT-02101,Fully synthetic citizen; not a real person.
CIT-02102,Fully synthetic citizen; not a real person.
CIT-02103,Fully synthetic citizen; not a real person.
CIT-02104,Fully synthetic citizen; not a real person.
CIT-02105,Fully synthetic citizen; not a real person.
CIT-02106,Fully synthetic citizen; not a real person.
CIT-02107,Fully synthetic citizen; not a real person.
CIT-02108,Fully synthetic citizen; not a real person.
CIT-02109,Fully synthetic citizen; not a real person.
CIT-02110,Fully synthetic citizen; not a real person.
CIT-02111,Fully synthetic citizen; not a real person.
CIT-02112,Fully synthetic citizen; not a real person.
CIT-02113,Fully synthetic citizen; not a real person.
CIT-02114,Fully synthetic citizen; not a real person.
CIT-02115,Fully synthetic citizen; not a real person.
CIT-02116,Fully synthetic citizen; not a real person.
CIT-02117,Fully synthetic citizen; not a real person.
CIT-02118,Fully synthetic citizen; not a real person.
CIT-02119,Fully synthetic citizen; not a real person.
CIT-02120,Fully synthetic citizen; not a real person.
CIT-02121,Fully synthetic citizen; not a real person.
CIT-02122,Fully synthetic citizen; not a real person.
CIT-02123,Fully synthetic citizen; not a real person.
CIT-02124,Fully synthetic citizen; not a real person.
CIT-02125,Fully synthetic citizen; not a real person.
CIT-02126,Fully synthetic citizen; not a real person.
CIT-02127,Fully synthetic citizen; not a real person.
CIT-02128,Fully synthetic citizen; not a real person.
CIT-02129,Fully synthetic citizen; not a real person.
CIT-02130,Fully synthetic citizen; not a real person.
CIT-02131,Fully synthetic citizen; not a real person.
CIT-02132,Fully synthetic citizen; not a real person.
CIT-02133,Fully synthetic citizen; not a real person.
CIT-02134,Fully synthetic citizen; not a real person.
CIT-02135,Fully synthetic citizen; not a real person.
CIT-02136,Fully synthetic citizen; not a real person.
CIT-02137,Fully synthetic citizen; not a real person.
CIT-02138,Fully synthetic citizen; not a real person.
CIT-02139,Fully synthetic citizen; not a real person.
CIT-02140,Fully synthetic citizen; not a real person.
CIT-02141,Fully synthetic citizen; not a real person.
CIT-02142,Fully synthetic citizen; not a real person.
CIT-02143,Fully synthetic citizen; not a real person.
CIT-02144,Fully synthetic citizen; not a real person.
CIT-02145,Fully synthetic citizen; not a real person.
CIT-02146,Fully synthetic citizen; not a real person.
CIT-02147,Fully synthetic citizen; not a real person.
CIT-02148,Fully synthetic citizen; not a real person.
CIT-02149,Fully synthetic citizen; not a real person.
CIT-02150,Fully synthetic citizen; not a real person.
CIT-02151,Fully synthetic citizen; not a real person.
CIT-02152,Fully synthetic citizen; not a real person.
CIT-02153,Fully synthetic citizen; not a real person.
CIT-02154,Fully synthetic citizen; not a real person.
CIT-02155,Fully synthetic citizen; not a real person.
CIT-02156,Fully synthetic citizen; not a real person.
CIT-02157,Fully synthetic citizen; not a real person.
CIT-02158,Fully synthetic citizen; not a real person.
CIT-02159,Fully synthetic citizen; not a real person.
CIT-02160,Fully synthetic citizen; not a real person.
CIT-02161,Fully synthetic citizen; not a real person.
CIT-02162,Fully synthetic citizen; not a real person.
CIT-02163,Fully synthetic citizen; not a real person.
CIT-02164,Fully synthetic citizen; not a real person.
CIT-02165,Fully synthetic citizen; not a real person.
CIT-02166,Fully synthetic citizen; not a real person.
CIT-02167,Fully synthetic citizen; not a real person.
CIT-02168,Fully synthetic citizen; not a real person.
CIT-02169,Fully synthetic citizen; not a real person.
CIT-02170,Fully synthetic citizen; not a real person.
CIT-02171,Fully synthetic citizen; not a real person.
CIT-02172,Fully synthetic citizen; not a real person.
CIT-02173,Fully synthetic citizen; not a real person.
CIT-02174,Fully synthetic citizen; not a real person.
CIT-02175,Fully synthetic citizen; not a real person.
CIT-02176,Fully synthetic citizen; not a real person.
CIT-02177,Fully synthetic citizen; not a real person.
CIT-02178,Fully synthetic citizen; not a real person.
CIT-02179,Fully synthetic citizen; not a real person.
CIT-02180,Fully synthetic citizen; not a real person.
CIT-02181,Fully synthetic citizen; not a real person.
CIT-02182,Fully synthetic citizen; not a real person.
CIT-02183,Fully synthetic citizen; not a real person.
CIT-02184,Fully synthetic citizen; not a real person.
CIT-02185,Fully synthetic citizen; not a real person.
CIT-02186,Fully synthetic citizen; not a real person.
CIT-02187,Fully synthetic citizen; not a real person.
CIT-02188,Fully synthetic citizen; not a real person.
CIT-02189,Fully synthetic citizen; not a real person.
CIT-02190,Fully synthetic citizen; not a real person.
CIT-02191,Fully synthetic citizen; not a real person.
CIT-02192,Fully synthetic citizen; not a real person.
CIT-02193,Fully synthetic citizen; not a real person.
CIT-02194,Fully synthetic citizen; not a real person.
CIT-02195,Fully synthetic citizen; not a real person.
CIT-02196,Fully synthetic citizen; not a real person.
CIT-02197,Fully synthetic citizen; not a real person.
CIT-02198,Fully synthetic citizen; not a real person.
CIT-02199,Fully synthetic citizen; not a real person.
CIT-02200,Fully synthetic citizen; not a real person.
CIT-02201,Fully synthetic citizen; not a real person.
CIT-02202,Fully synthetic citizen; not a real person.
CIT-02203,Fully synthetic citizen; not a real person.
CIT-02204,Fully synthetic citizen; not a real person.
CIT-02205,Fully synthetic citizen; not a real person.
CIT-02206,Fully synthetic citizen; not a real person.
CIT-02207,Fully synthetic citizen; not a real person.
CIT-02208,Fully synthetic citizen; not a real person.
CIT-02209,Fully synthetic citizen; not a real person.
CIT-02210,Fully synthetic citizen; not a real person.
CIT-02211,Fully synthetic citizen; not a real person.
CIT-02212,Fully synthetic citizen; not a real person.
CIT-02213,Fully synthetic citizen; not a real person.
CIT-02214,Fully synthetic citizen; not a real person.
CIT-02215,Fully synthetic citizen; not a real person.
CIT-02216,Fully synthetic citizen; not a real person.
CIT-02217,Fully synthetic citizen; not a real person.
CIT-02218,Fully synthetic citizen; not a real person.
CIT-02219,Fully synthetic citizen; not a real person.
CIT-02220,Fully synthetic citizen; not a real person.
CIT-02221,Fully synthetic citizen; not a real person.
CIT-02222,Fully synthetic citizen; not a real person.
CIT-02223,Fully synthetic citizen; not a real person.
CIT-02224,Fully synthetic citizen; not a real person.
CIT-02225,Fully synthetic citizen; not a real person.
CIT-02226,Fully synthetic citizen; not a real person.
CIT-02227,Fully synthetic citizen; not a real person.
CIT-02228,Fully synthetic citizen; not a real person.
CIT-02229,Fully synthetic citizen; not a real person.
CIT-02230,Fully synthetic citizen; not a real person.
CIT-02231,Fully synthetic citizen; not a real person.
CIT-02232,Fully synthetic citizen; not a real person.
CIT-02233,Fully synthetic citizen; not a real person.
CIT-02234,Fully synthetic citizen; not a real person.
CIT-02235,Fully synthetic citizen; not a real person.
CIT-02236,Fully synthetic citizen; not a real person.
CIT-02237,Fully synthetic citizen; not a real person.
CIT-02238,Fully synthetic citizen; not a real person.
CIT-02239,Fully synthetic citizen; not a real person.
CIT-02240,Fully synthetic citizen; not a real person.
CIT-02241,Fully synthetic citizen; not a real person.
CIT-02242,Fully synthetic citizen; not a real person.
CIT-02243,Fully synthetic citizen; not a real person.
CIT-02244,Fully synthetic citizen; not a real person.
CIT-02245,Fully synthetic citizen; not a real person.
CIT-02246,Fully synthetic citizen; not a real person.
CIT-02247,Fully synthetic citizen; not a real person.
CIT-02248,Fully synthetic citizen; not a real person.
CIT-02249,Fully synthetic citizen; not a real person.
CIT-02250,Fully synthetic citizen; not a real person.
CIT-02251,Fully synthetic citizen; not a real person.
CIT-02252,Fully synthetic citizen; not a real person.
CIT-02253,Fully synthetic citizen; not a real person.
CIT-02254,Fully synthetic citizen; not a real person.
CIT-02255,Fully synthetic citizen; not a real person.
CIT-02256,Fully synthetic citizen; not a real person.
CIT-02257,Fully synthetic citizen; not a real person.
CIT-02258,Fully synthetic citizen; not a real person.
CIT-02259,Fully synthetic citizen; not a real person.
CIT-02260,Fully synthetic citizen; not a real person.
CIT-02261,Fully synthetic citizen; not a real person.
CIT-02262,Fully synthetic citizen; not a real person.
CIT-02263,Fully synthetic citizen; not a real person.
CIT-02264,Fully synthetic citizen; not a real person.
CIT-02265,Fully synthetic citizen; not a real person.
CIT-02266,Fully synthetic citizen; not a real person.
CIT-02267,Fully synthetic citizen; not a real person.
CIT-02268,Fully synthetic citizen; not a real person.
CIT-02269,Fully synthetic citizen; not a real person.
CIT-02270,Fully synthetic citizen; not a real person.
CIT-02271,Fully synthetic citizen; not a real person.
CIT-02272,Fully synthetic citizen; not a real person.
CIT-02273,Fully synthetic citizen; not a real person.
CIT-02274,Fully synthetic citizen; not a real person.
CIT-02275,Fully synthetic citizen; not a real person.
CIT-02276,Fully synthetic citizen; not a real person.
CIT-02277,Fully synthetic citizen; not a real person.
CIT-02278,Fully synthetic citizen; not a real person.
CIT-02279,Fully synthetic citizen; not a real person.
CIT-02280,Fully synthetic citizen; not a real person.
CIT-02281,Fully synthetic citizen; not a real person.
CIT-02282,Fully synthetic citizen; not a real person.
CIT-02283,Fully synthetic citizen; not a real person.
CIT-02284,Fully synthetic citizen; not a real person.
CIT-02285,Fully synthetic citizen; not a real person.
CIT-02286,Fully synthetic citizen; not a real person.
CIT-02287,Fully synthetic citizen; not a real person.
CIT-02288,Fully synthetic citizen; not a real person.
CIT-02289,Fully synthetic citizen; not a real person.
CIT-02290,Fully synthetic citizen; not a real person.
CIT-02291,Fully synthetic citizen; not a real person.
CIT-02292,Fully synthetic citizen; not a real person.
CIT-02293,Fully synthetic citizen; not a real person.
CIT-02294,Fully synthetic citizen; not a real person.
CIT-02295,Fully synthetic citizen; not a real person.
CIT-02296,Fully synthetic citizen; not a real person.
CIT-02297,Fully synthetic citizen; not a real person.
CIT-02298,Fully synthetic citizen; not a real person.
CIT-02299,Fully synthetic citizen; not a real person.
CIT-02300,Fully synthetic citizen; not a real person.
CIT-02301,Fully synthetic citizen; not a real person.
CIT-02302,Fully synthetic citizen; not a real person.
CIT-02303,Fully synthetic citizen; not a real person.
CIT-02304,Fully synthetic citizen; not a real person.
CIT-02305,Fully synthetic citizen; not a real person.
CIT-02306,Fully synthetic citizen; not a real person.
CIT-02307,Fully synthetic citizen; not a real person.
CIT-02308,Fully synthetic citizen; not a real person.
CIT-02309,Fully synthetic citizen; not a real person.
CIT-02310,Fully synthetic citizen; not a real person.
CIT-02311,Fully synthetic citizen; not a real person.
CIT-02312,Fully synthetic citizen; not a real person.
CIT-02313,Fully synthetic citizen; not a real person.
CIT-02314,Fully synthetic citizen; not a real person.
CIT-02315,Fully synthetic citizen; not a real person.
CIT-02316,Fully synthetic citizen; not a real person.
CIT-02317,Fully synthetic citizen; not a real person.
CIT-02318,Fully synthetic citizen; not a real person.
CIT-02319,Fully synthetic citizen; not a real person.
CIT-02320,Fully synthetic citizen; not a real person.
CIT-02321,Fully synthetic citizen; not a real person.
CIT-02322,Fully synthetic citizen; not a real person.
CIT-02323,Fully synthetic citizen; not a real person.
CIT-02324,Fully synthetic citizen; not a real person.
CIT-02325,Fully synthetic citizen; not a real person.
CIT-02326,Fully synthetic citizen; not a real person.
CIT-02327,Fully synthetic citizen; not a real person.
CIT-02328,Fully synthetic citizen; not a real person.
CIT-02329,Fully synthetic citizen; not a real person.
CIT-02330,Fully synthetic citizen; not a real person.
CIT-02331,Fully synthetic citizen; not a real person.
CIT-02332,Fully synthetic citizen; not a real person.
CIT-02333,Fully synthetic citizen; not a real person.
CIT-02334,Fully synthetic citizen; not a real person.
CIT-02335,Fully synthetic citizen; not a real person.
CIT-02336,Fully synthetic citizen; not a real person.
CIT-02337,Fully synthetic citizen; not a real person.
CIT-02338,Fully synthetic citizen; not a real person.
CIT-02339,Fully synthetic citizen; not a real person.
CIT-02340,Fully synthetic citizen; not a real person.
CIT-02341,Fully synthetic citizen; not a real person.
CIT-02342,Fully synthetic citizen; not a real person.
CIT-02343,Fully synthetic citizen; not a real person.
CIT-02344,Fully synthetic citizen; not a real person.
CIT-02345,Fully synthetic citizen; not a real person.
CIT-02346,Fully synthetic citizen; not a real person.
CIT-02347,Fully synthetic citizen; not a real person.
CIT-02348,Fully synthetic citizen; not a real person.
CIT-02349,Fully synthetic citizen; not a real person.
CIT-02350,Fully synthetic citizen; not a real person.
CIT-02351,Fully synthetic citizen; not a real person.
CIT-02352,Fully synthetic citizen; not a real person.
CIT-02353,Fully synthetic citizen; not a real person.
CIT-02354,Fully synthetic citizen; not a real person.
CIT-02355,Fully synthetic citizen; not a real person.
CIT-02356,Fully synthetic citizen; not a real person.
CIT-02357,Fully synthetic citizen; not a real person.
CIT-02358,Fully synthetic citizen; not a real person.
CIT-02359,Fully synthetic citizen; not a real person.
CIT-02360,Fully synthetic citizen; not a real person.
CIT-02361,Fully synthetic citizen; not a real person.
CIT-02362,Fully synthetic citizen; not a real person.
CIT-02363,Fully synthetic citizen; not a real person.
CIT-02364,Fully synthetic citizen; not a real person.
CIT-02365,Fully synthetic citizen; not a real person.
CIT-02366,Fully synthetic citizen; not a real person.
CIT-02367,Fully synthetic citizen; not a real person.
CIT-02368,Fully synthetic citizen; not a real person.
CIT-02369,Fully synthetic citizen; not a real person.
CIT-02370,Fully synthetic citizen; not a real person.
CIT-02371,Fully synthetic citizen; not a real person.
CIT-02372,Fully synthetic citizen; not a real person.
CIT-02373,Fully synthetic citizen; not a real person.
CIT-02374,Fully synthetic citizen; not a real person.
CIT-02375,Fully synthetic citizen; not a real person.
CIT-02376,Fully synthetic citizen; not a real person.
CIT-02377,Fully synthetic citizen; not a real person.
CIT-02378,Fully synthetic citizen; not a real person.
CIT-02379,Fully synthetic citizen; not a real person.
CIT-02380,Fully synthetic citizen; not a real person.
CIT-02381,Fully synthetic citizen; not a real person.
CIT-02382,Fully synthetic citizen; not a real person.
CIT-02383,Fully synthetic citizen; not a real person.
CIT-02384,Fully synthetic citizen; not a real person.
CIT-02385,Fully synthetic citizen; not a real person.
CIT-02386,Fully synthetic citizen; not a real person.
CIT-02387,Fully synthetic citizen; not a real person.
CIT-02388,Fully synthetic citizen; not a real person.
CIT-02389,Fully synthetic citizen; not a real person.
CIT-02390,Fully synthetic citizen; not a real person.
CIT-02391,Fully synthetic citizen; not a real person.
CIT-02392,Fully synthetic citizen; not a real person.
CIT-02393,Fully synthetic citizen; not a real person.
CIT-02394,Fully synthetic citizen; not a real person.
CIT-02395,Fully synthetic citizen; not a real person.
CIT-02396,Fully synthetic citizen; not a real person.
CIT-02397,Fully synthetic citizen; not a real person.
CIT-02398,Fully synthetic citizen; not a real person.
CIT-02399,Fully synthetic citizen; not a real person.
CIT-02400,Fully synthetic citizen; not a real person.
CIT-02401,Fully synthetic citizen; not a real person.
CIT-02402,Fully synthetic citizen; not a real person.
CIT-02403,Fully synthetic citizen; not a real person.
CIT-02404,Fully synthetic citizen; not a real person.
CIT-02405,Fully synthetic citizen; not a real person.
CIT-02406,Fully synthetic citizen; not a real person.
CIT-02407,Fully synthetic citizen; not a real person.
CIT-02408,Fully synthetic citizen; not a real person.
CIT-02409,Fully synthetic citizen; not a real person.
CIT-02410,Fully synthetic citizen; not a real person.
CIT-02411,Fully synthetic citizen; not a real person.
CIT-02412,Fully synthetic citizen; not a real person.
CIT-02413,Fully synthetic citizen; not a real person.
CIT-02414,Fully synthetic citizen; not a real person.
CIT-02415,Fully synthetic citizen; not a real person.
CIT-02416,Fully synthetic citizen; not a real person.
CIT-02417,Fully synthetic citizen; not a real person.
CIT-02418,Fully synthetic citizen; not a real person.
CIT-02419,Fully synthetic citizen; not a real person.
CIT-02420,Fully synthetic citizen; not a real person.
CIT-02421,Fully synthetic citizen; not a real person.
CIT-02422,Fully synthetic citizen; not a real person.
CIT-02423,Fully synthetic citizen; not a real person.
CIT-02424,Fully synthetic citizen; not a real person.
CIT-02425,Fully synthetic citizen; not a real person.
CIT-02426,Fully synthetic citizen; not a real person.
CIT-02427,Fully synthetic citizen; not a real person.
CIT-02428,Fully synthetic citizen; not a real person.
CIT-02429,Fully synthetic citizen; not a real person.
CIT-02430,Fully synthetic citizen; not a real person.
CIT-02431,Fully synthetic citizen; not a real person.
CIT-02432,Fully synthetic citizen; not a real person.
CIT-02433,Fully synthetic citizen; not a real person.
CIT-02434,Fully synthetic citizen; not a real person.
CIT-02435,Fully synthetic citizen; not a real person.
CIT-02436,Fully synthetic citizen; not a real person.
CIT-02437,Fully synthetic citizen; not a real person.
CIT-02438,Fully synthetic citizen; not a real person.
CIT-02439,Fully synthetic citizen; not a real person.
CIT-02440,Fully synthetic citizen; not a real person.
CIT-02441,Fully synthetic citizen; not a real person.
CIT-02442,Fully synthetic citizen; not a real person.
CIT-02443,Fully synthetic citizen; not a real person.
CIT-02444,Fully synthetic citizen; not a real person.
CIT-02445,Fully synthetic citizen; not a real person.
CIT-02446,Fully synthetic citizen; not a real person.
CIT-02447,Fully synthetic citizen; not a real person.
CIT-02448,Fully synthetic citizen; not a real person.
CIT-02449,Fully synthetic citizen; not a real person.
CIT-02450,Fully synthetic citizen; not a real person.
CIT-02451,Fully synthetic citizen; not a real person.
CIT-02452,Fully synthetic citizen; not a real person.
CIT-02453,Fully synthetic citizen; not a real person.
CIT-02454,Fully synthetic citizen; not a real person.
CIT-02455,Fully synthetic citizen; not a real person.
CIT-02456,Fully synthetic citizen; not a real person.
CIT-02457,Fully synthetic citizen; not a real person.
CIT-02458,Fully synthetic citizen; not a real person.
CIT-02459,Fully synthetic citizen; not a real person.
CIT-02460,Fully synthetic citizen; not a real person.
CIT-02461,Fully synthetic citizen; not a real person.
CIT-02462,Fully synthetic citizen; not a real person.
CIT-02463,Fully synthetic citizen; not a real person.
CIT-02464,Fully synthetic citizen; not a real person.
CIT-02465,Fully synthetic citizen; not a real person.
CIT-02466,Fully synthetic citizen; not a real person.
CIT-02467,Fully synthetic citizen; not a real person.
CIT-02468,Fully synthetic citizen; not a real person.
CIT-02469,Fully synthetic citizen; not a real person.
CIT-02470,Fully synthetic citizen; not a real person.
CIT-02471,Fully synthetic citizen; not a real person.
CIT-02472,Fully synthetic citizen; not a real person.
CIT-02473,Fully synthetic citizen; not a real person.
CIT-02474,Fully synthetic citizen; not a real person.
CIT-02475,Fully synthetic citizen; not a real person.
CIT-02476,Fully synthetic citizen; not a real person.
CIT-02477,Fully synthetic citizen; not a real person.
CIT-02478,Fully synthetic citizen; not a real person.
CIT-02479,Fully synthetic citizen; not a real person.
CIT-02480,Fully synthetic citizen; not a real person.
CIT-02481,Fully synthetic citizen; not a real person.
CIT-02482,Fully synthetic citizen; not a real person.
CIT-02483,Fully synthetic citizen; not a real person.
CIT-02484,Fully synthetic citizen; not a real person.
CIT-02485,Fully synthetic citizen; not a real person.
CIT-02486,Fully synthetic citizen; not a real person.
CIT-02487,Fully synthetic citizen; not a real person.
CIT-02488,Fully synthetic citizen; not a real person.
CIT-02489,Fully synthetic citizen; not a real person.
CIT-02490,Fully synthetic citizen; not a real person.
CIT-02491,Fully synthetic citizen; not a real person.
CIT-02492,Fully synthetic citizen; not a real person.
CIT-02493,Fully synthetic citizen; not a real person.
CIT-02494,Fully synthetic citizen; not a real person.
CIT-02495,Fully synthetic citizen; not a real person.
CIT-02496,Fully synthetic citizen; not a real person.
CIT-02497,Fully synthetic citizen; not a real person.
CIT-02498,Fully synthetic citizen; not a real person.
CIT-02499,Fully synthetic citizen; not a real person.
CIT-02500,Fully synthetic citizen; not a real person.
CIT-02501,Fully synthetic citizen; not a real person.
CIT-02502,Fully synthetic citizen; not a real person.
CIT-02503,Fully synthetic citizen; not a real person.
CIT-02504,Fully synthetic citizen; not a real person.
CIT-02505,Fully synthetic citizen; not a real person.
CIT-02506,Fully synthetic citizen; not a real person.
CIT-02507,Fully synthetic citizen; not a real person.
CIT-02508,Fully synthetic citizen; not a real person.
CIT-02509,Fully synthetic citizen; not a real person.
CIT-02510,Fully synthetic citizen; not a real person.
CIT-02511,Fully synthetic citizen; not a real person.
CIT-02512,Fully synthetic citizen; not a real person.
CIT-02513,Fully synthetic citizen; not a real person.
CIT-02514,Fully synthetic citizen; not a real person.
CIT-02515,Fully synthetic citizen; not a real person.
CIT-02516,Fully synthetic citizen; not a real person.
CIT-02517,Fully synthetic citizen; not a real person.
CIT-02518,Fully synthetic citizen; not a real person.
CIT-02519,Fully synthetic citizen; not a real person.
CIT-02520,Fully synthetic citizen; not a real person.
CIT-02521,Fully synthetic citizen; not a real person.
CIT-02522,Fully synthetic citizen; not a real person.
CIT-02523,Fully synthetic citizen; not a real person.
CIT-02524,Fully synthetic citizen; not a real person.
CIT-02525,Fully synthetic citizen; not a real person.
CIT-02526,Fully synthetic citizen; not a real person.
CIT-02527,Fully synthetic citizen; not a real person.
CIT-02528,Fully synthetic citizen; not a real person.
CIT-02529,Fully synthetic citizen; not a real person.
CIT-02530,Fully synthetic citizen; not a real person.
CIT-02531,Fully synthetic citizen; not a real person.
CIT-02532,Fully synthetic citizen; not a real person.
CIT-02533,Fully synthetic citizen; not a real person.
CIT-02534,Fully synthetic citizen; not a real person.
CIT-02535,Fully synthetic citizen; not a real person.
CIT-02536,Fully synthetic citizen; not a real person.
CIT-02537,Fully synthetic citizen; not a real person.
CIT-02538,Fully synthetic citizen; not a real person.
CIT-02539,Fully synthetic citizen; not a real person.
CIT-02540,Fully synthetic citizen; not a real person.
CIT-02541,Fully synthetic citizen; not a real person.
CIT-02542,Fully synthetic citizen; not a real person.
CIT-02543,Fully synthetic citizen; not a real person.
CIT-02544,Fully synthetic citizen; not a real person.
CIT-02545,Fully synthetic citizen; not a real person.
CIT-02546,Fully synthetic citizen; not a real person.
CIT-02547,Fully synthetic citizen; not a real person.
CIT-02548,Fully synthetic citizen; not a real person.
CIT-02549,Fully synthetic citizen; not a real person.
CIT-02550,Fully synthetic citizen; not a real person.
CIT-02551,Fully synthetic citizen; not a real person.
CIT-02552,Fully synthetic citizen; not a real person.
CIT-02553,Fully synthetic citizen; not a real person.
CIT-02554,Fully synthetic citizen; not a real person.
CIT-02555,Fully synthetic citizen; not a real person.
CIT-02556,Fully synthetic citizen; not a real person.
CIT-02557,Fully synthetic citizen; not a real person.
CIT-02558,Fully synthetic citizen; not a real person.
CIT-02559,Fully synthetic citizen; not a real person.
CIT-02560,Fully synthetic citizen; not a real person.
CIT-02561,Fully synthetic citizen; not a real person.
CIT-02562,Fully synthetic citizen; not a real person.
CIT-02563,Fully synthetic citizen; not a real person.
CIT-02564,Fully synthetic citizen; not a real person.
CIT-02565,Fully synthetic citizen; not a real person.
CIT-02566,Fully synthetic citizen; not a real person.
CIT-02567,Fully synthetic citizen; not a real person.
CIT-02568,Fully synthetic citizen; not a real person.
CIT-02569,Fully synthetic citizen; not a real person.
CIT-02570,Fully synthetic citizen; not a real person.
CIT-02571,Fully synthetic citizen; not a real person.
CIT-02572,Fully synthetic citizen; not a real person.
CIT-02573,Fully synthetic citizen; not a real person.
CIT-02574,Fully synthetic citizen; not a real person.
CIT-02575,Fully synthetic citizen; not a real person.
CIT-02576,Fully synthetic citizen; not a real person.
CIT-02577,Fully synthetic citizen; not a real person.
CIT-02578,Fully synthetic citizen; not a real person.
CIT-02579,Fully synthetic citizen; not a real person.
CIT-02580,Fully synthetic citizen; not a real person.
CIT-02581,Fully synthetic citizen; not a real person.
CIT-02582,Fully synthetic citizen; not a real person.
CIT-02583,Fully synthetic citizen; not a real person.
CIT-02584,Fully synthetic citizen; not a real person.
CIT-02585,Fully synthetic citizen; not a real person.
CIT-02586,Fully synthetic citizen; not a real person.
CIT-02587,Fully synthetic citizen; not a real person.
CIT-02588,Fully synthetic citizen; not a real person.
CIT-02589,Fully synthetic citizen; not a real person.
CIT-02590,Fully synthetic citizen; not a real person.
CIT-02591,Fully synthetic citizen; not a real person.
CIT-02592,Fully synthetic citizen; not a real person.
CIT-02593,Fully synthetic citizen; not a real person.
CIT-02594,Fully synthetic citizen; not a real person.
CIT-02595,Fully synthetic citizen; not a real person.
CIT-02596,Fully synthetic citizen; not a real person.
CIT-02597,Fully synthetic citizen; not a real person.
CIT-02598,Fully synthetic citizen; not a real person.
CIT-02599,Fully synthetic citizen; not a real person.
CIT-02600,Fully synthetic citizen; not a real person.
CIT-02601,Fully synthetic citizen; not a real person.
CIT-02602,Fully synthetic citizen; not a real person.
CIT-02603,Fully synthetic citizen; not a real person.
CIT-02604,Fully synthetic citizen; not a real person.
CIT-02605,Fully synthetic citizen; not a real person.
CIT-02606,Fully synthetic citizen; not a real person.
CIT-02607,Fully synthetic citizen; not a real person.
CIT-02608,Fully synthetic citizen; not a real person.
CIT-02609,Fully synthetic citizen; not a real person.
CIT-02610,Fully synthetic citizen; not a real person.
CIT-02611,Fully synthetic citizen; not a real person.
CIT-02612,Fully synthetic citizen; not a real person.
CIT-02613,Fully synthetic citizen; not a real person.
CIT-02614,Fully synthetic citizen; not a real person.
CIT-02615,Fully synthetic citizen; not a real person.
CIT-02616,Fully synthetic citizen; not a real person.
CIT-02617,Fully synthetic citizen; not a real person.
CIT-02618,Fully synthetic citizen; not a real person.
CIT-02619,Fully synthetic citizen; not a real person.
CIT-02620,Fully synthetic citizen; not a real person.
CIT-02621,Fully synthetic citizen; not a real person.
CIT-02622,Fully synthetic citizen; not a real person.
CIT-02623,Fully synthetic citizen; not a real person.
CIT-02624,Fully synthetic citizen; not a real person.
CIT-02625,Fully synthetic citizen; not a real person.
CIT-02626,Fully synthetic citizen; not a real person.
CIT-02627,Fully synthetic citizen; not a real person.
CIT-02628,Fully synthetic citizen; not a real person.
CIT-02629,Fully synthetic citizen; not a real person.
CIT-02630,Fully synthetic citizen; not a real person.
CIT-02631,Fully synthetic citizen; not a real person.
CIT-02632,Fully synthetic citizen; not a real person.
CIT-02633,Fully synthetic citizen; not a real person.
CIT-02634,Fully synthetic citizen; not a real person.
CIT-02635,Fully synthetic citizen; not a real person.
CIT-02636,Fully synthetic citizen; not a real person.
CIT-02637,Fully synthetic citizen; not a real person.
CIT-02638,Fully synthetic citizen; not a real person.
CIT-02639,Fully synthetic citizen; not a real person.
CIT-02640,Fully synthetic citizen; not a real person.
CIT-02641,Fully synthetic citizen; not a real person.
CIT-02642,Fully synthetic citizen; not a real person.
CIT-02643,Fully synthetic citizen; not a real person.
CIT-02644,Fully synthetic citizen; not a real person.
CIT-02645,Fully synthetic citizen; not a real person.
CIT-02646,Fully synthetic citizen; not a real person.
CIT-02647,Fully synthetic citizen; not a real person.
CIT-02648,Fully synthetic citizen; not a real person.
CIT-02649,Fully synthetic citizen; not a real person.
CIT-02650,Fully synthetic citizen; not a real person.
CIT-02651,Fully synthetic citizen; not a real person.
CIT-02652,Fully synthetic citizen; not a real person.
CIT-02653,Fully synthetic citizen; not a real person.
CIT-02654,Fully synthetic citizen; not a real person.
CIT-02655,Fully synthetic citizen; not a real person.
CIT-02656,Fully synthetic citizen; not a real person.
CIT-02657,Fully synthetic citizen; not a real person.
CIT-02658,Fully synthetic citizen; not a real person.
CIT-02659,Fully synthetic citizen; not a real person.
CIT-02660,Fully synthetic citizen; not a real person.
CIT-02661,Fully synthetic citizen; not a real person.
CIT-02662,Fully synthetic citizen; not a real person.
CIT-02663,Fully synthetic citizen; not a real person.
CIT-02664,Fully synthetic citizen; not a real person.
CIT-02665,Fully synthetic citizen; not a real person.
CIT-02666,Fully synthetic citizen; not a real person.
CIT-02667,Fully synthetic citizen; not a real person.
CIT-02668,Fully synthetic citizen; not a real person.
CIT-02669,Fully synthetic citizen; not a real person.
CIT-02670,Fully synthetic citizen; not a real person.
CIT-02671,Fully synthetic citizen; not a real person.
CIT-02672,Fully synthetic citizen; not a real person.
CIT-02673,Fully synthetic citizen; not a real person.
CIT-02674,Fully synthetic citizen; not a real person.
CIT-02675,Fully synthetic citizen; not a real person.
CIT-02676,Fully synthetic citizen; not a real person.
CIT-02677,Fully synthetic citizen; not a real person.
CIT-02678,Fully synthetic citizen; not a real person.
CIT-02679,Fully synthetic citizen; not a real person.
CIT-02680,Fully synthetic citizen; not a real person.
CIT-02681,Fully synthetic citizen; not a real person.
CIT-02682,Fully synthetic citizen; not a real person.
CIT-02683,Fully synthetic citizen; not a real person.
CIT-02684,Fully synthetic citizen; not a real person.
CIT-02685,Fully synthetic citizen; not a real person.
CIT-02686,Fully synthetic citizen; not a real person.
CIT-02687,Fully synthetic citizen; not a real person.
CIT-02688,Fully synthetic citizen; not a real person.
CIT-02689,Fully synthetic citizen; not a real person.
CIT-02690,Fully synthetic citizen; not a real person.
CIT-02691,Fully synthetic citizen; not a real person.
CIT-02692,Fully synthetic citizen; not a real person.
CIT-02693,Fully synthetic citizen; not a real person.
CIT-02694,Fully synthetic citizen; not a real person.
CIT-02695,Fully synthetic citizen; not a real person.
CIT-02696,Fully synthetic citizen; not a real person.
CIT-02697,Fully synthetic citizen; not a real person.
CIT-02698,Fully synthetic citizen; not a real person.
CIT-02699,Fully synthetic citizen; not a real person.
CIT-02700,Fully synthetic citizen; not a real person.
CIT-02701,Fully synthetic citizen; not a real person.
CIT-02702,Fully synthetic citizen; not a real person.
CIT-02703,Fully synthetic citizen; not a real person.
CIT-02704,Fully synthetic citizen; not a real person.
CIT-02705,Fully synthetic citizen; not a real person.
CIT-02706,Fully synthetic citizen; not a real person.
CIT-02707,Fully synthetic citizen; not a real person.
CIT-02708,Fully synthetic citizen; not a real person.
CIT-02709,Fully synthetic citizen; not a real person.
CIT-02710,Fully synthetic citizen; not a real person.
CIT-02711,Fully synthetic citizen; not a real person.
CIT-02712,Fully synthetic citizen; not a real person.
CIT-02713,Fully synthetic citizen; not a real person.
CIT-02714,Fully synthetic citizen; not a real person.
CIT-02715,Fully synthetic citizen; not a real person.
CIT-02716,Fully synthetic citizen; not a real person.
CIT-02717,Fully synthetic citizen; not a real person.
CIT-02718,Fully synthetic citizen; not a real person.
CIT-02719,Fully synthetic citizen; not a real person.
CIT-02720,Fully synthetic citizen; not a real person.
CIT-02721,Fully synthetic citizen; not a real person.
CIT-02722,Fully synthetic citizen; not a real person.
CIT-02723,Fully synthetic citizen; not a real person.
CIT-02724,Fully synthetic citizen; not a real person.
CIT-02725,Fully synthetic citizen; not a real person.
CIT-02726,Fully synthetic citizen; not a real person.
CIT-02727,Fully synthetic citizen; not a real person.
CIT-02728,Fully synthetic citizen; not a real person.
CIT-02729,Fully synthetic citizen; not a real person.
CIT-02730,Fully synthetic citizen; not a real person.
CIT-02731,Fully synthetic citizen; not a real person.
CIT-02732,Fully synthetic citizen; not a real person.
CIT-02733,Fully synthetic citizen; not a real person.
CIT-02734,Fully synthetic citizen; not a real person.
CIT-02735,Fully synthetic citizen; not a real person.
CIT-02736,Fully synthetic citizen; not a real person.
CIT-02737,Fully synthetic citizen; not a real person.
CIT-02738,Fully synthetic citizen; not a real person.
CIT-02739,Fully synthetic citizen; not a real person.
CIT-02740,Fully synthetic citizen; not a real person.
CIT-02741,Fully synthetic citizen; not a real person.
CIT-02742,Fully synthetic citizen; not a real person.
CIT-02743,Fully synthetic citizen; not a real person.
CIT-02744,Fully synthetic citizen; not a real person.
CIT-02745,Fully synthetic citizen; not a real person.
CIT-02746,Fully synthetic citizen; not a real person.
CIT-02747,Fully synthetic citizen; not a real person.
CIT-02748,Fully synthetic citizen; not a real person.
CIT-02749,Fully synthetic citizen; not a real person.
CIT-02750,Fully synthetic citizen; not a real person.
CIT-02751,Fully synthetic citizen; not a real person.
CIT-02752,Fully synthetic citizen; not a real person.
CIT-02753,Fully synthetic citizen; not a real person.
CIT-02754,Fully synthetic citizen; not a real person.
CIT-02755,Fully synthetic citizen; not a real person.
CIT-02756,Fully synthetic citizen; not a real person.
CIT-02757,Fully synthetic citizen; not a real person.
CIT-02758,Fully synthetic citizen; not a real person.
CIT-02759,Fully synthetic citizen; not a real person.
CIT-02760,Fully synthetic citizen; not a real person.
CIT-02761,Fully synthetic citizen; not a real person.
CIT-02762,Fully synthetic citizen; not a real person.
CIT-02763,Fully synthetic citizen; not a real person.
CIT-02764,Fully synthetic citizen; not a real person.
CIT-02765,Fully synthetic citizen; not a real person.
CIT-02766,Fully synthetic citizen; not a real person.
CIT-02767,Fully synthetic citizen; not a real person.
CIT-02768,Fully synthetic citizen; not a real person.
CIT-02769,Fully synthetic citizen; not a real person.
CIT-02770,Fully synthetic citizen; not a real person.
CIT-02771,Fully synthetic citizen; not a real person.
CIT-02772,Fully synthetic citizen; not a real person.
CIT-02773,Fully synthetic citizen; not a real person.
CIT-02774,Fully synthetic citizen; not a real person.
CIT-02775,Fully synthetic citizen; not a real person.
CIT-02776,Fully synthetic citizen; not a real person.
CIT-02777,Fully synthetic citizen; not a real person.
CIT-02778,Fully synthetic citizen; not a real person.
CIT-02779,Fully synthetic citizen; not a real person.
CIT-02780,Fully synthetic citizen; not a real person.
CIT-02781,Fully synthetic citizen; not a real person.
CIT-02782,Fully synthetic citizen; not a real person.
CIT-02783,Fully synthetic citizen; not a real person.
CIT-02784,Fully synthetic citizen; not a real person.
CIT-02785,Fully synthetic citizen; not a real person.
CIT-02786,Fully synthetic citizen; not a real person.
CIT-02787,Fully synthetic citizen; not a real person.
CIT-02788,Fully synthetic citizen; not a real person.
CIT-02789,Fully synthetic citizen; not a real person.
CIT-02790,Fully synthetic citizen; not a real person.
CIT-02791,Fully synthetic citizen; not a real person.
CIT-02792,Fully synthetic citizen; not a real person.
CIT-02793,Fully synthetic citizen; not a real person.
CIT-02794,Fully synthetic citizen; not a real person.
CIT-02795,Fully synthetic citizen; not a real person.
CIT-02796,Fully synthetic citizen; not a real person.
CIT-02797,Fully synthetic citizen; not a real person.
CIT-02798,Fully synthetic citizen; not a real person.
CIT-02799,Fully synthetic citizen; not a real person.
CIT-02800,Fully synthetic citizen; not a real person.
CIT-02801,Fully synthetic citizen; not a real person.
CIT-02802,Fully synthetic citizen; not a real person.
CIT-02803,Fully synthetic citizen; not a real person.
CIT-02804,Fully synthetic citizen; not a real person.
CIT-02805,Fully synthetic citizen; not a real person.
CIT-02806,Fully synthetic citizen; not a real person.
CIT-02807,Fully synthetic citizen; not a real person.
CIT-02808,Fully synthetic citizen; not a real person.
CIT-02809,Fully synthetic citizen; not a real person.
CIT-02810,Fully synthetic citizen; not a real person.
CIT-02811,Fully synthetic citizen; not a real person.
CIT-02812,Fully synthetic citizen; not a real person.
CIT-02813,Fully synthetic citizen; not a real person.
CIT-02814,Fully synthetic citizen; not a real person.
CIT-02815,Fully synthetic citizen; not a real person.
CIT-02816,Fully synthetic citizen; not a real person.
CIT-02817,Fully synthetic citizen; not a real person.
CIT-02818,Fully synthetic citizen; not a real person.
CIT-02819,Fully synthetic citizen; not a real person.
CIT-02820,Fully synthetic citizen; not a real person.
CIT-02821,Fully synthetic citizen; not a real person.
CIT-02822,Fully synthetic citizen; not a real person.
CIT-02823,Fully synthetic citizen; not a real person.
CIT-02824,Fully synthetic citizen; not a real person.
CIT-02825,Fully synthetic citizen; not a real person.
CIT-02826,Fully synthetic citizen; not a real person.
CIT-02827,Fully synthetic citizen; not a real person.
CIT-02828,Fully synthetic citizen; not a real person.
CIT-02829,Fully synthetic citizen; not a real person.
CIT-02830,Fully synthetic citizen; not a real person.
CIT-02831,Fully synthetic citizen; not a real person.
CIT-02832,Fully synthetic citizen; not a real person.
CIT-02833,Fully synthetic citizen; not a real person.
CIT-02834,Fully synthetic citizen; not a real person.
CIT-02835,Fully synthetic citizen; not a real person.
CIT-02836,Fully synthetic citizen; not a real person.
CIT-02837,Fully synthetic citizen; not a real person.
CIT-02838,Fully synthetic citizen; not a real person.
CIT-02839,Fully synthetic citizen; not a real person.
CIT-02840,Fully synthetic citizen; not a real person.
CIT-02841,Fully synthetic citizen; not a real person.
CIT-02842,Fully synthetic citizen; not a real person.
CIT-02843,Fully synthetic citizen; not a real person.
CIT-02844,Fully synthetic citizen; not a real person.
CIT-02845,Fully synthetic citizen; not a real person.
CIT-02846,Fully synthetic citizen; not a real person.
CIT-02847,Fully synthetic citizen; not a real person.
CIT-02848,Fully synthetic citizen; not a real person.
CIT-02849,Fully synthetic citizen; not a real person.
CIT-02850,Fully synthetic citizen; not a real person.
CIT-02851,Fully synthetic citizen; not a real person.
CIT-02852,Fully synthetic citizen; not a real person.
CIT-02853,Fully synthetic citizen; not a real person.
CIT-02854,Fully synthetic citizen; not a real person.
CIT-02855,Fully synthetic citizen; not a real person.
CIT-02856,Fully synthetic citizen; not a real person.
CIT-02857,Fully synthetic citizen; not a real person.
CIT-02858,Fully synthetic citizen; not a real person.
CIT-02859,Fully synthetic citizen; not a real person.
CIT-02860,Fully synthetic citizen; not a real person.
CIT-02861,Fully synthetic citizen; not a real person.
CIT-02862,Fully synthetic citizen; not a real person.
CIT-02863,Fully synthetic citizen; not a real person.
CIT-02864,Fully synthetic citizen; not a real person.
CIT-02865,Fully synthetic citizen; not a real person.
CIT-02866,Fully synthetic citizen; not a real person.
CIT-02867,Fully synthetic citizen; not a real person.
CIT-02868,Fully synthetic citizen; not a real person.
CIT-02869,Fully synthetic citizen; not a real person.
CIT-02870,Fully synthetic citizen; not a real person.
CIT-02871,Fully synthetic citizen; not a real person.
CIT-02872,Fully synthetic citizen; not a real person.
CIT-02873,Fully synthetic citizen; not a real person.
CIT-02874,Fully synthetic citizen; not a real person.
CIT-02875,Fully synthetic citizen; not a real person.
CIT-02876,Fully synthetic citizen; not a real person.
CIT-02877,Fully synthetic citizen; not a real person.
CIT-02878,Fully synthetic citizen; not a real person.
CIT-02879,Fully synthetic citizen; not a real person.
CIT-02880,Fully synthetic citizen; not a real person.
CIT-02881,Fully synthetic citizen; not a real person.
CIT-02882,Fully synthetic citizen; not a real person.
CIT-02883,Fully synthetic citizen; not a real person.
CIT-02884,Fully synthetic citizen; not a real person.
CIT-02885,Fully synthetic citizen; not a real person.
CIT-02886,Fully synthetic citizen; not a real person.
CIT-02887,Fully synthetic citizen; not a real person.
CIT-02888,Fully synthetic citizen; not a real person.
CIT-02889,Fully synthetic citizen; not a real person.
CIT-02890,Fully synthetic citizen; not a real person.
CIT-02891,Fully synthetic citizen; not a real person.
CIT-02892,Fully synthetic citizen; not a real person.
CIT-02893,Fully synthetic citizen; not a real person.
CIT-02894,Fully synthetic citizen; not a real person.
CIT-02895,Fully synthetic citizen; not a real person.
CIT-02896,Fully synthetic citizen; not a real person.
CIT-02897,Fully synthetic citizen; not a real person.
CIT-02898,Fully synthetic citizen; not a real person.
CIT-02899,Fully synthetic citizen; not a real person.
CIT-02900,Fully synthetic citizen; not a real person.
CIT-02901,Fully synthetic citizen; not a real person.
CIT-02902,Fully synthetic citizen; not a real person.
CIT-02903,Fully synthetic citizen; not a real person.
CIT-02904,Fully synthetic citizen; not a real person.
CIT-02905,Fully synthetic citizen; not a real person.
CIT-02906,Fully synthetic citizen; not a real person.
CIT-02907,Fully synthetic citizen; not a real person.
CIT-02908,Fully synthetic citizen; not a real person.
CIT-02909,Fully synthetic citizen; not a real person.
CIT-02910,Fully synthetic citizen; not a real person.
CIT-02911,Fully synthetic citizen; not a real person.
CIT-02912,Fully synthetic citizen; not a real person.
CIT-02913,Fully synthetic citizen; not a real person.
CIT-02914,Fully synthetic citizen; not a real person.
CIT-02915,Fully synthetic citizen; not a real person.
CIT-02916,Fully synthetic citizen; not a real person.
CIT-02917,Fully synthetic citizen; not a real person.
CIT-02918,Fully synthetic citizen; not a real person.
CIT-02919,Fully synthetic citizen; not a real person.
CIT-02920,Fully synthetic citizen; not a real person.
CIT-02921,Fully synthetic citizen; not a real person.
CIT-02922,Fully synthetic citizen; not a real person.
CIT-02923,Fully synthetic citizen; not a real person.
CIT-02924,Fully synthetic citizen; not a real person.
CIT-02925,Fully synthetic citizen; not a real person.
CIT-02926,Fully synthetic citizen; not a real person.
CIT-02927,Fully synthetic citizen; not a real person.
CIT-02928,Fully synthetic citizen; not a real person.
CIT-02929,Fully synthetic citizen; not a real person.
CIT-02930,Fully synthetic citizen; not a real person.
CIT-02931,Fully synthetic citizen; not a real person.
CIT-02932,Fully synthetic citizen; not a real person.
CIT-02933,Fully synthetic citizen; not a real person.
CIT-02934,Fully synthetic citizen; not a real person.
CIT-02935,Fully synthetic citizen; not a real person.
CIT-02936,Fully synthetic citizen; not a real person.
CIT-02937,Fully synthetic citizen; not a real person.
CIT-02938,Fully synthetic citizen; not a real person.
CIT-02939,Fully synthetic citizen; not a real person.
CIT-02940,Fully synthetic citizen; not a real person.
CIT-02941,Fully synthetic citizen; not a real person.
CIT-02942,Fully synthetic citizen; not a real person.
CIT-02943,Fully synthetic citizen; not a real person.
CIT-02944,Fully synthetic citizen; not a real person.
CIT-02945,Fully synthetic citizen; not a real person.
CIT-02946,Fully synthetic citizen; not a real person.
CIT-02947,Fully synthetic citizen; not a real person.
CIT-02948,Fully synthetic citizen; not a real person.
CIT-02949,Fully synthetic citizen; not a real person.
CIT-02950,Fully synthetic citizen; not a real person.
CIT-02951,Fully synthetic citizen; not a real person.
CIT-02952,Fully synthetic citizen; not a real person.
CIT-02953,Fully synthetic citizen; not a real person.
CIT-02954,Fully synthetic citizen; not a real person.
CIT-02955,Fully synthetic citizen; not a real person.
CIT-02956,Fully synthetic citizen; not a real person.
CIT-02957,Fully synthetic citizen; not a real person.
CIT-02958,Fully synthetic citizen; not a real person.
CIT-02959,Fully synthetic citizen; not a real person.
CIT-02960,Fully synthetic citizen; not a real person.
CIT-02961,Fully synthetic citizen; not a real person.
CIT-02962,Fully synthetic citizen; not a real person.
CIT-02963,Fully synthetic citizen; not a real person.
CIT-02964,Fully synthetic citizen; not a real person.
CIT-02965,Fully synthetic citizen; not a real person.
CIT-02966,Fully synthetic citizen; not a real person.
CIT-02967,Fully synthetic citizen; not a real person.
CIT-02968,Fully synthetic citizen; not a real person.
CIT-02969,Fully synthetic citizen; not a real person.
CIT-02970,Fully synthetic citizen; not a real person.
CIT-02971,Fully synthetic citizen; not a real person.
CIT-02972,Fully synthetic citizen; not a real person.
CIT-02973,Fully synthetic citizen; not a real person.
CIT-02974,Fully synthetic citizen; not a real person.
CIT-02975,Fully synthetic citizen; not a real person.
CIT-02976,Fully synthetic citizen; not a real person.
CIT-02977,Fully synthetic citizen; not a real person.
CIT-02978,Fully synthetic citizen; not a real person.
CIT-02979,Fully synthetic citizen; not a real person.
CIT-02980,Fully synthetic citizen; not a real person.
CIT-02981,Fully synthetic citizen; not a real person.
CIT-02982,Fully synthetic citizen; not a real person.
CIT-02983,Fully synthetic citizen; not a real person.
CIT-02984,Fully synthetic citizen; not a real person.
CIT-02985,Fully synthetic citizen; not a real person.
CIT-02986,Fully synthetic citizen; not a real person.
CIT-02987,Fully synthetic citizen; not a real person.
CIT-02988,Fully synthetic citizen; not a real person.
CIT-02989,Fully synthetic citizen; not a real person.
CIT-02990,Fully synthetic citizen; not a real person.
CIT-02991,Fully synthetic citizen; not a real person.
CIT-02992,Fully synthetic citizen; not a real person.
CIT-02993,Fully synthetic citizen; not a real person.
CIT-02994,Fully synthetic citizen; not a real person.
CIT-02995,Fully synthetic citizen; not a real person.
CIT-02996,Fully synthetic citizen; not a real person.
CIT-02997,Fully synthetic citizen; not a real person.
CIT-02998,Fully synthetic citizen; not a real person.
CIT-02999,Fully synthetic citizen; not a real person.
CIT-03000,Fully synthetic citizen; not a real person.
CIT-03001,Fully synthetic citizen; not a real person.
CIT-03002,Fully synthetic citizen; not a real person.
CIT-03003,Fully synthetic citizen; not a real person.
CIT-03004,Fully synthetic citizen; not a real person.
CIT-03005,Fully synthetic citizen; not a real person.
CIT-03006,Fully synthetic citizen; not a real person.
CIT-03007,Fully synthetic citizen; not a real person.
CIT-03008,Fully synthetic citizen; not a real person.
CIT-03009,Fully synthetic citizen; not a real person.
CIT-03010,Fully synthetic citizen; not a real person.
CIT-03011,Fully synthetic citizen; not a real person.
CIT-03012,Fully synthetic citizen; not a real person.
CIT-03013,Fully synthetic citizen; not a real person.
CIT-03014,Fully synthetic citizen; not a real person.
CIT-03015,Fully synthetic citizen; not a real person.
CIT-03016,Fully synthetic citizen; not a real person.
CIT-03017,Fully synthetic citizen; not a real person.
CIT-03018,Fully synthetic citizen; not a real person.
CIT-03019,Fully synthetic citizen; not a real person.
CIT-03020,Fully synthetic citizen; not a real person.
CIT-03021,Fully synthetic citizen; not a real person.
CIT-03022,Fully synthetic citizen; not a real person.
CIT-03023,Fully synthetic citizen; not a real person.
CIT-03024,Fully synthetic citizen; not a real person.
CIT-03025,Fully synthetic citizen; not a real person.
CIT-03026,Fully synthetic citizen; not a real person.
CIT-03027,Fully synthetic citizen; not a real person.
CIT-03028,Fully synthetic citizen; not a real person.
CIT-03029,Fully synthetic citizen; not a real person.
CIT-03030,Fully synthetic citizen; not a real person.
CIT-03031,Fully synthetic citizen; not a real person.
CIT-03032,Fully synthetic citizen; not a real person.
CIT-03033,Fully synthetic citizen; not a real person.
CIT-03034,Fully synthetic citizen; not a real person.
CIT-03035,Fully synthetic citizen; not a real person.
CIT-03036,Fully synthetic citizen; not a real person.
CIT-03037,Fully synthetic citizen; not a real person.
CIT-03038,Fully synthetic citizen; not a real person.
CIT-03039,Fully synthetic citizen; not a real person.
CIT-03040,Fully synthetic citizen; not a real person.
CIT-03041,Fully synthetic citizen; not a real person.
CIT-03042,Fully synthetic citizen; not a real person.
CIT-03043,Fully synthetic citizen; not a real person.
CIT-03044,Fully synthetic citizen; not a real person.
CIT-03045,Fully synthetic citizen; not a real person.
CIT-03046,Fully synthetic citizen; not a real person.
CIT-03047,Fully synthetic citizen; not a real person.
CIT-03048,Fully synthetic citizen; not a real person.
CIT-03049,Fully synthetic citizen; not a real person.
CIT-03050,Fully synthetic citizen; not a real person.
CIT-03051,Fully synthetic citizen; not a real person.
CIT-03052,Fully synthetic citizen; not a real person.
CIT-03053,Fully synthetic citizen; not a real person.
CIT-03054,Fully synthetic citizen; not a real person.
CIT-03055,Fully synthetic citizen; not a real person.
CIT-03056,Fully synthetic citizen; not a real person.
CIT-03057,Fully synthetic citizen; not a real person.
CIT-03058,Fully synthetic citizen; not a real person.
CIT-03059,Fully synthetic citizen; not a real person.
CIT-03060,Fully synthetic citizen; not a real person.
CIT-03061,Fully synthetic citizen; not a real person.
CIT-03062,Fully synthetic citizen; not a real person.
CIT-03063,Fully synthetic citizen; not a real person.
CIT-03064,Fully synthetic citizen; not a real person.
CIT-03065,Fully synthetic citizen; not a real person.
CIT-03066,Fully synthetic citizen; not a real person.
CIT-03067,Fully synthetic citizen; not a real person.
CIT-03068,Fully synthetic citizen; not a real person.
CIT-03069,Fully synthetic citizen; not a real person.
CIT-03070,Fully synthetic citizen; not a real person.
CIT-03071,Fully synthetic citizen; not a real person.
CIT-03072,Fully synthetic citizen; not a real person.
CIT-03073,Fully synthetic citizen; not a real person.
CIT-03074,Fully synthetic citizen; not a real person.
CIT-03075,Fully synthetic citizen; not a real person.
CIT-03076,Fully synthetic citizen; not a real person.
CIT-03077,Fully synthetic citizen; not a real person.
CIT-03078,Fully synthetic citizen; not a real person.
CIT-03079,Fully synthetic citizen; not a real person.
CIT-03080,Fully synthetic citizen; not a real person.
CIT-03081,Fully synthetic citizen; not a real person.
CIT-03082,Fully synthetic citizen; not a real person.
CIT-03083,Fully synthetic citizen; not a real person.
CIT-03084,Fully synthetic citizen; not a real person.
CIT-03085,Fully synthetic citizen; not a real person.
CIT-03086,Fully synthetic citizen; not a real person.
CIT-03087,Fully synthetic citizen; not a real person.
CIT-03088,Fully synthetic citizen; not a real person.
CIT-03089,Fully synthetic citizen; not a real person.
CIT-03090,Fully synthetic citizen; not a real person.
CIT-03091,Fully synthetic citizen; not a real person.
CIT-03092,Fully synthetic citizen; not a real person.
CIT-03093,Fully synthetic citizen; not a real person.
CIT-03094,Fully synthetic citizen; not a real person.
CIT-03095,Fully synthetic citizen; not a real person.
CIT-03096,Fully synthetic citizen; not a real person.
CIT-03097,Fully synthetic citizen; not a real person.
CIT-03098,Fully synthetic citizen; not a real person.
CIT-03099,Fully synthetic citizen; not a real person.
CIT-03100,Fully synthetic citizen; not a real person.
CIT-03101,Fully synthetic citizen; not a real person.
CIT-03102,Fully synthetic citizen; not a real person.
CIT-03103,Fully synthetic citizen; not a real person.
CIT-03104,Fully synthetic citizen; not a real person.
CIT-03105,Fully synthetic citizen; not a real person.
CIT-03106,Fully synthetic citizen; not a real person.
CIT-03107,Fully synthetic citizen; not a real person.
CIT-03108,Fully synthetic citizen; not a real person.
CIT-03109,Fully synthetic citizen; not a real person.
CIT-03110,Fully synthetic citizen; not a real person.
CIT-03111,Fully synthetic citizen; not a real person.
CIT-03112,Fully synthetic citizen; not a real person.
CIT-03113,Fully synthetic citizen; not a real person.
CIT-03114,Fully synthetic citizen; not a real person.
CIT-03115,Fully synthetic citizen; not a real person.
CIT-03116,Fully synthetic citizen; not a real person.
CIT-03117,Fully synthetic citizen; not a real person.
CIT-03118,Fully synthetic citizen; not a real person.
CIT-03119,Fully synthetic citizen; not a real person.
CIT-03120,Fully synthetic citizen; not a real person.
CIT-03121,Fully synthetic citizen; not a real person.
CIT-03122,Fully synthetic citizen; not a real person.
CIT-03123,Fully synthetic citizen; not a real person.
CIT-03124,Fully synthetic citizen; not a real person.
CIT-03125,Fully synthetic citizen; not a real person.
CIT-03126,Fully synthetic citizen; not a real person.
CIT-03127,Fully synthetic citizen; not a real person.
CIT-03128,Fully synthetic citizen; not a real person.
CIT-03129,Fully synthetic citizen; not a real person.
CIT-03130,Fully synthetic citizen; not a real person.
CIT-03131,Fully synthetic citizen; not a real person.
CIT-03132,Fully synthetic citizen; not a real person.
CIT-03133,Fully synthetic citizen; not a real person.
CIT-03134,Fully synthetic citizen; not a real person.
CIT-03135,Fully synthetic citizen; not a real person.
CIT-03136,Fully synthetic citizen; not a real person.
CIT-03137,Fully synthetic citizen; not a real person.
CIT-03138,Fully synthetic citizen; not a real person.
CIT-03139,Fully synthetic citizen; not a real person.
CIT-03140,Fully synthetic citizen; not a real person.
CIT-03141,Fully synthetic citizen; not a real person.
CIT-03142,Fully synthetic citizen; not a real person.
CIT-03143,Fully synthetic citizen; not a real person.
CIT-03144,Fully synthetic citizen; not a real person.
CIT-03145,Fully synthetic citizen; not a real person.
CIT-03146,Fully synthetic citizen; not a real person.
CIT-03147,Fully synthetic citizen; not a real person.
CIT-03148,Fully synthetic citizen; not a real person.
CIT-03149,Fully synthetic citizen; not a real person.
CIT-03150,Fully synthetic citizen; not a real person.
CIT-03151,Fully synthetic citizen; not a real person.
CIT-03152,Fully synthetic citizen; not a real person.
CIT-03153,Fully synthetic citizen; not a real person.
CIT-03154,Fully synthetic citizen; not a real person.
CIT-03155,Fully synthetic citizen; not a real person.
CIT-03156,Fully synthetic citizen; not a real person.
CIT-03157,Fully synthetic citizen; not a real person.
CIT-03158,Fully synthetic citizen; not a real person.
CIT-03159,Fully synthetic citizen; not a real person.
CIT-03160,Fully synthetic citizen; not a real person.
CIT-03161,Fully synthetic citizen; not a real person.
CIT-03162,Fully synthetic citizen; not a real person.
CIT-03163,Fully synthetic citizen; not a real person.
CIT-03164,Fully synthetic citizen; not a real person.
CIT-03165,Fully synthetic citizen; not a real person.
CIT-03166,Fully synthetic citizen; not a real person.
CIT-03167,Fully synthetic citizen; not a real person.
CIT-03168,Fully synthetic citizen; not a real person.
CIT-03169,Fully synthetic citizen; not a real person.
CIT-03170,Fully synthetic citizen; not a real person.
CIT-03171,Fully synthetic citizen; not a real person.
CIT-03172,Fully synthetic citizen; not a real person.
CIT-03173,Fully synthetic citizen; not a real person.
CIT-03174,Fully synthetic citizen; not a real person.
CIT-03175,Fully synthetic citizen; not a real person.
CIT-03176,Fully synthetic citizen; not a real person.
CIT-03177,Fully synthetic citizen; not a real person.
CIT-03178,Fully synthetic citizen; not a real person.
CIT-03179,Fully synthetic citizen; not a real person.
CIT-03180,Fully synthetic citizen; not a real person.
CIT-03181,Fully synthetic citizen; not a real person.
CIT-03182,Fully synthetic citizen; not a real person.
CIT-03183,Fully synthetic citizen; not a real person.
CIT-03184,Fully synthetic citizen; not a real person.
CIT-03185,Fully synthetic citizen; not a real person.
CIT-03186,Fully synthetic citizen; not a real person.
CIT-03187,Fully synthetic citizen; not a real person.
CIT-03188,Fully synthetic citizen; not a real person.
CIT-03189,Fully synthetic citizen; not a real person.
CIT-03190,Fully synthetic citizen; not a real person.
CIT-03191,Fully synthetic citizen; not a real person.
CIT-03192,Fully synthetic citizen; not a real person.
CIT-03193,Fully synthetic citizen; not a real person.
CIT-03194,Fully synthetic citizen; not a real person.
CIT-03195,Fully synthetic citizen; not a real person.
CIT-03196,Fully synthetic citizen; not a real person.
CIT-03197,Fully synthetic citizen; not a real person.
CIT-03198,Fully synthetic citizen; not a real person.
CIT-03199,Fully synthetic citizen; not a real person.
CIT-03200,Fully synthetic citizen; not a real person.
CIT-03201,Fully synthetic citizen; not a real person.
CIT-03202,Fully synthetic citizen; not a real person.
CIT-03203,Fully synthetic citizen; not a real person.
CIT-03204,Fully synthetic citizen; not a real person.
CIT-03205,Fully synthetic citizen; not a real person.
CIT-03206,Fully synthetic citizen; not a real person.
CIT-03207,Fully synthetic citizen; not a real person.
CIT-03208,Fully synthetic citizen; not a real person.
CIT-03209,Fully synthetic citizen; not a real person.
CIT-03210,Fully synthetic citizen; not a real person.
CIT-03211,Fully synthetic citizen; not a real person.
CIT-03212,Fully synthetic citizen; not a real person.
CIT-03213,Fully synthetic citizen; not a real person.
CIT-03214,Fully synthetic citizen; not a real person.
CIT-03215,Fully synthetic citizen; not a real person.
CIT-03216,Fully synthetic citizen; not a real person.
CIT-03217,Fully synthetic citizen; not a real person.
CIT-03218,Fully synthetic citizen; not a real person.
CIT-03219,Fully synthetic citizen; not a real person.
CIT-03220,Fully synthetic citizen; not a real person.
CIT-03221,Fully synthetic citizen; not a real person.
CIT-03222,Fully synthetic citizen; not a real person.
CIT-03223,Fully synthetic citizen; not a real person.
CIT-03224,Fully synthetic citizen; not a real person.
CIT-03225,Fully synthetic citizen; not a real person.
CIT-03226,Fully synthetic citizen; not a real person.
CIT-03227,Fully synthetic citizen; not a real person.
CIT-03228,Fully synthetic citizen; not a real person.
CIT-03229,Fully synthetic citizen; not a real person.
CIT-03230,Fully synthetic citizen; not a real person.
CIT-03231,Fully synthetic citizen; not a real person.
CIT-03232,Fully synthetic citizen; not a real person.
CIT-03233,Fully synthetic citizen; not a real person.
CIT-03234,Fully synthetic citizen; not a real person.
CIT-03235,Fully synthetic citizen; not a real person.
CIT-03236,Fully synthetic citizen; not a real person.
CIT-03237,Fully synthetic citizen; not a real person.
CIT-03238,Fully synthetic citizen; not a real person.
CIT-03239,Fully synthetic citizen; not a real person.
CIT-03240,Fully synthetic citizen; not a real person.
CIT-03241,Fully synthetic citizen; not a real person.
CIT-03242,Fully synthetic citizen; not a real person.
CIT-03243,Fully synthetic citizen; not a real person.
CIT-03244,Fully synthetic citizen; not a real person.
CIT-03245,Fully synthetic citizen; not a real person.
CIT-03246,Fully synthetic citizen; not a real person.
CIT-03247,Fully synthetic citizen; not a real person.
CIT-03248,Fully synthetic citizen; not a real person.
CIT-03249,Fully synthetic citizen; not a real person.
CIT-03250,Fully synthetic citizen; not a real person.
CIT-03251,Fully synthetic citizen; not a real person.
CIT-03252,Fully synthetic citizen; not a real person.
CIT-03253,Fully synthetic citizen; not a real person.
CIT-03254,Fully synthetic citizen; not a real person.
CIT-03255,Fully synthetic citizen; not a real person.
CIT-03256,Fully synthetic citizen; not a real person.
CIT-03257,Fully synthetic citizen; not a real person.
CIT-03258,Fully synthetic citizen; not a real person.
CIT-03259,Fully synthetic citizen; not a real person.
CIT-03260,Fully synthetic citizen; not a real person.
CIT-03261,Fully synthetic citizen; not a real person.
CIT-03262,Fully synthetic citizen; not a real person.
CIT-03263,Fully synthetic citizen; not a real person.
CIT-03264,Fully synthetic citizen; not a real person.
CIT-03265,Fully synthetic citizen; not a real person.
CIT-03266,Fully synthetic citizen; not a real person.
CIT-03267,Fully synthetic citizen; not a real person.
CIT-03268,Fully synthetic citizen; not a real person.
CIT-03269,Fully synthetic citizen; not a real person.
CIT-03270,Fully synthetic citizen; not a real person.
CIT-03271,Fully synthetic citizen; not a real person.
CIT-03272,Fully synthetic citizen; not a real person.
CIT-03273,Fully synthetic citizen; not a real person.
CIT-03274,Fully synthetic citizen; not a real person.
CIT-03275,Fully synthetic citizen; not a real person.
CIT-03276,Fully synthetic citizen; not a real person.
CIT-03277,Fully synthetic citizen; not a real person.
CIT-03278,Fully synthetic citizen; not a real person.
CIT-03279,Fully synthetic citizen; not a real person.
CIT-03280,Fully synthetic citizen; not a real person.
CIT-03281,Fully synthetic citizen; not a real person.
CIT-03282,Fully synthetic citizen; not a real person.
CIT-03283,Fully synthetic citizen; not a real person.
CIT-03284,Fully synthetic citizen; not a real person.
CIT-03285,Fully synthetic citizen; not a real person.
CIT-03286,Fully synthetic citizen; not a real person.
CIT-03287,Fully synthetic citizen; not a real person.
CIT-03288,Fully synthetic citizen; not a real person.
CIT-03289,Fully synthetic citizen; not a real person.
CIT-03290,Fully synthetic citizen; not a real person.
CIT-03291,Fully synthetic citizen; not a real person.
CIT-03292,Fully synthetic citizen; not a real person.
CIT-03293,Fully synthetic citizen; not a real person.
CIT-03294,Fully synthetic citizen; not a real person.
CIT-03295,Fully synthetic citizen; not a real person.
CIT-03296,Fully synthetic citizen; not a real person.
CIT-03297,Fully synthetic citizen; not a real person.
CIT-03298,Fully synthetic citizen; not a real person.
CIT-03299,Fully synthetic citizen; not a real person.
CIT-03300,Fully synthetic citizen; not a real person.
CIT-03301,Fully synthetic citizen; not a real person.
CIT-03302,Fully synthetic citizen; not a real person.
CIT-03303,Fully synthetic citizen; not a real person.
CIT-03304,Fully synthetic citizen; not a real person.
CIT-03305,Fully synthetic citizen; not a real person.
CIT-03306,Fully synthetic citizen; not a real person.
CIT-03307,Fully synthetic citizen; not a real person.
CIT-03308,Fully synthetic citizen; not a real person.
CIT-03309,Fully synthetic citizen; not a real person.
CIT-03310,Fully synthetic citizen; not a real person.
CIT-03311,Fully synthetic citizen; not a real person.
CIT-03312,Fully synthetic citizen; not a real person.
CIT-03313,Fully synthetic citizen; not a real person.
CIT-03314,Fully synthetic citizen; not a real person.
CIT-03315,Fully synthetic citizen; not a real person.
CIT-03316,Fully synthetic citizen; not a real person.
CIT-03317,Fully synthetic citizen; not a real person.
CIT-03318,Fully synthetic citizen; not a real person.
CIT-03319,Fully synthetic citizen; not a real person.
CIT-03320,Fully synthetic citizen; not a real person.
CIT-03321,Fully synthetic citizen; not a real person.
CIT-03322,Fully synthetic citizen; not a real person.
CIT-03323,Fully synthetic citizen; not a real person.
CIT-03324,Fully synthetic citizen; not a real person.
CIT-03325,Fully synthetic citizen; not a real person.
CIT-03326,Fully synthetic citizen; not a real person.
CIT-03327,Fully synthetic citizen; not a real person.
CIT-03328,Fully synthetic citizen; not a real person.
CIT-03329,Fully synthetic citizen; not a real person.
CIT-03330,Fully synthetic citizen; not a real person.
CIT-03331,Fully synthetic citizen; not a real person.
CIT-03332,Fully synthetic citizen; not a real person.
CIT-03333,Fully synthetic citizen; not a real person.
CIT-03334,Fully synthetic citizen; not a real person.
CIT-03335,Fully synthetic citizen; not a real person.
CIT-03336,Fully synthetic citizen; not a real person.
CIT-03337,Fully synthetic citizen; not a real person.
CIT-03338,Fully synthetic citizen; not a real person.
CIT-03339,Fully synthetic citizen; not a real person.
CIT-03340,Fully synthetic citizen; not a real person.
CIT-03341,Fully synthetic citizen; not a real person.
CIT-03342,Fully synthetic citizen; not a real person.
CIT-03343,Fully synthetic citizen; not a real person.
CIT-03344,Fully synthetic citizen; not a real person.
CIT-03345,Fully synthetic citizen; not a real person.
CIT-03346,Fully synthetic citizen; not a real person.
CIT-03347,Fully synthetic citizen; not a real person.
CIT-03348,Fully synthetic citizen; not a real person.
CIT-03349,Fully synthetic citizen; not a real person.
CIT-03350,Fully synthetic citizen; not a real person.
CIT-03351,Fully synthetic citizen; not a real person.
CIT-03352,Fully synthetic citizen; not a real person.
CIT-03353,Fully synthetic citizen; not a real person.
CIT-03354,Fully synthetic citizen; not a real person.
CIT-03355,Fully synthetic citizen; not a real person.
CIT-03356,Fully synthetic citizen; not a real person.
CIT-03357,Fully synthetic citizen; not a real person.
CIT-03358,Fully synthetic citizen; not a real person.
CIT-03359,Fully synthetic citizen; not a real person.
CIT-03360,Fully synthetic citizen; not a real person.
CIT-03361,Fully synthetic citizen; not a real person.
CIT-03362,Fully synthetic citizen; not a real person.
CIT-03363,Fully synthetic citizen; not a real person.
CIT-03364,Fully synthetic citizen; not a real person.
CIT-03365,Fully synthetic citizen; not a real person.
CIT-03366,Fully synthetic citizen; not a real person.
CIT-03367,Fully synthetic citizen; not a real person.
CIT-03368,Fully synthetic citizen; not a real person.
CIT-03369,Fully synthetic citizen; not a real person.
CIT-03370,Fully synthetic citizen; not a real person.
CIT-03371,Fully synthetic citizen; not a real person.
CIT-03372,Fully synthetic citizen; not a real person.
CIT-03373,Fully synthetic citizen; not a real person.
CIT-03374,Fully synthetic citizen; not a real person.
CIT-03375,Fully synthetic citizen; not a real person.
CIT-03376,Fully synthetic citizen; not a real person.
CIT-03377,Fully synthetic citizen; not a real person.
CIT-03378,Fully synthetic citizen; not a real person.
CIT-03379,Fully synthetic citizen; not a real person.
CIT-03380,Fully synthetic citizen; not a real person.
CIT-03381,Fully synthetic citizen; not a real person.
CIT-03382,Fully synthetic citizen; not a real person.
CIT-03383,Fully synthetic citizen; not a real person.
CIT-03384,Fully synthetic citizen; not a real person.
CIT-03385,Fully synthetic citizen; not a real person.
CIT-03386,Fully synthetic citizen; not a real person.
CIT-03387,Fully synthetic citizen; not a real person.
CIT-03388,Fully synthetic citizen; not a real person.
CIT-03389,Fully synthetic citizen; not a real person.
CIT-03390,Fully synthetic citizen; not a real person.
CIT-03391,Fully synthetic citizen; not a real person.
CIT-03392,Fully synthetic citizen; not a real person.
CIT-03393,Fully synthetic citizen; not a real person.
CIT-03394,Fully synthetic citizen; not a real person.
CIT-03395,Fully synthetic citizen; not a real person.
CIT-03396,Fully synthetic citizen; not a real person.
CIT-03397,Fully synthetic citizen; not a real person.
CIT-03398,Fully synthetic citizen; not a real person.
CIT-03399,Fully synthetic citizen; not a real person.
CIT-03400,Fully synthetic citizen; not a real person.
CIT-03401,Fully synthetic citizen; not a real person.
CIT-03402,Fully synthetic citizen; not a real person.
CIT-03403,Fully synthetic citizen; not a real person.
CIT-03404,Fully synthetic citizen; not a real person.
CIT-03405,Fully synthetic citizen; not a real person.
CIT-03406,Fully synthetic citizen; not a real person.
CIT-03407,Fully synthetic citizen; not a real person.
CIT-03408,Fully synthetic citizen; not a real person.
CIT-03409,Fully synthetic citizen; not a real person.
CIT-03410,Fully synthetic citizen; not a real person.
CIT-03411,Fully synthetic citizen; not a real person.
CIT-03412,Fully synthetic citizen; not a real person.
CIT-03413,Fully synthetic citizen; not a real person.
CIT-03414,Fully synthetic citizen; not a real person.
CIT-03415,Fully synthetic citizen; not a real person.
CIT-03416,Fully synthetic citizen; not a real person.
CIT-03417,Fully synthetic citizen; not a real person.
CIT-03418,Fully synthetic citizen; not a real person.
CIT-03419,Fully synthetic citizen; not a real person.
CIT-03420,Fully synthetic citizen; not a real person.
CIT-03421,Fully synthetic citizen; not a real person.
CIT-03422,Fully synthetic citizen; not a real person.
CIT-03423,Fully synthetic citizen; not a real person.
CIT-03424,Fully synthetic citizen; not a real person.
CIT-03425,Fully synthetic citizen; not a real person.
CIT-03426,Fully synthetic citizen; not a real person.
CIT-03427,Fully synthetic citizen; not a real person.
CIT-03428,Fully synthetic citizen; not a real person.
CIT-03429,Fully synthetic citizen; not a real person.
CIT-03430,Fully synthetic citizen; not a real person.
CIT-03431,Fully synthetic citizen; not a real person.
CIT-03432,Fully synthetic citizen; not a real person.
CIT-03433,Fully synthetic citizen; not a real person.
CIT-03434,Fully synthetic citizen; not a real person.
CIT-03435,Fully synthetic citizen; not a real person.
CIT-03436,Fully synthetic citizen; not a real person.
CIT-03437,Fully synthetic citizen; not a real person.
CIT-03438,Fully synthetic citizen; not a real person.
CIT-03439,Fully synthetic citizen; not a real person.
CIT-03440,Fully synthetic citizen; not a real person.
CIT-03441,Fully synthetic citizen; not a real person.
CIT-03442,Fully synthetic citizen; not a real person.
CIT-03443,Fully synthetic citizen; not a real person.
CIT-03444,Fully synthetic citizen; not a real person.
CIT-03445,Fully synthetic citizen; not a real person.
CIT-03446,Fully synthetic citizen; not a real person.
CIT-03447,Fully synthetic citizen; not a real person.
CIT-03448,Fully synthetic citizen; not a real person.
CIT-03449,Fully synthetic citizen; not a real person.
CIT-03450,Fully synthetic citizen; not a real person.
CIT-03451,Fully synthetic citizen; not a real person.
CIT-03452,Fully synthetic citizen; not a real person.
CIT-03453,Fully synthetic citizen; not a real person.
CIT-03454,Fully synthetic citizen; not a real person.
CIT-03455,Fully synthetic citizen; not a real person.
CIT-03456,Fully synthetic citizen; not a real person.
CIT-03457,Fully synthetic citizen; not a real person.
CIT-03458,Fully synthetic citizen; not a real person.
CIT-03459,Fully synthetic citizen; not a real person.
CIT-03460,Fully synthetic citizen; not a real person.
CIT-03461,Fully synthetic citizen; not a real person.
CIT-03462,Fully synthetic citizen; not a real person.
CIT-03463,Fully synthetic citizen; not a real person.
CIT-03464,Fully synthetic citizen; not a real person.
CIT-03465,Fully synthetic citizen; not a real person.
CIT-03466,Fully synthetic citizen; not a real person.
CIT-03467,Fully synthetic citizen; not a real person.
CIT-03468,Fully synthetic citizen; not a real person.
CIT-03469,Fully synthetic citizen; not a real person.
CIT-03470,Fully synthetic citizen; not a real person.
CIT-03471,Fully synthetic citizen; not a real person.
CIT-03472,Fully synthetic citizen; not a real person.
CIT-03473,Fully synthetic citizen; not a real person.
CIT-03474,Fully synthetic citizen; not a real person.
CIT-03475,Fully synthetic citizen; not a real person.
CIT-03476,Fully synthetic citizen; not a real person.
CIT-03477,Fully synthetic citizen; not a real person.
CIT-03478,Fully synthetic citizen; not a real person.
CIT-03479,Fully synthetic citizen; not a real person.
CIT-03480,Fully synthetic citizen; not a real person.
CIT-03481,Fully synthetic citizen; not a real person.
CIT-03482,Fully synthetic citizen; not a real person.
CIT-03483,Fully synthetic citizen; not a real person.
CIT-03484,Fully synthetic citizen; not a real person.
CIT-03485,Fully synthetic citizen; not a real person.
CIT-03486,Fully synthetic citizen; not a real person.
CIT-03487,Fully synthetic citizen; not a real person.
CIT-03488,Fully synthetic citizen; not a real person.
CIT-03489,Fully synthetic citizen; not a real person.
CIT-03490,Fully synthetic citizen; not a real person.
CIT-03491,Fully synthetic citizen; not a real person.
CIT-03492,Fully synthetic citizen; not a real person.
CIT-03493,Fully synthetic citizen; not a real person.
CIT-03494,Fully synthetic citizen; not a real person.
CIT-03495,Fully synthetic citizen; not a real person.
CIT-03496,Fully synthetic citizen; not a real person.
CIT-03497,Fully synthetic citizen; not a real person.
CIT-03498,Fully synthetic citizen; not a real person.
CIT-03499,Fully synthetic citizen; not a real person.
CIT-03500,Fully synthetic citizen; not a real person.
CIT-03501,Fully synthetic citizen; not a real person.
CIT-03502,Fully synthetic citizen; not a real person.
CIT-03503,Fully synthetic citizen; not a real person.
CIT-03504,Fully synthetic citizen; not a real person.
CIT-03505,Fully synthetic citizen; not a real person.
CIT-03506,Fully synthetic citizen; not a real person.
CIT-03507,Fully synthetic citizen; not a real person.
CIT-03508,Fully synthetic citizen; not a real person.
CIT-03509,Fully synthetic citizen; not a real person.
CIT-03510,Fully synthetic citizen; not a real person.
CIT-03511,Fully synthetic citizen; not a real person.
CIT-03512,Fully synthetic citizen; not a real person.
CIT-03513,Fully synthetic citizen; not a real person.
CIT-03514,Fully synthetic citizen; not a real person.
CIT-03515,Fully synthetic citizen; not a real person.
CIT-03516,Fully synthetic citizen; not a real person.
CIT-03517,Fully synthetic citizen; not a real person.
CIT-03518,Fully synthetic citizen; not a real person.
CIT-03519,Fully synthetic citizen; not a real person.
CIT-03520,Fully synthetic citizen; not a real person.
CIT-03521,Fully synthetic citizen; not a real person.
CIT-03522,Fully synthetic citizen; not a real person.
CIT-03523,Fully synthetic citizen; not a real person.
CIT-03524,Fully synthetic citizen; not a real person.
CIT-03525,Fully synthetic citizen; not a real person.
CIT-03526,Fully synthetic citizen; not a real person.
CIT-03527,Fully synthetic citizen; not a real person.
CIT-03528,Fully synthetic citizen; not a real person.
CIT-03529,Fully synthetic citizen; not a real person.
CIT-03530,Fully synthetic citizen; not a real person.
CIT-03531,Fully synthetic citizen; not a real person.
CIT-03532,Fully synthetic citizen; not a real person.
CIT-03533,Fully synthetic citizen; not a real person.
CIT-03534,Fully synthetic citizen; not a real person.
CIT-03535,Fully synthetic citizen; not a real person.
CIT-03536,Fully synthetic citizen; not a real person.
CIT-03537,Fully synthetic citizen; not a real person.
CIT-03538,Fully synthetic citizen; not a real person.
CIT-03539,Fully synthetic citizen; not a real person.
CIT-03540,Fully synthetic citizen; not a real person.
CIT-03541,Fully synthetic citizen; not a real person.
CIT-03542,Fully synthetic citizen; not a real person.
CIT-03543,Fully synthetic citizen; not a real person.
CIT-03544,Fully synthetic citizen; not a real person.
CIT-03545,Fully synthetic citizen; not a real person.
CIT-03546,Fully synthetic citizen; not a real person.
CIT-03547,Fully synthetic citizen; not a real person.
CIT-03548,Fully synthetic citizen; not a real person.
CIT-03549,Fully synthetic citizen; not a real person.
CIT-03550,Fully synthetic citizen; not a real person.
CIT-03551,Fully synthetic citizen; not a real person.
CIT-03552,Fully synthetic citizen; not a real person.
CIT-03553,Fully synthetic citizen; not a real person.
CIT-03554,Fully synthetic citizen; not a real person.
CIT-03555,Fully synthetic citizen; not a real person.
CIT-03556,Fully synthetic citizen; not a real person.
CIT-03557,Fully synthetic citizen; not a real person.
CIT-03558,Fully synthetic citizen; not a real person.
CIT-03559,Fully synthetic citizen; not a real person.
CIT-03560,Fully synthetic citizen; not a real person.
CIT-03561,Fully synthetic citizen; not a real person.
CIT-03562,Fully synthetic citizen; not a real person.
CIT-03563,Fully synthetic citizen; not a real person.
CIT-03564,Fully synthetic citizen; not a real person.
CIT-03565,Fully synthetic citizen; not a real person.
CIT-03566,Fully synthetic citizen; not a real person.
CIT-03567,Fully synthetic citizen; not a real person.
CIT-03568,Fully synthetic citizen; not a real person.
CIT-03569,Fully synthetic citizen; not a real person.
CIT-03570,Fully synthetic citizen; not a real person.
CIT-03571,Fully synthetic citizen; not a real person.
CIT-03572,Fully synthetic citizen; not a real person.
CIT-03573,Fully synthetic citizen; not a real person.
CIT-03574,Fully synthetic citizen; not a real person.
CIT-03575,Fully synthetic citizen; not a real person.
CIT-03576,Fully synthetic citizen; not a real person.
CIT-03577,Fully synthetic citizen; not a real person.
CIT-03578,Fully synthetic citizen; not a real person.
CIT-03579,Fully synthetic citizen; not a real person.
CIT-03580,Fully synthetic citizen; not a real person.
CIT-03581,Fully synthetic citizen; not a real person.
CIT-03582,Fully synthetic citizen; not a real person.
CIT-03583,Fully synthetic citizen; not a real person.
CIT-03584,Fully synthetic citizen; not a real person.
CIT-03585,Fully synthetic citizen; not a real person.
CIT-03586,Fully synthetic citizen; not a real person.
CIT-03587,Fully synthetic citizen; not a real person.
CIT-03588,Fully synthetic citizen; not a real person.
CIT-03589,Fully synthetic citizen; not a real person.
CIT-03590,Fully synthetic citizen; not a real person.
CIT-03591,Fully synthetic citizen; not a real person.
CIT-03592,Fully synthetic citizen; not a real person.
CIT-03593,Fully synthetic citizen; not a real person.
CIT-03594,Fully synthetic citizen; not a real person.
CIT-03595,Fully synthetic citizen; not a real person.
CIT-03596,Fully synthetic citizen; not a real person.
CIT-03597,Fully synthetic citizen; not a real person.
CIT-03598,Fully synthetic citizen; not a real person.
CIT-03599,Fully synthetic citizen; not a real person.
CIT-03600,Fully synthetic citizen; not a real person.
CIT-03601,Fully synthetic citizen; not a real person.
CIT-03602,Fully synthetic citizen; not a real person.
CIT-03603,Fully synthetic citizen; not a real person.
CIT-03604,Fully synthetic citizen; not a real person.
CIT-03605,Fully synthetic citizen; not a real person.
CIT-03606,Fully synthetic citizen; not a real person.
CIT-03607,Fully synthetic citizen; not a real person.
CIT-03608,Fully synthetic citizen; not a real person.
CIT-03609,Fully synthetic citizen; not a real person.
CIT-03610,Fully synthetic citizen; not a real person.
CIT-03611,Fully synthetic citizen; not a real person.
CIT-03612,Fully synthetic citizen; not a real person.
CIT-03613,Fully synthetic citizen; not a real person.
CIT-03614,Fully synthetic citizen; not a real person.
CIT-03615,Fully synthetic citizen; not a real person.
CIT-03616,Fully synthetic citizen; not a real person.
CIT-03617,Fully synthetic citizen; not a real person.
CIT-03618,Fully synthetic citizen; not a real person.
CIT-03619,Fully synthetic citizen; not a real person.
CIT-03620,Fully synthetic citizen; not a real person.
CIT-03621,Fully synthetic citizen; not a real person.
CIT-03622,Fully synthetic citizen; not a real person.
CIT-03623,Fully synthetic citizen; not a real person.
CIT-03624,Fully synthetic citizen; not a real person.
CIT-03625,Fully synthetic citizen; not a real person.
CIT-03626,Fully synthetic citizen; not a real person.
CIT-03627,Fully synthetic citizen; not a real person.
CIT-03628,Fully synthetic citizen; not a real person.
CIT-03629,Fully synthetic citizen; not a real person.
CIT-03630,Fully synthetic citizen; not a real person.
CIT-03631,Fully synthetic citizen; not a real person.
CIT-03632,Fully synthetic citizen; not a real person.
CIT-03633,Fully synthetic citizen; not a real person.
CIT-03634,Fully synthetic citizen; not a real person.
CIT-03635,Fully synthetic citizen; not a real person.
CIT-03636,Fully synthetic citizen; not a real person.
CIT-03637,Fully synthetic citizen; not a real person.
CIT-03638,Fully synthetic citizen; not a real person.
CIT-03639,Fully synthetic citizen; not a real person.
CIT-03640,Fully synthetic citizen; not a real person.
CIT-03641,Fully synthetic citizen; not a real person.
CIT-03642,Fully synthetic citizen; not a real person.
CIT-03643,Fully synthetic citizen; not a real person.
CIT-03644,Fully synthetic citizen; not a real person.
CIT-03645,Fully synthetic citizen; not a real person.
CIT-03646,Fully synthetic citizen; not a real person.
CIT-03647,Fully synthetic citizen; not a real person.
CIT-03648,Fully synthetic citizen; not a real person.
CIT-03649,Fully synthetic citizen; not a real person.
CIT-03650,Fully synthetic citizen; not a real person.
CIT-03651,Fully synthetic citizen; not a real person.
CIT-03652,Fully synthetic citizen; not a real person.
CIT-03653,Fully synthetic citizen; not a real person.
CIT-03654,Fully synthetic citizen; not a real person.
CIT-03655,Fully synthetic citizen; not a real person.
CIT-03656,Fully synthetic citizen; not a real person.
CIT-03657,Fully synthetic citizen; not a real person.
CIT-03658,Fully synthetic citizen; not a real person.
CIT-03659,Fully synthetic citizen; not a real person.
CIT-03660,Fully synthetic citizen; not a real person.
CIT-03661,Fully synthetic citizen; not a real person.
CIT-03662,Fully synthetic citizen; not a real person.
CIT-03663,Fully synthetic citizen; not a real person.
CIT-03664,Fully synthetic citizen; not a real person.
CIT-03665,Fully synthetic citizen; not a real person.
CIT-03666,Fully synthetic citizen; not a real person.
CIT-03667,Fully synthetic citizen; not a real person.
CIT-03668,Fully synthetic citizen; not a real person.
CIT-03669,Fully synthetic citizen; not a real person.
CIT-03670,Fully synthetic citizen; not a real person.
CIT-03671,Fully synthetic citizen; not a real person.
CIT-03672,Fully synthetic citizen; not a real person.
CIT-03673,Fully synthetic citizen; not a real person.
CIT-03674,Fully synthetic citizen; not a real person.
CIT-03675,Fully synthetic citizen; not a real person.
CIT-03676,Fully synthetic citizen; not a real person.
CIT-03677,Fully synthetic citizen; not a real person.
CIT-03678,Fully synthetic citizen; not a real person.
CIT-03679,Fully synthetic citizen; not a real person.
CIT-03680,Fully synthetic citizen; not a real person.
CIT-03681,Fully synthetic citizen; not a real person.
CIT-03682,Fully synthetic citizen; not a real person.
CIT-03683,Fully synthetic citizen; not a real person.
CIT-03684,Fully synthetic citizen; not a real person.
CIT-03685,Fully synthetic citizen; not a real person.
CIT-03686,Fully synthetic citizen; not a real person.
CIT-03687,Fully synthetic citizen; not a real person.
CIT-03688,Fully synthetic citizen; not a real person.
CIT-03689,Fully synthetic citizen; not a real person.
CIT-03690,Fully synthetic citizen; not a real person.
CIT-03691,Fully synthetic citizen; not a real person.
CIT-03692,Fully synthetic citizen; not a real person.
CIT-03693,Fully synthetic citizen; not a real person.
CIT-03694,Fully synthetic citizen; not a real person.
CIT-03695,Fully synthetic citizen; not a real person.
CIT-03696,Fully synthetic citizen; not a real person.
CIT-03697,Fully synthetic citizen; not a real person.
CIT-03698,Fully synthetic citizen; not a real person.
CIT-03699,Fully synthetic citizen; not a real person.
CIT-03700,Fully synthetic citizen; not a real person.
CIT-03701,Fully synthetic citizen; not a real person.
CIT-03702,Fully synthetic citizen; not a real person.
CIT-03703,Fully synthetic citizen; not a real person.
CIT-03704,Fully synthetic citizen; not a real person.
CIT-03705,Fully synthetic citizen; not a real person.
CIT-03706,Fully synthetic citizen; not a real person.
CIT-03707,Fully synthetic citizen; not a real person.
CIT-03708,Fully synthetic citizen; not a real person.
CIT-03709,Fully synthetic citizen; not a real person.
CIT-03710,Fully synthetic citizen; not a real person.
CIT-03711,Fully synthetic citizen; not a real person.
CIT-03712,Fully synthetic citizen; not a real person.
CIT-03713,Fully synthetic citizen; not a real person.
CIT-03714,Fully synthetic citizen; not a real person.
CIT-03715,Fully synthetic citizen; not a real person.
CIT-03716,Fully synthetic citizen; not a real person.
CIT-03717,Fully synthetic citizen; not a real person.
CIT-03718,Fully synthetic citizen; not a real person.
CIT-03719,Fully synthetic citizen; not a real person.
CIT-03720,Fully synthetic citizen; not a real person.
CIT-03721,Fully synthetic citizen; not a real person.
CIT-03722,Fully synthetic citizen; not a real person.
CIT-03723,Fully synthetic citizen; not a real person.
CIT-03724,Fully synthetic citizen; not a real person.
CIT-03725,Fully synthetic citizen; not a real person.
CIT-03726,Fully synthetic citizen; not a real person.
CIT-03727,Fully synthetic citizen; not a real person.
CIT-03728,Fully synthetic citizen; not a real person.
CIT-03729,Fully synthetic citizen; not a real person.
CIT-03730,Fully synthetic citizen; not a real person.
CIT-03731,Fully synthetic citizen; not a real person.
CIT-03732,Fully synthetic citizen; not a real person.
CIT-03733,Fully synthetic citizen; not a real person.
CIT-03734,Fully synthetic citizen; not a real person.
CIT-03735,Fully synthetic citizen; not a real person.
CIT-03736,Fully synthetic citizen; not a real person.
CIT-03737,Fully synthetic citizen; not a real person.
CIT-03738,Fully synthetic citizen; not a real person.
CIT-03739,Fully synthetic citizen; not a real person.
CIT-03740,Fully synthetic citizen; not a real person.
CIT-03741,Fully synthetic citizen; not a real person.
CIT-03742,Fully synthetic citizen; not a real person.
CIT-03743,Fully synthetic citizen; not a real person.
CIT-03744,Fully synthetic citizen; not a real person.
CIT-03745,Fully synthetic citizen; not a real person.
CIT-03746,Fully synthetic citizen; not a real person.
CIT-03747,Fully synthetic citizen; not a real person.
CIT-03748,Fully synthetic citizen; not a real person.
CIT-03749,Fully synthetic citizen; not a real person.
CIT-03750,Fully synthetic citizen; not a real person.
CIT-03751,Fully synthetic citizen; not a real person.
CIT-03752,Fully synthetic citizen; not a real person.
CIT-03753,Fully synthetic citizen; not a real person.
CIT-03754,Fully synthetic citizen; not a real person.
CIT-03755,Fully synthetic citizen; not a real person.
CIT-03756,Fully synthetic citizen; not a real person.
CIT-03757,Fully synthetic citizen; not a real person.
CIT-03758,Fully synthetic citizen; not a real person.
CIT-03759,Fully synthetic citizen; not a real person.
CIT-03760,Fully synthetic citizen; not a real person.
CIT-03761,Fully synthetic citizen; not a real person.
CIT-03762,Fully synthetic citizen; not a real person.
CIT-03763,Fully synthetic citizen; not a real person.
CIT-03764,Fully synthetic citizen; not a real person.
CIT-03765,Fully synthetic citizen; not a real person.
CIT-03766,Fully synthetic citizen; not a real person.
CIT-03767,Fully synthetic citizen; not a real person.
CIT-03768,Fully synthetic citizen; not a real person.
CIT-03769,Fully synthetic citizen; not a real person.
CIT-03770,Fully synthetic citizen; not a real person.
CIT-03771,Fully synthetic citizen; not a real person.
CIT-03772,Fully synthetic citizen; not a real person.
CIT-03773,Fully synthetic citizen; not a real person.
CIT-03774,Fully synthetic citizen; not a real person.
CIT-03775,Fully synthetic citizen; not a real person.
CIT-03776,Fully synthetic citizen; not a real person.
CIT-03777,Fully synthetic citizen; not a real person.
CIT-03778,Fully synthetic citizen; not a real person.
CIT-03779,Fully synthetic citizen; not a real person.
CIT-03780,Fully synthetic citizen; not a real person.
CIT-03781,Fully synthetic citizen; not a real person.
CIT-03782,Fully synthetic citizen; not a real person.
CIT-03783,Fully synthetic citizen; not a real person.
CIT-03784,Fully synthetic citizen; not a real person.
CIT-03785,Fully synthetic citizen; not a real person.
CIT-03786,Fully synthetic citizen; not a real person.
CIT-03787,Fully synthetic citizen; not a real person.
CIT-03788,Fully synthetic citizen; not a real person.
CIT-03789,Fully synthetic citizen; not a real person.
CIT-03790,Fully synthetic citizen; not a real person.
CIT-03791,Fully synthetic citizen; not a real person.
CIT-03792,Fully synthetic citizen; not a real person.
CIT-03793,Fully synthetic citizen; not a real person.
CIT-03794,Fully synthetic citizen; not a real person.
CIT-03795,Fully synthetic citizen; not a real person.
CIT-03796,Fully synthetic citizen; not a real person.
CIT-03797,Fully synthetic citizen; not a real person.
CIT-03798,Fully synthetic citizen; not a real person.
CIT-03799,Fully synthetic citizen; not a real person.
CIT-03800,Fully synthetic citizen; not a real person.
CIT-03801,Fully synthetic citizen; not a real person.
CIT-03802,Fully synthetic citizen; not a real person.
CIT-03803,Fully synthetic citizen; not a real person.
CIT-03804,Fully synthetic citizen; not a real person.
CIT-03805,Fully synthetic citizen; not a real person.
CIT-03806,Fully synthetic citizen; not a real person.
CIT-03807,Fully synthetic citizen; not a real person.
CIT-03808,Fully synthetic citizen; not a real person.
CIT-03809,Fully synthetic citizen; not a real person.
CIT-03810,Fully synthetic citizen; not a real person.
CIT-03811,Fully synthetic citizen; not a real person.
CIT-03812,Fully synthetic citizen; not a real person.
CIT-03813,Fully synthetic citizen; not a real person.
CIT-03814,Fully synthetic citizen; not a real person.
CIT-03815,Fully synthetic citizen; not a real person.
CIT-03816,Fully synthetic citizen; not a real person.
CIT-03817,Fully synthetic citizen; not a real person.
CIT-03818,Fully synthetic citizen; not a real person.
CIT-03819,Fully synthetic citizen; not a real person.
CIT-03820,Fully synthetic citizen; not a real person.
CIT-03821,Fully synthetic citizen; not a real person.
CIT-03822,Fully synthetic citizen; not a real person.
CIT-03823,Fully synthetic citizen; not a real person.
CIT-03824,Fully synthetic citizen; not a real person.
CIT-03825,Fully synthetic citizen; not a real person.
CIT-03826,Fully synthetic citizen; not a real person.
CIT-03827,Fully synthetic citizen; not a real person.
CIT-03828,Fully synthetic citizen; not a real person.
CIT-03829,Fully synthetic citizen; not a real person.
CIT-03830,Fully synthetic citizen; not a real person.
CIT-03831,Fully synthetic citizen; not a real person.
CIT-03832,Fully synthetic citizen; not a real person.
CIT-03833,Fully synthetic citizen; not a real person.
CIT-03834,Fully synthetic citizen; not a real person.
CIT-03835,Fully synthetic citizen; not a real person.
CIT-03836,Fully synthetic citizen; not a real person.
CIT-03837,Fully synthetic citizen; not a real person.
CIT-03838,Fully synthetic citizen; not a real person.
CIT-03839,Fully synthetic citizen; not a real person.
CIT-03840,Fully synthetic citizen; not a real person.
CIT-03841,Fully synthetic citizen; not a real person.
CIT-03842,Fully synthetic citizen; not a real person.
CIT-03843,Fully synthetic citizen; not a real person.
CIT-03844,Fully synthetic citizen; not a real person.
CIT-03845,Fully synthetic citizen; not a real person.
CIT-03846,Fully synthetic citizen; not a real person.
CIT-03847,Fully synthetic citizen; not a real person.
CIT-03848,Fully synthetic citizen; not a real person.
CIT-03849,Fully synthetic citizen; not a real person.
CIT-03850,Fully synthetic citizen; not a real person.
CIT-03851,Fully synthetic citizen; not a real person.
CIT-03852,Fully synthetic citizen; not a real person.
CIT-03853,Fully synthetic citizen; not a real person.
CIT-03854,Fully synthetic citizen; not a real person.
CIT-03855,Fully synthetic citizen; not a real person.
CIT-03856,Fully synthetic citizen; not a real person.
CIT-03857,Fully synthetic citizen; not a real person.
CIT-03858,Fully synthetic citizen; not a real person.
CIT-03859,Fully synthetic citizen; not a real person.
CIT-03860,Fully synthetic citizen; not a real person.
CIT-03861,Fully synthetic citizen; not a real person.
CIT-03862,Fully synthetic citizen; not a real person.
CIT-03863,Fully synthetic citizen; not a real person.
CIT-03864,Fully synthetic citizen; not a real person.
CIT-03865,Fully synthetic citizen; not a real person.
CIT-03866,Fully synthetic citizen; not a real person.
CIT-03867,Fully synthetic citizen; not a real person.
CIT-03868,Fully synthetic citizen; not a real person.
CIT-03869,Fully synthetic citizen; not a real person.
CIT-03870,Fully synthetic citizen; not a real person.
CIT-03871,Fully synthetic citizen; not a real person.
CIT-03872,Fully synthetic citizen; not a real person.
CIT-03873,Fully synthetic citizen; not a real person.
CIT-03874,Fully synthetic citizen; not a real person.
CIT-03875,Fully synthetic citizen; not a real person.
CIT-03876,Fully synthetic citizen; not a real person.
CIT-03877,Fully synthetic citizen; not a real person.
CIT-03878,Fully synthetic citizen; not a real person.
CIT-03879,Fully synthetic citizen; not a real person.
CIT-03880,Fully synthetic citizen; not a real person.
CIT-03881,Fully synthetic citizen; not a real person.
CIT-03882,Fully synthetic citizen; not a real person.
CIT-03883,Fully synthetic citizen; not a real person.
CIT-03884,Fully synthetic citizen; not a real person.
CIT-03885,Fully synthetic citizen; not a real person.
CIT-03886,Fully synthetic citizen; not a real person.
CIT-03887,Fully synthetic citizen; not a real person.
CIT-03888,Fully synthetic citizen; not a real person.
CIT-03889,Fully synthetic citizen; not a real person.
CIT-03890,Fully synthetic citizen; not a real person.
CIT-03891,Fully synthetic citizen; not a real person.
CIT-03892,Fully synthetic citizen; not a real person.
CIT-03893,Fully synthetic citizen; not a real person.
CIT-03894,Fully synthetic citizen; not a real person.
CIT-03895,Fully synthetic citizen; not a real person.
CIT-03896,Fully synthetic citizen; not a real person.
CIT-03897,Fully synthetic citizen; not a real person.
CIT-03898,Fully synthetic citizen; not a real person.
CIT-03899,Fully synthetic citizen; not a real person.
CIT-03900,Fully synthetic citizen; not a real person.
CIT-03901,Fully synthetic citizen; not a real person.
CIT-03902,Fully synthetic citizen; not a real person.
CIT-03903,Fully synthetic citizen; not a real person.
CIT-03904,Fully synthetic citizen; not a real person.
CIT-03905,Fully synthetic citizen; not a real person.
CIT-03906,Fully synthetic citizen; not a real person.
CIT-03907,Fully synthetic citizen; not a real person.
CIT-03908,Fully synthetic citizen; not a real person.
CIT-03909,Fully synthetic citizen; not a real person.
CIT-03910,Fully synthetic citizen; not a real person.
CIT-03911,Fully synthetic citizen; not a real person.
CIT-03912,Fully synthetic citizen; not a real person.
CIT-03913,Fully synthetic citizen; not a real person.
CIT-03914,Fully synthetic citizen; not a real person.
CIT-03915,Fully synthetic citizen; not a real person.
CIT-03916,Fully synthetic citizen; not a real person.
CIT-03917,Fully synthetic citizen; not a real person.
CIT-03918,Fully synthetic citizen; not a real person.
CIT-03919,Fully synthetic citizen; not a real person.
CIT-03920,Fully synthetic citizen; not a real person.
CIT-03921,Fully synthetic citizen; not a real person.
CIT-03922,Fully synthetic citizen; not a real person.
CIT-03923,Fully synthetic citizen; not a real person.
CIT-03924,Fully synthetic citizen; not a real person.
CIT-03925,Fully synthetic citizen; not a real person.
CIT-03926,Fully synthetic citizen; not a real person.
CIT-03927,Fully synthetic citizen; not a real person.
CIT-03928,Fully synthetic citizen; not a real person.
CIT-03929,Fully synthetic citizen; not a real person.
CIT-03930,Fully synthetic citizen; not a real person.
CIT-03931,Fully synthetic citizen; not a real person.
CIT-03932,Fully synthetic citizen; not a real person.
CIT-03933,Fully synthetic citizen; not a real person.
CIT-03934,Fully synthetic citizen; not a real person.
CIT-03935,Fully synthetic citizen; not a real person.
CIT-03936,Fully synthetic citizen; not a real person.
CIT-03937,Fully synthetic citizen; not a real person.
CIT-03938,Fully synthetic citizen; not a real person.
CIT-03939,Fully synthetic citizen; not a real person.
CIT-03940,Fully synthetic citizen; not a real person.
CIT-03941,Fully synthetic citizen; not a real person.
CIT-03942,Fully synthetic citizen; not a real person.
CIT-03943,Fully synthetic citizen; not a real person.
CIT-03944,Fully synthetic citizen; not a real person.
CIT-03945,Fully synthetic citizen; not a real person.
CIT-03946,Fully synthetic citizen; not a real person.
CIT-03947,Fully synthetic citizen; not a real person.
CIT-03948,Fully synthetic citizen; not a real person.
CIT-03949,Fully synthetic citizen; not a real person.
CIT-03950,Fully synthetic citizen; not a real person.
CIT-03951,Fully synthetic citizen; not a real person.
CIT-03952,Fully synthetic citizen; not a real person.
CIT-03953,Fully synthetic citizen; not a real person.
CIT-03954,Fully synthetic citizen; not a real person.
CIT-03955,Fully synthetic citizen; not a real person.
CIT-03956,Fully synthetic citizen; not a real person.
CIT-03957,Fully synthetic citizen; not a real person.
CIT-03958,Fully synthetic citizen; not a real person.
CIT-03959,Fully synthetic citizen; not a real person.
CIT-03960,Fully synthetic citizen; not a real person.
CIT-03961,Fully synthetic citizen; not a real person.
CIT-03962,Fully synthetic citizen; not a real person.
CIT-03963,Fully synthetic citizen; not a real person.
CIT-03964,Fully synthetic citizen; not a real person.
CIT-03965,Fully synthetic citizen; not a real person.
CIT-03966,Fully synthetic citizen; not a real person.
CIT-03967,Fully synthetic citizen; not a real person.
CIT-03968,Fully synthetic citizen; not a real person.
CIT-03969,Fully synthetic citizen; not a real person.
CIT-03970,Fully synthetic citizen; not a real person.
CIT-03971,Fully synthetic citizen; not a real person.
CIT-03972,Fully synthetic citizen; not a real person.
CIT-03973,Fully synthetic citizen; not a real person.
CIT-03974,Fully synthetic citizen; not a real person.
CIT-03975,Fully synthetic citizen; not a real person.
CIT-03976,Fully synthetic citizen; not a real person.
CIT-03977,Fully synthetic citizen; not a real person.
CIT-03978,Fully synthetic citizen; not a real person.
CIT-03979,Fully synthetic citizen; not a real person.
CIT-03980,Fully synthetic citizen; not a real person.
CIT-03981,Fully synthetic citizen; not a real person.
CIT-03982,Fully synthetic citizen; not a real person.
CIT-03983,Fully synthetic citizen; not a real person.
CIT-03984,Fully synthetic citizen; not a real person.
CIT-03985,Fully synthetic citizen; not a real person.
CIT-03986,Fully synthetic citizen; not a real person.
CIT-03987,Fully synthetic citizen; not a real person.
CIT-03988,Fully synthetic citizen; not a real person.
CIT-03989,Fully synthetic citizen; not a real person.
CIT-03990,Fully synthetic citizen; not a real person.
CIT-03991,Fully synthetic citizen; not a real person.
CIT-03992,Fully synthetic citizen; not a real person.
CIT-03993,Fully synthetic citizen; not a real person.
CIT-03994,Fully synthetic citizen; not a real person.
CIT-03995,Fully synthetic citizen; not a real person.
CIT-03996,Fully synthetic citizen; not a real person.
CIT-03997,Fully synthetic citizen; not a real person.
CIT-03998,Fully synthetic citizen; not a real person.
CIT-03999,Fully synthetic citizen; not a real person.
CIT-04000,Fully synthetic citizen; not a real person.
CIT-04001,Fully synthetic citizen; not a real person.
CIT-04002,Fully synthetic citizen; not a real person.
CIT-04003,Fully synthetic citizen; not a real person.
CIT-04004,Fully synthetic citizen; not a real person.
CIT-04005,Fully synthetic citizen; not a real person.
CIT-04006,Fully synthetic citizen; not a real person.
CIT-04007,Fully synthetic citizen; not a real person.
CIT-04008,Fully synthetic citizen; not a real person.
CIT-04009,Fully synthetic citizen; not a real person.
CIT-04010,Fully synthetic citizen; not a real person.
CIT-04011,Fully synthetic citizen; not a real person.
CIT-04012,Fully synthetic citizen; not a real person.
CIT-04013,Fully synthetic citizen; not a real person.
CIT-04014,Fully synthetic citizen; not a real person.
CIT-04015,Fully synthetic citizen; not a real person.
CIT-04016,Fully synthetic citizen; not a real person.
CIT-04017,Fully synthetic citizen; not a real person.
CIT-04018,Fully synthetic citizen; not a real person.
CIT-04019,Fully synthetic citizen; not a real person.
CIT-04020,Fully synthetic citizen; not a real person.
CIT-04021,Fully synthetic citizen; not a real person.
CIT-04022,Fully synthetic citizen; not a real person.
CIT-04023,Fully synthetic citizen; not a real person.
CIT-04024,Fully synthetic citizen; not a real person.
CIT-04025,Fully synthetic citizen; not a real person.
CIT-04026,Fully synthetic citizen; not a real person.
CIT-04027,Fully synthetic citizen; not a real person.
CIT-04028,Fully synthetic citizen; not a real person.
CIT-04029,Fully synthetic citizen; not a real person.
CIT-04030,Fully synthetic citizen; not a real person.
CIT-04031,Fully synthetic citizen; not a real person.
CIT-04032,Fully synthetic citizen; not a real person.
CIT-04033,Fully synthetic citizen; not a real person.
CIT-04034,Fully synthetic citizen; not a real person.
CIT-04035,Fully synthetic citizen; not a real person.
CIT-04036,Fully synthetic citizen; not a real person.
CIT-04037,Fully synthetic citizen; not a real person.
CIT-04038,Fully synthetic citizen; not a real person.
CIT-04039,Fully synthetic citizen; not a real person.
CIT-04040,Fully synthetic citizen; not a real person.
CIT-04041,Fully synthetic citizen; not a real person.
CIT-04042,Fully synthetic citizen; not a real person.
CIT-04043,Fully synthetic citizen; not a real person.
CIT-04044,Fully synthetic citizen; not a real person.
CIT-04045,Fully synthetic citizen; not a real person.
CIT-04046,Fully synthetic citizen; not a real person.
CIT-04047,Fully synthetic citizen; not a real person.
CIT-04048,Fully synthetic citizen; not a real person.
CIT-04049,Fully synthetic citizen; not a real person.
CIT-04050,Fully synthetic citizen; not a real person.
CIT-04051,Fully synthetic citizen; not a real person.
CIT-04052,Fully synthetic citizen; not a real person.
CIT-04053,Fully synthetic citizen; not a real person.
CIT-04054,Fully synthetic citizen; not a real person.
CIT-04055,Fully synthetic citizen; not a real person.
CIT-04056,Fully synthetic citizen; not a real person.
CIT-04057,Fully synthetic citizen; not a real person.
CIT-04058,Fully synthetic citizen; not a real person.
CIT-04059,Fully synthetic citizen; not a real person.
CIT-04060,Fully synthetic citizen; not a real person.
CIT-04061,Fully synthetic citizen; not a real person.
CIT-04062,Fully synthetic citizen; not a real person.
CIT-04063,Fully synthetic citizen; not a real person.
CIT-04064,Fully synthetic citizen; not a real person.
CIT-04065,Fully synthetic citizen; not a real person.
CIT-04066,Fully synthetic citizen; not a real person.
CIT-04067,Fully synthetic citizen; not a real person.
CIT-04068,Fully synthetic citizen; not a real person.
CIT-04069,Fully synthetic citizen; not a real person.
CIT-04070,Fully synthetic citizen; not a real person.
CIT-04071,Fully synthetic citizen; not a real person.
CIT-04072,Fully synthetic citizen; not a real person.
CIT-04073,Fully synthetic citizen; not a real person.
CIT-04074,Fully synthetic citizen; not a real person.
CIT-04075,Fully synthetic citizen; not a real person.
CIT-04076,Fully synthetic citizen; not a real person.
CIT-04077,Fully synthetic citizen; not a real person.
CIT-04078,Fully synthetic citizen; not a real person.
CIT-04079,Fully synthetic citizen; not a real person.
CIT-04080,Fully synthetic citizen; not a real person.
CIT-04081,Fully synthetic citizen; not a real person.
CIT-04082,Fully synthetic citizen; not a real person.
CIT-04083,Fully synthetic citizen; not a real person.
CIT-04084,Fully synthetic citizen; not a real person.
CIT-04085,Fully synthetic citizen; not a real person.
CIT-04086,Fully synthetic citizen; not a real person.
CIT-04087,Fully synthetic citizen; not a real person.
CIT-04088,Fully synthetic citizen; not a real person.
CIT-04089,Fully synthetic citizen; not a real person.
CIT-04090,Fully synthetic citizen; not a real person.
CIT-04091,Fully synthetic citizen; not a real person.
CIT-04092,Fully synthetic citizen; not a real person.
CIT-04093,Fully synthetic citizen; not a real person.
CIT-04094,Fully synthetic citizen; not a real person.
CIT-04095,Fully synthetic citizen; not a real person.
CIT-04096,Fully synthetic citizen; not a real person.
CIT-04097,Fully synthetic citizen; not a real person.
CIT-04098,Fully synthetic citizen; not a real person.
CIT-04099,Fully synthetic citizen; not a real person.
CIT-04100,Fully synthetic citizen; not a real person.
CIT-04101,Fully synthetic citizen; not a real person.
CIT-04102,Fully synthetic citizen; not a real person.
CIT-04103,Fully synthetic citizen; not a real person.
CIT-04104,Fully synthetic citizen; not a real person.
CIT-04105,Fully synthetic citizen; not a real person.
CIT-04106,Fully synthetic citizen; not a real person.
CIT-04107,Fully synthetic citizen; not a real person.
CIT-04108,Fully synthetic citizen; not a real person.
CIT-04109,Fully synthetic citizen; not a real person.
CIT-04110,Fully synthetic citizen; not a real person.
CIT-04111,Fully synthetic citizen; not a real person.
CIT-04112,Fully synthetic citizen; not a real person.
CIT-04113,Fully synthetic citizen; not a real person.
CIT-04114,Fully synthetic citizen; not a real person.
CIT-04115,Fully synthetic citizen; not a real person.
CIT-04116,Fully synthetic citizen; not a real person.
CIT-04117,Fully synthetic citizen; not a real person.
CIT-04118,Fully synthetic citizen; not a real person.
CIT-04119,Fully synthetic citizen; not a real person.
CIT-04120,Fully synthetic citizen; not a real person.
CIT-04121,Fully synthetic citizen; not a real person.
CIT-04122,Fully synthetic citizen; not a real person.
CIT-04123,Fully synthetic citizen; not a real person.
CIT-04124,Fully synthetic citizen; not a real person.
CIT-04125,Fully synthetic citizen; not a real person.
CIT-04126,Fully synthetic citizen; not a real person.
CIT-04127,Fully synthetic citizen; not a real person.
CIT-04128,Fully synthetic citizen; not a real person.
CIT-04129,Fully synthetic citizen; not a real person.
CIT-04130,Fully synthetic citizen; not a real person.
CIT-04131,Fully synthetic citizen; not a real person.
CIT-04132,Fully synthetic citizen; not a real person.
CIT-04133,Fully synthetic citizen; not a real person.
CIT-04134,Fully synthetic citizen; not a real person.
CIT-04135,Fully synthetic citizen; not a real person.
CIT-04136,Fully synthetic citizen; not a real person.
CIT-04137,Fully synthetic citizen; not a real person.
CIT-04138,Fully synthetic citizen; not a real person.
CIT-04139,Fully synthetic citizen; not a real person.
CIT-04140,Fully synthetic citizen; not a real person.
CIT-04141,Fully synthetic citizen; not a real person.
CIT-04142,Fully synthetic citizen; not a real person.
CIT-04143,Fully synthetic citizen; not a real person.
CIT-04144,Fully synthetic citizen; not a real person.
CIT-04145,Fully synthetic citizen; not a real person.
CIT-04146,Fully synthetic citizen; not a real person.
CIT-04147,Fully synthetic citizen; not a real person.
CIT-04148,Fully synthetic citizen; not a real person.
CIT-04149,Fully synthetic citizen; not a real person.
CIT-04150,Fully synthetic citizen; not a real person.
CIT-04151,Fully synthetic citizen; not a real person.
CIT-04152,Fully synthetic citizen; not a real person.
CIT-04153,Fully synthetic citizen; not a real person.
CIT-04154,Fully synthetic citizen; not a real person.
CIT-04155,Fully synthetic citizen; not a real person.
CIT-04156,Fully synthetic citizen; not a real person.
CIT-04157,Fully synthetic citizen; not a real person.
CIT-04158,Fully synthetic citizen; not a real person.
CIT-04159,Fully synthetic citizen; not a real person.
CIT-04160,Fully synthetic citizen; not a real person.
CIT-04161,Fully synthetic citizen; not a real person.
CIT-04162,Fully synthetic citizen; not a real person.
CIT-04163,Fully synthetic citizen; not a real person.
CIT-04164,Fully synthetic citizen; not a real person.
CIT-04165,Fully synthetic citizen; not a real person.
CIT-04166,Fully synthetic citizen; not a real person.
CIT-04167,Fully synthetic citizen; not a real person.
CIT-04168,Fully synthetic citizen; not a real person.
CIT-04169,Fully synthetic citizen; not a real person.
CIT-04170,Fully synthetic citizen; not a real person.
CIT-04171,Fully synthetic citizen; not a real person.
CIT-04172,Fully synthetic citizen; not a real person.
CIT-04173,Fully synthetic citizen; not a real person.
CIT-04174,Fully synthetic citizen; not a real person.
CIT-04175,Fully synthetic citizen; not a real person.
CIT-04176,Fully synthetic citizen; not a real person.
CIT-04177,Fully synthetic citizen; not a real person.
CIT-04178,Fully synthetic citizen; not a real person.
CIT-04179,Fully synthetic citizen; not a real person.
CIT-04180,Fully synthetic citizen; not a real person.
CIT-04181,Fully synthetic citizen; not a real person.
CIT-04182,Fully synthetic citizen; not a real person.
CIT-04183,Fully synthetic citizen; not a real person.
CIT-04184,Fully synthetic citizen; not a real person.
CIT-04185,Fully synthetic citizen; not a real person.
CIT-04186,Fully synthetic citizen; not a real person.
CIT-04187,Fully synthetic citizen; not a real person.
CIT-04188,Fully synthetic citizen; not a real person.
CIT-04189,Fully synthetic citizen; not a real person.
CIT-04190,Fully synthetic citizen; not a real person.
CIT-04191,Fully synthetic citizen; not a real person.
CIT-04192,Fully synthetic citizen; not a real person.
CIT-04193,Fully synthetic citizen; not a real person.
CIT-04194,Fully synthetic citizen; not a real person.
CIT-04195,Fully synthetic citizen; not a real person.
CIT-04196,Fully synthetic citizen; not a real person.
CIT-04197,Fully synthetic citizen; not a real person.
CIT-04198,Fully synthetic citizen; not a real person.
CIT-04199,Fully synthetic citizen; not a real person.
CIT-04200,Fully synthetic citizen; not a real person.
CIT-04201,Fully synthetic citizen; not a real person.
CIT-04202,Fully synthetic citizen; not a real person.
CIT-04203,Fully synthetic citizen; not a real person.
CIT-04204,Fully synthetic citizen; not a real person.
CIT-04205,Fully synthetic citizen; not a real person.
CIT-04206,Fully synthetic citizen; not a real person.
CIT-04207,Fully synthetic citizen; not a real person.
CIT-04208,Fully synthetic citizen; not a real person.
CIT-04209,Fully synthetic citizen; not a real person.
CIT-04210,Fully synthetic citizen; not a real person.
CIT-04211,Fully synthetic citizen; not a real person.
CIT-04212,Fully synthetic citizen; not a real person.
CIT-04213,Fully synthetic citizen; not a real person.
CIT-04214,Fully synthetic citizen; not a real person.
CIT-04215,Fully synthetic citizen; not a real person.
CIT-04216,Fully synthetic citizen; not a real person.
CIT-04217,Fully synthetic citizen; not a real person.
CIT-04218,Fully synthetic citizen; not a real person.
CIT-04219,Fully synthetic citizen; not a real person.
CIT-04220,Fully synthetic citizen; not a real person.
CIT-04221,Fully synthetic citizen; not a real person.
CIT-04222,Fully synthetic citizen; not a real person.
CIT-04223,Fully synthetic citizen; not a real person.
CIT-04224,Fully synthetic citizen; not a real person.
CIT-04225,Fully synthetic citizen; not a real person.
CIT-04226,Fully synthetic citizen; not a real person.
CIT-04227,Fully synthetic citizen; not a real person.
CIT-04228,Fully synthetic citizen; not a real person.
CIT-04229,Fully synthetic citizen; not a real person.
CIT-04230,Fully synthetic citizen; not a real person.
CIT-04231,Fully synthetic citizen; not a real person.
CIT-04232,Fully synthetic citizen; not a real person.
CIT-04233,Fully synthetic citizen; not a real person.
CIT-04234,Fully synthetic citizen; not a real person.
CIT-04235,Fully synthetic citizen; not a real person.
CIT-04236,Fully synthetic citizen; not a real person.
CIT-04237,Fully synthetic citizen; not a real person.
CIT-04238,Fully synthetic citizen; not a real person.
CIT-04239,Fully synthetic citizen; not a real person.
CIT-04240,Fully synthetic citizen; not a real person.
CIT-04241,Fully synthetic citizen; not a real person.
CIT-04242,Fully synthetic citizen; not a real person.
CIT-04243,Fully synthetic citizen; not a real person.
CIT-04244,Fully synthetic citizen; not a real person.
CIT-04245,Fully synthetic citizen; not a real person.
CIT-04246,Fully synthetic citizen; not a real person.
CIT-04247,Fully synthetic citizen; not a real person.
CIT-04248,Fully synthetic citizen; not a real person.
CIT-04249,Fully synthetic citizen; not a real person.
CIT-04250,Fully synthetic citizen; not a real person.
CIT-04251,Fully synthetic citizen; not a real person.
CIT-04252,Fully synthetic citizen; not a real person.
CIT-04253,Fully synthetic citizen; not a real person.
CIT-04254,Fully synthetic citizen; not a real person.
CIT-04255,Fully synthetic citizen; not a real person.
CIT-04256,Fully synthetic citizen; not a real person.
CIT-04257,Fully synthetic citizen; not a real person.
CIT-04258,Fully synthetic citizen; not a real person.
CIT-04259,Fully synthetic citizen; not a real person.
CIT-04260,Fully synthetic citizen; not a real person.
CIT-04261,Fully synthetic citizen; not a real person.
CIT-04262,Fully synthetic citizen; not a real person.
CIT-04263,Fully synthetic citizen; not a real person.
CIT-04264,Fully synthetic citizen; not a real person.
CIT-04265,Fully synthetic citizen; not a real person.
CIT-04266,Fully synthetic citizen; not a real person.
CIT-04267,Fully synthetic citizen; not a real person.
CIT-04268,Fully synthetic citizen; not a real person.
CIT-04269,Fully synthetic citizen; not a real person.
CIT-04270,Fully synthetic citizen; not a real person.
CIT-04271,Fully synthetic citizen; not a real person.
CIT-04272,Fully synthetic citizen; not a real person.
CIT-04273,Fully synthetic citizen; not a real person.
CIT-04274,Fully synthetic citizen; not a real person.
CIT-04275,Fully synthetic citizen; not a real person.
CIT-04276,Fully synthetic citizen; not a real person.
CIT-04277,Fully synthetic citizen; not a real person.
CIT-04278,Fully synthetic citizen; not a real person.
CIT-04279,Fully synthetic citizen; not a real person.
CIT-04280,Fully synthetic citizen; not a real person.
CIT-04281,Fully synthetic citizen; not a real person.
CIT-04282,Fully synthetic citizen; not a real person.
CIT-04283,Fully synthetic citizen; not a real person.
CIT-04284,Fully synthetic citizen; not a real person.
CIT-04285,Fully synthetic citizen; not a real person.
CIT-04286,Fully synthetic citizen; not a real person.
CIT-04287,Fully synthetic citizen; not a real person.
CIT-04288,Fully synthetic citizen; not a real person.
CIT-04289,Fully synthetic citizen; not a real person.
CIT-04290,Fully synthetic citizen; not a real person.
CIT-04291,Fully synthetic citizen; not a real person.
CIT-04292,Fully synthetic citizen; not a real person.
CIT-04293,Fully synthetic citizen; not a real person.
CIT-04294,Fully synthetic citizen; not a real person.
CIT-04295,Fully synthetic citizen; not a real person.
CIT-04296,Fully synthetic citizen; not a real person.
CIT-04297,Fully synthetic citizen; not a real person.
CIT-04298,Fully synthetic citizen; not a real person.
CIT-04299,Fully synthetic citizen; not a real person.
CIT-04300,Fully synthetic citizen; not a real person.
CIT-04301,Fully synthetic citizen; not a real person.
CIT-04302,Fully synthetic citizen; not a real person.
CIT-04303,Fully synthetic citizen; not a real person.
CIT-04304,Fully synthetic citizen; not a real person.
CIT-04305,Fully synthetic citizen; not a real person.
CIT-04306,Fully synthetic citizen; not a real person.
CIT-04307,Fully synthetic citizen; not a real person.
CIT-04308,Fully synthetic citizen; not a real person.
CIT-04309,Fully synthetic citizen; not a real person.
CIT-04310,Fully synthetic citizen; not a real person.
CIT-04311,Fully synthetic citizen; not a real person.
CIT-04312,Fully synthetic citizen; not a real person.
CIT-04313,Fully synthetic citizen; not a real person.
CIT-04314,Fully synthetic citizen; not a real person.
CIT-04315,Fully synthetic citizen; not a real person.
CIT-04316,Fully synthetic citizen; not a real person.
CIT-04317,Fully synthetic citizen; not a real person.
CIT-04318,Fully synthetic citizen; not a real person.
CIT-04319,Fully synthetic citizen; not a real person.
CIT-04320,Fully synthetic citizen; not a real person.
CIT-04321,Fully synthetic citizen; not a real person.
CIT-04322,Fully synthetic citizen; not a real person.
CIT-04323,Fully synthetic citizen; not a real person.
CIT-04324,Fully synthetic citizen; not a real person.
CIT-04325,Fully synthetic citizen; not a real person.
CIT-04326,Fully synthetic citizen; not a real person.
CIT-04327,Fully synthetic citizen; not a real person.
CIT-04328,Fully synthetic citizen; not a real person.
CIT-04329,Fully synthetic citizen; not a real person.
CIT-04330,Fully synthetic citizen; not a real person.
CIT-04331,Fully synthetic citizen; not a real person.
CIT-04332,Fully synthetic citizen; not a real person.
CIT-04333,Fully synthetic citizen; not a real person.
CIT-04334,Fully synthetic citizen; not a real person.
CIT-04335,Fully synthetic citizen; not a real person.
CIT-04336,Fully synthetic citizen; not a real person.
CIT-04337,Fully synthetic citizen; not a real person.
CIT-04338,Fully synthetic citizen; not a real person.
CIT-04339,Fully synthetic citizen; not a real person.
CIT-04340,Fully synthetic citizen; not a real person.
CIT-04341,Fully synthetic citizen; not a real person.
CIT-04342,Fully synthetic citizen; not a real person.
CIT-04343,Fully synthetic citizen; not a real person.
CIT-04344,Fully synthetic citizen; not a real person.
CIT-04345,Fully synthetic citizen; not a real person.
CIT-04346,Fully synthetic citizen; not a real person.
CIT-04347,Fully synthetic citizen; not a real person.
CIT-04348,Fully synthetic citizen; not a real person.
CIT-04349,Fully synthetic citizen; not a real person.
CIT-04350,Fully synthetic citizen; not a real person.
CIT-04351,Fully synthetic citizen; not a real person.
CIT-04352,Fully synthetic citizen; not a real person.
CIT-04353,Fully synthetic citizen; not a real person.
CIT-04354,Fully synthetic citizen; not a real person.
CIT-04355,Fully synthetic citizen; not a real person.
CIT-04356,Fully synthetic citizen; not a real person.
CIT-04357,Fully synthetic citizen; not a real person.
CIT-04358,Fully synthetic citizen; not a real person.
CIT-04359,Fully synthetic citizen; not a real person.
CIT-04360,Fully synthetic citizen; not a real person.
CIT-04361,Fully synthetic citizen; not a real person.
CIT-04362,Fully synthetic citizen; not a real person.
CIT-04363,Fully synthetic citizen; not a real person.
CIT-04364,Fully synthetic citizen; not a real person.
CIT-04365,Fully synthetic citizen; not a real person.
CIT-04366,Fully synthetic citizen; not a real person.
CIT-04367,Fully synthetic citizen; not a real person.
CIT-04368,Fully synthetic citizen; not a real person.
CIT-04369,Fully synthetic citizen; not a real person.
CIT-04370,Fully synthetic citizen; not a real person.
CIT-04371,Fully synthetic citizen; not a real person.
CIT-04372,Fully synthetic citizen; not a real person.
CIT-04373,Fully synthetic citizen; not a real person.
CIT-04374,Fully synthetic citizen; not a real person.
CIT-04375,Fully synthetic citizen; not a real person.
CIT-04376,Fully synthetic citizen; not a real person.
CIT-04377,Fully synthetic citizen; not a real person.
CIT-04378,Fully synthetic citizen; not a real person.
CIT-04379,Fully synthetic citizen; not a real person.
CIT-04380,Fully synthetic citizen; not a real person.
CIT-04381,Fully synthetic citizen; not a real person.
CIT-04382,Fully synthetic citizen; not a real person.
CIT-04383,Fully synthetic citizen; not a real person.
CIT-04384,Fully synthetic citizen; not a real person.
CIT-04385,Fully synthetic citizen; not a real person.
CIT-04386,Fully synthetic citizen; not a real person.
CIT-04387,Fully synthetic citizen; not a real person.
CIT-04388,Fully synthetic citizen; not a real person.
CIT-04389,Fully synthetic citizen; not a real person.
CIT-04390,Fully synthetic citizen; not a real person.
CIT-04391,Fully synthetic citizen; not a real person.
CIT-04392,Fully synthetic citizen; not a real person.
CIT-04393,Fully synthetic citizen; not a real person.
CIT-04394,Fully synthetic citizen; not a real person.
CIT-04395,Fully synthetic citizen; not a real person.
CIT-04396,Fully synthetic citizen; not a real person.
CIT-04397,Fully synthetic citizen; not a real person.
CIT-04398,Fully synthetic citizen; not a real person.
CIT-04399,Fully synthetic citizen; not a real person.
CIT-04400,Fully synthetic citizen; not a real person.
CIT-04401,Fully synthetic citizen; not a real person.
CIT-04402,Fully synthetic citizen; not a real person.
CIT-04403,Fully synthetic citizen; not a real person.
CIT-04404,Fully synthetic citizen; not a real person.
CIT-04405,Fully synthetic citizen; not a real person.
CIT-04406,Fully synthetic citizen; not a real person.
CIT-04407,Fully synthetic citizen; not a real person.
CIT-04408,Fully synthetic citizen; not a real person.
CIT-04409,Fully synthetic citizen; not a real person.
CIT-04410,Fully synthetic citizen; not a real person.
CIT-04411,Fully synthetic citizen; not a real person.
CIT-04412,Fully synthetic citizen; not a real person.
CIT-04413,Fully synthetic citizen; not a real person.
CIT-04414,Fully synthetic citizen; not a real person.
CIT-04415,Fully synthetic citizen; not a real person.
CIT-04416,Fully synthetic citizen; not a real person.
CIT-04417,Fully synthetic citizen; not a real person.
CIT-04418,Fully synthetic citizen; not a real person.
CIT-04419,Fully synthetic citizen; not a real person.
CIT-04420,Fully synthetic citizen; not a real person.
CIT-04421,Fully synthetic citizen; not a real person.
CIT-04422,Fully synthetic citizen; not a real person.
CIT-04423,Fully synthetic citizen; not a real person.
CIT-04424,Fully synthetic citizen; not a real person.
CIT-04425,Fully synthetic citizen; not a real person.
CIT-04426,Fully synthetic citizen; not a real person.
CIT-04427,Fully synthetic citizen; not a real person.
CIT-04428,Fully synthetic citizen; not a real person.
CIT-04429,Fully synthetic citizen; not a real person.
CIT-04430,Fully synthetic citizen; not a real person.
CIT-04431,Fully synthetic citizen; not a real person.
CIT-04432,Fully synthetic citizen; not a real person.
CIT-04433,Fully synthetic citizen; not a real person.
CIT-04434,Fully synthetic citizen; not a real person.
CIT-04435,Fully synthetic citizen; not a real person.
CIT-04436,Fully synthetic citizen; not a real person.
CIT-04437,Fully synthetic citizen; not a real person.
CIT-04438,Fully synthetic citizen; not a real person.
CIT-04439,Fully synthetic citizen; not a real person.
CIT-04440,Fully synthetic citizen; not a real person.
CIT-04441,Fully synthetic citizen; not a real person.
CIT-04442,Fully synthetic citizen; not a real person.
CIT-04443,Fully synthetic citizen; not a real person.
CIT-04444,Fully synthetic citizen; not a real person.
CIT-04445,Fully synthetic citizen; not a real person.
CIT-04446,Fully synthetic citizen; not a real person.
CIT-04447,Fully synthetic citizen; not a real person.
CIT-04448,Fully synthetic citizen; not a real person.
CIT-04449,Fully synthetic citizen; not a real person.
CIT-04450,Fully synthetic citizen; not a real person.
CIT-04451,Fully synthetic citizen; not a real person.
CIT-04452,Fully synthetic citizen; not a real person.
CIT-04453,Fully synthetic citizen; not a real person.
CIT-04454,Fully synthetic citizen; not a real person.
CIT-04455,Fully synthetic citizen; not a real person.
CIT-04456,Fully synthetic citizen; not a real person.
CIT-04457,Fully synthetic citizen; not a real person.
CIT-04458,Fully synthetic citizen; not a real person.
CIT-04459,Fully synthetic citizen; not a real person.
CIT-04460,Fully synthetic citizen; not a real person.
CIT-04461,Fully synthetic citizen; not a real person.
CIT-04462,Fully synthetic citizen; not a real person.
CIT-04463,Fully synthetic citizen; not a real person.
CIT-04464,Fully synthetic citizen; not a real person.
CIT-04465,Fully synthetic citizen; not a real person.
CIT-04466,Fully synthetic citizen; not a real person.
CIT-04467,Fully synthetic citizen; not a real person.
CIT-04468,Fully synthetic citizen; not a real person.
CIT-04469,Fully synthetic citizen; not a real person.
CIT-04470,Fully synthetic citizen; not a real person.
CIT-04471,Fully synthetic citizen; not a real person.
CIT-04472,Fully synthetic citizen; not a real person.
CIT-04473,Fully synthetic citizen; not a real person.
CIT-04474,Fully synthetic citizen; not a real person.
CIT-04475,Fully synthetic citizen; not a real person.
CIT-04476,Fully synthetic citizen; not a real person.
CIT-04477,Fully synthetic citizen; not a real person.
CIT-04478,Fully synthetic citizen; not a real person.
CIT-04479,Fully synthetic citizen; not a real person.
CIT-04480,Fully synthetic citizen; not a real person.
CIT-04481,Fully synthetic citizen; not a real person.
CIT-04482,Fully synthetic citizen; not a real person.
CIT-04483,Fully synthetic citizen; not a real person.
CIT-04484,Fully synthetic citizen; not a real person.
CIT-04485,Fully synthetic citizen; not a real person.
CIT-04486,Fully synthetic citizen; not a real person.
CIT-04487,Fully synthetic citizen; not a real person.
CIT-04488,Fully synthetic citizen; not a real person.
CIT-04489,Fully synthetic citizen; not a real person.
CIT-04490,Fully synthetic citizen; not a real person.
CIT-04491,Fully synthetic citizen; not a real person.
CIT-04492,Fully synthetic citizen; not a real person.
CIT-04493,Fully synthetic citizen; not a real person.
CIT-04494,Fully synthetic citizen; not a real person.
CIT-04495,Fully synthetic citizen; not a real person.
CIT-04496,Fully synthetic citizen; not a real person.
CIT-04497,Fully synthetic citizen; not a real person.
CIT-04498,Fully synthetic citizen; not a real person.
CIT-04499,Fully synthetic citizen; not a real person.
CIT-04500,Fully synthetic citizen; not a real person.
CIT-04501,Fully synthetic citizen; not a real person.
CIT-04502,Fully synthetic citizen; not a real person.
CIT-04503,Fully synthetic citizen; not a real person.
CIT-04504,Fully synthetic citizen; not a real person.
CIT-04505,Fully synthetic citizen; not a real person.
CIT-04506,Fully synthetic citizen; not a real person.
CIT-04507,Fully synthetic citizen; not a real person.
CIT-04508,Fully synthetic citizen; not a real person.
CIT-04509,Fully synthetic citizen; not a real person.
CIT-04510,Fully synthetic citizen; not a real person.
CIT-04511,Fully synthetic citizen; not a real person.
CIT-04512,Fully synthetic citizen; not a real person.
CIT-04513,Fully synthetic citizen; not a real person.
CIT-04514,Fully synthetic citizen; not a real person.
CIT-04515,Fully synthetic citizen; not a real person.
CIT-04516,Fully synthetic citizen; not a real person.
CIT-04517,Fully synthetic citizen; not a real person.
CIT-04518,Fully synthetic citizen; not a real person.
CIT-04519,Fully synthetic citizen; not a real person.
CIT-04520,Fully synthetic citizen; not a real person.
CIT-04521,Fully synthetic citizen; not a real person.
CIT-04522,Fully synthetic citizen; not a real person.
CIT-04523,Fully synthetic citizen; not a real person.
CIT-04524,Fully synthetic citizen; not a real person.
CIT-04525,Fully synthetic citizen; not a real person.
CIT-04526,Fully synthetic citizen; not a real person.
CIT-04527,Fully synthetic citizen; not a real person.
CIT-04528,Fully synthetic citizen; not a real person.
CIT-04529,Fully synthetic citizen; not a real person.
CIT-04530,Fully synthetic citizen; not a real person.
CIT-04531,Fully synthetic citizen; not a real person.
CIT-04532,Fully synthetic citizen; not a real person.
CIT-04533,Fully synthetic citizen; not a real person.
CIT-04534,Fully synthetic citizen; not a real person.
CIT-04535,Fully synthetic citizen; not a real person.
CIT-04536,Fully synthetic citizen; not a real person.
CIT-04537,Fully synthetic citizen; not a real person.
CIT-04538,Fully synthetic citizen; not a real person.
CIT-04539,Fully synthetic citizen; not a real person.
CIT-04540,Fully synthetic citizen; not a real person.
CIT-04541,Fully synthetic citizen; not a real person.
CIT-04542,Fully synthetic citizen; not a real person.
CIT-04543,Fully synthetic citizen; not a real person.
CIT-04544,Fully synthetic citizen; not a real person.
CIT-04545,Fully synthetic citizen; not a real person.
CIT-04546,Fully synthetic citizen; not a real person.
CIT-04547,Fully synthetic citizen; not a real person.
CIT-04548,Fully synthetic citizen; not a real person.
CIT-04549,Fully synthetic citizen; not a real person.
CIT-04550,Fully synthetic citizen; not a real person.
CIT-04551,Fully synthetic citizen; not a real person.
CIT-04552,Fully synthetic citizen; not a real person.
CIT-04553,Fully synthetic citizen; not a real person.
CIT-04554,Fully synthetic citizen; not a real person.
CIT-04555,Fully synthetic citizen; not a real person.
CIT-04556,Fully synthetic citizen; not a real person.
CIT-04557,Fully synthetic citizen; not a real person.
CIT-04558,Fully synthetic citizen; not a real person.
CIT-04559,Fully synthetic citizen; not a real person.
CIT-04560,Fully synthetic citizen; not a real person.
CIT-04561,Fully synthetic citizen; not a real person.
CIT-04562,Fully synthetic citizen; not a real person.
CIT-04563,Fully synthetic citizen; not a real person.
CIT-04564,Fully synthetic citizen; not a real person.
CIT-04565,Fully synthetic citizen; not a real person.
CIT-04566,Fully synthetic citizen; not a real person.
CIT-04567,Fully synthetic citizen; not a real person.
CIT-04568,Fully synthetic citizen; not a real person.
CIT-04569,Fully synthetic citizen; not a real person.
CIT-04570,Fully synthetic citizen; not a real person.
CIT-04571,Fully synthetic citizen; not a real person.
CIT-04572,Fully synthetic citizen; not a real person.
CIT-04573,Fully synthetic citizen; not a real person.
CIT-04574,Fully synthetic citizen; not a real person.
CIT-04575,Fully synthetic citizen; not a real person.
CIT-04576,Fully synthetic citizen; not a real person.
CIT-04577,Fully synthetic citizen; not a real person.
CIT-04578,Fully synthetic citizen; not a real person.
CIT-04579,Fully synthetic citizen; not a real person.
CIT-04580,Fully synthetic citizen; not a real person.
CIT-04581,Fully synthetic citizen; not a real person.
CIT-04582,Fully synthetic citizen; not a real person.
CIT-04583,Fully synthetic citizen; not a real person.
CIT-04584,Fully synthetic citizen; not a real person.
CIT-04585,Fully synthetic citizen; not a real person.
CIT-04586,Fully synthetic citizen; not a real person.
CIT-04587,Fully synthetic citizen; not a real person.
CIT-04588,Fully synthetic citizen; not a real person.
CIT-04589,Fully synthetic citizen; not a real person.
CIT-04590,Fully synthetic citizen; not a real person.
CIT-04591,Fully synthetic citizen; not a real person.
CIT-04592,Fully synthetic citizen; not a real person.
CIT-04593,Fully synthetic citizen; not a real person.
CIT-04594,Fully synthetic citizen; not a real person.
CIT-04595,Fully synthetic citizen; not a real person.
CIT-04596,Fully synthetic citizen; not a real person.
CIT-04597,Fully synthetic citizen; not a real person.
CIT-04598,Fully synthetic citizen; not a real person.
CIT-04599,Fully synthetic citizen; not a real person.
CIT-04600,Fully synthetic citizen; not a real person.
CIT-04601,Fully synthetic citizen; not a real person.
CIT-04602,Fully synthetic citizen; not a real person.
CIT-04603,Fully synthetic citizen; not a real person.
CIT-04604,Fully synthetic citizen; not a real person.
CIT-04605,Fully synthetic citizen; not a real person.
CIT-04606,Fully synthetic citizen; not a real person.
CIT-04607,Fully synthetic citizen; not a real person.
CIT-04608,Fully synthetic citizen; not a real person.
CIT-04609,Fully synthetic citizen; not a real person.
CIT-04610,Fully synthetic citizen; not a real person.
CIT-04611,Fully synthetic citizen; not a real person.
CIT-04612,Fully synthetic citizen; not a real person.
CIT-04613,Fully synthetic citizen; not a real person.
CIT-04614,Fully synthetic citizen; not a real person.
CIT-04615,Fully synthetic citizen; not a real person.
CIT-04616,Fully synthetic citizen; not a real person.
CIT-04617,Fully synthetic citizen; not a real person.
CIT-04618,Fully synthetic citizen; not a real person.
CIT-04619,Fully synthetic citizen; not a real person.
CIT-04620,Fully synthetic citizen; not a real person.
CIT-04621,Fully synthetic citizen; not a real person.
CIT-04622,Fully synthetic citizen; not a real person.
CIT-04623,Fully synthetic citizen; not a real person.
CIT-04624,Fully synthetic citizen; not a real person.
CIT-04625,Fully synthetic citizen; not a real person.
CIT-04626,Fully synthetic citizen; not a real person.
CIT-04627,Fully synthetic citizen; not a real person.
CIT-04628,Fully synthetic citizen; not a real person.
CIT-04629,Fully synthetic citizen; not a real person.
CIT-04630,Fully synthetic citizen; not a real person.
CIT-04631,Fully synthetic citizen; not a real person.
CIT-04632,Fully synthetic citizen; not a real person.
CIT-04633,Fully synthetic citizen; not a real person.
CIT-04634,Fully synthetic citizen; not a real person.
CIT-04635,Fully synthetic citizen; not a real person.
CIT-04636,Fully synthetic citizen; not a real person.
CIT-04637,Fully synthetic citizen; not a real person.
CIT-04638,Fully synthetic citizen; not a real person.
CIT-04639,Fully synthetic citizen; not a real person.
CIT-04640,Fully synthetic citizen; not a real person.
CIT-04641,Fully synthetic citizen; not a real person.
CIT-04642,Fully synthetic citizen; not a real person.
CIT-04643,Fully synthetic citizen; not a real person.
CIT-04644,Fully synthetic citizen; not a real person.
CIT-04645,Fully synthetic citizen; not a real person.
CIT-04646,Fully synthetic citizen; not a real person.
CIT-04647,Fully synthetic citizen; not a real person.
CIT-04648,Fully synthetic citizen; not a real person.
CIT-04649,Fully synthetic citizen; not a real person.
CIT-04650,Fully synthetic citizen; not a real person.
CIT-04651,Fully synthetic citizen; not a real person.
CIT-04652,Fully synthetic citizen; not a real person.
CIT-04653,Fully synthetic citizen; not a real person.
CIT-04654,Fully synthetic citizen; not a real person.
CIT-04655,Fully synthetic citizen; not a real person.
CIT-04656,Fully synthetic citizen; not a real person.
CIT-04657,Fully synthetic citizen; not a real person.
CIT-04658,Fully synthetic citizen; not a real person.
CIT-04659,Fully synthetic citizen; not a real person.
CIT-04660,Fully synthetic citizen; not a real person.
CIT-04661,Fully synthetic citizen; not a real person.
CIT-04662,Fully synthetic citizen; not a real person.
CIT-04663,Fully synthetic citizen; not a real person.
CIT-04664,Fully synthetic citizen; not a real person.
CIT-04665,Fully synthetic citizen; not a real person.
CIT-04666,Fully synthetic citizen; not a real person.
CIT-04667,Fully synthetic citizen; not a real person.
CIT-04668,Fully synthetic citizen; not a real person.
CIT-04669,Fully synthetic citizen; not a real person.
CIT-04670,Fully synthetic citizen; not a real person.
CIT-04671,Fully synthetic citizen; not a real person.
CIT-04672,Fully synthetic citizen; not a real person.
CIT-04673,Fully synthetic citizen; not a real person.
CIT-04674,Fully synthetic citizen; not a real person.
CIT-04675,Fully synthetic citizen; not a real person.
CIT-04676,Fully synthetic citizen; not a real person.
CIT-04677,Fully synthetic citizen; not a real person.
CIT-04678,Fully synthetic citizen; not a real person.
CIT-04679,Fully synthetic citizen; not a real person.
CIT-04680,Fully synthetic citizen; not a real person.
CIT-04681,Fully synthetic citizen; not a real person.
CIT-04682,Fully synthetic citizen; not a real person.
CIT-04683,Fully synthetic citizen; not a real person.
CIT-04684,Fully synthetic citizen; not a real person.
CIT-04685,Fully synthetic citizen; not a real person.
CIT-04686,Fully synthetic citizen; not a real person.
CIT-04687,Fully synthetic citizen; not a real person.
CIT-04688,Fully synthetic citizen; not a real person.
CIT-04689,Fully synthetic citizen; not a real person.
CIT-04690,Fully synthetic citizen; not a real person.
CIT-04691,Fully synthetic citizen; not a real person.
CIT-04692,Fully synthetic citizen; not a real person.
CIT-04693,Fully synthetic citizen; not a real person.
CIT-04694,Fully synthetic citizen; not a real person.
CIT-04695,Fully synthetic citizen; not a real person.
CIT-04696,Fully synthetic citizen; not a real person.
CIT-04697,Fully synthetic citizen; not a real person.
CIT-04698,Fully synthetic citizen; not a real person.
CIT-04699,Fully synthetic citizen; not a real person.
CIT-04700,Fully synthetic citizen; not a real person.
CIT-04701,Fully synthetic citizen; not a real person.
CIT-04702,Fully synthetic citizen; not a real person.
CIT-04703,Fully synthetic citizen; not a real person.
CIT-04704,Fully synthetic citizen; not a real person.
CIT-04705,Fully synthetic citizen; not a real person.
CIT-04706,Fully synthetic citizen; not a real person.
CIT-04707,Fully synthetic citizen; not a real person.
CIT-04708,Fully synthetic citizen; not a real person.
CIT-04709,Fully synthetic citizen; not a real person.
CIT-04710,Fully synthetic citizen; not a real person.
CIT-04711,Fully synthetic citizen; not a real person.
CIT-04712,Fully synthetic citizen; not a real person.
CIT-04713,Fully synthetic citizen; not a real person.
CIT-04714,Fully synthetic citizen; not a real person.
CIT-04715,Fully synthetic citizen; not a real person.
CIT-04716,Fully synthetic citizen; not a real person.
CIT-04717,Fully synthetic citizen; not a real person.
CIT-04718,Fully synthetic citizen; not a real person.
CIT-04719,Fully synthetic citizen; not a real person.
CIT-04720,Fully synthetic citizen; not a real person.
CIT-04721,Fully synthetic citizen; not a real person.
CIT-04722,Fully synthetic citizen; not a real person.
CIT-04723,Fully synthetic citizen; not a real person.
CIT-04724,Fully synthetic citizen; not a real person.
CIT-04725,Fully synthetic citizen; not a real person.
CIT-04726,Fully synthetic citizen; not a real person.
CIT-04727,Fully synthetic citizen; not a real person.
CIT-04728,Fully synthetic citizen; not a real person.
CIT-04729,Fully synthetic citizen; not a real person.
CIT-04730,Fully synthetic citizen; not a real person.
CIT-04731,Fully synthetic citizen; not a real person.
CIT-04732,Fully synthetic citizen; not a real person.
CIT-04733,Fully synthetic citizen; not a real person.
CIT-04734,Fully synthetic citizen; not a real person.
CIT-04735,Fully synthetic citizen; not a real person.
CIT-04736,Fully synthetic citizen; not a real person.
CIT-04737,Fully synthetic citizen; not a real person.
CIT-04738,Fully synthetic citizen; not a real person.
CIT-04739,Fully synthetic citizen; not a real person.
CIT-04740,Fully synthetic citizen; not a real person.
CIT-04741,Fully synthetic citizen; not a real person.
CIT-04742,Fully synthetic citizen; not a real person.
CIT-04743,Fully synthetic citizen; not a real person.
CIT-04744,Fully synthetic citizen; not a real person.
CIT-04745,Fully synthetic citizen; not a real person.
CIT-04746,Fully synthetic citizen; not a real person.
CIT-04747,Fully synthetic citizen; not a real person.
CIT-04748,Fully synthetic citizen; not a real person.
CIT-04749,Fully synthetic citizen; not a real person.
CIT-04750,Fully synthetic citizen; not a real person.
CIT-04751,Fully synthetic citizen; not a real person.
CIT-04752,Fully synthetic citizen; not a real person.
CIT-04753,Fully synthetic citizen; not a real person.
CIT-04754,Fully synthetic citizen; not a real person.
CIT-04755,Fully synthetic citizen; not a real person.
CIT-04756,Fully synthetic citizen; not a real person.
CIT-04757,Fully synthetic citizen; not a real person.
CIT-04758,Fully synthetic citizen; not a real person.
CIT-04759,Fully synthetic citizen; not a real person.
CIT-04760,Fully synthetic citizen; not a real person.
CIT-04761,Fully synthetic citizen; not a real person.
CIT-04762,Fully synthetic citizen; not a real person.
CIT-04763,Fully synthetic citizen; not a real person.
CIT-04764,Fully synthetic citizen; not a real person.
CIT-04765,Fully synthetic citizen; not a real person.
CIT-04766,Fully synthetic citizen; not a real person.
CIT-04767,Fully synthetic citizen; not a real person.
CIT-04768,Fully synthetic citizen; not a real person.
CIT-04769,Fully synthetic citizen; not a real person.
CIT-04770,Fully synthetic citizen; not a real person.
CIT-04771,Fully synthetic citizen; not a real person.
CIT-04772,Fully synthetic citizen; not a real person.
CIT-04773,Fully synthetic citizen; not a real person.
CIT-04774,Fully synthetic citizen; not a real person.
CIT-04775,Fully synthetic citizen; not a real person.
CIT-04776,Fully synthetic citizen; not a real person.
CIT-04777,Fully synthetic citizen; not a real person.
CIT-04778,Fully synthetic citizen; not a real person.
CIT-04779,Fully synthetic citizen; not a real person.
CIT-04780,Fully synthetic citizen; not a real person.
CIT-04781,Fully synthetic citizen; not a real person.
CIT-04782,Fully synthetic citizen; not a real person.
CIT-04783,Fully synthetic citizen; not a real person.
CIT-04784,Fully synthetic citizen; not a real person.
CIT-04785,Fully synthetic citizen; not a real person.
CIT-04786,Fully synthetic citizen; not a real person.
CIT-04787,Fully synthetic citizen; not a real person.
CIT-04788,Fully synthetic citizen; not a real person.
CIT-04789,Fully synthetic citizen; not a real person.
CIT-04790,Fully synthetic citizen; not a real person.
CIT-04791,Fully synthetic citizen; not a real person.
CIT-04792,Fully synthetic citizen; not a real person.
CIT-04793,Fully synthetic citizen; not a real person.
CIT-04794,Fully synthetic citizen; not a real person.
CIT-04795,Fully synthetic citizen; not a real person.
CIT-04796,Fully synthetic citizen; not a real person.
CIT-04797,Fully synthetic citizen; not a real person.
CIT-04798,Fully synthetic citizen; not a real person.
CIT-04799,Fully synthetic citizen; not a real person.
CIT-04800,Fully synthetic citizen; not a real person.
CIT-04801,Fully synthetic citizen; not a real person.
CIT-04802,Fully synthetic citizen; not a real person.
CIT-04803,Fully synthetic citizen; not a real person.
CIT-04804,Fully synthetic citizen; not a real person.
CIT-04805,Fully synthetic citizen; not a real person.
CIT-04806,Fully synthetic citizen; not a real person.
CIT-04807,Fully synthetic citizen; not a real person.
CIT-04808,Fully synthetic citizen; not a real person.
CIT-04809,Fully synthetic citizen; not a real person.
CIT-04810,Fully synthetic citizen; not a real person.
CIT-04811,Fully synthetic citizen; not a real person.
CIT-04812,Fully synthetic citizen; not a real person.
CIT-04813,Fully synthetic citizen; not a real person.
CIT-04814,Fully synthetic citizen; not a real person.
CIT-04815,Fully synthetic citizen; not a real person.
CIT-04816,Fully synthetic citizen; not a real person.
CIT-04817,Fully synthetic citizen; not a real person.
CIT-04818,Fully synthetic citizen; not a real person.
CIT-04819,Fully synthetic citizen; not a real person.
CIT-04820,Fully synthetic citizen; not a real person.
CIT-04821,Fully synthetic citizen; not a real person.
CIT-04822,Fully synthetic citizen; not a real person.
CIT-04823,Fully synthetic citizen; not a real person.
CIT-04824,Fully synthetic citizen; not a real person.
CIT-04825,Fully synthetic citizen; not a real person.
CIT-04826,Fully synthetic citizen; not a real person.
CIT-04827,Fully synthetic citizen; not a real person.
CIT-04828,Fully synthetic citizen; not a real person.
CIT-04829,Fully synthetic citizen; not a real person.
CIT-04830,Fully synthetic citizen; not a real person.
CIT-04831,Fully synthetic citizen; not a real person.
CIT-04832,Fully synthetic citizen; not a real person.
CIT-04833,Fully synthetic citizen; not a real person.
CIT-04834,Fully synthetic citizen; not a real person.
CIT-04835,Fully synthetic citizen; not a real person.
CIT-04836,Fully synthetic citizen; not a real person.
CIT-04837,Fully synthetic citizen; not a real person.
CIT-04838,Fully synthetic citizen; not a real person.
CIT-04839,Fully synthetic citizen; not a real person.
CIT-04840,Fully synthetic citizen; not a real person.
CIT-04841,Fully synthetic citizen; not a real person.
CIT-04842,Fully synthetic citizen; not a real person.
CIT-04843,Fully synthetic citizen; not a real person.
CIT-04844,Fully synthetic citizen; not a real person.
CIT-04845,Fully synthetic citizen; not a real person.
CIT-04846,Fully synthetic citizen; not a real person.
CIT-04847,Fully synthetic citizen; not a real person.
CIT-04848,Fully synthetic citizen; not a real person.
CIT-04849,Fully synthetic citizen; not a real person.
CIT-04850,Fully synthetic citizen; not a real person.
CIT-04851,Fully synthetic citizen; not a real person.
CIT-04852,Fully synthetic citizen; not a real person.
CIT-04853,Fully synthetic citizen; not a real person.
CIT-04854,Fully synthetic citizen; not a real person.
CIT-04855,Fully synthetic citizen; not a real person.
CIT-04856,Fully synthetic citizen; not a real person.
CIT-04857,Fully synthetic citizen; not a real person.
CIT-04858,Fully synthetic citizen; not a real person.
CIT-04859,Fully synthetic citizen; not a real person.
CIT-04860,Fully synthetic citizen; not a real person.
CIT-04861,Fully synthetic citizen; not a real person.
CIT-04862,Fully synthetic citizen; not a real person.
CIT-04863,Fully synthetic citizen; not a real person.
CIT-04864,Fully synthetic citizen; not a real person.
CIT-04865,Fully synthetic citizen; not a real person.
CIT-04866,Fully synthetic citizen; not a real person.
CIT-04867,Fully synthetic citizen; not a real person.
CIT-04868,Fully synthetic citizen; not a real person.
CIT-04869,Fully synthetic citizen; not a real person.
CIT-04870,Fully synthetic citizen; not a real person.
CIT-04871,Fully synthetic citizen; not a real person.
CIT-04872,Fully synthetic citizen; not a real person.
CIT-04873,Fully synthetic citizen; not a real person.
CIT-04874,Fully synthetic citizen; not a real person.
CIT-04875,Fully synthetic citizen; not a real person.
CIT-04876,Fully synthetic citizen; not a real person.
CIT-04877,Fully synthetic citizen; not a real person.
CIT-04878,Fully synthetic citizen; not a real person.
CIT-04879,Fully synthetic citizen; not a real person.
CIT-04880,Fully synthetic citizen; not a real person.
CIT-04881,Fully synthetic citizen; not a real person.
CIT-04882,Fully synthetic citizen; not a real person.
CIT-04883,Fully synthetic citizen; not a real person.
CIT-04884,Fully synthetic citizen; not a real person.
CIT-04885,Fully synthetic citizen; not a real person.
CIT-04886,Fully synthetic citizen; not a real person.
CIT-04887,Fully synthetic citizen; not a real person.
CIT-04888,Fully synthetic citizen; not a real person.
CIT-04889,Fully synthetic citizen; not a real person.
CIT-04890,Fully synthetic citizen; not a real person.
CIT-04891,Fully synthetic citizen; not a real person.
CIT-04892,Fully synthetic citizen; not a real person.
CIT-04893,Fully synthetic citizen; not a real person.
CIT-04894,Fully synthetic citizen; not a real person.
CIT-04895,Fully synthetic citizen; not a real person.
CIT-04896,Fully synthetic citizen; not a real person.
CIT-04897,Fully synthetic citizen; not a real person.
CIT-04898,Fully synthetic citizen; not a real person.
CIT-04899,Fully synthetic citizen; not a real person.
CIT-04900,Fully synthetic citizen; not a real person.
CIT-04901,Fully synthetic citizen; not a real person.
CIT-04902,Fully synthetic citizen; not a real person.
CIT-04903,Fully synthetic citizen; not a real person.
CIT-04904,Fully synthetic citizen; not a real person.
CIT-04905,Fully synthetic citizen; not a real person.
CIT-04906,Fully synthetic citizen; not a real person.
CIT-04907,Fully synthetic citizen; not a real person.
CIT-04908,Fully synthetic citizen; not a real person.
CIT-04909,Fully synthetic citizen; not a real person.
CIT-04910,Fully synthetic citizen; not a real person.
CIT-04911,Fully synthetic citizen; not a real person.
CIT-04912,Fully synthetic citizen; not a real person.
CIT-04913,Fully synthetic citizen; not a real person.
CIT-04914,Fully synthetic citizen; not a real person.
CIT-04915,Fully synthetic citizen; not a real person.
CIT-04916,Fully synthetic citizen; not a real person.
CIT-04917,Fully synthetic citizen; not a real person.
CIT-04918,Fully synthetic citizen; not a real person.
CIT-04919,Fully synthetic citizen; not a real person.
CIT-04920,Fully synthetic citizen; not a real person.
CIT-04921,Fully synthetic citizen; not a real person.
CIT-04922,Fully synthetic citizen; not a real person.
CIT-04923,Fully synthetic citizen; not a real person.
CIT-04924,Fully synthetic citizen; not a real person.
CIT-04925,Fully synthetic citizen; not a real person.
CIT-04926,Fully synthetic citizen; not a real person.
CIT-04927,Fully synthetic citizen; not a real person.
CIT-04928,Fully synthetic citizen; not a real person.
CIT-04929,Fully synthetic citizen; not a real person.
CIT-04930,Fully synthetic citizen; not a real person.
CIT-04931,Fully synthetic citizen; not a real person.
CIT-04932,Fully synthetic citizen; not a real person.
CIT-04933,Fully synthetic citizen; not a real person.
CIT-04934,Fully synthetic citizen; not a real person.
CIT-04935,Fully synthetic citizen; not a real person.
CIT-04936,Fully synthetic citizen; not a real person.
CIT-04937,Fully synthetic citizen; not a real person.
CIT-04938,Fully synthetic citizen; not a real person.
CIT-04939,Fully synthetic citizen; not a real person.
CIT-04940,Fully synthetic citizen; not a real person.
CIT-04941,Fully synthetic citizen; not a real person.
CIT-04942,Fully synthetic citizen; not a real person.
CIT-04943,Fully synthetic citizen; not a real person.
CIT-04944,Fully synthetic citizen; not a real person.
CIT-04945,Fully synthetic citizen; not a real person.
CIT-04946,Fully synthetic citizen; not a real person.
CIT-04947,Fully synthetic citizen; not a real person.
CIT-04948,Fully synthetic citizen; not a real person.
CIT-04949,Fully synthetic citizen; not a real person.
CIT-04950,Fully synthetic citizen; not a real person.
CIT-04951,Fully synthetic citizen; not a real person.
CIT-04952,Fully synthetic citizen; not a real person.
CIT-04953,Fully synthetic citizen; not a real person.
CIT-04954,Fully synthetic citizen; not a real person.
CIT-04955,Fully synthetic citizen; not a real person.
CIT-04956,Fully synthetic citizen; not a real person.
CIT-04957,Fully synthetic citizen; not a real person.
CIT-04958,Fully synthetic citizen; not a real person.
CIT-04959,Fully synthetic citizen; not a real person.
CIT-04960,Fully synthetic citizen; not a real person.
CIT-04961,Fully synthetic citizen; not a real person.
CIT-04962,Fully synthetic citizen; not a real person.
CIT-04963,Fully synthetic citizen; not a real person.
CIT-04964,Fully synthetic citizen; not a real person.
CIT-04965,Fully synthetic citizen; not a real person.
CIT-04966,Fully synthetic citizen; not a real person.
CIT-04967,Fully synthetic citizen; not a real person.
CIT-04968,Fully synthetic citizen; not a real person.
CIT-04969,Fully synthetic citizen; not a real person.
CIT-04970,Fully synthetic citizen; not a real person.
CIT-04971,Fully synthetic citizen; not a real person.
CIT-04972,Fully synthetic citizen; not a real person.
CIT-04973,Fully synthetic citizen; not a real person.
CIT-04974,Fully synthetic citizen; not a real person.
CIT-04975,Fully synthetic citizen; not a real person.
CIT-04976,Fully synthetic citizen; not a real person.
CIT-04977,Fully synthetic citizen; not a real person.
CIT-04978,Fully synthetic citizen; not a real person.
CIT-04979,Fully synthetic citizen; not a real person.
CIT-04980,Fully synthetic citizen; not a real person.
CIT-04981,Fully synthetic citizen; not a real person.
CIT-04982,Fully synthetic citizen; not a real person.
CIT-04983,Fully synthetic citizen; not a real person.
CIT-04984,Fully synthetic citizen; not a real person.
CIT-04985,Fully synthetic citizen; not a real person.
CIT-04986,Fully synthetic citizen; not a real person.
CIT-04987,Fully synthetic citizen; not a real person.
CIT-04988,Fully synthetic citizen; not a real person.
CIT-04989,Fully synthetic citizen; not a real person.
CIT-04990,Fully synthetic citizen; not a real person.
CIT-04991,Fully synthetic citizen; not a real person.
CIT-04992,Fully synthetic citizen; not a real person.
CIT-04993,Fully synthetic citizen; not a real person.
CIT-04994,Fully synthetic citizen; not a real person.
CIT-04995,Fully synthetic citizen; not a real person.
CIT-04996,Fully synthetic citizen; not a real person.
CIT-04997,Fully synthetic citizen; not a real person.
CIT-04998,Fully synthetic citizen; not a real person.
CIT-04999,Fully synthetic citizen; not a real person.
CIT-05000,Fully synthetic citizen; not a real person.
CIT-05001,Fully synthetic citizen; not a real person.
CIT-05002,Fully synthetic citizen; not a real person.
CIT-05003,Fully synthetic citizen; not a real person.
CIT-05004,Fully synthetic citizen; not a real person.
CIT-05005,Fully synthetic citizen; not a real person.
CIT-05006,Fully synthetic citizen; not a real person.
CIT-05007,Fully synthetic citizen; not a real person.
CIT-05008,Fully synthetic citizen; not a real person.
CIT-05009,Fully synthetic citizen; not a real person.
CIT-05010,Fully synthetic citizen; not a real person.
CIT-05011,Fully synthetic citizen; not a real person.
CIT-05012,Fully synthetic citizen; not a real person.
CIT-05013,Fully synthetic citizen; not a real person.
CIT-05014,Fully synthetic citizen; not a real person.
CIT-05015,Fully synthetic citizen; not a real person.
CIT-05016,Fully synthetic citizen; not a real person.
CIT-05017,Fully synthetic citizen; not a real person.
CIT-05018,Fully synthetic citizen; not a real person.
CIT-05019,Fully synthetic citizen; not a real person.
CIT-05020,Fully synthetic citizen; not a real person.
CIT-05021,Fully synthetic citizen; not a real person.
CIT-05022,Fully synthetic citizen; not a real person.
CIT-05023,Fully synthetic citizen; not a real person.
CIT-05024,Fully synthetic citizen; not a real person.
CIT-05025,Fully synthetic citizen; not a real person.
CIT-05026,Fully synthetic citizen; not a real person.
CIT-05027,Fully synthetic citizen; not a real person.
CIT-05028,Fully synthetic citizen; not a real person.
CIT-05029,Fully synthetic citizen; not a real person.
CIT-05030,Fully synthetic citizen; not a real person.
CIT-05031,Fully synthetic citizen; not a real person.
CIT-05032,Fully synthetic citizen; not a real person.
CIT-05033,Fully synthetic citizen; not a real person.
CIT-05034,Fully synthetic citizen; not a real person.
CIT-05035,Fully synthetic citizen; not a real person.
CIT-05036,Fully synthetic citizen; not a real person.
CIT-05037,Fully synthetic citizen; not a real person.
CIT-05038,Fully synthetic citizen; not a real person.
CIT-05039,Fully synthetic citizen; not a real person.
CIT-05040,Fully synthetic citizen; not a real person.
CIT-05041,Fully synthetic citizen; not a real person.
CIT-05042,Fully synthetic citizen; not a real person.
CIT-05043,Fully synthetic citizen; not a real person.
CIT-05044,Fully synthetic citizen; not a real person.
CIT-05045,Fully synthetic citizen; not a real person.
CIT-05046,Fully synthetic citizen; not a real person.
CIT-05047,Fully synthetic citizen; not a real person.
CIT-05048,Fully synthetic citizen; not a real person.
CIT-05049,Fully synthetic citizen; not a real person.
CIT-05050,Fully synthetic citizen; not a real person.
CIT-05051,Fully synthetic citizen; not a real person.
CIT-05052,Fully synthetic citizen; not a real person.
CIT-05053,Fully synthetic citizen; not a real person.
CIT-05054,Fully synthetic citizen; not a real person.
CIT-05055,Fully synthetic citizen; not a real person.
CIT-05056,Fully synthetic citizen; not a real person.
CIT-05057,Fully synthetic citizen; not a real person.
CIT-05058,Fully synthetic citizen; not a real person.
CIT-05059,Fully synthetic citizen; not a real person.
CIT-05060,Fully synthetic citizen; not a real person.
CIT-05061,Fully synthetic citizen; not a real person.
CIT-05062,Fully synthetic citizen; not a real person.
CIT-05063,Fully synthetic citizen; not a real person.
CIT-05064,Fully synthetic citizen; not a real person.
CIT-05065,Fully synthetic citizen; not a real person.
CIT-05066,Fully synthetic citizen; not a real person.
CIT-05067,Fully synthetic citizen; not a real person.
CIT-05068,Fully synthetic citizen; not a real person.
CIT-05069,Fully synthetic citizen; not a real person.
CIT-05070,Fully synthetic citizen; not a real person.
CIT-05071,Fully synthetic citizen; not a real person.
CIT-05072,Fully synthetic citizen; not a real person.
CIT-05073,Fully synthetic citizen; not a real person.
CIT-05074,Fully synthetic citizen; not a real person.
CIT-05075,Fully synthetic citizen; not a real person.
CIT-05076,Fully synthetic citizen; not a real person.
CIT-05077,Fully synthetic citizen; not a real person.
CIT-05078,Fully synthetic citizen; not a real person.
CIT-05079,Fully synthetic citizen; not a real person.
CIT-05080,Fully synthetic citizen; not a real person.
CIT-05081,Fully synthetic citizen; not a real person.
CIT-05082,Fully synthetic citizen; not a real person.
CIT-05083,Fully synthetic citizen; not a real person.
CIT-05084,Fully synthetic citizen; not a real person.
CIT-05085,Fully synthetic citizen; not a real person.
CIT-05086,Fully synthetic citizen; not a real person.
CIT-05087,Fully synthetic citizen; not a real person.
CIT-05088,Fully synthetic citizen; not a real person.
CIT-05089,Fully synthetic citizen; not a real person.
CIT-05090,Fully synthetic citizen; not a real person.
CIT-05091,Fully synthetic citizen; not a real person.
CIT-05092,Fully synthetic citizen; not a real person.
CIT-05093,Fully synthetic citizen; not a real person.
CIT-05094,Fully synthetic citizen; not a real person.
CIT-05095,Fully synthetic citizen; not a real person.
CIT-05096,Fully synthetic citizen; not a real person.
CIT-05097,Fully synthetic citizen; not a real person.
CIT-05098,Fully synthetic citizen; not a real person.
CIT-05099,Fully synthetic citizen; not a real person.
CIT-05100,Fully synthetic citizen; not a real person.
CIT-05101,Fully synthetic citizen; not a real person.
CIT-05102,Fully synthetic citizen; not a real person.
CIT-05103,Fully synthetic citizen; not a real person.
CIT-05104,Fully synthetic citizen; not a real person.
CIT-05105,Fully synthetic citizen; not a real person.
CIT-05106,Fully synthetic citizen; not a real person.
CIT-05107,Fully synthetic citizen; not a real person.
CIT-05108,Fully synthetic citizen; not a real person.
CIT-05109,Fully synthetic citizen; not a real person.
CIT-05110,Fully synthetic citizen; not a real person.
CIT-05111,Fully synthetic citizen; not a real person.
CIT-05112,Fully synthetic citizen; not a real person.
CIT-05113,Fully synthetic citizen; not a real person.
CIT-05114,Fully synthetic citizen; not a real person.
CIT-05115,Fully synthetic citizen; not a real person.
CIT-05116,Fully synthetic citizen; not a real person.
CIT-05117,Fully synthetic citizen; not a real person.
CIT-05118,Fully synthetic citizen; not a real person.
CIT-05119,Fully synthetic citizen; not a real person.
CIT-05120,Fully synthetic citizen; not a real person.
CIT-05121,Fully synthetic citizen; not a real person.
CIT-05122,Fully synthetic citizen; not a real person.
CIT-05123,Fully synthetic citizen; not a real person.
CIT-05124,Fully synthetic citizen; not a real person.
CIT-05125,Fully synthetic citizen; not a real person.
CIT-05126,Fully synthetic citizen; not a real person.
CIT-05127,Fully synthetic citizen; not a real person.
CIT-05128,Fully synthetic citizen; not a real person.
CIT-05129,Fully synthetic citizen; not a real person.
CIT-05130,Fully synthetic citizen; not a real person.
CIT-05131,Fully synthetic citizen; not a real person.
CIT-05132,Fully synthetic citizen; not a real person.
CIT-05133,Fully synthetic citizen; not a real person.
CIT-05134,Fully synthetic citizen; not a real person.
CIT-05135,Fully synthetic citizen; not a real person.
CIT-05136,Fully synthetic citizen; not a real person.
CIT-05137,Fully synthetic citizen; not a real person.
CIT-05138,Fully synthetic citizen; not a real person.
CIT-05139,Fully synthetic citizen; not a real person.
CIT-05140,Fully synthetic citizen; not a real person.
CIT-05141,Fully synthetic citizen; not a real person.
CIT-05142,Fully synthetic citizen; not a real person.
CIT-05143,Fully synthetic citizen; not a real person.
CIT-05144,Fully synthetic citizen; not a real person.
CIT-05145,Fully synthetic citizen; not a real person.
CIT-05146,Fully synthetic citizen; not a real person.
CIT-05147,Fully synthetic citizen; not a real person.
CIT-05148,Fully synthetic citizen; not a real person.
CIT-05149,Fully synthetic citizen; not a real person.
CIT-05150,Fully synthetic citizen; not a real person.
CIT-05151,Fully synthetic citizen; not a real person.
CIT-05152,Fully synthetic citizen; not a real person.
CIT-05153,Fully synthetic citizen; not a real person.
CIT-05154,Fully synthetic citizen; not a real person.
CIT-05155,Fully synthetic citizen; not a real person.
CIT-05156,Fully synthetic citizen; not a real person.
CIT-05157,Fully synthetic citizen; not a real person.
CIT-05158,Fully synthetic citizen; not a real person.
CIT-05159,Fully synthetic citizen; not a real person.
CIT-05160,Fully synthetic citizen; not a real person.
CIT-05161,Fully synthetic citizen; not a real person.
CIT-05162,Fully synthetic citizen; not a real person.
CIT-05163,Fully synthetic citizen; not a real person.
CIT-05164,Fully synthetic citizen; not a real person.
CIT-05165,Fully synthetic citizen; not a real person.
CIT-05166,Fully synthetic citizen; not a real person.
CIT-05167,Fully synthetic citizen; not a real person.
CIT-05168,Fully synthetic citizen; not a real person.
CIT-05169,Fully synthetic citizen; not a real person.
CIT-05170,Fully synthetic citizen; not a real person.
CIT-05171,Fully synthetic citizen; not a real person.
CIT-05172,Fully synthetic citizen; not a real person.
CIT-05173,Fully synthetic citizen; not a real person.
CIT-05174,Fully synthetic citizen; not a real person.
CIT-05175,Fully synthetic citizen; not a real person.
CIT-05176,Fully synthetic citizen; not a real person.
CIT-05177,Fully synthetic citizen; not a real person.
CIT-05178,Fully synthetic citizen; not a real person.
CIT-05179,Fully synthetic citizen; not a real person.
CIT-05180,Fully synthetic citizen; not a real person.
CIT-05181,Fully synthetic citizen; not a real person.
CIT-05182,Fully synthetic citizen; not a real person.
CIT-05183,Fully synthetic citizen; not a real person.
CIT-05184,Fully synthetic citizen; not a real person.
CIT-05185,Fully synthetic citizen; not a real person.
CIT-05186,Fully synthetic citizen; not a real person.
CIT-05187,Fully synthetic citizen; not a real person.
CIT-05188,Fully synthetic citizen; not a real person.
CIT-05189,Fully synthetic citizen; not a real person.
CIT-05190,Fully synthetic citizen; not a real person.
CIT-05191,Fully synthetic citizen; not a real person.
CIT-05192,Fully synthetic citizen; not a real person.
CIT-05193,Fully synthetic citizen; not a real person.
CIT-05194,Fully synthetic citizen; not a real person.
CIT-05195,Fully synthetic citizen; not a real person.
CIT-05196,Fully synthetic citizen; not a real person.
CIT-05197,Fully synthetic citizen; not a real person.
CIT-05198,Fully synthetic citizen; not a real person.
CIT-05199,Fully synthetic citizen; not a real person.
CIT-05200,Fully synthetic citizen; not a real person.
CIT-05201,Fully synthetic citizen; not a real person.
CIT-05202,Fully synthetic citizen; not a real person.
CIT-05203,Fully synthetic citizen; not a real person.
CIT-05204,Fully synthetic citizen; not a real person.
CIT-05205,Fully synthetic citizen; not a real person.
CIT-05206,Fully synthetic citizen; not a real person.
CIT-05207,Fully synthetic citizen; not a real person.
CIT-05208,Fully synthetic citizen; not a real person.
CIT-05209,Fully synthetic citizen; not a real person.
CIT-05210,Fully synthetic citizen; not a real person.
CIT-05211,Fully synthetic citizen; not a real person.
CIT-05212,Fully synthetic citizen; not a real person.
CIT-05213,Fully synthetic citizen; not a real person.
CIT-05214,Fully synthetic citizen; not a real person.
CIT-05215,Fully synthetic citizen; not a real person.
CIT-05216,Fully synthetic citizen; not a real person.
CIT-05217,Fully synthetic citizen; not a real person.
CIT-05218,Fully synthetic citizen; not a real person.
CIT-05219,Fully synthetic citizen; not a real person.
CIT-05220,Fully synthetic citizen; not a real person.
CIT-05221,Fully synthetic citizen; not a real person.
CIT-05222,Fully synthetic citizen; not a real person.
CIT-05223,Fully synthetic citizen; not a real person.
CIT-05224,Fully synthetic citizen; not a real person.
CIT-05225,Fully synthetic citizen; not a real person.
CIT-05226,Fully synthetic citizen; not a real person.
CIT-05227,Fully synthetic citizen; not a real person.
CIT-05228,Fully synthetic citizen; not a real person.
CIT-05229,Fully synthetic citizen; not a real person.
CIT-05230,Fully synthetic citizen; not a real person.
CIT-05231,Fully synthetic citizen; not a real person.
CIT-05232,Fully synthetic citizen; not a real person.
CIT-05233,Fully synthetic citizen; not a real person.
CIT-05234,Fully synthetic citizen; not a real person.
CIT-05235,Fully synthetic citizen; not a real person.
CIT-05236,Fully synthetic citizen; not a real person.
CIT-05237,Fully synthetic citizen; not a real person.
CIT-05238,Fully synthetic citizen; not a real person.
CIT-05239,Fully synthetic citizen; not a real person.
CIT-05240,Fully synthetic citizen; not a real person.
CIT-05241,Fully synthetic citizen; not a real person.
CIT-05242,Fully synthetic citizen; not a real person.
CIT-05243,Fully synthetic citizen; not a real person.
CIT-05244,Fully synthetic citizen; not a real person.
CIT-05245,Fully synthetic citizen; not a real person.
CIT-05246,Fully synthetic citizen; not a real person.
CIT-05247,Fully synthetic citizen; not a real person.
CIT-05248,Fully synthetic citizen; not a real person.
CIT-05249,Fully synthetic citizen; not a real person.
CIT-05250,Fully synthetic citizen; not a real person.
CIT-05251,Fully synthetic citizen; not a real person.
CIT-05252,Fully synthetic citizen; not a real person.
CIT-05253,Fully synthetic citizen; not a real person.
CIT-05254,Fully synthetic citizen; not a real person.
CIT-05255,Fully synthetic citizen; not a real person.
CIT-05256,Fully synthetic citizen; not a real person.
CIT-05257,Fully synthetic citizen; not a real person.
CIT-05258,Fully synthetic citizen; not a real person.
CIT-05259,Fully synthetic citizen; not a real person.
CIT-05260,Fully synthetic citizen; not a real person.
CIT-05261,Fully synthetic citizen; not a real person.
CIT-05262,Fully synthetic citizen; not a real person.
CIT-05263,Fully synthetic citizen; not a real person.
CIT-05264,Fully synthetic citizen; not a real person.
CIT-05265,Fully synthetic citizen; not a real person.
CIT-05266,Fully synthetic citizen; not a real person.
CIT-05267,Fully synthetic citizen; not a real person.
CIT-05268,Fully synthetic citizen; not a real person.
CIT-05269,Fully synthetic citizen; not a real person.
CIT-05270,Fully synthetic citizen; not a real person.
CIT-05271,Fully synthetic citizen; not a real person.
CIT-05272,Fully synthetic citizen; not a real person.
CIT-05273,Fully synthetic citizen; not a real person.
CIT-05274,Fully synthetic citizen; not a real person.
CIT-05275,Fully synthetic citizen; not a real person.
CIT-05276,Fully synthetic citizen; not a real person.
CIT-05277,Fully synthetic citizen; not a real person.
CIT-05278,Fully synthetic citizen; not a real person.
CIT-05279,Fully synthetic citizen; not a real person.
CIT-05280,Fully synthetic citizen; not a real person.
CIT-05281,Fully synthetic citizen; not a real person.
CIT-05282,Fully synthetic citizen; not a real person.
CIT-05283,Fully synthetic citizen; not a real person.
CIT-05284,Fully synthetic citizen; not a real person.
CIT-05285,Fully synthetic citizen; not a real person.
CIT-05286,Fully synthetic citizen; not a real person.
CIT-05287,Fully synthetic citizen; not a real person.
CIT-05288,Fully synthetic citizen; not a real person.
CIT-05289,Fully synthetic citizen; not a real person.
CIT-05290,Fully synthetic citizen; not a real person.
CIT-05291,Fully synthetic citizen; not a real person.
CIT-05292,Fully synthetic citizen; not a real person.
CIT-05293,Fully synthetic citizen; not a real person.
CIT-05294,Fully synthetic citizen; not a real person.
CIT-05295,Fully synthetic citizen; not a real person.
CIT-05296,Fully synthetic citizen; not a real person.
CIT-05297,Fully synthetic citizen; not a real person.
CIT-05298,Fully synthetic citizen; not a real person.
CIT-05299,Fully synthetic citizen; not a real person.
CIT-05300,Fully synthetic citizen; not a real person.
CIT-05301,Fully synthetic citizen; not a real person.
CIT-05302,Fully synthetic citizen; not a real person.
CIT-05303,Fully synthetic citizen; not a real person.
CIT-05304,Fully synthetic citizen; not a real person.
CIT-05305,Fully synthetic citizen; not a real person.
CIT-05306,Fully synthetic citizen; not a real person.
CIT-05307,Fully synthetic citizen; not a real person.
CIT-05308,Fully synthetic citizen; not a real person.
CIT-05309,Fully synthetic citizen; not a real person.
CIT-05310,Fully synthetic citizen; not a real person.
CIT-05311,Fully synthetic citizen; not a real person.
CIT-05312,Fully synthetic citizen; not a real person.
CIT-05313,Fully synthetic citizen; not a real person.
CIT-05314,Fully synthetic citizen; not a real person.
CIT-05315,Fully synthetic citizen; not a real person.
CIT-05316,Fully synthetic citizen; not a real person.
CIT-05317,Fully synthetic citizen; not a real person.
CIT-05318,Fully synthetic citizen; not a real person.
CIT-05319,Fully synthetic citizen; not a real person.
CIT-05320,Fully synthetic citizen; not a real person.
CIT-05321,Fully synthetic citizen; not a real person.
CIT-05322,Fully synthetic citizen; not a real person.
CIT-05323,Fully synthetic citizen; not a real person.
CIT-05324,Fully synthetic citizen; not a real person.
CIT-05325,Fully synthetic citizen; not a real person.
CIT-05326,Fully synthetic citizen; not a real person.
CIT-05327,Fully synthetic citizen; not a real person.
CIT-05328,Fully synthetic citizen; not a real person.
CIT-05329,Fully synthetic citizen; not a real person.
CIT-05330,Fully synthetic citizen; not a real person.
CIT-05331,Fully synthetic citizen; not a real person.
CIT-05332,Fully synthetic citizen; not a real person.
CIT-05333,Fully synthetic citizen; not a real person.
CIT-05334,Fully synthetic citizen; not a real person.
CIT-05335,Fully synthetic citizen; not a real person.
CIT-05336,Fully synthetic citizen; not a real person.
CIT-05337,Fully synthetic citizen; not a real person.
CIT-05338,Fully synthetic citizen; not a real person.
CIT-05339,Fully synthetic citizen; not a real person.
CIT-05340,Fully synthetic citizen; not a real person.
CIT-05341,Fully synthetic citizen; not a real person.
CIT-05342,Fully synthetic citizen; not a real person.
CIT-05343,Fully synthetic citizen; not a real person.
CIT-05344,Fully synthetic citizen; not a real person.
CIT-05345,Fully synthetic citizen; not a real person.
CIT-05346,Fully synthetic citizen; not a real person.
CIT-05347,Fully synthetic citizen; not a real person.
CIT-05348,Fully synthetic citizen; not a real person.
CIT-05349,Fully synthetic citizen; not a real person.
CIT-05350,Fully synthetic citizen; not a real person.
CIT-05351,Fully synthetic citizen; not a real person.
CIT-05352,Fully synthetic citizen; not a real person.
CIT-05353,Fully synthetic citizen; not a real person.
CIT-05354,Fully synthetic citizen; not a real person.
CIT-05355,Fully synthetic citizen; not a real person.
CIT-05356,Fully synthetic citizen; not a real person.
CIT-05357,Fully synthetic citizen; not a real person.
CIT-05358,Fully synthetic citizen; not a real person.
CIT-05359,Fully synthetic citizen; not a real person.
CIT-05360,Fully synthetic citizen; not a real person.
CIT-05361,Fully synthetic citizen; not a real person.
CIT-05362,Fully synthetic citizen; not a real person.
CIT-05363,Fully synthetic citizen; not a real person.
CIT-05364,Fully synthetic citizen; not a real person.
CIT-05365,Fully synthetic citizen; not a real person.
CIT-05366,Fully synthetic citizen; not a real person.
CIT-05367,Fully synthetic citizen; not a real person.
CIT-05368,Fully synthetic citizen; not a real person.
CIT-05369,Fully synthetic citizen; not a real person.
CIT-05370,Fully synthetic citizen; not a real person.
CIT-05371,Fully synthetic citizen; not a real person.
CIT-05372,Fully synthetic citizen; not a real person.
CIT-05373,Fully synthetic citizen; not a real person.
CIT-05374,Fully synthetic citizen; not a real person.
CIT-05375,Fully synthetic citizen; not a real person.
CIT-05376,Fully synthetic citizen; not a real person.
CIT-05377,Fully synthetic citizen; not a real person.
CIT-05378,Fully synthetic citizen; not a real person.
CIT-05379,Fully synthetic citizen; not a real person.
CIT-05380,Fully synthetic citizen; not a real person.
CIT-05381,Fully synthetic citizen; not a real person.
CIT-05382,Fully synthetic citizen; not a real person.
CIT-05383,Fully synthetic citizen; not a real person.
CIT-05384,Fully synthetic citizen; not a real person.
CIT-05385,Fully synthetic citizen; not a real person.
CIT-05386,Fully synthetic citizen; not a real person.
CIT-05387,Fully synthetic citizen; not a real person.
CIT-05388,Fully synthetic citizen; not a real person.
CIT-05389,Fully synthetic citizen; not a real person.
CIT-05390,Fully synthetic citizen; not a real person.
CIT-05391,Fully synthetic citizen; not a real person.
CIT-05392,Fully synthetic citizen; not a real person.
CIT-05393,Fully synthetic citizen; not a real person.
CIT-05394,Fully synthetic citizen; not a real person.
CIT-05395,Fully synthetic citizen; not a real person.
CIT-05396,Fully synthetic citizen; not a real person.
CIT-05397,Fully synthetic citizen; not a real person.
CIT-05398,Fully synthetic citizen; not a real person.
CIT-05399,Fully synthetic citizen; not a real person.
CIT-05400,Fully synthetic citizen; not a real person.
CIT-05401,Fully synthetic citizen; not a real person.
CIT-05402,Fully synthetic citizen; not a real person.
CIT-05403,Fully synthetic citizen; not a real person.
CIT-05404,Fully synthetic citizen; not a real person.
CIT-05405,Fully synthetic citizen; not a real person.
CIT-05406,Fully synthetic citizen; not a real person.
CIT-05407,Fully synthetic citizen; not a real person.
CIT-05408,Fully synthetic citizen; not a real person.
CIT-05409,Fully synthetic citizen; not a real person.
CIT-05410,Fully synthetic citizen; not a real person.
CIT-05411,Fully synthetic citizen; not a real person.
CIT-05412,Fully synthetic citizen; not a real person.
CIT-05413,Fully synthetic citizen; not a real person.
CIT-05414,Fully synthetic citizen; not a real person.
CIT-05415,Fully synthetic citizen; not a real person.
CIT-05416,Fully synthetic citizen; not a real person.
CIT-05417,Fully synthetic citizen; not a real person.
CIT-05418,Fully synthetic citizen; not a real person.
CIT-05419,Fully synthetic citizen; not a real person.
CIT-05420,Fully synthetic citizen; not a real person.
CIT-05421,Fully synthetic citizen; not a real person.
CIT-05422,Fully synthetic citizen; not a real person.
CIT-05423,Fully synthetic citizen; not a real person.
CIT-05424,Fully synthetic citizen; not a real person.
CIT-05425,Fully synthetic citizen; not a real person.
CIT-05426,Fully synthetic citizen; not a real person.
CIT-05427,Fully synthetic citizen; not a real person.
CIT-05428,Fully synthetic citizen; not a real person.
CIT-05429,Fully synthetic citizen; not a real person.
CIT-05430,Fully synthetic citizen; not a real person.
CIT-05431,Fully synthetic citizen; not a real person.
CIT-05432,Fully synthetic citizen; not a real person.
CIT-05433,Fully synthetic citizen; not a real person.
CIT-05434,Fully synthetic citizen; not a real person.
CIT-05435,Fully synthetic citizen; not a real person.
CIT-05436,Fully synthetic citizen; not a real person.
CIT-05437,Fully synthetic citizen; not a real person.
CIT-05438,Fully synthetic citizen; not a real person.
CIT-05439,Fully synthetic citizen; not a real person.
CIT-05440,Fully synthetic citizen; not a real person.
CIT-05441,Fully synthetic citizen; not a real person.
CIT-05442,Fully synthetic citizen; not a real person.
CIT-05443,Fully synthetic citizen; not a real person.
CIT-05444,Fully synthetic citizen; not a real person.
CIT-05445,Fully synthetic citizen; not a real person.
CIT-05446,Fully synthetic citizen; not a real person.
CIT-05447,Fully synthetic citizen; not a real person.
CIT-05448,Fully synthetic citizen; not a real person.
CIT-05449,Fully synthetic citizen; not a real person.
CIT-05450,Fully synthetic citizen; not a real person.
CIT-05451,Fully synthetic citizen; not a real person.
CIT-05452,Fully synthetic citizen; not a real person.
CIT-05453,Fully synthetic citizen; not a real person.
CIT-05454,Fully synthetic citizen; not a real person.
CIT-05455,Fully synthetic citizen; not a real person.
CIT-05456,Fully synthetic citizen; not a real person.
CIT-05457,Fully synthetic citizen; not a real person.
CIT-05458,Fully synthetic citizen; not a real person.
CIT-05459,Fully synthetic citizen; not a real person.
CIT-05460,Fully synthetic citizen; not a real person.
CIT-05461,Fully synthetic citizen; not a real person.
CIT-05462,Fully synthetic citizen; not a real person.
CIT-05463,Fully synthetic citizen; not a real person.
CIT-05464,Fully synthetic citizen; not a real person.
CIT-05465,Fully synthetic citizen; not a real person.
CIT-05466,Fully synthetic citizen; not a real person.
CIT-05467,Fully synthetic citizen; not a real person.
CIT-05468,Fully synthetic citizen; not a real person.
CIT-05469,Fully synthetic citizen; not a real person.
CIT-05470,Fully synthetic citizen; not a real person.
CIT-05471,Fully synthetic citizen; not a real person.
CIT-05472,Fully synthetic citizen; not a real person.
CIT-05473,Fully synthetic citizen; not a real person.
CIT-05474,Fully synthetic citizen; not a real person.
CIT-05475,Fully synthetic citizen; not a real person.
CIT-05476,Fully synthetic citizen; not a real person.
CIT-05477,Fully synthetic citizen; not a real person.
CIT-05478,Fully synthetic citizen; not a real person.
CIT-05479,Fully synthetic citizen; not a real person.
CIT-05480,Fully synthetic citizen; not a real person.
CIT-05481,Fully synthetic citizen; not a real person.
CIT-05482,Fully synthetic citizen; not a real person.
CIT-05483,Fully synthetic citizen; not a real person.
CIT-05484,Fully synthetic citizen; not a real person.
CIT-05485,Fully synthetic citizen; not a real person.
CIT-05486,Fully synthetic citizen; not a real person.
CIT-05487,Fully synthetic citizen; not a real person.
CIT-05488,Fully synthetic citizen; not a real person.
CIT-05489,Fully synthetic citizen; not a real person.
CIT-05490,Fully synthetic citizen; not a real person.
CIT-05491,Fully synthetic citizen; not a real person.
CIT-05492,Fully synthetic citizen; not a real person.
CIT-05493,Fully synthetic citizen; not a real person.
CIT-05494,Fully synthetic citizen; not a real person.
CIT-05495,Fully synthetic citizen; not a real person.
CIT-05496,Fully synthetic citizen; not a real person.
CIT-05497,Fully synthetic citizen; not a real person.
CIT-05498,Fully synthetic citizen; not a real person.
CIT-05499,Fully synthetic citizen; not a real person.
CIT-05500,Fully synthetic citizen; not a real person.
CIT-05501,Fully synthetic citizen; not a real person.
CIT-05502,Fully synthetic citizen; not a real person.
CIT-05503,Fully synthetic citizen; not a real person.
CIT-05504,Fully synthetic citizen; not a real person.
CIT-05505,Fully synthetic citizen; not a real person.
CIT-05506,Fully synthetic citizen; not a real person.
CIT-05507,Fully synthetic citizen; not a real person.
CIT-05508,Fully synthetic citizen; not a real person.
CIT-05509,Fully synthetic citizen; not a real person.
CIT-05510,Fully synthetic citizen; not a real person.
CIT-05511,Fully synthetic citizen; not a real person.
CIT-05512,Fully synthetic citizen; not a real person.
CIT-05513,Fully synthetic citizen; not a real person.
CIT-05514,Fully synthetic citizen; not a real person.
CIT-05515,Fully synthetic citizen; not a real person.
CIT-05516,Fully synthetic citizen; not a real person.
CIT-05517,Fully synthetic citizen; not a real person.
CIT-05518,Fully synthetic citizen; not a real person.
CIT-05519,Fully synthetic citizen; not a real person.
CIT-05520,Fully synthetic citizen; not a real person.
CIT-05521,Fully synthetic citizen; not a real person.
CIT-05522,Fully synthetic citizen; not a real person.
CIT-05523,Fully synthetic citizen; not a real person.
CIT-05524,Fully synthetic citizen; not a real person.
CIT-05525,Fully synthetic citizen; not a real person.
CIT-05526,Fully synthetic citizen; not a real person.
CIT-05527,Fully synthetic citizen; not a real person.
CIT-05528,Fully synthetic citizen; not a real person.
CIT-05529,Fully synthetic citizen; not a real person.
CIT-05530,Fully synthetic citizen; not a real person.
CIT-05531,Fully synthetic citizen; not a real person.
CIT-05532,Fully synthetic citizen; not a real person.
CIT-05533,Fully synthetic citizen; not a real person.
CIT-05534,Fully synthetic citizen; not a real person.
CIT-05535,Fully synthetic citizen; not a real person.
CIT-05536,Fully synthetic citizen; not a real person.
CIT-05537,Fully synthetic citizen; not a real person.
CIT-05538,Fully synthetic citizen; not a real person.
CIT-05539,Fully synthetic citizen; not a real person.
CIT-05540,Fully synthetic citizen; not a real person.
CIT-05541,Fully synthetic citizen; not a real person.
CIT-05542,Fully synthetic citizen; not a real person.
CIT-05543,Fully synthetic citizen; not a real person.
CIT-05544,Fully synthetic citizen; not a real person.
CIT-05545,Fully synthetic citizen; not a real person.
CIT-05546,Fully synthetic citizen; not a real person.
CIT-05547,Fully synthetic citizen; not a real person.
CIT-05548,Fully synthetic citizen; not a real person.
CIT-05549,Fully synthetic citizen; not a real person.
CIT-05550,Fully synthetic citizen; not a real person.
CIT-05551,Fully synthetic citizen; not a real person.
CIT-05552,Fully synthetic citizen; not a real person.
CIT-05553,Fully synthetic citizen; not a real person.
CIT-05554,Fully synthetic citizen; not a real person.
CIT-05555,Fully synthetic citizen; not a real person.
CIT-05556,Fully synthetic citizen; not a real person.
CIT-05557,Fully synthetic citizen; not a real person.
CIT-05558,Fully synthetic citizen; not a real person.
CIT-05559,Fully synthetic citizen; not a real person.
CIT-05560,Fully synthetic citizen; not a real person.
CIT-05561,Fully synthetic citizen; not a real person.
CIT-05562,Fully synthetic citizen; not a real person.
CIT-05563,Fully synthetic citizen; not a real person.
CIT-05564,Fully synthetic citizen; not a real person.
CIT-05565,Fully synthetic citizen; not a real person.
CIT-05566,Fully synthetic citizen; not a real person.
CIT-05567,Fully synthetic citizen; not a real person.
CIT-05568,Fully synthetic citizen; not a real person.
CIT-05569,Fully synthetic citizen; not a real person.
CIT-05570,Fully synthetic citizen; not a real person.
CIT-05571,Fully synthetic citizen; not a real person.
CIT-05572,Fully synthetic citizen; not a real person.
CIT-05573,Fully synthetic citizen; not a real person.
CIT-05574,Fully synthetic citizen; not a real person.
CIT-05575,Fully synthetic citizen; not a real person.
CIT-05576,Fully synthetic citizen; not a real person.
CIT-05577,Fully synthetic citizen; not a real person.
CIT-05578,Fully synthetic citizen; not a real person.
CIT-05579,Fully synthetic citizen; not a real person.
CIT-05580,Fully synthetic citizen; not a real person.
CIT-05581,Fully synthetic citizen; not a real person.
CIT-05582,Fully synthetic citizen; not a real person.
CIT-05583,Fully synthetic citizen; not a real person.
CIT-05584,Fully synthetic citizen; not a real person.
CIT-05585,Fully synthetic citizen; not a real person.
CIT-05586,Fully synthetic citizen; not a real person.
CIT-05587,Fully synthetic citizen; not a real person.
CIT-05588,Fully synthetic citizen; not a real person.
CIT-05589,Fully synthetic citizen; not a real person.
CIT-05590,Fully synthetic citizen; not a real person.
CIT-05591,Fully synthetic citizen; not a real person.
CIT-05592,Fully synthetic citizen; not a real person.
CIT-05593,Fully synthetic citizen; not a real person.
CIT-05594,Fully synthetic citizen; not a real person.
CIT-05595,Fully synthetic citizen; not a real person.
CIT-05596,Fully synthetic citizen; not a real person.
CIT-05597,Fully synthetic citizen; not a real person.
CIT-05598,Fully synthetic citizen; not a real person.
CIT-05599,Fully synthetic citizen; not a real person.
CIT-05600,Fully synthetic citizen; not a real person.
CIT-05601,Fully synthetic citizen; not a real person.
CIT-05602,Fully synthetic citizen; not a real person.
CIT-05603,Fully synthetic citizen; not a real person.
CIT-05604,Fully synthetic citizen; not a real person.
CIT-05605,Fully synthetic citizen; not a real person.
CIT-05606,Fully synthetic citizen; not a real person.
CIT-05607,Fully synthetic citizen; not a real person.
CIT-05608,Fully synthetic citizen; not a real person.
CIT-05609,Fully synthetic citizen; not a real person.
CIT-05610,Fully synthetic citizen; not a real person.
CIT-05611,Fully synthetic citizen; not a real person.
CIT-05612,Fully synthetic citizen; not a real person.
CIT-05613,Fully synthetic citizen; not a real person.
CIT-05614,Fully synthetic citizen; not a real person.
CIT-05615,Fully synthetic citizen; not a real person.
CIT-05616,Fully synthetic citizen; not a real person.
CIT-05617,Fully synthetic citizen; not a real person.
CIT-05618,Fully synthetic citizen; not a real person.
CIT-05619,Fully synthetic citizen; not a real person.
CIT-05620,Fully synthetic citizen; not a real person.
CIT-05621,Fully synthetic citizen; not a real person.
CIT-05622,Fully synthetic citizen; not a real person.
CIT-05623,Fully synthetic citizen; not a real person.
CIT-05624,Fully synthetic citizen; not a real person.
CIT-05625,Fully synthetic citizen; not a real person.
CIT-05626,Fully synthetic citizen; not a real person.
CIT-05627,Fully synthetic citizen; not a real person.
CIT-05628,Fully synthetic citizen; not a real person.
CIT-05629,Fully synthetic citizen; not a real person.
CIT-05630,Fully synthetic citizen; not a real person.
CIT-05631,Fully synthetic citizen; not a real person.
CIT-05632,Fully synthetic citizen; not a real person.
CIT-05633,Fully synthetic citizen; not a real person.
CIT-05634,Fully synthetic citizen; not a real person.
CIT-05635,Fully synthetic citizen; not a real person.
CIT-05636,Fully synthetic citizen; not a real person.
CIT-05637,Fully synthetic citizen; not a real person.
CIT-05638,Fully synthetic citizen; not a real person.
CIT-05639,Fully synthetic citizen; not a real person.
CIT-05640,Fully synthetic citizen; not a real person.
CIT-05641,Fully synthetic citizen; not a real person.
CIT-05642,Fully synthetic citizen; not a real person.
CIT-05643,Fully synthetic citizen; not a real person.
CIT-05644,Fully synthetic citizen; not a real person.
CIT-05645,Fully synthetic citizen; not a real person.
CIT-05646,Fully synthetic citizen; not a real person.
CIT-05647,Fully synthetic citizen; not a real person.
CIT-05648,Fully synthetic citizen; not a real person.
CIT-05649,Fully synthetic citizen; not a real person.
CIT-05650,Fully synthetic citizen; not a real person.
CIT-05651,Fully synthetic citizen; not a real person.
CIT-05652,Fully synthetic citizen; not a real person.
CIT-05653,Fully synthetic citizen; not a real person.
CIT-05654,Fully synthetic citizen; not a real person.
CIT-05655,Fully synthetic citizen; not a real person.
CIT-05656,Fully synthetic citizen; not a real person.
CIT-05657,Fully synthetic citizen; not a real person.
CIT-05658,Fully synthetic citizen; not a real person.
CIT-05659,Fully synthetic citizen; not a real person.
CIT-05660,Fully synthetic citizen; not a real person.
CIT-05661,Fully synthetic citizen; not a real person.
CIT-05662,Fully synthetic citizen; not a real person.
CIT-05663,Fully synthetic citizen; not a real person.
CIT-05664,Fully synthetic citizen; not a real person.
CIT-05665,Fully synthetic citizen; not a real person.
CIT-05666,Fully synthetic citizen; not a real person.
CIT-05667,Fully synthetic citizen; not a real person.
CIT-05668,Fully synthetic citizen; not a real person.
CIT-05669,Fully synthetic citizen; not a real person.
CIT-05670,Fully synthetic citizen; not a real person.
CIT-05671,Fully synthetic citizen; not a real person.
CIT-05672,Fully synthetic citizen; not a real person.
CIT-05673,Fully synthetic citizen; not a real person.
CIT-05674,Fully synthetic citizen; not a real person.
CIT-05675,Fully synthetic citizen; not a real person.
CIT-05676,Fully synthetic citizen; not a real person.
CIT-05677,Fully synthetic citizen; not a real person.
CIT-05678,Fully synthetic citizen; not a real person.
CIT-05679,Fully synthetic citizen; not a real person.
CIT-05680,Fully synthetic citizen; not a real person.
CIT-05681,Fully synthetic citizen; not a real person.
CIT-05682,Fully synthetic citizen; not a real person.
CIT-05683,Fully synthetic citizen; not a real person.
CIT-05684,Fully synthetic citizen; not a real person.
CIT-05685,Fully synthetic citizen; not a real person.
CIT-05686,Fully synthetic citizen; not a real person.
CIT-05687,Fully synthetic citizen; not a real person.
CIT-05688,Fully synthetic citizen; not a real person.
CIT-05689,Fully synthetic citizen; not a real person.
CIT-05690,Fully synthetic citizen; not a real person.
CIT-05691,Fully synthetic citizen; not a real person.
CIT-05692,Fully synthetic citizen; not a real person.
CIT-05693,Fully synthetic citizen; not a real person.
CIT-05694,Fully synthetic citizen; not a real person.
CIT-05695,Fully synthetic citizen; not a real person.
CIT-05696,Fully synthetic citizen; not a real person.
CIT-05697,Fully synthetic citizen; not a real person.
CIT-05698,Fully synthetic citizen; not a real person.
CIT-05699,Fully synthetic citizen; not a real person.
CIT-05700,Fully synthetic citizen; not a real person.
CIT-05701,Fully synthetic citizen; not a real person.
CIT-05702,Fully synthetic citizen; not a real person.
CIT-05703,Fully synthetic citizen; not a real person.
CIT-05704,Fully synthetic citizen; not a real person.
CIT-05705,Fully synthetic citizen; not a real person.
CIT-05706,Fully synthetic citizen; not a real person.
CIT-05707,Fully synthetic citizen; not a real person.
CIT-05708,Fully synthetic citizen; not a real person.
CIT-05709,Fully synthetic citizen; not a real person.
CIT-05710,Fully synthetic citizen; not a real person.
CIT-05711,Fully synthetic citizen; not a real person.
CIT-05712,Fully synthetic citizen; not a real person.
CIT-05713,Fully synthetic citizen; not a real person.
CIT-05714,Fully synthetic citizen; not a real person.
CIT-05715,Fully synthetic citizen; not a real person.
CIT-05716,Fully synthetic citizen; not a real person.
CIT-05717,Fully synthetic citizen; not a real person.
CIT-05718,Fully synthetic citizen; not a real person.
CIT-05719,Fully synthetic citizen; not a real person.
CIT-05720,Fully synthetic citizen; not a real person.
CIT-05721,Fully synthetic citizen; not a real person.
CIT-05722,Fully synthetic citizen; not a real person.
CIT-05723,Fully synthetic citizen; not a real person.
CIT-05724,Fully synthetic citizen; not a real person.
CIT-05725,Fully synthetic citizen; not a real person.
CIT-05726,Fully synthetic citizen; not a real person.
CIT-05727,Fully synthetic citizen; not a real person.
CIT-05728,Fully synthetic citizen; not a real person.
CIT-05729,Fully synthetic citizen; not a real person.
CIT-05730,Fully synthetic citizen; not a real person.
CIT-05731,Fully synthetic citizen; not a real person.
CIT-05732,Fully synthetic citizen; not a real person.
CIT-05733,Fully synthetic citizen; not a real person.
CIT-05734,Fully synthetic citizen; not a real person.
CIT-05735,Fully synthetic citizen; not a real person.
CIT-05736,Fully synthetic citizen; not a real person.
CIT-05737,Fully synthetic citizen; not a real person.
CIT-05738,Fully synthetic citizen; not a real person.
CIT-05739,Fully synthetic citizen; not a real person.
CIT-05740,Fully synthetic citizen; not a real person.
CIT-05741,Fully synthetic citizen; not a real person.
CIT-05742,Fully synthetic citizen; not a real person.
CIT-05743,Fully synthetic citizen; not a real person.
CIT-05744,Fully synthetic citizen; not a real person.
CIT-05745,Fully synthetic citizen; not a real person.
CIT-05746,Fully synthetic citizen; not a real person.
CIT-05747,Fully synthetic citizen; not a real person.
CIT-05748,Fully synthetic citizen; not a real person.
CIT-05749,Fully synthetic citizen; not a real person.
CIT-05750,Fully synthetic citizen; not a real person.
CIT-05751,Fully synthetic citizen; not a real person.
CIT-05752,Fully synthetic citizen; not a real person.
CIT-05753,Fully synthetic citizen; not a real person.
CIT-05754,Fully synthetic citizen; not a real person.
CIT-05755,Fully synthetic citizen; not a real person.
CIT-05756,Fully synthetic citizen; not a real person.
CIT-05757,Fully synthetic citizen; not a real person.
CIT-05758,Fully synthetic citizen; not a real person.
CIT-05759,Fully synthetic citizen; not a real person.
CIT-05760,Fully synthetic citizen; not a real person.
CIT-05761,Fully synthetic citizen; not a real person.
CIT-05762,Fully synthetic citizen; not a real person.
CIT-05763,Fully synthetic citizen; not a real person.
CIT-05764,Fully synthetic citizen; not a real person.
CIT-05765,Fully synthetic citizen; not a real person.
CIT-05766,Fully synthetic citizen; not a real person.
CIT-05767,Fully synthetic citizen; not a real person.
CIT-05768,Fully synthetic citizen; not a real person.
CIT-05769,Fully synthetic citizen; not a real person.
CIT-05770,Fully synthetic citizen; not a real person.
CIT-05771,Fully synthetic citizen; not a real person.
CIT-05772,Fully synthetic citizen; not a real person.
CIT-05773,Fully synthetic citizen; not a real person.
CIT-05774,Fully synthetic citizen; not a real person.
CIT-05775,Fully synthetic citizen; not a real person.
CIT-05776,Fully synthetic citizen; not a real person.
CIT-05777,Fully synthetic citizen; not a real person.
CIT-05778,Fully synthetic citizen; not a real person.
CIT-05779,Fully synthetic citizen; not a real person.
CIT-05780,Fully synthetic citizen; not a real person.
CIT-05781,Fully synthetic citizen; not a real person.
CIT-05782,Fully synthetic citizen; not a real person.
CIT-05783,Fully synthetic citizen; not a real person.
CIT-05784,Fully synthetic citizen; not a real person.
CIT-05785,Fully synthetic citizen; not a real person.
CIT-05786,Fully synthetic citizen; not a real person.
CIT-05787,Fully synthetic citizen; not a real person.
CIT-05788,Fully synthetic citizen; not a real person.
CIT-05789,Fully synthetic citizen; not a real person.
CIT-05790,Fully synthetic citizen; not a real person.
CIT-05791,Fully synthetic citizen; not a real person.
CIT-05792,Fully synthetic citizen; not a real person.
CIT-05793,Fully synthetic citizen; not a real person.
CIT-05794,Fully synthetic citizen; not a real person.
CIT-05795,Fully synthetic citizen; not a real person.
CIT-05796,Fully synthetic citizen; not a real person.
CIT-05797,Fully synthetic citizen; not a real person.
CIT-05798,Fully synthetic citizen; not a real person.
CIT-05799,Fully synthetic citizen; not a real person.
CIT-05800,Fully synthetic citizen; not a real person.
CIT-05801,Fully synthetic citizen; not a real person.
CIT-05802,Fully synthetic citizen; not a real person.
CIT-05803,Fully synthetic citizen; not a real person.
CIT-05804,Fully synthetic citizen; not a real person.
CIT-05805,Fully synthetic citizen; not a real person.
CIT-05806,Fully synthetic citizen; not a real person.
CIT-05807,Fully synthetic citizen; not a real person.
CIT-05808,Fully synthetic citizen; not a real person.
CIT-05809,Fully synthetic citizen; not a real person.
CIT-05810,Fully synthetic citizen; not a real person.
CIT-05811,Fully synthetic citizen; not a real person.
CIT-05812,Fully synthetic citizen; not a real person.
CIT-05813,Fully synthetic citizen; not a real person.
CIT-05814,Fully synthetic citizen; not a real person.
CIT-05815,Fully synthetic citizen; not a real person.
CIT-05816,Fully synthetic citizen; not a real person.
CIT-05817,Fully synthetic citizen; not a real person.
CIT-05818,Fully synthetic citizen; not a real person.
CIT-05819,Fully synthetic citizen; not a real person.
CIT-05820,Fully synthetic citizen; not a real person.
CIT-05821,Fully synthetic citizen; not a real person.
CIT-05822,Fully synthetic citizen; not a real person.
CIT-05823,Fully synthetic citizen; not a real person.
CIT-05824,Fully synthetic citizen; not a real person.
CIT-05825,Fully synthetic citizen; not a real person.
CIT-05826,Fully synthetic citizen; not a real person.
CIT-05827,Fully synthetic citizen; not a real person.
CIT-05828,Fully synthetic citizen; not a real person.
CIT-05829,Fully synthetic citizen; not a real person.
CIT-05830,Fully synthetic citizen; not a real person.
CIT-05831,Fully synthetic citizen; not a real person.
CIT-05832,Fully synthetic citizen; not a real person.
CIT-05833,Fully synthetic citizen; not a real person.
CIT-05834,Fully synthetic citizen; not a real person.
CIT-05835,Fully synthetic citizen; not a real person.
CIT-05836,Fully synthetic citizen; not a real person.
CIT-05837,Fully synthetic citizen; not a real person.
CIT-05838,Fully synthetic citizen; not a real person.
CIT-05839,Fully synthetic citizen; not a real person.
CIT-05840,Fully synthetic citizen; not a real person.
CIT-05841,Fully synthetic citizen; not a real person.
CIT-05842,Fully synthetic citizen; not a real person.
CIT-05843,Fully synthetic citizen; not a real person.
CIT-05844,Fully synthetic citizen; not a real person.
CIT-05845,Fully synthetic citizen; not a real person.
CIT-05846,Fully synthetic citizen; not a real person.
CIT-05847,Fully synthetic citizen; not a real person.
CIT-05848,Fully synthetic citizen; not a real person.
CIT-05849,Fully synthetic citizen; not a real person.
CIT-05850,Fully synthetic citizen; not a real person.
CIT-05851,Fully synthetic citizen; not a real person.
CIT-05852,Fully synthetic citizen; not a real person.
CIT-05853,Fully synthetic citizen; not a real person.
CIT-05854,Fully synthetic citizen; not a real person.
CIT-05855,Fully synthetic citizen; not a real person.
CIT-05856,Fully synthetic citizen; not a real person.
CIT-05857,Fully synthetic citizen; not a real person.
CIT-05858,Fully synthetic citizen; not a real person.
CIT-05859,Fully synthetic citizen; not a real person.
CIT-05860,Fully synthetic citizen; not a real person.
CIT-05861,Fully synthetic citizen; not a real person.
CIT-05862,Fully synthetic citizen; not a real person.
CIT-05863,Fully synthetic citizen; not a real person.
CIT-05864,Fully synthetic citizen; not a real person.
CIT-05865,Fully synthetic citizen; not a real person.
CIT-05866,Fully synthetic citizen; not a real person.
CIT-05867,Fully synthetic citizen; not a real person.
CIT-05868,Fully synthetic citizen; not a real person.
CIT-05869,Fully synthetic citizen; not a real person.
CIT-05870,Fully synthetic citizen; not a real person.
CIT-05871,Fully synthetic citizen; not a real person.
CIT-05872,Fully synthetic citizen; not a real person.
CIT-05873,Fully synthetic citizen; not a real person.
CIT-05874,Fully synthetic citizen; not a real person.
CIT-05875,Fully synthetic citizen; not a real person.
CIT-05876,Fully synthetic citizen; not a real person.
CIT-05877,Fully synthetic citizen; not a real person.
CIT-05878,Fully synthetic citizen; not a real person.
CIT-05879,Fully synthetic citizen; not a real person.
CIT-05880,Fully synthetic citizen; not a real person.
CIT-05881,Fully synthetic citizen; not a real person.
CIT-05882,Fully synthetic citizen; not a real person.
CIT-05883,Fully synthetic citizen; not a real person.
CIT-05884,Fully synthetic citizen; not a real person.
CIT-05885,Fully synthetic citizen; not a real person.
CIT-05886,Fully synthetic citizen; not a real person.
CIT-05887,Fully synthetic citizen; not a real person.
CIT-05888,Fully synthetic citizen; not a real person.
CIT-05889,Fully synthetic citizen; not a real person.
CIT-05890,Fully synthetic citizen; not a real person.
CIT-05891,Fully synthetic citizen; not a real person.
CIT-05892,Fully synthetic citizen; not a real person.
CIT-05893,Fully synthetic citizen; not a real person.
CIT-05894,Fully synthetic citizen; not a real person.
CIT-05895,Fully synthetic citizen; not a real person.
CIT-05896,Fully synthetic citizen; not a real person.
CIT-05897,Fully synthetic citizen; not a real person.
CIT-05898,Fully synthetic citizen; not a real person.
CIT-05899,Fully synthetic citizen; not a real person.
CIT-05900,Fully synthetic citizen; not a real person.
CIT-05901,Fully synthetic citizen; not a real person.
CIT-05902,Fully synthetic citizen; not a real person.
CIT-05903,Fully synthetic citizen; not a real person.
CIT-05904,Fully synthetic citizen; not a real person.
CIT-05905,Fully synthetic citizen; not a real person.
CIT-05906,Fully synthetic citizen; not a real person.
CIT-05907,Fully synthetic citizen; not a real person.
CIT-05908,Fully synthetic citizen; not a real person.
CIT-05909,Fully synthetic citizen; not a real person.
CIT-05910,Fully synthetic citizen; not a real person.
CIT-05911,Fully synthetic citizen; not a real person.
CIT-05912,Fully synthetic citizen; not a real person.
CIT-05913,Fully synthetic citizen; not a real person.
CIT-05914,Fully synthetic citizen; not a real person.
CIT-05915,Fully synthetic citizen; not a real person.
CIT-05916,Fully synthetic citizen; not a real person.
CIT-05917,Fully synthetic citizen; not a real person.
CIT-05918,Fully synthetic citizen; not a real person.
CIT-05919,Fully synthetic citizen; not a real person.
CIT-05920,Fully synthetic citizen; not a real person.
CIT-05921,Fully synthetic citizen; not a real person.
CIT-05922,Fully synthetic citizen; not a real person.
CIT-05923,Fully synthetic citizen; not a real person.
CIT-05924,Fully synthetic citizen; not a real person.
CIT-05925,Fully synthetic citizen; not a real person.
CIT-05926,Fully synthetic citizen; not a real person.
CIT-05927,Fully synthetic citizen; not a real person.
CIT-05928,Fully synthetic citizen; not a real person.
CIT-05929,Fully synthetic citizen; not a real person.
CIT-05930,Fully synthetic citizen; not a real person.
CIT-05931,Fully synthetic citizen; not a real person.
CIT-05932,Fully synthetic citizen; not a real person.
CIT-05933,Fully synthetic citizen; not a real person.
CIT-05934,Fully synthetic citizen; not a real person.
CIT-05935,Fully synthetic citizen; not a real person.
CIT-05936,Fully synthetic citizen; not a real person.
CIT-05937,Fully synthetic citizen; not a real person.
CIT-05938,Fully synthetic citizen; not a real person.
CIT-05939,Fully synthetic citizen; not a real person.
CIT-05940,Fully synthetic citizen; not a real person.
CIT-05941,Fully synthetic citizen; not a real person.
CIT-05942,Fully synthetic citizen; not a real person.
CIT-05943,Fully synthetic citizen; not a real person.
CIT-05944,Fully synthetic citizen; not a real person.
CIT-05945,Fully synthetic citizen; not a real person.
CIT-05946,Fully synthetic citizen; not a real person.
CIT-05947,Fully synthetic citizen; not a real person.
CIT-05948,Fully synthetic citizen; not a real person.
CIT-05949,Fully synthetic citizen; not a real person.
CIT-05950,Fully synthetic citizen; not a real person.
CIT-05951,Fully synthetic citizen; not a real person.
CIT-05952,Fully synthetic citizen; not a real person.
CIT-05953,Fully synthetic citizen; not a real person.
CIT-05954,Fully synthetic citizen; not a real person.
CIT-05955,Fully synthetic citizen; not a real person.
CIT-05956,Fully synthetic citizen; not a real person.
CIT-05957,Fully synthetic citizen; not a real person.
CIT-05958,Fully synthetic citizen; not a real person.
CIT-05959,Fully synthetic citizen; not a real person.
CIT-05960,Fully synthetic citizen; not a real person.
CIT-05961,Fully synthetic citizen; not a real person.
CIT-05962,Fully synthetic citizen; not a real person.
CIT-05963,Fully synthetic citizen; not a real person.
CIT-05964,Fully synthetic citizen; not a real person.
CIT-05965,Fully synthetic citizen; not a real person.
CIT-05966,Fully synthetic citizen; not a real person.
CIT-05967,Fully synthetic citizen; not a real person.
CIT-05968,Fully synthetic citizen; not a real person.
CIT-05969,Fully synthetic citizen; not a real person.
CIT-05970,Fully synthetic citizen; not a real person.
CIT-05971,Fully synthetic citizen; not a real person.
CIT-05972,Fully synthetic citizen; not a real person.
CIT-05973,Fully synthetic citizen; not a real person.
CIT-05974,Fully synthetic citizen; not a real person.
CIT-05975,Fully synthetic citizen; not a real person.
CIT-05976,Fully synthetic citizen; not a real person.
CIT-05977,Fully synthetic citizen; not a real person.
CIT-05978,Fully synthetic citizen; not a real person.
CIT-05979,Fully synthetic citizen; not a real person.
CIT-05980,Fully synthetic citizen; not a real person.
CIT-05981,Fully synthetic citizen; not a real person.
CIT-05982,Fully synthetic citizen; not a real person.
CIT-05983,Fully synthetic citizen; not a real person.
CIT-05984,Fully synthetic citizen; not a real person.
CIT-05985,Fully synthetic citizen; not a real person.
CIT-05986,Fully synthetic citizen; not a real person.
CIT-05987,Fully synthetic citizen; not a real person.
CIT-05988,Fully synthetic citizen; not a real person.
CIT-05989,Fully synthetic citizen; not a real person.
CIT-05990,Fully synthetic citizen; not a real person.
CIT-05991,Fully synthetic citizen; not a real person.
CIT-05992,Fully synthetic citizen; not a real person.
CIT-05993,Fully synthetic citizen; not a real person.
CIT-05994,Fully synthetic citizen; not a real person.
CIT-05995,Fully synthetic citizen; not a real person.
CIT-05996,Fully synthetic citizen; not a real person.
CIT-05997,Fully synthetic citizen; not a real person.
CIT-05998,Fully synthetic citizen; not a real person.
CIT-05999,Fully synthetic citizen; not a real person.
CIT-06000,Fully synthetic citizen; not a real person.
CIT-06001,Fully synthetic citizen; not a real person.
CIT-06002,Fully synthetic citizen; not a real person.
CIT-06003,Fully synthetic citizen; not a real person.
CIT-06004,Fully synthetic citizen; not a real person.
CIT-06005,Fully synthetic citizen; not a real person.
CIT-06006,Fully synthetic citizen; not a real person.
CIT-06007,Fully synthetic citizen; not a real person.
CIT-06008,Fully synthetic citizen; not a real person.
CIT-06009,Fully synthetic citizen; not a real person.
CIT-06010,Fully synthetic citizen; not a real person.
CIT-06011,Fully synthetic citizen; not a real person.
CIT-06012,Fully synthetic citizen; not a real person.
CIT-06013,Fully synthetic citizen; not a real person.
CIT-06014,Fully synthetic citizen; not a real person.
CIT-06015,Fully synthetic citizen; not a real person.
CIT-06016,Fully synthetic citizen; not a real person.
CIT-06017,Fully synthetic citizen; not a real person.
CIT-06018,Fully synthetic citizen; not a real person.
CIT-06019,Fully synthetic citizen; not a real person.
CIT-06020,Fully synthetic citizen; not a real person.
CIT-06021,Fully synthetic citizen; not a real person.
CIT-06022,Fully synthetic citizen; not a real person.
CIT-06023,Fully synthetic citizen; not a real person.
CIT-06024,Fully synthetic citizen; not a real person.
CIT-06025,Fully synthetic citizen; not a real person.
CIT-06026,Fully synthetic citizen; not a real person.
CIT-06027,Fully synthetic citizen; not a real person.
CIT-06028,Fully synthetic citizen; not a real person.
CIT-06029,Fully synthetic citizen; not a real person.
CIT-06030,Fully synthetic citizen; not a real person.
CIT-06031,Fully synthetic citizen; not a real person.
CIT-06032,Fully synthetic citizen; not a real person.
CIT-06033,Fully synthetic citizen; not a real person.
CIT-06034,Fully synthetic citizen; not a real person.
CIT-06035,Fully synthetic citizen; not a real person.
CIT-06036,Fully synthetic citizen; not a real person.
CIT-06037,Fully synthetic citizen; not a real person.
CIT-06038,Fully synthetic citizen; not a real person.
CIT-06039,Fully synthetic citizen; not a real person.
CIT-06040,Fully synthetic citizen; not a real person.
CIT-06041,Fully synthetic citizen; not a real person.
CIT-06042,Fully synthetic citizen; not a real person.
CIT-06043,Fully synthetic citizen; not a real person.
CIT-06044,Fully synthetic citizen; not a real person.
CIT-06045,Fully synthetic citizen; not a real person.
CIT-06046,Fully synthetic citizen; not a real person.
CIT-06047,Fully synthetic citizen; not a real person.
CIT-06048,Fully synthetic citizen; not a real person.
CIT-06049,Fully synthetic citizen; not a real person.
CIT-06050,Fully synthetic citizen; not a real person.
CIT-06051,Fully synthetic citizen; not a real person.
CIT-06052,Fully synthetic citizen; not a real person.
CIT-06053,Fully synthetic citizen; not a real person.
CIT-06054,Fully synthetic citizen; not a real person.
CIT-06055,Fully synthetic citizen; not a real person.
CIT-06056,Fully synthetic citizen; not a real person.
CIT-06057,Fully synthetic citizen; not a real person.
CIT-06058,Fully synthetic citizen; not a real person.
CIT-06059,Fully synthetic citizen; not a real person.
CIT-06060,Fully synthetic citizen; not a real person.
CIT-06061,Fully synthetic citizen; not a real person.
CIT-06062,Fully synthetic citizen; not a real person.
CIT-06063,Fully synthetic citizen; not a real person.
CIT-06064,Fully synthetic citizen; not a real person.
CIT-06065,Fully synthetic citizen; not a real person.
CIT-06066,Fully synthetic citizen; not a real person.
CIT-06067,Fully synthetic citizen; not a real person.
CIT-06068,Fully synthetic citizen; not a real person.
CIT-06069,Fully synthetic citizen; not a real person.
CIT-06070,Fully synthetic citizen; not a real person.
CIT-06071,Fully synthetic citizen; not a real person.
CIT-06072,Fully synthetic citizen; not a real person.
CIT-06073,Fully synthetic citizen; not a real person.
CIT-06074,Fully synthetic citizen; not a real person.
CIT-06075,Fully synthetic citizen; not a real person.
CIT-06076,Fully synthetic citizen; not a real person.
CIT-06077,Fully synthetic citizen; not a real person.
CIT-06078,Fully synthetic citizen; not a real person.
CIT-06079,Fully synthetic citizen; not a real person.
CIT-06080,Fully synthetic citizen; not a real person.
CIT-06081,Fully synthetic citizen; not a real person.
CIT-06082,Fully synthetic citizen; not a real person.
CIT-06083,Fully synthetic citizen; not a real person.
CIT-06084,Fully synthetic citizen; not a real person.
CIT-06085,Fully synthetic citizen; not a real person.
CIT-06086,Fully synthetic citizen; not a real person.
CIT-06087,Fully synthetic citizen; not a real person.
CIT-06088,Fully synthetic citizen; not a real person.
CIT-06089,Fully synthetic citizen; not a real person.
CIT-06090,Fully synthetic citizen; not a real person.
CIT-06091,Fully synthetic citizen; not a real person.
CIT-06092,Fully synthetic citizen; not a real person.
CIT-06093,Fully synthetic citizen; not a real person.
CIT-06094,Fully synthetic citizen; not a real person.
CIT-06095,Fully synthetic citizen; not a real person.
CIT-06096,Fully synthetic citizen; not a real person.
CIT-06097,Fully synthetic citizen; not a real person.
CIT-06098,Fully synthetic citizen; not a real person.
CIT-06099,Fully synthetic citizen; not a real person.
CIT-06100,Fully synthetic citizen; not a real person.
CIT-06101,Fully synthetic citizen; not a real person.
CIT-06102,Fully synthetic citizen; not a real person.
CIT-06103,Fully synthetic citizen; not a real person.
CIT-06104,Fully synthetic citizen; not a real person.
CIT-06105,Fully synthetic citizen; not a real person.
CIT-06106,Fully synthetic citizen; not a real person.
CIT-06107,Fully synthetic citizen; not a real person.
CIT-06108,Fully synthetic citizen; not a real person.
CIT-06109,Fully synthetic citizen; not a real person.
CIT-06110,Fully synthetic citizen; not a real person.
CIT-06111,Fully synthetic citizen; not a real person.
CIT-06112,Fully synthetic citizen; not a real person.
CIT-06113,Fully synthetic citizen; not a real person.
CIT-06114,Fully synthetic citizen; not a real person.
CIT-06115,Fully synthetic citizen; not a real person.
CIT-06116,Fully synthetic citizen; not a real person.
CIT-06117,Fully synthetic citizen; not a real person.
CIT-06118,Fully synthetic citizen; not a real person.
CIT-06119,Fully synthetic citizen; not a real person.
CIT-06120,Fully synthetic citizen; not a real person.
CIT-06121,Fully synthetic citizen; not a real person.
CIT-06122,Fully synthetic citizen; not a real person.
CIT-06123,Fully synthetic citizen; not a real person.
CIT-06124,Fully synthetic citizen; not a real person.
CIT-06125,Fully synthetic citizen; not a real person.
CIT-06126,Fully synthetic citizen; not a real person.
CIT-06127,Fully synthetic citizen; not a real person.
CIT-06128,Fully synthetic citizen; not a real person.
CIT-06129,Fully synthetic citizen; not a real person.
CIT-06130,Fully synthetic citizen; not a real person.
CIT-06131,Fully synthetic citizen; not a real person.
CIT-06132,Fully synthetic citizen; not a real person.
CIT-06133,Fully synthetic citizen; not a real person.
CIT-06134,Fully synthetic citizen; not a real person.
CIT-06135,Fully synthetic citizen; not a real person.
CIT-06136,Fully synthetic citizen; not a real person.
CIT-06137,Fully synthetic citizen; not a real person.
CIT-06138,Fully synthetic citizen; not a real person.
CIT-06139,Fully synthetic citizen; not a real person.
CIT-06140,Fully synthetic citizen; not a real person.
CIT-06141,Fully synthetic citizen; not a real person.
CIT-06142,Fully synthetic citizen; not a real person.
CIT-06143,Fully synthetic citizen; not a real person.
CIT-06144,Fully synthetic citizen; not a real person.
CIT-06145,Fully synthetic citizen; not a real person.
CIT-06146,Fully synthetic citizen; not a real person.
CIT-06147,Fully synthetic citizen; not a real person.
CIT-06148,Fully synthetic citizen; not a real person.
CIT-06149,Fully synthetic citizen; not a real person.
CIT-06150,Fully synthetic citizen; not a real person.
CIT-06151,Fully synthetic citizen; not a real person.
CIT-06152,Fully synthetic citizen; not a real person.
CIT-06153,Fully synthetic citizen; not a real person.
CIT-06154,Fully synthetic citizen; not a real person.
CIT-06155,Fully synthetic citizen; not a real person.
CIT-06156,Fully synthetic citizen; not a real person.
CIT-06157,Fully synthetic citizen; not a real person.
CIT-06158,Fully synthetic citizen; not a real person.
CIT-06159,Fully synthetic citizen; not a real person.
CIT-06160,Fully synthetic citizen; not a real person.
CIT-06161,Fully synthetic citizen; not a real person.
CIT-06162,Fully synthetic citizen; not a real person.
CIT-06163,Fully synthetic citizen; not a real person.
CIT-06164,Fully synthetic citizen; not a real person.
CIT-06165,Fully synthetic citizen; not a real person.
CIT-06166,Fully synthetic citizen; not a real person.
CIT-06167,Fully synthetic citizen; not a real person.
CIT-06168,Fully synthetic citizen; not a real person.
CIT-06169,Fully synthetic citizen; not a real person.
CIT-06170,Fully synthetic citizen; not a real person.
CIT-06171,Fully synthetic citizen; not a real person.
CIT-06172,Fully synthetic citizen; not a real person.
CIT-06173,Fully synthetic citizen; not a real person.
CIT-06174,Fully synthetic citizen; not a real person.
CIT-06175,Fully synthetic citizen; not a real person.
CIT-06176,Fully synthetic citizen; not a real person.
CIT-06177,Fully synthetic citizen; not a real person.
CIT-06178,Fully synthetic citizen; not a real person.
CIT-06179,Fully synthetic citizen; not a real person.
CIT-06180,Fully synthetic citizen; not a real person.
CIT-06181,Fully synthetic citizen; not a real person.
CIT-06182,Fully synthetic citizen; not a real person.
CIT-06183,Fully synthetic citizen; not a real person.
CIT-06184,Fully synthetic citizen; not a real person.
CIT-06185,Fully synthetic citizen; not a real person.
CIT-06186,Fully synthetic citizen; not a real person.
CIT-06187,Fully synthetic citizen; not a real person.
CIT-06188,Fully synthetic citizen; not a real person.
CIT-06189,Fully synthetic citizen; not a real person.
CIT-06190,Fully synthetic citizen; not a real person.
CIT-06191,Fully synthetic citizen; not a real person.
CIT-06192,Fully synthetic citizen; not a real person.
CIT-06193,Fully synthetic citizen; not a real person.
CIT-06194,Fully synthetic citizen; not a real person.
CIT-06195,Fully synthetic citizen; not a real person.
CIT-06196,Fully synthetic citizen; not a real person.
CIT-06197,Fully synthetic citizen; not a real person.
CIT-06198,Fully synthetic citizen; not a real person.
CIT-06199,Fully synthetic citizen; not a real person.
CIT-06200,Fully synthetic citizen; not a real person.
CIT-06201,Fully synthetic citizen; not a real person.
CIT-06202,Fully synthetic citizen; not a real person.
CIT-06203,Fully synthetic citizen; not a real person.
CIT-06204,Fully synthetic citizen; not a real person.
CIT-06205,Fully synthetic citizen; not a real person.
CIT-06206,Fully synthetic citizen; not a real person.
CIT-06207,Fully synthetic citizen; not a real person.
CIT-06208,Fully synthetic citizen; not a real person.
CIT-06209,Fully synthetic citizen; not a real person.
CIT-06210,Fully synthetic citizen; not a real person.
CIT-06211,Fully synthetic citizen; not a real person.
CIT-06212,Fully synthetic citizen; not a real person.
CIT-06213,Fully synthetic citizen; not a real person.
CIT-06214,Fully synthetic citizen; not a real person.
CIT-06215,Fully synthetic citizen; not a real person.
CIT-06216,Fully synthetic citizen; not a real person.
CIT-06217,Fully synthetic citizen; not a real person.
CIT-06218,Fully synthetic citizen; not a real person.
CIT-06219,Fully synthetic citizen; not a real person.
CIT-06220,Fully synthetic citizen; not a real person.
CIT-06221,Fully synthetic citizen; not a real person.
CIT-06222,Fully synthetic citizen; not a real person.
CIT-06223,Fully synthetic citizen; not a real person.
CIT-06224,Fully synthetic citizen; not a real person.
CIT-06225,Fully synthetic citizen; not a real person.
CIT-06226,Fully synthetic citizen; not a real person.
CIT-06227,Fully synthetic citizen; not a real person.
CIT-06228,Fully synthetic citizen; not a real person.
CIT-06229,Fully synthetic citizen; not a real person.
CIT-06230,Fully synthetic citizen; not a real person.
CIT-06231,Fully synthetic citizen; not a real person.
CIT-06232,Fully synthetic citizen; not a real person.
CIT-06233,Fully synthetic citizen; not a real person.
CIT-06234,Fully synthetic citizen; not a real person.
CIT-06235,Fully synthetic citizen; not a real person.
CIT-06236,Fully synthetic citizen; not a real person.
CIT-06237,Fully synthetic citizen; not a real person.
CIT-06238,Fully synthetic citizen; not a real person.
CIT-06239,Fully synthetic citizen; not a real person.
CIT-06240,Fully synthetic citizen; not a real person.
CIT-06241,Fully synthetic citizen; not a real person.
CIT-06242,Fully synthetic citizen; not a real person.
CIT-06243,Fully synthetic citizen; not a real person.
CIT-06244,Fully synthetic citizen; not a real person.
CIT-06245,Fully synthetic citizen; not a real person.
CIT-06246,Fully synthetic citizen; not a real person.
CIT-06247,Fully synthetic citizen; not a real person.
CIT-06248,Fully synthetic citizen; not a real person.
CIT-06249,Fully synthetic citizen; not a real person.
CIT-06250,Fully synthetic citizen; not a real person.
CIT-06251,Fully synthetic citizen; not a real person.
CIT-06252,Fully synthetic citizen; not a real person.
CIT-06253,Fully synthetic citizen; not a real person.
CIT-06254,Fully synthetic citizen; not a real person.
CIT-06255,Fully synthetic citizen; not a real person.
CIT-06256,Fully synthetic citizen; not a real person.
CIT-06257,Fully synthetic citizen; not a real person.
CIT-06258,Fully synthetic citizen; not a real person.
CIT-06259,Fully synthetic citizen; not a real person.
CIT-06260,Fully synthetic citizen; not a real person.
CIT-06261,Fully synthetic citizen; not a real person.
CIT-06262,Fully synthetic citizen; not a real person.
CIT-06263,Fully synthetic citizen; not a real person.
CIT-06264,Fully synthetic citizen; not a real person.
CIT-06265,Fully synthetic citizen; not a real person.
CIT-06266,Fully synthetic citizen; not a real person.
CIT-06267,Fully synthetic citizen; not a real person.
CIT-06268,Fully synthetic citizen; not a real person.
CIT-06269,Fully synthetic citizen; not a real person.
CIT-06270,Fully synthetic citizen; not a real person.
CIT-06271,Fully synthetic citizen; not a real person.
CIT-06272,Fully synthetic citizen; not a real person.
CIT-06273,Fully synthetic citizen; not a real person.
CIT-06274,Fully synthetic citizen; not a real person.
CIT-06275,Fully synthetic citizen; not a real person.
CIT-06276,Fully synthetic citizen; not a real person.
CIT-06277,Fully synthetic citizen; not a real person.
CIT-06278,Fully synthetic citizen; not a real person.
CIT-06279,Fully synthetic citizen; not a real person.
CIT-06280,Fully synthetic citizen; not a real person.
CIT-06281,Fully synthetic citizen; not a real person.
CIT-06282,Fully synthetic citizen; not a real person.
CIT-06283,Fully synthetic citizen; not a real person.
CIT-06284,Fully synthetic citizen; not a real person.
CIT-06285,Fully synthetic citizen; not a real person.
CIT-06286,Fully synthetic citizen; not a real person.
CIT-06287,Fully synthetic citizen; not a real person.
CIT-06288,Fully synthetic citizen; not a real person.
CIT-06289,Fully synthetic citizen; not a real person.
CIT-06290,Fully synthetic citizen; not a real person.
CIT-06291,Fully synthetic citizen; not a real person.
CIT-06292,Fully synthetic citizen; not a real person.
CIT-06293,Fully synthetic citizen; not a real person.
CIT-06294,Fully synthetic citizen; not a real person.
CIT-06295,Fully synthetic citizen; not a real person.
CIT-06296,Fully synthetic citizen; not a real person.
CIT-06297,Fully synthetic citizen; not a real person.
CIT-06298,Fully synthetic citizen; not a real person.
CIT-06299,Fully synthetic citizen; not a real person.
CIT-06300,Fully synthetic citizen; not a real person.
CIT-06301,Fully synthetic citizen; not a real person.
CIT-06302,Fully synthetic citizen; not a real person.
CIT-06303,Fully synthetic citizen; not a real person.
CIT-06304,Fully synthetic citizen; not a real person.
CIT-06305,Fully synthetic citizen; not a real person.
CIT-06306,Fully synthetic citizen; not a real person.
CIT-06307,Fully synthetic citizen; not a real person.
CIT-06308,Fully synthetic citizen; not a real person.
CIT-06309,Fully synthetic citizen; not a real person.
CIT-06310,Fully synthetic citizen; not a real person.
CIT-06311,Fully synthetic citizen; not a real person.
CIT-06312,Fully synthetic citizen; not a real person.
CIT-06313,Fully synthetic citizen; not a real person.
CIT-06314,Fully synthetic citizen; not a real person.
CIT-06315,Fully synthetic citizen; not a real person.
CIT-06316,Fully synthetic citizen; not a real person.
CIT-06317,Fully synthetic citizen; not a real person.
CIT-06318,Fully synthetic citizen; not a real person.
CIT-06319,Fully synthetic citizen; not a real person.
CIT-06320,Fully synthetic citizen; not a real person.
CIT-06321,Fully synthetic citizen; not a real person.
CIT-06322,Fully synthetic citizen; not a real person.
CIT-06323,Fully synthetic citizen; not a real person.
CIT-06324,Fully synthetic citizen; not a real person.
CIT-06325,Fully synthetic citizen; not a real person.
CIT-06326,Fully synthetic citizen; not a real person.
CIT-06327,Fully synthetic citizen; not a real person.
CIT-06328,Fully synthetic citizen; not a real person.
CIT-06329,Fully synthetic citizen; not a real person.
CIT-06330,Fully synthetic citizen; not a real person.
CIT-06331,Fully synthetic citizen; not a real person.
CIT-06332,Fully synthetic citizen; not a real person.
CIT-06333,Fully synthetic citizen; not a real person.
CIT-06334,Fully synthetic citizen; not a real person.
CIT-06335,Fully synthetic citizen; not a real person.
CIT-06336,Fully synthetic citizen; not a real person.
CIT-06337,Fully synthetic citizen; not a real person.
CIT-06338,Fully synthetic citizen; not a real person.
CIT-06339,Fully synthetic citizen; not a real person.
CIT-06340,Fully synthetic citizen; not a real person.
CIT-06341,Fully synthetic citizen; not a real person.
CIT-06342,Fully synthetic citizen; not a real person.
CIT-06343,Fully synthetic citizen; not a real person.
CIT-06344,Fully synthetic citizen; not a real person.
CIT-06345,Fully synthetic citizen; not a real person.
CIT-06346,Fully synthetic citizen; not a real person.
CIT-06347,Fully synthetic citizen; not a real person.
CIT-06348,Fully synthetic citizen; not a real person.
CIT-06349,Fully synthetic citizen; not a real person.
CIT-06350,Fully synthetic citizen; not a real person.
CIT-06351,Fully synthetic citizen; not a real person.
CIT-06352,Fully synthetic citizen; not a real person.
CIT-06353,Fully synthetic citizen; not a real person.
CIT-06354,Fully synthetic citizen; not a real person.
CIT-06355,Fully synthetic citizen; not a real person.
CIT-06356,Fully synthetic citizen; not a real person.
CIT-06357,Fully synthetic citizen; not a real person.
CIT-06358,Fully synthetic citizen; not a real person.
CIT-06359,Fully synthetic citizen; not a real person.
CIT-06360,Fully synthetic citizen; not a real person.
CIT-06361,Fully synthetic citizen; not a real person.
CIT-06362,Fully synthetic citizen; not a real person.
CIT-06363,Fully synthetic citizen; not a real person.
CIT-06364,Fully synthetic citizen; not a real person.
CIT-06365,Fully synthetic citizen; not a real person.
CIT-06366,Fully synthetic citizen; not a real person.
CIT-06367,Fully synthetic citizen; not a real person.
CIT-06368,Fully synthetic citizen; not a real person.
CIT-06369,Fully synthetic citizen; not a real person.
CIT-06370,Fully synthetic citizen; not a real person.
CIT-06371,Fully synthetic citizen; not a real person.
CIT-06372,Fully synthetic citizen; not a real person.
CIT-06373,Fully synthetic citizen; not a real person.
CIT-06374,Fully synthetic citizen; not a real person.
CIT-06375,Fully synthetic citizen; not a real person.
CIT-06376,Fully synthetic citizen; not a real person.
CIT-06377,Fully synthetic citizen; not a real person.
CIT-06378,Fully synthetic citizen; not a real person.
CIT-06379,Fully synthetic citizen; not a real person.
CIT-06380,Fully synthetic citizen; not a real person.
CIT-06381,Fully synthetic citizen; not a real person.
CIT-06382,Fully synthetic citizen; not a real person.
CIT-06383,Fully synthetic citizen; not a real person.
CIT-06384,Fully synthetic citizen; not a real person.
CIT-06385,Fully synthetic citizen; not a real person.
CIT-06386,Fully synthetic citizen; not a real person.
CIT-06387,Fully synthetic citizen; not a real person.
CIT-06388,Fully synthetic citizen; not a real person.
CIT-06389,Fully synthetic citizen; not a real person.
CIT-06390,Fully synthetic citizen; not a real person.
CIT-06391,Fully synthetic citizen; not a real person.
CIT-06392,Fully synthetic citizen; not a real person.
CIT-06393,Fully synthetic citizen; not a real person.
CIT-06394,Fully synthetic citizen; not a real person.
CIT-06395,Fully synthetic citizen; not a real person.
CIT-06396,Fully synthetic citizen; not a real person.
CIT-06397,Fully synthetic citizen; not a real person.
CIT-06398,Fully synthetic citizen; not a real person.
CIT-06399,Fully synthetic citizen; not a real person.
CIT-06400,Fully synthetic citizen; not a real person.
CIT-06401,Fully synthetic citizen; not a real person.
CIT-06402,Fully synthetic citizen; not a real person.
CIT-06403,Fully synthetic citizen; not a real person.
CIT-06404,Fully synthetic citizen; not a real person.
CIT-06405,Fully synthetic citizen; not a real person.
CIT-06406,Fully synthetic citizen; not a real person.
CIT-06407,Fully synthetic citizen; not a real person.
CIT-06408,Fully synthetic citizen; not a real person.
CIT-06409,Fully synthetic citizen; not a real person.
CIT-06410,Fully synthetic citizen; not a real person.
CIT-06411,Fully synthetic citizen; not a real person.
CIT-06412,Fully synthetic citizen; not a real person.
CIT-06413,Fully synthetic citizen; not a real person.
CIT-06414,Fully synthetic citizen; not a real person.
CIT-06415,Fully synthetic citizen; not a real person.
CIT-06416,Fully synthetic citizen; not a real person.
CIT-06417,Fully synthetic citizen; not a real person.
CIT-06418,Fully synthetic citizen; not a real person.
CIT-06419,Fully synthetic citizen; not a real person.
CIT-06420,Fully synthetic citizen; not a real person.
CIT-06421,Fully synthetic citizen; not a real person.
CIT-06422,Fully synthetic citizen; not a real person.
CIT-06423,Fully synthetic citizen; not a real person.
CIT-06424,Fully synthetic citizen; not a real person.
CIT-06425,Fully synthetic citizen; not a real person.
CIT-06426,Fully synthetic citizen; not a real person.
CIT-06427,Fully synthetic citizen; not a real person.
CIT-06428,Fully synthetic citizen; not a real person.
CIT-06429,Fully synthetic citizen; not a real person.
CIT-06430,Fully synthetic citizen; not a real person.
CIT-06431,Fully synthetic citizen; not a real person.
CIT-06432,Fully synthetic citizen; not a real person.
CIT-06433,Fully synthetic citizen; not a real person.
CIT-06434,Fully synthetic citizen; not a real person.
CIT-06435,Fully synthetic citizen; not a real person.
CIT-06436,Fully synthetic citizen; not a real person.
CIT-06437,Fully synthetic citizen; not a real person.
CIT-06438,Fully synthetic citizen; not a real person.
CIT-06439,Fully synthetic citizen; not a real person.
CIT-06440,Fully synthetic citizen; not a real person.
CIT-06441,Fully synthetic citizen; not a real person.
CIT-06442,Fully synthetic citizen; not a real person.
CIT-06443,Fully synthetic citizen; not a real person.
CIT-06444,Fully synthetic citizen; not a real person.
CIT-06445,Fully synthetic citizen; not a real person.
CIT-06446,Fully synthetic citizen; not a real person.
CIT-06447,Fully synthetic citizen; not a real person.
CIT-06448,Fully synthetic citizen; not a real person.
CIT-06449,Fully synthetic citizen; not a real person.
CIT-06450,Fully synthetic citizen; not a real person.
CIT-06451,Fully synthetic citizen; not a real person.
CIT-06452,Fully synthetic citizen; not a real person.
CIT-06453,Fully synthetic citizen; not a real person.
CIT-06454,Fully synthetic citizen; not a real person.
CIT-06455,Fully synthetic citizen; not a real person.
CIT-06456,Fully synthetic citizen; not a real person.
CIT-06457,Fully synthetic citizen; not a real person.
CIT-06458,Fully synthetic citizen; not a real person.
CIT-06459,Fully synthetic citizen; not a real person.
CIT-06460,Fully synthetic citizen; not a real person.
CIT-06461,Fully synthetic citizen; not a real person.
CIT-06462,Fully synthetic citizen; not a real person.
CIT-06463,Fully synthetic citizen; not a real person.
CIT-06464,Fully synthetic citizen; not a real person.
CIT-06465,Fully synthetic citizen; not a real person.
CIT-06466,Fully synthetic citizen; not a real person.
CIT-06467,Fully synthetic citizen; not a real person.
CIT-06468,Fully synthetic citizen; not a real person.
CIT-06469,Fully synthetic citizen; not a real person.
CIT-06470,Fully synthetic citizen; not a real person.
CIT-06471,Fully synthetic citizen; not a real person.
CIT-06472,Fully synthetic citizen; not a real person.
CIT-06473,Fully synthetic citizen; not a real person.
CIT-06474,Fully synthetic citizen; not a real person.
CIT-06475,Fully synthetic citizen; not a real person.
CIT-06476,Fully synthetic citizen; not a real person.
CIT-06477,Fully synthetic citizen; not a real person.
CIT-06478,Fully synthetic citizen; not a real person.
CIT-06479,Fully synthetic citizen; not a real person.
CIT-06480,Fully synthetic citizen; not a real person.
CIT-06481,Fully synthetic citizen; not a real person.
CIT-06482,Fully synthetic citizen; not a real person.
CIT-06483,Fully synthetic citizen; not a real person.
CIT-06484,Fully synthetic citizen; not a real person.
CIT-06485,Fully synthetic citizen; not a real person.
CIT-06486,Fully synthetic citizen; not a real person.
CIT-06487,Fully synthetic citizen; not a real person.
CIT-06488,Fully synthetic citizen; not a real person.
CIT-06489,Fully synthetic citizen; not a real person.
CIT-06490,Fully synthetic citizen; not a real person.
CIT-06491,Fully synthetic citizen; not a real person.
CIT-06492,Fully synthetic citizen; not a real person.
CIT-06493,Fully synthetic citizen; not a real person.
CIT-06494,Fully synthetic citizen; not a real person.
CIT-06495,Fully synthetic citizen; not a real person.
CIT-06496,Fully synthetic citizen; not a real person.
CIT-06497,Fully synthetic citizen; not a real person.
CIT-06498,Fully synthetic citizen; not a real person.
CIT-06499,Fully synthetic citizen; not a real person.
CIT-06500,Fully synthetic citizen; not a real person.
CIT-06501,Fully synthetic citizen; not a real person.
CIT-06502,Fully synthetic citizen; not a real person.
CIT-06503,Fully synthetic citizen; not a real person.
CIT-06504,Fully synthetic citizen; not a real person.
CIT-06505,Fully synthetic citizen; not a real person.
CIT-06506,Fully synthetic citizen; not a real person.
CIT-06507,Fully synthetic citizen; not a real person.
CIT-06508,Fully synthetic citizen; not a real person.
CIT-06509,Fully synthetic citizen; not a real person.
CIT-06510,Fully synthetic citizen; not a real person.
CIT-06511,Fully synthetic citizen; not a real person.
CIT-06512,Fully synthetic citizen; not a real person.
CIT-06513,Fully synthetic citizen; not a real person.
CIT-06514,Fully synthetic citizen; not a real person.
CIT-06515,Fully synthetic citizen; not a real person.
CIT-06516,Fully synthetic citizen; not a real person.
CIT-06517,Fully synthetic citizen; not a real person.
CIT-06518,Fully synthetic citizen; not a real person.
CIT-06519,Fully synthetic citizen; not a real person.
CIT-06520,Fully synthetic citizen; not a real person.
CIT-06521,Fully synthetic citizen; not a real person.
CIT-06522,Fully synthetic citizen; not a real person.
CIT-06523,Fully synthetic citizen; not a real person.
CIT-06524,Fully synthetic citizen; not a real person.
CIT-06525,Fully synthetic citizen; not a real person.
CIT-06526,Fully synthetic citizen; not a real person.
CIT-06527,Fully synthetic citizen; not a real person.
CIT-06528,Fully synthetic citizen; not a real person.
CIT-06529,Fully synthetic citizen; not a real person.
CIT-06530,Fully synthetic citizen; not a real person.
CIT-06531,Fully synthetic citizen; not a real person.
CIT-06532,Fully synthetic citizen; not a real person.
CIT-06533,Fully synthetic citizen; not a real person.
CIT-06534,Fully synthetic citizen; not a real person.
CIT-06535,Fully synthetic citizen; not a real person.
CIT-06536,Fully synthetic citizen; not a real person.
CIT-06537,Fully synthetic citizen; not a real person.
CIT-06538,Fully synthetic citizen; not a real person.
CIT-06539,Fully synthetic citizen; not a real person.
CIT-06540,Fully synthetic citizen; not a real person.
CIT-06541,Fully synthetic citizen; not a real person.
CIT-06542,Fully synthetic citizen; not a real person.
CIT-06543,Fully synthetic citizen; not a real person.
CIT-06544,Fully synthetic citizen; not a real person.
CIT-06545,Fully synthetic citizen; not a real person.
CIT-06546,Fully synthetic citizen; not a real person.
CIT-06547,Fully synthetic citizen; not a real person.
CIT-06548,Fully synthetic citizen; not a real person.
CIT-06549,Fully synthetic citizen; not a real person.
CIT-06550,Fully synthetic citizen; not a real person.
CIT-06551,Fully synthetic citizen; not a real person.
CIT-06552,Fully synthetic citizen; not a real person.
CIT-06553,Fully synthetic citizen; not a real person.
CIT-06554,Fully synthetic citizen; not a real person.
CIT-06555,Fully synthetic citizen; not a real person.
CIT-06556,Fully synthetic citizen; not a real person.
CIT-06557,Fully synthetic citizen; not a real person.
CIT-06558,Fully synthetic citizen; not a real person.
CIT-06559,Fully synthetic citizen; not a real person.
CIT-06560,Fully synthetic citizen; not a real person.
CIT-06561,Fully synthetic citizen; not a real person.
CIT-06562,Fully synthetic citizen; not a real person.
CIT-06563,Fully synthetic citizen; not a real person.
CIT-06564,Fully synthetic citizen; not a real person.
CIT-06565,Fully synthetic citizen; not a real person.
CIT-06566,Fully synthetic citizen; not a real person.
CIT-06567,Fully synthetic citizen; not a real person.
CIT-06568,Fully synthetic citizen; not a real person.
CIT-06569,Fully synthetic citizen; not a real person.
CIT-06570,Fully synthetic citizen; not a real person.
CIT-06571,Fully synthetic citizen; not a real person.
CIT-06572,Fully synthetic citizen; not a real person.
CIT-06573,Fully synthetic citizen; not a real person.
CIT-06574,Fully synthetic citizen; not a real person.
CIT-06575,Fully synthetic citizen; not a real person.
CIT-06576,Fully synthetic citizen; not a real person.
CIT-06577,Fully synthetic citizen; not a real person.
CIT-06578,Fully synthetic citizen; not a real person.
CIT-06579,Fully synthetic citizen; not a real person.
CIT-06580,Fully synthetic citizen; not a real person.
CIT-06581,Fully synthetic citizen; not a real person.
CIT-06582,Fully synthetic citizen; not a real person.
CIT-06583,Fully synthetic citizen; not a real person.
CIT-06584,Fully synthetic citizen; not a real person.
CIT-06585,Fully synthetic citizen; not a real person.
CIT-06586,Fully synthetic citizen; not a real person.
CIT-06587,Fully synthetic citizen; not a real person.
CIT-06588,Fully synthetic citizen; not a real person.
CIT-06589,Fully synthetic citizen; not a real person.
CIT-06590,Fully synthetic citizen; not a real person.
CIT-06591,Fully synthetic citizen; not a real person.
CIT-06592,Fully synthetic citizen; not a real person.
CIT-06593,Fully synthetic citizen; not a real person.
CIT-06594,Fully synthetic citizen; not a real person.
CIT-06595,Fully synthetic citizen; not a real person.
CIT-06596,Fully synthetic citizen; not a real person.
CIT-06597,Fully synthetic citizen; not a real person.
CIT-06598,Fully synthetic citizen; not a real person.
CIT-06599,Fully synthetic citizen; not a real person.
CIT-06600,Fully synthetic citizen; not a real person.
CIT-06601,Fully synthetic citizen; not a real person.
CIT-06602,Fully synthetic citizen; not a real person.
CIT-06603,Fully synthetic citizen; not a real person.
CIT-06604,Fully synthetic citizen; not a real person.
CIT-06605,Fully synthetic citizen; not a real person.
CIT-06606,Fully synthetic citizen; not a real person.
CIT-06607,Fully synthetic citizen; not a real person.
CIT-06608,Fully synthetic citizen; not a real person.
CIT-06609,Fully synthetic citizen; not a real person.
CIT-06610,Fully synthetic citizen; not a real person.
CIT-06611,Fully synthetic citizen; not a real person.
CIT-06612,Fully synthetic citizen; not a real person.
CIT-06613,Fully synthetic citizen; not a real person.
CIT-06614,Fully synthetic citizen; not a real person.
CIT-06615,Fully synthetic citizen; not a real person.
CIT-06616,Fully synthetic citizen; not a real person.
CIT-06617,Fully synthetic citizen; not a real person.
CIT-06618,Fully synthetic citizen; not a real person.
CIT-06619,Fully synthetic citizen; not a real person.
CIT-06620,Fully synthetic citizen; not a real person.
CIT-06621,Fully synthetic citizen; not a real person.
CIT-06622,Fully synthetic citizen; not a real person.
CIT-06623,Fully synthetic citizen; not a real person.
CIT-06624,Fully synthetic citizen; not a real person.
CIT-06625,Fully synthetic citizen; not a real person.
CIT-06626,Fully synthetic citizen; not a real person.
CIT-06627,Fully synthetic citizen; not a real person.
CIT-06628,Fully synthetic citizen; not a real person.
CIT-06629,Fully synthetic citizen; not a real person.
CIT-06630,Fully synthetic citizen; not a real person.
CIT-06631,Fully synthetic citizen; not a real person.
CIT-06632,Fully synthetic citizen; not a real person.
CIT-06633,Fully synthetic citizen; not a real person.
CIT-06634,Fully synthetic citizen; not a real person.
CIT-06635,Fully synthetic citizen; not a real person.
CIT-06636,Fully synthetic citizen; not a real person.
CIT-06637,Fully synthetic citizen; not a real person.
CIT-06638,Fully synthetic citizen; not a real person.
CIT-06639,Fully synthetic citizen; not a real person.
CIT-06640,Fully synthetic citizen; not a real person.
CIT-06641,Fully synthetic citizen; not a real person.
CIT-06642,Fully synthetic citizen; not a real person.
CIT-06643,Fully synthetic citizen; not a real person.
CIT-06644,Fully synthetic citizen; not a real person.
CIT-06645,Fully synthetic citizen; not a real person.
CIT-06646,Fully synthetic citizen; not a real person.
CIT-06647,Fully synthetic citizen; not a real person.
CIT-06648,Fully synthetic citizen; not a real person.
CIT-06649,Fully synthetic citizen; not a real person.
CIT-06650,Fully synthetic citizen; not a real person.
CIT-06651,Fully synthetic citizen; not a real person.
CIT-06652,Fully synthetic citizen; not a real person.
CIT-06653,Fully synthetic citizen; not a real person.
CIT-06654,Fully synthetic citizen; not a real person.
CIT-06655,Fully synthetic citizen; not a real person.
CIT-06656,Fully synthetic citizen; not a real person.
CIT-06657,Fully synthetic citizen; not a real person.
CIT-06658,Fully synthetic citizen; not a real person.
CIT-06659,Fully synthetic citizen; not a real person.
CIT-06660,Fully synthetic citizen; not a real person.
CIT-06661,Fully synthetic citizen; not a real person.
CIT-06662,Fully synthetic citizen; not a real person.
CIT-06663,Fully synthetic citizen; not a real person.
CIT-06664,Fully synthetic citizen; not a real person.
CIT-06665,Fully synthetic citizen; not a real person.
CIT-06666,Fully synthetic citizen; not a real person.
CIT-06667,Fully synthetic citizen; not a real person.
CIT-06668,Fully synthetic citizen; not a real person.
CIT-06669,Fully synthetic citizen; not a real person.
CIT-06670,Fully synthetic citizen; not a real person.
CIT-06671,Fully synthetic citizen; not a real person.
CIT-06672,Fully synthetic citizen; not a real person.
CIT-06673,Fully synthetic citizen; not a real person.
CIT-06674,Fully synthetic citizen; not a real person.
CIT-06675,Fully synthetic citizen; not a real person.
CIT-06676,Fully synthetic citizen; not a real person.
CIT-06677,Fully synthetic citizen; not a real person.
CIT-06678,Fully synthetic citizen; not a real person.
CIT-06679,Fully synthetic citizen; not a real person.
CIT-06680,Fully synthetic citizen; not a real person.
CIT-06681,Fully synthetic citizen; not a real person.
CIT-06682,Fully synthetic citizen; not a real person.
CIT-06683,Fully synthetic citizen; not a real person.
CIT-06684,Fully synthetic citizen; not a real person.
CIT-06685,Fully synthetic citizen; not a real person.
CIT-06686,Fully synthetic citizen; not a real person.
CIT-06687,Fully synthetic citizen; not a real person.
CIT-06688,Fully synthetic citizen; not a real person.
CIT-06689,Fully synthetic citizen; not a real person.
CIT-06690,Fully synthetic citizen; not a real person.
CIT-06691,Fully synthetic citizen; not a real person.
CIT-06692,Fully synthetic citizen; not a real person.
CIT-06693,Fully synthetic citizen; not a real person.
CIT-06694,Fully synthetic citizen; not a real person.
CIT-06695,Fully synthetic citizen; not a real person.
CIT-06696,Fully synthetic citizen; not a real person.
CIT-06697,Fully synthetic citizen; not a real person.
CIT-06698,Fully synthetic citizen; not a real person.
CIT-06699,Fully synthetic citizen; not a real person.
CIT-06700,Fully synthetic citizen; not a real person.
CIT-06701,Fully synthetic citizen; not a real person.
CIT-06702,Fully synthetic citizen; not a real person.
CIT-06703,Fully synthetic citizen; not a real person.
CIT-06704,Fully synthetic citizen; not a real person.
CIT-06705,Fully synthetic citizen; not a real person.
CIT-06706,Fully synthetic citizen; not a real person.
CIT-06707,Fully synthetic citizen; not a real person.
CIT-06708,Fully synthetic citizen; not a real person.
CIT-06709,Fully synthetic citizen; not a real person.
CIT-06710,Fully synthetic citizen; not a real person.
CIT-06711,Fully synthetic citizen; not a real person.
CIT-06712,Fully synthetic citizen; not a real person.
CIT-06713,Fully synthetic citizen; not a real person.
CIT-06714,Fully synthetic citizen; not a real person.
CIT-06715,Fully synthetic citizen; not a real person.
CIT-06716,Fully synthetic citizen; not a real person.
CIT-06717,Fully synthetic citizen; not a real person.
CIT-06718,Fully synthetic citizen; not a real person.
CIT-06719,Fully synthetic citizen; not a real person.
CIT-06720,Fully synthetic citizen; not a real person.
CIT-06721,Fully synthetic citizen; not a real person.
CIT-06722,Fully synthetic citizen; not a real person.
CIT-06723,Fully synthetic citizen; not a real person.
CIT-06724,Fully synthetic citizen; not a real person.
CIT-06725,Fully synthetic citizen; not a real person.
CIT-06726,Fully synthetic citizen; not a real person.
CIT-06727,Fully synthetic citizen; not a real person.
CIT-06728,Fully synthetic citizen; not a real person.
CIT-06729,Fully synthetic citizen; not a real person.
CIT-06730,Fully synthetic citizen; not a real person.
CIT-06731,Fully synthetic citizen; not a real person.
CIT-06732,Fully synthetic citizen; not a real person.
CIT-06733,Fully synthetic citizen; not a real person.
CIT-06734,Fully synthetic citizen; not a real person.
CIT-06735,Fully synthetic citizen; not a real person.
CIT-06736,Fully synthetic citizen; not a real person.
CIT-06737,Fully synthetic citizen; not a real person.
CIT-06738,Fully synthetic citizen; not a real person.
CIT-06739,Fully synthetic citizen; not a real person.
CIT-06740,Fully synthetic citizen; not a real person.
CIT-06741,Fully synthetic citizen; not a real person.
CIT-06742,Fully synthetic citizen; not a real person.
CIT-06743,Fully synthetic citizen; not a real person.
CIT-06744,Fully synthetic citizen; not a real person.
CIT-06745,Fully synthetic citizen; not a real person.
CIT-06746,Fully synthetic citizen; not a real person.
CIT-06747,Fully synthetic citizen; not a real person.
CIT-06748,Fully synthetic citizen; not a real person.
CIT-06749,Fully synthetic citizen; not a real person.
CIT-06750,Fully synthetic citizen; not a real person.
CIT-06751,Fully synthetic citizen; not a real person.
CIT-06752,Fully synthetic citizen; not a real person.
CIT-06753,Fully synthetic citizen; not a real person.
CIT-06754,Fully synthetic citizen; not a real person.
CIT-06755,Fully synthetic citizen; not a real person.
CIT-06756,Fully synthetic citizen; not a real person.
CIT-06757,Fully synthetic citizen; not a real person.
CIT-06758,Fully synthetic citizen; not a real person.
CIT-06759,Fully synthetic citizen; not a real person.
CIT-06760,Fully synthetic citizen; not a real person.
CIT-06761,Fully synthetic citizen; not a real person.
CIT-06762,Fully synthetic citizen; not a real person.
CIT-06763,Fully synthetic citizen; not a real person.
CIT-06764,Fully synthetic citizen; not a real person.
CIT-06765,Fully synthetic citizen; not a real person.
CIT-06766,Fully synthetic citizen; not a real person.
CIT-06767,Fully synthetic citizen; not a real person.
CIT-06768,Fully synthetic citizen; not a real person.
CIT-06769,Fully synthetic citizen; not a real person.
CIT-06770,Fully synthetic citizen; not a real person.
CIT-06771,Fully synthetic citizen; not a real person.
CIT-06772,Fully synthetic citizen; not a real person.
CIT-06773,Fully synthetic citizen; not a real person.
CIT-06774,Fully synthetic citizen; not a real person.
CIT-06775,Fully synthetic citizen; not a real person.
CIT-06776,Fully synthetic citizen; not a real person.
CIT-06777,Fully synthetic citizen; not a real person.
CIT-06778,Fully synthetic citizen; not a real person.
CIT-06779,Fully synthetic citizen; not a real person.
CIT-06780,Fully synthetic citizen; not a real person.
CIT-06781,Fully synthetic citizen; not a real person.
CIT-06782,Fully synthetic citizen; not a real person.
CIT-06783,Fully synthetic citizen; not a real person.
CIT-06784,Fully synthetic citizen; not a real person.
CIT-06785,Fully synthetic citizen; not a real person.
CIT-06786,Fully synthetic citizen; not a real person.
CIT-06787,Fully synthetic citizen; not a real person.
CIT-06788,Fully synthetic citizen; not a real person.
CIT-06789,Fully synthetic citizen; not a real person.
CIT-06790,Fully synthetic citizen; not a real person.
CIT-06791,Fully synthetic citizen; not a real person.
CIT-06792,Fully synthetic citizen; not a real person.
CIT-06793,Fully synthetic citizen; not a real person.
CIT-06794,Fully synthetic citizen; not a real person.
CIT-06795,Fully synthetic citizen; not a real person.
CIT-06796,Fully synthetic citizen; not a real person.
CIT-06797,Fully synthetic citizen; not a real person.
CIT-06798,Fully synthetic citizen; not a real person.
CIT-06799,Fully synthetic citizen; not a real person.
CIT-06800,Fully synthetic citizen; not a real person.
CIT-06801,Fully synthetic citizen; not a real person.
CIT-06802,Fully synthetic citizen; not a real person.
CIT-06803,Fully synthetic citizen; not a real person.
CIT-06804,Fully synthetic citizen; not a real person.
CIT-06805,Fully synthetic citizen; not a real person.
CIT-06806,Fully synthetic citizen; not a real person.
CIT-06807,Fully synthetic citizen; not a real person.
CIT-06808,Fully synthetic citizen; not a real person.
CIT-06809,Fully synthetic citizen; not a real person.
CIT-06810,Fully synthetic citizen; not a real person.
CIT-06811,Fully synthetic citizen; not a real person.
CIT-06812,Fully synthetic citizen; not a real person.
CIT-06813,Fully synthetic citizen; not a real person.
CIT-06814,Fully synthetic citizen; not a real person.
CIT-06815,Fully synthetic citizen; not a real person.
CIT-06816,Fully synthetic citizen; not a real person.
CIT-06817,Fully synthetic citizen; not a real person.
CIT-06818,Fully synthetic citizen; not a real person.
CIT-06819,Fully synthetic citizen; not a real person.
CIT-06820,Fully synthetic citizen; not a real person.
CIT-06821,Fully synthetic citizen; not a real person.
CIT-06822,Fully synthetic citizen; not a real person.
CIT-06823,Fully synthetic citizen; not a real person.
CIT-06824,Fully synthetic citizen; not a real person.
CIT-06825,Fully synthetic citizen; not a real person.
CIT-06826,Fully synthetic citizen; not a real person.
CIT-06827,Fully synthetic citizen; not a real person.
CIT-06828,Fully synthetic citizen; not a real person.
CIT-06829,Fully synthetic citizen; not a real person.
CIT-06830,Fully synthetic citizen; not a real person.
CIT-06831,Fully synthetic citizen; not a real person.
CIT-06832,Fully synthetic citizen; not a real person.
CIT-06833,Fully synthetic citizen; not a real person.
CIT-06834,Fully synthetic citizen; not a real person.
CIT-06835,Fully synthetic citizen; not a real person.
CIT-06836,Fully synthetic citizen; not a real person.
CIT-06837,Fully synthetic citizen; not a real person.
CIT-06838,Fully synthetic citizen; not a real person.
CIT-06839,Fully synthetic citizen; not a real person.
CIT-06840,Fully synthetic citizen; not a real person.
CIT-06841,Fully synthetic citizen; not a real person.
CIT-06842,Fully synthetic citizen; not a real person.
CIT-06843,Fully synthetic citizen; not a real person.
CIT-06844,Fully synthetic citizen; not a real person.
CIT-06845,Fully synthetic citizen; not a real person.
CIT-06846,Fully synthetic citizen; not a real person.
CIT-06847,Fully synthetic citizen; not a real person.
CIT-06848,Fully synthetic citizen; not a real person.
CIT-06849,Fully synthetic citizen; not a real person.
CIT-06850,Fully synthetic citizen; not a real person.
CIT-06851,Fully synthetic citizen; not a real person.
CIT-06852,Fully synthetic citizen; not a real person.
CIT-06853,Fully synthetic citizen; not a real person.
CIT-06854,Fully synthetic citizen; not a real person.
CIT-06855,Fully synthetic citizen; not a real person.
CIT-06856,Fully synthetic citizen; not a real person.
CIT-06857,Fully synthetic citizen; not a real person.
CIT-06858,Fully synthetic citizen; not a real person.
CIT-06859,Fully synthetic citizen; not a real person.
CIT-06860,Fully synthetic citizen; not a real person.
CIT-06861,Fully synthetic citizen; not a real person.
CIT-06862,Fully synthetic citizen; not a real person.
CIT-06863,Fully synthetic citizen; not a real person.
CIT-06864,Fully synthetic citizen; not a real person.
CIT-06865,Fully synthetic citizen; not a real person.
CIT-06866,Fully synthetic citizen; not a real person.
CIT-06867,Fully synthetic citizen; not a real person.
CIT-06868,Fully synthetic citizen; not a real person.
CIT-06869,Fully synthetic citizen; not a real person.
CIT-06870,Fully synthetic citizen; not a real person.
CIT-06871,Fully synthetic citizen; not a real person.
CIT-06872,Fully synthetic citizen; not a real person.
CIT-06873,Fully synthetic citizen; not a real person.
CIT-06874,Fully synthetic citizen; not a real person.
CIT-06875,Fully synthetic citizen; not a real person.
CIT-06876,Fully synthetic citizen; not a real person.
CIT-06877,Fully synthetic citizen; not a real person.
CIT-06878,Fully synthetic citizen; not a real person.
CIT-06879,Fully synthetic citizen; not a real person.
CIT-06880,Fully synthetic citizen; not a real person.
CIT-06881,Fully synthetic citizen; not a real person.
CIT-06882,Fully synthetic citizen; not a real person.
CIT-06883,Fully synthetic citizen; not a real person.
CIT-06884,Fully synthetic citizen; not a real person.
CIT-06885,Fully synthetic citizen; not a real person.
CIT-06886,Fully synthetic citizen; not a real person.
CIT-06887,Fully synthetic citizen; not a real person.
CIT-06888,Fully synthetic citizen; not a real person.
CIT-06889,Fully synthetic citizen; not a real person.
CIT-06890,Fully synthetic citizen; not a real person.
CIT-06891,Fully synthetic citizen; not a real person.
CIT-06892,Fully synthetic citizen; not a real person.
CIT-06893,Fully synthetic citizen; not a real person.
CIT-06894,Fully synthetic citizen; not a real person.
CIT-06895,Fully synthetic citizen; not a real person.
CIT-06896,Fully synthetic citizen; not a real person.
CIT-06897,Fully synthetic citizen; not a real person.
CIT-06898,Fully synthetic citizen; not a real person.
CIT-06899,Fully synthetic citizen; not a real person.
CIT-06900,Fully synthetic citizen; not a real person.
CIT-06901,Fully synthetic citizen; not a real person.
CIT-06902,Fully synthetic citizen; not a real person.
CIT-06903,Fully synthetic citizen; not a real person.
CIT-06904,Fully synthetic citizen; not a real person.
CIT-06905,Fully synthetic citizen; not a real person.
CIT-06906,Fully synthetic citizen; not a real person.
CIT-06907,Fully synthetic citizen; not a real person.
CIT-06908,Fully synthetic citizen; not a real person.
CIT-06909,Fully synthetic citizen; not a real person.
CIT-06910,Fully synthetic citizen; not a real person.
CIT-06911,Fully synthetic citizen; not a real person.
CIT-06912,Fully synthetic citizen; not a real person.
CIT-06913,Fully synthetic citizen; not a real person.
CIT-06914,Fully synthetic citizen; not a real person.
CIT-06915,Fully synthetic citizen; not a real person.
CIT-06916,Fully synthetic citizen; not a real person.
CIT-06917,Fully synthetic citizen; not a real person.
CIT-06918,Fully synthetic citizen; not a real person.
CIT-06919,Fully synthetic citizen; not a real person.
CIT-06920,Fully synthetic citizen; not a real person.
CIT-06921,Fully synthetic citizen; not a real person.
CIT-06922,Fully synthetic citizen; not a real person.
CIT-06923,Fully synthetic citizen; not a real person.
CIT-06924,Fully synthetic citizen; not a real person.
CIT-06925,Fully synthetic citizen; not a real person.
CIT-06926,Fully synthetic citizen; not a real person.
CIT-06927,Fully synthetic citizen; not a real person.
CIT-06928,Fully synthetic citizen; not a real person.
CIT-06929,Fully synthetic citizen; not a real person.
CIT-06930,Fully synthetic citizen; not a real person.
CIT-06931,Fully synthetic citizen; not a real person.
CIT-06932,Fully synthetic citizen; not a real person.
CIT-06933,Fully synthetic citizen; not a real person.
CIT-06934,Fully synthetic citizen; not a real person.
CIT-06935,Fully synthetic citizen; not a real person.
CIT-06936,Fully synthetic citizen; not a real person.
CIT-06937,Fully synthetic citizen; not a real person.
CIT-06938,Fully synthetic citizen; not a real person.
CIT-06939,Fully synthetic citizen; not a real person.
CIT-06940,Fully synthetic citizen; not a real person.
CIT-06941,Fully synthetic citizen; not a real person.
CIT-06942,Fully synthetic citizen; not a real person.
CIT-06943,Fully synthetic citizen; not a real person.
CIT-06944,Fully synthetic citizen; not a real person.
CIT-06945,Fully synthetic citizen; not a real person.
CIT-06946,Fully synthetic citizen; not a real person.
CIT-06947,Fully synthetic citizen; not a real person.
CIT-06948,Fully synthetic citizen; not a real person.
CIT-06949,Fully synthetic citizen; not a real person.
CIT-06950,Fully synthetic citizen; not a real person.
CIT-06951,Fully synthetic citizen; not a real person.
CIT-06952,Fully synthetic citizen; not a real person.
CIT-06953,Fully synthetic citizen; not a real person.
CIT-06954,Fully synthetic citizen; not a real person.
CIT-06955,Fully synthetic citizen; not a real person.
CIT-06956,Fully synthetic citizen; not a real person.
CIT-06957,Fully synthetic citizen; not a real person.
CIT-06958,Fully synthetic citizen; not a real person.
CIT-06959,Fully synthetic citizen; not a real person.
CIT-06960,Fully synthetic citizen; not a real person.
CIT-06961,Fully synthetic citizen; not a real person.
CIT-06962,Fully synthetic citizen; not a real person.
CIT-06963,Fully synthetic citizen; not a real person.
CIT-06964,Fully synthetic citizen; not a real person.
CIT-06965,Fully synthetic citizen; not a real person.
CIT-06966,Fully synthetic citizen; not a real person.
CIT-06967,Fully synthetic citizen; not a real person.
CIT-06968,Fully synthetic citizen; not a real person.
CIT-06969,Fully synthetic citizen; not a real person.
CIT-06970,Fully synthetic citizen; not a real person.
CIT-06971,Fully synthetic citizen; not a real person.
CIT-06972,Fully synthetic citizen; not a real person.
CIT-06973,Fully synthetic citizen; not a real person.
CIT-06974,Fully synthetic citizen; not a real person.
CIT-06975,Fully synthetic citizen; not a real person.
CIT-06976,Fully synthetic citizen; not a real person.
CIT-06977,Fully synthetic citizen; not a real person.
CIT-06978,Fully synthetic citizen; not a real person.
CIT-06979,Fully synthetic citizen; not a real person.
CIT-06980,Fully synthetic citizen; not a real person.
CIT-06981,Fully synthetic citizen; not a real person.
CIT-06982,Fully synthetic citizen; not a real person.
CIT-06983,Fully synthetic citizen; not a real person.
CIT-06984,Fully synthetic citizen; not a real person.
CIT-06985,Fully synthetic citizen; not a real person.
CIT-06986,Fully synthetic citizen; not a real person.
CIT-06987,Fully synthetic citizen; not a real person.
CIT-06988,Fully synthetic citizen; not a real person.
CIT-06989,Fully synthetic citizen; not a real person.
CIT-06990,Fully synthetic citizen; not a real person.
CIT-06991,Fully synthetic citizen; not a real person.
CIT-06992,Fully synthetic citizen; not a real person.
CIT-06993,Fully synthetic citizen; not a real person.
CIT-06994,Fully synthetic citizen; not a real person.
CIT-06995,Fully synthetic citizen; not a real person.
CIT-06996,Fully synthetic citizen; not a real person.
CIT-06997,Fully synthetic citizen; not a real person.
CIT-06998,Fully synthetic citizen; not a real person.
CIT-06999,Fully synthetic citizen; not a real person.
CIT-07000,Fully synthetic citizen; not a real person.
CIT-07001,Fully synthetic citizen; not a real person.
CIT-07002,Fully synthetic citizen; not a real person.
CIT-07003,Fully synthetic citizen; not a real person.
CIT-07004,Fully synthetic citizen; not a real person.
CIT-07005,Fully synthetic citizen; not a real person.
CIT-07006,Fully synthetic citizen; not a real person.
CIT-07007,Fully synthetic citizen; not a real person.
CIT-07008,Fully synthetic citizen; not a real person.
CIT-07009,Fully synthetic citizen; not a real person.
CIT-07010,Fully synthetic citizen; not a real person.
CIT-07011,Fully synthetic citizen; not a real person.
CIT-07012,Fully synthetic citizen; not a real person.
CIT-07013,Fully synthetic citizen; not a real person.
CIT-07014,Fully synthetic citizen; not a real person.
CIT-07015,Fully synthetic citizen; not a real person.
CIT-07016,Fully synthetic citizen; not a real person.
CIT-07017,Fully synthetic citizen; not a real person.
CIT-07018,Fully synthetic citizen; not a real person.
CIT-07019,Fully synthetic citizen; not a real person.
CIT-07020,Fully synthetic citizen; not a real person.
CIT-07021,Fully synthetic citizen; not a real person.
CIT-07022,Fully synthetic citizen; not a real person.
CIT-07023,Fully synthetic citizen; not a real person.
CIT-07024,Fully synthetic citizen; not a real person.
CIT-07025,Fully synthetic citizen; not a real person.
CIT-07026,Fully synthetic citizen; not a real person.
CIT-07027,Fully synthetic citizen; not a real person.
CIT-07028,Fully synthetic citizen; not a real person.
CIT-07029,Fully synthetic citizen; not a real person.
CIT-07030,Fully synthetic citizen; not a real person.
CIT-07031,Fully synthetic citizen; not a real person.
CIT-07032,Fully synthetic citizen; not a real person.
CIT-07033,Fully synthetic citizen; not a real person.
CIT-07034,Fully synthetic citizen; not a real person.
CIT-07035,Fully synthetic citizen; not a real person.
CIT-07036,Fully synthetic citizen; not a real person.
CIT-07037,Fully synthetic citizen; not a real person.
CIT-07038,Fully synthetic citizen; not a real person.
CIT-07039,Fully synthetic citizen; not a real person.
CIT-07040,Fully synthetic citizen; not a real person.
CIT-07041,Fully synthetic citizen; not a real person.
CIT-07042,Fully synthetic citizen; not a real person.
CIT-07043,Fully synthetic citizen; not a real person.
CIT-07044,Fully synthetic citizen; not a real person.
CIT-07045,Fully synthetic citizen; not a real person.
CIT-07046,Fully synthetic citizen; not a real person.
CIT-07047,Fully synthetic citizen; not a real person.
CIT-07048,Fully synthetic citizen; not a real person.
CIT-07049,Fully synthetic citizen; not a real person.
CIT-07050,Fully synthetic citizen; not a real person.
CIT-07051,Fully synthetic citizen; not a real person.
CIT-07052,Fully synthetic citizen; not a real person.
CIT-07053,Fully synthetic citizen; not a real person.
CIT-07054,Fully synthetic citizen; not a real person.
CIT-07055,Fully synthetic citizen; not a real person.
CIT-07056,Fully synthetic citizen; not a real person.
CIT-07057,Fully synthetic citizen; not a real person.
CIT-07058,Fully synthetic citizen; not a real person.
CIT-07059,Fully synthetic citizen; not a real person.
CIT-07060,Fully synthetic citizen; not a real person.
CIT-07061,Fully synthetic citizen; not a real person.
CIT-07062,Fully synthetic citizen; not a real person.
CIT-07063,Fully synthetic citizen; not a real person.
CIT-07064,Fully synthetic citizen; not a real person.
CIT-07065,Fully synthetic citizen; not a real person.
CIT-07066,Fully synthetic citizen; not a real person.
CIT-07067,Fully synthetic citizen; not a real person.
CIT-07068,Fully synthetic citizen; not a real person.
CIT-07069,Fully synthetic citizen; not a real person.
CIT-07070,Fully synthetic citizen; not a real person.
CIT-07071,Fully synthetic citizen; not a real person.
CIT-07072,Fully synthetic citizen; not a real person.
CIT-07073,Fully synthetic citizen; not a real person.
CIT-07074,Fully synthetic citizen; not a real person.
CIT-07075,Fully synthetic citizen; not a real person.
CIT-07076,Fully synthetic citizen; not a real person.
CIT-07077,Fully synthetic citizen; not a real person.
CIT-07078,Fully synthetic citizen; not a real person.
CIT-07079,Fully synthetic citizen; not a real person.
CIT-07080,Fully synthetic citizen; not a real person.
CIT-07081,Fully synthetic citizen; not a real person.
CIT-07082,Fully synthetic citizen; not a real person.
CIT-07083,Fully synthetic citizen; not a real person.
CIT-07084,Fully synthetic citizen; not a real person.
CIT-07085,Fully synthetic citizen; not a real person.
CIT-07086,Fully synthetic citizen; not a real person.
CIT-07087,Fully synthetic citizen; not a real person.
CIT-07088,Fully synthetic citizen; not a real person.
CIT-07089,Fully synthetic citizen; not a real person.
CIT-07090,Fully synthetic citizen; not a real person.
CIT-07091,Fully synthetic citizen; not a real person.
CIT-07092,Fully synthetic citizen; not a real person.
CIT-07093,Fully synthetic citizen; not a real person.
CIT-07094,Fully synthetic citizen; not a real person.
CIT-07095,Fully synthetic citizen; not a real person.
CIT-07096,Fully synthetic citizen; not a real person.
CIT-07097,Fully synthetic citizen; not a real person.
CIT-07098,Fully synthetic citizen; not a real person.
CIT-07099,Fully synthetic citizen; not a real person.
CIT-07100,Fully synthetic citizen; not a real person.
CIT-07101,Fully synthetic citizen; not a real person.
CIT-07102,Fully synthetic citizen; not a real person.
CIT-07103,Fully synthetic citizen; not a real person.
CIT-07104,Fully synthetic citizen; not a real person.
CIT-07105,Fully synthetic citizen; not a real person.
CIT-07106,Fully synthetic citizen; not a real person.
CIT-07107,Fully synthetic citizen; not a real person.
CIT-07108,Fully synthetic citizen; not a real person.
CIT-07109,Fully synthetic citizen; not a real person.
CIT-07110,Fully synthetic citizen; not a real person.
CIT-07111,Fully synthetic citizen; not a real person.
CIT-07112,Fully synthetic citizen; not a real person.
CIT-07113,Fully synthetic citizen; not a real person.
CIT-07114,Fully synthetic citizen; not a real person.
CIT-07115,Fully synthetic citizen; not a real person.
CIT-07116,Fully synthetic citizen; not a real person.
CIT-07117,Fully synthetic citizen; not a real person.
CIT-07118,Fully synthetic citizen; not a real person.
CIT-07119,Fully synthetic citizen; not a real person.
CIT-07120,Fully synthetic citizen; not a real person.
CIT-07121,Fully synthetic citizen; not a real person.
CIT-07122,Fully synthetic citizen; not a real person.
CIT-07123,Fully synthetic citizen; not a real person.
CIT-07124,Fully synthetic citizen; not a real person.
CIT-07125,Fully synthetic citizen; not a real person.
CIT-07126,Fully synthetic citizen; not a real person.
CIT-07127,Fully synthetic citizen; not a real person.
CIT-07128,Fully synthetic citizen; not a real person.
CIT-07129,Fully synthetic citizen; not a real person.
CIT-07130,Fully synthetic citizen; not a real person.
CIT-07131,Fully synthetic citizen; not a real person.
CIT-07132,Fully synthetic citizen; not a real person.
CIT-07133,Fully synthetic citizen; not a real person.
CIT-07134,Fully synthetic citizen; not a real person.
CIT-07135,Fully synthetic citizen; not a real person.
CIT-07136,Fully synthetic citizen; not a real person.
CIT-07137,Fully synthetic citizen; not a real person.
CIT-07138,Fully synthetic citizen; not a real person.
CIT-07139,Fully synthetic citizen; not a real person.
CIT-07140,Fully synthetic citizen; not a real person.
CIT-07141,Fully synthetic citizen; not a real person.
CIT-07142,Fully synthetic citizen; not a real person.
CIT-07143,Fully synthetic citizen; not a real person.
CIT-07144,Fully synthetic citizen; not a real person.
CIT-07145,Fully synthetic citizen; not a real person.
CIT-07146,Fully synthetic citizen; not a real person.
CIT-07147,Fully synthetic citizen; not a real person.
CIT-07148,Fully synthetic citizen; not a real person.
CIT-07149,Fully synthetic citizen; not a real person.
CIT-07150,Fully synthetic citizen; not a real person.
CIT-07151,Fully synthetic citizen; not a real person.
CIT-07152,Fully synthetic citizen; not a real person.
CIT-07153,Fully synthetic citizen; not a real person.
CIT-07154,Fully synthetic citizen; not a real person.
CIT-07155,Fully synthetic citizen; not a real person.
CIT-07156,Fully synthetic citizen; not a real person.
CIT-07157,Fully synthetic citizen; not a real person.
CIT-07158,Fully synthetic citizen; not a real person.
CIT-07159,Fully synthetic citizen; not a real person.
CIT-07160,Fully synthetic citizen; not a real person.
CIT-07161,Fully synthetic citizen; not a real person.
CIT-07162,Fully synthetic citizen; not a real person.
CIT-07163,Fully synthetic citizen; not a real person.
CIT-07164,Fully synthetic citizen; not a real person.
CIT-07165,Fully synthetic citizen; not a real person.
CIT-07166,Fully synthetic citizen; not a real person.
CIT-07167,Fully synthetic citizen; not a real person.
CIT-07168,Fully synthetic citizen; not a real person.
CIT-07169,Fully synthetic citizen; not a real person.
CIT-07170,Fully synthetic citizen; not a real person.
CIT-07171,Fully synthetic citizen; not a real person.
CIT-07172,Fully synthetic citizen; not a real person.
CIT-07173,Fully synthetic citizen; not a real person.
CIT-07174,Fully synthetic citizen; not a real person.
CIT-07175,Fully synthetic citizen; not a real person.
CIT-07176,Fully synthetic citizen; not a real person.
CIT-07177,Fully synthetic citizen; not a real person.
CIT-07178,Fully synthetic citizen; not a real person.
CIT-07179,Fully synthetic citizen; not a real person.
CIT-07180,Fully synthetic citizen; not a real person.
CIT-07181,Fully synthetic citizen; not a real person.
CIT-07182,Fully synthetic citizen; not a real person.
CIT-07183,Fully synthetic citizen; not a real person.
CIT-07184,Fully synthetic citizen; not a real person.
CIT-07185,Fully synthetic citizen; not a real person.
CIT-07186,Fully synthetic citizen; not a real person.
CIT-07187,Fully synthetic citizen; not a real person.
CIT-07188,Fully synthetic citizen; not a real person.
CIT-07189,Fully synthetic citizen; not a real person.
CIT-07190,Fully synthetic citizen; not a real person.
CIT-07191,Fully synthetic citizen; not a real person.
CIT-07192,Fully synthetic citizen; not a real person.
CIT-07193,Fully synthetic citizen; not a real person.
CIT-07194,Fully synthetic citizen; not a real person.
CIT-07195,Fully synthetic citizen; not a real person.
CIT-07196,Fully synthetic citizen; not a real person.
CIT-07197,Fully synthetic citizen; not a real person.
CIT-07198,Fully synthetic citizen; not a real person.
CIT-07199,Fully synthetic citizen; not a real person.
CIT-07200,Fully synthetic citizen; not a real person.
CIT-07201,Fully synthetic citizen; not a real person.
CIT-07202,Fully synthetic citizen; not a real person.
CIT-07203,Fully synthetic citizen; not a real person.
CIT-07204,Fully synthetic citizen; not a real person.
CIT-07205,Fully synthetic citizen; not a real person.
CIT-07206,Fully synthetic citizen; not a real person.
CIT-07207,Fully synthetic citizen; not a real person.
CIT-07208,Fully synthetic citizen; not a real person.
CIT-07209,Fully synthetic citizen; not a real person.
CIT-07210,Fully synthetic citizen; not a real person.
CIT-07211,Fully synthetic citizen; not a real person.
CIT-07212,Fully synthetic citizen; not a real person.
CIT-07213,Fully synthetic citizen; not a real person.
CIT-07214,Fully synthetic citizen; not a real person.
CIT-07215,Fully synthetic citizen; not a real person.
CIT-07216,Fully synthetic citizen; not a real person.
CIT-07217,Fully synthetic citizen; not a real person.
CIT-07218,Fully synthetic citizen; not a real person.
CIT-07219,Fully synthetic citizen; not a real person.
CIT-07220,Fully synthetic citizen; not a real person.
CIT-07221,Fully synthetic citizen; not a real person.
CIT-07222,Fully synthetic citizen; not a real person.
CIT-07223,Fully synthetic citizen; not a real person.
CIT-07224,Fully synthetic citizen; not a real person.
CIT-07225,Fully synthetic citizen; not a real person.
CIT-07226,Fully synthetic citizen; not a real person.
CIT-07227,Fully synthetic citizen; not a real person.
CIT-07228,Fully synthetic citizen; not a real person.
CIT-07229,Fully synthetic citizen; not a real person.
CIT-07230,Fully synthetic citizen; not a real person.
CIT-07231,Fully synthetic citizen; not a real person.
CIT-07232,Fully synthetic citizen; not a real person.
CIT-07233,Fully synthetic citizen; not a real person.
CIT-07234,Fully synthetic citizen; not a real person.
CIT-07235,Fully synthetic citizen; not a real person.
CIT-07236,Fully synthetic citizen; not a real person.
CIT-07237,Fully synthetic citizen; not a real person.
CIT-07238,Fully synthetic citizen; not a real person.
CIT-07239,Fully synthetic citizen; not a real person.
CIT-07240,Fully synthetic citizen; not a real person.
CIT-07241,Fully synthetic citizen; not a real person.
CIT-07242,Fully synthetic citizen; not a real person.
CIT-07243,Fully synthetic citizen; not a real person.
CIT-07244,Fully synthetic citizen; not a real person.
CIT-07245,Fully synthetic citizen; not a real person.
CIT-07246,Fully synthetic citizen; not a real person.
CIT-07247,Fully synthetic citizen; not a real person.
CIT-07248,Fully synthetic citizen; not a real person.
CIT-07249,Fully synthetic citizen; not a real person.
CIT-07250,Fully synthetic citizen; not a real person.
CIT-07251,Fully synthetic citizen; not a real person.
CIT-07252,Fully synthetic citizen; not a real person.
CIT-07253,Fully synthetic citizen; not a real person.
CIT-07254,Fully synthetic citizen; not a real person.
CIT-07255,Fully synthetic citizen; not a real person.
CIT-07256,Fully synthetic citizen; not a real person.
CIT-07257,Fully synthetic citizen; not a real person.
CIT-07258,Fully synthetic citizen; not a real person.
CIT-07259,Fully synthetic citizen; not a real person.
CIT-07260,Fully synthetic citizen; not a real person.
CIT-07261,Fully synthetic citizen; not a real person.
CIT-07262,Fully synthetic citizen; not a real person.
CIT-07263,Fully synthetic citizen; not a real person.
CIT-07264,Fully synthetic citizen; not a real person.
CIT-07265,Fully synthetic citizen; not a real person.
CIT-07266,Fully synthetic citizen; not a real person.
CIT-07267,Fully synthetic citizen; not a real person.
CIT-07268,Fully synthetic citizen; not a real person.
CIT-07269,Fully synthetic citizen; not a real person.
CIT-07270,Fully synthetic citizen; not a real person.
CIT-07271,Fully synthetic citizen; not a real person.
CIT-07272,Fully synthetic citizen; not a real person.
CIT-07273,Fully synthetic citizen; not a real person.
CIT-07274,Fully synthetic citizen; not a real person.
CIT-07275,Fully synthetic citizen; not a real person.
CIT-07276,Fully synthetic citizen; not a real person.
CIT-07277,Fully synthetic citizen; not a real person.
CIT-07278,Fully synthetic citizen; not a real person.
CIT-07279,Fully synthetic citizen; not a real person.
CIT-07280,Fully synthetic citizen; not a real person.
CIT-07281,Fully synthetic citizen; not a real person.
CIT-07282,Fully synthetic citizen; not a real person.
CIT-07283,Fully synthetic citizen; not a real person.
CIT-07284,Fully synthetic citizen; not a real person.
CIT-07285,Fully synthetic citizen; not a real person.
CIT-07286,Fully synthetic citizen; not a real person.
CIT-07287,Fully synthetic citizen; not a real person.
CIT-07288,Fully synthetic citizen; not a real person.
CIT-07289,Fully synthetic citizen; not a real person.
CIT-07290,Fully synthetic citizen; not a real person.
CIT-07291,Fully synthetic citizen; not a real person.
CIT-07292,Fully synthetic citizen; not a real person.
CIT-07293,Fully synthetic citizen; not a real person.
CIT-07294,Fully synthetic citizen; not a real person.
CIT-07295,Fully synthetic citizen; not a real person.
CIT-07296,Fully synthetic citizen; not a real person.
CIT-07297,Fully synthetic citizen; not a real person.
CIT-07298,Fully synthetic citizen; not a real person.
CIT-07299,Fully synthetic citizen; not a real person.
CIT-07300,Fully synthetic citizen; not a real person.
CIT-07301,Fully synthetic citizen; not a real person.
CIT-07302,Fully synthetic citizen; not a real person.
CIT-07303,Fully synthetic citizen; not a real person.
CIT-07304,Fully synthetic citizen; not a real person.
CIT-07305,Fully synthetic citizen; not a real person.
CIT-07306,Fully synthetic citizen; not a real person.
CIT-07307,Fully synthetic citizen; not a real person.
CIT-07308,Fully synthetic citizen; not a real person.
CIT-07309,Fully synthetic citizen; not a real person.
CIT-07310,Fully synthetic citizen; not a real person.
CIT-07311,Fully synthetic citizen; not a real person.
CIT-07312,Fully synthetic citizen; not a real person.
CIT-07313,Fully synthetic citizen; not a real person.
CIT-07314,Fully synthetic citizen; not a real person.
CIT-07315,Fully synthetic citizen; not a real person.
CIT-07316,Fully synthetic citizen; not a real person.
CIT-07317,Fully synthetic citizen; not a real person.
CIT-07318,Fully synthetic citizen; not a real person.
CIT-07319,Fully synthetic citizen; not a real person.
CIT-07320,Fully synthetic citizen; not a real person.
CIT-07321,Fully synthetic citizen; not a real person.
CIT-07322,Fully synthetic citizen; not a real person.
CIT-07323,Fully synthetic citizen; not a real person.
CIT-07324,Fully synthetic citizen; not a real person.
CIT-07325,Fully synthetic citizen; not a real person.
CIT-07326,Fully synthetic citizen; not a real person.
CIT-07327,Fully synthetic citizen; not a real person.
CIT-07328,Fully synthetic citizen; not a real person.
CIT-07329,Fully synthetic citizen; not a real person.
CIT-07330,Fully synthetic citizen; not a real person.
CIT-07331,Fully synthetic citizen; not a real person.
CIT-07332,Fully synthetic citizen; not a real person.
CIT-07333,Fully synthetic citizen; not a real person.
CIT-07334,Fully synthetic citizen; not a real person.
CIT-07335,Fully synthetic citizen; not a real person.
CIT-07336,Fully synthetic citizen; not a real person.
CIT-07337,Fully synthetic citizen; not a real person.
CIT-07338,Fully synthetic citizen; not a real person.
CIT-07339,Fully synthetic citizen; not a real person.
CIT-07340,Fully synthetic citizen; not a real person.
CIT-07341,Fully synthetic citizen; not a real person.
CIT-07342,Fully synthetic citizen; not a real person.
CIT-07343,Fully synthetic citizen; not a real person.
CIT-07344,Fully synthetic citizen; not a real person.
CIT-07345,Fully synthetic citizen; not a real person.
CIT-07346,Fully synthetic citizen; not a real person.
CIT-07347,Fully synthetic citizen; not a real person.
CIT-07348,Fully synthetic citizen; not a real person.
CIT-07349,Fully synthetic citizen; not a real person.
CIT-07350,Fully synthetic citizen; not a real person.
CIT-07351,Fully synthetic citizen; not a real person.
CIT-07352,Fully synthetic citizen; not a real person.
CIT-07353,Fully synthetic citizen; not a real person.
CIT-07354,Fully synthetic citizen; not a real person.
CIT-07355,Fully synthetic citizen; not a real person.
CIT-07356,Fully synthetic citizen; not a real person.
CIT-07357,Fully synthetic citizen; not a real person.
CIT-07358,Fully synthetic citizen; not a real person.
CIT-07359,Fully synthetic citizen; not a real person.
CIT-07360,Fully synthetic citizen; not a real person.
CIT-07361,Fully synthetic citizen; not a real person.
CIT-07362,Fully synthetic citizen; not a real person.
CIT-07363,Fully synthetic citizen; not a real person.
CIT-07364,Fully synthetic citizen; not a real person.
CIT-07365,Fully synthetic citizen; not a real person.
CIT-07366,Fully synthetic citizen; not a real person.
CIT-07367,Fully synthetic citizen; not a real person.
CIT-07368,Fully synthetic citizen; not a real person.
CIT-07369,Fully synthetic citizen; not a real person.
CIT-07370,Fully synthetic citizen; not a real person.
CIT-07371,Fully synthetic citizen; not a real person.
CIT-07372,Fully synthetic citizen; not a real person.
CIT-07373,Fully synthetic citizen; not a real person.
CIT-07374,Fully synthetic citizen; not a real person.
CIT-07375,Fully synthetic citizen; not a real person.
CIT-07376,Fully synthetic citizen; not a real person.
CIT-07377,Fully synthetic citizen; not a real person.
CIT-07378,Fully synthetic citizen; not a real person.
CIT-07379,Fully synthetic citizen; not a real person.
CIT-07380,Fully synthetic citizen; not a real person.
CIT-07381,Fully synthetic citizen; not a real person.
CIT-07382,Fully synthetic citizen; not a real person.
CIT-07383,Fully synthetic citizen; not a real person.
CIT-07384,Fully synthetic citizen; not a real person.
CIT-07385,Fully synthetic citizen; not a real person.
CIT-07386,Fully synthetic citizen; not a real person.
CIT-07387,Fully synthetic citizen; not a real person.
CIT-07388,Fully synthetic citizen; not a real person.
CIT-07389,Fully synthetic citizen; not a real person.
CIT-07390,Fully synthetic citizen; not a real person.
CIT-07391,Fully synthetic citizen; not a real person.
CIT-07392,Fully synthetic citizen; not a real person.
CIT-07393,Fully synthetic citizen; not a real person.
CIT-07394,Fully synthetic citizen; not a real person.
CIT-07395,Fully synthetic citizen; not a real person.
CIT-07396,Fully synthetic citizen; not a real person.
CIT-07397,Fully synthetic citizen; not a real person.
CIT-07398,Fully synthetic citizen; not a real person.
CIT-07399,Fully synthetic citizen; not a real person.
CIT-07400,Fully synthetic citizen; not a real person.
CIT-07401,Fully synthetic citizen; not a real person.
CIT-07402,Fully synthetic citizen; not a real person.
CIT-07403,Fully synthetic citizen; not a real person.
CIT-07404,Fully synthetic citizen; not a real person.
CIT-07405,Fully synthetic citizen; not a real person.
CIT-07406,Fully synthetic citizen; not a real person.
CIT-07407,Fully synthetic citizen; not a real person.
CIT-07408,Fully synthetic citizen; not a real person.
CIT-07409,Fully synthetic citizen; not a real person.
CIT-07410,Fully synthetic citizen; not a real person.
CIT-07411,Fully synthetic citizen; not a real person.
CIT-07412,Fully synthetic citizen; not a real person.
CIT-07413,Fully synthetic citizen; not a real person.
CIT-07414,Fully synthetic citizen; not a real person.
CIT-07415,Fully synthetic citizen; not a real person.
CIT-07416,Fully synthetic citizen; not a real person.
CIT-07417,Fully synthetic citizen; not a real person.
CIT-07418,Fully synthetic citizen; not a real person.
CIT-07419,Fully synthetic citizen; not a real person.
CIT-07420,Fully synthetic citizen; not a real person.
CIT-07421,Fully synthetic citizen; not a real person.
CIT-07422,Fully synthetic citizen; not a real person.
CIT-07423,Fully synthetic citizen; not a real person.
CIT-07424,Fully synthetic citizen; not a real person.
CIT-07425,Fully synthetic citizen; not a real person.
CIT-07426,Fully synthetic citizen; not a real person.
CIT-07427,Fully synthetic citizen; not a real person.
CIT-07428,Fully synthetic citizen; not a real person.
CIT-07429,Fully synthetic citizen; not a real person.
CIT-07430,Fully synthetic citizen; not a real person.
CIT-07431,Fully synthetic citizen; not a real person.
CIT-07432,Fully synthetic citizen; not a real person.
CIT-07433,Fully synthetic citizen; not a real person.
CIT-07434,Fully synthetic citizen; not a real person.
CIT-07435,Fully synthetic citizen; not a real person.
CIT-07436,Fully synthetic citizen; not a real person.
CIT-07437,Fully synthetic citizen; not a real person.
CIT-07438,Fully synthetic citizen; not a real person.
CIT-07439,Fully synthetic citizen; not a real person.
CIT-07440,Fully synthetic citizen; not a real person.
CIT-07441,Fully synthetic citizen; not a real person.
CIT-07442,Fully synthetic citizen; not a real person.
CIT-07443,Fully synthetic citizen; not a real person.
CIT-07444,Fully synthetic citizen; not a real person.
CIT-07445,Fully synthetic citizen; not a real person.
CIT-07446,Fully synthetic citizen; not a real person.
CIT-07447,Fully synthetic citizen; not a real person.
CIT-07448,Fully synthetic citizen; not a real person.
CIT-07449,Fully synthetic citizen; not a real person.
CIT-07450,Fully synthetic citizen; not a real person.
CIT-07451,Fully synthetic citizen; not a real person.
CIT-07452,Fully synthetic citizen; not a real person.
CIT-07453,Fully synthetic citizen; not a real person.
CIT-07454,Fully synthetic citizen; not a real person.
CIT-07455,Fully synthetic citizen; not a real person.
CIT-07456,Fully synthetic citizen; not a real person.
CIT-07457,Fully synthetic citizen; not a real person.
CIT-07458,Fully synthetic citizen; not a real person.
CIT-07459,Fully synthetic citizen; not a real person.
CIT-07460,Fully synthetic citizen; not a real person.
CIT-07461,Fully synthetic citizen; not a real person.
CIT-07462,Fully synthetic citizen; not a real person.
CIT-07463,Fully synthetic citizen; not a real person.
CIT-07464,Fully synthetic citizen; not a real person.
CIT-07465,Fully synthetic citizen; not a real person.
CIT-07466,Fully synthetic citizen; not a real person.
CIT-07467,Fully synthetic citizen; not a real person.
CIT-07468,Fully synthetic citizen; not a real person.
CIT-07469,Fully synthetic citizen; not a real person.
CIT-07470,Fully synthetic citizen; not a real person.
CIT-07471,Fully synthetic citizen; not a real person.
CIT-07472,Fully synthetic citizen; not a real person.
CIT-07473,Fully synthetic citizen; not a real person.
CIT-07474,Fully synthetic citizen; not a real person.
CIT-07475,Fully synthetic citizen; not a real person.
CIT-07476,Fully synthetic citizen; not a real person.
CIT-07477,Fully synthetic citizen; not a real person.
CIT-07478,Fully synthetic citizen; not a real person.
CIT-07479,Fully synthetic citizen; not a real person.
CIT-07480,Fully synthetic citizen; not a real person.
CIT-07481,Fully synthetic citizen; not a real person.
CIT-07482,Fully synthetic citizen; not a real person.
CIT-07483,Fully synthetic citizen; not a real person.
CIT-07484,Fully synthetic citizen; not a real person.
CIT-07485,Fully synthetic citizen; not a real person.
CIT-07486,Fully synthetic citizen; not a real person.
CIT-07487,Fully synthetic citizen; not a real person.
CIT-07488,Fully synthetic citizen; not a real person.
CIT-07489,Fully synthetic citizen; not a real person.
CIT-07490,Fully synthetic citizen; not a real person.
CIT-07491,Fully synthetic citizen; not a real person.
CIT-07492,Fully synthetic citizen; not a real person.
CIT-07493,Fully synthetic citizen; not a real person.
CIT-07494,Fully synthetic citizen; not a real person.
CIT-07495,Fully synthetic citizen; not a real person.
CIT-07496,Fully synthetic citizen; not a real person.
CIT-07497,Fully synthetic citizen; not a real person.
CIT-07498,Fully synthetic citizen; not a real person.
CIT-07499,Fully synthetic citizen; not a real person.
CIT-07500,Fully synthetic citizen; not a real person.
CIT-07501,Fully synthetic citizen; not a real person.
CIT-07502,Fully synthetic citizen; not a real person.
CIT-07503,Fully synthetic citizen; not a real person.
CIT-07504,Fully synthetic citizen; not a real person.
CIT-07505,Fully synthetic citizen; not a real person.
CIT-07506,Fully synthetic citizen; not a real person.
CIT-07507,Fully synthetic citizen; not a real person.
CIT-07508,Fully synthetic citizen; not a real person.
CIT-07509,Fully synthetic citizen; not a real person.
CIT-07510,Fully synthetic citizen; not a real person.
CIT-07511,Fully synthetic citizen; not a real person.
CIT-07512,Fully synthetic citizen; not a real person.
CIT-07513,Fully synthetic citizen; not a real person.
CIT-07514,Fully synthetic citizen; not a real person.
CIT-07515,Fully synthetic citizen; not a real person.
CIT-07516,Fully synthetic citizen; not a real person.
CIT-07517,Fully synthetic citizen; not a real person.
CIT-07518,Fully synthetic citizen; not a real person.
CIT-07519,Fully synthetic citizen; not a real person.
CIT-07520,Fully synthetic citizen; not a real person.
CIT-07521,Fully synthetic citizen; not a real person.
CIT-07522,Fully synthetic citizen; not a real person.
CIT-07523,Fully synthetic citizen; not a real person.
CIT-07524,Fully synthetic citizen; not a real person.
CIT-07525,Fully synthetic citizen; not a real person.
CIT-07526,Fully synthetic citizen; not a real person.
CIT-07527,Fully synthetic citizen; not a real person.
CIT-07528,Fully synthetic citizen; not a real person.
CIT-07529,Fully synthetic citizen; not a real person.
CIT-07530,Fully synthetic citizen; not a real person.
CIT-07531,Fully synthetic citizen; not a real person.
CIT-07532,Fully synthetic citizen; not a real person.
CIT-07533,Fully synthetic citizen; not a real person.
CIT-07534,Fully synthetic citizen; not a real person.
CIT-07535,Fully synthetic citizen; not a real person.
CIT-07536,Fully synthetic citizen; not a real person.
CIT-07537,Fully synthetic citizen; not a real person.
CIT-07538,Fully synthetic citizen; not a real person.
CIT-07539,Fully synthetic citizen; not a real person.
CIT-07540,Fully synthetic citizen; not a real person.
CIT-07541,Fully synthetic citizen; not a real person.
CIT-07542,Fully synthetic citizen; not a real person.
CIT-07543,Fully synthetic citizen; not a real person.
CIT-07544,Fully synthetic citizen; not a real person.
CIT-07545,Fully synthetic citizen; not a real person.
CIT-07546,Fully synthetic citizen; not a real person.
CIT-07547,Fully synthetic citizen; not a real person.
CIT-07548,Fully synthetic citizen; not a real person.
CIT-07549,Fully synthetic citizen; not a real person.
CIT-07550,Fully synthetic citizen; not a real person.
CIT-07551,Fully synthetic citizen; not a real person.
CIT-07552,Fully synthetic citizen; not a real person.
CIT-07553,Fully synthetic citizen; not a real person.
CIT-07554,Fully synthetic citizen; not a real person.
CIT-07555,Fully synthetic citizen; not a real person.
CIT-07556,Fully synthetic citizen; not a real person.
CIT-07557,Fully synthetic citizen; not a real person.
CIT-07558,Fully synthetic citizen; not a real person.
CIT-07559,Fully synthetic citizen; not a real person.
CIT-07560,Fully synthetic citizen; not a real person.
CIT-07561,Fully synthetic citizen; not a real person.
CIT-07562,Fully synthetic citizen; not a real person.
CIT-07563,Fully synthetic citizen; not a real person.
CIT-07564,Fully synthetic citizen; not a real person.
CIT-07565,Fully synthetic citizen; not a real person.
CIT-07566,Fully synthetic citizen; not a real person.
CIT-07567,Fully synthetic citizen; not a real person.
CIT-07568,Fully synthetic citizen; not a real person.
CIT-07569,Fully synthetic citizen; not a real person.
CIT-07570,Fully synthetic citizen; not a real person.
CIT-07571,Fully synthetic citizen; not a real person.
CIT-07572,Fully synthetic citizen; not a real person.
CIT-07573,Fully synthetic citizen; not a real person.
CIT-07574,Fully synthetic citizen; not a real person.
CIT-07575,Fully synthetic citizen; not a real person.
CIT-07576,Fully synthetic citizen; not a real person.
CIT-07577,Fully synthetic citizen; not a real person.
CIT-07578,Fully synthetic citizen; not a real person.
CIT-07579,Fully synthetic citizen; not a real person.
CIT-07580,Fully synthetic citizen; not a real person.
CIT-07581,Fully synthetic citizen; not a real person.
CIT-07582,Fully synthetic citizen; not a real person.
CIT-07583,Fully synthetic citizen; not a real person.
CIT-07584,Fully synthetic citizen; not a real person.
CIT-07585,Fully synthetic citizen; not a real person.
CIT-07586,Fully synthetic citizen; not a real person.
CIT-07587,Fully synthetic citizen; not a real person.
CIT-07588,Fully synthetic citizen; not a real person.
CIT-07589,Fully synthetic citizen; not a real person.
CIT-07590,Fully synthetic citizen; not a real person.
CIT-07591,Fully synthetic citizen; not a real person.
CIT-07592,Fully synthetic citizen; not a real person.
CIT-07593,Fully synthetic citizen; not a real person.
CIT-07594,Fully synthetic citizen; not a real person.
CIT-07595,Fully synthetic citizen; not a real person.
CIT-07596,Fully synthetic citizen; not a real person.
CIT-07597,Fully synthetic citizen; not a real person.
CIT-07598,Fully synthetic citizen; not a real person.
CIT-07599,Fully synthetic citizen; not a real person.
CIT-07600,Fully synthetic citizen; not a real person.
CIT-07601,Fully synthetic citizen; not a real person.
CIT-07602,Fully synthetic citizen; not a real person.
CIT-07603,Fully synthetic citizen; not a real person.
CIT-07604,Fully synthetic citizen; not a real person.
CIT-07605,Fully synthetic citizen; not a real person.
CIT-07606,Fully synthetic citizen; not a real person.
CIT-07607,Fully synthetic citizen; not a real person.
CIT-07608,Fully synthetic citizen; not a real person.
CIT-07609,Fully synthetic citizen; not a real person.
CIT-07610,Fully synthetic citizen; not a real person.
CIT-07611,Fully synthetic citizen; not a real person.
CIT-07612,Fully synthetic citizen; not a real person.
CIT-07613,Fully synthetic citizen; not a real person.
CIT-07614,Fully synthetic citizen; not a real person.
CIT-07615,Fully synthetic citizen; not a real person.
CIT-07616,Fully synthetic citizen; not a real person.
CIT-07617,Fully synthetic citizen; not a real person.
CIT-07618,Fully synthetic citizen; not a real person.
CIT-07619,Fully synthetic citizen; not a real person.
CIT-07620,Fully synthetic citizen; not a real person.
CIT-07621,Fully synthetic citizen; not a real person.
CIT-07622,Fully synthetic citizen; not a real person.
CIT-07623,Fully synthetic citizen; not a real person.
CIT-07624,Fully synthetic citizen; not a real person.
CIT-07625,Fully synthetic citizen; not a real person.
CIT-07626,Fully synthetic citizen; not a real person.
CIT-07627,Fully synthetic citizen; not a real person.
CIT-07628,Fully synthetic citizen; not a real person.
CIT-07629,Fully synthetic citizen; not a real person.
CIT-07630,Fully synthetic citizen; not a real person.
CIT-07631,Fully synthetic citizen; not a real person.
CIT-07632,Fully synthetic citizen; not a real person.
CIT-07633,Fully synthetic citizen; not a real person.
CIT-07634,Fully synthetic citizen; not a real person.
CIT-07635,Fully synthetic citizen; not a real person.
CIT-07636,Fully synthetic citizen; not a real person.
CIT-07637,Fully synthetic citizen; not a real person.
CIT-07638,Fully synthetic citizen; not a real person.
CIT-07639,Fully synthetic citizen; not a real person.
CIT-07640,Fully synthetic citizen; not a real person.
CIT-07641,Fully synthetic citizen; not a real person.
CIT-07642,Fully synthetic citizen; not a real person.
CIT-07643,Fully synthetic citizen; not a real person.
CIT-07644,Fully synthetic citizen; not a real person.
CIT-07645,Fully synthetic citizen; not a real person.
CIT-07646,Fully synthetic citizen; not a real person.
CIT-07647,Fully synthetic citizen; not a real person.
CIT-07648,Fully synthetic citizen; not a real person.
CIT-07649,Fully synthetic citizen; not a real person.
CIT-07650,Fully synthetic citizen; not a real person.
CIT-07651,Fully synthetic citizen; not a real person.
CIT-07652,Fully synthetic citizen; not a real person.
CIT-07653,Fully synthetic citizen; not a real person.
CIT-07654,Fully synthetic citizen; not a real person.
CIT-07655,Fully synthetic citizen; not a real person.
CIT-07656,Fully synthetic citizen; not a real person.
CIT-07657,Fully synthetic citizen; not a real person.
CIT-07658,Fully synthetic citizen; not a real person.
CIT-07659,Fully synthetic citizen; not a real person.
CIT-07660,Fully synthetic citizen; not a real person.
CIT-07661,Fully synthetic citizen; not a real person.
CIT-07662,Fully synthetic citizen; not a real person.
CIT-07663,Fully synthetic citizen; not a real person.
CIT-07664,Fully synthetic citizen; not a real person.
CIT-07665,Fully synthetic citizen; not a real person.
CIT-07666,Fully synthetic citizen; not a real person.
CIT-07667,Fully synthetic citizen; not a real person.
CIT-07668,Fully synthetic citizen; not a real person.
CIT-07669,Fully synthetic citizen; not a real person.
CIT-07670,Fully synthetic citizen; not a real person.
CIT-07671,Fully synthetic citizen; not a real person.
CIT-07672,Fully synthetic citizen; not a real person.
CIT-07673,Fully synthetic citizen; not a real person.
CIT-07674,Fully synthetic citizen; not a real person.
CIT-07675,Fully synthetic citizen; not a real person.
CIT-07676,Fully synthetic citizen; not a real person.
CIT-07677,Fully synthetic citizen; not a real person.
CIT-07678,Fully synthetic citizen; not a real person.
CIT-07679,Fully synthetic citizen; not a real person.
CIT-07680,Fully synthetic citizen; not a real person.
CIT-07681,Fully synthetic citizen; not a real person.
CIT-07682,Fully synthetic citizen; not a real person.
CIT-07683,Fully synthetic citizen; not a real person.
CIT-07684,Fully synthetic citizen; not a real person.
CIT-07685,Fully synthetic citizen; not a real person.
CIT-07686,Fully synthetic citizen; not a real person.
CIT-07687,Fully synthetic citizen; not a real person.
CIT-07688,Fully synthetic citizen; not a real person.
CIT-07689,Fully synthetic citizen; not a real person.
CIT-07690,Fully synthetic citizen; not a real person.
CIT-07691,Fully synthetic citizen; not a real person.
CIT-07692,Fully synthetic citizen; not a real person.
CIT-07693,Fully synthetic citizen; not a real person.
CIT-07694,Fully synthetic citizen; not a real person.
CIT-07695,Fully synthetic citizen; not a real person.
CIT-07696,Fully synthetic citizen; not a real person.
CIT-07697,Fully synthetic citizen; not a real person.
CIT-07698,Fully synthetic citizen; not a real person.
CIT-07699,Fully synthetic citizen; not a real person.
CIT-07700,Fully synthetic citizen; not a real person.
CIT-07701,Fully synthetic citizen; not a real person.
CIT-07702,Fully synthetic citizen; not a real person.
CIT-07703,Fully synthetic citizen; not a real person.
CIT-07704,Fully synthetic citizen; not a real person.
CIT-07705,Fully synthetic citizen; not a real person.
CIT-07706,Fully synthetic citizen; not a real person.
CIT-07707,Fully synthetic citizen; not a real person.
CIT-07708,Fully synthetic citizen; not a real person.
CIT-07709,Fully synthetic citizen; not a real person.
CIT-07710,Fully synthetic citizen; not a real person.
CIT-07711,Fully synthetic citizen; not a real person.
CIT-07712,Fully synthetic citizen; not a real person.
CIT-07713,Fully synthetic citizen; not a real person.
CIT-07714,Fully synthetic citizen; not a real person.
CIT-07715,Fully synthetic citizen; not a real person.
CIT-07716,Fully synthetic citizen; not a real person.
CIT-07717,Fully synthetic citizen; not a real person.
CIT-07718,Fully synthetic citizen; not a real person.
CIT-07719,Fully synthetic citizen; not a real person.
CIT-07720,Fully synthetic citizen; not a real person.
CIT-07721,Fully synthetic citizen; not a real person.
CIT-07722,Fully synthetic citizen; not a real person.
CIT-07723,Fully synthetic citizen; not a real person.
CIT-07724,Fully synthetic citizen; not a real person.
CIT-07725,Fully synthetic citizen; not a real person.
CIT-07726,Fully synthetic citizen; not a real person.
CIT-07727,Fully synthetic citizen; not a real person.
CIT-07728,Fully synthetic citizen; not a real person.
CIT-07729,Fully synthetic citizen; not a real person.
CIT-07730,Fully synthetic citizen; not a real person.
CIT-07731,Fully synthetic citizen; not a real person.
CIT-07732,Fully synthetic citizen; not a real person.
CIT-07733,Fully synthetic citizen; not a real person.
CIT-07734,Fully synthetic citizen; not a real person.
CIT-07735,Fully synthetic citizen; not a real person.
CIT-07736,Fully synthetic citizen; not a real person.
CIT-07737,Fully synthetic citizen; not a real person.
CIT-07738,Fully synthetic citizen; not a real person.
CIT-07739,Fully synthetic citizen; not a real person.
CIT-07740,Fully synthetic citizen; not a real person.
CIT-07741,Fully synthetic citizen; not a real person.
CIT-07742,Fully synthetic citizen; not a real person.
CIT-07743,Fully synthetic citizen; not a real person.
CIT-07744,Fully synthetic citizen; not a real person.
CIT-07745,Fully synthetic citizen; not a real person.
CIT-07746,Fully synthetic citizen; not a real person.
CIT-07747,Fully synthetic citizen; not a real person.
CIT-07748,Fully synthetic citizen; not a real person.
CIT-07749,Fully synthetic citizen; not a real person.
CIT-07750,Fully synthetic citizen; not a real person.
CIT-07751,Fully synthetic citizen; not a real person.
CIT-07752,Fully synthetic citizen; not a real person.
CIT-07753,Fully synthetic citizen; not a real person.
CIT-07754,Fully synthetic citizen; not a real person.
CIT-07755,Fully synthetic citizen; not a real person.
CIT-07756,Fully synthetic citizen; not a real person.
CIT-07757,Fully synthetic citizen; not a real person.
CIT-07758,Fully synthetic citizen; not a real person.
CIT-07759,Fully synthetic citizen; not a real person.
CIT-07760,Fully synthetic citizen; not a real person.
CIT-07761,Fully synthetic citizen; not a real person.
CIT-07762,Fully synthetic citizen; not a real person.
CIT-07763,Fully synthetic citizen; not a real person.
CIT-07764,Fully synthetic citizen; not a real person.
CIT-07765,Fully synthetic citizen; not a real person.
CIT-07766,Fully synthetic citizen; not a real person.
CIT-07767,Fully synthetic citizen; not a real person.
CIT-07768,Fully synthetic citizen; not a real person.
CIT-07769,Fully synthetic citizen; not a real person.
CIT-07770,Fully synthetic citizen; not a real person.
CIT-07771,Fully synthetic citizen; not a real person.
CIT-07772,Fully synthetic citizen; not a real person.
CIT-07773,Fully synthetic citizen; not a real person.
CIT-07774,Fully synthetic citizen; not a real person.
CIT-07775,Fully synthetic citizen; not a real person.
CIT-07776,Fully synthetic citizen; not a real person.
CIT-07777,Fully synthetic citizen; not a real person.
CIT-07778,Fully synthetic citizen; not a real person.
CIT-07779,Fully synthetic citizen; not a real person.
CIT-07780,Fully synthetic citizen; not a real person.
CIT-07781,Fully synthetic citizen; not a real person.
CIT-07782,Fully synthetic citizen; not a real person.
CIT-07783,Fully synthetic citizen; not a real person.
CIT-07784,Fully synthetic citizen; not a real person.
CIT-07785,Fully synthetic citizen; not a real person.
CIT-07786,Fully synthetic citizen; not a real person.
CIT-07787,Fully synthetic citizen; not a real person.
CIT-07788,Fully synthetic citizen; not a real person.
CIT-07789,Fully synthetic citizen; not a real person.
CIT-07790,Fully synthetic citizen; not a real person.
CIT-07791,Fully synthetic citizen; not a real person.
CIT-07792,Fully synthetic citizen; not a real person.
CIT-07793,Fully synthetic citizen; not a real person.
CIT-07794,Fully synthetic citizen; not a real person.
CIT-07795,Fully synthetic citizen; not a real person.
CIT-07796,Fully synthetic citizen; not a real person.
CIT-07797,Fully synthetic citizen; not a real person.
CIT-07798,Fully synthetic citizen; not a real person.
CIT-07799,Fully synthetic citizen; not a real person.
CIT-07800,Fully synthetic citizen; not a real person.
CIT-07801,Fully synthetic citizen; not a real person.
CIT-07802,Fully synthetic citizen; not a real person.
CIT-07803,Fully synthetic citizen; not a real person.
CIT-07804,Fully synthetic citizen; not a real person.
CIT-07805,Fully synthetic citizen; not a real person.
CIT-07806,Fully synthetic citizen; not a real person.
CIT-07807,Fully synthetic citizen; not a real person.
CIT-07808,Fully synthetic citizen; not a real person.
CIT-07809,Fully synthetic citizen; not a real person.
CIT-07810,Fully synthetic citizen; not a real person.
CIT-07811,Fully synthetic citizen; not a real person.
CIT-07812,Fully synthetic citizen; not a real person.
CIT-07813,Fully synthetic citizen; not a real person.
CIT-07814,Fully synthetic citizen; not a real person.
CIT-07815,Fully synthetic citizen; not a real person.
CIT-07816,Fully synthetic citizen; not a real person.
CIT-07817,Fully synthetic citizen; not a real person.
CIT-07818,Fully synthetic citizen; not a real person.
CIT-07819,Fully synthetic citizen; not a real person.
CIT-07820,Fully synthetic citizen; not a real person.
CIT-07821,Fully synthetic citizen; not a real person.
CIT-07822,Fully synthetic citizen; not a real person.
CIT-07823,Fully synthetic citizen; not a real person.
CIT-07824,Fully synthetic citizen; not a real person.
CIT-07825,Fully synthetic citizen; not a real person.
CIT-07826,Fully synthetic citizen; not a real person.
CIT-07827,Fully synthetic citizen; not a real person.
CIT-07828,Fully synthetic citizen; not a real person.
CIT-07829,Fully synthetic citizen; not a real person.
CIT-07830,Fully synthetic citizen; not a real person.
CIT-07831,Fully synthetic citizen; not a real person.
CIT-07832,Fully synthetic citizen; not a real person.
CIT-07833,Fully synthetic citizen; not a real person.
CIT-07834,Fully synthetic citizen; not a real person.
CIT-07835,Fully synthetic citizen; not a real person.
CIT-07836,Fully synthetic citizen; not a real person.
CIT-07837,Fully synthetic citizen; not a real person.
CIT-07838,Fully synthetic citizen; not a real person.
CIT-07839,Fully synthetic citizen; not a real person.
CIT-07840,Fully synthetic citizen; not a real person.
CIT-07841,Fully synthetic citizen; not a real person.
CIT-07842,Fully synthetic citizen; not a real person.
CIT-07843,Fully synthetic citizen; not a real person.
CIT-07844,Fully synthetic citizen; not a real person.
CIT-07845,Fully synthetic citizen; not a real person.
CIT-07846,Fully synthetic citizen; not a real person.
CIT-07847,Fully synthetic citizen; not a real person.
CIT-07848,Fully synthetic citizen; not a real person.
CIT-07849,Fully synthetic citizen; not a real person.
CIT-07850,Fully synthetic citizen; not a real person.
CIT-07851,Fully synthetic citizen; not a real person.
CIT-07852,Fully synthetic citizen; not a real person.
CIT-07853,Fully synthetic citizen; not a real person.
CIT-07854,Fully synthetic citizen; not a real person.
CIT-07855,Fully synthetic citizen; not a real person.
CIT-07856,Fully synthetic citizen; not a real person.
CIT-07857,Fully synthetic citizen; not a real person.
CIT-07858,Fully synthetic citizen; not a real person.
CIT-07859,Fully synthetic citizen; not a real person.
CIT-07860,Fully synthetic citizen; not a real person.
CIT-07861,Fully synthetic citizen; not a real person.
CIT-07862,Fully synthetic citizen; not a real person.
CIT-07863,Fully synthetic citizen; not a real person.
CIT-07864,Fully synthetic citizen; not a real person.
CIT-07865,Fully synthetic citizen; not a real person.
CIT-07866,Fully synthetic citizen; not a real person.
CIT-07867,Fully synthetic citizen; not a real person.
CIT-07868,Fully synthetic citizen; not a real person.
CIT-07869,Fully synthetic citizen; not a real person.
CIT-07870,Fully synthetic citizen; not a real person.
CIT-07871,Fully synthetic citizen; not a real person.
CIT-07872,Fully synthetic citizen; not a real person.
CIT-07873,Fully synthetic citizen; not a real person.
CIT-07874,Fully synthetic citizen; not a real person.
CIT-07875,Fully synthetic citizen; not a real person.
CIT-07876,Fully synthetic citizen; not a real person.
CIT-07877,Fully synthetic citizen; not a real person.
CIT-07878,Fully synthetic citizen; not a real person.
CIT-07879,Fully synthetic citizen; not a real person.
CIT-07880,Fully synthetic citizen; not a real person.
CIT-07881,Fully synthetic citizen; not a real person.
CIT-07882,Fully synthetic citizen; not a real person.
CIT-07883,Fully synthetic citizen; not a real person.
CIT-07884,Fully synthetic citizen; not a real person.
CIT-07885,Fully synthetic citizen; not a real person.
CIT-07886,Fully synthetic citizen; not a real person.
CIT-07887,Fully synthetic citizen; not a real person.
CIT-07888,Fully synthetic citizen; not a real person.
CIT-07889,Fully synthetic citizen; not a real person.
CIT-07890,Fully synthetic citizen; not a real person.
CIT-07891,Fully synthetic citizen; not a real person.
CIT-07892,Fully synthetic citizen; not a real person.
CIT-07893,Fully synthetic citizen; not a real person.
CIT-07894,Fully synthetic citizen; not a real person.
CIT-07895,Fully synthetic citizen; not a real person.
CIT-07896,Fully synthetic citizen; not a real person.
CIT-07897,Fully synthetic citizen; not a real person.
CIT-07898,Fully synthetic citizen; not a real person.
CIT-07899,Fully synthetic citizen; not a real person.
CIT-07900,Fully synthetic citizen; not a real person.
CIT-07901,Fully synthetic citizen; not a real person.
CIT-07902,Fully synthetic citizen; not a real person.
CIT-07903,Fully synthetic citizen; not a real person.
CIT-07904,Fully synthetic citizen; not a real person.
CIT-07905,Fully synthetic citizen; not a real person.
CIT-07906,Fully synthetic citizen; not a real person.
CIT-07907,Fully synthetic citizen; not a real person.
CIT-07908,Fully synthetic citizen; not a real person.
CIT-07909,Fully synthetic citizen; not a real person.
CIT-07910,Fully synthetic citizen; not a real person.
CIT-07911,Fully synthetic citizen; not a real person.
CIT-07912,Fully synthetic citizen; not a real person.
CIT-07913,Fully synthetic citizen; not a real person.
CIT-07914,Fully synthetic citizen; not a real person.
CIT-07915,Fully synthetic citizen; not a real person.
CIT-07916,Fully synthetic citizen; not a real person.
CIT-07917,Fully synthetic citizen; not a real person.
CIT-07918,Fully synthetic citizen; not a real person.
CIT-07919,Fully synthetic citizen; not a real person.
CIT-07920,Fully synthetic citizen; not a real person.
CIT-07921,Fully synthetic citizen; not a real person.
CIT-07922,Fully synthetic citizen; not a real person.
CIT-07923,Fully synthetic citizen; not a real person.
CIT-07924,Fully synthetic citizen; not a real person.
CIT-07925,Fully synthetic citizen; not a real person.
CIT-07926,Fully synthetic citizen; not a real person.
CIT-07927,Fully synthetic citizen; not a real person.
CIT-07928,Fully synthetic citizen; not a real person.
CIT-07929,Fully synthetic citizen; not a real person.
CIT-07930,Fully synthetic citizen; not a real person.
CIT-07931,Fully synthetic citizen; not a real person.
CIT-07932,Fully synthetic citizen; not a real person.
CIT-07933,Fully synthetic citizen; not a real person.
CIT-07934,Fully synthetic citizen; not a real person.
CIT-07935,Fully synthetic citizen; not a real person.
CIT-07936,Fully synthetic citizen; not a real person.
CIT-07937,Fully synthetic citizen; not a real person.
CIT-07938,Fully synthetic citizen; not a real person.
CIT-07939,Fully synthetic citizen; not a real person.
CIT-07940,Fully synthetic citizen; not a real person.
CIT-07941,Fully synthetic citizen; not a real person.
CIT-07942,Fully synthetic citizen; not a real person.
CIT-07943,Fully synthetic citizen; not a real person.
CIT-07944,Fully synthetic citizen; not a real person.
CIT-07945,Fully synthetic citizen; not a real person.
CIT-07946,Fully synthetic citizen; not a real person.
CIT-07947,Fully synthetic citizen; not a real person.
CIT-07948,Fully synthetic citizen; not a real person.
CIT-07949,Fully synthetic citizen; not a real person.
CIT-07950,Fully synthetic citizen; not a real person.
CIT-07951,Fully synthetic citizen; not a real person.
CIT-07952,Fully synthetic citizen; not a real person.
CIT-07953,Fully synthetic citizen; not a real person.
CIT-07954,Fully synthetic citizen; not a real person.
CIT-07955,Fully synthetic citizen; not a real person.
CIT-07956,Fully synthetic citizen; not a real person.
CIT-07957,Fully synthetic citizen; not a real person.
CIT-07958,Fully synthetic citizen; not a real person.
CIT-07959,Fully synthetic citizen; not a real person.
CIT-07960,Fully synthetic citizen; not a real person.
CIT-07961,Fully synthetic citizen; not a real person.
CIT-07962,Fully synthetic citizen; not a real person.
CIT-07963,Fully synthetic citizen; not a real person.
CIT-07964,Fully synthetic citizen; not a real person.
CIT-07965,Fully synthetic citizen; not a real person.
CIT-07966,Fully synthetic citizen; not a real person.
CIT-07967,Fully synthetic citizen; not a real person.
CIT-07968,Fully synthetic citizen; not a real person.
CIT-07969,Fully synthetic citizen; not a real person.
CIT-07970,Fully synthetic citizen; not a real person.
CIT-07971,Fully synthetic citizen; not a real person.
CIT-07972,Fully synthetic citizen; not a real person.
CIT-07973,Fully synthetic citizen; not a real person.
CIT-07974,Fully synthetic citizen; not a real person.
CIT-07975,Fully synthetic citizen; not a real person.
CIT-07976,Fully synthetic citizen; not a real person.
CIT-07977,Fully synthetic citizen; not a real person.
CIT-07978,Fully synthetic citizen; not a real person.
CIT-07979,Fully synthetic citizen; not a real person.
CIT-07980,Fully synthetic citizen; not a real person.
CIT-07981,Fully synthetic citizen; not a real person.
CIT-07982,Fully synthetic citizen; not a real person.
CIT-07983,Fully synthetic citizen; not a real person.
CIT-07984,Fully synthetic citizen; not a real person.
CIT-07985,Fully synthetic citizen; not a real person.
CIT-07986,Fully synthetic citizen; not a real person.
CIT-07987,Fully synthetic citizen; not a real person.
CIT-07988,Fully synthetic citizen; not a real person.
CIT-07989,Fully synthetic citizen; not a real person.
CIT-07990,Fully synthetic citizen; not a real person.
CIT-07991,Fully synthetic citizen; not a real person.
CIT-07992,Fully synthetic citizen; not a real person.
CIT-07993,Fully synthetic citizen; not a real person.
CIT-07994,Fully synthetic citizen; not a real person.
CIT-07995,Fully synthetic citizen; not a real person.
CIT-07996,Fully synthetic citizen; not a real person.
CIT-07997,Fully synthetic citizen; not a real person.
CIT-07998,Fully synthetic citizen; not a real person.
CIT-07999,Fully synthetic citizen; not a real person.
CIT-08000,Fully synthetic citizen; not a real person.
CIT-08001,Fully synthetic citizen; not a real person.
CIT-08002,Fully synthetic citizen; not a real person.
CIT-08003,Fully synthetic citizen; not a real person.
CIT-08004,Fully synthetic citizen; not a real person.
CIT-08005,Fully synthetic citizen; not a real person.
CIT-08006,Fully synthetic citizen; not a real person.
CIT-08007,Fully synthetic citizen; not a real person.
CIT-08008,Fully synthetic citizen; not a real person.
CIT-08009,Fully synthetic citizen; not a real person.
CIT-08010,Fully synthetic citizen; not a real person.
CIT-08011,Fully synthetic citizen; not a real person.
CIT-08012,Fully synthetic citizen; not a real person.
CIT-08013,Fully synthetic citizen; not a real person.
CIT-08014,Fully synthetic citizen; not a real person.
CIT-08015,Fully synthetic citizen; not a real person.
CIT-08016,Fully synthetic citizen; not a real person.
CIT-08017,Fully synthetic citizen; not a real person.
CIT-08018,Fully synthetic citizen; not a real person.
CIT-08019,Fully synthetic citizen; not a real person.
CIT-08020,Fully synthetic citizen; not a real person.
CIT-08021,Fully synthetic citizen; not a real person.
CIT-08022,Fully synthetic citizen; not a real person.
CIT-08023,Fully synthetic citizen; not a real person.
CIT-08024,Fully synthetic citizen; not a real person.
CIT-08025,Fully synthetic citizen; not a real person.
CIT-08026,Fully synthetic citizen; not a real person.
CIT-08027,Fully synthetic citizen; not a real person.
CIT-08028,Fully synthetic citizen; not a real person.
CIT-08029,Fully synthetic citizen; not a real person.
CIT-08030,Fully synthetic citizen; not a real person.
CIT-08031,Fully synthetic citizen; not a real person.
CIT-08032,Fully synthetic citizen; not a real person.
CIT-08033,Fully synthetic citizen; not a real person.
CIT-08034,Fully synthetic citizen; not a real person.
CIT-08035,Fully synthetic citizen; not a real person.
CIT-08036,Fully synthetic citizen; not a real person.
CIT-08037,Fully synthetic citizen; not a real person.
CIT-08038,Fully synthetic citizen; not a real person.
CIT-08039,Fully synthetic citizen; not a real person.
CIT-08040,Fully synthetic citizen; not a real person.
CIT-08041,Fully synthetic citizen; not a real person.
CIT-08042,Fully synthetic citizen; not a real person.
CIT-08043,Fully synthetic citizen; not a real person.
CIT-08044,Fully synthetic citizen; not a real person.
CIT-08045,Fully synthetic citizen; not a real person.
CIT-08046,Fully synthetic citizen; not a real person.
CIT-08047,Fully synthetic citizen; not a real person.
CIT-08048,Fully synthetic citizen; not a real person.
CIT-08049,Fully synthetic citizen; not a real person.
CIT-08050,Fully synthetic citizen; not a real person.
CIT-08051,Fully synthetic citizen; not a real person.
CIT-08052,Fully synthetic citizen; not a real person.
CIT-08053,Fully synthetic citizen; not a real person.
CIT-08054,Fully synthetic citizen; not a real person.
CIT-08055,Fully synthetic citizen; not a real person.
CIT-08056,Fully synthetic citizen; not a real person.
CIT-08057,Fully synthetic citizen; not a real person.
CIT-08058,Fully synthetic citizen; not a real person.
CIT-08059,Fully synthetic citizen; not a real person.
CIT-08060,Fully synthetic citizen; not a real person.
CIT-08061,Fully synthetic citizen; not a real person.
CIT-08062,Fully synthetic citizen; not a real person.
CIT-08063,Fully synthetic citizen; not a real person.
CIT-08064,Fully synthetic citizen; not a real person.
CIT-08065,Fully synthetic citizen; not a real person.
CIT-08066,Fully synthetic citizen; not a real person.
CIT-08067,Fully synthetic citizen; not a real person.
CIT-08068,Fully synthetic citizen; not a real person.
CIT-08069,Fully synthetic citizen; not a real person.
CIT-08070,Fully synthetic citizen; not a real person.
CIT-08071,Fully synthetic citizen; not a real person.
CIT-08072,Fully synthetic citizen; not a real person.
CIT-08073,Fully synthetic citizen; not a real person.
CIT-08074,Fully synthetic citizen; not a real person.
CIT-08075,Fully synthetic citizen; not a real person.
CIT-08076,Fully synthetic citizen; not a real person.
CIT-08077,Fully synthetic citizen; not a real person.
CIT-08078,Fully synthetic citizen; not a real person.
CIT-08079,Fully synthetic citizen; not a real person.
CIT-08080,Fully synthetic citizen; not a real person.
CIT-08081,Fully synthetic citizen; not a real person.
CIT-08082,Fully synthetic citizen; not a real person.
CIT-08083,Fully synthetic citizen; not a real person.
CIT-08084,Fully synthetic citizen; not a real person.
CIT-08085,Fully synthetic citizen; not a real person.
CIT-08086,Fully synthetic citizen; not a real person.
CIT-08087,Fully synthetic citizen; not a real person.
CIT-08088,Fully synthetic citizen; not a real person.
CIT-08089,Fully synthetic citizen; not a real person.
CIT-08090,Fully synthetic citizen; not a real person.
CIT-08091,Fully synthetic citizen; not a real person.
CIT-08092,Fully synthetic citizen; not a real person.
CIT-08093,Fully synthetic citizen; not a real person.
CIT-08094,Fully synthetic citizen; not a real person.
CIT-08095,Fully synthetic citizen; not a real person.
CIT-08096,Fully synthetic citizen; not a real person.
CIT-08097,Fully synthetic citizen; not a real person.
CIT-08098,Fully synthetic citizen; not a real person.
CIT-08099,Fully synthetic citizen; not a real person.
CIT-08100,Fully synthetic citizen; not a real person.
CIT-08101,Fully synthetic citizen; not a real person.
CIT-08102,Fully synthetic citizen; not a real person.
CIT-08103,Fully synthetic citizen; not a real person.
CIT-08104,Fully synthetic citizen; not a real person.
CIT-08105,Fully synthetic citizen; not a real person.
CIT-08106,Fully synthetic citizen; not a real person.
CIT-08107,Fully synthetic citizen; not a real person.
CIT-08108,Fully synthetic citizen; not a real person.
CIT-08109,Fully synthetic citizen; not a real person.
CIT-08110,Fully synthetic citizen; not a real person.
CIT-08111,Fully synthetic citizen; not a real person.
CIT-08112,Fully synthetic citizen; not a real person.
CIT-08113,Fully synthetic citizen; not a real person.
CIT-08114,Fully synthetic citizen; not a real person.
CIT-08115,Fully synthetic citizen; not a real person.
CIT-08116,Fully synthetic citizen; not a real person.
CIT-08117,Fully synthetic citizen; not a real person.
CIT-08118,Fully synthetic citizen; not a real person.
CIT-08119,Fully synthetic citizen; not a real person.
CIT-08120,Fully synthetic citizen; not a real person.
CIT-08121,Fully synthetic citizen; not a real person.
CIT-08122,Fully synthetic citizen; not a real person.
CIT-08123,Fully synthetic citizen; not a real person.
CIT-08124,Fully synthetic citizen; not a real person.
CIT-08125,Fully synthetic citizen; not a real person.
CIT-08126,Fully synthetic citizen; not a real person.
CIT-08127,Fully synthetic citizen; not a real person.
CIT-08128,Fully synthetic citizen; not a real person.
CIT-08129,Fully synthetic citizen; not a real person.
CIT-08130,Fully synthetic citizen; not a real person.
CIT-08131,Fully synthetic citizen; not a real person.
CIT-08132,Fully synthetic citizen; not a real person.
CIT-08133,Fully synthetic citizen; not a real person.
CIT-08134,Fully synthetic citizen; not a real person.
CIT-08135,Fully synthetic citizen; not a real person.
CIT-08136,Fully synthetic citizen; not a real person.
CIT-08137,Fully synthetic citizen; not a real person.
CIT-08138,Fully synthetic citizen; not a real person.
CIT-08139,Fully synthetic citizen; not a real person.
CIT-08140,Fully synthetic citizen; not a real person.
CIT-08141,Fully synthetic citizen; not a real person.
CIT-08142,Fully synthetic citizen; not a real person.
CIT-08143,Fully synthetic citizen; not a real person.
CIT-08144,Fully synthetic citizen; not a real person.
CIT-08145,Fully synthetic citizen; not a real person.
CIT-08146,Fully synthetic citizen; not a real person.
CIT-08147,Fully synthetic citizen; not a real person.
CIT-08148,Fully synthetic citizen; not a real person.
CIT-08149,Fully synthetic citizen; not a real person.
CIT-08150,Fully synthetic citizen; not a real person.
CIT-08151,Fully synthetic citizen; not a real person.
CIT-08152,Fully synthetic citizen; not a real person.
CIT-08153,Fully synthetic citizen; not a real person.
CIT-08154,Fully synthetic citizen; not a real person.
CIT-08155,Fully synthetic citizen; not a real person.
CIT-08156,Fully synthetic citizen; not a real person.
CIT-08157,Fully synthetic citizen; not a real person.
CIT-08158,Fully synthetic citizen; not a real person.
CIT-08159,Fully synthetic citizen; not a real person.
CIT-08160,Fully synthetic citizen; not a real person.
CIT-08161,Fully synthetic citizen; not a real person.
CIT-08162,Fully synthetic citizen; not a real person.
CIT-08163,Fully synthetic citizen; not a real person.
CIT-08164,Fully synthetic citizen; not a real person.
CIT-08165,Fully synthetic citizen; not a real person.
CIT-08166,Fully synthetic citizen; not a real person.
CIT-08167,Fully synthetic citizen; not a real person.
CIT-08168,Fully synthetic citizen; not a real person.
CIT-08169,Fully synthetic citizen; not a real person.
CIT-08170,Fully synthetic citizen; not a real person.
CIT-08171,Fully synthetic citizen; not a real person.
CIT-08172,Fully synthetic citizen; not a real person.
CIT-08173,Fully synthetic citizen; not a real person.
CIT-08174,Fully synthetic citizen; not a real person.
CIT-08175,Fully synthetic citizen; not a real person.
CIT-08176,Fully synthetic citizen; not a real person.
CIT-08177,Fully synthetic citizen; not a real person.
CIT-08178,Fully synthetic citizen; not a real person.
CIT-08179,Fully synthetic citizen; not a real person.
CIT-08180,Fully synthetic citizen; not a real person.
CIT-08181,Fully synthetic citizen; not a real person.
CIT-08182,Fully synthetic citizen; not a real person.
CIT-08183,Fully synthetic citizen; not a real person.
CIT-08184,Fully synthetic citizen; not a real person.
CIT-08185,Fully synthetic citizen; not a real person.
CIT-08186,Fully synthetic citizen; not a real person.
CIT-08187,Fully synthetic citizen; not a real person.
CIT-08188,Fully synthetic citizen; not a real person.
CIT-08189,Fully synthetic citizen; not a real person.
CIT-08190,Fully synthetic citizen; not a real person.
CIT-08191,Fully synthetic citizen; not a real person.
CIT-08192,Fully synthetic citizen; not a real person.
CIT-08193,Fully synthetic citizen; not a real person.
CIT-08194,Fully synthetic citizen; not a real person.
CIT-08195,Fully synthetic citizen; not a real person.
CIT-08196,Fully synthetic citizen; not a real person.
CIT-08197,Fully synthetic citizen; not a real person.
CIT-08198,Fully synthetic citizen; not a real person.
CIT-08199,Fully synthetic citizen; not a real person.
CIT-08200,Fully synthetic citizen; not a real person.
CIT-08201,Fully synthetic citizen; not a real person.
CIT-08202,Fully synthetic citizen; not a real person.
CIT-08203,Fully synthetic citizen; not a real person.
CIT-08204,Fully synthetic citizen; not a real person.
CIT-08205,Fully synthetic citizen; not a real person.
CIT-08206,Fully synthetic citizen; not a real person.
CIT-08207,Fully synthetic citizen; not a real person.
CIT-08208,Fully synthetic citizen; not a real person.
CIT-08209,Fully synthetic citizen; not a real person.
CIT-08210,Fully synthetic citizen; not a real person.
CIT-08211,Fully synthetic citizen; not a real person.
CIT-08212,Fully synthetic citizen; not a real person.
CIT-08213,Fully synthetic citizen; not a real person.
CIT-08214,Fully synthetic citizen; not a real person.
CIT-08215,Fully synthetic citizen; not a real person.
CIT-08216,Fully synthetic citizen; not a real person.
CIT-08217,Fully synthetic citizen; not a real person.
CIT-08218,Fully synthetic citizen; not a real person.
CIT-08219,Fully synthetic citizen; not a real person.
CIT-08220,Fully synthetic citizen; not a real person.
CIT-08221,Fully synthetic citizen; not a real person.
CIT-08222,Fully synthetic citizen; not a real person.
CIT-08223,Fully synthetic citizen; not a real person.
CIT-08224,Fully synthetic citizen; not a real person.
CIT-08225,Fully synthetic citizen; not a real person.
CIT-08226,Fully synthetic citizen; not a real person.
CIT-08227,Fully synthetic citizen; not a real person.
CIT-08228,Fully synthetic citizen; not a real person.
CIT-08229,Fully synthetic citizen; not a real person.
CIT-08230,Fully synthetic citizen; not a real person.
CIT-08231,Fully synthetic citizen; not a real person.
CIT-08232,Fully synthetic citizen; not a real person.
CIT-08233,Fully synthetic citizen; not a real person.
CIT-08234,Fully synthetic citizen; not a real person.
CIT-08235,Fully synthetic citizen; not a real person.
CIT-08236,Fully synthetic citizen; not a real person.
CIT-08237,Fully synthetic citizen; not a real person.
CIT-08238,Fully synthetic citizen; not a real person.
CIT-08239,Fully synthetic citizen; not a real person.
CIT-08240,Fully synthetic citizen; not a real person.
CIT-08241,Fully synthetic citizen; not a real person.
CIT-08242,Fully synthetic citizen; not a real person.
CIT-08243,Fully synthetic citizen; not a real person.
CIT-08244,Fully synthetic citizen; not a real person.
CIT-08245,Fully synthetic citizen; not a real person.
CIT-08246,Fully synthetic citizen; not a real person.
CIT-08247,Fully synthetic citizen; not a real person.
CIT-08248,Fully synthetic citizen; not a real person.
CIT-08249,Fully synthetic citizen; not a real person.
CIT-08250,Fully synthetic citizen; not a real person.
CIT-08251,Fully synthetic citizen; not a real person.
CIT-08252,Fully synthetic citizen; not a real person.
CIT-08253,Fully synthetic citizen; not a real person.
CIT-08254,Fully synthetic citizen; not a real person.
CIT-08255,Fully synthetic citizen; not a real person.
CIT-08256,Fully synthetic citizen; not a real person.
CIT-08257,Fully synthetic citizen; not a real person.
CIT-08258,Fully synthetic citizen; not a real person.
CIT-08259,Fully synthetic citizen; not a real person.
CIT-08260,Fully synthetic citizen; not a real person.
CIT-08261,Fully synthetic citizen; not a real person.
CIT-08262,Fully synthetic citizen; not a real person.
CIT-08263,Fully synthetic citizen; not a real person.
CIT-08264,Fully synthetic citizen; not a real person.
CIT-08265,Fully synthetic citizen; not a real person.
CIT-08266,Fully synthetic citizen; not a real person.
CIT-08267,Fully synthetic citizen; not a real person.
CIT-08268,Fully synthetic citizen; not a real person.
CIT-08269,Fully synthetic citizen; not a real person.
CIT-08270,Fully synthetic citizen; not a real person.
CIT-08271,Fully synthetic citizen; not a real person.
CIT-08272,Fully synthetic citizen; not a real person.
CIT-08273,Fully synthetic citizen; not a real person.
CIT-08274,Fully synthetic citizen; not a real person.
CIT-08275,Fully synthetic citizen; not a real person.
CIT-08276,Fully synthetic citizen; not a real person.
CIT-08277,Fully synthetic citizen; not a real person.
CIT-08278,Fully synthetic citizen; not a real person.
CIT-08279,Fully synthetic citizen; not a real person.
CIT-08280,Fully synthetic citizen; not a real person.
CIT-08281,Fully synthetic citizen; not a real person.
CIT-08282,Fully synthetic citizen; not a real person.
CIT-08283,Fully synthetic citizen; not a real person.
CIT-08284,Fully synthetic citizen; not a real person.
CIT-08285,Fully synthetic citizen; not a real person.
CIT-08286,Fully synthetic citizen; not a real person.
CIT-08287,Fully synthetic citizen; not a real person.
CIT-08288,Fully synthetic citizen; not a real person.
CIT-08289,Fully synthetic citizen; not a real person.
CIT-08290,Fully synthetic citizen; not a real person.
CIT-08291,Fully synthetic citizen; not a real person.
CIT-08292,Fully synthetic citizen; not a real person.
CIT-08293,Fully synthetic citizen; not a real person.
CIT-08294,Fully synthetic citizen; not a real person.
CIT-08295,Fully synthetic citizen; not a real person.
CIT-08296,Fully synthetic citizen; not a real person.
CIT-08297,Fully synthetic citizen; not a real person.
CIT-08298,Fully synthetic citizen; not a real person.
CIT-08299,Fully synthetic citizen; not a real person.
CIT-08300,Fully synthetic citizen; not a real person.
CIT-08301,Fully synthetic citizen; not a real person.
CIT-08302,Fully synthetic citizen; not a real person.
CIT-08303,Fully synthetic citizen; not a real person.
CIT-08304,Fully synthetic citizen; not a real person.
CIT-08305,Fully synthetic citizen; not a real person.
CIT-08306,Fully synthetic citizen; not a real person.
CIT-08307,Fully synthetic citizen; not a real person.
CIT-08308,Fully synthetic citizen; not a real person.
CIT-08309,Fully synthetic citizen; not a real person.
CIT-08310,Fully synthetic citizen; not a real person.
CIT-08311,Fully synthetic citizen; not a real person.
CIT-08312,Fully synthetic citizen; not a real person.
CIT-08313,Fully synthetic citizen; not a real person.
CIT-08314,Fully synthetic citizen; not a real person.
CIT-08315,Fully synthetic citizen; not a real person.
CIT-08316,Fully synthetic citizen; not a real person.
CIT-08317,Fully synthetic citizen; not a real person.
CIT-08318,Fully synthetic citizen; not a real person.
CIT-08319,Fully synthetic citizen; not a real person.
CIT-08320,Fully synthetic citizen; not a real person.
CIT-08321,Fully synthetic citizen; not a real person.
CIT-08322,Fully synthetic citizen; not a real person.
CIT-08323,Fully synthetic citizen; not a real person.
CIT-08324,Fully synthetic citizen; not a real person.
CIT-08325,Fully synthetic citizen; not a real person.
CIT-08326,Fully synthetic citizen; not a real person.
CIT-08327,Fully synthetic citizen; not a real person.
CIT-08328,Fully synthetic citizen; not a real person.
CIT-08329,Fully synthetic citizen; not a real person.
CIT-08330,Fully synthetic citizen; not a real person.
CIT-08331,Fully synthetic citizen; not a real person.
CIT-08332,Fully synthetic citizen; not a real person.
CIT-08333,Fully synthetic citizen; not a real person.
CIT-08334,Fully synthetic citizen; not a real person.
CIT-08335,Fully synthetic citizen; not a real person.
CIT-08336,Fully synthetic citizen; not a real person.
CIT-08337,Fully synthetic citizen; not a real person.
CIT-08338,Fully synthetic citizen; not a real person.
CIT-08339,Fully synthetic citizen; not a real person.
CIT-08340,Fully synthetic citizen; not a real person.
CIT-08341,Fully synthetic citizen; not a real person.
CIT-08342,Fully synthetic citizen; not a real person.
CIT-08343,Fully synthetic citizen; not a real person.
CIT-08344,Fully synthetic citizen; not a real person.
CIT-08345,Fully synthetic citizen; not a real person.
CIT-08346,Fully synthetic citizen; not a real person.
CIT-08347,Fully synthetic citizen; not a real person.
CIT-08348,Fully synthetic citizen; not a real person.
CIT-08349,Fully synthetic citizen; not a real person.
CIT-08350,Fully synthetic citizen; not a real person.
CIT-08351,Fully synthetic citizen; not a real person.
CIT-08352,Fully synthetic citizen; not a real person.
CIT-08353,Fully synthetic citizen; not a real person.
CIT-08354,Fully synthetic citizen; not a real person.
CIT-08355,Fully synthetic citizen; not a real person.
CIT-08356,Fully synthetic citizen; not a real person.
CIT-08357,Fully synthetic citizen; not a real person.
CIT-08358,Fully synthetic citizen; not a real person.
CIT-08359,Fully synthetic citizen; not a real person.
CIT-08360,Fully synthetic citizen; not a real person.
CIT-08361,Fully synthetic citizen; not a real person.
CIT-08362,Fully synthetic citizen; not a real person.
CIT-08363,Fully synthetic citizen; not a real person.
CIT-08364,Fully synthetic citizen; not a real person.
CIT-08365,Fully synthetic citizen; not a real person.
CIT-08366,Fully synthetic citizen; not a real person.
CIT-08367,Fully synthetic citizen; not a real person.
CIT-08368,Fully synthetic citizen; not a real person.
CIT-08369,Fully synthetic citizen; not a real person.
CIT-08370,Fully synthetic citizen; not a real person.
CIT-08371,Fully synthetic citizen; not a real person.
CIT-08372,Fully synthetic citizen; not a real person.
CIT-08373,Fully synthetic citizen; not a real person.
CIT-08374,Fully synthetic citizen; not a real person.
CIT-08375,Fully synthetic citizen; not a real person.
CIT-08376,Fully synthetic citizen; not a real person.
CIT-08377,Fully synthetic citizen; not a real person.
CIT-08378,Fully synthetic citizen; not a real person.
CIT-08379,Fully synthetic citizen; not a real person.
CIT-08380,Fully synthetic citizen; not a real person.
CIT-08381,Fully synthetic citizen; not a real person.
CIT-08382,Fully synthetic citizen; not a real person.
CIT-08383,Fully synthetic citizen; not a real person.
CIT-08384,Fully synthetic citizen; not a real person.
CIT-08385,Fully synthetic citizen; not a real person.
CIT-08386,Fully synthetic citizen; not a real person.
CIT-08387,Fully synthetic citizen; not a real person.
CIT-08388,Fully synthetic citizen; not a real person.
CIT-08389,Fully synthetic citizen; not a real person.
CIT-08390,Fully synthetic citizen; not a real person.
CIT-08391,Fully synthetic citizen; not a real person.
CIT-08392,Fully synthetic citizen; not a real person.
CIT-08393,Fully synthetic citizen; not a real person.
CIT-08394,Fully synthetic citizen; not a real person.
CIT-08395,Fully synthetic citizen; not a real person.
CIT-08396,Fully synthetic citizen; not a real person.
CIT-08397,Fully synthetic citizen; not a real person.
CIT-08398,Fully synthetic citizen; not a real person.
CIT-08399,Fully synthetic citizen; not a real person.
CIT-08400,Fully synthetic citizen; not a real person.
CIT-08401,Fully synthetic citizen; not a real person.
CIT-08402,Fully synthetic citizen; not a real person.
CIT-08403,Fully synthetic citizen; not a real person.
CIT-08404,Fully synthetic citizen; not a real person.
CIT-08405,Fully synthetic citizen; not a real person.
CIT-08406,Fully synthetic citizen; not a real person.
CIT-08407,Fully synthetic citizen; not a real person.
CIT-08408,Fully synthetic citizen; not a real person.
CIT-08409,Fully synthetic citizen; not a real person.
CIT-08410,Fully synthetic citizen; not a real person.
CIT-08411,Fully synthetic citizen; not a real person.
CIT-08412,Fully synthetic citizen; not a real person.
CIT-08413,Fully synthetic citizen; not a real person.
CIT-08414,Fully synthetic citizen; not a real person.
CIT-08415,Fully synthetic citizen; not a real person.
CIT-08416,Fully synthetic citizen; not a real person.
CIT-08417,Fully synthetic citizen; not a real person.
CIT-08418,Fully synthetic citizen; not a real person.
CIT-08419,Fully synthetic citizen; not a real person.
CIT-08420,Fully synthetic citizen; not a real person.
CIT-08421,Fully synthetic citizen; not a real person.
CIT-08422,Fully synthetic citizen; not a real person.
CIT-08423,Fully synthetic citizen; not a real person.
CIT-08424,Fully synthetic citizen; not a real person.
CIT-08425,Fully synthetic citizen; not a real person.
CIT-08426,Fully synthetic citizen; not a real person.
CIT-08427,Fully synthetic citizen; not a real person.
CIT-08428,Fully synthetic citizen; not a real person.
CIT-08429,Fully synthetic citizen; not a real person.
CIT-08430,Fully synthetic citizen; not a real person.
CIT-08431,Fully synthetic citizen; not a real person.
CIT-08432,Fully synthetic citizen; not a real person.
CIT-08433,Fully synthetic citizen; not a real person.
CIT-08434,Fully synthetic citizen; not a real person.
CIT-08435,Fully synthetic citizen; not a real person.
CIT-08436,Fully synthetic citizen; not a real person.
CIT-08437,Fully synthetic citizen; not a real person.
CIT-08438,Fully synthetic citizen; not a real person.
CIT-08439,Fully synthetic citizen; not a real person.
CIT-08440,Fully synthetic citizen; not a real person.
CIT-08441,Fully synthetic citizen; not a real person.
CIT-08442,Fully synthetic citizen; not a real person.
CIT-08443,Fully synthetic citizen; not a real person.
CIT-08444,Fully synthetic citizen; not a real person.
CIT-08445,Fully synthetic citizen; not a real person.
CIT-08446,Fully synthetic citizen; not a real person.
CIT-08447,Fully synthetic citizen; not a real person.
CIT-08448,Fully synthetic citizen; not a real person.
CIT-08449,Fully synthetic citizen; not a real person.
CIT-08450,Fully synthetic citizen; not a real person.
CIT-08451,Fully synthetic citizen; not a real person.
CIT-08452,Fully synthetic citizen; not a real person.
CIT-08453,Fully synthetic citizen; not a real person.
CIT-08454,Fully synthetic citizen; not a real person.
CIT-08455,Fully synthetic citizen; not a real person.
CIT-08456,Fully synthetic citizen; not a real person.
CIT-08457,Fully synthetic citizen; not a real person.
CIT-08458,Fully synthetic citizen; not a real person.
CIT-08459,Fully synthetic citizen; not a real person.
CIT-08460,Fully synthetic citizen; not a real person.
CIT-08461,Fully synthetic citizen; not a real person.
CIT-08462,Fully synthetic citizen; not a real person.
CIT-08463,Fully synthetic citizen; not a real person.
CIT-08464,Fully synthetic citizen; not a real person.
CIT-08465,Fully synthetic citizen; not a real person.
CIT-08466,Fully synthetic citizen; not a real person.
CIT-08467,Fully synthetic citizen; not a real person.
CIT-08468,Fully synthetic citizen; not a real person.
CIT-08469,Fully synthetic citizen; not a real person.
CIT-08470,Fully synthetic citizen; not a real person.
CIT-08471,Fully synthetic citizen; not a real person.
CIT-08472,Fully synthetic citizen; not a real person.
CIT-08473,Fully synthetic citizen; not a real person.
CIT-08474,Fully synthetic citizen; not a real person.
CIT-08475,Fully synthetic citizen; not a real person.
CIT-08476,Fully synthetic citizen; not a real person.
CIT-08477,Fully synthetic citizen; not a real person.
CIT-08478,Fully synthetic citizen; not a real person.
CIT-08479,Fully synthetic citizen; not a real person.
CIT-08480,Fully synthetic citizen; not a real person.
CIT-08481,Fully synthetic citizen; not a real person.
CIT-08482,Fully synthetic citizen; not a real person.
CIT-08483,Fully synthetic citizen; not a real person.
CIT-08484,Fully synthetic citizen; not a real person.
CIT-08485,Fully synthetic citizen; not a real person.
CIT-08486,Fully synthetic citizen; not a real person.
CIT-08487,Fully synthetic citizen; not a real person.
CIT-08488,Fully synthetic citizen; not a real person.
CIT-08489,Fully synthetic citizen; not a real person.
CIT-08490,Fully synthetic citizen; not a real person.
CIT-08491,Fully synthetic citizen; not a real person.
CIT-08492,Fully synthetic citizen; not a real person.
CIT-08493,Fully synthetic citizen; not a real person.
CIT-08494,Fully synthetic citizen; not a real person.
CIT-08495,Fully synthetic citizen; not a real person.
CIT-08496,Fully synthetic citizen; not a real person.
CIT-08497,Fully synthetic citizen; not a real person.
CIT-08498,Fully synthetic citizen; not a real person.
CIT-08499,Fully synthetic citizen; not a real person.
CIT-08500,Fully synthetic citizen; not a real person.
CIT-08501,Fully synthetic citizen; not a real person.
CIT-08502,Fully synthetic citizen; not a real person.
CIT-08503,Fully synthetic citizen; not a real person.
CIT-08504,Fully synthetic citizen; not a real person.
CIT-08505,Fully synthetic citizen; not a real person.
CIT-08506,Fully synthetic citizen; not a real person.
CIT-08507,Fully synthetic citizen; not a real person.
CIT-08508,Fully synthetic citizen; not a real person.
CIT-08509,Fully synthetic citizen; not a real person.
CIT-08510,Fully synthetic citizen; not a real person.
CIT-08511,Fully synthetic citizen; not a real person.
CIT-08512,Fully synthetic citizen; not a real person.
CIT-08513,Fully synthetic citizen; not a real person.
CIT-08514,Fully synthetic citizen; not a real person.
CIT-08515,Fully synthetic citizen; not a real person.
CIT-08516,Fully synthetic citizen; not a real person.
CIT-08517,Fully synthetic citizen; not a real person.
CIT-08518,Fully synthetic citizen; not a real person.
CIT-08519,Fully synthetic citizen; not a real person.
CIT-08520,Fully synthetic citizen; not a real person.
CIT-08521,Fully synthetic citizen; not a real person.
CIT-08522,Fully synthetic citizen; not a real person.
CIT-08523,Fully synthetic citizen; not a real person.
CIT-08524,Fully synthetic citizen; not a real person.
CIT-08525,Fully synthetic citizen; not a real person.
CIT-08526,Fully synthetic citizen; not a real person.
CIT-08527,Fully synthetic citizen; not a real person.
CIT-08528,Fully synthetic citizen; not a real person.
CIT-08529,Fully synthetic citizen; not a real person.
CIT-08530,Fully synthetic citizen; not a real person.
CIT-08531,Fully synthetic citizen; not a real person.
CIT-08532,Fully synthetic citizen; not a real person.
CIT-08533,Fully synthetic citizen; not a real person.
CIT-08534,Fully synthetic citizen; not a real person.
CIT-08535,Fully synthetic citizen; not a real person.
CIT-08536,Fully synthetic citizen; not a real person.
CIT-08537,Fully synthetic citizen; not a real person.
CIT-08538,Fully synthetic citizen; not a real person.
CIT-08539,Fully synthetic citizen; not a real person.
CIT-08540,Fully synthetic citizen; not a real person.
CIT-08541,Fully synthetic citizen; not a real person.
CIT-08542,Fully synthetic citizen; not a real person.
CIT-08543,Fully synthetic citizen; not a real person.
CIT-08544,Fully synthetic citizen; not a real person.
CIT-08545,Fully synthetic citizen; not a real person.
CIT-08546,Fully synthetic citizen; not a real person.
CIT-08547,Fully synthetic citizen; not a real person.
CIT-08548,Fully synthetic citizen; not a real person.
CIT-08549,Fully synthetic citizen; not a real person.
CIT-08550,Fully synthetic citizen; not a real person.
CIT-08551,Fully synthetic citizen; not a real person.
CIT-08552,Fully synthetic citizen; not a real person.
CIT-08553,Fully synthetic citizen; not a real person.
CIT-08554,Fully synthetic citizen; not a real person.
CIT-08555,Fully synthetic citizen; not a real person.
CIT-08556,Fully synthetic citizen; not a real person.
CIT-08557,Fully synthetic citizen; not a real person.
CIT-08558,Fully synthetic citizen; not a real person.
CIT-08559,Fully synthetic citizen; not a real person.
CIT-08560,Fully synthetic citizen; not a real person.
CIT-08561,Fully synthetic citizen; not a real person.
CIT-08562,Fully synthetic citizen; not a real person.
CIT-08563,Fully synthetic citizen; not a real person.
CIT-08564,Fully synthetic citizen; not a real person.
CIT-08565,Fully synthetic citizen; not a real person.
CIT-08566,Fully synthetic citizen; not a real person.
CIT-08567,Fully synthetic citizen; not a real person.
CIT-08568,Fully synthetic citizen; not a real person.
CIT-08569,Fully synthetic citizen; not a real person.
CIT-08570,Fully synthetic citizen; not a real person.
CIT-08571,Fully synthetic citizen; not a real person.
CIT-08572,Fully synthetic citizen; not a real person.
CIT-08573,Fully synthetic citizen; not a real person.
CIT-08574,Fully synthetic citizen; not a real person.
CIT-08575,Fully synthetic citizen; not a real person.
CIT-08576,Fully synthetic citizen; not a real person.
CIT-08577,Fully synthetic citizen; not a real person.
CIT-08578,Fully synthetic citizen; not a real person.
CIT-08579,Fully synthetic citizen; not a real person.
CIT-08580,Fully synthetic citizen; not a real person.
CIT-08581,Fully synthetic citizen; not a real person.
CIT-08582,Fully synthetic citizen; not a real person.
CIT-08583,Fully synthetic citizen; not a real person.
CIT-08584,Fully synthetic citizen; not a real person.
CIT-08585,Fully synthetic citizen; not a real person.
CIT-08586,Fully synthetic citizen; not a real person.
CIT-08587,Fully synthetic citizen; not a real person.
CIT-08588,Fully synthetic citizen; not a real person.
CIT-08589,Fully synthetic citizen; not a real person.
CIT-08590,Fully synthetic citizen; not a real person.
CIT-08591,Fully synthetic citizen; not a real person.
CIT-08592,Fully synthetic citizen; not a real person.
CIT-08593,Fully synthetic citizen; not a real person.
CIT-08594,Fully synthetic citizen; not a real person.
CIT-08595,Fully synthetic citizen; not a real person.
CIT-08596,Fully synthetic citizen; not a real person.
CIT-08597,Fully synthetic citizen; not a real person.
CIT-08598,Fully synthetic citizen; not a real person.
CIT-08599,Fully synthetic citizen; not a real person.
CIT-08600,Fully synthetic citizen; not a real person.
CIT-08601,Fully synthetic citizen; not a real person.
CIT-08602,Fully synthetic citizen; not a real person.
CIT-08603,Fully synthetic citizen; not a real person.
CIT-08604,Fully synthetic citizen; not a real person.
CIT-08605,Fully synthetic citizen; not a real person.
CIT-08606,Fully synthetic citizen; not a real person.
CIT-08607,Fully synthetic citizen; not a real person.
CIT-08608,Fully synthetic citizen; not a real person.
CIT-08609,Fully synthetic citizen; not a real person.
CIT-08610,Fully synthetic citizen; not a real person.
CIT-08611,Fully synthetic citizen; not a real person.
CIT-08612,Fully synthetic citizen; not a real person.
CIT-08613,Fully synthetic citizen; not a real person.
CIT-08614,Fully synthetic citizen; not a real person.
CIT-08615,Fully synthetic citizen; not a real person.
CIT-08616,Fully synthetic citizen; not a real person.
CIT-08617,Fully synthetic citizen; not a real person.
CIT-08618,Fully synthetic citizen; not a real person.
CIT-08619,Fully synthetic citizen; not a real person.
CIT-08620,Fully synthetic citizen; not a real person.
CIT-08621,Fully synthetic citizen; not a real person.
CIT-08622,Fully synthetic citizen; not a real person.
CIT-08623,Fully synthetic citizen; not a real person.
CIT-08624,Fully synthetic citizen; not a real person.
CIT-08625,Fully synthetic citizen; not a real person.
CIT-08626,Fully synthetic citizen; not a real person.
CIT-08627,Fully synthetic citizen; not a real person.
CIT-08628,Fully synthetic citizen; not a real person.
CIT-08629,Fully synthetic citizen; not a real person.
CIT-08630,Fully synthetic citizen; not a real person.
CIT-08631,Fully synthetic citizen; not a real person.
CIT-08632,Fully synthetic citizen; not a real person.
CIT-08633,Fully synthetic citizen; not a real person.
CIT-08634,Fully synthetic citizen; not a real person.
CIT-08635,Fully synthetic citizen; not a real person.
CIT-08636,Fully synthetic citizen; not a real person.
CIT-08637,Fully synthetic citizen; not a real person.
CIT-08638,Fully synthetic citizen; not a real person.
CIT-08639,Fully synthetic citizen; not a real person.
CIT-08640,Fully synthetic citizen; not a real person.
CIT-08641,Fully synthetic citizen; not a real person.
CIT-08642,Fully synthetic citizen; not a real person.
CIT-08643,Fully synthetic citizen; not a real person.
CIT-08644,Fully synthetic citizen; not a real person.
CIT-08645,Fully synthetic citizen; not a real person.
CIT-08646,Fully synthetic citizen; not a real person.
CIT-08647,Fully synthetic citizen; not a real person.
CIT-08648,Fully synthetic citizen; not a real person.
CIT-08649,Fully synthetic citizen; not a real person.
CIT-08650,Fully synthetic citizen; not a real person.
CIT-08651,Fully synthetic citizen; not a real person.
CIT-08652,Fully synthetic citizen; not a real person.
CIT-08653,Fully synthetic citizen; not a real person.
CIT-08654,Fully synthetic citizen; not a real person.
CIT-08655,Fully synthetic citizen; not a real person.
CIT-08656,Fully synthetic citizen; not a real person.
CIT-08657,Fully synthetic citizen; not a real person.
CIT-08658,Fully synthetic citizen; not a real person.
CIT-08659,Fully synthetic citizen; not a real person.
CIT-08660,Fully synthetic citizen; not a real person.
CIT-08661,Fully synthetic citizen; not a real person.
CIT-08662,Fully synthetic citizen; not a real person.
CIT-08663,Fully synthetic citizen; not a real person.
CIT-08664,Fully synthetic citizen; not a real person.
CIT-08665,Fully synthetic citizen; not a real person.
CIT-08666,Fully synthetic citizen; not a real person.
CIT-08667,Fully synthetic citizen; not a real person.
CIT-08668,Fully synthetic citizen; not a real person.
CIT-08669,Fully synthetic citizen; not a real person.
CIT-08670,Fully synthetic citizen; not a real person.
CIT-08671,Fully synthetic citizen; not a real person.
CIT-08672,Fully synthetic citizen; not a real person.
CIT-08673,Fully synthetic citizen; not a real person.
CIT-08674,Fully synthetic citizen; not a real person.
CIT-08675,Fully synthetic citizen; not a real person.
CIT-08676,Fully synthetic citizen; not a real person.
CIT-08677,Fully synthetic citizen; not a real person.
CIT-08678,Fully synthetic citizen; not a real person.
CIT-08679,Fully synthetic citizen; not a real person.
CIT-08680,Fully synthetic citizen; not a real person.
CIT-08681,Fully synthetic citizen; not a real person.
CIT-08682,Fully synthetic citizen; not a real person.
CIT-08683,Fully synthetic citizen; not a real person.
CIT-08684,Fully synthetic citizen; not a real person.
CIT-08685,Fully synthetic citizen; not a real person.
CIT-08686,Fully synthetic citizen; not a real person.
CIT-08687,Fully synthetic citizen; not a real person.
CIT-08688,Fully synthetic citizen; not a real person.
CIT-08689,Fully synthetic citizen; not a real person.
CIT-08690,Fully synthetic citizen; not a real person.
CIT-08691,Fully synthetic citizen; not a real person.
CIT-08692,Fully synthetic citizen; not a real person.
CIT-08693,Fully synthetic citizen; not a real person.
CIT-08694,Fully synthetic citizen; not a real person.
CIT-08695,Fully synthetic citizen; not a real person.
CIT-08696,Fully synthetic citizen; not a real person.
CIT-08697,Fully synthetic citizen; not a real person.
CIT-08698,Fully synthetic citizen; not a real person.
CIT-08699,Fully synthetic citizen; not a real person.
CIT-08700,Fully synthetic citizen; not a real person.
CIT-08701,Fully synthetic citizen; not a real person.
CIT-08702,Fully synthetic citizen; not a real person.
CIT-08703,Fully synthetic citizen; not a real person.
CIT-08704,Fully synthetic citizen; not a real person.
CIT-08705,Fully synthetic citizen; not a real person.
CIT-08706,Fully synthetic citizen; not a real person.
CIT-08707,Fully synthetic citizen; not a real person.
CIT-08708,Fully synthetic citizen; not a real person.
CIT-08709,Fully synthetic citizen; not a real person.
CIT-08710,Fully synthetic citizen; not a real person.
CIT-08711,Fully synthetic citizen; not a real person.
CIT-08712,Fully synthetic citizen; not a real person.
CIT-08713,Fully synthetic citizen; not a real person.
CIT-08714,Fully synthetic citizen; not a real person.
CIT-08715,Fully synthetic citizen; not a real person.
CIT-08716,Fully synthetic citizen; not a real person.
CIT-08717,Fully synthetic citizen; not a real person.
CIT-08718,Fully synthetic citizen; not a real person.
CIT-08719,Fully synthetic citizen; not a real person.
CIT-08720,Fully synthetic citizen; not a real person.
CIT-08721,Fully synthetic citizen; not a real person.
CIT-08722,Fully synthetic citizen; not a real person.
CIT-08723,Fully synthetic citizen; not a real person.
CIT-08724,Fully synthetic citizen; not a real person.
CIT-08725,Fully synthetic citizen; not a real person.
CIT-08726,Fully synthetic citizen; not a real person.
CIT-08727,Fully synthetic citizen; not a real person.
CIT-08728,Fully synthetic citizen; not a real person.
CIT-08729,Fully synthetic citizen; not a real person.
CIT-08730,Fully synthetic citizen; not a real person.
CIT-08731,Fully synthetic citizen; not a real person.
CIT-08732,Fully synthetic citizen; not a real person.
CIT-08733,Fully synthetic citizen; not a real person.
CIT-08734,Fully synthetic citizen; not a real person.
CIT-08735,Fully synthetic citizen; not a real person.
CIT-08736,Fully synthetic citizen; not a real person.
CIT-08737,Fully synthetic citizen; not a real person.
CIT-08738,Fully synthetic citizen; not a real person.
CIT-08739,Fully synthetic citizen; not a real person.
CIT-08740,Fully synthetic citizen; not a real person.
CIT-08741,Fully synthetic citizen; not a real person.
CIT-08742,Fully synthetic citizen; not a real person.
CIT-08743,Fully synthetic citizen; not a real person.
CIT-08744,Fully synthetic citizen; not a real person.
CIT-08745,Fully synthetic citizen; not a real person.
CIT-08746,Fully synthetic citizen; not a real person.
CIT-08747,Fully synthetic citizen; not a real person.
CIT-08748,Fully synthetic citizen; not a real person.
CIT-08749,Fully synthetic citizen; not a real person.
CIT-08750,Fully synthetic citizen; not a real person.
CIT-08751,Fully synthetic citizen; not a real person.
CIT-08752,Fully synthetic citizen; not a real person.
CIT-08753,Fully synthetic citizen; not a real person.
CIT-08754,Fully synthetic citizen; not a real person.
CIT-08755,Fully synthetic citizen; not a real person.
CIT-08756,Fully synthetic citizen; not a real person.
CIT-08757,Fully synthetic citizen; not a real person.
CIT-08758,Fully synthetic citizen; not a real person.
CIT-08759,Fully synthetic citizen; not a real person.
CIT-08760,Fully synthetic citizen; not a real person.
CIT-08761,Fully synthetic citizen; not a real person.
CIT-08762,Fully synthetic citizen; not a real person.
CIT-08763,Fully synthetic citizen; not a real person.
CIT-08764,Fully synthetic citizen; not a real person.
CIT-08765,Fully synthetic citizen; not a real person.
CIT-08766,Fully synthetic citizen; not a real person.
CIT-08767,Fully synthetic citizen; not a real person.
CIT-08768,Fully synthetic citizen; not a real person.
CIT-08769,Fully synthetic citizen; not a real person.
CIT-08770,Fully synthetic citizen; not a real person.
CIT-08771,Fully synthetic citizen; not a real person.
CIT-08772,Fully synthetic citizen; not a real person.
CIT-08773,Fully synthetic citizen; not a real person.
CIT-08774,Fully synthetic citizen; not a real person.
CIT-08775,Fully synthetic citizen; not a real person.
CIT-08776,Fully synthetic citizen; not a real person.
CIT-08777,Fully synthetic citizen; not a real person.
CIT-08778,Fully synthetic citizen; not a real person.
CIT-08779,Fully synthetic citizen; not a real person.
CIT-08780,Fully synthetic citizen; not a real person.
CIT-08781,Fully synthetic citizen; not a real person.
CIT-08782,Fully synthetic citizen; not a real person.
CIT-08783,Fully synthetic citizen; not a real person.
CIT-08784,Fully synthetic citizen; not a real person.
CIT-08785,Fully synthetic citizen; not a real person.
CIT-08786,Fully synthetic citizen; not a real person.
CIT-08787,Fully synthetic citizen; not a real person.
CIT-08788,Fully synthetic citizen; not a real person.
CIT-08789,Fully synthetic citizen; not a real person.
CIT-08790,Fully synthetic citizen; not a real person.
CIT-08791,Fully synthetic citizen; not a real person.
CIT-08792,Fully synthetic citizen; not a real person.
CIT-08793,Fully synthetic citizen; not a real person.
CIT-08794,Fully synthetic citizen; not a real person.
CIT-08795,Fully synthetic citizen; not a real person.
CIT-08796,Fully synthetic citizen; not a real person.
CIT-08797,Fully synthetic citizen; not a real person.
CIT-08798,Fully synthetic citizen; not a real person.
CIT-08799,Fully synthetic citizen; not a real person.
CIT-08800,Fully synthetic citizen; not a real person.
CIT-08801,Fully synthetic citizen; not a real person.
CIT-08802,Fully synthetic citizen; not a real person.
CIT-08803,Fully synthetic citizen; not a real person.
CIT-08804,Fully synthetic citizen; not a real person.
CIT-08805,Fully synthetic citizen; not a real person.
CIT-08806,Fully synthetic citizen; not a real person.
CIT-08807,Fully synthetic citizen; not a real person.
CIT-08808,Fully synthetic citizen; not a real person.
CIT-08809,Fully synthetic citizen; not a real person.
CIT-08810,Fully synthetic citizen; not a real person.
CIT-08811,Fully synthetic citizen; not a real person.
CIT-08812,Fully synthetic citizen; not a real person.
CIT-08813,Fully synthetic citizen; not a real person.
CIT-08814,Fully synthetic citizen; not a real person.
CIT-08815,Fully synthetic citizen; not a real person.
CIT-08816,Fully synthetic citizen; not a real person.
CIT-08817,Fully synthetic citizen; not a real person.
CIT-08818,Fully synthetic citizen; not a real person.
CIT-08819,Fully synthetic citizen; not a real person.
CIT-08820,Fully synthetic citizen; not a real person.
CIT-08821,Fully synthetic citizen; not a real person.
CIT-08822,Fully synthetic citizen; not a real person.
CIT-08823,Fully synthetic citizen; not a real person.
CIT-08824,Fully synthetic citizen; not a real person.
CIT-08825,Fully synthetic citizen; not a real person.
CIT-08826,Fully synthetic citizen; not a real person.
CIT-08827,Fully synthetic citizen; not a real person.
CIT-08828,Fully synthetic citizen; not a real person.
CIT-08829,Fully synthetic citizen; not a real person.
CIT-08830,Fully synthetic citizen; not a real person.
CIT-08831,Fully synthetic citizen; not a real person.
CIT-08832,Fully synthetic citizen; not a real person.
CIT-08833,Fully synthetic citizen; not a real person.
CIT-08834,Fully synthetic citizen; not a real person.
CIT-08835,Fully synthetic citizen; not a real person.
CIT-08836,Fully synthetic citizen; not a real person.
CIT-08837,Fully synthetic citizen; not a real person.
CIT-08838,Fully synthetic citizen; not a real person.
CIT-08839,Fully synthetic citizen; not a real person.
CIT-08840,Fully synthetic citizen; not a real person.
CIT-08841,Fully synthetic citizen; not a real person.
CIT-08842,Fully synthetic citizen; not a real person.
CIT-08843,Fully synthetic citizen; not a real person.
CIT-08844,Fully synthetic citizen; not a real person.
CIT-08845,Fully synthetic citizen; not a real person.
CIT-08846,Fully synthetic citizen; not a real person.
CIT-08847,Fully synthetic citizen; not a real person.
CIT-08848,Fully synthetic citizen; not a real person.
CIT-08849,Fully synthetic citizen; not a real person.
CIT-08850,Fully synthetic citizen; not a real person.
CIT-08851,Fully synthetic citizen; not a real person.
CIT-08852,Fully synthetic citizen; not a real person.
CIT-08853,Fully synthetic citizen; not a real person.
CIT-08854,Fully synthetic citizen; not a real person.
CIT-08855,Fully synthetic citizen; not a real person.
CIT-08856,Fully synthetic citizen; not a real person.
CIT-08857,Fully synthetic citizen; not a real person.
CIT-08858,Fully synthetic citizen; not a real person.
CIT-08859,Fully synthetic citizen; not a real person.
CIT-08860,Fully synthetic citizen; not a real person.
CIT-08861,Fully synthetic citizen; not a real person.
CIT-08862,Fully synthetic citizen; not a real person.
CIT-08863,Fully synthetic citizen; not a real person.
CIT-08864,Fully synthetic citizen; not a real person.
CIT-08865,Fully synthetic citizen; not a real person.
CIT-08866,Fully synthetic citizen; not a real person.
CIT-08867,Fully synthetic citizen; not a real person.
CIT-08868,Fully synthetic citizen; not a real person.
CIT-08869,Fully synthetic citizen; not a real person.
CIT-08870,Fully synthetic citizen; not a real person.
CIT-08871,Fully synthetic citizen; not a real person.
CIT-08872,Fully synthetic citizen; not a real person.
CIT-08873,Fully synthetic citizen; not a real person.
CIT-08874,Fully synthetic citizen; not a real person.
CIT-08875,Fully synthetic citizen; not a real person.
CIT-08876,Fully synthetic citizen; not a real person.
CIT-08877,Fully synthetic citizen; not a real person.
CIT-08878,Fully synthetic citizen; not a real person.
CIT-08879,Fully synthetic citizen; not a real person.
CIT-08880,Fully synthetic citizen; not a real person.
CIT-08881,Fully synthetic citizen; not a real person.
CIT-08882,Fully synthetic citizen; not a real person.
CIT-08883,Fully synthetic citizen; not a real person.
CIT-08884,Fully synthetic citizen; not a real person.
CIT-08885,Fully synthetic citizen; not a real person.
CIT-08886,Fully synthetic citizen; not a real person.
CIT-08887,Fully synthetic citizen; not a real person.
CIT-08888,Fully synthetic citizen; not a real person.
CIT-08889,Fully synthetic citizen; not a real person.
CIT-08890,Fully synthetic citizen; not a real person.
CIT-08891,Fully synthetic citizen; not a real person.
CIT-08892,Fully synthetic citizen; not a real person.
CIT-08893,Fully synthetic citizen; not a real person.
CIT-08894,Fully synthetic citizen; not a real person.
CIT-08895,Fully synthetic citizen; not a real person.
CIT-08896,Fully synthetic citizen; not a real person.
CIT-08897,Fully synthetic citizen; not a real person.
CIT-08898,Fully synthetic citizen; not a real person.
CIT-08899,Fully synthetic citizen; not a real person.
CIT-08900,Fully synthetic citizen; not a real person.
CIT-08901,Fully synthetic citizen; not a real person.
CIT-08902,Fully synthetic citizen; not a real person.
CIT-08903,Fully synthetic citizen; not a real person.
CIT-08904,Fully synthetic citizen; not a real person.
CIT-08905,Fully synthetic citizen; not a real person.
CIT-08906,Fully synthetic citizen; not a real person.
CIT-08907,Fully synthetic citizen; not a real person.
CIT-08908,Fully synthetic citizen; not a real person.
CIT-08909,Fully synthetic citizen; not a real person.
CIT-08910,Fully synthetic citizen; not a real person.
CIT-08911,Fully synthetic citizen; not a real person.
CIT-08912,Fully synthetic citizen; not a real person.
CIT-08913,Fully synthetic citizen; not a real person.
CIT-08914,Fully synthetic citizen; not a real person.
CIT-08915,Fully synthetic citizen; not a real person.
CIT-08916,Fully synthetic citizen; not a real person.
CIT-08917,Fully synthetic citizen; not a real person.
CIT-08918,Fully synthetic citizen; not a real person.
CIT-08919,Fully synthetic citizen; not a real person.
CIT-08920,Fully synthetic citizen; not a real person.
CIT-08921,Fully synthetic citizen; not a real person.
CIT-08922,Fully synthetic citizen; not a real person.
CIT-08923,Fully synthetic citizen; not a real person.
CIT-08924,Fully synthetic citizen; not a real person.
CIT-08925,Fully synthetic citizen; not a real person.
CIT-08926,Fully synthetic citizen; not a real person.
CIT-08927,Fully synthetic citizen; not a real person.
CIT-08928,Fully synthetic citizen; not a real person.
CIT-08929,Fully synthetic citizen; not a real person.
CIT-08930,Fully synthetic citizen; not a real person.
CIT-08931,Fully synthetic citizen; not a real person.
CIT-08932,Fully synthetic citizen; not a real person.
CIT-08933,Fully synthetic citizen; not a real person.
CIT-08934,Fully synthetic citizen; not a real person.
CIT-08935,Fully synthetic citizen; not a real person.
CIT-08936,Fully synthetic citizen; not a real person.
CIT-08937,Fully synthetic citizen; not a real person.
CIT-08938,Fully synthetic citizen; not a real person.
CIT-08939,Fully synthetic citizen; not a real person.
CIT-08940,Fully synthetic citizen; not a real person.
CIT-08941,Fully synthetic citizen; not a real person.
CIT-08942,Fully synthetic citizen; not a real person.
CIT-08943,Fully synthetic citizen; not a real person.
CIT-08944,Fully synthetic citizen; not a real person.
CIT-08945,Fully synthetic citizen; not a real person.
CIT-08946,Fully synthetic citizen; not a real person.
CIT-08947,Fully synthetic citizen; not a real person.
CIT-08948,Fully synthetic citizen; not a real person.
CIT-08949,Fully synthetic citizen; not a real person.
CIT-08950,Fully synthetic citizen; not a real person.
CIT-08951,Fully synthetic citizen; not a real person.
CIT-08952,Fully synthetic citizen; not a real person.
CIT-08953,Fully synthetic citizen; not a real person.
CIT-08954,Fully synthetic citizen; not a real person.
CIT-08955,Fully synthetic citizen; not a real person.
CIT-08956,Fully synthetic citizen; not a real person.
CIT-08957,Fully synthetic citizen; not a real person.
CIT-08958,Fully synthetic citizen; not a real person.
CIT-08959,Fully synthetic citizen; not a real person.
CIT-08960,Fully synthetic citizen; not a real person.
CIT-08961,Fully synthetic citizen; not a real person.
CIT-08962,Fully synthetic citizen; not a real person.
CIT-08963,Fully synthetic citizen; not a real person.
CIT-08964,Fully synthetic citizen; not a real person.
CIT-08965,Fully synthetic citizen; not a real person.
CIT-08966,Fully synthetic citizen; not a real person.
CIT-08967,Fully synthetic citizen; not a real person.
CIT-08968,Fully synthetic citizen; not a real person.
CIT-08969,Fully synthetic citizen; not a real person.
CIT-08970,Fully synthetic citizen; not a real person.
CIT-08971,Fully synthetic citizen; not a real person.
CIT-08972,Fully synthetic citizen; not a real person.
CIT-08973,Fully synthetic citizen; not a real person.
CIT-08974,Fully synthetic citizen; not a real person.
CIT-08975,Fully synthetic citizen; not a real person.
CIT-08976,Fully synthetic citizen; not a real person.
CIT-08977,Fully synthetic citizen; not a real person.
CIT-08978,Fully synthetic citizen; not a real person.
CIT-08979,Fully synthetic citizen; not a real person.
CIT-08980,Fully synthetic citizen; not a real person.
CIT-08981,Fully synthetic citizen; not a real person.
CIT-08982,Fully synthetic citizen; not a real person.
CIT-08983,Fully synthetic citizen; not a real person.
CIT-08984,Fully synthetic citizen; not a real person.
CIT-08985,Fully synthetic citizen; not a real person.
CIT-08986,Fully synthetic citizen; not a real person.
CIT-08987,Fully synthetic citizen; not a real person.
CIT-08988,Fully synthetic citizen; not a real person.
CIT-08989,Fully synthetic citizen; not a real person.
CIT-08990,Fully synthetic citizen; not a real person.
CIT-08991,Fully synthetic citizen; not a real person.
CIT-08992,Fully synthetic citizen; not a real person.
CIT-08993,Fully synthetic citizen; not a real person.
CIT-08994,Fully synthetic citizen; not a real person.
CIT-08995,Fully synthetic citizen; not a real person.
CIT-08996,Fully synthetic citizen; not a real person.
CIT-08997,Fully synthetic citizen; not a real person.
CIT-08998,Fully synthetic citizen; not a real person.
CIT-08999,Fully synthetic citizen; not a real person.
CIT-09000,Fully synthetic citizen; not a real person.
CIT-09001,Fully synthetic citizen; not a real person.
CIT-09002,Fully synthetic citizen; not a real person.
CIT-09003,Fully synthetic citizen; not a real person.
CIT-09004,Fully synthetic citizen; not a real person.
CIT-09005,Fully synthetic citizen; not a real person.
CIT-09006,Fully synthetic citizen; not a real person.
CIT-09007,Fully synthetic citizen; not a real person.
CIT-09008,Fully synthetic citizen; not a real person.
CIT-09009,Fully synthetic citizen; not a real person.
CIT-09010,Fully synthetic citizen; not a real person.
CIT-09011,Fully synthetic citizen; not a real person.
CIT-09012,Fully synthetic citizen; not a real person.
CIT-09013,Fully synthetic citizen; not a real person.
CIT-09014,Fully synthetic citizen; not a real person.
CIT-09015,Fully synthetic citizen; not a real person.
CIT-09016,Fully synthetic citizen; not a real person.
CIT-09017,Fully synthetic citizen; not a real person.
CIT-09018,Fully synthetic citizen; not a real person.
CIT-09019,Fully synthetic citizen; not a real person.
CIT-09020,Fully synthetic citizen; not a real person.
CIT-09021,Fully synthetic citizen; not a real person.
CIT-09022,Fully synthetic citizen; not a real person.
CIT-09023,Fully synthetic citizen; not a real person.
CIT-09024,Fully synthetic citizen; not a real person.
CIT-09025,Fully synthetic citizen; not a real person.
CIT-09026,Fully synthetic citizen; not a real person.
CIT-09027,Fully synthetic citizen; not a real person.
CIT-09028,Fully synthetic citizen; not a real person.
CIT-09029,Fully synthetic citizen; not a real person.
CIT-09030,Fully synthetic citizen; not a real person.
CIT-09031,Fully synthetic citizen; not a real person.
CIT-09032,Fully synthetic citizen; not a real person.
CIT-09033,Fully synthetic citizen; not a real person.
CIT-09034,Fully synthetic citizen; not a real person.
CIT-09035,Fully synthetic citizen; not a real person.
CIT-09036,Fully synthetic citizen; not a real person.
CIT-09037,Fully synthetic citizen; not a real person.
CIT-09038,Fully synthetic citizen; not a real person.
CIT-09039,Fully synthetic citizen; not a real person.
CIT-09040,Fully synthetic citizen; not a real person.
CIT-09041,Fully synthetic citizen; not a real person.
CIT-09042,Fully synthetic citizen; not a real person.
CIT-09043,Fully synthetic citizen; not a real person.
CIT-09044,Fully synthetic citizen; not a real person.
CIT-09045,Fully synthetic citizen; not a real person.
CIT-09046,Fully synthetic citizen; not a real person.
CIT-09047,Fully synthetic citizen; not a real person.
CIT-09048,Fully synthetic citizen; not a real person.
CIT-09049,Fully synthetic citizen; not a real person.
CIT-09050,Fully synthetic citizen; not a real person.
CIT-09051,Fully synthetic citizen; not a real person.
CIT-09052,Fully synthetic citizen; not a real person.
CIT-09053,Fully synthetic citizen; not a real person.
CIT-09054,Fully synthetic citizen; not a real person.
CIT-09055,Fully synthetic citizen; not a real person.
CIT-09056,Fully synthetic citizen; not a real person.
CIT-09057,Fully synthetic citizen; not a real person.
CIT-09058,Fully synthetic citizen; not a real person.
CIT-09059,Fully synthetic citizen; not a real person.
CIT-09060,Fully synthetic citizen; not a real person.
CIT-09061,Fully synthetic citizen; not a real person.
CIT-09062,Fully synthetic citizen; not a real person.
CIT-09063,Fully synthetic citizen; not a real person.
CIT-09064,Fully synthetic citizen; not a real person.
CIT-09065,Fully synthetic citizen; not a real person.
CIT-09066,Fully synthetic citizen; not a real person.
CIT-09067,Fully synthetic citizen; not a real person.
CIT-09068,Fully synthetic citizen; not a real person.
CIT-09069,Fully synthetic citizen; not a real person.
CIT-09070,Fully synthetic citizen; not a real person.
CIT-09071,Fully synthetic citizen; not a real person.
CIT-09072,Fully synthetic citizen; not a real person.
CIT-09073,Fully synthetic citizen; not a real person.
CIT-09074,Fully synthetic citizen; not a real person.
CIT-09075,Fully synthetic citizen; not a real person.
CIT-09076,Fully synthetic citizen; not a real person.
CIT-09077,Fully synthetic citizen; not a real person.
CIT-09078,Fully synthetic citizen; not a real person.
CIT-09079,Fully synthetic citizen; not a real person.
CIT-09080,Fully synthetic citizen; not a real person.
CIT-09081,Fully synthetic citizen; not a real person.
CIT-09082,Fully synthetic citizen; not a real person.
CIT-09083,Fully synthetic citizen; not a real person.
CIT-09084,Fully synthetic citizen; not a real person.
CIT-09085,Fully synthetic citizen; not a real person.
CIT-09086,Fully synthetic citizen; not a real person.
CIT-09087,Fully synthetic citizen; not a real person.
CIT-09088,Fully synthetic citizen; not a real person.
CIT-09089,Fully synthetic citizen; not a real person.
CIT-09090,Fully synthetic citizen; not a real person.
CIT-09091,Fully synthetic citizen; not a real person.
CIT-09092,Fully synthetic citizen; not a real person.
CIT-09093,Fully synthetic citizen; not a real person.
CIT-09094,Fully synthetic citizen; not a real person.
CIT-09095,Fully synthetic citizen; not a real person.
CIT-09096,Fully synthetic citizen; not a real person.
CIT-09097,Fully synthetic citizen; not a real person.
CIT-09098,Fully synthetic citizen; not a real person.
CIT-09099,Fully synthetic citizen; not a real person.
CIT-09100,Fully synthetic citizen; not a real person.
CIT-09101,Fully synthetic citizen; not a real person.
CIT-09102,Fully synthetic citizen; not a real person.
CIT-09103,Fully synthetic citizen; not a real person.
CIT-09104,Fully synthetic citizen; not a real person.
CIT-09105,Fully synthetic citizen; not a real person.
CIT-09106,Fully synthetic citizen; not a real person.
CIT-09107,Fully synthetic citizen; not a real person.
CIT-09108,Fully synthetic citizen; not a real person.
CIT-09109,Fully synthetic citizen; not a real person.
CIT-09110,Fully synthetic citizen; not a real person.
CIT-09111,Fully synthetic citizen; not a real person.
CIT-09112,Fully synthetic citizen; not a real person.
CIT-09113,Fully synthetic citizen; not a real person.
CIT-09114,Fully synthetic citizen; not a real person.
CIT-09115,Fully synthetic citizen; not a real person.
CIT-09116,Fully synthetic citizen; not a real person.
CIT-09117,Fully synthetic citizen; not a real person.
CIT-09118,Fully synthetic citizen; not a real person.
CIT-09119,Fully synthetic citizen; not a real person.
CIT-09120,Fully synthetic citizen; not a real person.
CIT-09121,Fully synthetic citizen; not a real person.
CIT-09122,Fully synthetic citizen; not a real person.
CIT-09123,Fully synthetic citizen; not a real person.
CIT-09124,Fully synthetic citizen; not a real person.
CIT-09125,Fully synthetic citizen; not a real person.
CIT-09126,Fully synthetic citizen; not a real person.
CIT-09127,Fully synthetic citizen; not a real person.
CIT-09128,Fully synthetic citizen; not a real person.
CIT-09129,Fully synthetic citizen; not a real person.
CIT-09130,Fully synthetic citizen; not a real person.
CIT-09131,Fully synthetic citizen; not a real person.
CIT-09132,Fully synthetic citizen; not a real person.
CIT-09133,Fully synthetic citizen; not a real person.
CIT-09134,Fully synthetic citizen; not a real person.
CIT-09135,Fully synthetic citizen; not a real person.
CIT-09136,Fully synthetic citizen; not a real person.
CIT-09137,Fully synthetic citizen; not a real person.
CIT-09138,Fully synthetic citizen; not a real person.
CIT-09139,Fully synthetic citizen; not a real person.
CIT-09140,Fully synthetic citizen; not a real person.
CIT-09141,Fully synthetic citizen; not a real person.
CIT-09142,Fully synthetic citizen; not a real person.
CIT-09143,Fully synthetic citizen; not a real person.
CIT-09144,Fully synthetic citizen; not a real person.
CIT-09145,Fully synthetic citizen; not a real person.
CIT-09146,Fully synthetic citizen; not a real person.
CIT-09147,Fully synthetic citizen; not a real person.
CIT-09148,Fully synthetic citizen; not a real person.
CIT-09149,Fully synthetic citizen; not a real person.
CIT-09150,Fully synthetic citizen; not a real person.
CIT-09151,Fully synthetic citizen; not a real person.
CIT-09152,Fully synthetic citizen; not a real person.
CIT-09153,Fully synthetic citizen; not a real person.
CIT-09154,Fully synthetic citizen; not a real person.
CIT-09155,Fully synthetic citizen; not a real person.
CIT-09156,Fully synthetic citizen; not a real person.
CIT-09157,Fully synthetic citizen; not a real person.
CIT-09158,Fully synthetic citizen; not a real person.
CIT-09159,Fully synthetic citizen; not a real person.
CIT-09160,Fully synthetic citizen; not a real person.
CIT-09161,Fully synthetic citizen; not a real person.
CIT-09162,Fully synthetic citizen; not a real person.
CIT-09163,Fully synthetic citizen; not a real person.
CIT-09164,Fully synthetic citizen; not a real person.
CIT-09165,Fully synthetic citizen; not a real person.
CIT-09166,Fully synthetic citizen; not a real person.
CIT-09167,Fully synthetic citizen; not a real person.
CIT-09168,Fully synthetic citizen; not a real person.
CIT-09169,Fully synthetic citizen; not a real person.
CIT-09170,Fully synthetic citizen; not a real person.
CIT-09171,Fully synthetic citizen; not a real person.
CIT-09172,Fully synthetic citizen; not a real person.
CIT-09173,Fully synthetic citizen; not a real person.
CIT-09174,Fully synthetic citizen; not a real person.
CIT-09175,Fully synthetic citizen; not a real person.
CIT-09176,Fully synthetic citizen; not a real person.
CIT-09177,Fully synthetic citizen; not a real person.
CIT-09178,Fully synthetic citizen; not a real person.
CIT-09179,Fully synthetic citizen; not a real person.
CIT-09180,Fully synthetic citizen; not a real person.
CIT-09181,Fully synthetic citizen; not a real person.
CIT-09182,Fully synthetic citizen; not a real person.
CIT-09183,Fully synthetic citizen; not a real person.
CIT-09184,Fully synthetic citizen; not a real person.
CIT-09185,Fully synthetic citizen; not a real person.
CIT-09186,Fully synthetic citizen; not a real person.
CIT-09187,Fully synthetic citizen; not a real person.
CIT-09188,Fully synthetic citizen; not a real person.
CIT-09189,Fully synthetic citizen; not a real person.
CIT-09190,Fully synthetic citizen; not a real person.
CIT-09191,Fully synthetic citizen; not a real person.
CIT-09192,Fully synthetic citizen; not a real person.
CIT-09193,Fully synthetic citizen; not a real person.
CIT-09194,Fully synthetic citizen; not a real person.
CIT-09195,Fully synthetic citizen; not a real person.
CIT-09196,Fully synthetic citizen; not a real person.
CIT-09197,Fully synthetic citizen; not a real person.
CIT-09198,Fully synthetic citizen; not a real person.
CIT-09199,Fully synthetic citizen; not a real person.
CIT-09200,Fully synthetic citizen; not a real person.
CIT-09201,Fully synthetic citizen; not a real person.
CIT-09202,Fully synthetic citizen; not a real person.
CIT-09203,Fully synthetic citizen; not a real person.
CIT-09204,Fully synthetic citizen; not a real person.
CIT-09205,Fully synthetic citizen; not a real person.
CIT-09206,Fully synthetic citizen; not a real person.
CIT-09207,Fully synthetic citizen; not a real person.
CIT-09208,Fully synthetic citizen; not a real person.
CIT-09209,Fully synthetic citizen; not a real person.
CIT-09210,Fully synthetic citizen; not a real person.
CIT-09211,Fully synthetic citizen; not a real person.
CIT-09212,Fully synthetic citizen; not a real person.
CIT-09213,Fully synthetic citizen; not a real person.
CIT-09214,Fully synthetic citizen; not a real person.
CIT-09215,Fully synthetic citizen; not a real person.
CIT-09216,Fully synthetic citizen; not a real person.
CIT-09217,Fully synthetic citizen; not a real person.
CIT-09218,Fully synthetic citizen; not a real person.
CIT-09219,Fully synthetic citizen; not a real person.
CIT-09220,Fully synthetic citizen; not a real person.
CIT-09221,Fully synthetic citizen; not a real person.
CIT-09222,Fully synthetic citizen; not a real person.
CIT-09223,Fully synthetic citizen; not a real person.
CIT-09224,Fully synthetic citizen; not a real person.
CIT-09225,Fully synthetic citizen; not a real person.
CIT-09226,Fully synthetic citizen; not a real person.
CIT-09227,Fully synthetic citizen; not a real person.
CIT-09228,Fully synthetic citizen; not a real person.
CIT-09229,Fully synthetic citizen; not a real person.
CIT-09230,Fully synthetic citizen; not a real person.
CIT-09231,Fully synthetic citizen; not a real person.
CIT-09232,Fully synthetic citizen; not a real person.
CIT-09233,Fully synthetic citizen; not a real person.
CIT-09234,Fully synthetic citizen; not a real person.
CIT-09235,Fully synthetic citizen; not a real person.
CIT-09236,Fully synthetic citizen; not a real person.
CIT-09237,Fully synthetic citizen; not a real person.
CIT-09238,Fully synthetic citizen; not a real person.
CIT-09239,Fully synthetic citizen; not a real person.
CIT-09240,Fully synthetic citizen; not a real person.
CIT-09241,Fully synthetic citizen; not a real person.
CIT-09242,Fully synthetic citizen; not a real person.
CIT-09243,Fully synthetic citizen; not a real person.
CIT-09244,Fully synthetic citizen; not a real person.
CIT-09245,Fully synthetic citizen; not a real person.
CIT-09246,Fully synthetic citizen; not a real person.
CIT-09247,Fully synthetic citizen; not a real person.
CIT-09248,Fully synthetic citizen; not a real person.
CIT-09249,Fully synthetic citizen; not a real person.
CIT-09250,Fully synthetic citizen; not a real person.
CIT-09251,Fully synthetic citizen; not a real person.
CIT-09252,Fully synthetic citizen; not a real person.
CIT-09253,Fully synthetic citizen; not a real person.
CIT-09254,Fully synthetic citizen; not a real person.
CIT-09255,Fully synthetic citizen; not a real person.
CIT-09256,Fully synthetic citizen; not a real person.
CIT-09257,Fully synthetic citizen; not a real person.
CIT-09258,Fully synthetic citizen; not a real person.
CIT-09259,Fully synthetic citizen; not a real person.
CIT-09260,Fully synthetic citizen; not a real person.
CIT-09261,Fully synthetic citizen; not a real person.
CIT-09262,Fully synthetic citizen; not a real person.
CIT-09263,Fully synthetic citizen; not a real person.
CIT-09264,Fully synthetic citizen; not a real person.
CIT-09265,Fully synthetic citizen; not a real person.
CIT-09266,Fully synthetic citizen; not a real person.
CIT-09267,Fully synthetic citizen; not a real person.
CIT-09268,Fully synthetic citizen; not a real person.
CIT-09269,Fully synthetic citizen; not a real person.
CIT-09270,Fully synthetic citizen; not a real person.
CIT-09271,Fully synthetic citizen; not a real person.
CIT-09272,Fully synthetic citizen; not a real person.
CIT-09273,Fully synthetic citizen; not a real person.
CIT-09274,Fully synthetic citizen; not a real person.
CIT-09275,Fully synthetic citizen; not a real person.
CIT-09276,Fully synthetic citizen; not a real person.
CIT-09277,Fully synthetic citizen; not a real person.
CIT-09278,Fully synthetic citizen; not a real person.
CIT-09279,Fully synthetic citizen; not a real person.
CIT-09280,Fully synthetic citizen; not a real person.
CIT-09281,Fully synthetic citizen; not a real person.
CIT-09282,Fully synthetic citizen; not a real person.
CIT-09283,Fully synthetic citizen; not a real person.
CIT-09284,Fully synthetic citizen; not a real person.
CIT-09285,Fully synthetic citizen; not a real person.
CIT-09286,Fully synthetic citizen; not a real person.
CIT-09287,Fully synthetic citizen; not a real person.
CIT-09288,Fully synthetic citizen; not a real person.
CIT-09289,Fully synthetic citizen; not a real person.
CIT-09290,Fully synthetic citizen; not a real person.
CIT-09291,Fully synthetic citizen; not a real person.
CIT-09292,Fully synthetic citizen; not a real person.
CIT-09293,Fully synthetic citizen; not a real person.
CIT-09294,Fully synthetic citizen; not a real person.
CIT-09295,Fully synthetic citizen; not a real person.
CIT-09296,Fully synthetic citizen; not a real person.
CIT-09297,Fully synthetic citizen; not a real person.
CIT-09298,Fully synthetic citizen; not a real person.
CIT-09299,Fully synthetic citizen; not a real person.
CIT-09300,Fully synthetic citizen; not a real person.
CIT-09301,Fully synthetic citizen; not a real person.
CIT-09302,Fully synthetic citizen; not a real person.
CIT-09303,Fully synthetic citizen; not a real person.
CIT-09304,Fully synthetic citizen; not a real person.
CIT-09305,Fully synthetic citizen; not a real person.
CIT-09306,Fully synthetic citizen; not a real person.
CIT-09307,Fully synthetic citizen; not a real person.
CIT-09308,Fully synthetic citizen; not a real person.
CIT-09309,Fully synthetic citizen; not a real person.
CIT-09310,Fully synthetic citizen; not a real person.
CIT-09311,Fully synthetic citizen; not a real person.
CIT-09312,Fully synthetic citizen; not a real person.
CIT-09313,Fully synthetic citizen; not a real person.
CIT-09314,Fully synthetic citizen; not a real person.
CIT-09315,Fully synthetic citizen; not a real person.
CIT-09316,Fully synthetic citizen; not a real person.
CIT-09317,Fully synthetic citizen; not a real person.
CIT-09318,Fully synthetic citizen; not a real person.
CIT-09319,Fully synthetic citizen; not a real person.
CIT-09320,Fully synthetic citizen; not a real person.
CIT-09321,Fully synthetic citizen; not a real person.
CIT-09322,Fully synthetic citizen; not a real person.
CIT-09323,Fully synthetic citizen; not a real person.
CIT-09324,Fully synthetic citizen; not a real person.
CIT-09325,Fully synthetic citizen; not a real person.
CIT-09326,Fully synthetic citizen; not a real person.
CIT-09327,Fully synthetic citizen; not a real person.
CIT-09328,Fully synthetic citizen; not a real person.
CIT-09329,Fully synthetic citizen; not a real person.
CIT-09330,Fully synthetic citizen; not a real person.
CIT-09331,Fully synthetic citizen; not a real person.
CIT-09332,Fully synthetic citizen; not a real person.
CIT-09333,Fully synthetic citizen; not a real person.
CIT-09334,Fully synthetic citizen; not a real person.
CIT-09335,Fully synthetic citizen; not a real person.
CIT-09336,Fully synthetic citizen; not a real person.
CIT-09337,Fully synthetic citizen; not a real person.
CIT-09338,Fully synthetic citizen; not a real person.
CIT-09339,Fully synthetic citizen; not a real person.
CIT-09340,Fully synthetic citizen; not a real person.
CIT-09341,Fully synthetic citizen; not a real person.
CIT-09342,Fully synthetic citizen; not a real person.
CIT-09343,Fully synthetic citizen; not a real person.
CIT-09344,Fully synthetic citizen; not a real person.
CIT-09345,Fully synthetic citizen; not a real person.
CIT-09346,Fully synthetic citizen; not a real person.
CIT-09347,Fully synthetic citizen; not a real person.
CIT-09348,Fully synthetic citizen; not a real person.
CIT-09349,Fully synthetic citizen; not a real person.
CIT-09350,Fully synthetic citizen; not a real person.
CIT-09351,Fully synthetic citizen; not a real person.
CIT-09352,Fully synthetic citizen; not a real person.
CIT-09353,Fully synthetic citizen; not a real person.
CIT-09354,Fully synthetic citizen; not a real person.
CIT-09355,Fully synthetic citizen; not a real person.
CIT-09356,Fully synthetic citizen; not a real person.
CIT-09357,Fully synthetic citizen; not a real person.
CIT-09358,Fully synthetic citizen; not a real person.
CIT-09359,Fully synthetic citizen; not a real person.
CIT-09360,Fully synthetic citizen; not a real person.
CIT-09361,Fully synthetic citizen; not a real person.
CIT-09362,Fully synthetic citizen; not a real person.
CIT-09363,Fully synthetic citizen; not a real person.
CIT-09364,Fully synthetic citizen; not a real person.
CIT-09365,Fully synthetic citizen; not a real person.
CIT-09366,Fully synthetic citizen; not a real person.
CIT-09367,Fully synthetic citizen; not a real person.
CIT-09368,Fully synthetic citizen; not a real person.
CIT-09369,Fully synthetic citizen; not a real person.
CIT-09370,Fully synthetic citizen; not a real person.
CIT-09371,Fully synthetic citizen; not a real person.
CIT-09372,Fully synthetic citizen; not a real person.
CIT-09373,Fully synthetic citizen; not a real person.
CIT-09374,Fully synthetic citizen; not a real person.
CIT-09375,Fully synthetic citizen; not a real person.
CIT-09376,Fully synthetic citizen; not a real person.
CIT-09377,Fully synthetic citizen; not a real person.
CIT-09378,Fully synthetic citizen; not a real person.
CIT-09379,Fully synthetic citizen; not a real person.
CIT-09380,Fully synthetic citizen; not a real person.
CIT-09381,Fully synthetic citizen; not a real person.
CIT-09382,Fully synthetic citizen; not a real person.
CIT-09383,Fully synthetic citizen; not a real person.
CIT-09384,Fully synthetic citizen; not a real person.
CIT-09385,Fully synthetic citizen; not a real person.
CIT-09386,Fully synthetic citizen; not a real person.
CIT-09387,Fully synthetic citizen; not a real person.
CIT-09388,Fully synthetic citizen; not a real person.
CIT-09389,Fully synthetic citizen; not a real person.
CIT-09390,Fully synthetic citizen; not a real person.
CIT-09391,Fully synthetic citizen; not a real person.
CIT-09392,Fully synthetic citizen; not a real person.
CIT-09393,Fully synthetic citizen; not a real person.
CIT-09394,Fully synthetic citizen; not a real person.
CIT-09395,Fully synthetic citizen; not a real person.
CIT-09396,Fully synthetic citizen; not a real person.
CIT-09397,Fully synthetic citizen; not a real person.
CIT-09398,Fully synthetic citizen; not a real person.
CIT-09399,Fully synthetic citizen; not a real person.
CIT-09400,Fully synthetic citizen; not a real person.
CIT-09401,Fully synthetic citizen; not a real person.
CIT-09402,Fully synthetic citizen; not a real person.
CIT-09403,Fully synthetic citizen; not a real person.
CIT-09404,Fully synthetic citizen; not a real person.
CIT-09405,Fully synthetic citizen; not a real person.
CIT-09406,Fully synthetic citizen; not a real person.
CIT-09407,Fully synthetic citizen; not a real person.
CIT-09408,Fully synthetic citizen; not a real person.
CIT-09409,Fully synthetic citizen; not a real person.
CIT-09410,Fully synthetic citizen; not a real person.
CIT-09411,Fully synthetic citizen; not a real person.
CIT-09412,Fully synthetic citizen; not a real person.
CIT-09413,Fully synthetic citizen; not a real person.
CIT-09414,Fully synthetic citizen; not a real person.
CIT-09415,Fully synthetic citizen; not a real person.
CIT-09416,Fully synthetic citizen; not a real person.
CIT-09417,Fully synthetic citizen; not a real person.
CIT-09418,Fully synthetic citizen; not a real person.
CIT-09419,Fully synthetic citizen; not a real person.
CIT-09420,Fully synthetic citizen; not a real person.
CIT-09421,Fully synthetic citizen; not a real person.
CIT-09422,Fully synthetic citizen; not a real person.
CIT-09423,Fully synthetic citizen; not a real person.
CIT-09424,Fully synthetic citizen; not a real person.
CIT-09425,Fully synthetic citizen; not a real person.
CIT-09426,Fully synthetic citizen; not a real person.
CIT-09427,Fully synthetic citizen; not a real person.
CIT-09428,Fully synthetic citizen; not a real person.
CIT-09429,Fully synthetic citizen; not a real person.
CIT-09430,Fully synthetic citizen; not a real person.
CIT-09431,Fully synthetic citizen; not a real person.
CIT-09432,Fully synthetic citizen; not a real person.
CIT-09433,Fully synthetic citizen; not a real person.
CIT-09434,Fully synthetic citizen; not a real person.
CIT-09435,Fully synthetic citizen; not a real person.
CIT-09436,Fully synthetic citizen; not a real person.
CIT-09437,Fully synthetic citizen; not a real person.
CIT-09438,Fully synthetic citizen; not a real person.
CIT-09439,Fully synthetic citizen; not a real person.
CIT-09440,Fully synthetic citizen; not a real person.
CIT-09441,Fully synthetic citizen; not a real person.
CIT-09442,Fully synthetic citizen; not a real person.
CIT-09443,Fully synthetic citizen; not a real person.
CIT-09444,Fully synthetic citizen; not a real person.
CIT-09445,Fully synthetic citizen; not a real person.
CIT-09446,Fully synthetic citizen; not a real person.
CIT-09447,Fully synthetic citizen; not a real person.
CIT-09448,Fully synthetic citizen; not a real person.
CIT-09449,Fully synthetic citizen; not a real person.
CIT-09450,Fully synthetic citizen; not a real person.
CIT-09451,Fully synthetic citizen; not a real person.
CIT-09452,Fully synthetic citizen; not a real person.
CIT-09453,Fully synthetic citizen; not a real person.
CIT-09454,Fully synthetic citizen; not a real person.
CIT-09455,Fully synthetic citizen; not a real person.
CIT-09456,Fully synthetic citizen; not a real person.
CIT-09457,Fully synthetic citizen; not a real person.
CIT-09458,Fully synthetic citizen; not a real person.
CIT-09459,Fully synthetic citizen; not a real person.
CIT-09460,Fully synthetic citizen; not a real person.
CIT-09461,Fully synthetic citizen; not a real person.
CIT-09462,Fully synthetic citizen; not a real person.
CIT-09463,Fully synthetic citizen; not a real person.
CIT-09464,Fully synthetic citizen; not a real person.
CIT-09465,Fully synthetic citizen; not a real person.
CIT-09466,Fully synthetic citizen; not a real person.
CIT-09467,Fully synthetic citizen; not a real person.
CIT-09468,Fully synthetic citizen; not a real person.
CIT-09469,Fully synthetic citizen; not a real person.
CIT-09470,Fully synthetic citizen; not a real person.
CIT-09471,Fully synthetic citizen; not a real person.
CIT-09472,Fully synthetic citizen; not a real person.
CIT-09473,Fully synthetic citizen; not a real person.
CIT-09474,Fully synthetic citizen; not a real person.
CIT-09475,Fully synthetic citizen; not a real person.
CIT-09476,Fully synthetic citizen; not a real person.
CIT-09477,Fully synthetic citizen; not a real person.
CIT-09478,Fully synthetic citizen; not a real person.
CIT-09479,Fully synthetic citizen; not a real person.
CIT-09480,Fully synthetic citizen; not a real person.
CIT-09481,Fully synthetic citizen; not a real person.
CIT-09482,Fully synthetic citizen; not a real person.
CIT-09483,Fully synthetic citizen; not a real person.
CIT-09484,Fully synthetic citizen; not a real person.
CIT-09485,Fully synthetic citizen; not a real person.
CIT-09486,Fully synthetic citizen; not a real person.
CIT-09487,Fully synthetic citizen; not a real person.
CIT-09488,Fully synthetic citizen; not a real person.
CIT-09489,Fully synthetic citizen; not a real person.
CIT-09490,Fully synthetic citizen; not a real person.
CIT-09491,Fully synthetic citizen; not a real person.
CIT-09492,Fully synthetic citizen; not a real person.
CIT-09493,Fully synthetic citizen; not a real person.
CIT-09494,Fully synthetic citizen; not a real person.
CIT-09495,Fully synthetic citizen; not a real person.
CIT-09496,Fully synthetic citizen; not a real person.
CIT-09497,Fully synthetic citizen; not a real person.
CIT-09498,Fully synthetic citizen; not a real person.
CIT-09499,Fully synthetic citizen; not a real person.
CIT-09500,Fully synthetic citizen; not a real person.
CIT-09501,Fully synthetic citizen; not a real person.
CIT-09502,Fully synthetic citizen; not a real person.
CIT-09503,Fully synthetic citizen; not a real person.
CIT-09504,Fully synthetic citizen; not a real person.
CIT-09505,Fully synthetic citizen; not a real person.
CIT-09506,Fully synthetic citizen; not a real person.
CIT-09507,Fully synthetic citizen; not a real person.
CIT-09508,Fully synthetic citizen; not a real person.
CIT-09509,Fully synthetic citizen; not a real person.
CIT-09510,Fully synthetic citizen; not a real person.
CIT-09511,Fully synthetic citizen; not a real person.
CIT-09512,Fully synthetic citizen; not a real person.
CIT-09513,Fully synthetic citizen; not a real person.
CIT-09514,Fully synthetic citizen; not a real person.
CIT-09515,Fully synthetic citizen; not a real person.
CIT-09516,Fully synthetic citizen; not a real person.
CIT-09517,Fully synthetic citizen; not a real person.
CIT-09518,Fully synthetic citizen; not a real person.
CIT-09519,Fully synthetic citizen; not a real person.
CIT-09520,Fully synthetic citizen; not a real person.
CIT-09521,Fully synthetic citizen; not a real person.
CIT-09522,Fully synthetic citizen; not a real person.
CIT-09523,Fully synthetic citizen; not a real person.
CIT-09524,Fully synthetic citizen; not a real person.
CIT-09525,Fully synthetic citizen; not a real person.
CIT-09526,Fully synthetic citizen; not a real person.
CIT-09527,Fully synthetic citizen; not a real person.
CIT-09528,Fully synthetic citizen; not a real person.
CIT-09529,Fully synthetic citizen; not a real person.
CIT-09530,Fully synthetic citizen; not a real person.
CIT-09531,Fully synthetic citizen; not a real person.
CIT-09532,Fully synthetic citizen; not a real person.
CIT-09533,Fully synthetic citizen; not a real person.
CIT-09534,Fully synthetic citizen; not a real person.
CIT-09535,Fully synthetic citizen; not a real person.
CIT-09536,Fully synthetic citizen; not a real person.
CIT-09537,Fully synthetic citizen; not a real person.
CIT-09538,Fully synthetic citizen; not a real person.
CIT-09539,Fully synthetic citizen; not a real person.
CIT-09540,Fully synthetic citizen; not a real person.
CIT-09541,Fully synthetic citizen; not a real person.
CIT-09542,Fully synthetic citizen; not a real person.
CIT-09543,Fully synthetic citizen; not a real person.
CIT-09544,Fully synthetic citizen; not a real person.
CIT-09545,Fully synthetic citizen; not a real person.
CIT-09546,Fully synthetic citizen; not a real person.
CIT-09547,Fully synthetic citizen; not a real person.
CIT-09548,Fully synthetic citizen; not a real person.
CIT-09549,Fully synthetic citizen; not a real person.
CIT-09550,Fully synthetic citizen; not a real person.
CIT-09551,Fully synthetic citizen; not a real person.
CIT-09552,Fully synthetic citizen; not a real person.
CIT-09553,Fully synthetic citizen; not a real person.
CIT-09554,Fully synthetic citizen; not a real person.
CIT-09555,Fully synthetic citizen; not a real person.
CIT-09556,Fully synthetic citizen; not a real person.
CIT-09557,Fully synthetic citizen; not a real person.
CIT-09558,Fully synthetic citizen; not a real person.
CIT-09559,Fully synthetic citizen; not a real person.
CIT-09560,Fully synthetic citizen; not a real person.
CIT-09561,Fully synthetic citizen; not a real person.
CIT-09562,Fully synthetic citizen; not a real person.
CIT-09563,Fully synthetic citizen; not a real person.
CIT-09564,Fully synthetic citizen; not a real person.
CIT-09565,Fully synthetic citizen; not a real person.
CIT-09566,Fully synthetic citizen; not a real person.
CIT-09567,Fully synthetic citizen; not a real person.
CIT-09568,Fully synthetic citizen; not a real person.
CIT-09569,Fully synthetic citizen; not a real person.
CIT-09570,Fully synthetic citizen; not a real person.
CIT-09571,Fully synthetic citizen; not a real person.
CIT-09572,Fully synthetic citizen; not a real person.
CIT-09573,Fully synthetic citizen; not a real person.
CIT-09574,Fully synthetic citizen; not a real person.
CIT-09575,Fully synthetic citizen; not a real person.
CIT-09576,Fully synthetic citizen; not a real person.
CIT-09577,Fully synthetic citizen; not a real person.
CIT-09578,Fully synthetic citizen; not a real person.
CIT-09579,Fully synthetic citizen; not a real person.
CIT-09580,Fully synthetic citizen; not a real person.
CIT-09581,Fully synthetic citizen; not a real person.
CIT-09582,Fully synthetic citizen; not a real person.
CIT-09583,Fully synthetic citizen; not a real person.
CIT-09584,Fully synthetic citizen; not a real person.
CIT-09585,Fully synthetic citizen; not a real person.
CIT-09586,Fully synthetic citizen; not a real person.
CIT-09587,Fully synthetic citizen; not a real person.
CIT-09588,Fully synthetic citizen; not a real person.
CIT-09589,Fully synthetic citizen; not a real person.
CIT-09590,Fully synthetic citizen; not a real person.
CIT-09591,Fully synthetic citizen; not a real person.
CIT-09592,Fully synthetic citizen; not a real person.
CIT-09593,Fully synthetic citizen; not a real person.
CIT-09594,Fully synthetic citizen; not a real person.
CIT-09595,Fully synthetic citizen; not a real person.
CIT-09596,Fully synthetic citizen; not a real person.
CIT-09597,Fully synthetic citizen; not a real person.
CIT-09598,Fully synthetic citizen; not a real person.
CIT-09599,Fully synthetic citizen; not a real person.
CIT-09600,Fully synthetic citizen; not a real person.
CIT-09601,Fully synthetic citizen; not a real person.
CIT-09602,Fully synthetic citizen; not a real person.
CIT-09603,Fully synthetic citizen; not a real person.
CIT-09604,Fully synthetic citizen; not a real person.
CIT-09605,Fully synthetic citizen; not a real person.
CIT-09606,Fully synthetic citizen; not a real person.
CIT-09607,Fully synthetic citizen; not a real person.
CIT-09608,Fully synthetic citizen; not a real person.
CIT-09609,Fully synthetic citizen; not a real person.
CIT-09610,Fully synthetic citizen; not a real person.
CIT-09611,Fully synthetic citizen; not a real person.
CIT-09612,Fully synthetic citizen; not a real person.
CIT-09613,Fully synthetic citizen; not a real person.
CIT-09614,Fully synthetic citizen; not a real person.
CIT-09615,Fully synthetic citizen; not a real person.
CIT-09616,Fully synthetic citizen; not a real person.
CIT-09617,Fully synthetic citizen; not a real person.
CIT-09618,Fully synthetic citizen; not a real person.
CIT-09619,Fully synthetic citizen; not a real person.
CIT-09620,Fully synthetic citizen; not a real person.
CIT-09621,Fully synthetic citizen; not a real person.
CIT-09622,Fully synthetic citizen; not a real person.
CIT-09623,Fully synthetic citizen; not a real person.
CIT-09624,Fully synthetic citizen; not a real person.
CIT-09625,Fully synthetic citizen; not a real person.
CIT-09626,Fully synthetic citizen; not a real person.
CIT-09627,Fully synthetic citizen; not a real person.
CIT-09628,Fully synthetic citizen; not a real person.
CIT-09629,Fully synthetic citizen; not a real person.
CIT-09630,Fully synthetic citizen; not a real person.
CIT-09631,Fully synthetic citizen; not a real person.
CIT-09632,Fully synthetic citizen; not a real person.
CIT-09633,Fully synthetic citizen; not a real person.
CIT-09634,Fully synthetic citizen; not a real person.
CIT-09635,Fully synthetic citizen; not a real person.
CIT-09636,Fully synthetic citizen; not a real person.
CIT-09637,Fully synthetic citizen; not a real person.
CIT-09638,Fully synthetic citizen; not a real person.
CIT-09639,Fully synthetic citizen; not a real person.
CIT-09640,Fully synthetic citizen; not a real person.
CIT-09641,Fully synthetic citizen; not a real person.
CIT-09642,Fully synthetic citizen; not a real person.
CIT-09643,Fully synthetic citizen; not a real person.
CIT-09644,Fully synthetic citizen; not a real person.
CIT-09645,Fully synthetic citizen; not a real person.
CIT-09646,Fully synthetic citizen; not a real person.
CIT-09647,Fully synthetic citizen; not a real person.
CIT-09648,Fully synthetic citizen; not a real person.
CIT-09649,Fully synthetic citizen; not a real person.
CIT-09650,Fully synthetic citizen; not a real person.
CIT-09651,Fully synthetic citizen; not a real person.
CIT-09652,Fully synthetic citizen; not a real person.
CIT-09653,Fully synthetic citizen; not a real person.
CIT-09654,Fully synthetic citizen; not a real person.
CIT-09655,Fully synthetic citizen; not a real person.
CIT-09656,Fully synthetic citizen; not a real person.
CIT-09657,Fully synthetic citizen; not a real person.
CIT-09658,Fully synthetic citizen; not a real person.
CIT-09659,Fully synthetic citizen; not a real person.
CIT-09660,Fully synthetic citizen; not a real person.
CIT-09661,Fully synthetic citizen; not a real person.
CIT-09662,Fully synthetic citizen; not a real person.
CIT-09663,Fully synthetic citizen; not a real person.
CIT-09664,Fully synthetic citizen; not a real person.
CIT-09665,Fully synthetic citizen; not a real person.
CIT-09666,Fully synthetic citizen; not a real person.
CIT-09667,Fully synthetic citizen; not a real person.
CIT-09668,Fully synthetic citizen; not a real person.
CIT-09669,Fully synthetic citizen; not a real person.
CIT-09670,Fully synthetic citizen; not a real person.
CIT-09671,Fully synthetic citizen; not a real person.
CIT-09672,Fully synthetic citizen; not a real person.
CIT-09673,Fully synthetic citizen; not a real person.
CIT-09674,Fully synthetic citizen; not a real person.
CIT-09675,Fully synthetic citizen; not a real person.
CIT-09676,Fully synthetic citizen; not a real person.
CIT-09677,Fully synthetic citizen; not a real person.
CIT-09678,Fully synthetic citizen; not a real person.
CIT-09679,Fully synthetic citizen; not a real person.
CIT-09680,Fully synthetic citizen; not a real person.
CIT-09681,Fully synthetic citizen; not a real person.
CIT-09682,Fully synthetic citizen; not a real person.
CIT-09683,Fully synthetic citizen; not a real person.
CIT-09684,Fully synthetic citizen; not a real person.
CIT-09685,Fully synthetic citizen; not a real person.
CIT-09686,Fully synthetic citizen; not a real person.
CIT-09687,Fully synthetic citizen; not a real person.
CIT-09688,Fully synthetic citizen; not a real person.
CIT-09689,Fully synthetic citizen; not a real person.
CIT-09690,Fully synthetic citizen; not a real person.
CIT-09691,Fully synthetic citizen; not a real person.
CIT-09692,Fully synthetic citizen; not a real person.
CIT-09693,Fully synthetic citizen; not a real person.
CIT-09694,Fully synthetic citizen; not a real person.
CIT-09695,Fully synthetic citizen; not a real person.
CIT-09696,Fully synthetic citizen; not a real person.
CIT-09697,Fully synthetic citizen; not a real person.
CIT-09698,Fully synthetic citizen; not a real person.
CIT-09699,Fully synthetic citizen; not a real person.
CIT-09700,Fully synthetic citizen; not a real person.
CIT-09701,Fully synthetic citizen; not a real person.
CIT-09702,Fully synthetic citizen; not a real person.
CIT-09703,Fully synthetic citizen; not a real person.
CIT-09704,Fully synthetic citizen; not a real person.
CIT-09705,Fully synthetic citizen; not a real person.
CIT-09706,Fully synthetic citizen; not a real person.
CIT-09707,Fully synthetic citizen; not a real person.
CIT-09708,Fully synthetic citizen; not a real person.
CIT-09709,Fully synthetic citizen; not a real person.
CIT-09710,Fully synthetic citizen; not a real person.
CIT-09711,Fully synthetic citizen; not a real person.
CIT-09712,Fully synthetic citizen; not a real person.
CIT-09713,Fully synthetic citizen; not a real person.
CIT-09714,Fully synthetic citizen; not a real person.
CIT-09715,Fully synthetic citizen; not a real person.
CIT-09716,Fully synthetic citizen; not a real person.
CIT-09717,Fully synthetic citizen; not a real person.
CIT-09718,Fully synthetic citizen; not a real person.
CIT-09719,Fully synthetic citizen; not a real person.
CIT-09720,Fully synthetic citizen; not a real person.
CIT-09721,Fully synthetic citizen; not a real person.
CIT-09722,Fully synthetic citizen; not a real person.
CIT-09723,Fully synthetic citizen; not a real person.
CIT-09724,Fully synthetic citizen; not a real person.
CIT-09725,Fully synthetic citizen; not a real person.
CIT-09726,Fully synthetic citizen; not a real person.
CIT-09727,Fully synthetic citizen; not a real person.
CIT-09728,Fully synthetic citizen; not a real person.
CIT-09729,Fully synthetic citizen; not a real person.
CIT-09730,Fully synthetic citizen; not a real person.
CIT-09731,Fully synthetic citizen; not a real person.
CIT-09732,Fully synthetic citizen; not a real person.
CIT-09733,Fully synthetic citizen; not a real person.
CIT-09734,Fully synthetic citizen; not a real person.
CIT-09735,Fully synthetic citizen; not a real person.
CIT-09736,Fully synthetic citizen; not a real person.
CIT-09737,Fully synthetic citizen; not a real person.
CIT-09738,Fully synthetic citizen; not a real person.
CIT-09739,Fully synthetic citizen; not a real person.
CIT-09740,Fully synthetic citizen; not a real person.
CIT-09741,Fully synthetic citizen; not a real person.
CIT-09742,Fully synthetic citizen; not a real person.
CIT-09743,Fully synthetic citizen; not a real person.
CIT-09744,Fully synthetic citizen; not a real person.
CIT-09745,Fully synthetic citizen; not a real person.
CIT-09746,Fully synthetic citizen; not a real person.
CIT-09747,Fully synthetic citizen; not a real person.
CIT-09748,Fully synthetic citizen; not a real person.
CIT-09749,Fully synthetic citizen; not a real person.
CIT-09750,Fully synthetic citizen; not a real person.
CIT-09751,Fully synthetic citizen; not a real person.
CIT-09752,Fully synthetic citizen; not a real person.
CIT-09753,Fully synthetic citizen; not a real person.
CIT-09754,Fully synthetic citizen; not a real person.
CIT-09755,Fully synthetic citizen; not a real person.
CIT-09756,Fully synthetic citizen; not a real person.
CIT-09757,Fully synthetic citizen; not a real person.
CIT-09758,Fully synthetic citizen; not a real person.
CIT-09759,Fully synthetic citizen; not a real person.
CIT-09760,Fully synthetic citizen; not a real person.
CIT-09761,Fully synthetic citizen; not a real person.
CIT-09762,Fully synthetic citizen; not a real person.
CIT-09763,Fully synthetic citizen; not a real person.
CIT-09764,Fully synthetic citizen; not a real person.
CIT-09765,Fully synthetic citizen; not a real person.
CIT-09766,Fully synthetic citizen; not a real person.
CIT-09767,Fully synthetic citizen; not a real person.
CIT-09768,Fully synthetic citizen; not a real person.
CIT-09769,Fully synthetic citizen; not a real person.
CIT-09770,Fully synthetic citizen; not a real person.
CIT-09771,Fully synthetic citizen; not a real person.
CIT-09772,Fully synthetic citizen; not a real person.
CIT-09773,Fully synthetic citizen; not a real person.
CIT-09774,Fully synthetic citizen; not a real person.
CIT-09775,Fully synthetic citizen; not a real person.
CIT-09776,Fully synthetic citizen; not a real person.
CIT-09777,Fully synthetic citizen; not a real person.
CIT-09778,Fully synthetic citizen; not a real person.
CIT-09779,Fully synthetic citizen; not a real person.
CIT-09780,Fully synthetic citizen; not a real person.
CIT-09781,Fully synthetic citizen; not a real person.
CIT-09782,Fully synthetic citizen; not a real person.
CIT-09783,Fully synthetic citizen; not a real person.
CIT-09784,Fully synthetic citizen; not a real person.
CIT-09785,Fully synthetic citizen; not a real person.
CIT-09786,Fully synthetic citizen; not a real person.
CIT-09787,Fully synthetic citizen; not a real person.
CIT-09788,Fully synthetic citizen; not a real person.
CIT-09789,Fully synthetic citizen; not a real person.
CIT-09790,Fully synthetic citizen; not a real person.
CIT-09791,Fully synthetic citizen; not a real person.
CIT-09792,Fully synthetic citizen; not a real person.
CIT-09793,Fully synthetic citizen; not a real person.
CIT-09794,Fully synthetic citizen; not a real person.
CIT-09795,Fully synthetic citizen; not a real person.
CIT-09796,Fully synthetic citizen; not a real person.
CIT-09797,Fully synthetic citizen; not a real person.
CIT-09798,Fully synthetic citizen; not a real person.
CIT-09799,Fully synthetic citizen; not a real person.
CIT-09800,Fully synthetic citizen; not a real person.
CIT-09801,Fully synthetic citizen; not a real person.
CIT-09802,Fully synthetic citizen; not a real person.
CIT-09803,Fully synthetic citizen; not a real person.
CIT-09804,Fully synthetic citizen; not a real person.
CIT-09805,Fully synthetic citizen; not a real person.
CIT-09806,Fully synthetic citizen; not a real person.
CIT-09807,Fully synthetic citizen; not a real person.
CIT-09808,Fully synthetic citizen; not a real person.
CIT-09809,Fully synthetic citizen; not a real person.
CIT-09810,Fully synthetic citizen; not a real person.
CIT-09811,Fully synthetic citizen; not a real person.
CIT-09812,Fully synthetic citizen; not a real person.
CIT-09813,Fully synthetic citizen; not a real person.
CIT-09814,Fully synthetic citizen; not a real person.
CIT-09815,Fully synthetic citizen; not a real person.
CIT-09816,Fully synthetic citizen; not a real person.
CIT-09817,Fully synthetic citizen; not a real person.
CIT-09818,Fully synthetic citizen; not a real person.
CIT-09819,Fully synthetic citizen; not a real person.
CIT-09820,Fully synthetic citizen; not a real person.
CIT-09821,Fully synthetic citizen; not a real person.
CIT-09822,Fully synthetic citizen; not a real person.
CIT-09823,Fully synthetic citizen; not a real person.
CIT-09824,Fully synthetic citizen; not a real person.
CIT-09825,Fully synthetic citizen; not a real person.
CIT-09826,Fully synthetic citizen; not a real person.
CIT-09827,Fully synthetic citizen; not a real person.
CIT-09828,Fully synthetic citizen; not a real person.
CIT-09829,Fully synthetic citizen; not a real person.
CIT-09830,Fully synthetic citizen; not a real person.
CIT-09831,Fully synthetic citizen; not a real person.
CIT-09832,Fully synthetic citizen; not a real person.
CIT-09833,Fully synthetic citizen; not a real person.
CIT-09834,Fully synthetic citizen; not a real person.
CIT-09835,Fully synthetic citizen; not a real person.
CIT-09836,Fully synthetic citizen; not a real person.
CIT-09837,Fully synthetic citizen; not a real person.
CIT-09838,Fully synthetic citizen; not a real person.
CIT-09839,Fully synthetic citizen; not a real person.
CIT-09840,Fully synthetic citizen; not a real person.
CIT-09841,Fully synthetic citizen; not a real person.
CIT-09842,Fully synthetic citizen; not a real person.
CIT-09843,Fully synthetic citizen; not a real person.
CIT-09844,Fully synthetic citizen; not a real person.
CIT-09845,Fully synthetic citizen; not a real person.
CIT-09846,Fully synthetic citizen; not a real person.
CIT-09847,Fully synthetic citizen; not a real person.
CIT-09848,Fully synthetic citizen; not a real person.
CIT-09849,Fully synthetic citizen; not a real person.
CIT-09850,Fully synthetic citizen; not a real person.
CIT-09851,Fully synthetic citizen; not a real person.
CIT-09852,Fully synthetic citizen; not a real person.
CIT-09853,Fully synthetic citizen; not a real person.
CIT-09854,Fully synthetic citizen; not a real person.
CIT-09855,Fully synthetic citizen; not a real person.
CIT-09856,Fully synthetic citizen; not a real person.
CIT-09857,Fully synthetic citizen; not a real person.
CIT-09858,Fully synthetic citizen; not a real person.
CIT-09859,Fully synthetic citizen; not a real person.
CIT-09860,Fully synthetic citizen; not a real person.
CIT-09861,Fully synthetic citizen; not a real person.
CIT-09862,Fully synthetic citizen; not a real person.
CIT-09863,Fully synthetic citizen; not a real person.
CIT-09864,Fully synthetic citizen; not a real person.
CIT-09865,Fully synthetic citizen; not a real person.
CIT-09866,Fully synthetic citizen; not a real person.
CIT-09867,Fully synthetic citizen; not a real person.
CIT-09868,Fully synthetic citizen; not a real person.
CIT-09869,Fully synthetic citizen; not a real person.
CIT-09870,Fully synthetic citizen; not a real person.
CIT-09871,Fully synthetic citizen; not a real person.
CIT-09872,Fully synthetic citizen; not a real person.
CIT-09873,Fully synthetic citizen; not a real person.
CIT-09874,Fully synthetic citizen; not a real person.
CIT-09875,Fully synthetic citizen; not a real person.
CIT-09876,Fully synthetic citizen; not a real person.
CIT-09877,Fully synthetic citizen; not a real person.
CIT-09878,Fully synthetic citizen; not a real person.
CIT-09879,Fully synthetic citizen; not a real person.
CIT-09880,Fully synthetic citizen; not a real person.
CIT-09881,Fully synthetic citizen; not a real person.
CIT-09882,Fully synthetic citizen; not a real person.
CIT-09883,Fully synthetic citizen; not a real person.
CIT-09884,Fully synthetic citizen; not a real person.
CIT-09885,Fully synthetic citizen; not a real person.
CIT-09886,Fully synthetic citizen; not a real person.
CIT-09887,Fully synthetic citizen; not a real person.
CIT-09888,Fully synthetic citizen; not a real person.
CIT-09889,Fully synthetic citizen; not a real person.
CIT-09890,Fully synthetic citizen; not a real person.
CIT-09891,Fully synthetic citizen; not a real person.
CIT-09892,Fully synthetic citizen; not a real person.
CIT-09893,Fully synthetic citizen; not a real person.
CIT-09894,Fully synthetic citizen; not a real person.
CIT-09895,Fully synthetic citizen; not a real person.
CIT-09896,Fully synthetic citizen; not a real person.
CIT-09897,Fully synthetic citizen; not a real person.
CIT-09898,Fully synthetic citizen; not a real person.
CIT-09899,Fully synthetic citizen; not a real person.
CIT-09900,Fully synthetic citizen; not a real person.
CIT-09901,Fully synthetic citizen; not a real person.
CIT-09902,Fully synthetic citizen; not a real person.
CIT-09903,Fully synthetic citizen; not a real person.
CIT-09904,Fully synthetic citizen; not a real person.
CIT-09905,Fully synthetic citizen; not a real person.
CIT-09906,Fully synthetic citizen; not a real person.
CIT-09907,Fully synthetic citizen; not a real person.
CIT-09908,Fully synthetic citizen; not a real person.
CIT-09909,Fully synthetic citizen; not a real person.
CIT-09910,Fully synthetic citizen; not a real person.
CIT-09911,Fully synthetic citizen; not a real person.
CIT-09912,Fully synthetic citizen; not a real person.
CIT-09913,Fully synthetic citizen; not a real person.
CIT-09914,Fully synthetic citizen; not a real person.
CIT-09915,Fully synthetic citizen; not a real person.
CIT-09916,Fully synthetic citizen; not a real person.
CIT-09917,Fully synthetic citizen; not a real person.
CIT-09918,Fully synthetic citizen; not a real person.
CIT-09919,Fully synthetic citizen; not a real person.
CIT-09920,Fully synthetic citizen; not a real person.
CIT-09921,Fully synthetic citizen; not a real person.
CIT-09922,Fully synthetic citizen; not a real person.
CIT-09923,Fully synthetic citizen; not a real person.
CIT-09924,Fully synthetic citizen; not a real person.
CIT-09925,Fully synthetic citizen; not a real person.
CIT-09926,Fully synthetic citizen; not a real person.
CIT-09927,Fully synthetic citizen; not a real person.
CIT-09928,Fully synthetic citizen; not a real person.
CIT-09929,Fully synthetic citizen; not a real person.
CIT-09930,Fully synthetic citizen; not a real person.
CIT-09931,Fully synthetic citizen; not a real person.
CIT-09932,Fully synthetic citizen; not a real person.
CIT-09933,Fully synthetic citizen; not a real person.
CIT-09934,Fully synthetic citizen; not a real person.
CIT-09935,Fully synthetic citizen; not a real person.
CIT-09936,Fully synthetic citizen; not a real person.
CIT-09937,Fully synthetic citizen; not a real person.
CIT-09938,Fully synthetic citizen; not a real person.
CIT-09939,Fully synthetic citizen; not a real person.
CIT-09940,Fully synthetic citizen; not a real person.
CIT-09941,Fully synthetic citizen; not a real person.
CIT-09942,Fully synthetic citizen; not a real person.
CIT-09943,Fully synthetic citizen; not a real person.
CIT-09944,Fully synthetic citizen; not a real person.
CIT-09945,Fully synthetic citizen; not a real person.
CIT-09946,Fully synthetic citizen; not a real person.
CIT-09947,Fully synthetic citizen; not a real person.
CIT-09948,Fully synthetic citizen; not a real person.
CIT-09949,Fully synthetic citizen; not a real person.
CIT-09950,Fully synthetic citizen; not a real person.
CIT-09951,Fully synthetic citizen; not a real person.
CIT-09952,Fully synthetic citizen; not a real person.
CIT-09953,Fully synthetic citizen; not a real person.
CIT-09954,Fully synthetic citizen; not a real person.
CIT-09955,Fully synthetic citizen; not a real person.
CIT-09956,Fully synthetic citizen; not a real person.
CIT-09957,Fully synthetic citizen; not a real person.
CIT-09958,Fully synthetic citizen; not a real person.
CIT-09959,Fully synthetic citizen; not a real person.
CIT-09960,Fully synthetic citizen; not a real person.
CIT-09961,Fully synthetic citizen; not a real person.
CIT-09962,Fully synthetic citizen; not a real person.
CIT-09963,Fully synthetic citizen; not a real person.
CIT-09964,Fully synthetic citizen; not a real person.
CIT-09965,Fully synthetic citizen; not a real person.
CIT-09966,Fully synthetic citizen; not a real person.
CIT-09967,Fully synthetic citizen; not a real person.
CIT-09968,Fully synthetic citizen; not a real person.
CIT-09969,Fully synthetic citizen; not a real person.
CIT-09970,Fully synthetic citizen; not a real person.
CIT-09971,Fully synthetic citizen; not a real person.
CIT-09972,Fully synthetic citizen; not a real person.
CIT-09973,Fully synthetic citizen; not a real person.
CIT-09974,Fully synthetic citizen; not a real person.
CIT-09975,Fully synthetic citizen; not a real person.
CIT-09976,Fully synthetic citizen; not a real person.
CIT-09977,Fully synthetic citizen; not a real person.
CIT-09978,Fully synthetic citizen; not a real person.
CIT-09979,Fully synthetic citizen; not a real person.
CIT-09980,Fully synthetic citizen; not a real person.
CIT-09981,Fully synthetic citizen; not a real person.
CIT-09982,Fully synthetic citizen; not a real person.
CIT-09983,Fully synthetic citizen; not a real person.
CIT-09984,Fully synthetic citizen; not a real person.
CIT-09985,Fully synthetic citizen; not a real person.
CIT-09986,Fully synthetic citizen; not a real person.
CIT-09987,Fully synthetic citizen; not a real person.
CIT-09988,Fully synthetic citizen; not a real person.
CIT-09989,Fully synthetic citizen; not a real person.
CIT-09990,Fully synthetic citizen; not a real person.
CIT-09991,Fully synthetic citizen; not a real person.
CIT-09992,Fully synthetic citizen; not a real person.
CIT-09993,Fully synthetic citizen; not a real person.
CIT-09994,Fully synthetic citizen; not a real person.
CIT-09995,Fully synthetic citizen; not a real person.
CIT-09996,Fully synthetic citizen; not a real person.
CIT-09997,Fully synthetic citizen; not a real person.
CIT-09998,Fully synthetic citizen; not a real person.
CIT-09999,Fully synthetic citizen; not a real person.
CIT-10000,Fully synthetic citizen; not a real person.
