change_id,issue_id,description,status,created_at
EC-00001,QI-11310,Engineering change addressing: seal leakage detected during pressure test,in_progress,2026-02-28
EC-00002,QI-07265,Engineering change addressing: intermittent sensor reading failure under load,implemented,2026-02-12
EC-00003,QI-07152,Engineering change addressing: fastener torque inconsistency observed on assembly line,proposed,2026-03-23
EC-00004,QI-10867,Engineering change addressing: seal leakage detected during pressure test,approved,2026-02-18
EC-00005,QI-09881,Engineering change addressing: surface finish outside specification,in_progress,2026-01-07
EC-00006,QI-10577,Engineering change addressing: intermittent sensor reading failure under load,approved,2026-05-02
EC-00007,QI-11211,Engineering change addressing: material hardness below specification,implemented,2026-03-16
EC-00008,QI-11921,Engineering change addressing: fastener torque inconsistency observed on assembly line,approved,2026-07-05
EC-00009,QI-11118,Engineering change addressing: surface finish outside specification,implemented,2026-08-27
EC-00010,QI-07778,Engineering change addressing: surface finish outside specification,approved,2026-05-06
EC-00011,QI-09621,Engineering change addressing: material hardness below specification,in_progress,2026-08-16
EC-00012,QI-09510,Engineering change addressing: surface finish outside specification,in_progress,2026-08-22
EC-00013,QI-02954,Engineering change addressing: fastener torque inconsistency observed on assembly line,approved,2026-06-17
EC-00014,QI-06787,Engineering change addressing: material hardness below specification,proposed,2026-01-26
EC-00015,QI-10942,Engineering change addressing: intermittent sensor reading failure under load,implemented,2026-06-10
EC-00016,QI-07329,Engineering change addressing: fastener torque inconsistency observed on assembly line,in_progress,2026-04-19
EC-00017,QI-07453,Engineering change addressing: surface finish outside specification,implemented,2026-02-10
EC-00018,QI-02967,Engineering change addressing: intermittent sensor reading failure under load,implemented,2026-07-25
EC-00019,QI-00019,Engineering change addressing: intermittent sensor reading failure under load,approved,2026-08-01
EC-00020,QI-05388,Engineering change addressing: fastener torque inconsistency observed on assembly line,implemented,2026-01-14
EC-00021,QI-04874,Engineering change addressing: fastener torque inconsistency observed on assembly line,in_progress,2026-08-07
EC-00022,QI-02530,Engineering change addressing: intermittent sensor reading failure under load,implemented,2026-03-15
EC-00023,QI-07908,Engineering change addressing: intermittent sensor reading failure under load,implemented,2026-04-24
EC-00024,QI-09869,Engineering change addressing: surface finish outside specification,approved,2026-03-03
EC-00025,QI-00151,Engineering change addressing: dimensional deviation detected during incoming inspection,in_progress,2026-08-11
EC-00026,QI-03194,Engineering change addressing: seal leakage detected during pressure test,in_progress,2026-06-24
EC-00027,QI-08331,Engineering change addressing: surface finish outside specification,implemented,2026-08-07
EC-00028,QI-07843,Engineering change addressing: intermittent sensor reading failure under load,in_progress,2026-08-10
EC-00029,QI-02398,Engineering change addressing: fastener torque inconsistency observed on assembly line,implemented,2026-01-21
EC-00030,QI-09311,Engineering change addressing: seal leakage detected during pressure test,approved,2026-03-06
EC-00031,QI-00912,Engineering change addressing: fastener torque inconsistency observed on assembly line,in_progress,2026-04-04
EC-00032,QI-07313,Engineering change addressing: seal leakage detected during pressure test,approved,2026-04-15
EC-00033,QI-10308,Engineering change addressing: dimensional deviation detected during incoming inspection,proposed,2026-05-19
EC-00034,QI-11854,Engineering change addressing: fastener torque inconsistency observed on assembly line,in_progress,2026-03-05
EC-00035,QI-09479,Engineering change addressing: fastener torque inconsistency observed on assembly line,approved,2026-06-16
EC-00036,QI-06928,Engineering change addressing: intermittent sensor reading failure under load,implemented,2026-03-07
EC-00037,QI-09063,Engineering change addressing: surface finish outside specification,implemented,2026-03-24
EC-00038,QI-00943,Engineering change addressing: material hardness below specification,implemented,2026-02-24
EC-00039,QI-02897,Engineering change addressing: seal leakage detected during pressure test,proposed,2026-03-23
EC-00040,QI-11527,Engineering change addressing: dimensional deviation detected during incoming inspection,implemented,2026-02-04
EC-00041,QI-02393,Engineering change addressing: material hardness below specification,proposed,2026-05-06
EC-00042,QI-09480,Engineering change addressing: fastener torque inconsistency observed on assembly line,approved,2026-03-12
EC-00043,QI-11698,Engineering change addressing: intermittent sensor reading failure under load,implemented,2026-06-11
EC-00044,QI-01894,Engineering change addressing: surface finish outside specification,in_progress,2026-02-03
EC-00045,QI-03396,Engineering change addressing: dimensional deviation detected during incoming inspection,proposed,2026-02-02
EC-00046,QI-03093,Engineering change addressing: surface finish outside specification,implemented,2026-05-21
EC-00047,QI-01768,Engineering change addressing: material hardness below specification,in_progress,2026-07-12
EC-00048,QI-08086,Engineering change addressing: intermittent sensor reading failure under load,implemented,2026-02-07
EC-00049,QI-08985,Engineering change addressing: material hardness below specification,proposed,2026-05-12
EC-00050,QI-08091,Engineering change addressing: intermittent sensor reading failure under load,proposed,2026-03-08
EC-00051,QI-08151,Engineering change addressing: dimensional deviation detected during incoming inspection,proposed,2026-07-19
EC-00052,QI-00511,Engineering change addressing: material hardness below specification,proposed,2026-08-18
EC-00053,QI-01410,Engineering change addressing: fastener torque inconsistency observed on assembly line,proposed,2026-05-24
EC-00054,QI-11223,Engineering change addressing: dimensional deviation detected during incoming inspection,implemented,2026-02-14
EC-00055,QI-07048,Engineering change addressing: seal leakage detected during pressure test,implemented,2026-02-19
EC-00056,QI-06829,Engineering change addressing: seal leakage detected during pressure test,approved,2026-06-05
EC-00057,QI-05731,Engineering change addressing: fastener torque inconsistency observed on assembly line,implemented,2026-03-12
EC-00058,QI-04689,Engineering change addressing: fastener torque inconsistency observed on assembly line,approved,2026-05-07
EC-00059,QI-00320,Engineering change addressing: dimensional deviation detected during incoming inspection,proposed,2026-05-21
EC-00060,QI-04989,Engineering change addressing: surface finish outside specification,proposed,2026-06-04
EC-00061,QI-07338,Engineering change addressing: seal leakage detected during pressure test,approved,2026-06-14
EC-00062,QI-09274,Engineering change addressing: surface finish outside specification,proposed,2026-06-28
EC-00063,QI-01499,Engineering change addressing: fastener torque inconsistency observed on assembly line,proposed,2026-01-09
EC-00064,QI-00193,Engineering change addressing: surface finish outside specification,proposed,2026-04-24
EC-00065,QI-10181,Engineering change addressing: material hardness below specification,approved,2026-05-12
EC-00066,QI-11965,Engineering change addressing: intermittent sensor reading failure under load,approved,2026-05-06
EC-00067,QI-10549,Engineering change addressing: dimensional deviation detected during incoming inspection,implemented,2026-06-18
EC-00068,QI-07672,Engineering change addressing: intermittent sensor reading failure under load,proposed,2026-03-11
EC-00069,QI-08083,Engineering change addressing: intermittent sensor reading failure under load,implemented,2026-02-20
EC-00070,QI-05430,Engineering change addressing: fastener torque inconsistency observed on assembly line,proposed,2026-03-22
EC-00071,QI-01107,Engineering change addressing: seal leakage detected during pressure test,implemented,2026-04-12
EC-00072,QI-05071,Engineering change addressing: fastener torque inconsistency observed on assembly line,in_progress,2026-03-05
EC-00073,QI-04868,Engineering change addressing: surface finish outside specification,proposed,2026-02-08
EC-00074,QI-04665,Engineering change addressing: dimensional deviation detected during incoming inspection,approved,2026-06-12
EC-00075,QI-05467,Engineering change addressing: seal leakage detected during pressure test,in_progress,2026-08-02
EC-00076,QI-06066,Engineering change addressing: fastener torque inconsistency observed on assembly line,approved,2026-08-20
EC-00077,QI-09440,Engineering change addressing: seal leakage detected during pressure test,proposed,2026-02-27
EC-00078,QI-08325,Engineering change addressing: material hardness below specification,in_progress,2026-04-06
EC-00079,QI-08134,Engineering change addressing: intermittent sensor reading failure under load,proposed,2026-02-19
EC-00080,QI-04442,Engineering change addressing: dimensional deviation detected during incoming inspection,implemented,2026-07-20
EC-00081,QI-10973,Engineering change addressing: dimensional deviation detected during incoming inspection,proposed,2026-02-25
EC-00082,QI-06627,Engineering change addressing: dimensional deviation detected during incoming inspection,approved,2026-02-23
EC-00083,QI-04674,Engineering change addressing: intermittent sensor reading failure under load,in_progress,2026-02-04
EC-00084,QI-02861,Engineering change addressing: dimensional deviation detected during incoming inspection,proposed,2026-07-21
EC-00085,QI-01892,Engineering change addressing: fastener torque inconsistency observed on assembly line,implemented,2026-07-08
EC-00086,QI-01418,Engineering change addressing: surface finish outside specification,in_progress,2026-05-01
EC-00087,QI-01012,Engineering change addressing: fastener torque inconsistency observed on assembly line,proposed,2026-03-06
EC-00088,QI-08052,Engineering change addressing: seal leakage detected during pressure test,proposed,2026-02-11
EC-00089,QI-00986,Engineering change addressing: dimensional deviation detected during incoming inspection,in_progress,2026-02-06
EC-00090,QI-01695,Engineering change addressing: surface finish outside specification,in_progress,2026-08-10
EC-00091,QI-03793,Engineering change addressing: material hardness below specification,approved,2026-06-02
EC-00092,QI-00557,Engineering change addressing: surface finish outside specification,implemented,2026-05-21
EC-00093,QI-03764,Engineering change addressing: dimensional deviation detected during incoming inspection,implemented,2026-08-13
EC-00094,QI-04803,Engineering change addressing: surface finish outside specification,in_progress,2026-02-06
EC-00095,QI-10571,Engineering change addressing: surface finish outside specification,implemented,2026-02-03
EC-00096,QI-08045,Engineering change addressing: material hardness below specification,implemented,2026-04-07
EC-00097,QI-09428,Engineering change addressing: seal leakage detected during pressure test,in_progress,2026-02-09
EC-00098,QI-09774,Engineering change addressing: intermittent sensor reading failure under load,in_progress,2026-05-02
EC-00099,QI-01973,Engineering change addressing: fastener torque inconsistency observed on assembly line,approved,2026-02-22
EC-00100,QI-11374,Engineering change addressing: intermittent sensor reading failure under load,proposed,2026-01-17
EC-00101,QI-04208,Engineering change addressing: fastener torque inconsistency observed on assembly line,in_progress,2026-06-22
EC-00102,QI-07451,Engineering change addressing: intermittent sensor reading failure under load,approved,2026-05-05
EC-00103,QI-00676,Engineering change addressing: fastener torque inconsistency observed on assembly line,implemented,2026-05-20
EC-00104,QI-11833,Engineering change addressing: dimensional deviation detected during incoming inspection,implemented,2026-01-12
EC-00105,QI-06326,Engineering change addressing: surface finish outside specification,in_progress,2026-04-21
EC-00106,QI-06769,Engineering change addressing: dimensional deviation detected during incoming inspection,in_progress,2026-02-19
EC-00107,QI-07016,Engineering change addressing: intermittent sensor reading failure under load,proposed,2026-03-28
EC-00108,QI-01363,Engineering change addressing: dimensional deviation detected during incoming inspection,implemented,2026-01-06
EC-00109,QI-07028,Engineering change addressing: surface finish outside specification,proposed,2026-01-15
EC-00110,QI-04871,Engineering change addressing: material hardness below specification,proposed,2026-04-24
EC-00111,QI-10086,Engineering change addressing: dimensional deviation detected during incoming inspection,proposed,2026-02-13
EC-00112,QI-11317,Engineering change addressing: dimensional deviation detected during incoming inspection,proposed,2026-04-22
EC-00113,QI-04126,Engineering change addressing: seal leakage detected during pressure test,proposed,2026-01-14
EC-00114,QI-06494,Engineering change addressing: material hardness below specification,in_progress,2026-04-25
EC-00115,QI-03833,Engineering change addressing: fastener torque inconsistency observed on assembly line,approved,2026-02-03
EC-00116,QI-06020,Engineering change addressing: intermittent sensor reading failure under load,proposed,2026-06-21
EC-00117,QI-03190,Engineering change addressing: material hardness below specification,approved,2026-02-23
EC-00118,QI-05349,Engineering change addressing: material hardness below specification,in_progress,2026-05-03
EC-00119,QI-10285,Engineering change addressing: fastener torque inconsistency observed on assembly line,proposed,2026-01-18
EC-00120,QI-06785,Engineering change addressing: intermittent sensor reading failure under load,in_progress,2026-01-19
EC-00121,QI-02671,Engineering change addressing: fastener torque inconsistency observed on assembly line,in_progress,2026-06-28
EC-00122,QI-10242,Engineering change addressing: dimensional deviation detected during incoming inspection,proposed,2026-04-03
EC-00123,QI-04572,Engineering change addressing: material hardness below specification,in_progress,2026-08-06
EC-00124,QI-04762,Engineering change addressing: surface finish outside specification,proposed,2026-02-28
EC-00125,QI-03599,Engineering change addressing: fastener torque inconsistency observed on assembly line,implemented,2026-03-28
EC-00126,QI-05913,Engineering change addressing: surface finish outside specification,implemented,2026-03-24
EC-00127,QI-01877,Engineering change addressing: material hardness below specification,in_progress,2026-07-09
EC-00128,QI-04440,Engineering change addressing: dimensional deviation detected during incoming inspection,approved,2026-01-18
EC-00129,QI-10080,Engineering change addressing: dimensional deviation detected during incoming inspection,implemented,2026-04-18
EC-00130,QI-10483,Engineering change addressing: surface finish outside specification,in_progress,2026-03-20
EC-00131,QI-00561,Engineering change addressing: surface finish outside specification,implemented,2026-02-07
EC-00132,QI-07036,Engineering change addressing: intermittent sensor reading failure under load,implemented,2026-03-12
EC-00133,QI-08261,Engineering change addressing: surface finish outside specification,implemented,2026-04-09
EC-00134,QI-04310,Engineering change addressing: seal leakage detected during pressure test,in_progress,2026-02-09
EC-00135,QI-02609,Engineering change addressing: surface finish outside specification,implemented,2026-07-17
EC-00136,QI-00798,Engineering change addressing: seal leakage detected during pressure test,implemented,2026-06-07
EC-00137,QI-08020,Engineering change addressing: material hardness below specification,in_progress,2026-04-07
EC-00138,QI-00835,Engineering change addressing: seal leakage detected during pressure test,implemented,2026-06-14
EC-00139,QI-02356,Engineering change addressing: surface finish outside specification,approved,2026-03-02
EC-00140,QI-02431,Engineering change addressing: seal leakage detected during pressure test,in_progress,2026-07-15
EC-00141,QI-04283,Engineering change addressing: surface finish outside specification,approved,2026-02-26
EC-00142,QI-09964,Engineering change addressing: seal leakage detected during pressure test,proposed,2026-03-25
EC-00143,QI-10347,Engineering change addressing: surface finish outside specification,proposed,2026-05-21
EC-00144,QI-09163,Engineering change addressing: surface finish outside specification,approved,2026-01-08
EC-00145,QI-01876,Engineering change addressing: material hardness below specification,approved,2026-01-04
EC-00146,QI-10061,Engineering change addressing: seal leakage detected during pressure test,in_progress,2026-01-24
EC-00147,QI-01000,Engineering change addressing: seal leakage detected during pressure test,in_progress,2026-06-06
EC-00148,QI-02382,Engineering change addressing: intermittent sensor reading failure under load,implemented,2026-05-21
EC-00149,QI-01517,Engineering change addressing: material hardness below specification,proposed,2026-06-15
EC-00150,QI-09955,Engineering change addressing: material hardness below specification,approved,2026-06-19
EC-00151,QI-10367,Engineering change addressing: surface finish outside specification,implemented,2026-03-21
EC-00152,QI-07071,Engineering change addressing: fastener torque inconsistency observed on assembly line,proposed,2026-05-11
EC-00153,QI-04574,Engineering change addressing: fastener torque inconsistency observed on assembly line,implemented,2026-02-24
EC-00154,QI-05501,Engineering change addressing: material hardness below specification,proposed,2026-05-25
EC-00155,QI-00850,Engineering change addressing: material hardness below specification,approved,2026-02-08
EC-00156,QI-06421,Engineering change addressing: seal leakage detected during pressure test,in_progress,2026-06-21
EC-00157,QI-03256,Engineering change addressing: material hardness below specification,approved,2026-08-11
EC-00158,QI-05908,Engineering change addressing: material hardness below specification,implemented,2026-05-28
EC-00159,QI-00729,Engineering change addressing: seal leakage detected during pressure test,implemented,2026-04-12
EC-00160,QI-00551,Engineering change addressing: seal leakage detected during pressure test,implemented,2026-05-13
EC-00161,QI-06906,Engineering change addressing: fastener torque inconsistency observed on assembly line,approved,2026-08-16
EC-00162,QI-02313,Engineering change addressing: fastener torque inconsistency observed on assembly line,proposed,2026-07-13
EC-00163,QI-07319,Engineering change addressing: fastener torque inconsistency observed on assembly line,proposed,2026-01-17
EC-00164,QI-05651,Engineering change addressing: intermittent sensor reading failure under load,proposed,2026-02-15
EC-00165,QI-06996,Engineering change addressing: intermittent sensor reading failure under load,implemented,2026-06-11
EC-00166,QI-00760,Engineering change addressing: material hardness below specification,implemented,2026-05-13
EC-00167,QI-10135,Engineering change addressing: dimensional deviation detected during incoming inspection,proposed,2026-04-13
EC-00168,QI-01798,Engineering change addressing: seal leakage detected during pressure test,approved,2026-07-23
EC-00169,QI-10032,Engineering change addressing: surface finish outside specification,proposed,2026-06-22
EC-00170,QI-11004,Engineering change addressing: surface finish outside specification,approved,2026-05-24
EC-00171,QI-10960,Engineering change addressing: fastener torque inconsistency observed on assembly line,proposed,2026-02-25
EC-00172,QI-05224,Engineering change addressing: fastener torque inconsistency observed on assembly line,implemented,2026-06-28
EC-00173,QI-04745,Engineering change addressing: surface finish outside specification,proposed,2026-08-05
EC-00174,QI-06502,Engineering change addressing: dimensional deviation detected during incoming inspection,proposed,2026-03-26
EC-00175,QI-09433,Engineering change addressing: material hardness below specification,approved,2026-02-04
EC-00176,QI-03032,Engineering change addressing: dimensional deviation detected during incoming inspection,proposed,2026-07-16
EC-00177,QI-02275,Engineering change addressing: intermittent sensor reading failure under load,implemented,2026-03-12
EC-00178,QI-04576,Engineering change addressing: intermittent sensor reading failure under load,in_progress,2026-03-19
EC-00179,QI-00726,Engineering change addressing: material hardness below specification,approved,2026-08-28
EC-00180,QI-01414,Engineering change addressing: fastener torque inconsistency observed on assembly line,approved,2026-07-18
EC-00181,QI-08568,Engineering change addressing: material hardness below specification,approved,2026-05-18
EC-00182,QI-10111,Engineering change addressing: fastener torque inconsistency observed on assembly line,approved,2026-02-27
EC-00183,QI-01586,Engineering change addressing: seal leakage detected during pressure test,implemented,2026-07-27
EC-00184,QI-03342,Engineering change addressing: dimensional deviation detected during incoming inspection,approved,2026-06-09
EC-00185,QI-04519,Engineering change addressing: intermittent sensor reading failure under load,proposed,2026-05-24
EC-00186,QI-07728,Engineering change addressing: dimensional deviation detected during incoming inspection,in_progress,2026-05-24
EC-00187,QI-05856,Engineering change addressing: material hardness below specification,proposed,2026-03-12
EC-00188,QI-06355,Engineering change addressing: dimensional deviation detected during incoming inspection,implemented,2026-06-12
EC-00189,QI-05683,Engineering change addressing: intermittent sensor reading failure under load,in_progress,2026-04-15
EC-00190,QI-01741,Engineering change addressing: dimensional deviation detected during incoming inspection,proposed,2026-08-16
EC-00191,QI-09525,Engineering change addressing: surface finish outside specification,proposed,2026-06-01
EC-00192,QI-05803,Engineering change addressing: fastener torque inconsistency observed on assembly line,implemented,2026-03-11
EC-00193,QI-10907,Engineering change addressing: dimensional deviation detected during incoming inspection,proposed,2026-02-14
EC-00194,QI-09312,Engineering change addressing: material hardness below specification,approved,2026-08-04
EC-00195,QI-02075,Engineering change addressing: material hardness below specification,in_progress,2026-05-22
EC-00196,QI-08382,Engineering change addressing: seal leakage detected during pressure test,proposed,2026-04-09
EC-00197,QI-01805,Engineering change addressing: intermittent sensor reading failure under load,implemented,2026-02-11
EC-00198,QI-10729,Engineering change addressing: intermittent sensor reading failure under load,implemented,2026-01-18
EC-00199,QI-03101,Engineering change addressing: material hardness below specification,proposed,2026-01-01
EC-00200,QI-08321,Engineering change addressing: material hardness below specification,approved,2026-01-24
EC-00201,QI-08177,Engineering change addressing: surface finish outside specification,implemented,2026-01-06
EC-00202,QI-02871,Engineering change addressing: seal leakage detected during pressure test,approved,2026-08-19
EC-00203,QI-02482,Engineering change addressing: intermittent sensor reading failure under load,implemented,2026-05-10
EC-00204,QI-06973,Engineering change addressing: surface finish outside specification,implemented,2026-02-07
EC-00205,QI-08614,Engineering change addressing: seal leakage detected during pressure test,in_progress,2026-04-20
EC-00206,QI-09011,Engineering change addressing: material hardness below specification,in_progress,2026-07-20
EC-00207,QI-00609,Engineering change addressing: dimensional deviation detected during incoming inspection,approved,2026-01-10
EC-00208,QI-04342,Engineering change addressing: material hardness below specification,approved,2026-01-19
EC-00209,QI-09364,Engineering change addressing: seal leakage detected during pressure test,in_progress,2026-01-27
EC-00210,QI-00462,Engineering change addressing: seal leakage detected during pressure test,implemented,2026-07-06
EC-00211,QI-01689,Engineering change addressing: seal leakage detected during pressure test,proposed,2026-08-03
EC-00212,QI-10282,Engineering change addressing: fastener torque inconsistency observed on assembly line,proposed,2026-05-19
EC-00213,QI-07816,Engineering change addressing: material hardness below specification,proposed,2026-05-06
EC-00214,QI-03590,Engineering change addressing: material hardness below specification,implemented,2026-01-22
EC-00215,QI-08465,Engineering change addressing: dimensional deviation detected during incoming inspection,approved,2026-04-21
EC-00216,QI-10688,Engineering change addressing: intermittent sensor reading failure under load,in_progress,2026-03-01
EC-00217,QI-11081,Engineering change addressing: intermittent sensor reading failure under load,approved,2026-03-24
EC-00218,QI-10299,Engineering change addressing: surface finish outside specification,in_progress,2026-04-04
EC-00219,QI-01111,Engineering change addressing: surface finish outside specification,in_progress,2026-07-07
EC-00220,QI-03236,Engineering change addressing: dimensional deviation detected during incoming inspection,in_progress,2026-06-06
EC-00221,QI-06338,Engineering change addressing: surface finish outside specification,proposed,2026-08-20
EC-00222,QI-03138,Engineering change addressing: fastener torque inconsistency observed on assembly line,approved,2026-06-24
EC-00223,QI-02390,Engineering change addressing: fastener torque inconsistency observed on assembly line,in_progress,2026-05-18
EC-00224,QI-03041,Engineering change addressing: fastener torque inconsistency observed on assembly line,proposed,2026-05-10
EC-00225,QI-01178,Engineering change addressing: fastener torque inconsistency observed on assembly line,in_progress,2026-01-05
EC-00226,QI-06287,Engineering change addressing: surface finish outside specification,proposed,2026-07-02
EC-00227,QI-02273,Engineering change addressing: intermittent sensor reading failure under load,implemented,2026-04-14
EC-00228,QI-01959,Engineering change addressing: seal leakage detected during pressure test,in_progress,2026-04-06
EC-00229,QI-04100,Engineering change addressing: material hardness below specification,approved,2026-04-06
EC-00230,QI-06352,Engineering change addressing: dimensional deviation detected during incoming inspection,implemented,2026-04-07
EC-00231,QI-04954,Engineering change addressing: dimensional deviation detected during incoming inspection,implemented,2026-01-03
EC-00232,QI-04830,Engineering change addressing: fastener torque inconsistency observed on assembly line,in_progress,2026-03-16
EC-00233,QI-11651,Engineering change addressing: intermittent sensor reading failure under load,approved,2026-05-10
EC-00234,QI-02868,Engineering change addressing: material hardness below specification,proposed,2026-04-12
EC-00235,QI-10560,Engineering change addressing: seal leakage detected during pressure test,in_progress,2026-04-16
EC-00236,QI-09759,Engineering change addressing: material hardness below specification,in_progress,2026-06-14
EC-00237,QI-10671,Engineering change addressing: seal leakage detected during pressure test,approved,2026-03-24
EC-00238,QI-02789,Engineering change addressing: seal leakage detected during pressure test,in_progress,2026-06-26
EC-00239,QI-02099,Engineering change addressing: dimensional deviation detected during incoming inspection,in_progress,2026-01-06
EC-00240,QI-11726,Engineering change addressing: dimensional deviation detected during incoming inspection,in_progress,2026-06-15
EC-00241,QI-09392,Engineering change addressing: material hardness below specification,implemented,2026-08-14
EC-00242,QI-06395,Engineering change addressing: material hardness below specification,implemented,2026-07-23
EC-00243,QI-01815,Engineering change addressing: material hardness below specification,approved,2026-08-27
EC-00244,QI-01690,Engineering change addressing: fastener torque inconsistency observed on assembly line,proposed,2026-02-07
EC-00245,QI-05199,Engineering change addressing: surface finish outside specification,implemented,2026-01-26
EC-00246,QI-10165,Engineering change addressing: surface finish outside specification,in_progress,2026-01-28
EC-00247,QI-08051,Engineering change addressing: seal leakage detected during pressure test,approved,2026-01-15
EC-00248,QI-02157,Engineering change addressing: dimensional deviation detected during incoming inspection,implemented,2026-05-18
EC-00249,QI-10541,Engineering change addressing: seal leakage detected during pressure test,proposed,2026-05-04
EC-00250,QI-06514,Engineering change addressing: material hardness below specification,implemented,2026-04-07
EC-00251,QI-00295,Engineering change addressing: surface finish outside specification,approved,2026-06-21
EC-00252,QI-04215,Engineering change addressing: material hardness below specification,in_progress,2026-03-23
EC-00253,QI-06516,Engineering change addressing: surface finish outside specification,approved,2026-04-03
EC-00254,QI-06347,Engineering change addressing: surface finish outside specification,in_progress,2026-08-01
EC-00255,QI-06311,Engineering change addressing: dimensional deviation detected during incoming inspection,in_progress,2026-03-25
EC-00256,QI-04158,Engineering change addressing: seal leakage detected during pressure test,implemented,2026-02-18
EC-00257,QI-06894,Engineering change addressing: intermittent sensor reading failure under load,approved,2026-01-21
EC-00258,QI-00772,Engineering change addressing: surface finish outside specification,approved,2026-03-03
EC-00259,QI-09569,Engineering change addressing: fastener torque inconsistency observed on assembly line,proposed,2026-06-17
EC-00260,QI-08864,Engineering change addressing: seal leakage detected during pressure test,proposed,2026-05-09
EC-00261,QI-00701,Engineering change addressing: fastener torque inconsistency observed on assembly line,implemented,2026-01-21
EC-00262,QI-02403,Engineering change addressing: fastener torque inconsistency observed on assembly line,in_progress,2026-04-01
EC-00263,QI-07422,Engineering change addressing: material hardness below specification,implemented,2026-04-26
EC-00264,QI-03288,Engineering change addressing: material hardness below specification,approved,2026-02-10
EC-00265,QI-05717,Engineering change addressing: dimensional deviation detected during incoming inspection,approved,2026-05-21
EC-00266,QI-03425,Engineering change addressing: dimensional deviation detected during incoming inspection,proposed,2026-01-03
EC-00267,QI-07880,Engineering change addressing: fastener torque inconsistency observed on assembly line,in_progress,2026-04-05
EC-00268,QI-06004,Engineering change addressing: seal leakage detected during pressure test,in_progress,2026-07-05
EC-00269,QI-11707,Engineering change addressing: surface finish outside specification,in_progress,2026-08-21
EC-00270,QI-08480,Engineering change addressing: fastener torque inconsistency observed on assembly line,proposed,2026-01-19
EC-00271,QI-03416,Engineering change addressing: intermittent sensor reading failure under load,implemented,2026-03-01
EC-00272,QI-03081,Engineering change addressing: dimensional deviation detected during incoming inspection,in_progress,2026-03-25
EC-00273,QI-03493,Engineering change addressing: dimensional deviation detected during incoming inspection,implemented,2026-07-03
EC-00274,QI-08378,Engineering change addressing: surface finish outside specification,approved,2026-07-17
EC-00275,QI-03083,Engineering change addressing: intermittent sensor reading failure under load,approved,2026-02-25
EC-00276,QI-00657,Engineering change addressing: dimensional deviation detected during incoming inspection,proposed,2026-05-07
EC-00277,QI-03520,Engineering change addressing: seal leakage detected during pressure test,in_progress,2026-04-11
EC-00278,QI-10100,Engineering change addressing: dimensional deviation detected during incoming inspection,in_progress,2026-06-17
EC-00279,QI-08191,Engineering change addressing: fastener torque inconsistency observed on assembly line,implemented,2026-07-18
EC-00280,QI-01545,Engineering change addressing: fastener torque inconsistency observed on assembly line,proposed,2026-06-19
EC-00281,QI-06775,Engineering change addressing: surface finish outside specification,implemented,2026-08-18
EC-00282,QI-03929,Engineering change addressing: seal leakage detected during pressure test,in_progress,2026-01-05
EC-00283,QI-07869,Engineering change addressing: dimensional deviation detected during incoming inspection,in_progress,2026-03-23
EC-00284,QI-07121,Engineering change addressing: intermittent sensor reading failure under load,implemented,2026-05-08
EC-00285,QI-04741,Engineering change addressing: surface finish outside specification,approved,2026-06-05
EC-00286,QI-07637,Engineering change addressing: fastener torque inconsistency observed on assembly line,in_progress,2026-03-24
EC-00287,QI-05881,Engineering change addressing: surface finish outside specification,approved,2026-06-01
EC-00288,QI-10537,Engineering change addressing: fastener torque inconsistency observed on assembly line,approved,2026-03-11
EC-00289,QI-05101,Engineering change addressing: dimensional deviation detected during incoming inspection,in_progress,2026-02-05
EC-00290,QI-06534,Engineering change addressing: surface finish outside specification,proposed,2026-06-26
EC-00291,QI-04434,Engineering change addressing: material hardness below specification,proposed,2026-07-24
EC-00292,QI-05091,Engineering change addressing: intermittent sensor reading failure under load,proposed,2026-03-12
EC-00293,QI-01638,Engineering change addressing: surface finish outside specification,in_progress,2026-07-05
EC-00294,QI-03935,Engineering change addressing: material hardness below specification,approved,2026-01-14
EC-00295,QI-10190,Engineering change addressing: fastener torque inconsistency observed on assembly line,implemented,2026-08-26
EC-00296,QI-02066,Engineering change addressing: dimensional deviation detected during incoming inspection,implemented,2026-01-23
EC-00297,QI-11415,Engineering change addressing: material hardness below specification,in_progress,2026-08-01
EC-00298,QI-01906,Engineering change addressing: dimensional deviation detected during incoming inspection,implemented,2026-08-09
EC-00299,QI-06430,Engineering change addressing: dimensional deviation detected during incoming inspection,in_progress,2026-02-21
EC-00300,QI-10995,Engineering change addressing: dimensional deviation detected during incoming inspection,implemented,2026-07-15
EC-00301,QI-07299,Engineering change addressing: surface finish outside specification,approved,2026-05-27
EC-00302,QI-08072,Engineering change addressing: intermittent sensor reading failure under load,approved,2026-05-13
EC-00303,QI-11736,Engineering change addressing: dimensional deviation detected during incoming inspection,implemented,2026-06-19
EC-00304,QI-11847,Engineering change addressing: material hardness below specification,implemented,2026-03-01
EC-00305,QI-06717,Engineering change addressing: intermittent sensor reading failure under load,proposed,2026-02-06
EC-00306,QI-06334,Engineering change addressing: surface finish outside specification,implemented,2026-04-14
EC-00307,QI-10077,Engineering change addressing: fastener torque inconsistency observed on assembly line,in_progress,2026-07-21
EC-00308,QI-11053,Engineering change addressing: seal leakage detected during pressure test,approved,2026-06-14
EC-00309,QI-00854,Engineering change addressing: material hardness below specification,in_progress,2026-01-21
EC-00310,QI-11777,Engineering change addressing: material hardness below specification,approved,2026-07-15
EC-00311,QI-02899,Engineering change addressing: intermittent sensor reading failure under load,in_progress,2026-06-19
EC-00312,QI-11134,Engineering change addressing: dimensional deviation detected during incoming inspection,implemented,2026-03-25
EC-00313,QI-07353,Engineering change addressing: surface finish outside specification,in_progress,2026-03-12
EC-00314,QI-11096,Engineering change addressing: surface finish outside specification,proposed,2026-02-20
EC-00315,QI-02550,Engineering change addressing: intermittent sensor reading failure under load,approved,2026-07-02
EC-00316,QI-00653,Engineering change addressing: fastener torque inconsistency observed on assembly line,in_progress,2026-08-23
EC-00317,QI-10877,Engineering change addressing: fastener torque inconsistency observed on assembly line,proposed,2026-02-23
EC-00318,QI-00116,Engineering change addressing: material hardness below specification,in_progress,2026-01-22
EC-00319,QI-03937,Engineering change addressing: surface finish outside specification,implemented,2026-06-21
EC-00320,QI-01023,Engineering change addressing: fastener torque inconsistency observed on assembly line,approved,2026-02-06
EC-00321,QI-06703,Engineering change addressing: material hardness below specification,proposed,2026-02-12
EC-00322,QI-08789,Engineering change addressing: surface finish outside specification,approved,2026-07-19
EC-00323,QI-01609,Engineering change addressing: material hardness below specification,proposed,2026-05-17
EC-00324,QI-06508,Engineering change addressing: material hardness below specification,approved,2026-08-27
EC-00325,QI-01538,Engineering change addressing: intermittent sensor reading failure under load,approved,2026-08-23
EC-00326,QI-08190,Engineering change addressing: intermittent sensor reading failure under load,approved,2026-05-04
EC-00327,QI-01693,Engineering change addressing: seal leakage detected during pressure test,proposed,2026-02-02
EC-00328,QI-05438,Engineering change addressing: material hardness below specification,in_progress,2026-01-05
EC-00329,QI-01247,Engineering change addressing: dimensional deviation detected during incoming inspection,approved,2026-01-18
EC-00330,QI-06814,Engineering change addressing: material hardness below specification,implemented,2026-03-08
EC-00331,QI-06696,Engineering change addressing: dimensional deviation detected during incoming inspection,approved,2026-06-06
EC-00332,QI-03636,Engineering change addressing: seal leakage detected during pressure test,implemented,2026-03-26
EC-00333,QI-11811,Engineering change addressing: seal leakage detected during pressure test,proposed,2026-01-24
EC-00334,QI-06177,Engineering change addressing: intermittent sensor reading failure under load,approved,2026-06-16
EC-00335,QI-05227,Engineering change addressing: dimensional deviation detected during incoming inspection,approved,2026-02-08
EC-00336,QI-07981,Engineering change addressing: dimensional deviation detected during incoming inspection,in_progress,2026-03-24
EC-00337,QI-05945,Engineering change addressing: material hardness below specification,in_progress,2026-04-22
EC-00338,QI-00249,Engineering change addressing: intermittent sensor reading failure under load,approved,2026-03-27
EC-00339,QI-06753,Engineering change addressing: intermittent sensor reading failure under load,approved,2026-06-24
EC-00340,QI-06044,Engineering change addressing: dimensional deviation detected during incoming inspection,implemented,2026-01-14
EC-00341,QI-01820,Engineering change addressing: seal leakage detected during pressure test,proposed,2026-04-18
EC-00342,QI-07346,Engineering change addressing: dimensional deviation detected during incoming inspection,implemented,2026-05-07
EC-00343,QI-05796,Engineering change addressing: seal leakage detected during pressure test,in_progress,2026-01-17
EC-00344,QI-05096,Engineering change addressing: fastener torque inconsistency observed on assembly line,in_progress,2026-03-19
EC-00345,QI-04467,Engineering change addressing: seal leakage detected during pressure test,in_progress,2026-02-17
EC-00346,QI-11999,Engineering change addressing: intermittent sensor reading failure under load,in_progress,2026-05-16
EC-00347,QI-08973,Engineering change addressing: fastener torque inconsistency observed on assembly line,implemented,2026-02-25
EC-00348,QI-03743,Engineering change addressing: fastener torque inconsistency observed on assembly line,approved,2026-08-07
EC-00349,QI-04522,Engineering change addressing: fastener torque inconsistency observed on assembly line,proposed,2026-01-08
EC-00350,QI-01985,Engineering change addressing: surface finish outside specification,in_progress,2026-03-21
EC-00351,QI-05266,Engineering change addressing: intermittent sensor reading failure under load,implemented,2026-03-09
EC-00352,QI-01616,Engineering change addressing: seal leakage detected during pressure test,approved,2026-06-14
EC-00353,QI-06720,Engineering change addressing: seal leakage detected during pressure test,proposed,2026-06-27
EC-00354,QI-02881,Engineering change addressing: seal leakage detected during pressure test,proposed,2026-08-13
EC-00355,QI-04758,Engineering change addressing: surface finish outside specification,in_progress,2026-05-08
EC-00356,QI-00966,Engineering change addressing: surface finish outside specification,implemented,2026-05-02
EC-00357,QI-06772,Engineering change addressing: dimensional deviation detected during incoming inspection,in_progress,2026-07-19
EC-00358,QI-03235,Engineering change addressing: seal leakage detected during pressure test,approved,2026-03-24
EC-00359,QI-10827,Engineering change addressing: seal leakage detected during pressure test,approved,2026-04-02
EC-00360,QI-04694,Engineering change addressing: fastener torque inconsistency observed on assembly line,in_progress,2026-07-27
EC-00361,QI-03732,Engineering change addressing: intermittent sensor reading failure under load,approved,2026-01-12
EC-00362,QI-09835,Engineering change addressing: material hardness below specification,implemented,2026-06-08
EC-00363,QI-09917,Engineering change addressing: surface finish outside specification,implemented,2026-03-13
EC-00364,QI-09536,Engineering change addressing: intermittent sensor reading failure under load,approved,2026-04-02
EC-00365,QI-03587,Engineering change addressing: material hardness below specification,proposed,2026-08-03
EC-00366,QI-01650,Engineering change addressing: fastener torque inconsistency observed on assembly line,implemented,2026-02-07
EC-00367,QI-08902,Engineering change addressing: dimensional deviation detected during incoming inspection,proposed,2026-08-08
EC-00368,QI-05112,Engineering change addressing: intermittent sensor reading failure under load,implemented,2026-05-19
EC-00369,QI-00952,Engineering change addressing: material hardness below specification,approved,2026-08-08
EC-00370,QI-06375,Engineering change addressing: fastener torque inconsistency observed on assembly line,approved,2026-04-23
EC-00371,QI-05158,Engineering change addressing: fastener torque inconsistency observed on assembly line,proposed,2026-01-12
EC-00372,QI-04507,Engineering change addressing: surface finish outside specification,in_progress,2026-06-25
EC-00373,QI-06487,Engineering change addressing: seal leakage detected during pressure test,in_progress,2026-01-05
EC-00374,QI-07571,Engineering change addressing: material hardness below specification,in_progress,2026-08-24
EC-00375,QI-08533,Engineering change addressing: fastener torque inconsistency observed on assembly line,proposed,2026-03-19
EC-00376,QI-04641,Engineering change addressing: dimensional deviation detected during incoming inspection,approved,2026-08-27
EC-00377,QI-07644,Engineering change addressing: dimensional deviation detected during incoming inspection,proposed,2026-05-24
EC-00378,QI-04235,Engineering change addressing: intermittent sensor reading failure under load,in_progress,2026-06-07
EC-00379,QI-04955,Engineering change addressing: intermittent sensor reading failure under load,approved,2026-02-12
EC-00380,QI-09579,Engineering change addressing: fastener torque inconsistency observed on assembly line,proposed,2026-04-25
EC-00381,QI-09846,Engineering change addressing: intermittent sensor reading failure under load,implemented,2026-03-16
EC-00382,QI-08265,Engineering change addressing: intermittent sensor reading failure under load,in_progress,2026-08-26
EC-00383,QI-10861,Engineering change addressing: fastener torque inconsistency observed on assembly line,proposed,2026-03-20
EC-00384,QI-06314,Engineering change addressing: intermittent sensor reading failure under load,approved,2026-05-18
EC-00385,QI-04093,Engineering change addressing: material hardness below specification,approved,2026-01-16
EC-00386,QI-09256,Engineering change addressing: material hardness below specification,implemented,2026-02-04
EC-00387,QI-01068,Engineering change addressing: intermittent sensor reading failure under load,proposed,2026-07-17
EC-00388,QI-05713,Engineering change addressing: material hardness below specification,in_progress,2026-08-28
EC-00389,QI-00868,Engineering change addressing: material hardness below specification,approved,2026-06-14
EC-00390,QI-11572,Engineering change addressing: fastener torque inconsistency observed on assembly line,in_progress,2026-03-23
EC-00391,QI-06827,Engineering change addressing: fastener torque inconsistency observed on assembly line,implemented,2026-04-11
EC-00392,QI-09771,Engineering change addressing: fastener torque inconsistency observed on assembly line,proposed,2026-02-09
EC-00393,QI-01054,Engineering change addressing: surface finish outside specification,proposed,2026-07-20
EC-00394,QI-06319,Engineering change addressing: dimensional deviation detected during incoming inspection,approved,2026-08-17
EC-00395,QI-04790,Engineering change addressing: intermittent sensor reading failure under load,implemented,2026-03-12
EC-00396,QI-01773,Engineering change addressing: intermittent sensor reading failure under load,approved,2026-02-16
EC-00397,QI-04996,Engineering change addressing: seal leakage detected during pressure test,implemented,2026-05-16
EC-00398,QI-06819,Engineering change addressing: dimensional deviation detected during incoming inspection,proposed,2026-08-01
EC-00399,QI-00409,Engineering change addressing: fastener torque inconsistency observed on assembly line,implemented,2026-01-27
EC-00400,QI-00879,Engineering change addressing: intermittent sensor reading failure under load,implemented,2026-08-22
EC-00401,QI-04138,Engineering change addressing: intermittent sensor reading failure under load,in_progress,2026-06-18
EC-00402,QI-11745,Engineering change addressing: fastener torque inconsistency observed on assembly line,implemented,2026-05-03
EC-00403,QI-06471,Engineering change addressing: intermittent sensor reading failure under load,in_progress,2026-02-02
EC-00404,QI-03267,Engineering change addressing: dimensional deviation detected during incoming inspection,implemented,2026-07-22
EC-00405,QI-02236,Engineering change addressing: material hardness below specification,in_progress,2026-05-11
EC-00406,QI-08213,Engineering change addressing: material hardness below specification,approved,2026-03-04
EC-00407,QI-01645,Engineering change addressing: seal leakage detected during pressure test,proposed,2026-08-07
EC-00408,QI-03392,Engineering change addressing: material hardness below specification,proposed,2026-07-27
EC-00409,QI-07058,Engineering change addressing: fastener torque inconsistency observed on assembly line,proposed,2026-07-12
EC-00410,QI-07046,Engineering change addressing: intermittent sensor reading failure under load,in_progress,2026-05-25
EC-00411,QI-09167,Engineering change addressing: surface finish outside specification,proposed,2026-08-04
EC-00412,QI-04980,Engineering change addressing: intermittent sensor reading failure under load,implemented,2026-05-26
EC-00413,QI-02185,Engineering change addressing: material hardness below specification,proposed,2026-06-08
EC-00414,QI-05487,Engineering change addressing: material hardness below specification,in_progress,2026-04-16
EC-00415,QI-03034,Engineering change addressing: dimensional deviation detected during incoming inspection,proposed,2026-01-23
EC-00416,QI-02843,Engineering change addressing: seal leakage detected during pressure test,approved,2026-07-01
EC-00417,QI-01475,Engineering change addressing: dimensional deviation detected during incoming inspection,implemented,2026-07-10
EC-00418,QI-07609,Engineering change addressing: surface finish outside specification,in_progress,2026-03-01
EC-00419,QI-10144,Engineering change addressing: dimensional deviation detected during incoming inspection,implemented,2026-06-21
EC-00420,QI-04858,Engineering change addressing: seal leakage detected during pressure test,proposed,2026-01-09
EC-00421,QI-04323,Engineering change addressing: seal leakage detected during pressure test,proposed,2026-05-26
EC-00422,QI-06062,Engineering change addressing: material hardness below specification,approved,2026-06-20
EC-00423,QI-08842,Engineering change addressing: surface finish outside specification,in_progress,2026-08-08
EC-00424,QI-07814,Engineering change addressing: intermittent sensor reading failure under load,implemented,2026-03-17
EC-00425,QI-04817,Engineering change addressing: seal leakage detected during pressure test,proposed,2026-06-19
EC-00426,QI-01412,Engineering change addressing: surface finish outside specification,in_progress,2026-05-26
EC-00427,QI-06585,Engineering change addressing: material hardness below specification,implemented,2026-01-02
EC-00428,QI-08269,Engineering change addressing: surface finish outside specification,approved,2026-04-21
EC-00429,QI-00100,Engineering change addressing: seal leakage detected during pressure test,implemented,2026-05-25
EC-00430,QI-09210,Engineering change addressing: fastener torque inconsistency observed on assembly line,implemented,2026-05-25
EC-00431,QI-06857,Engineering change addressing: seal leakage detected during pressure test,implemented,2026-03-08
EC-00432,QI-10185,Engineering change addressing: fastener torque inconsistency observed on assembly line,implemented,2026-03-10
EC-00433,QI-02730,Engineering change addressing: seal leakage detected during pressure test,proposed,2026-06-05
EC-00434,QI-06255,Engineering change addressing: fastener torque inconsistency observed on assembly line,in_progress,2026-06-03
EC-00435,QI-02237,Engineering change addressing: material hardness below specification,proposed,2026-05-07
EC-00436,QI-01608,Engineering change addressing: dimensional deviation detected during incoming inspection,implemented,2026-05-27
EC-00437,QI-02880,Engineering change addressing: fastener torque inconsistency observed on assembly line,implemented,2026-06-23
EC-00438,QI-08293,Engineering change addressing: material hardness below specification,implemented,2026-05-27
EC-00439,QI-08876,Engineering change addressing: material hardness below specification,implemented,2026-08-28
EC-00440,QI-02694,Engineering change addressing: material hardness below specification,proposed,2026-03-07
EC-00441,QI-10374,Engineering change addressing: intermittent sensor reading failure under load,approved,2026-05-27
EC-00442,QI-03976,Engineering change addressing: seal leakage detected during pressure test,proposed,2026-06-11
EC-00443,QI-08026,Engineering change addressing: material hardness below specification,proposed,2026-06-10
EC-00444,QI-03927,Engineering change addressing: material hardness below specification,proposed,2026-02-23
EC-00445,QI-01787,Engineering change addressing: seal leakage detected during pressure test,in_progress,2026-05-03
EC-00446,QI-10224,Engineering change addressing: intermittent sensor reading failure under load,approved,2026-02-10
EC-00447,QI-01991,Engineering change addressing: intermittent sensor reading failure under load,in_progress,2026-07-05
EC-00448,QI-04081,Engineering change addressing: intermittent sensor reading failure under load,in_progress,2026-07-25
EC-00449,QI-08594,Engineering change addressing: dimensional deviation detected during incoming inspection,approved,2026-02-08
EC-00450,QI-00815,Engineering change addressing: material hardness below specification,proposed,2026-08-15
EC-00451,QI-05290,Engineering change addressing: dimensional deviation detected during incoming inspection,in_progress,2026-04-09
EC-00452,QI-10449,Engineering change addressing: seal leakage detected during pressure test,implemented,2026-04-04
EC-00453,QI-09228,Engineering change addressing: fastener torque inconsistency observed on assembly line,approved,2026-01-10
EC-00454,QI-08959,Engineering change addressing: material hardness below specification,approved,2026-07-23
EC-00455,QI-08858,Engineering change addressing: intermittent sensor reading failure under load,in_progress,2026-02-27
EC-00456,QI-06719,Engineering change addressing: material hardness below specification,implemented,2026-01-14
EC-00457,QI-11997,Engineering change addressing: surface finish outside specification,in_progress,2026-01-28
EC-00458,QI-10148,Engineering change addressing: fastener torque inconsistency observed on assembly line,proposed,2026-04-28
EC-00459,QI-06480,Engineering change addressing: intermittent sensor reading failure under load,implemented,2026-08-11
EC-00460,QI-06901,Engineering change addressing: fastener torque inconsistency observed on assembly line,proposed,2026-03-24
EC-00461,QI-11035,Engineering change addressing: material hardness below specification,proposed,2026-04-25
EC-00462,QI-01777,Engineering change addressing: surface finish outside specification,approved,2026-07-08
EC-00463,QI-03890,Engineering change addressing: fastener torque inconsistency observed on assembly line,implemented,2026-02-17
EC-00464,QI-02109,Engineering change addressing: seal leakage detected during pressure test,implemented,2026-05-01
EC-00465,QI-02742,Engineering change addressing: dimensional deviation detected during incoming inspection,approved,2026-08-12
EC-00466,QI-07905,Engineering change addressing: dimensional deviation detected during incoming inspection,implemented,2026-06-24
EC-00467,QI-02816,Engineering change addressing: seal leakage detected during pressure test,proposed,2026-04-19
EC-00468,QI-04387,Engineering change addressing: material hardness below specification,in_progress,2026-04-24
EC-00469,QI-06650,Engineering change addressing: material hardness below specification,implemented,2026-03-14
EC-00470,QI-08407,Engineering change addressing: material hardness below specification,approved,2026-08-03
EC-00471,QI-02643,Engineering change addressing: surface finish outside specification,in_progress,2026-03-13
EC-00472,QI-04438,Engineering change addressing: material hardness below specification,in_progress,2026-05-01
EC-00473,QI-08129,Engineering change addressing: dimensional deviation detected during incoming inspection,implemented,2026-03-23
EC-00474,QI-08500,Engineering change addressing: dimensional deviation detected during incoming inspection,in_progress,2026-04-23
EC-00475,QI-04023,Engineering change addressing: intermittent sensor reading failure under load,approved,2026-06-26
EC-00476,QI-07759,Engineering change addressing: intermittent sensor reading failure under load,approved,2026-07-10
EC-00477,QI-04609,Engineering change addressing: intermittent sensor reading failure under load,proposed,2026-05-27
EC-00478,QI-09902,Engineering change addressing: intermittent sensor reading failure under load,in_progress,2026-06-26
EC-00479,QI-02396,Engineering change addressing: fastener torque inconsistency observed on assembly line,in_progress,2026-05-15
EC-00480,QI-02540,Engineering change addressing: surface finish outside specification,implemented,2026-05-22
EC-00481,QI-10947,Engineering change addressing: seal leakage detected during pressure test,proposed,2026-04-14
EC-00482,QI-06361,Engineering change addressing: seal leakage detected during pressure test,proposed,2026-03-12
EC-00483,QI-02879,Engineering change addressing: surface finish outside specification,approved,2026-05-15
EC-00484,QI-07173,Engineering change addressing: material hardness below specification,proposed,2026-08-17
EC-00485,QI-06721,Engineering change addressing: seal leakage detected during pressure test,implemented,2026-05-02
EC-00486,QI-05031,Engineering change addressing: dimensional deviation detected during incoming inspection,implemented,2026-02-04
EC-00487,QI-02942,Engineering change addressing: dimensional deviation detected during incoming inspection,in_progress,2026-03-07
EC-00488,QI-01381,Engineering change addressing: seal leakage detected during pressure test,proposed,2026-03-15
EC-00489,QI-06261,Engineering change addressing: seal leakage detected during pressure test,approved,2026-01-15
EC-00490,QI-03849,Engineering change addressing: material hardness below specification,proposed,2026-01-20
EC-00491,QI-05605,Engineering change addressing: surface finish outside specification,implemented,2026-08-20
EC-00492,QI-03085,Engineering change addressing: seal leakage detected during pressure test,proposed,2026-01-23
EC-00493,QI-07979,Engineering change addressing: fastener torque inconsistency observed on assembly line,in_progress,2026-06-16
EC-00494,QI-04042,Engineering change addressing: intermittent sensor reading failure under load,implemented,2026-02-26
EC-00495,QI-08370,Engineering change addressing: intermittent sensor reading failure under load,approved,2026-03-09
EC-00496,QI-02287,Engineering change addressing: seal leakage detected during pressure test,in_progress,2026-06-08
EC-00497,QI-04329,Engineering change addressing: dimensional deviation detected during incoming inspection,implemented,2026-04-26
EC-00498,QI-10753,Engineering change addressing: intermittent sensor reading failure under load,in_progress,2026-02-16
EC-00499,QI-04950,Engineering change addressing: surface finish outside specification,proposed,2026-01-10
EC-00500,QI-04424,Engineering change addressing: intermittent sensor reading failure under load,in_progress,2026-01-28
EC-00501,QI-03166,Engineering change addressing: intermittent sensor reading failure under load,proposed,2026-03-27
EC-00502,QI-04751,Engineering change addressing: intermittent sensor reading failure under load,in_progress,2026-06-17
EC-00503,QI-07743,Engineering change addressing: seal leakage detected during pressure test,approved,2026-06-12
EC-00504,QI-01125,Engineering change addressing: seal leakage detected during pressure test,implemented,2026-04-11
EC-00505,QI-02272,Engineering change addressing: surface finish outside specification,implemented,2026-07-07
EC-00506,QI-00578,Engineering change addressing: intermittent sensor reading failure under load,in_progress,2026-06-21
EC-00507,QI-01511,Engineering change addressing: fastener torque inconsistency observed on assembly line,implemented,2026-04-09
EC-00508,QI-07723,Engineering change addressing: dimensional deviation detected during incoming inspection,implemented,2026-01-10
EC-00509,QI-03858,Engineering change addressing: material hardness below specification,proposed,2026-02-26
EC-00510,QI-07177,Engineering change addressing: dimensional deviation detected during incoming inspection,in_progress,2026-01-12
EC-00511,QI-08119,Engineering change addressing: intermittent sensor reading failure under load,approved,2026-02-27
EC-00512,QI-02914,Engineering change addressing: intermittent sensor reading failure under load,proposed,2026-04-06
EC-00513,QI-06491,Engineering change addressing: seal leakage detected during pressure test,implemented,2026-08-26
EC-00514,QI-07311,Engineering change addressing: dimensional deviation detected during incoming inspection,approved,2026-08-18
EC-00515,QI-01226,Engineering change addressing: material hardness below specification,implemented,2026-06-01
EC-00516,QI-11532,Engineering change addressing: seal leakage detected during pressure test,proposed,2026-08-14
EC-00517,QI-05281,Engineering change addressing: material hardness below specification,implemented,2026-07-05
EC-00518,QI-04000,Engineering change addressing: dimensional deviation detected during incoming inspection,in_progress,2026-05-23
EC-00519,QI-10219,Engineering change addressing: material hardness below specification,proposed,2026-05-08
EC-00520,QI-08515,Engineering change addressing: intermittent sensor reading failure under load,in_progress,2026-03-17
EC-00521,QI-05891,Engineering change addressing: intermittent sensor reading failure under load,in_progress,2026-04-25
EC-00522,QI-01140,Engineering change addressing: dimensional deviation detected during incoming inspection,approved,2026-08-18
EC-00523,QI-09357,Engineering change addressing: seal leakage detected during pressure test,implemented,2026-05-23
EC-00524,QI-05254,Engineering change addressing: material hardness below specification,in_progress,2026-06-01
EC-00525,QI-00776,Engineering change addressing: dimensional deviation detected during incoming inspection,implemented,2026-05-15
EC-00526,QI-11090,Engineering change addressing: seal leakage detected during pressure test,in_progress,2026-01-03
EC-00527,QI-01303,Engineering change addressing: dimensional deviation detected during incoming inspection,implemented,2026-07-05
EC-00528,QI-02459,Engineering change addressing: fastener torque inconsistency observed on assembly line,in_progress,2026-07-18
EC-00529,QI-02996,Engineering change addressing: seal leakage detected during pressure test,in_progress,2026-07-21
EC-00530,QI-09684,Engineering change addressing: fastener torque inconsistency observed on assembly line,implemented,2026-06-02
EC-00531,QI-09381,Engineering change addressing: surface finish outside specification,proposed,2026-04-12
EC-00532,QI-02005,Engineering change addressing: fastener torque inconsistency observed on assembly line,approved,2026-01-04
EC-00533,QI-03434,Engineering change addressing: material hardness below specification,in_progress,2026-03-11
EC-00534,QI-09695,Engineering change addressing: surface finish outside specification,approved,2026-01-14
EC-00535,QI-01732,Engineering change addressing: dimensional deviation detected during incoming inspection,implemented,2026-04-05
EC-00536,QI-06392,Engineering change addressing: intermittent sensor reading failure under load,in_progress,2026-08-21
EC-00537,QI-09200,Engineering change addressing: dimensional deviation detected during incoming inspection,proposed,2026-01-03
EC-00538,QI-10368,Engineering change addressing: surface finish outside specification,proposed,2026-02-11
EC-00539,QI-01910,Engineering change addressing: seal leakage detected during pressure test,proposed,2026-05-06
EC-00540,QI-05539,Engineering change addressing: fastener torque inconsistency observed on assembly line,approved,2026-08-15
EC-00541,QI-05854,Engineering change addressing: fastener torque inconsistency observed on assembly line,in_progress,2026-02-18
EC-00542,QI-06727,Engineering change addressing: intermittent sensor reading failure under load,proposed,2026-02-08
EC-00543,QI-06176,Engineering change addressing: intermittent sensor reading failure under load,proposed,2026-02-01
EC-00544,QI-02167,Engineering change addressing: dimensional deviation detected during incoming inspection,approved,2026-03-17
EC-00545,QI-10999,Engineering change addressing: material hardness below specification,proposed,2026-08-09
EC-00546,QI-09786,Engineering change addressing: intermittent sensor reading failure under load,implemented,2026-06-15
EC-00547,QI-06820,Engineering change addressing: dimensional deviation detected during incoming inspection,in_progress,2026-01-18
EC-00548,QI-00244,Engineering change addressing: intermittent sensor reading failure under load,approved,2026-04-05
EC-00549,QI-03413,Engineering change addressing: dimensional deviation detected during incoming inspection,implemented,2026-01-04
EC-00550,QI-01132,Engineering change addressing: material hardness below specification,implemented,2026-05-26
EC-00551,QI-06305,Engineering change addressing: material hardness below specification,proposed,2026-07-09
EC-00552,QI-07103,Engineering change addressing: intermittent sensor reading failure under load,approved,2026-07-05
EC-00553,QI-07084,Engineering change addressing: surface finish outside specification,proposed,2026-02-12
EC-00554,QI-10572,Engineering change addressing: seal leakage detected during pressure test,proposed,2026-02-27
EC-00555,QI-08217,Engineering change addressing: material hardness below specification,in_progress,2026-02-24
EC-00556,QI-00900,Engineering change addressing: fastener torque inconsistency observed on assembly line,approved,2026-01-22
EC-00557,QI-00627,Engineering change addressing: dimensional deviation detected during incoming inspection,approved,2026-07-28
EC-00558,QI-03029,Engineering change addressing: seal leakage detected during pressure test,in_progress,2026-04-06
EC-00559,QI-00531,Engineering change addressing: intermittent sensor reading failure under load,approved,2026-06-13
EC-00560,QI-04234,Engineering change addressing: surface finish outside specification,approved,2026-01-06
EC-00561,QI-01406,Engineering change addressing: material hardness below specification,in_progress,2026-02-23
EC-00562,QI-01117,Engineering change addressing: intermittent sensor reading failure under load,implemented,2026-07-02
EC-00563,QI-10003,Engineering change addressing: fastener torque inconsistency observed on assembly line,in_progress,2026-08-11
EC-00564,QI-02815,Engineering change addressing: dimensional deviation detected during incoming inspection,proposed,2026-03-08
EC-00565,QI-04032,Engineering change addressing: material hardness below specification,proposed,2026-04-18
EC-00566,QI-09644,Engineering change addressing: dimensional deviation detected during incoming inspection,implemented,2026-08-20
EC-00567,QI-10009,Engineering change addressing: material hardness below specification,proposed,2026-02-07
EC-00568,QI-11604,Engineering change addressing: surface finish outside specification,implemented,2026-01-16
EC-00569,QI-07511,Engineering change addressing: material hardness below specification,approved,2026-03-21
EC-00570,QI-09766,Engineering change addressing: seal leakage detected during pressure test,proposed,2026-03-03
EC-00571,QI-06838,Engineering change addressing: seal leakage detected during pressure test,proposed,2026-08-13
EC-00572,QI-04718,Engineering change addressing: intermittent sensor reading failure under load,proposed,2026-01-25
EC-00573,QI-04499,Engineering change addressing: surface finish outside specification,approved,2026-06-24
EC-00574,QI-06456,Engineering change addressing: dimensional deviation detected during incoming inspection,approved,2026-05-01
EC-00575,QI-01064,Engineering change addressing: surface finish outside specification,implemented,2026-06-04
EC-00576,QI-04382,Engineering change addressing: seal leakage detected during pressure test,approved,2026-02-27
EC-00577,QI-07302,Engineering change addressing: surface finish outside specification,in_progress,2026-08-26
EC-00578,QI-05584,Engineering change addressing: fastener torque inconsistency observed on assembly line,implemented,2026-01-19
EC-00579,QI-11983,Engineering change addressing: surface finish outside specification,in_progress,2026-06-13
EC-00580,QI-02008,Engineering change addressing: dimensional deviation detected during incoming inspection,in_progress,2026-05-11
EC-00581,QI-05291,Engineering change addressing: seal leakage detected during pressure test,approved,2026-04-10
EC-00582,QI-11165,Engineering change addressing: material hardness below specification,implemented,2026-02-08
EC-00583,QI-10139,Engineering change addressing: material hardness below specification,implemented,2026-04-27
EC-00584,QI-11711,Engineering change addressing: fastener torque inconsistency observed on assembly line,proposed,2026-07-17
EC-00585,QI-11868,Engineering change addressing: fastener torque inconsistency observed on assembly line,approved,2026-02-23
EC-00586,QI-00422,Engineering change addressing: fastener torque inconsistency observed on assembly line,implemented,2026-01-03
EC-00587,QI-02178,Engineering change addressing: seal leakage detected during pressure test,implemented,2026-03-17
EC-00588,QI-11712,Engineering change addressing: material hardness below specification,implemented,2026-06-20
EC-00589,QI-04987,Engineering change addressing: intermittent sensor reading failure under load,in_progress,2026-08-26
EC-00590,QI-01164,Engineering change addressing: surface finish outside specification,in_progress,2026-05-11
EC-00591,QI-02241,Engineering change addressing: dimensional deviation detected during incoming inspection,approved,2026-08-26
EC-00592,QI-06235,Engineering change addressing: fastener torque inconsistency observed on assembly line,implemented,2026-04-15
EC-00593,QI-01572,Engineering change addressing: material hardness below specification,proposed,2026-04-16
EC-00594,QI-08408,Engineering change addressing: intermittent sensor reading failure under load,in_progress,2026-03-13
EC-00595,QI-02021,Engineering change addressing: dimensional deviation detected during incoming inspection,implemented,2026-01-16
EC-00596,QI-02809,Engineering change addressing: surface finish outside specification,in_progress,2026-03-02
EC-00597,QI-09836,Engineering change addressing: material hardness below specification,proposed,2026-07-27
EC-00598,QI-09321,Engineering change addressing: intermittent sensor reading failure under load,in_progress,2026-07-03
EC-00599,QI-06773,Engineering change addressing: surface finish outside specification,in_progress,2026-01-04
EC-00600,QI-04511,Engineering change addressing: dimensional deviation detected during incoming inspection,in_progress,2026-04-26
EC-00601,QI-02019,Engineering change addressing: seal leakage detected during pressure test,in_progress,2026-05-11
EC-00602,QI-04857,Engineering change addressing: seal leakage detected during pressure test,implemented,2026-04-28
EC-00603,QI-10754,Engineering change addressing: material hardness below specification,implemented,2026-07-27
EC-00604,QI-02101,Engineering change addressing: fastener torque inconsistency observed on assembly line,implemented,2026-08-05
EC-00605,QI-07418,Engineering change addressing: material hardness below specification,approved,2026-02-06
EC-00606,QI-04009,Engineering change addressing: dimensional deviation detected during incoming inspection,approved,2026-01-05
EC-00607,QI-04293,Engineering change addressing: intermittent sensor reading failure under load,implemented,2026-07-28
EC-00608,QI-02312,Engineering change addressing: material hardness below specification,implemented,2026-02-20
EC-00609,QI-04194,Engineering change addressing: fastener torque inconsistency observed on assembly line,proposed,2026-05-12
EC-00610,QI-05015,Engineering change addressing: seal leakage detected during pressure test,implemented,2026-02-07
EC-00611,QI-08364,Engineering change addressing: seal leakage detected during pressure test,approved,2026-08-21
EC-00612,QI-01719,Engineering change addressing: material hardness below specification,implemented,2026-01-17
EC-00613,QI-11181,Engineering change addressing: dimensional deviation detected during incoming inspection,approved,2026-08-25
EC-00614,QI-00702,Engineering change addressing: surface finish outside specification,implemented,2026-06-05
EC-00615,QI-10175,Engineering change addressing: seal leakage detected during pressure test,in_progress,2026-02-05
EC-00616,QI-08042,Engineering change addressing: intermittent sensor reading failure under load,implemented,2026-03-07
EC-00617,QI-04504,Engineering change addressing: intermittent sensor reading failure under load,approved,2026-01-20
EC-00618,QI-06019,Engineering change addressing: material hardness below specification,implemented,2026-07-11
EC-00619,QI-08649,Engineering change addressing: intermittent sensor reading failure under load,proposed,2026-02-02
EC-00620,QI-03272,Engineering change addressing: material hardness below specification,in_progress,2026-08-02
EC-00621,QI-08558,Engineering change addressing: seal leakage detected during pressure test,proposed,2026-01-23
EC-00622,QI-04246,Engineering change addressing: surface finish outside specification,implemented,2026-02-19
EC-00623,QI-00897,Engineering change addressing: dimensional deviation detected during incoming inspection,in_progress,2026-07-19
EC-00624,QI-05815,Engineering change addressing: seal leakage detected during pressure test,approved,2026-05-20
EC-00625,QI-10298,Engineering change addressing: intermittent sensor reading failure under load,in_progress,2026-08-03
EC-00626,QI-05845,Engineering change addressing: seal leakage detected during pressure test,implemented,2026-01-10
EC-00627,QI-00495,Engineering change addressing: dimensional deviation detected during incoming inspection,in_progress,2026-02-21
EC-00628,QI-03641,Engineering change addressing: fastener torque inconsistency observed on assembly line,in_progress,2026-02-16
EC-00629,QI-05133,Engineering change addressing: fastener torque inconsistency observed on assembly line,proposed,2026-07-01
EC-00630,QI-04052,Engineering change addressing: material hardness below specification,in_progress,2026-02-03
EC-00631,QI-04736,Engineering change addressing: intermittent sensor reading failure under load,proposed,2026-01-16
EC-00632,QI-09918,Engineering change addressing: seal leakage detected during pressure test,implemented,2026-03-02
EC-00633,QI-08859,Engineering change addressing: fastener torque inconsistency observed on assembly line,in_progress,2026-04-10
EC-00634,QI-03556,Engineering change addressing: dimensional deviation detected during incoming inspection,proposed,2026-05-08
EC-00635,QI-05775,Engineering change addressing: fastener torque inconsistency observed on assembly line,approved,2026-04-09
EC-00636,QI-04193,Engineering change addressing: material hardness below specification,approved,2026-06-11
EC-00637,QI-11554,Engineering change addressing: surface finish outside specification,approved,2026-02-12
EC-00638,QI-09887,Engineering change addressing: dimensional deviation detected during incoming inspection,implemented,2026-05-02
EC-00639,QI-07247,Engineering change addressing: intermittent sensor reading failure under load,proposed,2026-03-15
EC-00640,QI-05828,Engineering change addressing: material hardness below specification,proposed,2026-05-07
EC-00641,QI-02969,Engineering change addressing: intermittent sensor reading failure under load,implemented,2026-04-15
EC-00642,QI-04754,Engineering change addressing: surface finish outside specification,implemented,2026-04-18
EC-00643,QI-05393,Engineering change addressing: fastener torque inconsistency observed on assembly line,implemented,2026-04-13
EC-00644,QI-08590,Engineering change addressing: intermittent sensor reading failure under load,in_progress,2026-04-14
EC-00645,QI-04931,Engineering change addressing: intermittent sensor reading failure under load,in_progress,2026-03-28
EC-00646,QI-07920,Engineering change addressing: fastener torque inconsistency observed on assembly line,implemented,2026-06-27
EC-00647,QI-09194,Engineering change addressing: fastener torque inconsistency observed on assembly line,implemented,2026-01-09
EC-00648,QI-09814,Engineering change addressing: fastener torque inconsistency observed on assembly line,in_progress,2026-07-26
EC-00649,QI-11162,Engineering change addressing: material hardness below specification,in_progress,2026-06-24
EC-00650,QI-02937,Engineering change addressing: dimensional deviation detected during incoming inspection,in_progress,2026-03-17
EC-00651,QI-05464,Engineering change addressing: intermittent sensor reading failure under load,implemented,2026-07-08
EC-00652,QI-08039,Engineering change addressing: surface finish outside specification,approved,2026-08-26
EC-00653,QI-04043,Engineering change addressing: seal leakage detected during pressure test,in_progress,2026-06-17
EC-00654,QI-01525,Engineering change addressing: intermittent sensor reading failure under load,proposed,2026-01-08
EC-00655,QI-04433,Engineering change addressing: dimensional deviation detected during incoming inspection,implemented,2026-04-19
EC-00656,QI-06385,Engineering change addressing: intermittent sensor reading failure under load,approved,2026-03-23
EC-00657,QI-00696,Engineering change addressing: seal leakage detected during pressure test,approved,2026-01-25
EC-00658,QI-08800,Engineering change addressing: surface finish outside specification,proposed,2026-02-10
EC-00659,QI-06246,Engineering change addressing: material hardness below specification,proposed,2026-06-26
EC-00660,QI-00108,Engineering change addressing: dimensional deviation detected during incoming inspection,in_progress,2026-03-27
EC-00661,QI-06784,Engineering change addressing: intermittent sensor reading failure under load,proposed,2026-06-12
EC-00662,QI-10233,Engineering change addressing: dimensional deviation detected during incoming inspection,proposed,2026-03-05
EC-00663,QI-03724,Engineering change addressing: fastener torque inconsistency observed on assembly line,implemented,2026-03-23
EC-00664,QI-08283,Engineering change addressing: intermittent sensor reading failure under load,proposed,2026-04-11
EC-00665,QI-10434,Engineering change addressing: material hardness below specification,proposed,2026-07-06
EC-00666,QI-04543,Engineering change addressing: surface finish outside specification,implemented,2026-02-11
EC-00667,QI-06077,Engineering change addressing: intermittent sensor reading failure under load,proposed,2026-04-21
EC-00668,QI-00323,Engineering change addressing: surface finish outside specification,in_progress,2026-03-08
EC-00669,QI-11750,Engineering change addressing: seal leakage detected during pressure test,in_progress,2026-05-15
EC-00670,QI-04701,Engineering change addressing: material hardness below specification,proposed,2026-02-07
EC-00671,QI-02358,Engineering change addressing: fastener torque inconsistency observed on assembly line,proposed,2026-02-16
EC-00672,QI-08621,Engineering change addressing: seal leakage detected during pressure test,approved,2026-03-08
EC-00673,QI-04018,Engineering change addressing: dimensional deviation detected during incoming inspection,proposed,2026-02-27
EC-00674,QI-02626,Engineering change addressing: intermittent sensor reading failure under load,implemented,2026-07-18
EC-00675,QI-00613,Engineering change addressing: intermittent sensor reading failure under load,implemented,2026-07-28
EC-00676,QI-00223,Engineering change addressing: seal leakage detected during pressure test,approved,2026-07-20
EC-00677,QI-02051,Engineering change addressing: seal leakage detected during pressure test,in_progress,2026-03-23
EC-00678,QI-01373,Engineering change addressing: fastener torque inconsistency observed on assembly line,in_progress,2026-08-08
EC-00679,QI-08220,Engineering change addressing: fastener torque inconsistency observed on assembly line,proposed,2026-06-05
EC-00680,QI-00029,Engineering change addressing: dimensional deviation detected during incoming inspection,proposed,2026-06-01
EC-00681,QI-10287,Engineering change addressing: fastener torque inconsistency observed on assembly line,in_progress,2026-01-18
EC-00682,QI-09865,Engineering change addressing: dimensional deviation detected during incoming inspection,in_progress,2026-05-27
EC-00683,QI-00885,Engineering change addressing: seal leakage detected during pressure test,in_progress,2026-08-03
EC-00684,QI-05663,Engineering change addressing: intermittent sensor reading failure under load,approved,2026-03-11
EC-00685,QI-01467,Engineering change addressing: seal leakage detected during pressure test,implemented,2026-05-27
EC-00686,QI-05504,Engineering change addressing: material hardness below specification,proposed,2026-02-12
EC-00687,QI-11735,Engineering change addressing: surface finish outside specification,proposed,2026-08-17
EC-00688,QI-11704,Engineering change addressing: intermittent sensor reading failure under load,implemented,2026-07-11
EC-00689,QI-01311,Engineering change addressing: fastener torque inconsistency observed on assembly line,approved,2026-07-12
EC-00690,QI-10644,Engineering change addressing: seal leakage detected during pressure test,in_progress,2026-03-05
EC-00691,QI-07181,Engineering change addressing: material hardness below specification,in_progress,2026-08-24
EC-00692,QI-08189,Engineering change addressing: surface finish outside specification,in_progress,2026-05-25
EC-00693,QI-05368,Engineering change addressing: intermittent sensor reading failure under load,approved,2026-07-14
EC-00694,QI-07636,Engineering change addressing: seal leakage detected during pressure test,implemented,2026-03-02
EC-00695,QI-10538,Engineering change addressing: material hardness below specification,proposed,2026-08-27
EC-00696,QI-08837,Engineering change addressing: fastener torque inconsistency observed on assembly line,approved,2026-04-08
EC-00697,QI-09667,Engineering change addressing: dimensional deviation detected during incoming inspection,in_progress,2026-02-20
EC-00698,QI-02345,Engineering change addressing: surface finish outside specification,approved,2026-08-09
EC-00699,QI-06669,Engineering change addressing: surface finish outside specification,in_progress,2026-05-25
EC-00700,QI-01921,Engineering change addressing: material hardness below specification,in_progress,2026-06-28
EC-00701,QI-04005,Engineering change addressing: intermittent sensor reading failure under load,proposed,2026-03-02
EC-00702,QI-07888,Engineering change addressing: seal leakage detected during pressure test,in_progress,2026-08-27
EC-00703,QI-10778,Engineering change addressing: fastener torque inconsistency observed on assembly line,implemented,2026-02-21
EC-00704,QI-07708,Engineering change addressing: surface finish outside specification,implemented,2026-02-20
EC-00705,QI-11903,Engineering change addressing: intermittent sensor reading failure under load,in_progress,2026-04-13
EC-00706,QI-10153,Engineering change addressing: fastener torque inconsistency observed on assembly line,approved,2026-06-16
EC-00707,QI-07336,Engineering change addressing: surface finish outside specification,approved,2026-02-20
EC-00708,QI-03859,Engineering change addressing: intermittent sensor reading failure under load,implemented,2026-03-25
EC-00709,QI-09820,Engineering change addressing: material hardness below specification,proposed,2026-06-13
EC-00710,QI-02414,Engineering change addressing: dimensional deviation detected during incoming inspection,in_progress,2026-05-19
EC-00711,QI-11649,Engineering change addressing: intermittent sensor reading failure under load,approved,2026-04-14
EC-00712,QI-08380,Engineering change addressing: intermittent sensor reading failure under load,approved,2026-07-13
EC-00713,QI-00353,Engineering change addressing: fastener torque inconsistency observed on assembly line,proposed,2026-04-12
EC-00714,QI-00117,Engineering change addressing: fastener torque inconsistency observed on assembly line,proposed,2026-08-07
EC-00715,QI-09647,Engineering change addressing: dimensional deviation detected during incoming inspection,implemented,2026-06-14
EC-00716,QI-09129,Engineering change addressing: intermittent sensor reading failure under load,implemented,2026-02-19
EC-00717,QI-03255,Engineering change addressing: seal leakage detected during pressure test,implemented,2026-07-10
EC-00718,QI-01293,Engineering change addressing: fastener torque inconsistency observed on assembly line,approved,2026-04-24
EC-00719,QI-11122,Engineering change addressing: surface finish outside specification,in_progress,2026-01-18
EC-00720,QI-03805,Engineering change addressing: material hardness below specification,implemented,2026-05-07
EC-00721,QI-02791,Engineering change addressing: dimensional deviation detected during incoming inspection,implemented,2026-04-14
EC-00722,QI-00607,Engineering change addressing: dimensional deviation detected during incoming inspection,in_progress,2026-03-19
EC-00723,QI-09326,Engineering change addressing: intermittent sensor reading failure under load,in_progress,2026-04-18
EC-00724,QI-09276,Engineering change addressing: intermittent sensor reading failure under load,in_progress,2026-08-19
EC-00725,QI-01579,Engineering change addressing: fastener torque inconsistency observed on assembly line,proposed,2026-07-23
EC-00726,QI-09646,Engineering change addressing: material hardness below specification,approved,2026-08-07
EC-00727,QI-08419,Engineering change addressing: seal leakage detected during pressure test,in_progress,2026-07-10
EC-00728,QI-02952,Engineering change addressing: material hardness below specification,in_progress,2026-06-03
EC-00729,QI-02363,Engineering change addressing: surface finish outside specification,implemented,2026-03-07
EC-00730,QI-01010,Engineering change addressing: material hardness below specification,approved,2026-07-24
EC-00731,QI-10969,Engineering change addressing: fastener torque inconsistency observed on assembly line,approved,2026-05-22
EC-00732,QI-08355,Engineering change addressing: dimensional deviation detected during incoming inspection,approved,2026-03-04
EC-00733,QI-02191,Engineering change addressing: surface finish outside specification,approved,2026-03-11
EC-00734,QI-07322,Engineering change addressing: material hardness below specification,approved,2026-07-02
EC-00735,QI-02525,Engineering change addressing: seal leakage detected during pressure test,in_progress,2026-08-18
EC-00736,QI-06881,Engineering change addressing: fastener torque inconsistency observed on assembly line,proposed,2026-07-26
EC-00737,QI-06862,Engineering change addressing: surface finish outside specification,proposed,2026-03-07
EC-00738,QI-11198,Engineering change addressing: surface finish outside specification,proposed,2026-04-24
EC-00739,QI-10731,Engineering change addressing: fastener torque inconsistency observed on assembly line,proposed,2026-03-27
EC-00740,QI-08047,Engineering change addressing: surface finish outside specification,proposed,2026-08-03
EC-00741,QI-09269,Engineering change addressing: seal leakage detected during pressure test,proposed,2026-07-18
EC-00742,QI-07419,Engineering change addressing: fastener torque inconsistency observed on assembly line,approved,2026-02-01
EC-00743,QI-06670,Engineering change addressing: dimensional deviation detected during incoming inspection,approved,2026-04-07
EC-00744,QI-03229,Engineering change addressing: dimensional deviation detected during incoming inspection,approved,2026-01-08
EC-00745,QI-10760,Engineering change addressing: fastener torque inconsistency observed on assembly line,in_progress,2026-08-10
EC-00746,QI-05483,Engineering change addressing: intermittent sensor reading failure under load,in_progress,2026-03-22
EC-00747,QI-07781,Engineering change addressing: surface finish outside specification,implemented,2026-02-22
EC-00748,QI-11256,Engineering change addressing: surface finish outside specification,approved,2026-08-27
EC-00749,QI-00177,Engineering change addressing: intermittent sensor reading failure under load,implemented,2026-06-26
EC-00750,QI-09722,Engineering change addressing: dimensional deviation detected during incoming inspection,approved,2026-02-11
EC-00751,QI-09825,Engineering change addressing: material hardness below specification,proposed,2026-03-16
EC-00752,QI-08010,Engineering change addressing: surface finish outside specification,implemented,2026-01-25
EC-00753,QI-10405,Engineering change addressing: seal leakage detected during pressure test,in_progress,2026-05-15
EC-00754,QI-05083,Engineering change addressing: material hardness below specification,in_progress,2026-05-03
EC-00755,QI-11543,Engineering change addressing: intermittent sensor reading failure under load,proposed,2026-02-03
EC-00756,QI-06955,Engineering change addressing: material hardness below specification,in_progress,2026-05-22
EC-00757,QI-09031,Engineering change addressing: seal leakage detected during pressure test,proposed,2026-07-23
EC-00758,QI-01833,Engineering change addressing: dimensional deviation detected during incoming inspection,in_progress,2026-03-11
EC-00759,QI-11669,Engineering change addressing: intermittent sensor reading failure under load,in_progress,2026-08-27
EC-00760,QI-08996,Engineering change addressing: material hardness below specification,approved,2026-02-04
EC-00761,QI-07228,Engineering change addressing: dimensional deviation detected during incoming inspection,in_progress,2026-07-16
EC-00762,QI-04063,Engineering change addressing: fastener torque inconsistency observed on assembly line,approved,2026-05-01
EC-00763,QI-08175,Engineering change addressing: seal leakage detected during pressure test,implemented,2026-06-12
EC-00764,QI-00600,Engineering change addressing: dimensional deviation detected during incoming inspection,implemented,2026-04-11
EC-00765,QI-09925,Engineering change addressing: fastener torque inconsistency observed on assembly line,implemented,2026-05-09
EC-00766,QI-05229,Engineering change addressing: seal leakage detected during pressure test,approved,2026-04-07
EC-00767,QI-04313,Engineering change addressing: intermittent sensor reading failure under load,proposed,2026-07-21
EC-00768,QI-01039,Engineering change addressing: material hardness below specification,proposed,2026-06-18
EC-00769,QI-01704,Engineering change addressing: intermittent sensor reading failure under load,implemented,2026-02-17
EC-00770,QI-04902,Engineering change addressing: fastener torque inconsistency observed on assembly line,implemented,2026-02-03
EC-00771,QI-06927,Engineering change addressing: fastener torque inconsistency observed on assembly line,implemented,2026-02-14
EC-00772,QI-02001,Engineering change addressing: material hardness below specification,proposed,2026-08-13
EC-00773,QI-11593,Engineering change addressing: surface finish outside specification,proposed,2026-05-01
EC-00774,QI-03403,Engineering change addressing: seal leakage detected during pressure test,in_progress,2026-07-06
EC-00775,QI-07214,Engineering change addressing: material hardness below specification,proposed,2026-01-22
EC-00776,QI-10113,Engineering change addressing: surface finish outside specification,in_progress,2026-05-09
EC-00777,QI-00048,Engineering change addressing: material hardness below specification,proposed,2026-06-28
EC-00778,QI-05778,Engineering change addressing: dimensional deviation detected during incoming inspection,in_progress,2026-04-13
EC-00779,QI-00388,Engineering change addressing: surface finish outside specification,approved,2026-05-15
EC-00780,QI-11948,Engineering change addressing: fastener torque inconsistency observed on assembly line,proposed,2026-06-06
EC-00781,QI-06442,Engineering change addressing: seal leakage detected during pressure test,implemented,2026-06-14
EC-00782,QI-01736,Engineering change addressing: dimensional deviation detected during incoming inspection,proposed,2026-05-02
EC-00783,QI-02471,Engineering change addressing: intermittent sensor reading failure under load,implemented,2026-01-19
EC-00784,QI-06166,Engineering change addressing: intermittent sensor reading failure under load,proposed,2026-06-05
EC-00785,QI-04294,Engineering change addressing: fastener torque inconsistency observed on assembly line,implemented,2026-01-26
EC-00786,QI-01500,Engineering change addressing: fastener torque inconsistency observed on assembly line,in_progress,2026-04-19
EC-00787,QI-11333,Engineering change addressing: surface finish outside specification,implemented,2026-07-10
EC-00788,QI-00937,Engineering change addressing: material hardness below specification,proposed,2026-08-04
EC-00789,QI-06805,Engineering change addressing: material hardness below specification,implemented,2026-04-26
EC-00790,QI-05809,Engineering change addressing: surface finish outside specification,in_progress,2026-06-18
EC-00791,QI-01752,Engineering change addressing: seal leakage detected during pressure test,implemented,2026-05-16
EC-00792,QI-10617,Engineering change addressing: seal leakage detected during pressure test,approved,2026-05-03
EC-00793,QI-02298,Engineering change addressing: surface finish outside specification,implemented,2026-06-15
EC-00794,QI-06935,Engineering change addressing: seal leakage detected during pressure test,proposed,2026-01-14
EC-00795,QI-03015,Engineering change addressing: dimensional deviation detected during incoming inspection,in_progress,2026-07-17
EC-00796,QI-06254,Engineering change addressing: fastener torque inconsistency observed on assembly line,in_progress,2026-01-19
EC-00797,QI-04682,Engineering change addressing: surface finish outside specification,in_progress,2026-04-21
EC-00798,QI-09666,Engineering change addressing: intermittent sensor reading failure under load,implemented,2026-06-15
EC-00799,QI-04628,Engineering change addressing: seal leakage detected during pressure test,approved,2026-01-03
EC-00800,QI-10184,Engineering change addressing: fastener torque inconsistency observed on assembly line,in_progress,2026-05-05
EC-00801,QI-00246,Engineering change addressing: intermittent sensor reading failure under load,approved,2026-08-09
EC-00802,QI-05980,Engineering change addressing: material hardness below specification,approved,2026-06-17
EC-00803,QI-04401,Engineering change addressing: fastener torque inconsistency observed on assembly line,implemented,2026-04-17
EC-00804,QI-00747,Engineering change addressing: intermittent sensor reading failure under load,in_progress,2026-05-01
EC-00805,QI-01471,Engineering change addressing: intermittent sensor reading failure under load,proposed,2026-05-12
EC-00806,QI-06289,Engineering change addressing: dimensional deviation detected during incoming inspection,approved,2026-05-03
EC-00807,QI-06359,Engineering change addressing: dimensional deviation detected during incoming inspection,approved,2026-07-18
EC-00808,QI-11019,Engineering change addressing: seal leakage detected during pressure test,proposed,2026-07-09
EC-00809,QI-06671,Engineering change addressing: dimensional deviation detected during incoming inspection,implemented,2026-05-22
EC-00810,QI-10216,Engineering change addressing: dimensional deviation detected during incoming inspection,in_progress,2026-02-10
EC-00811,QI-00728,Engineering change addressing: seal leakage detected during pressure test,implemented,2026-08-09
EC-00812,QI-01346,Engineering change addressing: intermittent sensor reading failure under load,implemented,2026-08-21
EC-00813,QI-05150,Engineering change addressing: material hardness below specification,implemented,2026-08-03
EC-00814,QI-07687,Engineering change addressing: seal leakage detected during pressure test,in_progress,2026-04-22
EC-00815,QI-00999,Engineering change addressing: dimensional deviation detected during incoming inspection,proposed,2026-07-20
EC-00816,QI-08271,Engineering change addressing: material hardness below specification,implemented,2026-08-12
EC-00817,QI-01082,Engineering change addressing: seal leakage detected during pressure test,in_progress,2026-02-13
EC-00818,QI-04713,Engineering change addressing: dimensional deviation detected during incoming inspection,proposed,2026-04-23
EC-00819,QI-11931,Engineering change addressing: seal leakage detected during pressure test,implemented,2026-05-20
EC-00820,QI-06168,Engineering change addressing: material hardness below specification,implemented,2026-01-01
EC-00821,QI-10818,Engineering change addressing: dimensional deviation detected during incoming inspection,implemented,2026-07-03
EC-00822,QI-00125,Engineering change addressing: surface finish outside specification,implemented,2026-08-06
EC-00823,QI-08741,Engineering change addressing: seal leakage detected during pressure test,in_progress,2026-05-04
EC-00824,QI-06257,Engineering change addressing: seal leakage detected during pressure test,proposed,2026-06-14
EC-00825,QI-04845,Engineering change addressing: dimensional deviation detected during incoming inspection,implemented,2026-05-04
EC-00826,QI-07739,Engineering change addressing: dimensional deviation detected during incoming inspection,in_progress,2026-04-24
EC-00827,QI-01712,Engineering change addressing: dimensional deviation detected during incoming inspection,approved,2026-07-17
EC-00828,QI-11501,Engineering change addressing: fastener torque inconsistency observed on assembly line,proposed,2026-05-13
EC-00829,QI-04489,Engineering change addressing: seal leakage detected during pressure test,approved,2026-05-27
EC-00830,QI-01165,Engineering change addressing: seal leakage detected during pressure test,implemented,2026-03-17
EC-00831,QI-07752,Engineering change addressing: seal leakage detected during pressure test,proposed,2026-08-11
EC-00832,QI-08019,Engineering change addressing: seal leakage detected during pressure test,in_progress,2026-04-02
EC-00833,QI-06911,Engineering change addressing: seal leakage detected during pressure test,proposed,2026-05-19
EC-00834,QI-09800,Engineering change addressing: surface finish outside specification,implemented,2026-01-23
EC-00835,QI-05924,Engineering change addressing: dimensional deviation detected during incoming inspection,proposed,2026-01-19
EC-00836,QI-06210,Engineering change addressing: intermittent sensor reading failure under load,in_progress,2026-02-15
EC-00837,QI-04212,Engineering change addressing: fastener torque inconsistency observed on assembly line,proposed,2026-07-14
EC-00838,QI-05711,Engineering change addressing: intermittent sensor reading failure under load,approved,2026-01-10
EC-00839,QI-00837,Engineering change addressing: fastener torque inconsistency observed on assembly line,approved,2026-05-22
EC-00840,QI-00569,Engineering change addressing: dimensional deviation detected during incoming inspection,approved,2026-01-08
EC-00841,QI-04867,Engineering change addressing: dimensional deviation detected during incoming inspection,approved,2026-05-09
EC-00842,QI-10822,Engineering change addressing: material hardness below specification,proposed,2026-07-03
EC-00843,QI-09070,Engineering change addressing: material hardness below specification,implemented,2026-07-12
EC-00844,QI-05696,Engineering change addressing: material hardness below specification,implemented,2026-08-04
EC-00845,QI-08274,Engineering change addressing: material hardness below specification,proposed,2026-05-03
EC-00846,QI-08848,Engineering change addressing: dimensional deviation detected during incoming inspection,implemented,2026-03-24
EC-00847,QI-10220,Engineering change addressing: seal leakage detected during pressure test,implemented,2026-02-19
EC-00848,QI-11406,Engineering change addressing: seal leakage detected during pressure test,proposed,2026-06-13
EC-00849,QI-09532,Engineering change addressing: intermittent sensor reading failure under load,proposed,2026-07-18
EC-00850,QI-04461,Engineering change addressing: surface finish outside specification,proposed,2026-08-03
EC-00851,QI-03259,Engineering change addressing: material hardness below specification,implemented,2026-05-19
EC-00852,QI-03530,Engineering change addressing: material hardness below specification,implemented,2026-06-17
EC-00853,QI-08182,Engineering change addressing: surface finish outside specification,implemented,2026-02-23
EC-00854,QI-09777,Engineering change addressing: dimensional deviation detected during incoming inspection,approved,2026-06-20
EC-00855,QI-07405,Engineering change addressing: intermittent sensor reading failure under load,approved,2026-03-05
EC-00856,QI-03294,Engineering change addressing: dimensional deviation detected during incoming inspection,in_progress,2026-01-16
EC-00857,QI-05984,Engineering change addressing: surface finish outside specification,proposed,2026-01-03
EC-00858,QI-04007,Engineering change addressing: seal leakage detected during pressure test,approved,2026-01-26
EC-00859,QI-06622,Engineering change addressing: dimensional deviation detected during incoming inspection,implemented,2026-04-16
EC-00860,QI-03111,Engineering change addressing: material hardness below specification,implemented,2026-07-21
EC-00861,QI-06924,Engineering change addressing: dimensional deviation detected during incoming inspection,proposed,2026-03-18
EC-00862,QI-06582,Engineering change addressing: seal leakage detected during pressure test,proposed,2026-06-11
EC-00863,QI-07789,Engineering change addressing: dimensional deviation detected during incoming inspection,proposed,2026-05-07
EC-00864,QI-02613,Engineering change addressing: dimensional deviation detected during incoming inspection,approved,2026-01-28
EC-00865,QI-06755,Engineering change addressing: material hardness below specification,proposed,2026-04-06
EC-00866,QI-11437,Engineering change addressing: material hardness below specification,implemented,2026-01-26
EC-00867,QI-02986,Engineering change addressing: surface finish outside specification,implemented,2026-08-05
EC-00868,QI-10950,Engineering change addressing: fastener torque inconsistency observed on assembly line,proposed,2026-08-10
EC-00869,QI-11113,Engineering change addressing: seal leakage detected during pressure test,proposed,2026-01-25
EC-00870,QI-02800,Engineering change addressing: surface finish outside specification,approved,2026-03-10
EC-00871,QI-10324,Engineering change addressing: intermittent sensor reading failure under load,in_progress,2026-03-07
EC-00872,QI-03687,Engineering change addressing: material hardness below specification,proposed,2026-01-14
EC-00873,QI-00743,Engineering change addressing: intermittent sensor reading failure under load,proposed,2026-05-07
EC-00874,QI-05379,Engineering change addressing: material hardness below specification,implemented,2026-05-15
EC-00875,QI-05225,Engineering change addressing: intermittent sensor reading failure under load,proposed,2026-03-16
EC-00876,QI-07918,Engineering change addressing: material hardness below specification,implemented,2026-01-18
EC-00877,QI-01126,Engineering change addressing: dimensional deviation detected during incoming inspection,approved,2026-07-07
EC-00878,QI-03197,Engineering change addressing: fastener torque inconsistency observed on assembly line,proposed,2026-06-09
EC-00879,QI-05571,Engineering change addressing: seal leakage detected during pressure test,approved,2026-07-03
EC-00880,QI-06751,Engineering change addressing: fastener torque inconsistency observed on assembly line,proposed,2026-07-03
EC-00881,QI-11544,Engineering change addressing: seal leakage detected during pressure test,in_progress,2026-05-17
EC-00882,QI-02566,Engineering change addressing: dimensional deviation detected during incoming inspection,approved,2026-02-20
EC-00883,QI-03804,Engineering change addressing: fastener torque inconsistency observed on assembly line,implemented,2026-04-17
EC-00884,QI-00708,Engineering change addressing: seal leakage detected during pressure test,implemented,2026-07-17
EC-00885,QI-06037,Engineering change addressing: material hardness below specification,in_progress,2026-01-03
EC-00886,QI-10583,Engineering change addressing: dimensional deviation detected during incoming inspection,proposed,2026-01-14
EC-00887,QI-05573,Engineering change addressing: dimensional deviation detected during incoming inspection,proposed,2026-01-28
EC-00888,QI-09609,Engineering change addressing: dimensional deviation detected during incoming inspection,in_progress,2026-05-24
EC-00889,QI-06521,Engineering change addressing: surface finish outside specification,in_progress,2026-02-12
EC-00890,QI-08169,Engineering change addressing: seal leakage detected during pressure test,proposed,2026-06-25
EC-00891,QI-03866,Engineering change addressing: surface finish outside specification,approved,2026-03-01
EC-00892,QI-06095,Engineering change addressing: fastener torque inconsistency observed on assembly line,implemented,2026-05-22
EC-00893,QI-01019,Engineering change addressing: surface finish outside specification,approved,2026-02-22
EC-00894,QI-00992,Engineering change addressing: seal leakage detected during pressure test,approved,2026-05-01
EC-00895,QI-05120,Engineering change addressing: dimensional deviation detected during incoming inspection,proposed,2026-03-25
EC-00896,QI-11485,Engineering change addressing: surface finish outside specification,in_progress,2026-02-21
EC-00897,QI-06621,Engineering change addressing: surface finish outside specification,implemented,2026-04-08
EC-00898,QI-08676,Engineering change addressing: fastener torque inconsistency observed on assembly line,in_progress,2026-01-13
EC-00899,QI-06021,Engineering change addressing: seal leakage detected during pressure test,proposed,2026-04-21
EC-00900,QI-08521,Engineering change addressing: fastener torque inconsistency observed on assembly line,in_progress,2026-01-16
EC-00901,QI-02282,Engineering change addressing: dimensional deviation detected during incoming inspection,in_progress,2026-07-07
EC-00902,QI-03789,Engineering change addressing: dimensional deviation detected during incoming inspection,proposed,2026-06-18
EC-00903,QI-02344,Engineering change addressing: material hardness below specification,approved,2026-01-23
EC-00904,QI-06101,Engineering change addressing: dimensional deviation detected during incoming inspection,in_progress,2026-01-16
EC-00905,QI-03212,Engineering change addressing: surface finish outside specification,approved,2026-05-18
EC-00906,QI-11219,Engineering change addressing: fastener torque inconsistency observed on assembly line,approved,2026-04-15
EC-00907,QI-08735,Engineering change addressing: intermittent sensor reading failure under load,implemented,2026-07-10
EC-00908,QI-10210,Engineering change addressing: material hardness below specification,proposed,2026-08-05
EC-00909,QI-02985,Engineering change addressing: dimensional deviation detected during incoming inspection,implemented,2026-08-09
EC-00910,QI-08601,Engineering change addressing: seal leakage detected during pressure test,in_progress,2026-05-21
EC-00911,QI-03385,Engineering change addressing: intermittent sensor reading failure under load,proposed,2026-06-01
EC-00912,QI-00922,Engineering change addressing: intermittent sensor reading failure under load,approved,2026-03-08
EC-00913,QI-03304,Engineering change addressing: material hardness below specification,in_progress,2026-07-07
EC-00914,QI-02594,Engineering change addressing: dimensional deviation detected during incoming inspection,implemented,2026-06-17
EC-00915,QI-11027,Engineering change addressing: dimensional deviation detected during incoming inspection,implemented,2026-03-09
EC-00916,QI-00174,Engineering change addressing: dimensional deviation detected during incoming inspection,approved,2026-03-21
EC-00917,QI-01370,Engineering change addressing: surface finish outside specification,in_progress,2026-06-19
EC-00918,QI-05960,Engineering change addressing: material hardness below specification,approved,2026-06-26
EC-00919,QI-02389,Engineering change addressing: surface finish outside specification,approved,2026-05-23
EC-00920,QI-09905,Engineering change addressing: material hardness below specification,proposed,2026-05-25
EC-00921,QI-01745,Engineering change addressing: seal leakage detected during pressure test,proposed,2026-02-14
EC-00922,QI-05806,Engineering change addressing: dimensional deviation detected during incoming inspection,proposed,2026-03-01
EC-00923,QI-07266,Engineering change addressing: surface finish outside specification,approved,2026-06-16
EC-00924,QI-01790,Engineering change addressing: dimensional deviation detected during incoming inspection,approved,2026-01-17
EC-00925,QI-00795,Engineering change addressing: seal leakage detected during pressure test,in_progress,2026-06-26
EC-00926,QI-06653,Engineering change addressing: surface finish outside specification,approved,2026-04-16
EC-00927,QI-10523,Engineering change addressing: dimensional deviation detected during incoming inspection,proposed,2026-05-17
EC-00928,QI-05679,Engineering change addressing: dimensional deviation detected during incoming inspection,implemented,2026-06-26
EC-00929,QI-02633,Engineering change addressing: seal leakage detected during pressure test,approved,2026-01-26
EC-00930,QI-11819,Engineering change addressing: dimensional deviation detected during incoming inspection,approved,2026-01-24
EC-00931,QI-05508,Engineering change addressing: surface finish outside specification,approved,2026-02-28
EC-00932,QI-04153,Engineering change addressing: seal leakage detected during pressure test,proposed,2026-03-06
EC-00933,QI-05630,Engineering change addressing: material hardness below specification,approved,2026-08-10
EC-00934,QI-05928,Engineering change addressing: material hardness below specification,implemented,2026-01-28
EC-00935,QI-11863,Engineering change addressing: material hardness below specification,in_progress,2026-07-01
EC-00936,QI-00240,Engineering change addressing: seal leakage detected during pressure test,proposed,2026-07-20
EC-00937,QI-07125,Engineering change addressing: fastener torque inconsistency observed on assembly line,proposed,2026-05-27
EC-00938,QI-11706,Engineering change addressing: seal leakage detected during pressure test,proposed,2026-08-04
EC-00939,QI-08615,Engineering change addressing: material hardness below specification,implemented,2026-03-16
EC-00940,QI-03242,Engineering change addressing: surface finish outside specification,in_progress,2026-08-25
EC-00941,QI-03326,Engineering change addressing: dimensional deviation detected during incoming inspection,approved,2026-03-09
EC-00942,QI-04205,Engineering change addressing: surface finish outside specification,approved,2026-08-10
EC-00943,QI-04115,Engineering change addressing: intermittent sensor reading failure under load,approved,2026-02-15
EC-00944,QI-09642,Engineering change addressing: surface finish outside specification,in_progress,2026-03-11
EC-00945,QI-02177,Engineering change addressing: dimensional deviation detected during incoming inspection,approved,2026-07-15
EC-00946,QI-10607,Engineering change addressing: surface finish outside specification,approved,2026-04-26
EC-00947,QI-07836,Engineering change addressing: material hardness below specification,in_progress,2026-06-25
EC-00948,QI-05840,Engineering change addressing: intermittent sensor reading failure under load,approved,2026-05-17
EC-00949,QI-09696,Engineering change addressing: seal leakage detected during pressure test,proposed,2026-03-04
EC-00950,QI-10053,Engineering change addressing: material hardness below specification,implemented,2026-04-17
EC-00951,QI-10492,Engineering change addressing: intermittent sensor reading failure under load,implemented,2026-06-11
EC-00952,QI-03376,Engineering change addressing: intermittent sensor reading failure under load,approved,2026-07-15
EC-00953,QI-01680,Engineering change addressing: material hardness below specification,proposed,2026-01-06
EC-00954,QI-02777,Engineering change addressing: surface finish outside specification,proposed,2026-03-12
EC-00955,QI-07675,Engineering change addressing: surface finish outside specification,approved,2026-02-24
EC-00956,QI-03542,Engineering change addressing: fastener torque inconsistency observed on assembly line,implemented,2026-04-11
EC-00957,QI-01070,Engineering change addressing: dimensional deviation detected during incoming inspection,implemented,2026-02-23
EC-00958,QI-06344,Engineering change addressing: dimensional deviation detected during incoming inspection,proposed,2026-07-20
EC-00959,QI-06917,Engineering change addressing: material hardness below specification,approved,2026-04-25
EC-00960,QI-02496,Engineering change addressing: intermittent sensor reading failure under load,in_progress,2026-04-24
EC-00961,QI-03919,Engineering change addressing: surface finish outside specification,approved,2026-03-19
EC-00962,QI-02127,Engineering change addressing: fastener torque inconsistency observed on assembly line,proposed,2026-03-24
EC-00963,QI-06064,Engineering change addressing: material hardness below specification,in_progress,2026-06-04
EC-00964,QI-06626,Engineering change addressing: dimensional deviation detected during incoming inspection,implemented,2026-08-16
EC-00965,QI-04450,Engineering change addressing: material hardness below specification,approved,2026-06-04
EC-00966,QI-04565,Engineering change addressing: material hardness below specification,proposed,2026-03-27
EC-00967,QI-08917,Engineering change addressing: material hardness below specification,in_progress,2026-05-08
EC-00968,QI-00124,Engineering change addressing: dimensional deviation detected during incoming inspection,approved,2026-06-10
EC-00969,QI-05667,Engineering change addressing: intermittent sensor reading failure under load,proposed,2026-02-28
EC-00970,QI-01881,Engineering change addressing: dimensional deviation detected during incoming inspection,implemented,2026-05-15
EC-00971,QI-00593,Engineering change addressing: material hardness below specification,approved,2026-02-07
EC-00972,QI-07164,Engineering change addressing: dimensional deviation detected during incoming inspection,approved,2026-04-24
EC-00973,QI-00549,Engineering change addressing: material hardness below specification,implemented,2026-05-25
EC-00974,QI-05688,Engineering change addressing: material hardness below specification,proposed,2026-06-04
EC-00975,QI-11056,Engineering change addressing: material hardness below specification,implemented,2026-02-04
EC-00976,QI-08344,Engineering change addressing: material hardness below specification,implemented,2026-08-19
EC-00977,QI-05108,Engineering change addressing: fastener torque inconsistency observed on assembly line,approved,2026-06-01
EC-00978,QI-09751,Engineering change addressing: fastener torque inconsistency observed on assembly line,implemented,2026-01-26
EC-00979,QI-04021,Engineering change addressing: surface finish outside specification,in_progress,2026-06-20
EC-00980,QI-01870,Engineering change addressing: dimensional deviation detected during incoming inspection,in_progress,2026-07-16
EC-00981,QI-04073,Engineering change addressing: dimensional deviation detected during incoming inspection,approved,2026-05-10
EC-00982,QI-04605,Engineering change addressing: material hardness below specification,proposed,2026-06-19
EC-00983,QI-08542,Engineering change addressing: material hardness below specification,proposed,2026-03-12
EC-00984,QI-07140,Engineering change addressing: surface finish outside specification,approved,2026-06-05
EC-00985,QI-01908,Engineering change addressing: seal leakage detected during pressure test,in_progress,2026-07-02
EC-00986,QI-06757,Engineering change addressing: seal leakage detected during pressure test,in_progress,2026-06-17
EC-00987,QI-00638,Engineering change addressing: seal leakage detected during pressure test,implemented,2026-07-05
EC-00988,QI-07576,Engineering change addressing: intermittent sensor reading failure under load,in_progress,2026-02-23
EC-00989,QI-05911,Engineering change addressing: surface finish outside specification,proposed,2026-01-22
EC-00990,QI-01686,Engineering change addressing: intermittent sensor reading failure under load,approved,2026-04-14
EC-00991,QI-02103,Engineering change addressing: dimensional deviation detected during incoming inspection,approved,2026-07-27
EC-00992,QI-06212,Engineering change addressing: dimensional deviation detected during incoming inspection,approved,2026-05-20
EC-00993,QI-02916,Engineering change addressing: surface finish outside specification,in_progress,2026-03-01
EC-00994,QI-10837,Engineering change addressing: seal leakage detected during pressure test,proposed,2026-01-01
EC-00995,QI-00882,Engineering change addressing: material hardness below specification,in_progress,2026-03-07
EC-00996,QI-10388,Engineering change addressing: intermittent sensor reading failure under load,proposed,2026-02-09
EC-00997,QI-02029,Engineering change addressing: surface finish outside specification,in_progress,2026-01-08
EC-00998,QI-05202,Engineering change addressing: intermittent sensor reading failure under load,in_progress,2026-07-26
EC-00999,QI-03238,Engineering change addressing: dimensional deviation detected during incoming inspection,implemented,2026-03-06
EC-01000,QI-02098,Engineering change addressing: surface finish outside specification,proposed,2026-07-19
EC-01001,QI-06945,Engineering change addressing: fastener torque inconsistency observed on assembly line,approved,2026-02-17
EC-01002,QI-01926,Engineering change addressing: intermittent sensor reading failure under load,implemented,2026-08-20
EC-01003,QI-02117,Engineering change addressing: fastener torque inconsistency observed on assembly line,in_progress,2026-02-02
EC-01004,QI-04700,Engineering change addressing: surface finish outside specification,proposed,2026-03-28
EC-01005,QI-10102,Engineering change addressing: intermittent sensor reading failure under load,proposed,2026-01-27
EC-01006,QI-05114,Engineering change addressing: intermittent sensor reading failure under load,implemented,2026-01-06
EC-01007,QI-01713,Engineering change addressing: dimensional deviation detected during incoming inspection,proposed,2026-07-27
EC-01008,QI-11172,Engineering change addressing: intermittent sensor reading failure under load,in_progress,2026-05-10
EC-01009,QI-09732,Engineering change addressing: intermittent sensor reading failure under load,implemented,2026-06-18
EC-01010,QI-09715,Engineering change addressing: dimensional deviation detected during incoming inspection,approved,2026-02-10
EC-01011,QI-05585,Engineering change addressing: intermittent sensor reading failure under load,in_progress,2026-05-08
EC-01012,QI-11179,Engineering change addressing: dimensional deviation detected during incoming inspection,proposed,2026-03-09
EC-01013,QI-11385,Engineering change addressing: intermittent sensor reading failure under load,implemented,2026-01-10
EC-01014,QI-00536,Engineering change addressing: seal leakage detected during pressure test,approved,2026-05-17
EC-01015,QI-01583,Engineering change addressing: material hardness below specification,approved,2026-06-02
EC-01016,QI-03942,Engineering change addressing: dimensional deviation detected during incoming inspection,in_progress,2026-03-25
EC-01017,QI-00803,Engineering change addressing: fastener torque inconsistency observed on assembly line,in_progress,2026-03-18
EC-01018,QI-05733,Engineering change addressing: dimensional deviation detected during incoming inspection,proposed,2026-03-18
EC-01019,QI-08906,Engineering change addressing: seal leakage detected during pressure test,proposed,2026-04-22
EC-01020,QI-07398,Engineering change addressing: dimensional deviation detected during incoming inspection,approved,2026-02-01
EC-01021,QI-09039,Engineering change addressing: dimensional deviation detected during incoming inspection,in_progress,2026-07-02
EC-01022,QI-07183,Engineering change addressing: intermittent sensor reading failure under load,implemented,2026-02-19
EC-01023,QI-11828,Engineering change addressing: material hardness below specification,proposed,2026-03-16
EC-01024,QI-11794,Engineering change addressing: seal leakage detected during pressure test,implemented,2026-07-16
EC-01025,QI-02679,Engineering change addressing: surface finish outside specification,proposed,2026-07-28
EC-01026,QI-03643,Engineering change addressing: seal leakage detected during pressure test,approved,2026-06-25
EC-01027,QI-06103,Engineering change addressing: surface finish outside specification,implemented,2026-07-16
EC-01028,QI-08208,Engineering change addressing: material hardness below specification,approved,2026-02-02
EC-01029,QI-00659,Engineering change addressing: seal leakage detected during pressure test,approved,2026-04-11
EC-01030,QI-00111,Engineering change addressing: material hardness below specification,approved,2026-05-12
EC-01031,QI-03124,Engineering change addressing: dimensional deviation detected during incoming inspection,proposed,2026-03-12
EC-01032,QI-09592,Engineering change addressing: intermittent sensor reading failure under load,in_progress,2026-05-13
EC-01033,QI-07744,Engineering change addressing: fastener torque inconsistency observed on assembly line,in_progress,2026-08-24
EC-01034,QI-00793,Engineering change addressing: seal leakage detected during pressure test,in_progress,2026-02-15
EC-01035,QI-06013,Engineering change addressing: material hardness below specification,approved,2026-03-23
EC-01036,QI-05819,Engineering change addressing: fastener torque inconsistency observed on assembly line,implemented,2026-05-17
EC-01037,QI-09260,Engineering change addressing: fastener torque inconsistency observed on assembly line,in_progress,2026-06-20
EC-01038,QI-06469,Engineering change addressing: intermittent sensor reading failure under load,in_progress,2026-04-06
EC-01039,QI-00092,Engineering change addressing: seal leakage detected during pressure test,proposed,2026-01-20
EC-01040,QI-08013,Engineering change addressing: intermittent sensor reading failure under load,implemented,2026-05-17
EC-01041,QI-05550,Engineering change addressing: material hardness below specification,in_progress,2026-05-07
EC-01042,QI-06227,Engineering change addressing: fastener torque inconsistency observed on assembly line,approved,2026-01-19
EC-01043,QI-10044,Engineering change addressing: surface finish outside specification,in_progress,2026-05-18
EC-01044,QI-00972,Engineering change addressing: fastener torque inconsistency observed on assembly line,implemented,2026-05-16
EC-01045,QI-00057,Engineering change addressing: seal leakage detected during pressure test,proposed,2026-05-02
EC-01046,QI-09158,Engineering change addressing: surface finish outside specification,implemented,2026-03-24
EC-01047,QI-10390,Engineering change addressing: material hardness below specification,in_progress,2026-04-20
EC-01048,QI-00239,Engineering change addressing: surface finish outside specification,proposed,2026-01-19
EC-01049,QI-05181,Engineering change addressing: dimensional deviation detected during incoming inspection,implemented,2026-01-27
EC-01050,QI-11363,Engineering change addressing: dimensional deviation detected during incoming inspection,in_progress,2026-02-22
EC-01051,QI-04223,Engineering change addressing: surface finish outside specification,approved,2026-04-11
EC-01052,QI-08097,Engineering change addressing: fastener torque inconsistency observed on assembly line,implemented,2026-05-22
EC-01053,QI-06612,Engineering change addressing: seal leakage detected during pressure test,implemented,2026-04-06
EC-01054,QI-04816,Engineering change addressing: dimensional deviation detected during incoming inspection,in_progress,2026-03-24
EC-01055,QI-06218,Engineering change addressing: dimensional deviation detected during incoming inspection,approved,2026-06-08
EC-01056,QI-04373,Engineering change addressing: intermittent sensor reading failure under load,approved,2026-08-16
EC-01057,QI-03634,Engineering change addressing: dimensional deviation detected during incoming inspection,approved,2026-01-10
EC-01058,QI-06320,Engineering change addressing: fastener torque inconsistency observed on assembly line,approved,2026-08-27
EC-01059,QI-03876,Engineering change addressing: dimensional deviation detected during incoming inspection,implemented,2026-03-09
EC-01060,QI-09394,Engineering change addressing: intermittent sensor reading failure under load,in_progress,2026-08-04
EC-01061,QI-11662,Engineering change addressing: surface finish outside specification,in_progress,2026-04-07
EC-01062,QI-02611,Engineering change addressing: fastener torque inconsistency observed on assembly line,implemented,2026-07-07
EC-01063,QI-01767,Engineering change addressing: fastener torque inconsistency observed on assembly line,approved,2026-04-14
EC-01064,QI-01295,Engineering change addressing: intermittent sensor reading failure under load,implemented,2026-07-24
EC-01065,QI-04029,Engineering change addressing: fastener torque inconsistency observed on assembly line,proposed,2026-04-27
EC-01066,QI-06656,Engineering change addressing: intermittent sensor reading failure under load,in_progress,2026-08-09
EC-01067,QI-06285,Engineering change addressing: intermittent sensor reading failure under load,approved,2026-01-14
EC-01068,QI-05206,Engineering change addressing: seal leakage detected during pressure test,proposed,2026-05-23
EC-01069,QI-07712,Engineering change addressing: seal leakage detected during pressure test,implemented,2026-04-28
EC-01070,QI-02060,Engineering change addressing: fastener torque inconsistency observed on assembly line,approved,2026-05-16
EC-01071,QI-03346,Engineering change addressing: dimensional deviation detected during incoming inspection,in_progress,2026-07-13
EC-01072,QI-10437,Engineering change addressing: dimensional deviation detected during incoming inspection,approved,2026-05-19
EC-01073,QI-01322,Engineering change addressing: dimensional deviation detected during incoming inspection,implemented,2026-05-05
EC-01074,QI-03059,Engineering change addressing: intermittent sensor reading failure under load,proposed,2026-01-03
EC-01075,QI-11510,Engineering change addressing: dimensional deviation detected during incoming inspection,proposed,2026-06-18
EC-01076,QI-09463,Engineering change addressing: fastener torque inconsistency observed on assembly line,proposed,2026-08-26
EC-01077,QI-03649,Engineering change addressing: dimensional deviation detected during incoming inspection,approved,2026-04-26
EC-01078,QI-00711,Engineering change addressing: fastener torque inconsistency observed on assembly line,implemented,2026-01-05
EC-01079,QI-01099,Engineering change addressing: material hardness below specification,proposed,2026-07-03
EC-01080,QI-02457,Engineering change addressing: seal leakage detected during pressure test,implemented,2026-08-15
EC-01081,QI-00751,Engineering change addressing: intermittent sensor reading failure under load,proposed,2026-06-15
EC-01082,QI-01072,Engineering change addressing: dimensional deviation detected during incoming inspection,in_progress,2026-03-16
EC-01083,QI-06904,Engineering change addressing: intermittent sensor reading failure under load,in_progress,2026-05-11
EC-01084,QI-01339,Engineering change addressing: surface finish outside specification,proposed,2026-04-17
EC-01085,QI-01558,Engineering change addressing: dimensional deviation detected during incoming inspection,approved,2026-08-02
EC-01086,QI-02445,Engineering change addressing: surface finish outside specification,proposed,2026-07-13
EC-01087,QI-00674,Engineering change addressing: intermittent sensor reading failure under load,in_progress,2026-04-14
EC-01088,QI-03001,Engineering change addressing: intermittent sensor reading failure under load,in_progress,2026-04-22
EC-01089,QI-11209,Engineering change addressing: surface finish outside specification,proposed,2026-04-13
EC-01090,QI-10480,Engineering change addressing: seal leakage detected during pressure test,implemented,2026-04-07
EC-01091,QI-04053,Engineering change addressing: intermittent sensor reading failure under load,in_progress,2026-05-26
EC-01092,QI-11246,Engineering change addressing: seal leakage detected during pressure test,in_progress,2026-04-20
EC-01093,QI-00061,Engineering change addressing: dimensional deviation detected during incoming inspection,approved,2026-03-03
EC-01094,QI-01628,Engineering change addressing: intermittent sensor reading failure under load,in_progress,2026-07-19
EC-01095,QI-00120,Engineering change addressing: seal leakage detected during pressure test,in_progress,2026-05-03
EC-01096,QI-11796,Engineering change addressing: seal leakage detected during pressure test,proposed,2026-06-28
EC-01097,QI-05793,Engineering change addressing: surface finish outside specification,proposed,2026-05-09
EC-01098,QI-02515,Engineering change addressing: surface finish outside specification,approved,2026-04-03
EC-01099,QI-09382,Engineering change addressing: dimensional deviation detected during incoming inspection,implemented,2026-05-10
EC-01100,QI-00308,Engineering change addressing: surface finish outside specification,proposed,2026-04-20
EC-01101,QI-03143,Engineering change addressing: fastener torque inconsistency observed on assembly line,implemented,2026-04-12
EC-01102,QI-00163,Engineering change addressing: surface finish outside specification,approved,2026-01-22
EC-01103,QI-02852,Engineering change addressing: seal leakage detected during pressure test,in_progress,2026-08-06
EC-01104,QI-09872,Engineering change addressing: fastener torque inconsistency observed on assembly line,implemented,2026-08-20
EC-01105,QI-04460,Engineering change addressing: intermittent sensor reading failure under load,in_progress,2026-06-11
EC-01106,QI-01642,Engineering change addressing: dimensional deviation detected during incoming inspection,in_progress,2026-06-20
EC-01107,QI-11480,Engineering change addressing: dimensional deviation detected during incoming inspection,proposed,2026-04-24
EC-01108,QI-01431,Engineering change addressing: fastener torque inconsistency observed on assembly line,approved,2026-02-23
EC-01109,QI-07867,Engineering change addressing: fastener torque inconsistency observed on assembly line,implemented,2026-08-24
EC-01110,QI-10876,Engineering change addressing: intermittent sensor reading failure under load,implemented,2026-08-01
EC-01111,QI-06518,Engineering change addressing: seal leakage detected during pressure test,proposed,2026-05-18
EC-01112,QI-04981,Engineering change addressing: intermittent sensor reading failure under load,implemented,2026-07-07
EC-01113,QI-05971,Engineering change addressing: intermittent sensor reading failure under load,implemented,2026-04-05
EC-01114,QI-01312,Engineering change addressing: surface finish outside specification,approved,2026-02-04
EC-01115,QI-10462,Engineering change addressing: surface finish outside specification,in_progress,2026-01-17
EC-01116,QI-03460,Engineering change addressing: dimensional deviation detected during incoming inspection,implemented,2026-01-12
EC-01117,QI-03584,Engineering change addressing: fastener torque inconsistency observed on assembly line,proposed,2026-02-20
EC-01118,QI-09172,Engineering change addressing: dimensional deviation detected during incoming inspection,proposed,2026-02-27
EC-01119,QI-10290,Engineering change addressing: material hardness below specification,in_progress,2026-05-25
EC-01120,QI-03340,Engineering change addressing: material hardness below specification,implemented,2026-03-16
EC-01121,QI-02360,Engineering change addressing: fastener torque inconsistency observed on assembly line,implemented,2026-04-03
EC-01122,QI-04280,Engineering change addressing: material hardness below specification,implemented,2026-04-24
EC-01123,QI-10315,Engineering change addressing: material hardness below specification,proposed,2026-07-04
EC-01124,QI-00934,Engineering change addressing: fastener torque inconsistency observed on assembly line,in_progress,2026-02-05
EC-01125,QI-08722,Engineering change addressing: fastener torque inconsistency observed on assembly line,implemented,2026-02-16
EC-01126,QI-00583,Engineering change addressing: surface finish outside specification,in_progress,2026-08-13
EC-01127,QI-11005,Engineering change addressing: intermittent sensor reading failure under load,in_progress,2026-02-20
EC-01128,QI-05297,Engineering change addressing: seal leakage detected during pressure test,in_progress,2026-05-24
EC-01129,QI-11447,Engineering change addressing: intermittent sensor reading failure under load,proposed,2026-05-23
EC-01130,QI-10203,Engineering change addressing: dimensional deviation detected during incoming inspection,proposed,2026-06-25
EC-01131,QI-05595,Engineering change addressing: intermittent sensor reading failure under load,in_progress,2026-04-08
EC-01132,QI-10991,Engineering change addressing: intermittent sensor reading failure under load,approved,2026-04-26
EC-01133,QI-05332,Engineering change addressing: fastener torque inconsistency observed on assembly line,approved,2026-02-02
EC-01134,QI-00064,Engineering change addressing: dimensional deviation detected during incoming inspection,implemented,2026-04-09
EC-01135,QI-07940,Engineering change addressing: seal leakage detected during pressure test,implemented,2026-08-03
EC-01136,QI-01643,Engineering change addressing: material hardness below specification,proposed,2026-01-23
EC-01137,QI-05722,Engineering change addressing: material hardness below specification,implemented,2026-05-21
EC-01138,QI-00568,Engineering change addressing: dimensional deviation detected during incoming inspection,implemented,2026-05-17
EC-01139,QI-03358,Engineering change addressing: intermittent sensor reading failure under load,implemented,2026-01-07
EC-01140,QI-11537,Engineering change addressing: intermittent sensor reading failure under load,in_progress,2026-04-10
EC-01141,QI-09393,Engineering change addressing: fastener torque inconsistency observed on assembly line,proposed,2026-04-12
EC-01142,QI-05811,Engineering change addressing: dimensional deviation detected during incoming inspection,proposed,2026-03-28
EC-01143,QI-11284,Engineering change addressing: dimensional deviation detected during incoming inspection,in_progress,2026-01-11
EC-01144,QI-04357,Engineering change addressing: surface finish outside specification,approved,2026-01-16
EC-01145,QI-10672,Engineering change addressing: seal leakage detected during pressure test,approved,2026-03-22
EC-01146,QI-02242,Engineering change addressing: dimensional deviation detected during incoming inspection,proposed,2026-02-19
EC-01147,QI-08861,Engineering change addressing: seal leakage detected during pressure test,proposed,2026-02-28
EC-01148,QI-07858,Engineering change addressing: dimensional deviation detected during incoming inspection,approved,2026-06-28
EC-01149,QI-11433,Engineering change addressing: surface finish outside specification,proposed,2026-07-28
EC-01150,QI-03677,Engineering change addressing: fastener torque inconsistency observed on assembly line,proposed,2026-04-27
EC-01151,QI-11206,Engineering change addressing: intermittent sensor reading failure under load,in_progress,2026-01-14
EC-01152,QI-00392,Engineering change addressing: material hardness below specification,approved,2026-06-22
EC-01153,QI-08056,Engineering change addressing: surface finish outside specification,in_progress,2026-04-13
EC-01154,QI-02401,Engineering change addressing: surface finish outside specification,proposed,2026-07-05
EC-01155,QI-02188,Engineering change addressing: material hardness below specification,approved,2026-05-16
EC-01156,QI-09278,Engineering change addressing: dimensional deviation detected during incoming inspection,approved,2026-07-05
EC-01157,QI-02938,Engineering change addressing: material hardness below specification,proposed,2026-06-18
EC-01158,QI-09293,Engineering change addressing: material hardness below specification,in_progress,2026-07-19
EC-01159,QI-10217,Engineering change addressing: surface finish outside specification,approved,2026-07-27
EC-01160,QI-01390,Engineering change addressing: intermittent sensor reading failure under load,proposed,2026-06-08
EC-01161,QI-11865,Engineering change addressing: intermittent sensor reading failure under load,implemented,2026-03-21
EC-01162,QI-04506,Engineering change addressing: dimensional deviation detected during incoming inspection,proposed,2026-08-01
EC-01163,QI-00440,Engineering change addressing: surface finish outside specification,implemented,2026-04-06
EC-01164,QI-09701,Engineering change addressing: fastener torque inconsistency observed on assembly line,approved,2026-04-01
EC-01165,QI-01001,Engineering change addressing: seal leakage detected during pressure test,implemented,2026-06-21
EC-01166,QI-01075,Engineering change addressing: seal leakage detected during pressure test,proposed,2026-01-20
EC-01167,QI-09612,Engineering change addressing: seal leakage detected during pressure test,implemented,2026-05-07
EC-01168,QI-06042,Engineering change addressing: fastener torque inconsistency observed on assembly line,in_progress,2026-01-10
EC-01169,QI-01548,Engineering change addressing: dimensional deviation detected during incoming inspection,implemented,2026-07-19
EC-01170,QI-11692,Engineering change addressing: intermittent sensor reading failure under load,approved,2026-06-24
EC-01171,QI-05058,Engineering change addressing: intermittent sensor reading failure under load,implemented,2026-01-03
EC-01172,QI-04836,Engineering change addressing: surface finish outside specification,proposed,2026-05-05
EC-01173,QI-02349,Engineering change addressing: surface finish outside specification,approved,2026-02-27
EC-01174,QI-04629,Engineering change addressing: fastener torque inconsistency observed on assembly line,proposed,2026-02-08
EC-01175,QI-07976,Engineering change addressing: surface finish outside specification,proposed,2026-07-03
EC-01176,QI-10060,Engineering change addressing: surface finish outside specification,in_progress,2026-01-05
EC-01177,QI-04351,Engineering change addressing: surface finish outside specification,proposed,2026-03-07
EC-01178,QI-02026,Engineering change addressing: surface finish outside specification,implemented,2026-01-18
EC-01179,QI-06519,Engineering change addressing: dimensional deviation detected during incoming inspection,approved,2026-08-14
EC-01180,QI-02130,Engineering change addressing: surface finish outside specification,proposed,2026-06-21
EC-01181,QI-05094,Engineering change addressing: fastener torque inconsistency observed on assembly line,implemented,2026-05-13
EC-01182,QI-07967,Engineering change addressing: seal leakage detected during pressure test,approved,2026-01-15
EC-01183,QI-10665,Engineering change addressing: intermittent sensor reading failure under load,in_progress,2026-01-07
EC-01184,QI-02934,Engineering change addressing: surface finish outside specification,approved,2026-05-15
EC-01185,QI-09339,Engineering change addressing: surface finish outside specification,approved,2026-08-13
EC-01186,QI-04861,Engineering change addressing: fastener torque inconsistency observed on assembly line,in_progress,2026-06-05
EC-01187,QI-11426,Engineering change addressing: seal leakage detected during pressure test,implemented,2026-08-23
EC-01188,QI-06991,Engineering change addressing: dimensional deviation detected during incoming inspection,proposed,2026-01-24
EC-01189,QI-08348,Engineering change addressing: fastener torque inconsistency observed on assembly line,proposed,2026-05-11
EC-01190,QI-09227,Engineering change addressing: surface finish outside specification,implemented,2026-03-21
EC-01191,QI-02803,Engineering change addressing: surface finish outside specification,proposed,2026-03-12
EC-01192,QI-10652,Engineering change addressing: fastener torque inconsistency observed on assembly line,implemented,2026-03-21
EC-01193,QI-09645,Engineering change addressing: material hardness below specification,proposed,2026-05-15
EC-01194,QI-11399,Engineering change addressing: material hardness below specification,in_progress,2026-01-17
EC-01195,QI-04540,Engineering change addressing: intermittent sensor reading failure under load,approved,2026-05-04
EC-01196,QI-06282,Engineering change addressing: dimensional deviation detected during incoming inspection,in_progress,2026-03-08
EC-01197,QI-00384,Engineering change addressing: material hardness below specification,in_progress,2026-02-16
EC-01198,QI-01266,Engineering change addressing: intermittent sensor reading failure under load,approved,2026-04-03
EC-01199,QI-04800,Engineering change addressing: dimensional deviation detected during incoming inspection,in_progress,2026-01-18
EC-01200,QI-09268,Engineering change addressing: intermittent sensor reading failure under load,implemented,2026-01-26
EC-01201,QI-08889,Engineering change addressing: intermittent sensor reading failure under load,implemented,2026-04-17
EC-01202,QI-04524,Engineering change addressing: intermittent sensor reading failure under load,approved,2026-03-04
EC-01203,QI-04324,Engineering change addressing: surface finish outside specification,implemented,2026-04-06
EC-01204,QI-00067,Engineering change addressing: material hardness below specification,in_progress,2026-02-27
EC-01205,QI-09922,Engineering change addressing: seal leakage detected during pressure test,proposed,2026-05-12
EC-01206,QI-10253,Engineering change addressing: intermittent sensor reading failure under load,in_progress,2026-01-09
EC-01207,QI-07780,Engineering change addressing: surface finish outside specification,implemented,2026-04-21
EC-01208,QI-07685,Engineering change addressing: material hardness below specification,in_progress,2026-07-23
EC-01209,QI-08953,Engineering change addressing: surface finish outside specification,approved,2026-02-11
EC-01210,QI-07729,Engineering change addressing: material hardness below specification,proposed,2026-08-18
EC-01211,QI-04807,Engineering change addressing: surface finish outside specification,proposed,2026-06-26
EC-01212,QI-08114,Engineering change addressing: material hardness below specification,implemented,2026-08-05
EC-01213,QI-09951,Engineering change addressing: fastener torque inconsistency observed on assembly line,implemented,2026-04-19
EC-01214,QI-00983,Engineering change addressing: intermittent sensor reading failure under load,implemented,2026-07-08
EC-01215,QI-11080,Engineering change addressing: fastener torque inconsistency observed on assembly line,in_progress,2026-05-08
EC-01216,QI-00184,Engineering change addressing: fastener torque inconsistency observed on assembly line,implemented,2026-01-13
EC-01217,QI-06467,Engineering change addressing: material hardness below specification,approved,2026-05-28
EC-01218,QI-07748,Engineering change addressing: dimensional deviation detected during incoming inspection,in_progress,2026-01-25
EC-01219,QI-09839,Engineering change addressing: fastener torque inconsistency observed on assembly line,in_progress,2026-05-17
EC-01220,QI-06413,Engineering change addressing: material hardness below specification,approved,2026-06-03
EC-01221,QI-02774,Engineering change addressing: surface finish outside specification,in_progress,2026-01-06
EC-01222,QI-03809,Engineering change addressing: fastener torque inconsistency observed on assembly line,in_progress,2026-06-05
EC-01223,QI-07523,Engineering change addressing: dimensional deviation detected during incoming inspection,proposed,2026-07-16
EC-01224,QI-05252,Engineering change addressing: surface finish outside specification,approved,2026-03-04
EC-01225,QI-08345,Engineering change addressing: surface finish outside specification,proposed,2026-02-11
EC-01226,QI-10713,Engineering change addressing: surface finish outside specification,in_progress,2026-08-09
EC-01227,QI-02768,Engineering change addressing: surface finish outside specification,approved,2026-01-22
EC-01228,QI-02352,Engineering change addressing: dimensional deviation detected during incoming inspection,approved,2026-01-12
EC-01229,QI-07310,Engineering change addressing: fastener torque inconsistency observed on assembly line,in_progress,2026-08-13
EC-01230,QI-00078,Engineering change addressing: seal leakage detected during pressure test,proposed,2026-06-07
EC-01231,QI-05003,Engineering change addressing: surface finish outside specification,proposed,2026-04-07
EC-01232,QI-08198,Engineering change addressing: seal leakage detected during pressure test,implemented,2026-03-13
EC-01233,QI-01123,Engineering change addressing: seal leakage detected during pressure test,implemented,2026-01-08
EC-01234,QI-05792,Engineering change addressing: seal leakage detected during pressure test,in_progress,2026-06-04
EC-01235,QI-09351,Engineering change addressing: material hardness below specification,in_progress,2026-07-17
EC-01236,QI-04354,Engineering change addressing: dimensional deviation detected during incoming inspection,in_progress,2026-06-04
EC-01237,QI-11252,Engineering change addressing: material hardness below specification,approved,2026-06-04
EC-01238,QI-05600,Engineering change addressing: dimensional deviation detected during incoming inspection,proposed,2026-04-12
EC-01239,QI-03845,Engineering change addressing: intermittent sensor reading failure under load,in_progress,2026-05-28
EC-01240,QI-05095,Engineering change addressing: dimensional deviation detected during incoming inspection,approved,2026-07-10
EC-01241,QI-06835,Engineering change addressing: dimensional deviation detected during incoming inspection,in_progress,2026-05-24
EC-01242,QI-09436,Engineering change addressing: seal leakage detected during pressure test,implemented,2026-05-05
EC-01243,QI-09028,Engineering change addressing: surface finish outside specification,in_progress,2026-04-13
EC-01244,QI-01045,Engineering change addressing: dimensional deviation detected during incoming inspection,in_progress,2026-05-10
EC-01245,QI-07578,Engineering change addressing: intermittent sensor reading failure under load,implemented,2026-07-15
EC-01246,QI-04550,Engineering change addressing: fastener torque inconsistency observed on assembly line,implemented,2026-05-26
EC-01247,QI-03725,Engineering change addressing: surface finish outside specification,in_progress,2026-05-05
EC-01248,QI-10684,Engineering change addressing: intermittent sensor reading failure under load,approved,2026-05-25
EC-01249,QI-10376,Engineering change addressing: seal leakage detected during pressure test,approved,2026-05-20
EC-01250,QI-10161,Engineering change addressing: fastener torque inconsistency observed on assembly line,proposed,2026-03-22
EC-01251,QI-08017,Engineering change addressing: intermittent sensor reading failure under load,in_progress,2026-02-28
EC-01252,QI-01953,Engineering change addressing: surface finish outside specification,approved,2026-05-07
EC-01253,QI-05548,Engineering change addressing: intermittent sensor reading failure under load,approved,2026-08-14
EC-01254,QI-09762,Engineering change addressing: fastener torque inconsistency observed on assembly line,proposed,2026-05-19
EC-01255,QI-01849,Engineering change addressing: material hardness below specification,proposed,2026-03-13
EC-01256,QI-09570,Engineering change addressing: material hardness below specification,approved,2026-01-19
EC-01257,QI-08031,Engineering change addressing: material hardness below specification,approved,2026-05-16
EC-01258,QI-01228,Engineering change addressing: fastener torque inconsistency observed on assembly line,proposed,2026-07-12
EC-01259,QI-09935,Engineering change addressing: fastener torque inconsistency observed on assembly line,proposed,2026-01-06
EC-01260,QI-02915,Engineering change addressing: seal leakage detected during pressure test,proposed,2026-04-14
EC-01261,QI-06796,Engineering change addressing: surface finish outside specification,proposed,2026-03-06
EC-01262,QI-00687,Engineering change addressing: material hardness below specification,in_progress,2026-07-24
EC-01263,QI-10352,Engineering change addressing: material hardness below specification,approved,2026-02-22
EC-01264,QI-07471,Engineering change addressing: surface finish outside specification,approved,2026-03-07
EC-01265,QI-02146,Engineering change addressing: intermittent sensor reading failure under load,proposed,2026-02-13
EC-01266,QI-01905,Engineering change addressing: material hardness below specification,implemented,2026-04-26
EC-01267,QI-01688,Engineering change addressing: intermittent sensor reading failure under load,in_progress,2026-06-11
EC-01268,QI-11506,Engineering change addressing: dimensional deviation detected during incoming inspection,in_progress,2026-04-11
EC-01269,QI-11308,Engineering change addressing: surface finish outside specification,proposed,2026-08-06
EC-01270,QI-01696,Engineering change addressing: surface finish outside specification,in_progress,2026-05-20
EC-01271,QI-09960,Engineering change addressing: material hardness below specification,in_progress,2026-06-11
EC-01272,QI-08082,Engineering change addressing: seal leakage detected during pressure test,in_progress,2026-08-04
EC-01273,QI-04411,Engineering change addressing: dimensional deviation detected during incoming inspection,proposed,2026-07-18
EC-01274,QI-09898,Engineering change addressing: intermittent sensor reading failure under load,proposed,2026-03-04
EC-01275,QI-03806,Engineering change addressing: fastener torque inconsistency observed on assembly line,implemented,2026-08-20
EC-01276,QI-05105,Engineering change addressing: intermittent sensor reading failure under load,approved,2026-05-20
EC-01277,QI-06551,Engineering change addressing: dimensional deviation detected during incoming inspection,implemented,2026-07-13
EC-01278,QI-11951,Engineering change addressing: seal leakage detected during pressure test,approved,2026-02-05
EC-01279,QI-07507,Engineering change addressing: material hardness below specification,in_progress,2026-05-19
EC-01280,QI-01199,Engineering change addressing: fastener torque inconsistency observed on assembly line,proposed,2026-07-08
EC-01281,QI-03204,Engineering change addressing: dimensional deviation detected during incoming inspection,approved,2026-03-28
EC-01282,QI-05189,Engineering change addressing: seal leakage detected during pressure test,proposed,2026-03-18
EC-01283,QI-09244,Engineering change addressing: material hardness below specification,implemented,2026-05-04
EC-01284,QI-07629,Engineering change addressing: surface finish outside specification,implemented,2026-05-19
EC-01285,QI-08865,Engineering change addressing: material hardness below specification,in_progress,2026-03-11
EC-01286,QI-10717,Engineering change addressing: intermittent sensor reading failure under load,in_progress,2026-04-12
EC-01287,QI-03160,Engineering change addressing: seal leakage detected during pressure test,proposed,2026-07-09
EC-01288,QI-06027,Engineering change addressing: surface finish outside specification,in_progress,2026-02-09
EC-01289,QI-11727,Engineering change addressing: dimensional deviation detected during incoming inspection,implemented,2026-02-21
EC-01290,QI-05463,Engineering change addressing: fastener torque inconsistency observed on assembly line,proposed,2026-03-20
EC-01291,QI-06526,Engineering change addressing: surface finish outside specification,approved,2026-02-07
EC-01292,QI-10618,Engineering change addressing: intermittent sensor reading failure under load,in_progress,2026-06-06
EC-01293,QI-02359,Engineering change addressing: seal leakage detected during pressure test,approved,2026-02-08
EC-01294,QI-11771,Engineering change addressing: intermittent sensor reading failure under load,approved,2026-03-06
EC-01295,QI-09764,Engineering change addressing: dimensional deviation detected during incoming inspection,approved,2026-02-25
EC-01296,QI-09215,Engineering change addressing: material hardness below specification,proposed,2026-03-07
EC-01297,QI-02506,Engineering change addressing: seal leakage detected during pressure test,in_progress,2026-06-09
EC-01298,QI-00813,Engineering change addressing: fastener torque inconsistency observed on assembly line,approved,2026-08-13
EC-01299,QI-11755,Engineering change addressing: dimensional deviation detected during incoming inspection,proposed,2026-07-01
EC-01300,QI-06191,Engineering change addressing: surface finish outside specification,approved,2026-05-07
EC-01301,QI-11610,Engineering change addressing: seal leakage detected during pressure test,proposed,2026-03-03
EC-01302,QI-10887,Engineering change addressing: fastener torque inconsistency observed on assembly line,implemented,2026-02-26
EC-01303,QI-11079,Engineering change addressing: surface finish outside specification,approved,2026-04-26
EC-01304,QI-01207,Engineering change addressing: surface finish outside specification,approved,2026-08-12
EC-01305,QI-11107,Engineering change addressing: fastener torque inconsistency observed on assembly line,proposed,2026-05-14
EC-01306,QI-00398,Engineering change addressing: surface finish outside specification,proposed,2026-03-16
EC-01307,QI-07069,Engineering change addressing: intermittent sensor reading failure under load,approved,2026-07-13
EC-01308,QI-08113,Engineering change addressing: fastener torque inconsistency observed on assembly line,implemented,2026-02-01
EC-01309,QI-01262,Engineering change addressing: fastener torque inconsistency observed on assembly line,implemented,2026-08-01
EC-01310,QI-11680,Engineering change addressing: seal leakage detected during pressure test,in_progress,2026-04-18
EC-01311,QI-01376,Engineering change addressing: fastener torque inconsistency observed on assembly line,in_progress,2026-04-23
EC-01312,QI-05305,Engineering change addressing: intermittent sensor reading failure under load,proposed,2026-07-17
EC-01313,QI-06071,Engineering change addressing: intermittent sensor reading failure under load,in_progress,2026-06-23
EC-01314,QI-11483,Engineering change addressing: fastener torque inconsistency observed on assembly line,proposed,2026-07-02
EC-01315,QI-02139,Engineering change addressing: dimensional deviation detected during incoming inspection,implemented,2026-04-25
EC-01316,QI-07645,Engineering change addressing: intermittent sensor reading failure under load,in_progress,2026-05-28
EC-01317,QI-05064,Engineering change addressing: material hardness below specification,proposed,2026-07-24
EC-01318,QI-06897,Engineering change addressing: intermittent sensor reading failure under load,implemented,2026-03-10
EC-01319,QI-06472,Engineering change addressing: material hardness below specification,approved,2026-04-07
EC-01320,QI-07606,Engineering change addressing: seal leakage detected during pressure test,approved,2026-02-14
EC-01321,QI-11187,Engineering change addressing: dimensional deviation detected during incoming inspection,in_progress,2026-02-11
EC-01322,QI-10917,Engineering change addressing: dimensional deviation detected during incoming inspection,in_progress,2026-03-07
EC-01323,QI-02006,Engineering change addressing: dimensional deviation detected during incoming inspection,proposed,2026-05-01
EC-01324,QI-05830,Engineering change addressing: dimensional deviation detected during incoming inspection,proposed,2026-06-20
EC-01325,QI-10394,Engineering change addressing: seal leakage detected during pressure test,proposed,2026-08-24
EC-01326,QI-08516,Engineering change addressing: dimensional deviation detected during incoming inspection,in_progress,2026-03-15
EC-01327,QI-09895,Engineering change addressing: intermittent sensor reading failure under load,proposed,2026-05-28
EC-01328,QI-01437,Engineering change addressing: surface finish outside specification,approved,2026-02-01
EC-01329,QI-04584,Engineering change addressing: intermittent sensor reading failure under load,implemented,2026-01-14
EC-01330,QI-08285,Engineering change addressing: material hardness below specification,in_progress,2026-07-16
EC-01331,QI-01321,Engineering change addressing: material hardness below specification,proposed,2026-02-06
EC-01332,QI-10465,Engineering change addressing: dimensional deviation detected during incoming inspection,proposed,2026-04-07
EC-01333,QI-11918,Engineering change addressing: material hardness below specification,approved,2026-02-06
EC-01334,QI-02035,Engineering change addressing: dimensional deviation detected during incoming inspection,approved,2026-02-22
EC-01335,QI-00973,Engineering change addressing: fastener torque inconsistency observed on assembly line,in_progress,2026-04-05
EC-01336,QI-05801,Engineering change addressing: seal leakage detected during pressure test,in_progress,2026-07-23
EC-01337,QI-03114,Engineering change addressing: surface finish outside specification,approved,2026-07-03
EC-01338,QI-01639,Engineering change addressing: material hardness below specification,proposed,2026-06-02
EC-01339,QI-04927,Engineering change addressing: fastener torque inconsistency observed on assembly line,implemented,2026-05-08
EC-01340,QI-06695,Engineering change addressing: material hardness below specification,approved,2026-08-13
EC-01341,QI-06033,Engineering change addressing: intermittent sensor reading failure under load,proposed,2026-03-03
EC-01342,QI-07686,Engineering change addressing: dimensional deviation detected during incoming inspection,approved,2026-02-12
EC-01343,QI-10322,Engineering change addressing: intermittent sensor reading failure under load,in_progress,2026-05-24
EC-01344,QI-05990,Engineering change addressing: material hardness below specification,in_progress,2026-05-10
EC-01345,QI-10923,Engineering change addressing: intermittent sensor reading failure under load,approved,2026-02-23
EC-01346,QI-05624,Engineering change addressing: dimensional deviation detected during incoming inspection,in_progress,2026-05-17
EC-01347,QI-07088,Engineering change addressing: seal leakage detected during pressure test,in_progress,2026-03-15
EC-01348,QI-07361,Engineering change addressing: intermittent sensor reading failure under load,approved,2026-08-22
EC-01349,QI-06637,Engineering change addressing: surface finish outside specification,in_progress,2026-07-28
EC-01350,QI-09108,Engineering change addressing: material hardness below specification,in_progress,2026-07-02
EC-01351,QI-07097,Engineering change addressing: surface finish outside specification,implemented,2026-01-01
EC-01352,QI-01761,Engineering change addressing: seal leakage detected during pressure test,approved,2026-02-03
EC-01353,QI-08187,Engineering change addressing: seal leakage detected during pressure test,approved,2026-03-25
EC-01354,QI-07163,Engineering change addressing: intermittent sensor reading failure under load,proposed,2026-01-22
EC-01355,QI-06251,Engineering change addressing: dimensional deviation detected during incoming inspection,in_progress,2026-04-26
EC-01356,QI-03110,Engineering change addressing: fastener torque inconsistency observed on assembly line,implemented,2026-05-15
EC-01357,QI-03578,Engineering change addressing: seal leakage detected during pressure test,in_progress,2026-03-05
EC-01358,QI-08755,Engineering change addressing: material hardness below specification,in_progress,2026-07-12
EC-01359,QI-03010,Engineering change addressing: fastener torque inconsistency observed on assembly line,implemented,2026-02-07
EC-01360,QI-10919,Engineering change addressing: dimensional deviation detected during incoming inspection,proposed,2026-03-19
EC-01361,QI-04245,Engineering change addressing: seal leakage detected during pressure test,approved,2026-02-09
EC-01362,QI-06327,Engineering change addressing: material hardness below specification,in_progress,2026-04-23
EC-01363,QI-04124,Engineering change addressing: fastener torque inconsistency observed on assembly line,proposed,2026-03-12
EC-01364,QI-07906,Engineering change addressing: surface finish outside specification,proposed,2026-02-20
EC-01365,QI-05661,Engineering change addressing: material hardness below specification,in_progress,2026-07-25
EC-01366,QI-03899,Engineering change addressing: intermittent sensor reading failure under load,proposed,2026-05-08
EC-01367,QI-11641,Engineering change addressing: seal leakage detected during pressure test,proposed,2026-07-10
EC-01368,QI-09731,Engineering change addressing: dimensional deviation detected during incoming inspection,implemented,2026-04-07
EC-01369,QI-04445,Engineering change addressing: fastener torque inconsistency observed on assembly line,implemented,2026-05-21
EC-01370,QI-06716,Engineering change addressing: seal leakage detected during pressure test,in_progress,2026-03-18
EC-01371,QI-09739,Engineering change addressing: fastener torque inconsistency observed on assembly line,approved,2026-04-03
EC-01372,QI-09319,Engineering change addressing: dimensional deviation detected during incoming inspection,in_progress,2026-03-20
EC-01373,QI-07929,Engineering change addressing: dimensional deviation detected during incoming inspection,approved,2026-05-01
EC-01374,QI-00361,Engineering change addressing: seal leakage detected during pressure test,approved,2026-07-25
EC-01375,QI-08775,Engineering change addressing: intermittent sensor reading failure under load,in_progress,2026-03-14
EC-01376,QI-10447,Engineering change addressing: seal leakage detected during pressure test,in_progress,2026-08-04
EC-01377,QI-00961,Engineering change addressing: dimensional deviation detected during incoming inspection,proposed,2026-03-20
EC-01378,QI-09388,Engineering change addressing: intermittent sensor reading failure under load,implemented,2026-08-14
EC-01379,QI-09975,Engineering change addressing: surface finish outside specification,in_progress,2026-07-11
EC-01380,QI-11617,Engineering change addressing: seal leakage detected during pressure test,in_progress,2026-01-05
EC-01381,QI-02091,Engineering change addressing: intermittent sensor reading failure under load,approved,2026-07-10
EC-01382,QI-06983,Engineering change addressing: intermittent sensor reading failure under load,in_progress,2026-03-11
EC-01383,QI-04535,Engineering change addressing: seal leakage detected during pressure test,proposed,2026-03-16
EC-01384,QI-10468,Engineering change addressing: dimensional deviation detected during incoming inspection,implemented,2026-01-02
EC-01385,QI-06025,Engineering change addressing: material hardness below specification,approved,2026-08-05
EC-01386,QI-01327,Engineering change addressing: fastener torque inconsistency observed on assembly line,implemented,2026-05-01
EC-01387,QI-07339,Engineering change addressing: material hardness below specification,approved,2026-02-07
EC-01388,QI-08334,Engineering change addressing: material hardness below specification,proposed,2026-02-17
EC-01389,QI-01582,Engineering change addressing: material hardness below specification,implemented,2026-08-11
EC-01390,QI-04172,Engineering change addressing: seal leakage detected during pressure test,implemented,2026-03-20
EC-01391,QI-11268,Engineering change addressing: dimensional deviation detected during incoming inspection,approved,2026-08-05
EC-01392,QI-02328,Engineering change addressing: seal leakage detected during pressure test,proposed,2026-06-16
EC-01393,QI-04067,Engineering change addressing: material hardness below specification,in_progress,2026-02-20
EC-01394,QI-04435,Engineering change addressing: material hardness below specification,in_progress,2026-08-14
EC-01395,QI-08990,Engineering change addressing: dimensional deviation detected during incoming inspection,proposed,2026-08-26
EC-01396,QI-05800,Engineering change addressing: fastener torque inconsistency observed on assembly line,in_progress,2026-04-17
EC-01397,QI-09123,Engineering change addressing: seal leakage detected during pressure test,in_progress,2026-03-16
EC-01398,QI-00683,Engineering change addressing: surface finish outside specification,approved,2026-02-28
EC-01399,QI-01393,Engineering change addressing: material hardness below specification,in_progress,2026-07-13
EC-01400,QI-00903,Engineering change addressing: surface finish outside specification,implemented,2026-04-02
EC-01401,QI-07535,Engineering change addressing: seal leakage detected during pressure test,in_progress,2026-06-07
EC-01402,QI-07915,Engineering change addressing: fastener torque inconsistency observed on assembly line,implemented,2026-05-02
EC-01403,QI-11758,Engineering change addressing: surface finish outside specification,in_progress,2026-04-05
EC-01404,QI-03084,Engineering change addressing: surface finish outside specification,implemented,2026-07-12
EC-01405,QI-05021,Engineering change addressing: material hardness below specification,proposed,2026-02-24
EC-01406,QI-01100,Engineering change addressing: seal leakage detected during pressure test,approved,2026-04-26
EC-01407,QI-07362,Engineering change addressing: surface finish outside specification,proposed,2026-04-19
EC-01408,QI-04962,Engineering change addressing: fastener torque inconsistency observed on assembly line,in_progress,2026-07-25
EC-01409,QI-04463,Engineering change addressing: dimensional deviation detected during incoming inspection,proposed,2026-07-02
EC-01410,QI-04705,Engineering change addressing: material hardness below specification,approved,2026-08-23
EC-01411,QI-08772,Engineering change addressing: material hardness below specification,proposed,2026-02-10
EC-01412,QI-04618,Engineering change addressing: dimensional deviation detected during incoming inspection,implemented,2026-02-27
EC-01413,QI-10997,Engineering change addressing: seal leakage detected during pressure test,approved,2026-03-21
EC-01414,QI-10134,Engineering change addressing: intermittent sensor reading failure under load,approved,2026-06-08
EC-01415,QI-06672,Engineering change addressing: material hardness below specification,in_progress,2026-06-12
EC-01416,QI-04299,Engineering change addressing: fastener torque inconsistency observed on assembly line,approved,2026-04-01
EC-01417,QI-07853,Engineering change addressing: fastener torque inconsistency observed on assembly line,implemented,2026-05-24
EC-01418,QI-04152,Engineering change addressing: surface finish outside specification,approved,2026-06-24
EC-01419,QI-02955,Engineering change addressing: material hardness below specification,proposed,2026-04-08
EC-01420,QI-04734,Engineering change addressing: dimensional deviation detected during incoming inspection,in_progress,2026-01-20
EC-01421,QI-02399,Engineering change addressing: intermittent sensor reading failure under load,implemented,2026-06-03
EC-01422,QI-05576,Engineering change addressing: dimensional deviation detected during incoming inspection,implemented,2026-01-15
EC-01423,QI-05137,Engineering change addressing: fastener torque inconsistency observed on assembly line,approved,2026-04-14
EC-01424,QI-00245,Engineering change addressing: fastener torque inconsistency observed on assembly line,in_progress,2026-03-27
EC-01425,QI-06933,Engineering change addressing: intermittent sensor reading failure under load,implemented,2026-02-27
EC-01426,QI-03975,Engineering change addressing: fastener torque inconsistency observed on assembly line,implemented,2026-05-08
EC-01427,QI-01599,Engineering change addressing: dimensional deviation detected during incoming inspection,proposed,2026-04-28
EC-01428,QI-09504,Engineering change addressing: fastener torque inconsistency observed on assembly line,proposed,2026-03-11
EC-01429,QI-00338,Engineering change addressing: fastener torque inconsistency observed on assembly line,in_progress,2026-06-22
EC-01430,QI-01049,Engineering change addressing: dimensional deviation detected during incoming inspection,implemented,2026-05-08
EC-01431,QI-08162,Engineering change addressing: fastener torque inconsistency observed on assembly line,approved,2026-06-15
EC-01432,QI-01038,Engineering change addressing: dimensional deviation detected during incoming inspection,proposed,2026-04-19
EC-01433,QI-09046,Engineering change addressing: intermittent sensor reading failure under load,in_progress,2026-04-27
EC-01434,QI-09346,Engineering change addressing: fastener torque inconsistency observed on assembly line,implemented,2026-07-07
EC-01435,QI-09205,Engineering change addressing: dimensional deviation detected during incoming inspection,approved,2026-03-27
EC-01436,QI-10399,Engineering change addressing: fastener torque inconsistency observed on assembly line,in_progress,2026-01-28
EC-01437,QI-01524,Engineering change addressing: dimensional deviation detected during incoming inspection,approved,2026-08-25
EC-01438,QI-11502,Engineering change addressing: dimensional deviation detected during incoming inspection,implemented,2026-08-22
EC-01439,QI-04301,Engineering change addressing: surface finish outside specification,implemented,2026-05-18
EC-01440,QI-00851,Engineering change addressing: dimensional deviation detected during incoming inspection,in_progress,2026-03-07
EC-01441,QI-02526,Engineering change addressing: material hardness below specification,approved,2026-07-05
EC-01442,QI-07436,Engineering change addressing: dimensional deviation detected during incoming inspection,implemented,2026-03-14
EC-01443,QI-02494,Engineering change addressing: fastener torque inconsistency observed on assembly line,approved,2026-01-05
EC-01444,QI-01679,Engineering change addressing: surface finish outside specification,implemented,2026-04-23
EC-01445,QI-08661,Engineering change addressing: seal leakage detected during pressure test,proposed,2026-03-04
EC-01446,QI-10675,Engineering change addressing: seal leakage detected during pressure test,approved,2026-01-05
EC-01447,QI-04760,Engineering change addressing: surface finish outside specification,proposed,2026-07-02
EC-01448,QI-02136,Engineering change addressing: seal leakage detected during pressure test,in_progress,2026-02-18
EC-01449,QI-05609,Engineering change addressing: seal leakage detected during pressure test,proposed,2026-04-11
EC-01450,QI-06658,Engineering change addressing: material hardness below specification,approved,2026-08-28
EC-01451,QI-09870,Engineering change addressing: intermittent sensor reading failure under load,implemented,2026-07-02
EC-01452,QI-03524,Engineering change addressing: dimensional deviation detected during incoming inspection,implemented,2026-07-04
EC-01453,QI-09992,Engineering change addressing: fastener torque inconsistency observed on assembly line,in_progress,2026-04-17
EC-01454,QI-07497,Engineering change addressing: dimensional deviation detected during incoming inspection,in_progress,2026-03-02
EC-01455,QI-06708,Engineering change addressing: dimensional deviation detected during incoming inspection,in_progress,2026-02-03
EC-01456,QI-04935,Engineering change addressing: dimensional deviation detected during incoming inspection,in_progress,2026-01-26
EC-01457,QI-03831,Engineering change addressing: material hardness below specification,in_progress,2026-02-04
EC-01458,QI-11633,Engineering change addressing: material hardness below specification,in_progress,2026-01-10
EC-01459,QI-11168,Engineering change addressing: seal leakage detected during pressure test,approved,2026-06-19
EC-01460,QI-04659,Engineering change addressing: intermittent sensor reading failure under load,in_progress,2026-01-24
EC-01461,QI-10635,Engineering change addressing: intermittent sensor reading failure under load,implemented,2026-03-26
EC-01462,QI-01318,Engineering change addressing: seal leakage detected during pressure test,proposed,2026-08-07
EC-01463,QI-03657,Engineering change addressing: seal leakage detected during pressure test,proposed,2026-05-19
EC-01464,QI-04884,Engineering change addressing: dimensional deviation detected during incoming inspection,in_progress,2026-02-04
EC-01465,QI-05391,Engineering change addressing: fastener torque inconsistency observed on assembly line,implemented,2026-08-13
EC-01466,QI-10066,Engineering change addressing: seal leakage detected during pressure test,proposed,2026-04-26
EC-01467,QI-01928,Engineering change addressing: dimensional deviation detected during incoming inspection,proposed,2026-05-15
EC-01468,QI-02009,Engineering change addressing: seal leakage detected during pressure test,proposed,2026-01-16
EC-01469,QI-07307,Engineering change addressing: material hardness below specification,proposed,2026-04-19
EC-01470,QI-03186,Engineering change addressing: seal leakage detected during pressure test,proposed,2026-05-26
EC-01471,QI-03052,Engineering change addressing: seal leakage detected during pressure test,proposed,2026-08-22
EC-01472,QI-05987,Engineering change addressing: surface finish outside specification,proposed,2026-07-19
EC-01473,QI-01813,Engineering change addressing: fastener torque inconsistency observed on assembly line,proposed,2026-04-21
EC-01474,QI-00656,Engineering change addressing: material hardness below specification,in_progress,2026-05-05
EC-01475,QI-07949,Engineering change addressing: seal leakage detected during pressure test,approved,2026-05-15
EC-01476,QI-04675,Engineering change addressing: dimensional deviation detected during incoming inspection,in_progress,2026-01-27
EC-01477,QI-02429,Engineering change addressing: fastener torque inconsistency observed on assembly line,proposed,2026-03-16
EC-01478,QI-05022,Engineering change addressing: dimensional deviation detected during incoming inspection,in_progress,2026-02-23
EC-01479,QI-07855,Engineering change addressing: material hardness below specification,approved,2026-01-09
EC-01480,QI-01490,Engineering change addressing: dimensional deviation detected during incoming inspection,proposed,2026-01-20
EC-01481,QI-06778,Engineering change addressing: dimensional deviation detected during incoming inspection,in_progress,2026-08-25
EC-01482,QI-03355,Engineering change addressing: material hardness below specification,in_progress,2026-04-25
EC-01483,QI-09106,Engineering change addressing: material hardness below specification,approved,2026-01-27
EC-01484,QI-05564,Engineering change addressing: surface finish outside specification,approved,2026-08-11
EC-01485,QI-05860,Engineering change addressing: surface finish outside specification,implemented,2026-01-27
EC-01486,QI-06106,Engineering change addressing: seal leakage detected during pressure test,implemented,2026-06-01
EC-01487,QI-01622,Engineering change addressing: surface finish outside specification,approved,2026-02-11
EC-01488,QI-11491,Engineering change addressing: seal leakage detected during pressure test,implemented,2026-08-23
EC-01489,QI-11628,Engineering change addressing: dimensional deviation detected during incoming inspection,proposed,2026-03-21
EC-01490,QI-10167,Engineering change addressing: dimensional deviation detected during incoming inspection,in_progress,2026-08-03
EC-01491,QI-10502,Engineering change addressing: fastener torque inconsistency observed on assembly line,proposed,2026-03-04
EC-01492,QI-01694,Engineering change addressing: seal leakage detected during pressure test,in_progress,2026-02-18
EC-01493,QI-03529,Engineering change addressing: intermittent sensor reading failure under load,in_progress,2026-07-22
EC-01494,QI-01202,Engineering change addressing: seal leakage detected during pressure test,in_progress,2026-05-02
EC-01495,QI-05837,Engineering change addressing: fastener torque inconsistency observed on assembly line,proposed,2026-03-24
EC-01496,QI-04510,Engineering change addressing: surface finish outside specification,proposed,2026-05-19
EC-01497,QI-02698,Engineering change addressing: seal leakage detected during pressure test,approved,2026-01-04
EC-01498,QI-11557,Engineering change addressing: dimensional deviation detected during incoming inspection,implemented,2026-03-11
EC-01499,QI-03092,Engineering change addressing: intermittent sensor reading failure under load,in_progress,2026-05-24
EC-01500,QI-04148,Engineering change addressing: seal leakage detected during pressure test,approved,2026-05-20
EC-01501,QI-00491,Engineering change addressing: seal leakage detected during pressure test,proposed,2026-04-22
EC-01502,QI-02366,Engineering change addressing: intermittent sensor reading failure under load,in_progress,2026-05-26
EC-01503,QI-07146,Engineering change addressing: surface finish outside specification,approved,2026-04-27
EC-01504,QI-00556,Engineering change addressing: seal leakage detected during pressure test,proposed,2026-01-20
EC-01505,QI-10830,Engineering change addressing: material hardness below specification,proposed,2026-05-17
EC-01506,QI-03179,Engineering change addressing: material hardness below specification,proposed,2026-07-06
EC-01507,QI-09755,Engineering change addressing: dimensional deviation detected during incoming inspection,in_progress,2026-07-15
EC-01508,QI-08002,Engineering change addressing: seal leakage detected during pressure test,in_progress,2026-02-17
EC-01509,QI-00731,Engineering change addressing: surface finish outside specification,approved,2026-06-14
EC-01510,QI-02489,Engineering change addressing: seal leakage detected during pressure test,approved,2026-05-09
EC-01511,QI-10391,Engineering change addressing: surface finish outside specification,implemented,2026-03-20
EC-01512,QI-11127,Engineering change addressing: seal leakage detected during pressure test,in_progress,2026-08-15
EC-01513,QI-05531,Engineering change addressing: seal leakage detected during pressure test,proposed,2026-07-27
EC-01514,QI-03961,Engineering change addressing: seal leakage detected during pressure test,proposed,2026-06-04
EC-01515,QI-07807,Engineering change addressing: surface finish outside specification,in_progress,2026-05-04
EC-01516,QI-05553,Engineering change addressing: dimensional deviation detected during incoming inspection,approved,2026-08-23
EC-01517,QI-01899,Engineering change addressing: material hardness below specification,proposed,2026-06-23
EC-01518,QI-05106,Engineering change addressing: intermittent sensor reading failure under load,proposed,2026-08-13
EC-01519,QI-10180,Engineering change addressing: seal leakage detected during pressure test,in_progress,2026-01-08
EC-01520,QI-05533,Engineering change addressing: dimensional deviation detected during incoming inspection,implemented,2026-04-04
EC-01521,QI-06045,Engineering change addressing: fastener torque inconsistency observed on assembly line,implemented,2026-02-06
EC-01522,QI-11513,Engineering change addressing: intermittent sensor reading failure under load,in_progress,2026-05-15
EC-01523,QI-09445,Engineering change addressing: surface finish outside specification,proposed,2026-04-13
EC-01524,QI-11584,Engineering change addressing: fastener torque inconsistency observed on assembly line,proposed,2026-04-15
EC-01525,QI-01556,Engineering change addressing: surface finish outside specification,implemented,2026-06-12
EC-01526,QI-07316,Engineering change addressing: intermittent sensor reading failure under load,implemented,2026-08-22
EC-01527,QI-02799,Engineering change addressing: dimensional deviation detected during incoming inspection,in_progress,2026-01-07
EC-01528,QI-06354,Engineering change addressing: seal leakage detected during pressure test,approved,2026-03-16
EC-01529,QI-06315,Engineering change addressing: intermittent sensor reading failure under load,implemented,2026-06-08
EC-01530,QI-08801,Engineering change addressing: dimensional deviation detected during incoming inspection,implemented,2026-02-18
EC-01531,QI-02592,Engineering change addressing: intermittent sensor reading failure under load,approved,2026-01-23
EC-01532,QI-04940,Engineering change addressing: surface finish outside specification,approved,2026-06-19
EC-01533,QI-06764,Engineering change addressing: material hardness below specification,implemented,2026-05-14
EC-01534,QI-08972,Engineering change addressing: dimensional deviation detected during incoming inspection,approved,2026-06-17
EC-01535,QI-09229,Engineering change addressing: seal leakage detected during pressure test,implemented,2026-08-24
EC-01536,QI-11729,Engineering change addressing: seal leakage detected during pressure test,approved,2026-01-20
EC-01537,QI-08260,Engineering change addressing: seal leakage detected during pressure test,proposed,2026-04-11
EC-01538,QI-06358,Engineering change addressing: surface finish outside specification,approved,2026-03-14
EC-01539,QI-07283,Engineering change addressing: surface finish outside specification,approved,2026-02-12
EC-01540,QI-02179,Engineering change addressing: seal leakage detected during pressure test,in_progress,2026-03-28
EC-01541,QI-06447,Engineering change addressing: material hardness below specification,approved,2026-03-22
EC-01542,QI-02039,Engineering change addressing: surface finish outside specification,in_progress,2026-04-07
EC-01543,QI-09903,Engineering change addressing: dimensional deviation detected during incoming inspection,approved,2026-07-12
EC-01544,QI-03118,Engineering change addressing: seal leakage detected during pressure test,approved,2026-03-14
EC-01545,QI-10902,Engineering change addressing: material hardness below specification,approved,2026-01-09
EC-01546,QI-07515,Engineering change addressing: seal leakage detected during pressure test,in_progress,2026-06-20
EC-01547,QI-05847,Engineering change addressing: fastener torque inconsistency observed on assembly line,proposed,2026-03-18
EC-01548,QI-11890,Engineering change addressing: surface finish outside specification,proposed,2026-07-26
EC-01549,QI-03834,Engineering change addressing: dimensional deviation detected during incoming inspection,proposed,2026-04-02
EC-01550,QI-03799,Engineering change addressing: intermittent sensor reading failure under load,proposed,2026-01-28
EC-01551,QI-01617,Engineering change addressing: material hardness below specification,proposed,2026-04-25
EC-01552,QI-00863,Engineering change addressing: seal leakage detected during pressure test,approved,2026-04-24
EC-01553,QI-08767,Engineering change addressing: intermittent sensor reading failure under load,approved,2026-05-24
EC-01554,QI-07801,Engineering change addressing: surface finish outside specification,approved,2026-07-07
EC-01555,QI-04346,Engineering change addressing: surface finish outside specification,implemented,2026-02-25
EC-01556,QI-10533,Engineering change addressing: seal leakage detected during pressure test,in_progress,2026-05-22
EC-01557,QI-05000,Engineering change addressing: surface finish outside specification,approved,2026-05-12
EC-01558,QI-09745,Engineering change addressing: dimensional deviation detected during incoming inspection,in_progress,2026-07-20
EC-01559,QI-02309,Engineering change addressing: seal leakage detected during pressure test,implemented,2026-04-06
EC-01560,QI-09230,Engineering change addressing: intermittent sensor reading failure under load,proposed,2026-02-12
EC-01561,QI-01158,Engineering change addressing: seal leakage detected during pressure test,proposed,2026-07-22
EC-01562,QI-01078,Engineering change addressing: seal leakage detected during pressure test,in_progress,2026-02-13
EC-01563,QI-02004,Engineering change addressing: seal leakage detected during pressure test,in_progress,2026-04-16
EC-01564,QI-05795,Engineering change addressing: fastener torque inconsistency observed on assembly line,approved,2026-03-04
EC-01565,QI-06180,Engineering change addressing: seal leakage detected during pressure test,proposed,2026-02-09
EC-01566,QI-09464,Engineering change addressing: material hardness below specification,approved,2026-08-04
EC-01567,QI-04447,Engineering change addressing: intermittent sensor reading failure under load,approved,2026-02-07
EC-01568,QI-01473,Engineering change addressing: seal leakage detected during pressure test,implemented,2026-04-08
EC-01569,QI-06420,Engineering change addressing: fastener torque inconsistency observed on assembly line,approved,2026-04-10
EC-01570,QI-08581,Engineering change addressing: surface finish outside specification,in_progress,2026-07-08
EC-01571,QI-00179,Engineering change addressing: material hardness below specification,proposed,2026-03-06
EC-01572,QI-06125,Engineering change addressing: material hardness below specification,in_progress,2026-04-22
EC-01573,QI-06931,Engineering change addressing: fastener torque inconsistency observed on assembly line,proposed,2026-08-10
EC-01574,QI-05194,Engineering change addressing: fastener torque inconsistency observed on assembly line,approved,2026-06-09
EC-01575,QI-02721,Engineering change addressing: seal leakage detected during pressure test,in_progress,2026-04-01
EC-01576,QI-04154,Engineering change addressing: fastener torque inconsistency observed on assembly line,implemented,2026-02-04
EC-01577,QI-00886,Engineering change addressing: seal leakage detected during pressure test,implemented,2026-06-14
EC-01578,QI-11054,Engineering change addressing: material hardness below specification,in_progress,2026-08-25
EC-01579,QI-09511,Engineering change addressing: surface finish outside specification,in_progress,2026-04-03
EC-01580,QI-00418,Engineering change addressing: fastener torque inconsistency observed on assembly line,approved,2026-03-19
EC-01581,QI-03693,Engineering change addressing: surface finish outside specification,implemented,2026-01-04
EC-01582,QI-10108,Engineering change addressing: fastener torque inconsistency observed on assembly line,approved,2026-04-05
EC-01583,QI-08299,Engineering change addressing: fastener torque inconsistency observed on assembly line,approved,2026-02-09
EC-01584,QI-01161,Engineering change addressing: fastener torque inconsistency observed on assembly line,in_progress,2026-04-01
EC-01585,QI-00382,Engineering change addressing: seal leakage detected during pressure test,approved,2026-04-10
EC-01586,QI-09458,Engineering change addressing: seal leakage detected during pressure test,in_progress,2026-06-04
EC-01587,QI-11629,Engineering change addressing: seal leakage detected during pressure test,in_progress,2026-01-06
EC-01588,QI-09552,Engineering change addressing: surface finish outside specification,implemented,2026-05-10
EC-01589,QI-07656,Engineering change addressing: seal leakage detected during pressure test,proposed,2026-04-22
EC-01590,QI-09045,Engineering change addressing: seal leakage detected during pressure test,approved,2026-03-22
EC-01591,QI-10373,Engineering change addressing: intermittent sensor reading failure under load,proposed,2026-04-07
EC-01592,QI-01220,Engineering change addressing: seal leakage detected during pressure test,approved,2026-05-16
EC-01593,QI-02781,Engineering change addressing: seal leakage detected during pressure test,proposed,2026-06-10
EC-01594,QI-06169,Engineering change addressing: dimensional deviation detected during incoming inspection,approved,2026-02-28
EC-01595,QI-02712,Engineering change addressing: seal leakage detected during pressure test,in_progress,2026-06-21
EC-01596,QI-01864,Engineering change addressing: surface finish outside specification,proposed,2026-01-02
EC-01597,QI-03287,Engineering change addressing: material hardness below specification,approved,2026-07-25
EC-01598,QI-11282,Engineering change addressing: intermittent sensor reading failure under load,implemented,2026-04-17
EC-01599,QI-06185,Engineering change addressing: dimensional deviation detected during incoming inspection,proposed,2026-04-18
EC-01600,QI-10075,Engineering change addressing: dimensional deviation detected during incoming inspection,approved,2026-08-16
EC-01601,QI-02375,Engineering change addressing: intermittent sensor reading failure under load,implemented,2026-02-17
EC-01602,QI-05565,Engineering change addressing: fastener torque inconsistency observed on assembly line,proposed,2026-07-06
EC-01603,QI-10893,Engineering change addressing: surface finish outside specification,approved,2026-08-28
EC-01604,QI-01571,Engineering change addressing: intermittent sensor reading failure under load,implemented,2026-07-06
EC-01605,QI-10275,Engineering change addressing: material hardness below specification,implemented,2026-05-01
EC-01606,QI-01200,Engineering change addressing: material hardness below specification,implemented,2026-02-17
EC-01607,QI-11015,Engineering change addressing: seal leakage detected during pressure test,in_progress,2026-02-13
EC-01608,QI-06448,Engineering change addressing: fastener torque inconsistency observed on assembly line,approved,2026-08-08
EC-01609,QI-09946,Engineering change addressing: surface finish outside specification,in_progress,2026-02-22
EC-01610,QI-01674,Engineering change addressing: surface finish outside specification,implemented,2026-04-28
EC-01611,QI-11275,Engineering change addressing: surface finish outside specification,proposed,2026-05-20
EC-01612,QI-08062,Engineering change addressing: intermittent sensor reading failure under load,approved,2026-03-16
EC-01613,QI-11929,Engineering change addressing: fastener torque inconsistency observed on assembly line,proposed,2026-05-05
EC-01614,QI-03669,Engineering change addressing: material hardness below specification,implemented,2026-02-26
EC-01615,QI-11599,Engineering change addressing: fastener torque inconsistency observed on assembly line,approved,2026-08-11
EC-01616,QI-06226,Engineering change addressing: fastener torque inconsistency observed on assembly line,implemented,2026-01-17
EC-01617,QI-09330,Engineering change addressing: seal leakage detected during pressure test,implemented,2026-02-24
EC-01618,QI-01182,Engineering change addressing: fastener torque inconsistency observed on assembly line,proposed,2026-04-02
EC-01619,QI-06488,Engineering change addressing: intermittent sensor reading failure under load,approved,2026-04-28
EC-01620,QI-05818,Engineering change addressing: material hardness below specification,proposed,2026-06-11
EC-01621,QI-01664,Engineering change addressing: fastener torque inconsistency observed on assembly line,proposed,2026-08-18
EC-01622,QI-08794,Engineering change addressing: fastener torque inconsistency observed on assembly line,proposed,2026-08-17
EC-01623,QI-08497,Engineering change addressing: fastener torque inconsistency observed on assembly line,in_progress,2026-03-05
EC-01624,QI-06766,Engineering change addressing: intermittent sensor reading failure under load,approved,2026-07-24
EC-01625,QI-11463,Engineering change addressing: seal leakage detected during pressure test,approved,2026-01-25
EC-01626,QI-01180,Engineering change addressing: material hardness below specification,implemented,2026-05-24
EC-01627,QI-11142,Engineering change addressing: fastener torque inconsistency observed on assembly line,in_progress,2026-01-14
EC-01628,QI-10651,Engineering change addressing: dimensional deviation detected during incoming inspection,implemented,2026-01-20
EC-01629,QI-04095,Engineering change addressing: material hardness below specification,implemented,2026-08-03
EC-01630,QI-04133,Engineering change addressing: seal leakage detected during pressure test,approved,2026-07-19
EC-01631,QI-00538,Engineering change addressing: material hardness below specification,implemented,2026-07-23
EC-01632,QI-03106,Engineering change addressing: fastener torque inconsistency observed on assembly line,proposed,2026-05-14
EC-01633,QI-10436,Engineering change addressing: seal leakage detected during pressure test,implemented,2026-08-01
EC-01634,QI-11083,Engineering change addressing: seal leakage detected during pressure test,implemented,2026-06-14
EC-01635,QI-11535,Engineering change addressing: material hardness below specification,proposed,2026-06-19
EC-01636,QI-07508,Engineering change addressing: dimensional deviation detected during incoming inspection,proposed,2026-05-17
EC-01637,QI-11160,Engineering change addressing: seal leakage detected during pressure test,approved,2026-06-15
EC-01638,QI-11624,Engineering change addressing: dimensional deviation detected during incoming inspection,proposed,2026-03-13
EC-01639,QI-02921,Engineering change addressing: fastener torque inconsistency observed on assembly line,proposed,2026-07-11
EC-01640,QI-08255,Engineering change addressing: intermittent sensor reading failure under load,approved,2026-03-22
EC-01641,QI-01060,Engineering change addressing: surface finish outside specification,implemented,2026-04-02
EC-01642,QI-00304,Engineering change addressing: surface finish outside specification,implemented,2026-08-26
EC-01643,QI-10978,Engineering change addressing: fastener torque inconsistency observed on assembly line,in_progress,2026-01-17
EC-01644,QI-02204,Engineering change addressing: fastener torque inconsistency observed on assembly line,approved,2026-04-23
EC-01645,QI-08855,Engineering change addressing: surface finish outside specification,in_progress,2026-05-21
EC-01646,QI-08777,Engineering change addressing: dimensional deviation detected during incoming inspection,implemented,2026-08-06
EC-01647,QI-02957,Engineering change addressing: seal leakage detected during pressure test,implemented,2026-02-23
EC-01648,QI-06886,Engineering change addressing: material hardness below specification,implemented,2026-07-09
EC-01649,QI-01515,Engineering change addressing: material hardness below specification,implemented,2026-06-03
EC-01650,QI-10796,Engineering change addressing: dimensional deviation detected during incoming inspection,in_progress,2026-01-14
EC-01651,QI-03262,Engineering change addressing: material hardness below specification,implemented,2026-02-06
EC-01652,QI-09750,Engineering change addressing: surface finish outside specification,in_progress,2026-05-06
EC-01653,QI-02014,Engineering change addressing: fastener torque inconsistency observed on assembly line,approved,2026-07-06
EC-01654,QI-09376,Engineering change addressing: surface finish outside specification,implemented,2026-01-27
EC-01655,QI-06934,Engineering change addressing: seal leakage detected during pressure test,proposed,2026-08-09
EC-01656,QI-09822,Engineering change addressing: seal leakage detected during pressure test,in_progress,2026-02-21
EC-01657,QI-05433,Engineering change addressing: fastener torque inconsistency observed on assembly line,proposed,2026-07-18
EC-01658,QI-09248,Engineering change addressing: material hardness below specification,in_progress,2026-08-16
EC-01659,QI-10133,Engineering change addressing: seal leakage detected during pressure test,approved,2026-03-09
EC-01660,QI-04966,Engineering change addressing: material hardness below specification,in_progress,2026-05-02
EC-01661,QI-11772,Engineering change addressing: dimensional deviation detected during incoming inspection,implemented,2026-07-07
EC-01662,QI-01600,Engineering change addressing: intermittent sensor reading failure under load,proposed,2026-06-05
EC-01663,QI-00576,Engineering change addressing: intermittent sensor reading failure under load,in_progress,2026-07-17
EC-01664,QI-03479,Engineering change addressing: intermittent sensor reading failure under load,approved,2026-05-12
EC-01665,QI-02898,Engineering change addressing: intermittent sensor reading failure under load,proposed,2026-05-16
EC-01666,QI-07614,Engineering change addressing: material hardness below specification,approved,2026-01-10
EC-01667,QI-09471,Engineering change addressing: intermittent sensor reading failure under load,proposed,2026-06-01
EC-01668,QI-09554,Engineering change addressing: surface finish outside specification,proposed,2026-02-22
EC-01669,QI-10589,Engineering change addressing: material hardness below specification,in_progress,2026-02-07
EC-01670,QI-04427,Engineering change addressing: seal leakage detected during pressure test,proposed,2026-05-05
EC-01671,QI-08401,Engineering change addressing: dimensional deviation detected during incoming inspection,approved,2026-02-09
EC-01672,QI-07278,Engineering change addressing: seal leakage detected during pressure test,approved,2026-07-19
EC-01673,QI-09302,Engineering change addressing: material hardness below specification,approved,2026-01-19
EC-01674,QI-02422,Engineering change addressing: material hardness below specification,implemented,2026-05-01
EC-01675,QI-05261,Engineering change addressing: fastener torque inconsistency observed on assembly line,in_progress,2026-02-04
EC-01676,QI-00575,Engineering change addressing: surface finish outside specification,approved,2026-08-16
EC-01677,QI-06705,Engineering change addressing: intermittent sensor reading failure under load,approved,2026-02-19
EC-01678,QI-05113,Engineering change addressing: surface finish outside specification,proposed,2026-07-03
EC-01679,QI-05905,Engineering change addressing: fastener torque inconsistency observed on assembly line,implemented,2026-03-12
EC-01680,QI-09939,Engineering change addressing: seal leakage detected during pressure test,approved,2026-06-15
EC-01681,QI-05857,Engineering change addressing: fastener torque inconsistency observed on assembly line,in_progress,2026-01-04
EC-01682,QI-02988,Engineering change addressing: dimensional deviation detected during incoming inspection,in_progress,2026-08-07
EC-01683,QI-07643,Engineering change addressing: material hardness below specification,approved,2026-03-13
EC-01684,QI-06006,Engineering change addressing: fastener torque inconsistency observed on assembly line,approved,2026-05-19
EC-01685,QI-01435,Engineering change addressing: fastener torque inconsistency observed on assembly line,proposed,2026-03-20
EC-01686,QI-05668,Engineering change addressing: intermittent sensor reading failure under load,implemented,2026-01-21
EC-01687,QI-08593,Engineering change addressing: fastener torque inconsistency observed on assembly line,in_progress,2026-05-11
EC-01688,QI-09531,Engineering change addressing: fastener torque inconsistency observed on assembly line,implemented,2026-02-21
EC-01689,QI-07770,Engineering change addressing: fastener torque inconsistency observed on assembly line,approved,2026-05-02
EC-01690,QI-04505,Engineering change addressing: fastener torque inconsistency observed on assembly line,in_progress,2026-05-02
EC-01691,QI-03887,Engineering change addressing: seal leakage detected during pressure test,in_progress,2026-04-17
EC-01692,QI-02323,Engineering change addressing: intermittent sensor reading failure under load,approved,2026-01-07
EC-01693,QI-08694,Engineering change addressing: material hardness below specification,approved,2026-04-13
EC-01694,QI-00717,Engineering change addressing: intermittent sensor reading failure under load,approved,2026-07-22
EC-01695,QI-00344,Engineering change addressing: material hardness below specification,in_progress,2026-04-04
EC-01696,QI-05282,Engineering change addressing: intermittent sensor reading failure under load,approved,2026-07-11
EC-01697,QI-00537,Engineering change addressing: dimensional deviation detected during incoming inspection,in_progress,2026-02-03
EC-01698,QI-00570,Engineering change addressing: seal leakage detected during pressure test,in_progress,2026-05-06
EC-01699,QI-06723,Engineering change addressing: material hardness below specification,approved,2026-02-10
EC-01700,QI-08751,Engineering change addressing: intermittent sensor reading failure under load,in_progress,2026-05-13
EC-01701,QI-03073,Engineering change addressing: surface finish outside specification,approved,2026-04-09
EC-01702,QI-11930,Engineering change addressing: seal leakage detected during pressure test,implemented,2026-03-18
EC-01703,QI-01446,Engineering change addressing: intermittent sensor reading failure under load,implemented,2026-08-13
EC-01704,QI-08635,Engineering change addressing: material hardness below specification,in_progress,2026-06-24
EC-01705,QI-01367,Engineering change addressing: intermittent sensor reading failure under load,in_progress,2026-03-13
EC-01706,QI-01929,Engineering change addressing: intermittent sensor reading failure under load,approved,2026-07-18
EC-01707,QI-05039,Engineering change addressing: seal leakage detected during pressure test,implemented,2026-03-15
EC-01708,QI-02386,Engineering change addressing: fastener torque inconsistency observed on assembly line,in_progress,2026-06-22
EC-01709,QI-03129,Engineering change addressing: material hardness below specification,in_progress,2026-08-10
EC-01710,QI-10781,Engineering change addressing: dimensional deviation detected during incoming inspection,approved,2026-01-11
EC-01711,QI-00496,Engineering change addressing: dimensional deviation detected during incoming inspection,approved,2026-05-03
EC-01712,QI-05443,Engineering change addressing: dimensional deviation detected during incoming inspection,proposed,2026-03-06
EC-01713,QI-01550,Engineering change addressing: intermittent sensor reading failure under load,in_progress,2026-05-13
EC-01714,QI-10910,Engineering change addressing: material hardness below specification,approved,2026-02-10
EC-01715,QI-00655,Engineering change addressing: intermittent sensor reading failure under load,approved,2026-05-01
EC-01716,QI-03829,Engineering change addressing: dimensional deviation detected during incoming inspection,approved,2026-01-25
EC-01717,QI-03738,Engineering change addressing: material hardness below specification,proposed,2026-05-13
EC-01718,QI-02669,Engineering change addressing: material hardness below specification,approved,2026-05-19
EC-01719,QI-07382,Engineering change addressing: intermittent sensor reading failure under load,approved,2026-03-24
EC-01720,QI-00541,Engineering change addressing: intermittent sensor reading failure under load,proposed,2026-03-25
EC-01721,QI-02623,Engineering change addressing: fastener torque inconsistency observed on assembly line,implemented,2026-06-12
EC-01722,QI-09914,Engineering change addressing: surface finish outside specification,proposed,2026-02-22
EC-01723,QI-03426,Engineering change addressing: intermittent sensor reading failure under load,implemented,2026-01-04
EC-01724,QI-02572,Engineering change addressing: seal leakage detected during pressure test,in_progress,2026-05-06
EC-01725,QI-09035,Engineering change addressing: intermittent sensor reading failure under load,in_progress,2026-04-08
EC-01726,QI-10777,Engineering change addressing: surface finish outside specification,implemented,2026-04-03
EC-01727,QI-04743,Engineering change addressing: intermittent sensor reading failure under load,in_progress,2026-04-18
EC-01728,QI-10643,Engineering change addressing: material hardness below specification,implemented,2026-02-19
EC-01729,QI-04366,Engineering change addressing: dimensional deviation detected during incoming inspection,in_progress,2026-08-05
EC-01730,QI-00911,Engineering change addressing: surface finish outside specification,proposed,2026-08-17
EC-01731,QI-05118,Engineering change addressing: intermittent sensor reading failure under load,approved,2026-06-23
EC-01732,QI-05425,Engineering change addressing: material hardness below specification,approved,2026-08-16
EC-01733,QI-08691,Engineering change addressing: dimensional deviation detected during incoming inspection,proposed,2026-02-03
EC-01734,QI-05333,Engineering change addressing: seal leakage detected during pressure test,implemented,2026-03-05
EC-01735,QI-04187,Engineering change addressing: intermittent sensor reading failure under load,in_progress,2026-02-20
EC-01736,QI-08060,Engineering change addressing: surface finish outside specification,implemented,2026-06-12
EC-01737,QI-06539,Engineering change addressing: surface finish outside specification,approved,2026-01-04
EC-01738,QI-01980,Engineering change addressing: surface finish outside specification,implemented,2026-07-09
EC-01739,QI-10687,Engineering change addressing: material hardness below specification,approved,2026-04-28
EC-01740,QI-05826,Engineering change addressing: seal leakage detected during pressure test,proposed,2026-08-06
EC-01741,QI-05051,Engineering change addressing: material hardness below specification,in_progress,2026-06-18
EC-01742,QI-00565,Engineering change addressing: surface finish outside specification,approved,2026-06-17
EC-01743,QI-09180,Engineering change addressing: dimensional deviation detected during incoming inspection,proposed,2026-07-16
EC-01744,QI-06048,Engineering change addressing: material hardness below specification,implemented,2026-05-01
EC-01745,QI-00603,Engineering change addressing: fastener torque inconsistency observed on assembly line,approved,2026-04-06
EC-01746,QI-11157,Engineering change addressing: intermittent sensor reading failure under load,implemented,2026-07-20
EC-01747,QI-05292,Engineering change addressing: dimensional deviation detected during incoming inspection,approved,2026-01-04
EC-01748,QI-05153,Engineering change addressing: fastener torque inconsistency observed on assembly line,in_progress,2026-08-22
EC-01749,QI-07200,Engineering change addressing: fastener torque inconsistency observed on assembly line,implemented,2026-05-16
EC-01750,QI-07467,Engineering change addressing: material hardness below specification,implemented,2026-05-25
EC-01751,QI-04661,Engineering change addressing: dimensional deviation detected during incoming inspection,in_progress,2026-03-20
EC-01752,QI-11440,Engineering change addressing: seal leakage detected during pressure test,implemented,2026-03-13
EC-01753,QI-05287,Engineering change addressing: material hardness below specification,proposed,2026-01-18
EC-01754,QI-04430,Engineering change addressing: fastener torque inconsistency observed on assembly line,proposed,2026-07-05
EC-01755,QI-07000,Engineering change addressing: intermittent sensor reading failure under load,approved,2026-08-11
EC-01756,QI-03696,Engineering change addressing: fastener torque inconsistency observed on assembly line,approved,2026-06-28
EC-01757,QI-11606,Engineering change addressing: seal leakage detected during pressure test,approved,2026-07-15
EC-01758,QI-10380,Engineering change addressing: dimensional deviation detected during incoming inspection,in_progress,2026-02-26
EC-01759,QI-08438,Engineering change addressing: material hardness below specification,in_progress,2026-01-21
EC-01760,QI-09710,Engineering change addressing: seal leakage detected during pressure test,proposed,2026-08-20
EC-01761,QI-04855,Engineering change addressing: seal leakage detected during pressure test,proposed,2026-02-18
EC-01762,QI-11390,Engineering change addressing: surface finish outside specification,proposed,2026-07-03
EC-01763,QI-08251,Engineering change addressing: dimensional deviation detected during incoming inspection,in_progress,2026-01-27
EC-01764,QI-01860,Engineering change addressing: dimensional deviation detected during incoming inspection,approved,2026-04-17
EC-01765,QI-08361,Engineering change addressing: intermittent sensor reading failure under load,proposed,2026-05-03
EC-01766,QI-01995,Engineering change addressing: dimensional deviation detected during incoming inspection,in_progress,2026-01-07
EC-01767,QI-08502,Engineering change addressing: surface finish outside specification,proposed,2026-04-10
EC-01768,QI-04753,Engineering change addressing: material hardness below specification,proposed,2026-02-12
EC-01769,QI-05344,Engineering change addressing: dimensional deviation detected during incoming inspection,approved,2026-07-20
EC-01770,QI-07730,Engineering change addressing: fastener torque inconsistency observed on assembly line,implemented,2026-06-28
EC-01771,QI-10006,Engineering change addressing: fastener torque inconsistency observed on assembly line,in_progress,2026-08-07
EC-01772,QI-01997,Engineering change addressing: seal leakage detected during pressure test,proposed,2026-06-20
EC-01773,QI-04207,Engineering change addressing: surface finish outside specification,proposed,2026-04-07
EC-01774,QI-01397,Engineering change addressing: fastener torque inconsistency observed on assembly line,implemented,2026-08-04
EC-01775,QI-10609,Engineering change addressing: material hardness below specification,approved,2026-06-12
EC-01776,QI-09466,Engineering change addressing: surface finish outside specification,approved,2026-05-19
EC-01777,QI-05285,Engineering change addressing: fastener torque inconsistency observed on assembly line,approved,2026-03-08
EC-01778,QI-04281,Engineering change addressing: seal leakage detected during pressure test,approved,2026-08-05
EC-01779,QI-10396,Engineering change addressing: material hardness below specification,in_progress,2026-08-27
EC-01780,QI-02715,Engineering change addressing: dimensional deviation detected during incoming inspection,in_progress,2026-07-22
EC-01781,QI-05859,Engineering change addressing: intermittent sensor reading failure under load,implemented,2026-02-27
EC-01782,QI-11850,Engineering change addressing: intermittent sensor reading failure under load,in_progress,2026-07-01
EC-01783,QI-07792,Engineering change addressing: dimensional deviation detected during incoming inspection,implemented,2026-05-12
EC-01784,QI-05427,Engineering change addressing: material hardness below specification,approved,2026-06-09
EC-01785,QI-06884,Engineering change addressing: dimensional deviation detected during incoming inspection,proposed,2026-01-14
EC-01786,QI-11438,Engineering change addressing: material hardness below specification,approved,2026-08-14
EC-01787,QI-06172,Engineering change addressing: material hardness below specification,in_progress,2026-08-06
EC-01788,QI-08937,Engineering change addressing: dimensional deviation detected during incoming inspection,implemented,2026-07-02
EC-01789,QI-02000,Engineering change addressing: seal leakage detected during pressure test,approved,2026-05-13
EC-01790,QI-11827,Engineering change addressing: surface finish outside specification,implemented,2026-03-07
EC-01791,QI-05478,Engineering change addressing: surface finish outside specification,in_progress,2026-06-03
EC-01792,QI-11423,Engineering change addressing: material hardness below specification,in_progress,2026-03-26
EC-01793,QI-03760,Engineering change addressing: material hardness below specification,in_progress,2026-05-06
EC-01794,QI-00938,Engineering change addressing: fastener torque inconsistency observed on assembly line,implemented,2026-08-03
EC-01795,QI-05562,Engineering change addressing: fastener torque inconsistency observed on assembly line,proposed,2026-06-10
EC-01796,QI-02910,Engineering change addressing: seal leakage detected during pressure test,proposed,2026-07-18
EC-01797,QI-10849,Engineering change addressing: fastener torque inconsistency observed on assembly line,proposed,2026-08-18
EC-01798,QI-10856,Engineering change addressing: dimensional deviation detected during incoming inspection,in_progress,2026-04-24
EC-01799,QI-06434,Engineering change addressing: surface finish outside specification,approved,2026-08-21
EC-01800,QI-06922,Engineering change addressing: surface finish outside specification,approved,2026-08-06
EC-01801,QI-02875,Engineering change addressing: intermittent sensor reading failure under load,approved,2026-04-18
EC-01802,QI-11293,Engineering change addressing: intermittent sensor reading failure under load,implemented,2026-03-11
EC-01803,QI-06951,Engineering change addressing: surface finish outside specification,in_progress,2026-02-07
EC-01804,QI-08053,Engineering change addressing: dimensional deviation detected during incoming inspection,proposed,2026-05-07
EC-01805,QI-02808,Engineering change addressing: material hardness below specification,in_progress,2026-08-05
EC-01806,QI-11573,Engineering change addressing: intermittent sensor reading failure under load,in_progress,2026-01-20
EC-01807,QI-00329,Engineering change addressing: material hardness below specification,approved,2026-07-02
EC-01808,QI-04407,Engineering change addressing: intermittent sensor reading failure under load,in_progress,2026-08-12
EC-01809,QI-08439,Engineering change addressing: dimensional deviation detected during incoming inspection,proposed,2026-04-11
EC-01810,QI-09622,Engineering change addressing: surface finish outside specification,in_progress,2026-08-23
EC-01811,QI-05700,Engineering change addressing: intermittent sensor reading failure under load,in_progress,2026-01-28
EC-01812,QI-03933,Engineering change addressing: seal leakage detected during pressure test,implemented,2026-04-13
EC-01813,QI-10252,Engineering change addressing: material hardness below specification,proposed,2026-04-14
EC-01814,QI-03276,Engineering change addressing: fastener torque inconsistency observed on assembly line,approved,2026-05-02
EC-01815,QI-02890,Engineering change addressing: intermittent sensor reading failure under load,approved,2026-05-19
EC-01816,QI-07206,Engineering change addressing: dimensional deviation detected during incoming inspection,proposed,2026-02-20
EC-01817,QI-03384,Engineering change addressing: fastener torque inconsistency observed on assembly line,in_progress,2026-01-09
EC-01818,QI-07926,Engineering change addressing: seal leakage detected during pressure test,approved,2026-06-16
EC-01819,QI-03692,Engineering change addressing: surface finish outside specification,approved,2026-04-08
EC-01820,QI-08698,Engineering change addressing: dimensional deviation detected during incoming inspection,proposed,2026-05-28
EC-01821,QI-02336,Engineering change addressing: surface finish outside specification,implemented,2026-03-12
EC-01822,QI-09746,Engineering change addressing: surface finish outside specification,implemented,2026-05-11
EC-01823,QI-00895,Engineering change addressing: seal leakage detected during pressure test,implemented,2026-02-24
EC-01824,QI-04378,Engineering change addressing: material hardness below specification,approved,2026-04-05
EC-01825,QI-01744,Engineering change addressing: seal leakage detected during pressure test,in_progress,2026-02-16
EC-01826,QI-04065,Engineering change addressing: material hardness below specification,approved,2026-02-02
EC-01827,QI-04125,Engineering change addressing: fastener torque inconsistency observed on assembly line,approved,2026-02-02
EC-01828,QI-00762,Engineering change addressing: material hardness below specification,in_progress,2026-08-21
EC-01829,QI-04334,Engineering change addressing: intermittent sensor reading failure under load,approved,2026-02-19
EC-01830,QI-11420,Engineering change addressing: intermittent sensor reading failure under load,implemented,2026-08-15
EC-01831,QI-03395,Engineering change addressing: material hardness below specification,implemented,2026-07-23
EC-01832,QI-01055,Engineering change addressing: surface finish outside specification,implemented,2026-01-15
EC-01833,QI-10807,Engineering change addressing: seal leakage detected during pressure test,proposed,2026-08-02
EC-01834,QI-00615,Engineering change addressing: fastener torque inconsistency observed on assembly line,proposed,2026-05-28
EC-01835,QI-05512,Engineering change addressing: seal leakage detected during pressure test,in_progress,2026-05-20
EC-01836,QI-11773,Engineering change addressing: intermittent sensor reading failure under load,implemented,2026-04-12
EC-01837,QI-01730,Engineering change addressing: fastener torque inconsistency observed on assembly line,approved,2026-04-07
EC-01838,QI-02838,Engineering change addressing: dimensional deviation detected during incoming inspection,implemented,2026-02-27
EC-01839,QI-07123,Engineering change addressing: dimensional deviation detected during incoming inspection,implemented,2026-06-05
EC-01840,QI-04548,Engineering change addressing: material hardness below specification,implemented,2026-01-02
EC-01841,QI-10406,Engineering change addressing: fastener torque inconsistency observed on assembly line,implemented,2026-05-24
EC-01842,QI-03107,Engineering change addressing: seal leakage detected during pressure test,implemented,2026-02-28
EC-01843,QI-01127,Engineering change addressing: fastener torque inconsistency observed on assembly line,in_progress,2026-05-04
EC-01844,QI-04155,Engineering change addressing: surface finish outside specification,approved,2026-02-09
EC-01845,QI-05296,Engineering change addressing: intermittent sensor reading failure under load,proposed,2026-07-16
EC-01846,QI-03270,Engineering change addressing: seal leakage detected during pressure test,implemented,2026-03-19
EC-01847,QI-02829,Engineering change addressing: intermittent sensor reading failure under load,implemented,2026-02-04
EC-01848,QI-11444,Engineering change addressing: intermittent sensor reading failure under load,in_progress,2026-03-11
EC-01849,QI-09304,Engineering change addressing: fastener torque inconsistency observed on assembly line,implemented,2026-03-23
EC-01850,QI-10001,Engineering change addressing: dimensional deviation detected during incoming inspection,proposed,2026-08-09
EC-01851,QI-04262,Engineering change addressing: intermittent sensor reading failure under load,approved,2026-04-17
EC-01852,QI-11088,Engineering change addressing: dimensional deviation detected during incoming inspection,approved,2026-05-19
EC-01853,QI-05862,Engineering change addressing: fastener torque inconsistency observed on assembly line,proposed,2026-06-07
EC-01854,QI-10715,Engineering change addressing: dimensional deviation detected during incoming inspection,proposed,2026-08-13
EC-01855,QI-10767,Engineering change addressing: intermittent sensor reading failure under load,proposed,2026-07-23
EC-01856,QI-09838,Engineering change addressing: fastener torque inconsistency observed on assembly line,approved,2026-05-25
EC-01857,QI-09173,Engineering change addressing: seal leakage detected during pressure test,approved,2026-05-02
EC-01858,QI-01324,Engineering change addressing: intermittent sensor reading failure under load,in_progress,2026-06-25
EC-01859,QI-03750,Engineering change addressing: surface finish outside specification,in_progress,2026-05-28
EC-01860,QI-01952,Engineering change addressing: surface finish outside specification,in_progress,2026-04-18
EC-01861,QI-08926,Engineering change addressing: fastener torque inconsistency observed on assembly line,in_progress,2026-07-25
EC-01862,QI-09275,Engineering change addressing: intermittent sensor reading failure under load,proposed,2026-06-24
EC-01863,QI-11401,Engineering change addressing: dimensional deviation detected during incoming inspection,proposed,2026-01-10
EC-01864,QI-11060,Engineering change addressing: intermittent sensor reading failure under load,proposed,2026-07-21
EC-01865,QI-04338,Engineering change addressing: dimensional deviation detected during incoming inspection,in_progress,2026-04-11
EC-01866,QI-11010,Engineering change addressing: dimensional deviation detected during incoming inspection,in_progress,2026-04-20
EC-01867,QI-03571,Engineering change addressing: intermittent sensor reading failure under load,proposed,2026-05-11
EC-01868,QI-07894,Engineering change addressing: intermittent sensor reading failure under load,in_progress,2026-07-20
EC-01869,QI-05294,Engineering change addressing: surface finish outside specification,in_progress,2026-02-05
EC-01870,QI-06690,Engineering change addressing: intermittent sensor reading failure under load,implemented,2026-03-11
EC-01871,QI-04525,Engineering change addressing: intermittent sensor reading failure under load,implemented,2026-04-26
EC-01872,QI-04267,Engineering change addressing: material hardness below specification,in_progress,2026-04-05
EC-01873,QI-01982,Engineering change addressing: seal leakage detected during pressure test,approved,2026-08-16
EC-01874,QI-08617,Engineering change addressing: material hardness below specification,implemented,2026-08-06
EC-01875,QI-06677,Engineering change addressing: fastener torque inconsistency observed on assembly line,proposed,2026-03-15
EC-01876,QI-04216,Engineering change addressing: material hardness below specification,proposed,2026-06-14
EC-01877,QI-00421,Engineering change addressing: fastener torque inconsistency observed on assembly line,proposed,2026-06-26
EC-01878,QI-01206,Engineering change addressing: surface finish outside specification,approved,2026-03-02
EC-01879,QI-07952,Engineering change addressing: intermittent sensor reading failure under load,proposed,2026-06-08
EC-01880,QI-04143,Engineering change addressing: material hardness below specification,approved,2026-02-07
EC-01881,QI-04163,Engineering change addressing: seal leakage detected during pressure test,approved,2026-07-05
EC-01882,QI-11264,Engineering change addressing: surface finish outside specification,implemented,2026-07-28
EC-01883,QI-01181,Engineering change addressing: fastener torque inconsistency observed on assembly line,approved,2026-04-03
EC-01884,QI-07774,Engineering change addressing: seal leakage detected during pressure test,approved,2026-07-03
EC-01885,QI-05028,Engineering change addressing: seal leakage detected during pressure test,implemented,2026-08-09
EC-01886,QI-09148,Engineering change addressing: intermittent sensor reading failure under load,approved,2026-06-20
EC-01887,QI-07080,Engineering change addressing: seal leakage detected during pressure test,approved,2026-01-27
EC-01888,QI-05210,Engineering change addressing: dimensional deviation detected during incoming inspection,in_progress,2026-04-09
EC-01889,QI-05703,Engineering change addressing: material hardness below specification,approved,2026-06-23
EC-01890,QI-11182,Engineering change addressing: material hardness below specification,implemented,2026-07-02
EC-01891,QI-06425,Engineering change addressing: material hardness below specification,approved,2026-03-26
EC-01892,QI-11892,Engineering change addressing: material hardness below specification,approved,2026-07-23
EC-01893,QI-04485,Engineering change addressing: seal leakage detected during pressure test,approved,2026-08-16
EC-01894,QI-01957,Engineering change addressing: fastener torque inconsistency observed on assembly line,approved,2026-06-25
EC-01895,QI-06860,Engineering change addressing: surface finish outside specification,in_progress,2026-05-13
EC-01896,QI-10620,Engineering change addressing: fastener torque inconsistency observed on assembly line,implemented,2026-05-26
EC-01897,QI-08554,Engineering change addressing: material hardness below specification,in_progress,2026-07-17
EC-01898,QI-02245,Engineering change addressing: material hardness below specification,in_progress,2026-07-04
EC-01899,QI-09577,Engineering change addressing: fastener torque inconsistency observed on assembly line,approved,2026-02-26
EC-01900,QI-11585,Engineering change addressing: material hardness below specification,in_progress,2026-07-13
EC-01901,QI-09989,Engineering change addressing: fastener torque inconsistency observed on assembly line,proposed,2026-03-03
EC-01902,QI-05519,Engineering change addressing: surface finish outside specification,proposed,2026-02-27
EC-01903,QI-04303,Engineering change addressing: fastener torque inconsistency observed on assembly line,implemented,2026-04-04
EC-01904,QI-04631,Engineering change addressing: surface finish outside specification,approved,2026-03-20
EC-01905,QI-10182,Engineering change addressing: dimensional deviation detected during incoming inspection,approved,2026-01-02
EC-01906,QI-08462,Engineering change addressing: seal leakage detected during pressure test,proposed,2026-03-01
EC-01907,QI-02980,Engineering change addressing: intermittent sensor reading failure under load,proposed,2026-05-15
EC-01908,QI-01979,Engineering change addressing: dimensional deviation detected during incoming inspection,in_progress,2026-06-26
EC-01909,QI-06275,Engineering change addressing: intermittent sensor reading failure under load,in_progress,2026-08-10
EC-01910,QI-05868,Engineering change addressing: dimensional deviation detected during incoming inspection,approved,2026-03-03
EC-01911,QI-07771,Engineering change addressing: intermittent sensor reading failure under load,approved,2026-01-09
EC-01912,QI-03828,Engineering change addressing: intermittent sensor reading failure under load,in_progress,2026-04-05
EC-01913,QI-03121,Engineering change addressing: dimensional deviation detected during incoming inspection,in_progress,2026-02-21
EC-01914,QI-02953,Engineering change addressing: surface finish outside specification,approved,2026-05-16
EC-01915,QI-05059,Engineering change addressing: fastener torque inconsistency observed on assembly line,approved,2026-08-03
EC-01916,QI-06192,Engineering change addressing: dimensional deviation detected during incoming inspection,in_progress,2026-06-17
EC-01917,QI-09314,Engineering change addressing: intermittent sensor reading failure under load,approved,2026-05-21
EC-01918,QI-09603,Engineering change addressing: intermittent sensor reading failure under load,proposed,2026-05-07
EC-01919,QI-07284,Engineering change addressing: fastener torque inconsistency observed on assembly line,in_progress,2026-08-14
EC-01920,QI-07837,Engineering change addressing: dimensional deviation detected during incoming inspection,in_progress,2026-02-06
EC-01921,QI-06032,Engineering change addressing: seal leakage detected during pressure test,in_progress,2026-04-02
EC-01922,QI-06763,Engineering change addressing: intermittent sensor reading failure under load,implemented,2026-07-08
EC-01923,QI-05582,Engineering change addressing: fastener torque inconsistency observed on assembly line,approved,2026-03-20
EC-01924,QI-00198,Engineering change addressing: fastener torque inconsistency observed on assembly line,implemented,2026-07-19
EC-01925,QI-06709,Engineering change addressing: fastener torque inconsistency observed on assembly line,implemented,2026-07-06
EC-01926,QI-08675,Engineering change addressing: fastener torque inconsistency observed on assembly line,proposed,2026-07-22
EC-01927,QI-01185,Engineering change addressing: surface finish outside specification,in_progress,2026-04-06
EC-01928,QI-08273,Engineering change addressing: material hardness below specification,in_progress,2026-04-19
EC-01929,QI-10481,Engineering change addressing: dimensional deviation detected during incoming inspection,approved,2026-02-18
EC-01930,QI-09223,Engineering change addressing: surface finish outside specification,implemented,2026-02-12
EC-01931,QI-07035,Engineering change addressing: material hardness below specification,in_progress,2026-06-17
EC-01932,QI-02538,Engineering change addressing: dimensional deviation detected during incoming inspection,implemented,2026-03-21
EC-01933,QI-06362,Engineering change addressing: intermittent sensor reading failure under load,proposed,2026-04-07
EC-01934,QI-01758,Engineering change addressing: seal leakage detected during pressure test,implemented,2026-07-17
EC-01935,QI-02011,Engineering change addressing: seal leakage detected during pressure test,in_progress,2026-06-04
EC-01936,QI-06076,Engineering change addressing: fastener torque inconsistency observed on assembly line,implemented,2026-08-21
EC-01937,QI-10268,Engineering change addressing: seal leakage detected during pressure test,implemented,2026-01-02
EC-01938,QI-01223,Engineering change addressing: intermittent sensor reading failure under load,approved,2026-07-14
EC-01939,QI-00016,Engineering change addressing: dimensional deviation detected during incoming inspection,approved,2026-04-08
EC-01940,QI-00215,Engineering change addressing: intermittent sensor reading failure under load,in_progress,2026-06-27
EC-01941,QI-11362,Engineering change addressing: intermittent sensor reading failure under load,proposed,2026-06-16
EC-01942,QI-05175,Engineering change addressing: fastener torque inconsistency observed on assembly line,in_progress,2026-01-27
EC-01943,QI-03628,Engineering change addressing: surface finish outside specification,in_progress,2026-08-14
EC-01944,QI-02673,Engineering change addressing: material hardness below specification,implemented,2026-03-03
EC-01945,QI-08565,Engineering change addressing: dimensional deviation detected during incoming inspection,in_progress,2026-01-21
EC-01946,QI-10694,Engineering change addressing: material hardness below specification,approved,2026-02-21
EC-01947,QI-05087,Engineering change addressing: material hardness below specification,approved,2026-03-24
EC-01948,QI-09296,Engineering change addressing: dimensional deviation detected during incoming inspection,proposed,2026-07-10
EC-01949,QI-08573,Engineering change addressing: fastener torque inconsistency observed on assembly line,approved,2026-04-20
EC-01950,QI-09652,Engineering change addressing: material hardness below specification,implemented,2026-08-23
EC-01951,QI-03181,Engineering change addressing: surface finish outside specification,approved,2026-05-17
EC-01952,QI-06410,Engineering change addressing: dimensional deviation detected during incoming inspection,approved,2026-03-01
EC-01953,QI-05943,Engineering change addressing: seal leakage detected during pressure test,approved,2026-08-22
EC-01954,QI-10882,Engineering change addressing: fastener torque inconsistency observed on assembly line,in_progress,2026-03-23
EC-01955,QI-06131,Engineering change addressing: material hardness below specification,in_progress,2026-08-02
EC-01956,QI-00661,Engineering change addressing: fastener torque inconsistency observed on assembly line,proposed,2026-04-18
EC-01957,QI-05280,Engineering change addressing: intermittent sensor reading failure under load,proposed,2026-05-09
EC-01958,QI-07526,Engineering change addressing: intermittent sensor reading failure under load,in_progress,2026-05-06
EC-01959,QI-10789,Engineering change addressing: surface finish outside specification,proposed,2026-05-08
EC-01960,QI-03619,Engineering change addressing: intermittent sensor reading failure under load,implemented,2026-05-03
EC-01961,QI-02753,Engineering change addressing: material hardness below specification,in_progress,2026-02-24
EC-01962,QI-02230,Engineering change addressing: material hardness below specification,implemented,2026-01-23
EC-01963,QI-07943,Engineering change addressing: surface finish outside specification,in_progress,2026-06-16
EC-01964,QI-03495,Engineering change addressing: fastener torque inconsistency observed on assembly line,implemented,2026-05-17
EC-01965,QI-06260,Engineering change addressing: dimensional deviation detected during incoming inspection,in_progress,2026-06-02
EC-01966,QI-07317,Engineering change addressing: surface finish outside specification,implemented,2026-05-06
EC-01967,QI-09968,Engineering change addressing: dimensional deviation detected during incoming inspection,implemented,2026-05-04
EC-01968,QI-09886,Engineering change addressing: seal leakage detected during pressure test,in_progress,2026-04-04
EC-01969,QI-07762,Engineering change addressing: material hardness below specification,implemented,2026-01-26
EC-01970,QI-10346,Engineering change addressing: surface finish outside specification,approved,2026-05-10
EC-01971,QI-01841,Engineering change addressing: surface finish outside specification,approved,2026-03-12
EC-01972,QI-01348,Engineering change addressing: intermittent sensor reading failure under load,proposed,2026-01-23
EC-01973,QI-07657,Engineering change addressing: fastener torque inconsistency observed on assembly line,approved,2026-05-23
EC-01974,QI-08398,Engineering change addressing: fastener torque inconsistency observed on assembly line,approved,2026-03-08
EC-01975,QI-07561,Engineering change addressing: fastener torque inconsistency observed on assembly line,implemented,2026-04-28
EC-01976,QI-07765,Engineering change addressing: intermittent sensor reading failure under load,proposed,2026-03-24
EC-01977,QI-06908,Engineering change addressing: intermittent sensor reading failure under load,implemented,2026-04-04
EC-01978,QI-02766,Engineering change addressing: seal leakage detected during pressure test,approved,2026-02-05
EC-01979,QI-04971,Engineering change addressing: fastener torque inconsistency observed on assembly line,in_progress,2026-07-12
EC-01980,QI-04068,Engineering change addressing: surface finish outside specification,implemented,2026-04-28
EC-01981,QI-10304,Engineering change addressing: surface finish outside specification,approved,2026-07-21
EC-01982,QI-07679,Engineering change addressing: intermittent sensor reading failure under load,proposed,2026-08-24
EC-01983,QI-11512,Engineering change addressing: fastener torque inconsistency observed on assembly line,approved,2026-08-22
EC-01984,QI-01212,Engineering change addressing: dimensional deviation detected during incoming inspection,approved,2026-03-28
EC-01985,QI-03324,Engineering change addressing: surface finish outside specification,in_progress,2026-03-02
EC-01986,QI-10894,Engineering change addressing: material hardness below specification,implemented,2026-04-05
EC-01987,QI-03192,Engineering change addressing: surface finish outside specification,in_progress,2026-02-01
EC-01988,QI-06554,Engineering change addressing: intermittent sensor reading failure under load,implemented,2026-05-17
EC-01989,QI-02023,Engineering change addressing: surface finish outside specification,implemented,2026-05-21
EC-01990,QI-11971,Engineering change addressing: dimensional deviation detected during incoming inspection,approved,2026-03-17
EC-01991,QI-04477,Engineering change addressing: material hardness below specification,in_progress,2026-01-06
EC-01992,QI-00024,Engineering change addressing: fastener torque inconsistency observed on assembly line,approved,2026-01-25
EC-01993,QI-05234,Engineering change addressing: material hardness below specification,implemented,2026-08-05
EC-01994,QI-00957,Engineering change addressing: dimensional deviation detected during incoming inspection,in_progress,2026-01-21
EC-01995,QI-01357,Engineering change addressing: fastener torque inconsistency observed on assembly line,proposed,2026-08-13
EC-01996,QI-07522,Engineering change addressing: fastener torque inconsistency observed on assembly line,proposed,2026-04-16
EC-01997,QI-07879,Engineering change addressing: surface finish outside specification,approved,2026-08-25
EC-01998,QI-03955,Engineering change addressing: dimensional deviation detected during incoming inspection,approved,2026-02-26
EC-01999,QI-07798,Engineering change addressing: fastener torque inconsistency observed on assembly line,approved,2026-02-20
EC-02000,QI-11403,Engineering change addressing: fastener torque inconsistency observed on assembly line,proposed,2026-02-26
EC-02001,QI-08035,Engineering change addressing: surface finish outside specification,in_progress,2026-08-02
EC-02002,QI-03582,Engineering change addressing: seal leakage detected during pressure test,implemented,2026-07-17
EC-02003,QI-06462,Engineering change addressing: dimensional deviation detected during incoming inspection,in_progress,2026-04-14
EC-02004,QI-07703,Engineering change addressing: seal leakage detected during pressure test,proposed,2026-08-17
EC-02005,QI-03134,Engineering change addressing: surface finish outside specification,implemented,2026-03-15
EC-02006,QI-11424,Engineering change addressing: fastener torque inconsistency observed on assembly line,approved,2026-05-04
EC-02007,QI-07174,Engineering change addressing: surface finish outside specification,in_progress,2026-02-14
EC-02008,QI-06440,Engineering change addressing: material hardness below specification,proposed,2026-05-02
EC-02009,QI-10820,Engineering change addressing: surface finish outside specification,approved,2026-04-03
EC-02010,QI-03398,Engineering change addressing: intermittent sensor reading failure under load,proposed,2026-06-28
EC-02011,QI-00390,Engineering change addressing: dimensional deviation detected during incoming inspection,proposed,2026-04-06
EC-02012,QI-01184,Engineering change addressing: seal leakage detected during pressure test,approved,2026-07-27
EC-02013,QI-00830,Engineering change addressing: seal leakage detected during pressure test,proposed,2026-05-18
EC-02014,QI-04541,Engineering change addressing: dimensional deviation detected during incoming inspection,approved,2026-04-07
EC-02015,QI-07468,Engineering change addressing: material hardness below specification,in_progress,2026-03-28
EC-02016,QI-10485,Engineering change addressing: seal leakage detected during pressure test,implemented,2026-02-05
EC-02017,QI-09656,Engineering change addressing: seal leakage detected during pressure test,approved,2026-01-26
EC-02018,QI-01091,Engineering change addressing: intermittent sensor reading failure under load,implemented,2026-04-07
EC-02019,QI-11714,Engineering change addressing: seal leakage detected during pressure test,implemented,2026-05-11
EC-02020,QI-07198,Engineering change addressing: seal leakage detected during pressure test,implemented,2026-02-21
EC-02021,QI-09383,Engineering change addressing: dimensional deviation detected during incoming inspection,approved,2026-04-21
EC-02022,QI-07115,Engineering change addressing: surface finish outside specification,implemented,2026-06-08
EC-02023,QI-04251,Engineering change addressing: material hardness below specification,in_progress,2026-07-14
EC-02024,QI-00599,Engineering change addressing: surface finish outside specification,in_progress,2026-08-07
EC-02025,QI-10117,Engineering change addressing: surface finish outside specification,in_progress,2026-04-20
EC-02026,QI-04747,Engineering change addressing: fastener torque inconsistency observed on assembly line,in_progress,2026-01-01
EC-02027,QI-09776,Engineering change addressing: fastener torque inconsistency observed on assembly line,in_progress,2026-05-21
EC-02028,QI-02252,Engineering change addressing: intermittent sensor reading failure under load,implemented,2026-05-01
EC-02029,QI-07410,Engineering change addressing: intermittent sensor reading failure under load,implemented,2026-06-02
EC-02030,QI-02064,Engineering change addressing: material hardness below specification,approved,2026-02-05
EC-02031,QI-07483,Engineering change addressing: dimensional deviation detected during incoming inspection,implemented,2026-02-02
EC-02032,QI-03642,Engineering change addressing: fastener torque inconsistency observed on assembly line,implemented,2026-03-01
EC-02033,QI-07029,Engineering change addressing: intermittent sensor reading failure under load,proposed,2026-06-24
EC-02034,QI-07227,Engineering change addressing: seal leakage detected during pressure test,proposed,2026-04-16
EC-02035,QI-03372,Engineering change addressing: intermittent sensor reading failure under load,implemented,2026-05-25
EC-02036,QI-08455,Engineering change addressing: material hardness below specification,proposed,2026-07-19
EC-02037,QI-08596,Engineering change addressing: surface finish outside specification,implemented,2026-03-09
EC-02038,QI-01289,Engineering change addressing: material hardness below specification,approved,2026-08-06
EC-02039,QI-09150,Engineering change addressing: dimensional deviation detected during incoming inspection,implemented,2026-08-05
EC-02040,QI-03522,Engineering change addressing: dimensional deviation detected during incoming inspection,proposed,2026-01-07
EC-02041,QI-00298,Engineering change addressing: surface finish outside specification,proposed,2026-01-27
EC-02042,QI-00015,Engineering change addressing: fastener torque inconsistency observed on assembly line,implemented,2026-04-14
EC-02043,QI-01720,Engineering change addressing: fastener torque inconsistency observed on assembly line,proposed,2026-02-19
EC-02044,QI-03133,Engineering change addressing: dimensional deviation detected during incoming inspection,approved,2026-06-02
EC-02045,QI-04164,Engineering change addressing: surface finish outside specification,implemented,2026-03-05
EC-02046,QI-11388,Engineering change addressing: material hardness below specification,approved,2026-07-26
EC-02047,QI-06861,Engineering change addressing: intermittent sensor reading failure under load,implemented,2026-07-25
EC-02048,QI-06797,Engineering change addressing: material hardness below specification,implemented,2026-05-19
EC-02049,QI-08766,Engineering change addressing: material hardness below specification,implemented,2026-03-27
EC-02050,QI-06237,Engineering change addressing: intermittent sensor reading failure under load,approved,2026-01-17
EC-02051,QI-03771,Engineering change addressing: dimensional deviation detected during incoming inspection,in_progress,2026-02-26
EC-02052,QI-06364,Engineering change addressing: fastener torque inconsistency observed on assembly line,in_progress,2026-08-12
EC-02053,QI-05081,Engineering change addressing: intermittent sensor reading failure under load,implemented,2026-04-10
EC-02054,QI-03051,Engineering change addressing: intermittent sensor reading failure under load,implemented,2026-05-12
EC-02055,QI-07292,Engineering change addressing: material hardness below specification,proposed,2026-02-02
EC-02056,QI-03037,Engineering change addressing: intermittent sensor reading failure under load,in_progress,2026-04-07
EC-02057,QI-08094,Engineering change addressing: dimensional deviation detected during incoming inspection,approved,2026-01-26
EC-02058,QI-10956,Engineering change addressing: intermittent sensor reading failure under load,approved,2026-07-23
EC-02059,QI-02678,Engineering change addressing: surface finish outside specification,approved,2026-02-03
EC-02060,QI-07241,Engineering change addressing: fastener torque inconsistency observed on assembly line,proposed,2026-03-09
EC-02061,QI-06346,Engineering change addressing: fastener torque inconsistency observed on assembly line,in_progress,2026-03-19
EC-02062,QI-11273,Engineering change addressing: surface finish outside specification,implemented,2026-02-09
EC-02063,QI-05050,Engineering change addressing: dimensional deviation detected during incoming inspection,proposed,2026-04-14
EC-02064,QI-06302,Engineering change addressing: fastener torque inconsistency observed on assembly line,implemented,2026-04-27
EC-02065,QI-08745,Engineering change addressing: intermittent sensor reading failure under load,implemented,2026-04-02
EC-02066,QI-09563,Engineering change addressing: dimensional deviation detected during incoming inspection,proposed,2026-08-05
EC-02067,QI-01526,Engineering change addressing: dimensional deviation detected during incoming inspection,approved,2026-04-03
EC-02068,QI-05124,Engineering change addressing: intermittent sensor reading failure under load,implemented,2026-07-07
EC-02069,QI-11244,Engineering change addressing: surface finish outside specification,in_progress,2026-01-09
EC-02070,QI-09943,Engineering change addressing: intermittent sensor reading failure under load,in_progress,2026-07-09
EC-02071,QI-00359,Engineering change addressing: intermittent sensor reading failure under load,implemented,2026-02-26
EC-02072,QI-09737,Engineering change addressing: material hardness below specification,proposed,2026-03-03
EC-02073,QI-06657,Engineering change addressing: intermittent sensor reading failure under load,proposed,2026-05-05
EC-02074,QI-10639,Engineering change addressing: fastener torque inconsistency observed on assembly line,in_progress,2026-08-21
EC-02075,QI-01560,Engineering change addressing: intermittent sensor reading failure under load,in_progress,2026-05-23
EC-02076,QI-03857,Engineering change addressing: dimensional deviation detected during incoming inspection,implemented,2026-07-03
EC-02077,QI-06859,Engineering change addressing: intermittent sensor reading failure under load,proposed,2026-02-13
EC-02078,QI-07037,Engineering change addressing: material hardness below specification,approved,2026-06-20
EC-02079,QI-01977,Engineering change addressing: material hardness below specification,implemented,2026-07-03
EC-02080,QI-03689,Engineering change addressing: surface finish outside specification,proposed,2026-03-03
EC-02081,QI-00647,Engineering change addressing: intermittent sensor reading failure under load,implemented,2026-03-01
EC-02082,QI-06353,Engineering change addressing: seal leakage detected during pressure test,proposed,2026-07-17
EC-02083,QI-00371,Engineering change addressing: material hardness below specification,approved,2026-03-28
EC-02084,QI-02164,Engineering change addressing: material hardness below specification,implemented,2026-04-12
EC-02085,QI-01221,Engineering change addressing: material hardness below specification,implemented,2026-01-05
EC-02086,QI-01452,Engineering change addressing: dimensional deviation detected during incoming inspection,approved,2026-05-04
EC-02087,QI-10097,Engineering change addressing: seal leakage detected during pressure test,implemented,2026-04-11
EC-02088,QI-05406,Engineering change addressing: intermittent sensor reading failure under load,approved,2026-08-09
EC-02089,QI-06506,Engineering change addressing: dimensional deviation detected during incoming inspection,implemented,2026-06-28
EC-02090,QI-10963,Engineering change addressing: material hardness below specification,proposed,2026-06-08
EC-02091,QI-00790,Engineering change addressing: surface finish outside specification,proposed,2026-01-10
EC-02092,QI-07066,Engineering change addressing: surface finish outside specification,in_progress,2026-06-18
EC-02093,QI-06080,Engineering change addressing: material hardness below specification,approved,2026-04-20
EC-02094,QI-01481,Engineering change addressing: intermittent sensor reading failure under load,implemented,2026-08-10
EC-02095,QI-08556,Engineering change addressing: seal leakage detected during pressure test,implemented,2026-01-07
EC-02096,QI-00616,Engineering change addressing: intermittent sensor reading failure under load,in_progress,2026-06-10
EC-02097,QI-08227,Engineering change addressing: seal leakage detected during pressure test,approved,2026-01-09
EC-02098,QI-04261,Engineering change addressing: surface finish outside specification,in_progress,2026-03-06
EC-02099,QI-03022,Engineering change addressing: dimensional deviation detected during incoming inspection,implemented,2026-06-02
EC-02100,QI-02018,Engineering change addressing: fastener torque inconsistency observed on assembly line,implemented,2026-04-16
EC-02101,QI-02644,Engineering change addressing: fastener torque inconsistency observed on assembly line,in_progress,2026-08-08
EC-02102,QI-00170,Engineering change addressing: intermittent sensor reading failure under load,implemented,2026-04-04
EC-02103,QI-08528,Engineering change addressing: seal leakage detected during pressure test,proposed,2026-04-23
EC-02104,QI-04999,Engineering change addressing: dimensional deviation detected during incoming inspection,in_progress,2026-02-07
EC-02105,QI-11235,Engineering change addressing: dimensional deviation detected during incoming inspection,in_progress,2026-07-11
EC-02106,QI-08180,Engineering change addressing: material hardness below specification,approved,2026-07-01
EC-02107,QI-00526,Engineering change addressing: seal leakage detected during pressure test,in_progress,2026-05-03
EC-02108,QI-00479,Engineering change addressing: dimensional deviation detected during incoming inspection,approved,2026-05-03
EC-02109,QI-02409,Engineering change addressing: intermittent sensor reading failure under load,implemented,2026-08-14
EC-02110,QI-10277,Engineering change addressing: intermittent sensor reading failure under load,approved,2026-07-13
EC-02111,QI-07932,Engineering change addressing: surface finish outside specification,approved,2026-03-28
EC-02112,QI-05260,Engineering change addressing: surface finish outside specification,proposed,2026-05-08
EC-02113,QI-05532,Engineering change addressing: dimensional deviation detected during incoming inspection,in_progress,2026-01-12
EC-02114,QI-03117,Engineering change addressing: material hardness below specification,implemented,2026-02-28
EC-02115,QI-02256,Engineering change addressing: dimensional deviation detected during incoming inspection,proposed,2026-03-28
EC-02116,QI-11133,Engineering change addressing: intermittent sensor reading failure under load,in_progress,2026-07-04
EC-02117,QI-05875,Engineering change addressing: fastener torque inconsistency observed on assembly line,implemented,2026-03-21
EC-02118,QI-11195,Engineering change addressing: intermittent sensor reading failure under load,in_progress,2026-01-28
EC-02119,QI-06146,Engineering change addressing: surface finish outside specification,approved,2026-06-24
EC-02120,QI-02070,Engineering change addressing: material hardness below specification,in_progress,2026-01-20
EC-02121,QI-01896,Engineering change addressing: dimensional deviation detected during incoming inspection,proposed,2026-07-15
EC-02122,QI-01513,Engineering change addressing: dimensional deviation detected during incoming inspection,implemented,2026-05-06
EC-02123,QI-09051,Engineering change addressing: surface finish outside specification,in_progress,2026-01-16
EC-02124,QI-10364,Engineering change addressing: seal leakage detected during pressure test,proposed,2026-04-28
EC-02125,QI-07910,Engineering change addressing: seal leakage detected during pressure test,implemented,2026-05-23
EC-02126,QI-02582,Engineering change addressing: material hardness below specification,approved,2026-01-15
EC-02127,QI-03794,Engineering change addressing: material hardness below specification,approved,2026-02-01
EC-02128,QI-00345,Engineering change addressing: intermittent sensor reading failure under load,implemented,2026-06-19
EC-02129,QI-00107,Engineering change addressing: surface finish outside specification,implemented,2026-05-07
EC-02130,QI-00317,Engineering change addressing: fastener torque inconsistency observed on assembly line,proposed,2026-06-11
EC-02131,QI-04127,Engineering change addressing: seal leakage detected during pressure test,implemented,2026-06-12
EC-02132,QI-03025,Engineering change addressing: intermittent sensor reading failure under load,proposed,2026-08-04
EC-02133,QI-06574,Engineering change addressing: material hardness below specification,proposed,2026-02-10
EC-02134,QI-07953,Engineering change addressing: surface finish outside specification,in_progress,2026-02-03
EC-02135,QI-06043,Engineering change addressing: seal leakage detected during pressure test,implemented,2026-06-02
EC-02136,QI-01620,Engineering change addressing: fastener torque inconsistency observed on assembly line,implemented,2026-02-26
EC-02137,QI-07434,Engineering change addressing: dimensional deviation detected during incoming inspection,in_progress,2026-06-16
EC-02138,QI-06477,Engineering change addressing: intermittent sensor reading failure under load,proposed,2026-07-20
EC-02139,QI-04829,Engineering change addressing: surface finish outside specification,in_progress,2026-02-06
EC-02140,QI-03478,Engineering change addressing: fastener torque inconsistency observed on assembly line,in_progress,2026-02-05
EC-02141,QI-09152,Engineering change addressing: seal leakage detected during pressure test,in_progress,2026-06-11
EC-02142,QI-11150,Engineering change addressing: surface finish outside specification,approved,2026-07-28
EC-02143,QI-11991,Engineering change addressing: surface finish outside specification,proposed,2026-06-08
EC-02144,QI-01007,Engineering change addressing: fastener torque inconsistency observed on assembly line,implemented,2026-06-11
EC-02145,QI-05738,Engineering change addressing: intermittent sensor reading failure under load,approved,2026-07-19
EC-02146,QI-06030,Engineering change addressing: material hardness below specification,approved,2026-06-10
EC-02147,QI-04824,Engineering change addressing: fastener torque inconsistency observed on assembly line,proposed,2026-07-03
EC-02148,QI-07755,Engineering change addressing: dimensional deviation detected during incoming inspection,proposed,2026-04-11
EC-02149,QI-01539,Engineering change addressing: fastener torque inconsistency observed on assembly line,in_progress,2026-06-22
EC-02150,QI-00212,Engineering change addressing: fastener torque inconsistency observed on assembly line,proposed,2026-03-07
EC-02151,QI-02939,Engineering change addressing: material hardness below specification,implemented,2026-06-10
EC-02152,QI-07690,Engineering change addressing: seal leakage detected during pressure test,proposed,2026-08-14
EC-02153,QI-03621,Engineering change addressing: fastener torque inconsistency observed on assembly line,implemented,2026-07-01
EC-02154,QI-03624,Engineering change addressing: material hardness below specification,proposed,2026-01-06
EC-02155,QI-09551,Engineering change addressing: dimensional deviation detected during incoming inspection,approved,2026-03-23
EC-02156,QI-00160,Engineering change addressing: surface finish outside specification,proposed,2026-05-19
EC-02157,QI-02720,Engineering change addressing: intermittent sensor reading failure under load,proposed,2026-08-19
EC-02158,QI-00076,Engineering change addressing: intermittent sensor reading failure under load,approved,2026-06-20
EC-02159,QI-10030,Engineering change addressing: seal leakage detected during pressure test,in_progress,2026-05-06
EC-02160,QI-05587,Engineering change addressing: surface finish outside specification,in_progress,2026-03-12
EC-02161,QI-03492,Engineering change addressing: seal leakage detected during pressure test,in_progress,2026-06-04
EC-02162,QI-11185,Engineering change addressing: intermittent sensor reading failure under load,in_progress,2026-08-20
EC-02163,QI-07168,Engineering change addressing: fastener torque inconsistency observed on assembly line,implemented,2026-03-28
EC-02164,QI-03990,Engineering change addressing: seal leakage detected during pressure test,approved,2026-08-20
EC-02165,QI-10187,Engineering change addressing: material hardness below specification,proposed,2026-07-26
EC-02166,QI-11823,Engineering change addressing: fastener torque inconsistency observed on assembly line,proposed,2026-07-24
EC-02167,QI-07480,Engineering change addressing: dimensional deviation detected during incoming inspection,in_progress,2026-02-07
EC-02168,QI-06683,Engineering change addressing: intermittent sensor reading failure under load,implemented,2026-06-01
EC-02169,QI-06841,Engineering change addressing: material hardness below specification,approved,2026-07-09
EC-02170,QI-10370,Engineering change addressing: surface finish outside specification,proposed,2026-02-15
EC-02171,QI-01994,Engineering change addressing: material hardness below specification,approved,2026-01-02
EC-02172,QI-09032,Engineering change addressing: dimensional deviation detected during incoming inspection,proposed,2026-03-01
EC-02173,QI-07532,Engineering change addressing: intermittent sensor reading failure under load,approved,2026-08-17
EC-02174,QI-05236,Engineering change addressing: fastener torque inconsistency observed on assembly line,implemented,2026-02-03
EC-02175,QI-05367,Engineering change addressing: material hardness below specification,proposed,2026-02-28
EC-02176,QI-07246,Engineering change addressing: material hardness below specification,approved,2026-04-26
EC-02177,QI-05758,Engineering change addressing: intermittent sensor reading failure under load,approved,2026-03-19
EC-02178,QI-07878,Engineering change addressing: material hardness below specification,proposed,2026-05-21
EC-02179,QI-11795,Engineering change addressing: material hardness below specification,in_progress,2026-08-08
EC-02180,QI-09703,Engineering change addressing: intermittent sensor reading failure under load,implemented,2026-02-19
EC-02181,QI-00673,Engineering change addressing: seal leakage detected during pressure test,proposed,2026-07-24
EC-02182,QI-11540,Engineering change addressing: surface finish outside specification,in_progress,2026-01-12
EC-02183,QI-01287,Engineering change addressing: seal leakage detected during pressure test,proposed,2026-06-28
EC-02184,QI-08607,Engineering change addressing: material hardness below specification,approved,2026-01-22
EC-02185,QI-03598,Engineering change addressing: seal leakage detected during pressure test,in_progress,2026-08-02
EC-02186,QI-02361,Engineering change addressing: fastener torque inconsistency observed on assembly line,approved,2026-03-28
EC-02187,QI-00794,Engineering change addressing: surface finish outside specification,in_progress,2026-02-26
EC-02188,QI-02463,Engineering change addressing: surface finish outside specification,proposed,2026-03-18
EC-02189,QI-06204,Engineering change addressing: material hardness below specification,implemented,2026-07-11
EC-02190,QI-05941,Engineering change addressing: seal leakage detected during pressure test,approved,2026-01-20
EC-02191,QI-03211,Engineering change addressing: dimensional deviation detected during incoming inspection,approved,2026-05-05
EC-02192,QI-08006,Engineering change addressing: dimensional deviation detected during incoming inspection,in_progress,2026-04-02
EC-02193,QI-10673,Engineering change addressing: surface finish outside specification,implemented,2026-05-10
EC-02194,QI-00519,Engineering change addressing: seal leakage detected during pressure test,implemented,2026-05-13
EC-02195,QI-10124,Engineering change addressing: fastener torque inconsistency observed on assembly line,in_progress,2026-04-11
EC-02196,QI-10095,Engineering change addressing: surface finish outside specification,approved,2026-03-24
EC-02197,QI-06530,Engineering change addressing: fastener torque inconsistency observed on assembly line,implemented,2026-03-02
EC-02198,QI-10334,Engineering change addressing: fastener torque inconsistency observed on assembly line,in_progress,2026-07-15
EC-02199,QI-09190,Engineering change addressing: seal leakage detected during pressure test,in_progress,2026-04-01
EC-02200,QI-06869,Engineering change addressing: dimensional deviation detected during incoming inspection,implemented,2026-03-24
EC-02201,QI-11724,Engineering change addressing: seal leakage detected during pressure test,approved,2026-04-07
EC-02202,QI-09890,Engineering change addressing: intermittent sensor reading failure under load,implemented,2026-05-25
EC-02203,QI-07911,Engineering change addressing: material hardness below specification,approved,2026-04-26
EC-02204,QI-02903,Engineering change addressing: surface finish outside specification,approved,2026-01-03
EC-02205,QI-05390,Engineering change addressing: material hardness below specification,implemented,2026-05-23
EC-02206,QI-01619,Engineering change addressing: dimensional deviation detected during incoming inspection,implemented,2026-05-01
EC-02207,QI-07874,Engineering change addressing: dimensional deviation detected during incoming inspection,implemented,2026-04-03
EC-02208,QI-01683,Engineering change addressing: fastener torque inconsistency observed on assembly line,approved,2026-03-16
EC-02209,QI-10779,Engineering change addressing: intermittent sensor reading failure under load,proposed,2026-08-26
EC-02210,QI-05542,Engineering change addressing: surface finish outside specification,approved,2026-05-20
EC-02211,QI-11943,Engineering change addressing: seal leakage detected during pressure test,approved,2026-01-18
EC-02212,QI-07674,Engineering change addressing: intermittent sensor reading failure under load,in_progress,2026-02-12
EC-02213,QI-10770,Engineering change addressing: dimensional deviation detected during incoming inspection,proposed,2026-02-22
EC-02214,QI-04453,Engineering change addressing: seal leakage detected during pressure test,approved,2026-07-02
EC-02215,QI-00784,Engineering change addressing: seal leakage detected during pressure test,in_progress,2026-03-15
EC-02216,QI-05432,Engineering change addressing: dimensional deviation detected during incoming inspection,in_progress,2026-01-12
EC-02217,QI-09961,Engineering change addressing: dimensional deviation detected during incoming inspection,in_progress,2026-02-08
EC-02218,QI-11801,Engineering change addressing: dimensional deviation detected during incoming inspection,in_progress,2026-07-18
EC-02219,QI-06073,Engineering change addressing: material hardness below specification,implemented,2026-02-23
EC-02220,QI-08844,Engineering change addressing: dimensional deviation detected during incoming inspection,implemented,2026-01-11
EC-02221,QI-04319,Engineering change addressing: seal leakage detected during pressure test,proposed,2026-07-04
EC-02222,QI-05627,Engineering change addressing: material hardness below specification,proposed,2026-06-20
EC-02223,QI-05626,Engineering change addressing: seal leakage detected during pressure test,proposed,2026-04-01
EC-02224,QI-03157,Engineering change addressing: dimensional deviation detected during incoming inspection,implemented,2026-05-27
EC-02225,QI-05541,Engineering change addressing: dimensional deviation detected during incoming inspection,proposed,2026-03-28
EC-02226,QI-01811,Engineering change addressing: seal leakage detected during pressure test,in_progress,2026-06-15
EC-02227,QI-07237,Engineering change addressing: intermittent sensor reading failure under load,in_progress,2026-07-14
EC-02228,QI-05727,Engineering change addressing: fastener torque inconsistency observed on assembly line,approved,2026-07-14
EC-02229,QI-00408,Engineering change addressing: dimensional deviation detected during incoming inspection,approved,2026-02-22
EC-02230,QI-07849,Engineering change addressing: surface finish outside specification,approved,2026-04-05
EC-02231,QI-06378,Engineering change addressing: intermittent sensor reading failure under load,approved,2026-07-27
EC-02232,QI-02244,Engineering change addressing: material hardness below specification,in_progress,2026-08-10
EC-02233,QI-06776,Engineering change addressing: surface finish outside specification,approved,2026-04-26
EC-02234,QI-00113,Engineering change addressing: material hardness below specification,approved,2026-07-13
EC-02235,QI-04121,Engineering change addressing: intermittent sensor reading failure under load,proposed,2026-03-06
EC-02236,QI-04233,Engineering change addressing: seal leakage detected during pressure test,in_progress,2026-03-24
EC-02237,QI-03378,Engineering change addressing: surface finish outside specification,proposed,2026-02-13
EC-02238,QI-04203,Engineering change addressing: fastener torque inconsistency observed on assembly line,in_progress,2026-03-07
EC-02239,QI-05593,Engineering change addressing: dimensional deviation detected during incoming inspection,proposed,2026-03-05
EC-02240,QI-08135,Engineering change addressing: surface finish outside specification,proposed,2026-08-08
EC-02241,QI-03487,Engineering change addressing: dimensional deviation detected during incoming inspection,implemented,2026-02-24
EC-02242,QI-05855,Engineering change addressing: seal leakage detected during pressure test,implemented,2026-02-09
EC-02243,QI-05006,Engineering change addressing: surface finish outside specification,approved,2026-04-21
EC-02244,QI-06555,Engineering change addressing: intermittent sensor reading failure under load,in_progress,2026-07-11
EC-02245,QI-07931,Engineering change addressing: surface finish outside specification,proposed,2026-03-25
EC-02246,QI-02449,Engineering change addressing: material hardness below specification,proposed,2026-05-12
EC-02247,QI-02529,Engineering change addressing: seal leakage detected during pressure test,implemented,2026-07-02
EC-02248,QI-06535,Engineering change addressing: material hardness below specification,proposed,2026-05-23
EC-02249,QI-03019,Engineering change addressing: dimensional deviation detected during incoming inspection,implemented,2026-02-12
EC-02250,QI-00543,Engineering change addressing: material hardness below specification,proposed,2026-06-26
EC-02251,QI-00258,Engineering change addressing: fastener torque inconsistency observed on assembly line,proposed,2026-01-04
EC-02252,QI-05182,Engineering change addressing: intermittent sensor reading failure under load,proposed,2026-02-09
EC-02253,QI-03274,Engineering change addressing: fastener torque inconsistency observed on assembly line,proposed,2026-08-07
EC-02254,QI-03835,Engineering change addressing: material hardness below specification,implemented,2026-02-08
EC-02255,QI-02192,Engineering change addressing: material hardness below specification,approved,2026-02-16
EC-02256,QI-02254,Engineering change addressing: intermittent sensor reading failure under load,approved,2026-02-01
EC-02257,QI-02764,Engineering change addressing: fastener torque inconsistency observed on assembly line,implemented,2026-04-21
EC-02258,QI-08139,Engineering change addressing: dimensional deviation detected during incoming inspection,proposed,2026-03-10
EC-02259,QI-04739,Engineering change addressing: surface finish outside specification,proposed,2026-02-11
EC-02260,QI-00605,Engineering change addressing: surface finish outside specification,approved,2026-06-10
EC-02261,QI-01913,Engineering change addressing: material hardness below specification,implemented,2026-05-01
EC-02262,QI-00792,Engineering change addressing: material hardness below specification,implemented,2026-08-23
EC-02263,QI-04767,Engineering change addressing: intermittent sensor reading failure under load,proposed,2026-01-15
EC-02264,QI-04010,Engineering change addressing: material hardness below specification,approved,2026-03-06
EC-02265,QI-03630,Engineering change addressing: material hardness below specification,implemented,2026-02-22
EC-02266,QI-10929,Engineering change addressing: seal leakage detected during pressure test,in_progress,2026-08-26
EC-02267,QI-00230,Engineering change addressing: intermittent sensor reading failure under load,proposed,2026-06-06
EC-02268,QI-08163,Engineering change addressing: dimensional deviation detected during incoming inspection,implemented,2026-08-24
EC-02269,QI-08760,Engineering change addressing: surface finish outside specification,approved,2026-07-20
EC-02270,QI-01935,Engineering change addressing: surface finish outside specification,implemented,2026-01-24
EC-02271,QI-03508,Engineering change addressing: surface finish outside specification,proposed,2026-08-16
EC-02272,QI-03952,Engineering change addressing: material hardness below specification,approved,2026-08-01
EC-02273,QI-04470,Engineering change addressing: seal leakage detected during pressure test,in_progress,2026-05-10
EC-02274,QI-11688,Engineering change addressing: intermittent sensor reading failure under load,implemented,2026-07-01
EC-02275,QI-10327,Engineering change addressing: intermittent sensor reading failure under load,proposed,2026-05-27
EC-02276,QI-00273,Engineering change addressing: intermittent sensor reading failure under load,approved,2026-05-16
EC-02277,QI-11940,Engineering change addressing: dimensional deviation detected during incoming inspection,in_progress,2026-07-08
EC-02278,QI-05500,Engineering change addressing: seal leakage detected during pressure test,in_progress,2026-05-06
EC-02279,QI-04350,Engineering change addressing: fastener torque inconsistency observed on assembly line,proposed,2026-03-28
EC-02280,QI-10619,Engineering change addressing: surface finish outside specification,implemented,2026-01-19
EC-02281,QI-02987,Engineering change addressing: material hardness below specification,proposed,2026-07-21
EC-02282,QI-10798,Engineering change addressing: material hardness below specification,approved,2026-05-04
EC-02283,QI-05844,Engineering change addressing: seal leakage detected during pressure test,proposed,2026-04-27
EC-02284,QI-10271,Engineering change addressing: material hardness below specification,approved,2026-07-26
EC-02285,QI-09474,Engineering change addressing: intermittent sensor reading failure under load,approved,2026-08-11
EC-02286,QI-04720,Engineering change addressing: dimensional deviation detected during incoming inspection,implemented,2026-02-06
EC-02287,QI-04075,Engineering change addressing: intermittent sensor reading failure under load,in_progress,2026-04-11
EC-02288,QI-08471,Engineering change addressing: fastener torque inconsistency observed on assembly line,in_progress,2026-03-11
EC-02289,QI-06544,Engineering change addressing: intermittent sensor reading failure under load,proposed,2026-03-09
EC-02290,QI-01018,Engineering change addressing: surface finish outside specification,implemented,2026-04-14
EC-02291,QI-10561,Engineering change addressing: material hardness below specification,proposed,2026-07-23
EC-02292,QI-05462,Engineering change addressing: intermittent sensor reading failure under load,implemented,2026-02-11
EC-02293,QI-01962,Engineering change addressing: intermittent sensor reading failure under load,implemented,2026-07-22
EC-02294,QI-00213,Engineering change addressing: surface finish outside specification,implemented,2026-03-13
EC-02295,QI-04227,Engineering change addressing: fastener torque inconsistency observed on assembly line,proposed,2026-02-19
EC-02296,QI-11855,Engineering change addressing: material hardness below specification,implemented,2026-08-01
EC-02297,QI-07429,Engineering change addressing: intermittent sensor reading failure under load,approved,2026-02-28
EC-02298,QI-09470,Engineering change addressing: material hardness below specification,implemented,2026-03-25
EC-02299,QI-08727,Engineering change addressing: fastener torque inconsistency observed on assembly line,proposed,2026-01-22
EC-02300,QI-10886,Engineering change addressing: intermittent sensor reading failure under load,approved,2026-04-08
EC-02301,QI-11618,Engineering change addressing: intermittent sensor reading failure under load,implemented,2026-03-18
EC-02302,QI-01789,Engineering change addressing: surface finish outside specification,proposed,2026-02-24
EC-02303,QI-04604,Engineering change addressing: surface finish outside specification,in_progress,2026-04-20
EC-02304,QI-08504,Engineering change addressing: seal leakage detected during pressure test,approved,2026-08-21
EC-02305,QI-04922,Engineering change addressing: seal leakage detected during pressure test,approved,2026-08-16
EC-02306,QI-03135,Engineering change addressing: surface finish outside specification,in_progress,2026-04-02
EC-02307,QI-04240,Engineering change addressing: dimensional deviation detected during incoming inspection,in_progress,2026-01-08
EC-02308,QI-06975,Engineering change addressing: seal leakage detected during pressure test,in_progress,2026-01-27
EC-02309,QI-10499,Engineering change addressing: seal leakage detected during pressure test,implemented,2026-01-05
EC-02310,QI-00843,Engineering change addressing: fastener torque inconsistency observed on assembly line,proposed,2026-02-27
EC-02311,QI-00626,Engineering change addressing: fastener torque inconsistency observed on assembly line,proposed,2026-03-07
EC-02312,QI-04869,Engineering change addressing: fastener torque inconsistency observed on assembly line,approved,2026-01-23
EC-02313,QI-10780,Engineering change addressing: surface finish outside specification,proposed,2026-07-23
EC-02314,QI-05939,Engineering change addressing: intermittent sensor reading failure under load,implemented,2026-06-17
EC-02315,QI-05426,Engineering change addressing: seal leakage detected during pressure test,in_progress,2026-01-25
EC-02316,QI-02243,Engineering change addressing: fastener torque inconsistency observed on assembly line,proposed,2026-04-13
EC-02317,QI-08098,Engineering change addressing: fastener torque inconsistency observed on assembly line,approved,2026-01-12
EC-02318,QI-00028,Engineering change addressing: surface finish outside specification,in_progress,2026-07-16
EC-02319,QI-08803,Engineering change addressing: dimensional deviation detected during incoming inspection,in_progress,2026-01-07
EC-02320,QI-11673,Engineering change addressing: intermittent sensor reading failure under load,implemented,2026-03-18
EC-02321,QI-01669,Engineering change addressing: surface finish outside specification,proposed,2026-04-05
EC-02322,QI-01284,Engineering change addressing: dimensional deviation detected during incoming inspection,implemented,2026-02-05
EC-02323,QI-02436,Engineering change addressing: surface finish outside specification,proposed,2026-03-12
EC-02324,QI-00089,Engineering change addressing: fastener torque inconsistency observed on assembly line,implemented,2026-08-13
EC-02325,QI-00916,Engineering change addressing: fastener torque inconsistency observed on assembly line,in_progress,2026-05-16
EC-02326,QI-03097,Engineering change addressing: dimensional deviation detected during incoming inspection,in_progress,2026-08-20
EC-02327,QI-11314,Engineering change addressing: surface finish outside specification,approved,2026-03-03
EC-02328,QI-03193,Engineering change addressing: material hardness below specification,in_progress,2026-06-26
EC-02329,QI-03846,Engineering change addressing: seal leakage detected during pressure test,implemented,2026-08-24
EC-02330,QI-04926,Engineering change addressing: fastener torque inconsistency observed on assembly line,in_progress,2026-04-16
EC-02331,QI-00529,Engineering change addressing: surface finish outside specification,in_progress,2026-03-24
EC-02332,QI-04764,Engineering change addressing: material hardness below specification,approved,2026-06-16
EC-02333,QI-00333,Engineering change addressing: surface finish outside specification,approved,2026-04-04
EC-02334,QI-07025,Engineering change addressing: dimensional deviation detected during incoming inspection,proposed,2026-01-19
EC-02335,QI-10309,Engineering change addressing: fastener torque inconsistency observed on assembly line,in_progress,2026-01-13
EC-02336,QI-00663,Engineering change addressing: material hardness below specification,proposed,2026-01-10
EC-02337,QI-00098,Engineering change addressing: fastener torque inconsistency observed on assembly line,approved,2026-03-26
EC-02338,QI-01459,Engineering change addressing: material hardness below specification,in_progress,2026-02-03
EC-02339,QI-03245,Engineering change addressing: fastener torque inconsistency observed on assembly line,in_progress,2026-03-01
EC-02340,QI-07215,Engineering change addressing: intermittent sensor reading failure under load,proposed,2026-07-13
EC-02341,QI-03094,Engineering change addressing: seal leakage detected during pressure test,approved,2026-02-08
EC-02342,QI-07428,Engineering change addressing: material hardness below specification,proposed,2026-07-13
EC-02343,QI-04391,Engineering change addressing: dimensional deviation detected during incoming inspection,proposed,2026-08-27
EC-02344,QI-04328,Engineering change addressing: dimensional deviation detected during incoming inspection,in_progress,2026-03-28
EC-02345,QI-03427,Engineering change addressing: fastener torque inconsistency observed on assembly line,implemented,2026-04-26
EC-02346,QI-02505,Engineering change addressing: dimensional deviation detected during incoming inspection,in_progress,2026-05-17
EC-02347,QI-03727,Engineering change addressing: surface finish outside specification,approved,2026-03-16
EC-02348,QI-00426,Engineering change addressing: intermittent sensor reading failure under load,approved,2026-08-17
EC-02349,QI-03323,Engineering change addressing: intermittent sensor reading failure under load,proposed,2026-04-15
EC-02350,QI-01824,Engineering change addressing: material hardness below specification,approved,2026-08-19
EC-02351,QI-08396,Engineering change addressing: material hardness below specification,implemented,2026-03-25
EC-02352,QI-02207,Engineering change addressing: dimensional deviation detected during incoming inspection,proposed,2026-03-20
EC-02353,QI-02588,Engineering change addressing: surface finish outside specification,in_progress,2026-06-19
EC-02354,QI-02052,Engineering change addressing: seal leakage detected during pressure test,approved,2026-08-23
EC-02355,QI-07665,Engineering change addressing: material hardness below specification,approved,2026-01-16
EC-02356,QI-12000,Engineering change addressing: surface finish outside specification,in_progress,2026-08-23
EC-02357,QI-06988,Engineering change addressing: fastener torque inconsistency observed on assembly line,approved,2026-06-11
EC-02358,QI-07171,Engineering change addressing: seal leakage detected during pressure test,implemented,2026-02-13
EC-02359,QI-11642,Engineering change addressing: surface finish outside specification,in_progress,2026-07-14
EC-02360,QI-09429,Engineering change addressing: dimensional deviation detected during incoming inspection,approved,2026-01-16
EC-02361,QI-06322,Engineering change addressing: dimensional deviation detected during incoming inspection,in_progress,2026-05-20
EC-02362,QI-11456,Engineering change addressing: seal leakage detected during pressure test,in_progress,2026-06-01
EC-02363,QI-09994,Engineering change addressing: surface finish outside specification,proposed,2026-03-12
EC-02364,QI-02597,Engineering change addressing: fastener torque inconsistency observed on assembly line,proposed,2026-07-14
EC-02365,QI-04402,Engineering change addressing: seal leakage detected during pressure test,in_progress,2026-03-10
EC-02366,QI-06089,Engineering change addressing: surface finish outside specification,in_progress,2026-03-06
EC-02367,QI-02347,Engineering change addressing: seal leakage detected during pressure test,proposed,2026-07-03
EC-02368,QI-11590,Engineering change addressing: intermittent sensor reading failure under load,proposed,2026-02-10
EC-02369,QI-07791,Engineering change addressing: dimensional deviation detected during incoming inspection,approved,2026-02-06
EC-02370,QI-01048,Engineering change addressing: surface finish outside specification,in_progress,2026-04-20
EC-02371,QI-02699,Engineering change addressing: surface finish outside specification,approved,2026-01-14
EC-02372,QI-06531,Engineering change addressing: fastener torque inconsistency observed on assembly line,approved,2026-08-01
EC-02373,QI-11905,Engineering change addressing: dimensional deviation detected during incoming inspection,implemented,2026-01-28
EC-02374,QI-07829,Engineering change addressing: dimensional deviation detected during incoming inspection,implemented,2026-07-25
EC-02375,QI-02440,Engineering change addressing: fastener torque inconsistency observed on assembly line,approved,2026-03-26
EC-02376,QI-07309,Engineering change addressing: fastener torque inconsistency observed on assembly line,proposed,2026-06-08
EC-02377,QI-09740,Engineering change addressing: fastener torque inconsistency observed on assembly line,proposed,2026-05-01
EC-02378,QI-06018,Engineering change addressing: intermittent sensor reading failure under load,implemented,2026-04-09
EC-02379,QI-11743,Engineering change addressing: fastener torque inconsistency observed on assembly line,proposed,2026-03-18
EC-02380,QI-02348,Engineering change addressing: fastener torque inconsistency observed on assembly line,proposed,2026-02-06
EC-02381,QI-06438,Engineering change addressing: dimensional deviation detected during incoming inspection,approved,2026-02-15
EC-02382,QI-06119,Engineering change addressing: dimensional deviation detected during incoming inspection,implemented,2026-05-19
EC-02383,QI-09188,Engineering change addressing: seal leakage detected during pressure test,approved,2026-03-15
EC-02384,QI-00763,Engineering change addressing: seal leakage detected during pressure test,in_progress,2026-02-21
EC-02385,QI-11545,Engineering change addressing: intermittent sensor reading failure under load,proposed,2026-02-09
EC-02386,QI-11722,Engineering change addressing: fastener torque inconsistency observed on assembly line,approved,2026-08-25
EC-02387,QI-06055,Engineering change addressing: seal leakage detected during pressure test,in_progress,2026-01-04
EC-02388,QI-06609,Engineering change addressing: fastener torque inconsistency observed on assembly line,implemented,2026-04-02
EC-02389,QI-01783,Engineering change addressing: seal leakage detected during pressure test,in_progress,2026-07-24
EC-02390,QI-10588,Engineering change addressing: surface finish outside specification,in_progress,2026-08-11
EC-02391,QI-11623,Engineering change addressing: material hardness below specification,implemented,2026-02-16
EC-02392,QI-00037,Engineering change addressing: intermittent sensor reading failure under load,proposed,2026-07-07
EC-02393,QI-07344,Engineering change addressing: fastener torque inconsistency observed on assembly line,proposed,2026-06-25
EC-02394,QI-07011,Engineering change addressing: surface finish outside specification,in_progress,2026-02-01
EC-02395,QI-05621,Engineering change addressing: material hardness below specification,in_progress,2026-02-05
EC-02396,QI-04244,Engineering change addressing: material hardness below specification,approved,2026-02-04
EC-02397,QI-07221,Engineering change addressing: dimensional deviation detected during incoming inspection,approved,2026-05-02
EC-02398,QI-11600,Engineering change addressing: fastener torque inconsistency observed on assembly line,in_progress,2026-07-16
EC-02399,QI-09242,Engineering change addressing: material hardness below specification,implemented,2026-02-04
EC-02400,QI-01755,Engineering change addressing: intermittent sensor reading failure under load,proposed,2026-08-21
EC-02401,QI-01323,Engineering change addressing: fastener torque inconsistency observed on assembly line,proposed,2026-03-28
EC-02402,QI-04256,Engineering change addressing: material hardness below specification,approved,2026-02-16
EC-02403,QI-07527,Engineering change addressing: fastener torque inconsistency observed on assembly line,approved,2026-04-25
EC-02404,QI-03125,Engineering change addressing: fastener torque inconsistency observed on assembly line,in_progress,2026-05-17
EC-02405,QI-09687,Engineering change addressing: dimensional deviation detected during incoming inspection,approved,2026-08-08
EC-02406,QI-08389,Engineering change addressing: dimensional deviation detected during incoming inspection,proposed,2026-08-27
EC-02407,QI-09362,Engineering change addressing: dimensional deviation detected during incoming inspection,implemented,2026-05-27
EC-02408,QI-05152,Engineering change addressing: fastener torque inconsistency observed on assembly line,in_progress,2026-03-27
EC-02409,QI-06266,Engineering change addressing: intermittent sensor reading failure under load,in_progress,2026-08-23
EC-02410,QI-08697,Engineering change addressing: seal leakage detected during pressure test,implemented,2026-07-05
EC-02411,QI-06770,Engineering change addressing: dimensional deviation detected during incoming inspection,proposed,2026-02-03
EC-02412,QI-07196,Engineering change addressing: seal leakage detected during pressure test,in_progress,2026-06-20
EC-02413,QI-01612,Engineering change addressing: intermittent sensor reading failure under load,proposed,2026-04-02
EC-02414,QI-09091,Engineering change addressing: material hardness below specification,in_progress,2026-08-23
EC-02415,QI-07269,Engineering change addressing: surface finish outside specification,approved,2026-01-10
EC-02416,QI-10909,Engineering change addressing: surface finish outside specification,implemented,2026-02-11
EC-02417,QI-04913,Engineering change addressing: fastener torque inconsistency observed on assembly line,proposed,2026-02-13
EC-02418,QI-03591,Engineering change addressing: intermittent sensor reading failure under load,implemented,2026-05-21
EC-02419,QI-08354,Engineering change addressing: seal leakage detected during pressure test,implemented,2026-05-25
EC-02420,QI-05836,Engineering change addressing: material hardness below specification,implemented,2026-02-03
EC-02421,QI-07197,Engineering change addressing: fastener torque inconsistency observed on assembly line,in_progress,2026-08-28
EC-02422,QI-07337,Engineering change addressing: surface finish outside specification,approved,2026-06-23
EC-02423,QI-07159,Engineering change addressing: material hardness below specification,approved,2026-05-20
EC-02424,QI-09830,Engineering change addressing: dimensional deviation detected during incoming inspection,approved,2026-05-09
EC-02425,QI-08101,Engineering change addressing: material hardness below specification,approved,2026-07-05
EC-02426,QI-02883,Engineering change addressing: dimensional deviation detected during incoming inspection,approved,2026-04-08
EC-02427,QI-02497,Engineering change addressing: material hardness below specification,proposed,2026-04-10
EC-02428,QI-02958,Engineering change addressing: dimensional deviation detected during incoming inspection,implemented,2026-01-17
EC-02429,QI-02584,Engineering change addressing: surface finish outside specification,implemented,2026-07-21
EC-02430,QI-05737,Engineering change addressing: fastener torque inconsistency observed on assembly line,proposed,2026-05-08
EC-02431,QI-00521,Engineering change addressing: fastener torque inconsistency observed on assembly line,proposed,2026-08-27
EC-02432,QI-01135,Engineering change addressing: intermittent sensor reading failure under load,in_progress,2026-01-01
EC-02433,QI-11201,Engineering change addressing: dimensional deviation detected during incoming inspection,in_progress,2026-01-19
EC-02434,QI-09114,Engineering change addressing: intermittent sensor reading failure under load,in_progress,2026-07-07
EC-02435,QI-07705,Engineering change addressing: dimensional deviation detected during incoming inspection,implemented,2026-08-19
EC-02436,QI-11297,Engineering change addressing: dimensional deviation detected during incoming inspection,in_progress,2026-06-14
EC-02437,QI-04953,Engineering change addressing: surface finish outside specification,approved,2026-08-11
EC-02438,QI-04737,Engineering change addressing: material hardness below specification,approved,2026-02-02
EC-02439,QI-11756,Engineering change addressing: surface finish outside specification,in_progress,2026-08-28
EC-02440,QI-03417,Engineering change addressing: fastener torque inconsistency observed on assembly line,in_progress,2026-06-06
EC-02441,QI-09604,Engineering change addressing: seal leakage detected during pressure test,in_progress,2026-04-03
EC-02442,QI-07202,Engineering change addressing: fastener torque inconsistency observed on assembly line,in_progress,2026-02-04
EC-02443,QI-08430,Engineering change addressing: dimensional deviation detected during incoming inspection,implemented,2026-02-05
EC-02444,QI-03021,Engineering change addressing: intermittent sensor reading failure under load,in_progress,2026-07-12
EC-02445,QI-05172,Engineering change addressing: surface finish outside specification,approved,2026-08-22
EC-02446,QI-10240,Engineering change addressing: seal leakage detected during pressure test,implemented,2026-02-18
EC-02447,QI-09634,Engineering change addressing: seal leakage detected during pressure test,implemented,2026-07-25
EC-02448,QI-03519,Engineering change addressing: dimensional deviation detected during incoming inspection,proposed,2026-05-18
EC-02449,QI-03488,Engineering change addressing: surface finish outside specification,approved,2026-04-06
EC-02450,QI-05781,Engineering change addressing: seal leakage detected during pressure test,proposed,2026-03-22
EC-02451,QI-07145,Engineering change addressing: fastener torque inconsistency observed on assembly line,proposed,2026-07-01
EC-02452,QI-07506,Engineering change addressing: fastener torque inconsistency observed on assembly line,proposed,2026-04-14
EC-02453,QI-04130,Engineering change addressing: seal leakage detected during pressure test,approved,2026-06-17
EC-02454,QI-07595,Engineering change addressing: fastener torque inconsistency observed on assembly line,proposed,2026-02-17
EC-02455,QI-02071,Engineering change addressing: intermittent sensor reading failure under load,in_progress,2026-04-09
EC-02456,QI-05834,Engineering change addressing: intermittent sensor reading failure under load,proposed,2026-06-14
EC-02457,QI-03688,Engineering change addressing: surface finish outside specification,proposed,2026-07-27
EC-02458,QI-04210,Engineering change addressing: fastener torque inconsistency observed on assembly line,approved,2026-05-02
EC-02459,QI-03220,Engineering change addressing: intermittent sensor reading failure under load,in_progress,2026-07-13
EC-02460,QI-06446,Engineering change addressing: seal leakage detected during pressure test,proposed,2026-02-19
EC-02461,QI-05403,Engineering change addressing: surface finish outside specification,in_progress,2026-06-24
EC-02462,QI-09983,Engineering change addressing: seal leakage detected during pressure test,approved,2026-05-06
EC-02463,QI-02796,Engineering change addressing: intermittent sensor reading failure under load,proposed,2026-08-02
EC-02464,QI-03489,Engineering change addressing: surface finish outside specification,implemented,2026-01-11
EC-02465,QI-05283,Engineering change addressing: surface finish outside specification,proposed,2026-08-20
EC-02466,QI-11070,Engineering change addressing: seal leakage detected during pressure test,approved,2026-01-14
EC-02467,QI-02794,Engineering change addressing: seal leakage detected during pressure test,implemented,2026-01-22
EC-02468,QI-09004,Engineering change addressing: material hardness below specification,in_progress,2026-06-12
EC-02469,QI-06562,Engineering change addressing: material hardness below specification,in_progress,2026-02-27
EC-02470,QI-09952,Engineering change addressing: seal leakage detected during pressure test,approved,2026-03-14
EC-02471,QI-11813,Engineering change addressing: seal leakage detected during pressure test,proposed,2026-05-07
EC-02472,QI-10819,Engineering change addressing: seal leakage detected during pressure test,proposed,2026-04-20
EC-02473,QI-05948,Engineering change addressing: material hardness below specification,proposed,2026-07-24
EC-02474,QI-03131,Engineering change addressing: seal leakage detected during pressure test,implemented,2026-06-07
EC-02475,QI-05149,Engineering change addressing: seal leakage detected during pressure test,implemented,2026-02-06
EC-02476,QI-09099,Engineering change addressing: material hardness below specification,proposed,2026-04-19
EC-02477,QI-06161,Engineering change addressing: seal leakage detected during pressure test,approved,2026-08-27
EC-02478,QI-08296,Engineering change addressing: surface finish outside specification,implemented,2026-08-24
EC-02479,QI-07993,Engineering change addressing: seal leakage detected during pressure test,implemented,2026-07-06
EC-02480,QI-10979,Engineering change addressing: fastener torque inconsistency observed on assembly line,approved,2026-08-13
EC-02481,QI-02965,Engineering change addressing: material hardness below specification,proposed,2026-06-20
EC-02482,QI-02664,Engineering change addressing: surface finish outside specification,in_progress,2026-06-05
EC-02483,QI-02604,Engineering change addressing: material hardness below specification,approved,2026-02-22
EC-02484,QI-10795,Engineering change addressing: material hardness below specification,implemented,2026-08-24
EC-02485,QI-10525,Engineering change addressing: material hardness below specification,approved,2026-06-01
EC-02486,QI-07892,Engineering change addressing: surface finish outside specification,implemented,2026-04-05
EC-02487,QI-08394,Engineering change addressing: seal leakage detected during pressure test,implemented,2026-03-22
EC-02488,QI-02911,Engineering change addressing: surface finish outside specification,implemented,2026-04-09
EC-02489,QI-01400,Engineering change addressing: material hardness below specification,approved,2026-03-27
EC-02490,QI-10835,Engineering change addressing: material hardness below specification,in_progress,2026-05-07
EC-02491,QI-05090,Engineering change addressing: dimensional deviation detected during incoming inspection,proposed,2026-08-18
EC-02492,QI-01522,Engineering change addressing: material hardness below specification,in_progress,2026-04-22
EC-02493,QI-10422,Engineering change addressing: fastener torque inconsistency observed on assembly line,implemented,2026-05-23
EC-02494,QI-03969,Engineering change addressing: fastener torque inconsistency observed on assembly line,implemented,2026-08-16
EC-02495,QI-10230,Engineering change addressing: material hardness below specification,in_progress,2026-05-21
EC-02496,QI-09756,Engineering change addressing: fastener torque inconsistency observed on assembly line,proposed,2026-04-17
EC-02497,QI-01230,Engineering change addressing: material hardness below specification,proposed,2026-01-23
EC-02498,QI-06779,Engineering change addressing: seal leakage detected during pressure test,in_progress,2026-02-14
EC-02499,QI-05604,Engineering change addressing: material hardness below specification,approved,2026-01-20
EC-02500,QI-08813,Engineering change addressing: seal leakage detected during pressure test,in_progress,2026-06-12
EC-02501,QI-05914,Engineering change addressing: seal leakage detected during pressure test,in_progress,2026-05-11
EC-02502,QI-10987,Engineering change addressing: dimensional deviation detected during incoming inspection,in_progress,2026-02-03
EC-02503,QI-09527,Engineering change addressing: seal leakage detected during pressure test,proposed,2026-03-24
EC-02504,QI-06197,Engineering change addressing: material hardness below specification,proposed,2026-01-21
EC-02505,QI-09963,Engineering change addressing: fastener torque inconsistency observed on assembly line,implemented,2026-04-16
EC-02506,QI-05192,Engineering change addressing: dimensional deviation detected during incoming inspection,approved,2026-07-05
EC-02507,QI-08915,Engineering change addressing: surface finish outside specification,approved,2026-05-04
EC-02508,QI-06151,Engineering change addressing: dimensional deviation detected during incoming inspection,implemented,2026-06-15
EC-02509,QI-01715,Engineering change addressing: fastener torque inconsistency observed on assembly line,in_progress,2026-03-16
EC-02510,QI-03544,Engineering change addressing: seal leakage detected during pressure test,implemented,2026-03-08
EC-02511,QI-01120,Engineering change addressing: fastener torque inconsistency observed on assembly line,implemented,2026-07-21
EC-02512,QI-06403,Engineering change addressing: fastener torque inconsistency observed on assembly line,approved,2026-05-06
EC-02513,QI-10200,Engineering change addressing: dimensional deviation detected during incoming inspection,in_progress,2026-07-25
EC-02514,QI-10904,Engineering change addressing: seal leakage detected during pressure test,proposed,2026-02-08
EC-02515,QI-00312,Engineering change addressing: fastener torque inconsistency observed on assembly line,in_progress,2026-06-14
EC-02516,QI-07254,Engineering change addressing: intermittent sensor reading failure under load,in_progress,2026-06-10
EC-02517,QI-00764,Engineering change addressing: seal leakage detected during pressure test,implemented,2026-07-09
EC-02518,QI-02564,Engineering change addressing: material hardness below specification,implemented,2026-07-26
EC-02519,QI-09313,Engineering change addressing: seal leakage detected during pressure test,in_progress,2026-03-22
EC-02520,QI-04596,Engineering change addressing: dimensional deviation detected during incoming inspection,implemented,2026-04-28
EC-02521,QI-01665,Engineering change addressing: seal leakage detected during pressure test,proposed,2026-02-08
EC-02522,QI-07041,Engineering change addressing: seal leakage detected during pressure test,proposed,2026-05-27
EC-02523,QI-08109,Engineering change addressing: surface finish outside specification,in_progress,2026-06-08
EC-02524,QI-02790,Engineering change addressing: material hardness below specification,in_progress,2026-01-14
EC-02525,QI-00604,Engineering change addressing: surface finish outside specification,in_progress,2026-02-20
EC-02526,QI-02605,Engineering change addressing: surface finish outside specification,implemented,2026-01-10
EC-02527,QI-02657,Engineering change addressing: intermittent sensor reading failure under load,approved,2026-08-14
EC-02528,QI-11448,Engineering change addressing: intermittent sensor reading failure under load,implemented,2026-08-26
EC-02529,QI-09649,Engineering change addressing: seal leakage detected during pressure test,in_progress,2026-03-03
EC-02530,QI-10320,Engineering change addressing: material hardness below specification,approved,2026-02-13
EC-02531,QI-07238,Engineering change addressing: intermittent sensor reading failure under load,approved,2026-03-27
EC-02532,QI-06367,Engineering change addressing: fastener torque inconsistency observed on assembly line,proposed,2026-03-26
EC-02533,QI-03974,Engineering change addressing: material hardness below specification,implemented,2026-01-23
EC-02534,QI-04171,Engineering change addressing: fastener torque inconsistency observed on assembly line,proposed,2026-02-10
EC-02535,QI-00847,Engineering change addressing: material hardness below specification,implemented,2026-07-02
EC-02536,QI-08428,Engineering change addressing: intermittent sensor reading failure under load,proposed,2026-02-22
EC-02537,QI-10236,Engineering change addressing: surface finish outside specification,in_progress,2026-01-18
EC-02538,QI-10790,Engineering change addressing: fastener torque inconsistency observed on assembly line,approved,2026-05-13
EC-02539,QI-01782,Engineering change addressing: material hardness below specification,proposed,2026-05-17
EC-02540,QI-01026,Engineering change addressing: surface finish outside specification,proposed,2026-08-05
EC-02541,QI-02997,Engineering change addressing: fastener torque inconsistency observed on assembly line,in_progress,2026-05-15
EC-02542,QI-02116,Engineering change addressing: dimensional deviation detected during incoming inspection,proposed,2026-03-02
EC-02543,QI-05246,Engineering change addressing: dimensional deviation detected during incoming inspection,approved,2026-04-09
EC-02544,QI-10519,Engineering change addressing: seal leakage detected during pressure test,in_progress,2026-02-07
EC-02545,QI-08209,Engineering change addressing: fastener torque inconsistency observed on assembly line,in_progress,2026-07-20
EC-02546,QI-10613,Engineering change addressing: material hardness below specification,approved,2026-03-05
EC-02547,QI-02286,Engineering change addressing: surface finish outside specification,approved,2026-01-12
EC-02548,QI-00878,Engineering change addressing: intermittent sensor reading failure under load,approved,2026-04-28
EC-02549,QI-04399,Engineering change addressing: material hardness below specification,proposed,2026-06-26
EC-02550,QI-03896,Engineering change addressing: surface finish outside specification,proposed,2026-03-18
EC-02551,QI-00412,Engineering change addressing: surface finish outside specification,in_progress,2026-03-03
EC-02552,QI-11767,Engineering change addressing: seal leakage detected during pressure test,in_progress,2026-08-11
EC-02553,QI-03673,Engineering change addressing: fastener torque inconsistency observed on assembly line,in_progress,2026-08-18
EC-02554,QI-00901,Engineering change addressing: material hardness below specification,approved,2026-08-05
EC-02555,QI-04748,Engineering change addressing: surface finish outside specification,implemented,2026-01-01
EC-02556,QI-03728,Engineering change addressing: material hardness below specification,implemented,2026-04-19
EC-02557,QI-10851,Engineering change addressing: fastener torque inconsistency observed on assembly line,implemented,2026-02-15
EC-02558,QI-03629,Engineering change addressing: dimensional deviation detected during incoming inspection,in_progress,2026-01-12
EC-02559,QI-03410,Engineering change addressing: dimensional deviation detected during incoming inspection,in_progress,2026-01-09
EC-02560,QI-01407,Engineering change addressing: surface finish outside specification,proposed,2026-03-04
EC-02561,QI-02297,Engineering change addressing: material hardness below specification,proposed,2026-06-16
EC-02562,QI-02618,Engineering change addressing: fastener torque inconsistency observed on assembly line,proposed,2026-08-21
EC-02563,QI-01937,Engineering change addressing: material hardness below specification,implemented,2026-07-02
EC-02564,QI-00870,Engineering change addressing: intermittent sensor reading failure under load,approved,2026-06-23
EC-02565,QI-01536,Engineering change addressing: surface finish outside specification,implemented,2026-06-19
EC-02566,QI-05933,Engineering change addressing: dimensional deviation detected during incoming inspection,implemented,2026-03-18
EC-02567,QI-11149,Engineering change addressing: intermittent sensor reading failure under load,implemented,2026-01-02
EC-02568,QI-10122,Engineering change addressing: intermittent sensor reading failure under load,implemented,2026-01-15
EC-02569,QI-04228,Engineering change addressing: seal leakage detected during pressure test,in_progress,2026-02-11
EC-02570,QI-02989,Engineering change addressing: fastener torque inconsistency observed on assembly line,in_progress,2026-03-15
EC-02571,QI-04756,Engineering change addressing: intermittent sensor reading failure under load,in_progress,2026-04-19
EC-02572,QI-05371,Engineering change addressing: surface finish outside specification,in_progress,2026-07-21
EC-02573,QI-05517,Engineering change addressing: dimensional deviation detected during incoming inspection,proposed,2026-07-27
EC-02574,QI-01455,Engineering change addressing: intermittent sensor reading failure under load,proposed,2026-08-10
EC-02575,QI-03077,Engineering change addressing: surface finish outside specification,in_progress,2026-07-07
EC-02576,QI-11860,Engineering change addressing: material hardness below specification,proposed,2026-07-01
EC-02577,QI-11862,Engineering change addressing: material hardness below specification,proposed,2026-04-28
EC-02578,QI-07737,Engineering change addressing: material hardness below specification,proposed,2026-01-06
EC-02579,QI-07373,Engineering change addressing: fastener torque inconsistency observed on assembly line,proposed,2026-02-18
EC-02580,QI-09189,Engineering change addressing: fastener torque inconsistency observed on assembly line,approved,2026-08-26
EC-02581,QI-07961,Engineering change addressing: seal leakage detected during pressure test,proposed,2026-07-24
EC-02582,QI-07819,Engineering change addressing: seal leakage detected during pressure test,implemented,2026-07-20
EC-02583,QI-01449,Engineering change addressing: material hardness below specification,proposed,2026-04-05
EC-02584,QI-05677,Engineering change addressing: dimensional deviation detected during incoming inspection,in_progress,2026-08-20
EC-02585,QI-10988,Engineering change addressing: surface finish outside specification,proposed,2026-08-18
EC-02586,QI-09078,Engineering change addressing: dimensional deviation detected during incoming inspection,in_progress,2026-07-11
EC-02587,QI-09706,Engineering change addressing: material hardness below specification,in_progress,2026-08-20
EC-02588,QI-03291,Engineering change addressing: dimensional deviation detected during incoming inspection,proposed,2026-02-19
EC-02589,QI-00424,Engineering change addressing: dimensional deviation detected during incoming inspection,implemented,2026-03-15
EC-02590,QI-00501,Engineering change addressing: fastener torque inconsistency observed on assembly line,implemented,2026-04-02
EC-02591,QI-09885,Engineering change addressing: seal leakage detected during pressure test,proposed,2026-05-07
EC-02592,QI-01399,Engineering change addressing: intermittent sensor reading failure under load,approved,2026-07-04
EC-02593,QI-04224,Engineering change addressing: material hardness below specification,in_progress,2026-05-08
EC-02594,QI-04683,Engineering change addressing: surface finish outside specification,in_progress,2026-02-22
EC-02595,QI-04668,Engineering change addressing: surface finish outside specification,implemented,2026-01-12
EC-02596,QI-04458,Engineering change addressing: surface finish outside specification,implemented,2026-03-02
EC-02597,QI-11140,Engineering change addressing: fastener torque inconsistency observed on assembly line,in_progress,2026-02-12
EC-02598,QI-00720,Engineering change addressing: surface finish outside specification,in_progress,2026-08-06
EC-02599,QI-01916,Engineering change addressing: intermittent sensor reading failure under load,in_progress,2026-08-12
EC-02600,QI-03339,Engineering change addressing: surface finish outside specification,in_progress,2026-02-10
EC-02601,QI-07435,Engineering change addressing: surface finish outside specification,approved,2026-08-08
EC-02602,QI-02646,Engineering change addressing: material hardness below specification,in_progress,2026-02-13
EC-02603,QI-09691,Engineering change addressing: material hardness below specification,in_progress,2026-06-26
EC-02604,QI-07756,Engineering change addressing: surface finish outside specification,approved,2026-06-22
EC-02605,QI-07407,Engineering change addressing: seal leakage detected during pressure test,approved,2026-03-17
EC-02606,QI-01766,Engineering change addressing: seal leakage detected during pressure test,implemented,2026-06-22
EC-02607,QI-04564,Engineering change addressing: dimensional deviation detected during incoming inspection,in_progress,2026-03-19
EC-02608,QI-07234,Engineering change addressing: intermittent sensor reading failure under load,approved,2026-03-16
EC-02609,QI-01533,Engineering change addressing: intermittent sensor reading failure under load,proposed,2026-04-25
EC-02610,QI-07889,Engineering change addressing: surface finish outside specification,proposed,2026-04-28
EC-02611,QI-11253,Engineering change addressing: fastener torque inconsistency observed on assembly line,in_progress,2026-07-11
EC-02612,QI-01514,Engineering change addressing: dimensional deviation detected during incoming inspection,approved,2026-08-21
EC-02613,QI-11431,Engineering change addressing: surface finish outside specification,approved,2026-01-01
EC-02614,QI-04091,Engineering change addressing: dimensional deviation detected during incoming inspection,implemented,2026-03-11
EC-02615,QI-03060,Engineering change addressing: surface finish outside specification,implemented,2026-03-19
EC-02616,QI-11541,Engineering change addressing: dimensional deviation detected during incoming inspection,approved,2026-08-05
EC-02617,QI-10597,Engineering change addressing: fastener torque inconsistency observed on assembly line,in_progress,2026-02-28
EC-02618,QI-01425,Engineering change addressing: dimensional deviation detected during incoming inspection,in_progress,2026-04-15
EC-02619,QI-06724,Engineering change addressing: surface finish outside specification,implemented,2026-07-08
EC-02620,QI-10189,Engineering change addressing: surface finish outside specification,implemented,2026-06-19
EC-02621,QI-04496,Engineering change addressing: seal leakage detected during pressure test,in_progress,2026-03-01
EC-02622,QI-01760,Engineering change addressing: fastener torque inconsistency observed on assembly line,implemented,2026-08-17
EC-02623,QI-02520,Engineering change addressing: material hardness below specification,implemented,2026-05-24
EC-02624,QI-01170,Engineering change addressing: surface finish outside specification,implemented,2026-08-27
EC-02625,QI-04490,Engineering change addressing: fastener torque inconsistency observed on assembly line,proposed,2026-08-14
EC-02626,QI-05833,Engineering change addressing: intermittent sensor reading failure under load,in_progress,2026-03-14
EC-02627,QI-08866,Engineering change addressing: material hardness below specification,in_progress,2026-05-22
EC-02628,QI-04930,Engineering change addressing: material hardness below specification,proposed,2026-07-01
EC-02629,QI-06654,Engineering change addressing: material hardness below specification,in_progress,2026-01-28
EC-02630,QI-11842,Engineering change addressing: fastener torque inconsistency observed on assembly line,implemented,2026-03-09
EC-02631,QI-07839,Engineering change addressing: intermittent sensor reading failure under load,proposed,2026-08-12
EC-02632,QI-10832,Engineering change addressing: seal leakage detected during pressure test,approved,2026-01-23
EC-02633,QI-01486,Engineering change addressing: fastener torque inconsistency observed on assembly line,implemented,2026-06-21
EC-02634,QI-06798,Engineering change addressing: surface finish outside specification,approved,2026-07-19
EC-02635,QI-05748,Engineering change addressing: seal leakage detected during pressure test,proposed,2026-07-17
EC-02636,QI-03086,Engineering change addressing: fastener torque inconsistency observed on assembly line,in_progress,2026-06-10
EC-02637,QI-04943,Engineering change addressing: dimensional deviation detected during incoming inspection,proposed,2026-05-09
EC-02638,QI-06926,Engineering change addressing: material hardness below specification,in_progress,2026-05-06
EC-02639,QI-11326,Engineering change addressing: dimensional deviation detected during incoming inspection,proposed,2026-08-01
EC-02640,QI-09698,Engineering change addressing: surface finish outside specification,in_progress,2026-08-17
EC-02641,QI-01891,Engineering change addressing: material hardness below specification,approved,2026-08-11
EC-02642,QI-05362,Engineering change addressing: dimensional deviation detected during incoming inspection,proposed,2026-02-17
EC-02643,QI-04015,Engineering change addressing: dimensional deviation detected during incoming inspection,proposed,2026-06-02
EC-02644,QI-03555,Engineering change addressing: fastener torque inconsistency observed on assembly line,in_progress,2026-03-08
EC-02645,QI-10712,Engineering change addressing: surface finish outside specification,implemented,2026-07-07
EC-02646,QI-09398,Engineering change addressing: dimensional deviation detected during incoming inspection,in_progress,2026-01-16
EC-02647,QI-08084,Engineering change addressing: dimensional deviation detected during incoming inspection,implemented,2026-07-20
EC-02648,QI-02513,Engineering change addressing: seal leakage detected during pressure test,proposed,2026-08-15
EC-02649,QI-11608,Engineering change addressing: surface finish outside specification,proposed,2026-07-09
EC-02650,QI-10915,Engineering change addressing: seal leakage detected during pressure test,in_progress,2026-02-07
EC-02651,QI-11167,Engineering change addressing: dimensional deviation detected during incoming inspection,approved,2026-07-17
EC-02652,QI-08836,Engineering change addressing: material hardness below specification,proposed,2026-03-07
EC-02653,QI-02561,Engineering change addressing: material hardness below specification,approved,2026-02-12
EC-02654,QI-10993,Engineering change addressing: intermittent sensor reading failure under load,approved,2026-03-22
EC-02655,QI-04238,Engineering change addressing: material hardness below specification,implemented,2026-02-07
EC-02656,QI-09396,Engineering change addressing: surface finish outside specification,proposed,2026-06-25
EC-02657,QI-11360,Engineering change addressing: material hardness below specification,implemented,2026-07-06
EC-02658,QI-06903,Engineering change addressing: dimensional deviation detected during incoming inspection,implemented,2026-04-21
EC-02659,QI-00040,Engineering change addressing: fastener torque inconsistency observed on assembly line,in_progress,2026-03-17
EC-02660,QI-06274,Engineering change addressing: fastener torque inconsistency observed on assembly line,approved,2026-08-07
EC-02661,QI-02676,Engineering change addressing: fastener torque inconsistency observed on assembly line,proposed,2026-05-16
EC-02662,QI-09626,Engineering change addressing: dimensional deviation detected during incoming inspection,in_progress,2026-02-10
EC-02663,QI-05008,Engineering change addressing: material hardness below specification,in_progress,2026-04-19
EC-02664,QI-08742,Engineering change addressing: surface finish outside specification,approved,2026-07-13
EC-02665,QI-10431,Engineering change addressing: surface finish outside specification,approved,2026-06-19
EC-02666,QI-10129,Engineering change addressing: fastener torque inconsistency observed on assembly line,approved,2026-03-08
EC-02667,QI-09635,Engineering change addressing: fastener torque inconsistency observed on assembly line,implemented,2026-03-08
EC-02668,QI-08303,Engineering change addressing: dimensional deviation detected during incoming inspection,implemented,2026-02-28
EC-02669,QI-03368,Engineering change addressing: surface finish outside specification,in_progress,2026-02-19
EC-02670,QI-11682,Engineering change addressing: dimensional deviation detected during incoming inspection,implemented,2026-02-19
EC-02671,QI-07891,Engineering change addressing: material hardness below specification,in_progress,2026-02-12
EC-02672,QI-08702,Engineering change addressing: surface finish outside specification,in_progress,2026-03-02
EC-02673,QI-03931,Engineering change addressing: surface finish outside specification,proposed,2026-04-20
EC-02674,QI-11243,Engineering change addressing: intermittent sensor reading failure under load,in_progress,2026-04-17
EC-02675,QI-02129,Engineering change addressing: dimensional deviation detected during incoming inspection,proposed,2026-04-26
EC-02676,QI-02381,Engineering change addressing: intermittent sensor reading failure under load,implemented,2026-04-17
EC-02677,QI-03055,Engineering change addressing: intermittent sensor reading failure under load,implemented,2026-04-25
EC-02678,QI-01076,Engineering change addressing: dimensional deviation detected during incoming inspection,in_progress,2026-02-01
EC-02679,QI-05557,Engineering change addressing: intermittent sensor reading failure under load,in_progress,2026-06-20
EC-02680,QI-07899,Engineering change addressing: intermittent sensor reading failure under load,approved,2026-02-08
EC-02681,QI-02874,Engineering change addressing: dimensional deviation detected during incoming inspection,in_progress,2026-05-22
EC-02682,QI-04055,Engineering change addressing: fastener torque inconsistency observed on assembly line,in_progress,2026-08-27
EC-02683,QI-07397,Engineering change addressing: fastener torque inconsistency observed on assembly line,implemented,2026-04-24
EC-02684,QI-07890,Engineering change addressing: dimensional deviation detected during incoming inspection,approved,2026-04-02
EC-02685,QI-09143,Engineering change addressing: surface finish outside specification,implemented,2026-04-06
EC-02686,QI-01850,Engineering change addressing: seal leakage detected during pressure test,implemented,2026-03-08
EC-02687,QI-04031,Engineering change addressing: material hardness below specification,in_progress,2026-01-17
EC-02688,QI-08631,Engineering change addressing: intermittent sensor reading failure under load,implemented,2026-05-05
EC-02689,QI-11888,Engineering change addressing: dimensional deviation detected during incoming inspection,implemented,2026-03-15
EC-02690,QI-08258,Engineering change addressing: fastener torque inconsistency observed on assembly line,approved,2026-06-07
EC-02691,QI-03706,Engineering change addressing: surface finish outside specification,implemented,2026-05-17
EC-02692,QI-08245,Engineering change addressing: dimensional deviation detected during incoming inspection,proposed,2026-05-03
EC-02693,QI-03216,Engineering change addressing: surface finish outside specification,approved,2026-02-08
EC-02694,QI-06597,Engineering change addressing: dimensional deviation detected during incoming inspection,approved,2026-03-07
EC-02695,QI-07424,Engineering change addressing: dimensional deviation detected during incoming inspection,implemented,2026-04-11
EC-02696,QI-09418,Engineering change addressing: intermittent sensor reading failure under load,proposed,2026-08-15
EC-02697,QI-08857,Engineering change addressing: dimensional deviation detected during incoming inspection,in_progress,2026-05-01
EC-02698,QI-08414,Engineering change addressing: intermittent sensor reading failure under load,in_progress,2026-06-17
EC-02699,QI-00945,Engineering change addressing: surface finish outside specification,approved,2026-07-15
EC-02700,QI-05413,Engineering change addressing: seal leakage detected during pressure test,in_progress,2026-02-12
EC-02701,QI-10025,Engineering change addressing: seal leakage detected during pressure test,implemented,2026-04-25
EC-02702,QI-09185,Engineering change addressing: dimensional deviation detected during incoming inspection,implemented,2026-04-02
EC-02703,QI-05219,Engineering change addressing: intermittent sensor reading failure under load,implemented,2026-07-05
EC-02704,QI-06842,Engineering change addressing: intermittent sensor reading failure under load,implemented,2026-08-26
EC-02705,QI-01267,Engineering change addressing: intermittent sensor reading failure under load,in_progress,2026-06-09
EC-02706,QI-09476,Engineering change addressing: seal leakage detected during pressure test,implemented,2026-05-13
EC-02707,QI-09784,Engineering change addressing: intermittent sensor reading failure under load,proposed,2026-03-02
EC-02708,QI-03401,Engineering change addressing: intermittent sensor reading failure under load,proposed,2026-03-15
EC-02709,QI-05045,Engineering change addressing: fastener torque inconsistency observed on assembly line,proposed,2026-05-14
EC-02710,QI-05723,Engineering change addressing: intermittent sensor reading failure under load,in_progress,2026-03-01
EC-02711,QI-00595,Engineering change addressing: dimensional deviation detected during incoming inspection,proposed,2026-03-10
EC-02712,QI-09802,Engineering change addressing: intermittent sensor reading failure under load,approved,2026-08-21
EC-02713,QI-02379,Engineering change addressing: surface finish outside specification,proposed,2026-06-12
EC-02714,QI-06793,Engineering change addressing: seal leakage detected during pressure test,approved,2026-02-01
EC-02715,QI-07065,Engineering change addressing: seal leakage detected during pressure test,proposed,2026-02-28
EC-02716,QI-04630,Engineering change addressing: material hardness below specification,in_progress,2026-07-19
EC-02717,QI-09298,Engineering change addressing: material hardness below specification,proposed,2026-02-10
EC-02718,QI-02547,Engineering change addressing: dimensional deviation detected during incoming inspection,in_progress,2026-07-14
EC-02719,QI-02484,Engineering change addressing: fastener torque inconsistency observed on assembly line,approved,2026-07-21
EC-02720,QI-06379,Engineering change addressing: material hardness below specification,proposed,2026-03-23
EC-02721,QI-04092,Engineering change addressing: fastener torque inconsistency observed on assembly line,approved,2026-07-26
EC-02722,QI-08288,Engineering change addressing: fastener torque inconsistency observed on assembly line,proposed,2026-02-26
EC-02723,QI-07413,Engineering change addressing: dimensional deviation detected during incoming inspection,approved,2026-08-20
EC-02724,QI-00276,Engineering change addressing: dimensional deviation detected during incoming inspection,implemented,2026-03-24
EC-02725,QI-01283,Engineering change addressing: intermittent sensor reading failure under load,implemented,2026-06-10
EC-02726,QI-06710,Engineering change addressing: seal leakage detected during pressure test,in_progress,2026-05-28
EC-02727,QI-02719,Engineering change addressing: surface finish outside specification,proposed,2026-08-01
EC-02728,QI-01095,Engineering change addressing: surface finish outside specification,approved,2026-04-12
EC-02729,QI-07301,Engineering change addressing: dimensional deviation detected during incoming inspection,in_progress,2026-08-26
EC-02730,QI-07406,Engineering change addressing: intermittent sensor reading failure under load,proposed,2026-02-07
EC-02731,QI-03164,Engineering change addressing: surface finish outside specification,proposed,2026-07-04
EC-02732,QI-04582,Engineering change addressing: material hardness below specification,in_progress,2026-03-22
EC-02733,QI-11558,Engineering change addressing: fastener torque inconsistency observed on assembly line,proposed,2026-01-05
EC-02734,QI-10328,Engineering change addressing: intermittent sensor reading failure under load,in_progress,2026-04-12
EC-02735,QI-08582,Engineering change addressing: seal leakage detected during pressure test,in_progress,2026-01-08
EC-02736,QI-01504,Engineering change addressing: intermittent sensor reading failure under load,implemented,2026-03-16
EC-02737,QI-05644,Engineering change addressing: intermittent sensor reading failure under load,proposed,2026-07-13
EC-02738,QI-08102,Engineering change addressing: dimensional deviation detected during incoming inspection,proposed,2026-03-15
EC-02739,QI-11492,Engineering change addressing: fastener torque inconsistency observed on assembly line,proposed,2026-04-20
EC-02740,QI-00778,Engineering change addressing: dimensional deviation detected during incoming inspection,implemented,2026-05-18
EC-02741,QI-05235,Engineering change addressing: surface finish outside specification,approved,2026-06-21
EC-02742,QI-03045,Engineering change addressing: surface finish outside specification,implemented,2026-06-13
EC-02743,QI-11778,Engineering change addressing: surface finish outside specification,proposed,2026-02-12
EC-02744,QI-08544,Engineering change addressing: surface finish outside specification,proposed,2026-03-23
EC-02745,QI-05777,Engineering change addressing: material hardness below specification,implemented,2026-06-15
EC-02746,QI-02700,Engineering change addressing: intermittent sensor reading failure under load,approved,2026-08-24
EC-02747,QI-11108,Engineering change addressing: dimensional deviation detected during incoming inspection,proposed,2026-06-02
EC-02748,QI-02084,Engineering change addressing: intermittent sensor reading failure under load,implemented,2026-03-21
EC-02749,QI-00694,Engineering change addressing: seal leakage detected during pressure test,implemented,2026-02-01
EC-02750,QI-11451,Engineering change addressing: surface finish outside specification,implemented,2026-05-01
EC-02751,QI-03189,Engineering change addressing: dimensional deviation detected during incoming inspection,in_progress,2026-07-21
EC-02752,QI-07211,Engineering change addressing: fastener torque inconsistency observed on assembly line,implemented,2026-08-16
EC-02753,QI-10227,Engineering change addressing: fastener torque inconsistency observed on assembly line,implemented,2026-08-23
EC-02754,QI-01510,Engineering change addressing: material hardness below specification,approved,2026-08-21
EC-02755,QI-06558,Engineering change addressing: intermittent sensor reading failure under load,implemented,2026-02-20
EC-02756,QI-09043,Engineering change addressing: dimensional deviation detected during incoming inspection,implemented,2026-04-14
EC-02757,QI-07315,Engineering change addressing: seal leakage detected during pressure test,proposed,2026-08-04
EC-02758,QI-00775,Engineering change addressing: surface finish outside specification,proposed,2026-08-26
EC-02759,QI-11805,Engineering change addressing: surface finish outside specification,implemented,2026-07-16
EC-02760,QI-01902,Engineering change addressing: dimensional deviation detected during incoming inspection,approved,2026-01-09
EC-02761,QI-00236,Engineering change addressing: seal leakage detected during pressure test,in_progress,2026-06-17
EC-02762,QI-00288,Engineering change addressing: material hardness below specification,in_progress,2026-07-10
EC-02763,QI-11518,Engineering change addressing: intermittent sensor reading failure under load,implemented,2026-05-13
EC-02764,QI-08862,Engineering change addressing: seal leakage detected during pressure test,approved,2026-04-11
EC-02765,QI-09366,Engineering change addressing: dimensional deviation detected during incoming inspection,proposed,2026-01-24
EC-02766,QI-07070,Engineering change addressing: material hardness below specification,implemented,2026-03-19
EC-02767,QI-03514,Engineering change addressing: seal leakage detected during pressure test,in_progress,2026-06-21
EC-02768,QI-07876,Engineering change addressing: material hardness below specification,in_progress,2026-03-03
EC-02769,QI-09413,Engineering change addressing: material hardness below specification,in_progress,2026-03-14
EC-02770,QI-07188,Engineering change addressing: intermittent sensor reading failure under load,in_progress,2026-04-28
EC-02771,QI-09226,Engineering change addressing: material hardness below specification,approved,2026-02-03
EC-02772,QI-04090,Engineering change addressing: fastener torque inconsistency observed on assembly line,proposed,2026-07-12
EC-02773,QI-09068,Engineering change addressing: fastener torque inconsistency observed on assembly line,proposed,2026-01-03
EC-02774,QI-07095,Engineering change addressing: material hardness below specification,implemented,2026-08-10
EC-02775,QI-03265,Engineering change addressing: material hardness below specification,implemented,2026-03-17
EC-02776,QI-05544,Engineering change addressing: material hardness below specification,implemented,2026-03-10
EC-02777,QI-02200,Engineering change addressing: dimensional deviation detected during incoming inspection,proposed,2026-08-15
EC-02778,QI-05768,Engineering change addressing: intermittent sensor reading failure under load,in_progress,2026-06-16
EC-02779,QI-05481,Engineering change addressing: material hardness below specification,in_progress,2026-07-22
EC-02780,QI-04097,Engineering change addressing: material hardness below specification,proposed,2026-04-19
EC-02781,QI-01854,Engineering change addressing: intermittent sensor reading failure under load,implemented,2026-06-15
EC-02782,QI-01176,Engineering change addressing: material hardness below specification,in_progress,2026-03-28
EC-02783,QI-11950,Engineering change addressing: fastener torque inconsistency observed on assembly line,proposed,2026-01-23
EC-02784,QI-03537,Engineering change addressing: surface finish outside specification,implemented,2026-04-14
EC-02785,QI-10418,Engineering change addressing: fastener torque inconsistency observed on assembly line,proposed,2026-05-28
EC-02786,QI-04945,Engineering change addressing: fastener torque inconsistency observed on assembly line,proposed,2026-04-01
EC-02787,QI-08140,Engineering change addressing: material hardness below specification,implemented,2026-08-06
EC-02788,QI-01021,Engineering change addressing: dimensional deviation detected during incoming inspection,proposed,2026-01-06
EC-02789,QI-00742,Engineering change addressing: fastener torque inconsistency observed on assembly line,proposed,2026-03-08
EC-02790,QI-09071,Engineering change addressing: fastener torque inconsistency observed on assembly line,proposed,2026-08-19
EC-02791,QI-01484,Engineering change addressing: dimensional deviation detected during incoming inspection,approved,2026-05-13
EC-02792,QI-08716,Engineering change addressing: surface finish outside specification,in_progress,2026-02-07
EC-02793,QI-04528,Engineering change addressing: dimensional deviation detected during incoming inspection,implemented,2026-04-04
EC-02794,QI-03214,Engineering change addressing: intermittent sensor reading failure under load,proposed,2026-08-15
EC-02795,QI-04577,Engineering change addressing: seal leakage detected during pressure test,implemented,2026-03-27
EC-02796,QI-00906,Engineering change addressing: material hardness below specification,proposed,2026-02-22
EC-02797,QI-03729,Engineering change addressing: fastener torque inconsistency observed on assembly line,implemented,2026-08-04
EC-02798,QI-04993,Engineering change addressing: seal leakage detected during pressure test,implemented,2026-03-14
EC-02799,QI-01754,Engineering change addressing: seal leakage detected during pressure test,proposed,2026-06-07
EC-02800,QI-04684,Engineering change addressing: fastener torque inconsistency observed on assembly line,in_progress,2026-03-24
EC-02801,QI-06693,Engineering change addressing: intermittent sensor reading failure under load,in_progress,2026-04-24
EC-02802,QI-04220,Engineering change addressing: surface finish outside specification,implemented,2026-08-13
EC-02803,QI-06918,Engineering change addressing: fastener torque inconsistency observed on assembly line,implemented,2026-07-20
EC-02804,QI-06976,Engineering change addressing: surface finish outside specification,in_progress,2026-02-15
EC-02805,QI-05024,Engineering change addressing: surface finish outside specification,approved,2026-01-09
EC-02806,QI-08347,Engineering change addressing: seal leakage detected during pressure test,implemented,2026-07-28
EC-02807,QI-11067,Engineering change addressing: surface finish outside specification,proposed,2026-08-26
EC-02808,QI-08749,Engineering change addressing: material hardness below specification,approved,2026-03-16
EC-02809,QI-11094,Engineering change addressing: fastener torque inconsistency observed on assembly line,implemented,2026-06-08
EC-02810,QI-04247,Engineering change addressing: surface finish outside specification,in_progress,2026-05-07
EC-02811,QI-06940,Engineering change addressing: seal leakage detected during pressure test,in_progress,2026-06-15
EC-02812,QI-07345,Engineering change addressing: intermittent sensor reading failure under load,approved,2026-07-04
EC-02813,QI-08359,Engineering change addressing: material hardness below specification,approved,2026-02-03
EC-02814,QI-05715,Engineering change addressing: material hardness below specification,proposed,2026-06-10
EC-02815,QI-09976,Engineering change addressing: dimensional deviation detected during incoming inspection,approved,2026-03-19
EC-02816,QI-04057,Engineering change addressing: intermittent sensor reading failure under load,in_progress,2026-02-05
EC-02817,QI-11001,Engineering change addressing: material hardness below specification,in_progress,2026-06-27
EC-02818,QI-00919,Engineering change addressing: seal leakage detected during pressure test,in_progress,2026-03-10
EC-02819,QI-11413,Engineering change addressing: surface finish outside specification,approved,2026-01-21
EC-02820,QI-05328,Engineering change addressing: material hardness below specification,proposed,2026-06-25
EC-02821,QI-08662,Engineering change addressing: seal leakage detected during pressure test,approved,2026-02-27
EC-02822,QI-02553,Engineering change addressing: material hardness below specification,proposed,2026-03-26
EC-02823,QI-10954,Engineering change addressing: material hardness below specification,in_progress,2026-02-20
EC-02824,QI-04197,Engineering change addressing: dimensional deviation detected during incoming inspection,in_progress,2026-04-17
EC-02825,QI-06321,Engineering change addressing: seal leakage detected during pressure test,implemented,2026-08-10
EC-02826,QI-06863,Engineering change addressing: fastener torque inconsistency observed on assembly line,approved,2026-06-26
EC-02827,QI-01305,Engineering change addressing: fastener torque inconsistency observed on assembly line,proposed,2026-04-08
EC-02828,QI-03266,Engineering change addressing: intermittent sensor reading failure under load,approved,2026-08-04
EC-02829,QI-08207,Engineering change addressing: fastener torque inconsistency observed on assembly line,approved,2026-02-18
EC-02830,QI-03576,Engineering change addressing: material hardness below specification,implemented,2026-03-20
EC-02831,QI-11701,Engineering change addressing: material hardness below specification,in_progress,2026-04-18
EC-02832,QI-02462,Engineering change addressing: seal leakage detected during pressure test,implemented,2026-05-25
EC-02833,QI-10624,Engineering change addressing: intermittent sensor reading failure under load,approved,2026-02-28
EC-02834,QI-06368,Engineering change addressing: fastener torque inconsistency observed on assembly line,implemented,2026-02-17
EC-02835,QI-08009,Engineering change addressing: dimensional deviation detected during incoming inspection,proposed,2026-01-08
EC-02836,QI-02047,Engineering change addressing: material hardness below specification,in_progress,2026-06-13
EC-02837,QI-05741,Engineering change addressing: fastener torque inconsistency observed on assembly line,implemented,2026-01-04
EC-02838,QI-11193,Engineering change addressing: fastener torque inconsistency observed on assembly line,approved,2026-08-07
EC-02839,QI-11857,Engineering change addressing: fastener torque inconsistency observed on assembly line,in_progress,2026-02-17
EC-02840,QI-04977,Engineering change addressing: seal leakage detected during pressure test,implemented,2026-01-28
EC-02841,QI-09583,Engineering change addressing: intermittent sensor reading failure under load,implemented,2026-05-18
EC-02842,QI-08895,Engineering change addressing: dimensional deviation detected during incoming inspection,in_progress,2026-08-17
EC-02843,QI-07318,Engineering change addressing: material hardness below specification,implemented,2026-08-26
EC-02844,QI-00161,Engineering change addressing: surface finish outside specification,proposed,2026-02-15
EC-02845,QI-04992,Engineering change addressing: dimensional deviation detected during incoming inspection,proposed,2026-06-15
EC-02846,QI-09208,Engineering change addressing: intermittent sensor reading failure under load,approved,2026-07-07
EC-02847,QI-04780,Engineering change addressing: dimensional deviation detected during incoming inspection,in_progress,2026-03-11
EC-02848,QI-06481,Engineering change addressing: material hardness below specification,proposed,2026-06-02
EC-02849,QI-01084,Engineering change addressing: dimensional deviation detected during incoming inspection,approved,2026-01-25
EC-02850,QI-00341,Engineering change addressing: intermittent sensor reading failure under load,in_progress,2026-05-08
EC-02851,QI-08639,Engineering change addressing: dimensional deviation detected during incoming inspection,approved,2026-03-11
EC-02852,QI-07503,Engineering change addressing: dimensional deviation detected during incoming inspection,implemented,2026-03-02
EC-02853,QI-09280,Engineering change addressing: surface finish outside specification,approved,2026-05-24
EC-02854,QI-05523,Engineering change addressing: fastener torque inconsistency observed on assembly line,in_progress,2026-02-10
EC-02855,QI-03957,Engineering change addressing: surface finish outside specification,proposed,2026-02-16
EC-02856,QI-11525,Engineering change addressing: material hardness below specification,in_progress,2026-07-08
EC-02857,QI-04944,Engineering change addressing: intermittent sensor reading failure under load,implemented,2026-04-13
EC-02858,QI-09654,Engineering change addressing: seal leakage detected during pressure test,proposed,2026-03-01
EC-02859,QI-05637,Engineering change addressing: seal leakage detected during pressure test,proposed,2026-03-04
EC-02860,QI-02755,Engineering change addressing: material hardness below specification,approved,2026-06-10
EC-02861,QI-05070,Engineering change addressing: seal leakage detected during pressure test,proposed,2026-01-13
EC-02862,QI-03140,Engineering change addressing: seal leakage detected during pressure test,approved,2026-05-28
EC-02863,QI-04877,Engineering change addressing: fastener torque inconsistency observed on assembly line,in_progress,2026-07-14
EC-02864,QI-10975,Engineering change addressing: surface finish outside specification,approved,2026-06-22
EC-02865,QI-05765,Engineering change addressing: dimensional deviation detected during incoming inspection,in_progress,2026-08-03
EC-02866,QI-03325,Engineering change addressing: surface finish outside specification,proposed,2026-06-24
EC-02867,QI-07216,Engineering change addressing: surface finish outside specification,approved,2026-06-23
EC-02868,QI-02499,Engineering change addressing: material hardness below specification,implemented,2026-04-18
EC-02869,QI-03998,Engineering change addressing: dimensional deviation detected during incoming inspection,in_progress,2026-07-14
EC-02870,QI-04137,Engineering change addressing: dimensional deviation detected during incoming inspection,proposed,2026-07-12
EC-02871,QI-00666,Engineering change addressing: dimensional deviation detected during incoming inspection,implemented,2026-03-27
EC-02872,QI-00719,Engineering change addressing: dimensional deviation detected during incoming inspection,in_progress,2026-03-10
EC-02873,QI-03120,Engineering change addressing: material hardness below specification,proposed,2026-08-06
EC-02874,QI-09669,Engineering change addressing: intermittent sensor reading failure under load,approved,2026-02-02
EC-02875,QI-04619,Engineering change addressing: fastener torque inconsistency observed on assembly line,proposed,2026-05-10
EC-02876,QI-05437,Engineering change addressing: material hardness below specification,approved,2026-02-24
EC-02877,QI-11889,Engineering change addressing: dimensional deviation detected during incoming inspection,proposed,2026-05-23
EC-02878,QI-04291,Engineering change addressing: material hardness below specification,approved,2026-05-03
EC-02879,QI-06350,Engineering change addressing: dimensional deviation detected during incoming inspection,approved,2026-05-21
EC-02880,QI-10654,Engineering change addressing: surface finish outside specification,proposed,2026-01-17
EC-02881,QI-10272,Engineering change addressing: dimensional deviation detected during incoming inspection,approved,2026-07-26
EC-02882,QI-03575,Engineering change addressing: seal leakage detected during pressure test,proposed,2026-01-13
EC-02883,QI-04030,Engineering change addressing: seal leakage detected during pressure test,implemented,2026-02-24
EC-02884,QI-08015,Engineering change addressing: material hardness below specification,in_progress,2026-07-26
EC-02885,QI-05258,Engineering change addressing: fastener torque inconsistency observed on assembly line,implemented,2026-04-20
EC-02886,QI-04260,Engineering change addressing: fastener torque inconsistency observed on assembly line,implemented,2026-06-22
EC-02887,QI-04108,Engineering change addressing: material hardness below specification,in_progress,2026-08-06
EC-02888,QI-05838,Engineering change addressing: surface finish outside specification,in_progress,2026-01-06
EC-02889,QI-09982,Engineering change addressing: surface finish outside specification,in_progress,2026-02-19
EC-02890,QI-01077,Engineering change addressing: seal leakage detected during pressure test,implemented,2026-08-21
EC-02891,QI-05257,Engineering change addressing: fastener torque inconsistency observed on assembly line,in_progress,2026-07-14
EC-02892,QI-01915,Engineering change addressing: intermittent sensor reading failure under load,in_progress,2026-03-06
EC-02893,QI-00709,Engineering change addressing: fastener torque inconsistency observed on assembly line,approved,2026-06-04
EC-02894,QI-03611,Engineering change addressing: intermittent sensor reading failure under load,in_progress,2026-07-22
EC-02895,QI-02174,Engineering change addressing: seal leakage detected during pressure test,in_progress,2026-02-27
EC-02896,QI-05314,Engineering change addressing: surface finish outside specification,implemented,2026-04-24
EC-02897,QI-06802,Engineering change addressing: seal leakage detected during pressure test,implemented,2026-02-06
EC-02898,QI-08375,Engineering change addressing: dimensional deviation detected during incoming inspection,in_progress,2026-07-21
EC-02899,QI-06256,Engineering change addressing: material hardness below specification,in_progress,2026-01-22
EC-02900,QI-08982,Engineering change addressing: dimensional deviation detected during incoming inspection,proposed,2026-06-17
EC-02901,QI-02617,Engineering change addressing: fastener torque inconsistency observed on assembly line,proposed,2026-04-10
EC-02902,QI-06031,Engineering change addressing: material hardness below specification,approved,2026-01-11
EC-02903,QI-09019,Engineering change addressing: surface finish outside specification,proposed,2026-02-04
EC-02904,QI-01970,Engineering change addressing: fastener torque inconsistency observed on assembly line,in_progress,2026-01-10
EC-02905,QI-03777,Engineering change addressing: seal leakage detected during pressure test,implemented,2026-02-09
EC-02906,QI-07442,Engineering change addressing: material hardness below specification,approved,2026-01-20
EC-02907,QI-08494,Engineering change addressing: intermittent sensor reading failure under load,proposed,2026-08-11
EC-02908,QI-10702,Engineering change addressing: dimensional deviation detected during incoming inspection,in_progress,2026-01-03
EC-02909,QI-02283,Engineering change addressing: intermittent sensor reading failure under load,implemented,2026-07-08
EC-02910,QI-04290,Engineering change addressing: dimensional deviation detected during incoming inspection,implemented,2026-06-10
EC-02911,QI-11946,Engineering change addressing: surface finish outside specification,approved,2026-05-24
EC-02912,QI-05976,Engineering change addressing: surface finish outside specification,proposed,2026-07-22
EC-02913,QI-02959,Engineering change addressing: intermittent sensor reading failure under load,in_progress,2026-01-05
EC-02914,QI-02036,Engineering change addressing: intermittent sensor reading failure under load,proposed,2026-04-12
EC-02915,QI-01721,Engineering change addressing: fastener torque inconsistency observed on assembly line,proposed,2026-08-04
EC-02916,QI-05434,Engineering change addressing: seal leakage detected during pressure test,implemented,2026-07-28
EC-02917,QI-04598,Engineering change addressing: dimensional deviation detected during incoming inspection,approved,2026-08-26
EC-02918,QI-03559,Engineering change addressing: dimensional deviation detected during incoming inspection,implemented,2026-01-24
EC-02919,QI-08960,Engineering change addressing: fastener torque inconsistency observed on assembly line,approved,2026-07-07
EC-02920,QI-02557,Engineering change addressing: dimensional deviation detected during incoming inspection,in_progress,2026-04-10
EC-02921,QI-08447,Engineering change addressing: material hardness below specification,approved,2026-03-15
EC-02922,QI-04061,Engineering change addressing: material hardness below specification,in_progress,2026-06-18
EC-02923,QI-06258,Engineering change addressing: dimensional deviation detected during incoming inspection,approved,2026-02-18
EC-02924,QI-05635,Engineering change addressing: surface finish outside specification,approved,2026-02-07
EC-02925,QI-03897,Engineering change addressing: material hardness below specification,implemented,2026-02-20
EC-02926,QI-06110,Engineering change addressing: intermittent sensor reading failure under load,approved,2026-03-13
EC-02927,QI-00924,Engineering change addressing: seal leakage detected during pressure test,approved,2026-06-23
EC-02928,QI-11885,Engineering change addressing: dimensional deviation detected during incoming inspection,implemented,2026-08-19
EC-02929,QI-06023,Engineering change addressing: fastener torque inconsistency observed on assembly line,proposed,2026-01-11
EC-02930,QI-08385,Engineering change addressing: intermittent sensor reading failure under load,approved,2026-08-10
EC-02931,QI-08974,Engineering change addressing: seal leakage detected during pressure test,implemented,2026-06-08
EC-02932,QI-01978,Engineering change addressing: fastener torque inconsistency observed on assembly line,in_progress,2026-01-13
EC-02933,QI-07796,Engineering change addressing: fastener torque inconsistency observed on assembly line,proposed,2026-05-22
EC-02934,QI-11115,Engineering change addressing: dimensional deviation detected during incoming inspection,proposed,2026-08-15
EC-02935,QI-00428,Engineering change addressing: surface finish outside specification,approved,2026-05-09
EC-02936,QI-05986,Engineering change addressing: surface finish outside specification,approved,2026-04-16
EC-02937,QI-04258,Engineering change addressing: fastener torque inconsistency observed on assembly line,in_progress,2026-04-18
EC-02938,QI-11925,Engineering change addressing: intermittent sensor reading failure under load,in_progress,2026-07-10
EC-02939,QI-11237,Engineering change addressing: intermittent sensor reading failure under load,in_progress,2026-01-09
EC-02940,QI-09136,Engineering change addressing: material hardness below specification,proposed,2026-01-23
EC-02941,QI-10018,Engineering change addressing: intermittent sensor reading failure under load,implemented,2026-05-04
EC-02942,QI-05726,Engineering change addressing: material hardness below specification,implemented,2026-07-18
EC-02943,QI-02622,Engineering change addressing: surface finish outside specification,implemented,2026-02-28
EC-02944,QI-09858,Engineering change addressing: seal leakage detected during pressure test,proposed,2026-06-01
EC-02945,QI-00584,Engineering change addressing: material hardness below specification,approved,2026-06-03
EC-02946,QI-08256,Engineering change addressing: material hardness below specification,in_progress,2026-01-03
EC-02947,QI-00119,Engineering change addressing: seal leakage detected during pressure test,proposed,2026-01-24
EC-02948,QI-09417,Engineering change addressing: seal leakage detected during pressure test,proposed,2026-01-20
EC-02949,QI-05743,Engineering change addressing: fastener torque inconsistency observed on assembly line,implemented,2026-04-18
EC-02950,QI-10248,Engineering change addressing: material hardness below specification,in_progress,2026-06-08
EC-02951,QI-03075,Engineering change addressing: material hardness below specification,approved,2026-05-26
EC-02952,QI-02315,Engineering change addressing: material hardness below specification,implemented,2026-02-03
EC-02953,QI-06979,Engineering change addressing: intermittent sensor reading failure under load,implemented,2026-07-03
EC-02954,QI-04990,Engineering change addressing: dimensional deviation detected during incoming inspection,proposed,2026-07-22
EC-02955,QI-10831,Engineering change addressing: material hardness below specification,in_progress,2026-02-26
EC-02956,QI-00415,Engineering change addressing: fastener torque inconsistency observed on assembly line,proposed,2026-07-27
EC-02957,QI-04651,Engineering change addressing: seal leakage detected during pressure test,approved,2026-02-09
EC-02958,QI-04374,Engineering change addressing: intermittent sensor reading failure under load,in_progress,2026-01-04
EC-02959,QI-02451,Engineering change addressing: dimensional deviation detected during incoming inspection,in_progress,2026-07-06
EC-02960,QI-11409,Engineering change addressing: dimensional deviation detected during incoming inspection,in_progress,2026-08-14
EC-02961,QI-11357,Engineering change addressing: surface finish outside specification,proposed,2026-04-06
EC-02962,QI-05904,Engineering change addressing: dimensional deviation detected during incoming inspection,implemented,2026-07-08
EC-02963,QI-07199,Engineering change addressing: intermittent sensor reading failure under load,proposed,2026-08-28
EC-02964,QI-01518,Engineering change addressing: material hardness below specification,proposed,2026-07-01
EC-02965,QI-05843,Engineering change addressing: fastener torque inconsistency observed on assembly line,proposed,2026-03-08
EC-02966,QI-09958,Engineering change addressing: material hardness below specification,implemented,2026-07-05
EC-02967,QI-05590,Engineering change addressing: surface finish outside specification,proposed,2026-02-07
EC-02968,QI-09842,Engineering change addressing: dimensional deviation detected during incoming inspection,proposed,2026-05-07
EC-02969,QI-01971,Engineering change addressing: seal leakage detected during pressure test,proposed,2026-02-03
EC-02970,QI-02765,Engineering change addressing: intermittent sensor reading failure under load,implemented,2026-07-20
EC-02971,QI-09306,Engineering change addressing: dimensional deviation detected during incoming inspection,implemented,2026-06-21
EC-02972,QI-05617,Engineering change addressing: fastener torque inconsistency observed on assembly line,approved,2026-05-22
EC-02973,QI-09688,Engineering change addressing: fastener torque inconsistency observed on assembly line,approved,2026-01-05
EC-02974,QI-07933,Engineering change addressing: surface finish outside specification,approved,2026-02-17
EC-02975,QI-07563,Engineering change addressing: material hardness below specification,approved,2026-08-20
EC-02976,QI-07122,Engineering change addressing: seal leakage detected during pressure test,in_progress,2026-08-01
EC-02977,QI-00883,Engineering change addressing: seal leakage detected during pressure test,approved,2026-04-08
EC-02978,QI-02119,Engineering change addressing: material hardness below specification,implemented,2026-05-23
EC-02979,QI-11779,Engineering change addressing: seal leakage detected during pressure test,in_progress,2026-06-18
EC-02980,QI-07616,Engineering change addressing: material hardness below specification,in_progress,2026-04-19
EC-02981,QI-04278,Engineering change addressing: intermittent sensor reading failure under load,implemented,2026-06-06
EC-02982,QI-09204,Engineering change addressing: intermittent sensor reading failure under load,proposed,2026-01-25
EC-02983,QI-08999,Engineering change addressing: intermittent sensor reading failure under load,in_progress,2026-05-03
EC-02984,QI-08349,Engineering change addressing: dimensional deviation detected during incoming inspection,implemented,2026-05-20
EC-02985,QI-05766,Engineering change addressing: surface finish outside specification,proposed,2026-08-14
EC-02986,QI-03982,Engineering change addressing: dimensional deviation detected during incoming inspection,approved,2026-06-22
EC-02987,QI-00722,Engineering change addressing: intermittent sensor reading failure under load,proposed,2026-07-18
EC-02988,QI-10414,Engineering change addressing: seal leakage detected during pressure test,implemented,2026-08-04
EC-02989,QI-06699,Engineering change addressing: dimensional deviation detected during incoming inspection,proposed,2026-02-20
EC-02990,QI-11159,Engineering change addressing: intermittent sensor reading failure under load,implemented,2026-04-15
EC-02991,QI-04513,Engineering change addressing: material hardness below specification,implemented,2026-08-19
EC-02992,QI-05052,Engineering change addressing: fastener torque inconsistency observed on assembly line,in_progress,2026-06-14
EC-02993,QI-06153,Engineering change addressing: intermittent sensor reading failure under load,implemented,2026-01-21
EC-02994,QI-06278,Engineering change addressing: surface finish outside specification,approved,2026-08-02
EC-02995,QI-09831,Engineering change addressing: surface finish outside specification,implemented,2026-07-24
EC-02996,QI-00517,Engineering change addressing: fastener torque inconsistency observed on assembly line,proposed,2026-04-15
EC-02997,QI-10870,Engineering change addressing: seal leakage detected during pressure test,implemented,2026-01-21
EC-02998,QI-06749,Engineering change addressing: seal leakage detected during pressure test,approved,2026-01-16
EC-02999,QI-01052,Engineering change addressing: seal leakage detected during pressure test,approved,2026-01-15
EC-03000,QI-05043,Engineering change addressing: fastener torque inconsistency observed on assembly line,approved,2026-07-01
EC-03001,QI-05950,Engineering change addressing: fastener torque inconsistency observed on assembly line,in_progress,2026-05-11
EC-03002,QI-05797,Engineering change addressing: material hardness below specification,in_progress,2026-07-08
EC-03003,QI-06878,Engineering change addressing: seal leakage detected during pressure test,in_progress,2026-08-12
EC-03004,QI-03930,Engineering change addressing: dimensional deviation detected during incoming inspection,in_progress,2026-07-10
EC-03005,QI-02082,Engineering change addressing: seal leakage detected during pressure test,implemented,2026-01-11
EC-03006,QI-00475,Engineering change addressing: intermittent sensor reading failure under load,implemented,2026-07-21
EC-03007,QI-08450,Engineering change addressing: fastener torque inconsistency observed on assembly line,implemented,2026-03-06
EC-03008,QI-11785,Engineering change addressing: seal leakage detected during pressure test,implemented,2026-05-14
EC-03009,QI-08714,Engineering change addressing: fastener torque inconsistency observed on assembly line,proposed,2026-06-26
EC-03010,QI-07303,Engineering change addressing: dimensional deviation detected during incoming inspection,proposed,2026-05-08
EC-03011,QI-07136,Engineering change addressing: surface finish outside specification,proposed,2026-08-04
EC-03012,QI-05789,Engineering change addressing: fastener torque inconsistency observed on assembly line,implemented,2026-06-27
EC-03013,QI-03596,Engineering change addressing: fastener torque inconsistency observed on assembly line,implemented,2026-08-17
EC-03014,QI-08411,Engineering change addressing: intermittent sensor reading failure under load,proposed,2026-04-03
EC-03015,QI-07456,Engineering change addressing: seal leakage detected during pressure test,implemented,2026-01-09
EC-03016,QI-02570,Engineering change addressing: intermittent sensor reading failure under load,proposed,2026-01-07
EC-03017,QI-04025,Engineering change addressing: fastener torque inconsistency observed on assembly line,implemented,2026-05-28
EC-03018,QI-06830,Engineering change addressing: fastener torque inconsistency observed on assembly line,in_progress,2026-08-22
EC-03019,QI-01503,Engineering change addressing: surface finish outside specification,approved,2026-08-06
EC-03020,QI-11036,Engineering change addressing: dimensional deviation detected during incoming inspection,proposed,2026-06-17
EC-03021,QI-02688,Engineering change addressing: intermittent sensor reading failure under load,approved,2026-06-13
EC-03022,QI-00685,Engineering change addressing: dimensional deviation detected during incoming inspection,approved,2026-06-21
EC-03023,QI-01106,Engineering change addressing: surface finish outside specification,proposed,2026-03-19
EC-03024,QI-01112,Engineering change addressing: seal leakage detected during pressure test,in_progress,2026-07-21
EC-03025,QI-00261,Engineering change addressing: dimensional deviation detected during incoming inspection,proposed,2026-03-23
EC-03026,QI-07270,Engineering change addressing: seal leakage detected during pressure test,proposed,2026-02-12
EC-03027,QI-04590,Engineering change addressing: seal leakage detected during pressure test,in_progress,2026-08-02
EC-03028,QI-07355,Engineering change addressing: fastener torque inconsistency observed on assembly line,approved,2026-02-19
EC-03029,QI-07927,Engineering change addressing: fastener torque inconsistency observed on assembly line,in_progress,2026-03-13
EC-03030,QI-04161,Engineering change addressing: surface finish outside specification,proposed,2026-07-23
EC-03031,QI-03317,Engineering change addressing: intermittent sensor reading failure under load,approved,2026-06-11
EC-03032,QI-05177,Engineering change addressing: material hardness below specification,approved,2026-03-04
EC-03033,QI-11021,Engineering change addressing: fastener torque inconsistency observed on assembly line,implemented,2026-06-14
EC-03034,QI-05082,Engineering change addressing: fastener torque inconsistency observed on assembly line,in_progress,2026-07-13
EC-03035,QI-00889,Engineering change addressing: intermittent sensor reading failure under load,approved,2026-01-01
EC-03036,QI-05528,Engineering change addressing: intermittent sensor reading failure under load,implemented,2026-07-11
EC-03037,QI-09509,Engineering change addressing: surface finish outside specification,proposed,2026-04-15
EC-03038,QI-08244,Engineering change addressing: dimensional deviation detected during incoming inspection,implemented,2026-02-10
EC-03039,QI-06790,Engineering change addressing: intermittent sensor reading failure under load,proposed,2026-08-08
EC-03040,QI-05132,Engineering change addressing: intermittent sensor reading failure under load,implemented,2026-07-26
EC-03041,QI-00191,Engineering change addressing: fastener torque inconsistency observed on assembly line,proposed,2026-06-02
EC-03042,QI-01398,Engineering change addressing: dimensional deviation detected during incoming inspection,in_progress,2026-04-12
EC-03043,QI-09990,Engineering change addressing: seal leakage detected during pressure test,proposed,2026-07-20
EC-03044,QI-00248,Engineering change addressing: surface finish outside specification,proposed,2026-01-28
EC-03045,QI-05782,Engineering change addressing: seal leakage detected during pressure test,proposed,2026-02-19
EC-03046,QI-06458,Engineering change addressing: surface finish outside specification,implemented,2026-07-19
EC-03047,QI-09442,Engineering change addressing: intermittent sensor reading failure under load,proposed,2026-06-12
EC-03048,QI-03697,Engineering change addressing: seal leakage detected during pressure test,in_progress,2026-04-21
EC-03049,QI-01138,Engineering change addressing: intermittent sensor reading failure under load,approved,2026-06-26
EC-03050,QI-01875,Engineering change addressing: fastener torque inconsistency observed on assembly line,implemented,2026-05-04
EC-03051,QI-00204,Engineering change addressing: material hardness below specification,approved,2026-07-18
EC-03052,QI-07901,Engineering change addressing: intermittent sensor reading failure under load,approved,2026-02-03
EC-03053,QI-09632,Engineering change addressing: dimensional deviation detected during incoming inspection,approved,2026-07-19
EC-03054,QI-10614,Engineering change addressing: material hardness below specification,implemented,2026-05-27
EC-03055,QI-03616,Engineering change addressing: seal leakage detected during pressure test,approved,2026-05-12
EC-03056,QI-09861,Engineering change addressing: material hardness below specification,implemented,2026-05-10
EC-03057,QI-10261,Engineering change addressing: dimensional deviation detected during incoming inspection,proposed,2026-02-27
EC-03058,QI-07379,Engineering change addressing: fastener torque inconsistency observed on assembly line,approved,2026-01-04
EC-03059,QI-03061,Engineering change addressing: intermittent sensor reading failure under load,implemented,2026-01-10
EC-03060,QI-07404,Engineering change addressing: material hardness below specification,implemented,2026-07-11
EC-03061,QI-01470,Engineering change addressing: material hardness below specification,implemented,2026-08-26
EC-03062,QI-03433,Engineering change addressing: surface finish outside specification,in_progress,2026-07-12
EC-03063,QI-04555,Engineering change addressing: intermittent sensor reading failure under load,approved,2026-01-22
EC-03064,QI-11866,Engineering change addressing: intermittent sensor reading failure under load,in_progress,2026-02-13
EC-03065,QI-08868,Engineering change addressing: intermittent sensor reading failure under load,implemented,2026-07-05
EC-03066,QI-08563,Engineering change addressing: seal leakage detected during pressure test,in_progress,2026-01-23
EC-03067,QI-04501,Engineering change addressing: seal leakage detected during pressure test,in_progress,2026-02-23
EC-03068,QI-01799,Engineering change addressing: dimensional deviation detected during incoming inspection,implemented,2026-06-22
EC-03069,QI-04611,Engineering change addressing: seal leakage detected during pressure test,approved,2026-05-22
EC-03070,QI-02845,Engineering change addressing: surface finish outside specification,approved,2026-04-21
EC-03071,QI-06183,Engineering change addressing: fastener torque inconsistency observed on assembly line,in_progress,2026-08-10
EC-03072,QI-09415,Engineering change addressing: material hardness below specification,in_progress,2026-07-14
EC-03073,QI-00917,Engineering change addressing: material hardness below specification,in_progress,2026-06-02
EC-03074,QI-11166,Engineering change addressing: fastener torque inconsistency observed on assembly line,in_progress,2026-03-05
EC-03075,QI-03755,Engineering change addressing: material hardness below specification,proposed,2026-07-18
EC-03076,QI-11524,Engineering change addressing: dimensional deviation detected during incoming inspection,approved,2026-01-27
EC-03077,QI-00367,Engineering change addressing: intermittent sensor reading failure under load,approved,2026-07-11
EC-03078,QI-00752,Engineering change addressing: dimensional deviation detected during incoming inspection,implemented,2026-05-19
EC-03079,QI-02048,Engineering change addressing: intermittent sensor reading failure under load,in_progress,2026-06-15
EC-03080,QI-09516,Engineering change addressing: fastener torque inconsistency observed on assembly line,implemented,2026-02-08
EC-03081,QI-01770,Engineering change addressing: seal leakage detected during pressure test,in_progress,2026-01-21
EC-03082,QI-08270,Engineering change addressing: seal leakage detected during pressure test,approved,2026-03-06
EC-03083,QI-11511,Engineering change addressing: dimensional deviation detected during incoming inspection,proposed,2026-07-05
EC-03084,QI-11408,Engineering change addressing: dimensional deviation detected during incoming inspection,in_progress,2026-05-15
EC-03085,QI-10913,Engineering change addressing: intermittent sensor reading failure under load,proposed,2026-05-18
EC-03086,QI-06617,Engineering change addressing: surface finish outside specification,approved,2026-01-25
EC-03087,QI-02330,Engineering change addressing: dimensional deviation detected during incoming inspection,proposed,2026-07-23
EC-03088,QI-06296,Engineering change addressing: seal leakage detected during pressure test,in_progress,2026-04-07
EC-03089,QI-00450,Engineering change addressing: material hardness below specification,approved,2026-07-04
EC-03090,QI-01601,Engineering change addressing: fastener torque inconsistency observed on assembly line,approved,2026-02-25
EC-03091,QI-08526,Engineering change addressing: surface finish outside specification,approved,2026-05-11
EC-03092,QI-10226,Engineering change addressing: material hardness below specification,in_progress,2026-07-21
EC-03093,QI-07370,Engineering change addressing: dimensional deviation detected during incoming inspection,approved,2026-07-24
EC-03094,QI-11655,Engineering change addressing: intermittent sensor reading failure under load,implemented,2026-03-20
EC-03095,QI-03109,Engineering change addressing: seal leakage detected during pressure test,implemented,2026-04-05
EC-03096,QI-10668,Engineering change addressing: seal leakage detected during pressure test,in_progress,2026-02-16
EC-03097,QI-10278,Engineering change addressing: dimensional deviation detected during incoming inspection,approved,2026-07-04
EC-03098,QI-07810,Engineering change addressing: dimensional deviation detected during incoming inspection,implemented,2026-02-15
EC-03099,QI-07264,Engineering change addressing: surface finish outside specification,implemented,2026-04-20
EC-03100,QI-08141,Engineering change addressing: material hardness below specification,in_progress,2026-05-26
EC-03101,QI-06060,Engineering change addressing: intermittent sensor reading failure under load,in_progress,2026-07-25
EC-03102,QI-01785,Engineering change addressing: intermittent sensor reading failure under load,approved,2026-03-10
EC-03103,QI-02168,Engineering change addressing: seal leakage detected during pressure test,implemented,2026-03-22
EC-03104,QI-08888,Engineering change addressing: material hardness below specification,implemented,2026-06-27
EC-03105,QI-00963,Engineering change addressing: seal leakage detected during pressure test,in_progress,2026-05-09
EC-03106,QI-09010,Engineering change addressing: fastener torque inconsistency observed on assembly line,proposed,2026-03-09
EC-03107,QI-00969,Engineering change addressing: intermittent sensor reading failure under load,in_progress,2026-01-05
EC-03108,QI-11808,Engineering change addressing: surface finish outside specification,implemented,2026-05-09
EC-03109,QI-05363,Engineering change addressing: material hardness below specification,in_progress,2026-08-21
EC-03110,QI-06533,Engineering change addressing: material hardness below specification,implemented,2026-03-16
EC-03111,QI-01457,Engineering change addressing: surface finish outside specification,implemented,2026-08-02
EC-03112,QI-02208,Engineering change addressing: seal leakage detected during pressure test,in_progress,2026-06-15
EC-03113,QI-01404,Engineering change addressing: dimensional deviation detected during incoming inspection,approved,2026-02-15
EC-03114,QI-00787,Engineering change addressing: material hardness below specification,implemented,2026-03-16
EC-03115,QI-01662,Engineering change addressing: fastener torque inconsistency observed on assembly line,in_progress,2026-08-03
EC-03116,QI-04624,Engineering change addressing: intermittent sensor reading failure under load,approved,2026-06-03
EC-03117,QI-01698,Engineering change addressing: intermittent sensor reading failure under load,approved,2026-01-02
EC-03118,QI-10972,Engineering change addressing: surface finish outside specification,in_progress,2026-05-13
EC-03119,QI-00314,Engineering change addressing: material hardness below specification,implemented,2026-06-13
EC-03120,QI-07684,Engineering change addressing: surface finish outside specification,in_progress,2026-03-03
EC-03121,QI-11728,Engineering change addressing: material hardness below specification,in_progress,2026-01-07
EC-03122,QI-01009,Engineering change addressing: dimensional deviation detected during incoming inspection,proposed,2026-04-14
EC-03123,QI-07260,Engineering change addressing: intermittent sensor reading failure under load,implemented,2026-08-10
EC-03124,QI-02135,Engineering change addressing: material hardness below specification,implemented,2026-06-16
EC-03125,QI-07476,Engineering change addressing: fastener torque inconsistency observed on assembly line,implemented,2026-06-03
EC-03126,QI-00104,Engineering change addressing: material hardness below specification,implemented,2026-04-20
EC-03127,QI-06397,Engineering change addressing: intermittent sensor reading failure under load,approved,2026-07-15
EC-03128,QI-00385,Engineering change addressing: seal leakage detected during pressure test,proposed,2026-01-04
EC-03129,QI-03768,Engineering change addressing: material hardness below specification,in_progress,2026-06-25
EC-03130,QI-01005,Engineering change addressing: fastener torque inconsistency observed on assembly line,proposed,2026-02-22
EC-03131,QI-11516,Engineering change addressing: material hardness below specification,implemented,2026-07-26
EC-03132,QI-06523,Engineering change addressing: material hardness below specification,approved,2026-05-28
EC-03133,QI-04637,Engineering change addressing: material hardness below specification,in_progress,2026-02-13
EC-03134,QI-00670,Engineering change addressing: dimensional deviation detected during incoming inspection,proposed,2026-05-20
EC-03135,QI-11934,Engineering change addressing: intermittent sensor reading failure under load,implemented,2026-02-20
EC-03136,QI-10141,Engineering change addressing: intermittent sensor reading failure under load,in_progress,2026-07-20
EC-03137,QI-05918,Engineering change addressing: fastener torque inconsistency observed on assembly line,implemented,2026-07-26
EC-03138,QI-05709,Engineering change addressing: material hardness below specification,implemented,2026-06-10
EC-03139,QI-08522,Engineering change addressing: surface finish outside specification,in_progress,2026-06-26
EC-03140,QI-01648,Engineering change addressing: material hardness below specification,implemented,2026-05-26
EC-03141,QI-07673,Engineering change addressing: fastener torque inconsistency observed on assembly line,proposed,2026-03-28
EC-03142,QI-01658,Engineering change addressing: fastener torque inconsistency observed on assembly line,proposed,2026-05-13
EC-03143,QI-04616,Engineering change addressing: dimensional deviation detected during incoming inspection,implemented,2026-01-10
EC-03144,QI-01793,Engineering change addressing: material hardness below specification,implemented,2026-01-09
EC-03145,QI-11277,Engineering change addressing: seal leakage detected during pressure test,approved,2026-01-05
EC-03146,QI-04772,Engineering change addressing: intermittent sensor reading failure under load,in_progress,2026-07-19
EC-03147,QI-11286,Engineering change addressing: fastener torque inconsistency observed on assembly line,in_progress,2026-08-15
EC-03148,QI-04558,Engineering change addressing: dimensional deviation detected during incoming inspection,proposed,2026-07-01
EC-03149,QI-00452,Engineering change addressing: seal leakage detected during pressure test,proposed,2026-02-28
EC-03150,QI-11647,Engineering change addressing: material hardness below specification,implemented,2026-05-14
EC-03151,QI-06281,Engineering change addressing: seal leakage detected during pressure test,proposed,2026-07-16
EC-03152,QI-08281,Engineering change addressing: fastener torque inconsistency observed on assembly line,in_progress,2026-02-26
EC-03153,QI-04058,Engineering change addressing: surface finish outside specification,proposed,2026-03-01
EC-03154,QI-03170,Engineering change addressing: surface finish outside specification,in_progress,2026-01-20
EC-03155,QI-02203,Engineering change addressing: seal leakage detected during pressure test,proposed,2026-08-21
EC-03156,QI-02346,Engineering change addressing: seal leakage detected during pressure test,implemented,2026-02-19
EC-03157,QI-08064,Engineering change addressing: surface finish outside specification,implemented,2026-02-15
EC-03158,QI-11373,Engineering change addressing: fastener torque inconsistency observed on assembly line,in_progress,2026-04-27
EC-03159,QI-05965,Engineering change addressing: intermittent sensor reading failure under load,approved,2026-06-01
EC-03160,QI-09257,Engineering change addressing: material hardness below specification,in_progress,2026-01-15
EC-03161,QI-06400,Engineering change addressing: intermittent sensor reading failure under load,in_progress,2026-06-11
EC-03162,QI-09589,Engineering change addressing: material hardness below specification,in_progress,2026-01-10
EC-03163,QI-07393,Engineering change addressing: fastener torque inconsistency observed on assembly line,in_progress,2026-07-04
EC-03164,QI-00335,Engineering change addressing: seal leakage detected during pressure test,in_progress,2026-08-10
EC-03165,QI-06629,Engineering change addressing: material hardness below specification,proposed,2026-06-27
EC-03166,QI-02840,Engineering change addressing: dimensional deviation detected during incoming inspection,implemented,2026-04-04
EC-03167,QI-01456,Engineering change addressing: material hardness below specification,implemented,2026-05-09
EC-03168,QI-02265,Engineering change addressing: intermittent sensor reading failure under load,proposed,2026-05-18
EC-03169,QI-05066,Engineering change addressing: dimensional deviation detected during incoming inspection,implemented,2026-08-11
EC-03170,QI-07209,Engineering change addressing: surface finish outside specification,implemented,2026-05-03
EC-03171,QI-08499,Engineering change addressing: intermittent sensor reading failure under load,implemented,2026-06-28
EC-03172,QI-10718,Engineering change addressing: intermittent sensor reading failure under load,implemented,2026-08-02
EC-03173,QI-00289,Engineering change addressing: fastener torque inconsistency observed on assembly line,in_progress,2026-07-24
EC-03174,QI-10022,Engineering change addressing: intermittent sensor reading failure under load,proposed,2026-05-08
EC-03175,QI-04967,Engineering change addressing: dimensional deviation detected during incoming inspection,proposed,2026-02-19
EC-03176,QI-08552,Engineering change addressing: surface finish outside specification,implemented,2026-02-09
EC-03177,QI-06634,Engineering change addressing: dimensional deviation detected during incoming inspection,in_progress,2026-01-18
EC-03178,QI-03756,Engineering change addressing: intermittent sensor reading failure under load,approved,2026-07-20
EC-03179,QI-04327,Engineering change addressing: seal leakage detected during pressure test,in_progress,2026-08-23
EC-03180,QI-00591,Engineering change addressing: material hardness below specification,in_progress,2026-01-09
EC-03181,QI-05973,Engineering change addressing: fastener torque inconsistency observed on assembly line,proposed,2026-03-20
EC-03182,QI-06371,Engineering change addressing: surface finish outside specification,proposed,2026-07-28
EC-03183,QI-04946,Engineering change addressing: seal leakage detected during pressure test,implemented,2026-01-03
EC-03184,QI-03307,Engineering change addressing: seal leakage detected during pressure test,implemented,2026-03-13
EC-03185,QI-10864,Engineering change addressing: intermittent sensor reading failure under load,in_progress,2026-08-12
EC-03186,QI-10889,Engineering change addressing: dimensional deviation detected during incoming inspection,approved,2026-06-27
EC-03187,QI-02662,Engineering change addressing: surface finish outside specification,proposed,2026-02-05
EC-03188,QI-05915,Engineering change addressing: intermittent sensor reading failure under load,in_progress,2026-07-03
EC-03189,QI-03239,Engineering change addressing: dimensional deviation detected during incoming inspection,proposed,2026-07-04
EC-03190,QI-08633,Engineering change addressing: dimensional deviation detected during incoming inspection,proposed,2026-04-16
EC-03191,QI-07568,Engineering change addressing: intermittent sensor reading failure under load,implemented,2026-07-19
EC-03192,QI-10475,Engineering change addressing: dimensional deviation detected during incoming inspection,proposed,2026-02-25
EC-03193,QI-02689,Engineering change addressing: seal leakage detected during pressure test,in_progress,2026-07-18
EC-03194,QI-08729,Engineering change addressing: intermittent sensor reading failure under load,implemented,2026-04-12
EC-03195,QI-00823,Engineering change addressing: fastener torque inconsistency observed on assembly line,proposed,2026-07-09
EC-03196,QI-07533,Engineering change addressing: fastener torque inconsistency observed on assembly line,proposed,2026-06-26
EC-03197,QI-04311,Engineering change addressing: surface finish outside specification,approved,2026-03-08
EC-03198,QI-05345,Engineering change addressing: dimensional deviation detected during incoming inspection,implemented,2026-06-04
EC-03199,QI-08884,Engineering change addressing: fastener torque inconsistency observed on assembly line,proposed,2026-08-18
EC-03200,QI-08461,Engineering change addressing: material hardness below specification,implemented,2026-08-22
EC-03201,QI-08027,Engineering change addressing: seal leakage detected during pressure test,proposed,2026-04-12
EC-03202,QI-02292,Engineering change addressing: surface finish outside specification,approved,2026-01-24
EC-03203,QI-06822,Engineering change addressing: seal leakage detected during pressure test,approved,2026-04-02
EC-03204,QI-01682,Engineering change addressing: dimensional deviation detected during incoming inspection,approved,2026-05-05
EC-03205,QI-04135,Engineering change addressing: surface finish outside specification,in_progress,2026-05-15
EC-03206,QI-10883,Engineering change addressing: material hardness below specification,implemented,2026-03-16
EC-03207,QI-09681,Engineering change addressing: seal leakage detected during pressure test,approved,2026-02-14
EC-03208,QI-04521,Engineering change addressing: dimensional deviation detected during incoming inspection,in_progress,2026-05-28
EC-03209,QI-03665,Engineering change addressing: material hardness below specification,approved,2026-04-18
EC-03210,QI-07287,Engineering change addressing: seal leakage detected during pressure test,implemented,2026-08-01
EC-03211,QI-05381,Engineering change addressing: fastener torque inconsistency observed on assembly line,proposed,2026-02-18
EC-03212,QI-00800,Engineering change addressing: surface finish outside specification,in_progress,2026-08-07
EC-03213,QI-04451,Engineering change addressing: fastener torque inconsistency observed on assembly line,in_progress,2026-05-02
EC-03214,QI-04062,Engineering change addressing: dimensional deviation detected during incoming inspection,proposed,2026-07-02
EC-03215,QI-00560,Engineering change addressing: surface finish outside specification,approved,2026-01-18
EC-03216,QI-08387,Engineering change addressing: dimensional deviation detected during incoming inspection,proposed,2026-04-11
EC-03217,QI-05724,Engineering change addressing: material hardness below specification,implemented,2026-07-19
EC-03218,QI-07354,Engineering change addressing: fastener torque inconsistency observed on assembly line,in_progress,2026-04-19
EC-03219,QI-06871,Engineering change addressing: dimensional deviation detected during incoming inspection,in_progress,2026-04-12
EC-03220,QI-00319,Engineering change addressing: intermittent sensor reading failure under load,approved,2026-08-23
EC-03221,QI-07763,Engineering change addressing: seal leakage detected during pressure test,approved,2026-03-13
EC-03222,QI-00822,Engineering change addressing: dimensional deviation detected during incoming inspection,proposed,2026-04-07
EC-03223,QI-01965,Engineering change addressing: surface finish outside specification,proposed,2026-05-11
EC-03224,QI-08913,Engineering change addressing: fastener torque inconsistency observed on assembly line,implemented,2026-06-19
EC-03225,QI-07773,Engineering change addressing: surface finish outside specification,proposed,2026-07-14
EC-03226,QI-11212,Engineering change addressing: intermittent sensor reading failure under load,implemented,2026-04-09
EC-03227,QI-01867,Engineering change addressing: fastener torque inconsistency observed on assembly line,approved,2026-08-20
EC-03228,QI-08278,Engineering change addressing: intermittent sensor reading failure under load,in_progress,2026-07-04
EC-03229,QI-09811,Engineering change addressing: material hardness below specification,proposed,2026-03-18
EC-03230,QI-02261,Engineering change addressing: surface finish outside specification,proposed,2026-03-18
EC-03231,QI-08453,Engineering change addressing: intermittent sensor reading failure under load,implemented,2026-03-03
EC-03232,QI-07579,Engineering change addressing: material hardness below specification,in_progress,2026-05-23
EC-03233,QI-03997,Engineering change addressing: intermittent sensor reading failure under load,implemented,2026-02-07
EC-03234,QI-10125,Engineering change addressing: dimensional deviation detected during incoming inspection,in_progress,2026-06-26
EC-03235,QI-09513,Engineering change addressing: seal leakage detected during pressure test,implemented,2026-04-03
EC-03236,QI-10339,Engineering change addressing: material hardness below specification,proposed,2026-05-20
EC-03237,QI-09512,Engineering change addressing: intermittent sensor reading failure under load,approved,2026-06-02
EC-03238,QI-09613,Engineering change addressing: material hardness below specification,implemented,2026-04-23
EC-03239,QI-08821,Engineering change addressing: intermittent sensor reading failure under load,implemented,2026-07-02
EC-03240,QI-08904,Engineering change addressing: fastener torque inconsistency observed on assembly line,approved,2026-08-20
EC-03241,QI-01838,Engineering change addressing: dimensional deviation detected during incoming inspection,approved,2026-06-21
EC-03242,QI-04370,Engineering change addressing: fastener torque inconsistency observed on assembly line,proposed,2026-08-05
EC-03243,QI-01392,Engineering change addressing: material hardness below specification,in_progress,2026-02-06
EC-03244,QI-01093,Engineering change addressing: dimensional deviation detected during incoming inspection,approved,2026-04-07
EC-03245,QI-05791,Engineering change addressing: seal leakage detected during pressure test,proposed,2026-06-10
EC-03246,QI-02430,Engineering change addressing: dimensional deviation detected during incoming inspection,proposed,2026-05-14
EC-03247,QI-00222,Engineering change addressing: seal leakage detected during pressure test,approved,2026-07-24
EC-03248,QI-07662,Engineering change addressing: surface finish outside specification,implemented,2026-03-02
EC-03249,QI-05444,Engineering change addressing: intermittent sensor reading failure under load,in_progress,2026-04-25
EC-03250,QI-01224,Engineering change addressing: dimensional deviation detected during incoming inspection,approved,2026-02-22
EC-03251,QI-01385,Engineering change addressing: dimensional deviation detected during incoming inspection,implemented,2026-04-13
EC-03252,QI-10705,Engineering change addressing: fastener torque inconsistency observed on assembly line,approved,2026-04-14
EC-03253,QI-10742,Engineering change addressing: fastener torque inconsistency observed on assembly line,in_progress,2026-05-26
EC-03254,QI-09620,Engineering change addressing: seal leakage detected during pressure test,implemented,2026-02-17
EC-03255,QI-01784,Engineering change addressing: seal leakage detected during pressure test,in_progress,2026-08-13
EC-03256,QI-02433,Engineering change addressing: dimensional deviation detected during incoming inspection,in_progress,2026-08-20
EC-03257,QI-01949,Engineering change addressing: dimensional deviation detected during incoming inspection,implemented,2026-02-03
EC-03258,QI-11733,Engineering change addressing: fastener torque inconsistency observed on assembly line,proposed,2026-08-19
EC-03259,QI-08300,Engineering change addressing: material hardness below specification,in_progress,2026-06-06
EC-03260,QI-08350,Engineering change addressing: fastener torque inconsistency observed on assembly line,implemented,2026-01-08
EC-03261,QI-01252,Engineering change addressing: dimensional deviation detected during incoming inspection,approved,2026-08-25
EC-03262,QI-01866,Engineering change addressing: seal leakage detected during pressure test,approved,2026-06-10
EC-03263,QI-02310,Engineering change addressing: material hardness below specification,implemented,2026-07-24
EC-03264,QI-10395,Engineering change addressing: intermittent sensor reading failure under load,implemented,2026-05-05
EC-03265,QI-04054,Engineering change addressing: intermittent sensor reading failure under load,approved,2026-05-09
EC-03266,QI-04466,Engineering change addressing: dimensional deviation detected during incoming inspection,implemented,2026-07-22
EC-03267,QI-10855,Engineering change addressing: seal leakage detected during pressure test,in_progress,2026-04-18
EC-03268,QI-07680,Engineering change addressing: seal leakage detected during pressure test,in_progress,2026-05-19
EC-03269,QI-06470,Engineering change addressing: fastener torque inconsistency observed on assembly line,implemented,2026-06-16
EC-03270,QI-07860,Engineering change addressing: dimensional deviation detected during incoming inspection,approved,2026-03-26
EC-03271,QI-04321,Engineering change addressing: seal leakage detected during pressure test,proposed,2026-01-01
EC-03272,QI-08942,Engineering change addressing: material hardness below specification,in_progress,2026-04-28
EC-03273,QI-05719,Engineering change addressing: surface finish outside specification,in_progress,2026-01-21
EC-03274,QI-02251,Engineering change addressing: surface finish outside specification,in_progress,2026-05-12
EC-03275,QI-04395,Engineering change addressing: fastener torque inconsistency observed on assembly line,implemented,2026-08-10
EC-03276,QI-00646,Engineering change addressing: surface finish outside specification,proposed,2026-01-16
EC-03277,QI-11191,Engineering change addressing: surface finish outside specification,implemented,2026-05-05
EC-03278,QI-04801,Engineering change addressing: fastener torque inconsistency observed on assembly line,approved,2026-01-21
EC-03279,QI-06564,Engineering change addressing: intermittent sensor reading failure under load,in_progress,2026-05-22
EC-03280,QI-08653,Engineering change addressing: surface finish outside specification,in_progress,2026-07-09
EC-03281,QI-02648,Engineering change addressing: surface finish outside specification,approved,2026-08-20
EC-03282,QI-07857,Engineering change addressing: material hardness below specification,proposed,2026-08-19
EC-03283,QI-04263,Engineering change addressing: seal leakage detected during pressure test,proposed,2026-06-24
EC-03284,QI-00139,Engineering change addressing: seal leakage detected during pressure test,implemented,2026-05-07
EC-03285,QI-05779,Engineering change addressing: dimensional deviation detected during incoming inspection,implemented,2026-02-14
EC-03286,QI-09594,Engineering change addressing: fastener torque inconsistency observed on assembly line,approved,2026-06-07
EC-03287,QI-05472,Engineering change addressing: dimensional deviation detected during incoming inspection,proposed,2026-02-22
EC-03288,QI-02889,Engineering change addressing: intermittent sensor reading failure under load,approved,2026-08-19
EC-03289,QI-09749,Engineering change addressing: surface finish outside specification,implemented,2026-02-02
EC-03290,QI-06142,Engineering change addressing: seal leakage detected during pressure test,approved,2026-07-01
EC-03291,QI-05658,Engineering change addressing: dimensional deviation detected during incoming inspection,implemented,2026-08-14
EC-03292,QI-04795,Engineering change addressing: surface finish outside specification,implemented,2026-03-09
EC-03293,QI-06214,Engineering change addressing: dimensional deviation detected during incoming inspection,in_progress,2026-01-22
EC-03294,QI-00087,Engineering change addressing: surface finish outside specification,proposed,2026-02-13
EC-03295,QI-00959,Engineering change addressing: intermittent sensor reading failure under load,proposed,2026-01-22
EC-03296,QI-10756,Engineering change addressing: fastener torque inconsistency observed on assembly line,implemented,2026-05-11
EC-03297,QI-05568,Engineering change addressing: dimensional deviation detected during incoming inspection,approved,2026-06-26
EC-03298,QI-03171,Engineering change addressing: fastener torque inconsistency observed on assembly line,in_progress,2026-01-05
EC-03299,QI-01401,Engineering change addressing: intermittent sensor reading failure under load,proposed,2026-04-06
EC-03300,QI-01034,Engineering change addressing: seal leakage detected during pressure test,proposed,2026-05-13
EC-03301,QI-06050,Engineering change addressing: material hardness below specification,approved,2026-04-02
EC-03302,QI-10878,Engineering change addressing: dimensional deviation detected during incoming inspection,approved,2026-07-24
EC-03303,QI-02159,Engineering change addressing: material hardness below specification,approved,2026-03-11
EC-03304,QI-08850,Engineering change addressing: surface finish outside specification,proposed,2026-02-27
EC-03305,QI-02836,Engineering change addressing: seal leakage detected during pressure test,proposed,2026-04-13
EC-03306,QI-03516,Engineering change addressing: intermittent sensor reading failure under load,in_progress,2026-02-04
EC-03307,QI-10344,Engineering change addressing: fastener torque inconsistency observed on assembly line,implemented,2026-05-24
EC-03308,QI-02332,Engineering change addressing: dimensional deviation detected during incoming inspection,approved,2026-03-23
EC-03309,QI-08605,Engineering change addressing: material hardness below specification,proposed,2026-08-11
EC-03310,QI-03397,Engineering change addressing: dimensional deviation detected during incoming inspection,approved,2026-07-06
EC-03311,QI-07742,Engineering change addressing: surface finish outside specification,proposed,2026-08-21
EC-03312,QI-06528,Engineering change addressing: fastener torque inconsistency observed on assembly line,proposed,2026-04-04
EC-03313,QI-04834,Engineering change addressing: fastener torque inconsistency observed on assembly line,implemented,2026-05-12
EC-03314,QI-02972,Engineering change addressing: dimensional deviation detected during incoming inspection,in_progress,2026-02-13
EC-03315,QI-04455,Engineering change addressing: surface finish outside specification,implemented,2026-06-27
EC-03316,QI-07623,Engineering change addressing: fastener torque inconsistency observed on assembly line,in_progress,2026-06-08
EC-03317,QI-10634,Engineering change addressing: material hardness below specification,in_progress,2026-01-02
EC-03318,QI-00315,Engineering change addressing: material hardness below specification,in_progress,2026-08-10
EC-03319,QI-03535,Engineering change addressing: fastener torque inconsistency observed on assembly line,approved,2026-04-24
EC-03320,QI-01775,Engineering change addressing: intermittent sensor reading failure under load,approved,2026-04-11
EC-03321,QI-11564,Engineering change addressing: intermittent sensor reading failure under load,proposed,2026-07-03
EC-03322,QI-08049,Engineering change addressing: material hardness below specification,approved,2026-02-04
EC-03323,QI-07488,Engineering change addressing: seal leakage detected during pressure test,approved,2026-01-22
EC-03324,QI-02536,Engineering change addressing: seal leakage detected during pressure test,proposed,2026-02-16
EC-03325,QI-01738,Engineering change addressing: material hardness below specification,implemented,2026-02-02
EC-03326,QI-08254,Engineering change addressing: intermittent sensor reading failure under load,proposed,2026-06-14
EC-03327,QI-00962,Engineering change addressing: material hardness below specification,approved,2026-06-20
EC-03328,QI-04588,Engineering change addressing: material hardness below specification,implemented,2026-05-10
EC-03329,QI-02132,Engineering change addressing: seal leakage detected during pressure test,approved,2026-08-03
EC-03330,QI-08284,Engineering change addressing: seal leakage detected during pressure test,approved,2026-06-27
EC-03331,QI-08744,Engineering change addressing: dimensional deviation detected during incoming inspection,implemented,2026-02-17
EC-03332,QI-04017,Engineering change addressing: seal leakage detected during pressure test,proposed,2026-04-23
EC-03333,QI-09792,Engineering change addressing: intermittent sensor reading failure under load,implemented,2026-07-17
EC-03334,QI-03014,Engineering change addressing: intermittent sensor reading failure under load,implemented,2026-01-03
EC-03335,QI-01145,Engineering change addressing: material hardness below specification,approved,2026-04-26
EC-03336,QI-03215,Engineering change addressing: material hardness below specification,in_progress,2026-01-26
EC-03337,QI-05330,Engineering change addressing: fastener torque inconsistency observed on assembly line,approved,2026-01-12
EC-03338,QI-06307,Engineering change addressing: dimensional deviation detected during incoming inspection,implemented,2026-02-24
EC-03339,QI-08277,Engineering change addressing: seal leakage detected during pressure test,proposed,2026-02-16
EC-03340,QI-08905,Engineering change addressing: seal leakage detected during pressure test,approved,2026-05-04
EC-03341,QI-10378,Engineering change addressing: seal leakage detected during pressure test,in_progress,2026-01-08
EC-03342,QI-09906,Engineering change addressing: material hardness below specification,in_progress,2026-03-25
EC-03343,QI-09926,Engineering change addressing: intermittent sensor reading failure under load,proposed,2026-04-12
EC-03344,QI-03523,Engineering change addressing: surface finish outside specification,in_progress,2026-04-07
EC-03345,QI-07050,Engineering change addressing: material hardness below specification,proposed,2026-01-28
EC-03346,QI-11228,Engineering change addressing: dimensional deviation detected during incoming inspection,approved,2026-01-10
EC-03347,QI-05211,Engineering change addressing: surface finish outside specification,proposed,2026-01-05
EC-03348,QI-07886,Engineering change addressing: dimensional deviation detected during incoming inspection,proposed,2026-08-27
EC-03349,QI-01086,Engineering change addressing: material hardness below specification,in_progress,2026-07-12
EC-03350,QI-03241,Engineering change addressing: seal leakage detected during pressure test,proposed,2026-06-27
EC-03351,QI-11434,Engineering change addressing: dimensional deviation detected during incoming inspection,implemented,2026-03-23
EC-03352,QI-05753,Engineering change addressing: intermittent sensor reading failure under load,approved,2026-01-21
EC-03353,QI-04076,Engineering change addressing: fastener torque inconsistency observed on assembly line,proposed,2026-08-23
EC-03354,QI-00515,Engineering change addressing: material hardness below specification,implemented,2026-07-10
EC-03355,QI-06267,Engineering change addressing: seal leakage detected during pressure test,proposed,2026-02-21
EC-03356,QI-04072,Engineering change addressing: intermittent sensor reading failure under load,approved,2026-07-01
EC-03357,QI-07738,Engineering change addressing: intermittent sensor reading failure under load,in_progress,2026-02-12
EC-03358,QI-01723,Engineering change addressing: material hardness below specification,implemented,2026-02-28
EC-03359,QI-00237,Engineering change addressing: fastener torque inconsistency observed on assembly line,approved,2026-01-14
EC-03360,QI-06998,Engineering change addressing: dimensional deviation detected during incoming inspection,in_progress,2026-04-06
EC-03361,QI-11143,Engineering change addressing: seal leakage detected during pressure test,proposed,2026-06-12
EC-03362,QI-09138,Engineering change addressing: material hardness below specification,in_progress,2026-03-16
EC-03363,QI-05718,Engineering change addressing: surface finish outside specification,in_progress,2026-08-26
EC-03364,QI-10114,Engineering change addressing: seal leakage detected during pressure test,in_progress,2026-07-25
EC-03365,QI-07010,Engineering change addressing: seal leakage detected during pressure test,approved,2026-05-03
EC-03366,QI-03080,Engineering change addressing: material hardness below specification,approved,2026-03-01
EC-03367,QI-05256,Engineering change addressing: seal leakage detected during pressure test,proposed,2026-02-18
EC-03368,QI-07612,Engineering change addressing: intermittent sensor reading failure under load,implemented,2026-04-20
EC-03369,QI-10176,Engineering change addressing: intermittent sensor reading failure under load,proposed,2026-07-16
EC-03370,QI-00217,Engineering change addressing: fastener torque inconsistency observed on assembly line,implemented,2026-07-01
EC-03371,QI-02827,Engineering change addressing: dimensional deviation detected during incoming inspection,in_progress,2026-03-14
EC-03372,QI-05540,Engineering change addressing: material hardness below specification,proposed,2026-08-19
EC-03373,QI-02708,Engineering change addressing: fastener torque inconsistency observed on assembly line,in_progress,2026-03-06
EC-03374,QI-00834,Engineering change addressing: seal leakage detected during pressure test,in_progress,2026-05-25
EC-03375,QI-06175,Engineering change addressing: material hardness below specification,approved,2026-06-21
EC-03376,QI-08073,Engineering change addressing: dimensional deviation detected during incoming inspection,implemented,2026-08-11
EC-03377,QI-09074,Engineering change addressing: material hardness below specification,in_progress,2026-02-01
EC-03378,QI-04811,Engineering change addressing: seal leakage detected during pressure test,approved,2026-06-11
EC-03379,QI-05687,Engineering change addressing: intermittent sensor reading failure under load,in_progress,2026-07-03
EC-03380,QI-09214,Engineering change addressing: seal leakage detected during pressure test,approved,2026-07-19
EC-03381,QI-08575,Engineering change addressing: fastener torque inconsistency observed on assembly line,in_progress,2026-06-21
EC-03382,QI-03617,Engineering change addressing: material hardness below specification,approved,2026-06-26
EC-03383,QI-04695,Engineering change addressing: material hardness below specification,in_progress,2026-01-22
EC-03384,QI-10704,Engineering change addressing: intermittent sensor reading failure under load,proposed,2026-05-09
EC-03385,QI-06141,Engineering change addressing: seal leakage detected during pressure test,implemented,2026-03-19
EC-03386,QI-07820,Engineering change addressing: material hardness below specification,in_progress,2026-08-14
EC-03387,QI-03869,Engineering change addressing: intermittent sensor reading failure under load,approved,2026-04-27
EC-03388,QI-04881,Engineering change addressing: seal leakage detected during pressure test,implemented,2026-02-10
EC-03389,QI-05686,Engineering change addressing: seal leakage detected during pressure test,approved,2026-08-16
EC-03390,QI-05030,Engineering change addressing: surface finish outside specification,implemented,2026-04-04
EC-03391,QI-07347,Engineering change addressing: dimensional deviation detected during incoming inspection,in_progress,2026-06-05
EC-03392,QI-06944,Engineering change addressing: surface finish outside specification,approved,2026-02-22
EC-03393,QI-06414,Engineering change addressing: seal leakage detected during pressure test,in_progress,2026-05-05
EC-03394,QI-03867,Engineering change addressing: intermittent sensor reading failure under load,implemented,2026-02-14
EC-03395,QI-10542,Engineering change addressing: surface finish outside specification,approved,2026-01-17
EC-03396,QI-01027,Engineering change addressing: fastener torque inconsistency observed on assembly line,implemented,2026-03-13
EC-03397,QI-09723,Engineering change addressing: seal leakage detected during pressure test,implemented,2026-04-16
EC-03398,QI-11956,Engineering change addressing: seal leakage detected during pressure test,proposed,2026-03-25
EC-03399,QI-08976,Engineering change addressing: surface finish outside specification,approved,2026-03-28
EC-03400,QI-07086,Engineering change addressing: dimensional deviation detected during incoming inspection,implemented,2026-06-16
EC-03401,QI-11639,Engineering change addressing: dimensional deviation detected during incoming inspection,proposed,2026-03-10
EC-03402,QI-10895,Engineering change addressing: dimensional deviation detected during incoming inspection,proposed,2026-03-07
EC-03403,QI-10087,Engineering change addressing: fastener torque inconsistency observed on assembly line,approved,2026-03-07
EC-03404,QI-11473,Engineering change addressing: seal leakage detected during pressure test,proposed,2026-03-27
EC-03405,QI-04779,Engineering change addressing: fastener torque inconsistency observed on assembly line,proposed,2026-07-03
EC-03406,QI-02114,Engineering change addressing: fastener torque inconsistency observed on assembly line,in_progress,2026-04-11
EC-03407,QI-02877,Engineering change addressing: seal leakage detected during pressure test,implemented,2026-05-10
EC-03408,QI-02818,Engineering change addressing: material hardness below specification,approved,2026-05-07
EC-03409,QI-07726,Engineering change addressing: intermittent sensor reading failure under load,approved,2026-08-11
EC-03410,QI-01646,Engineering change addressing: seal leakage detected during pressure test,in_progress,2026-05-08
EC-03411,QI-04255,Engineering change addressing: surface finish outside specification,approved,2026-04-28
EC-03412,QI-04938,Engineering change addressing: intermittent sensor reading failure under load,approved,2026-08-09
EC-03413,QI-11528,Engineering change addressing: dimensional deviation detected during incoming inspection,in_progress,2026-03-15
EC-03414,QI-08280,Engineering change addressing: surface finish outside specification,proposed,2026-06-15
EC-03415,QI-03087,Engineering change addressing: surface finish outside specification,approved,2026-01-20
EC-03416,QI-04419,Engineering change addressing: material hardness below specification,proposed,2026-07-11
EC-03417,QI-08628,Engineering change addressing: dimensional deviation detected during incoming inspection,proposed,2026-05-24
EC-03418,QI-10106,Engineering change addressing: seal leakage detected during pressure test,approved,2026-08-01
EC-03419,QI-05429,Engineering change addressing: material hardness below specification,implemented,2026-07-20
EC-03420,QI-08487,Engineering change addressing: dimensional deviation detected during incoming inspection,in_progress,2026-08-17
EC-03421,QI-02289,Engineering change addressing: intermittent sensor reading failure under load,proposed,2026-08-16
EC-03422,QI-05653,Engineering change addressing: intermittent sensor reading failure under load,approved,2026-07-07
EC-03423,QI-00435,Engineering change addressing: seal leakage detected during pressure test,proposed,2026-04-28
EC-03424,QI-08664,Engineering change addressing: surface finish outside specification,implemented,2026-08-21
EC-03425,QI-11376,Engineering change addressing: surface finish outside specification,proposed,2026-02-22
EC-03426,QI-07294,Engineering change addressing: material hardness below specification,in_progress,2026-04-05
EC-03427,QI-00624,Engineering change addressing: material hardness below specification,in_progress,2026-04-03
EC-03428,QI-11654,Engineering change addressing: fastener torque inconsistency observed on assembly line,approved,2026-03-13
EC-03429,QI-00297,Engineering change addressing: fastener torque inconsistency observed on assembly line,proposed,2026-05-27
EC-03430,QI-03977,Engineering change addressing: seal leakage detected during pressure test,proposed,2026-08-05
EC-03431,QI-04254,Engineering change addressing: material hardness below specification,approved,2026-01-24
EC-03432,QI-05832,Engineering change addressing: material hardness below specification,approved,2026-05-22
EC-03433,QI-04071,Engineering change addressing: fastener torque inconsistency observed on assembly line,proposed,2026-05-24
EC-03434,QI-02578,Engineering change addressing: fastener torque inconsistency observed on assembly line,in_progress,2026-03-25
EC-03435,QI-00506,Engineering change addressing: surface finish outside specification,approved,2026-03-07
EC-03436,QI-03627,Engineering change addressing: seal leakage detected during pressure test,proposed,2026-02-10
EC-03437,QI-06011,Engineering change addressing: surface finish outside specification,proposed,2026-06-17
EC-03438,QI-05757,Engineering change addressing: fastener torque inconsistency observed on assembly line,in_progress,2026-05-24
EC-03439,QI-11737,Engineering change addressing: seal leakage detected during pressure test,approved,2026-04-18
EC-03440,QI-06445,Engineering change addressing: fastener torque inconsistency observed on assembly line,proposed,2026-01-12
EC-03441,QI-11214,Engineering change addressing: fastener torque inconsistency observed on assembly line,in_progress,2026-01-01
EC-03442,QI-04975,Engineering change addressing: fastener torque inconsistency observed on assembly line,approved,2026-07-12
EC-03443,QI-08188,Engineering change addressing: intermittent sensor reading failure under load,in_progress,2026-01-15
EC-03444,QI-04863,Engineering change addressing: material hardness below specification,implemented,2026-05-22
EC-03445,QI-08730,Engineering change addressing: fastener torque inconsistency observed on assembly line,proposed,2026-08-04
EC-03446,QI-10361,Engineering change addressing: surface finish outside specification,approved,2026-03-15
EC-03447,QI-11622,Engineering change addressing: fastener torque inconsistency observed on assembly line,proposed,2026-07-04
EC-03448,QI-09246,Engineering change addressing: surface finish outside specification,implemented,2026-06-16
EC-03449,QI-00675,Engineering change addressing: fastener torque inconsistency observed on assembly line,implemented,2026-01-04
EC-03450,QI-01817,Engineering change addressing: dimensional deviation detected during incoming inspection,proposed,2026-02-18
EC-03451,QI-09472,Engineering change addressing: seal leakage detected during pressure test,approved,2026-07-08
EC-03452,QI-11650,Engineering change addressing: fastener torque inconsistency observed on assembly line,approved,2026-01-04
EC-03453,QI-04016,Engineering change addressing: dimensional deviation detected during incoming inspection,implemented,2026-02-26
EC-03454,QI-06768,Engineering change addressing: surface finish outside specification,implemented,2026-02-10
EC-03455,QI-05614,Engineering change addressing: surface finish outside specification,approved,2026-01-02
EC-03456,QI-05710,Engineering change addressing: material hardness below specification,implemented,2026-06-22
EC-03457,QI-11902,Engineering change addressing: surface finish outside specification,approved,2026-06-09
EC-03458,QI-04128,Engineering change addressing: surface finish outside specification,approved,2026-01-09
EC-03459,QI-07335,Engineering change addressing: surface finish outside specification,proposed,2026-04-09
EC-03460,QI-11597,Engineering change addressing: material hardness below specification,proposed,2026-02-14
EC-03461,QI-08342,Engineering change addressing: surface finish outside specification,approved,2026-05-18
EC-03462,QI-03142,Engineering change addressing: intermittent sensor reading failure under load,implemented,2026-03-14
EC-03463,QI-03589,Engineering change addressing: surface finish outside specification,proposed,2026-02-27
EC-03464,QI-07106,Engineering change addressing: seal leakage detected during pressure test,proposed,2026-04-03
EC-03465,QI-09568,Engineering change addressing: material hardness below specification,in_progress,2026-02-25
EC-03466,QI-02491,Engineering change addressing: material hardness below specification,proposed,2026-04-09
EC-03467,QI-11598,Engineering change addressing: intermittent sensor reading failure under load,in_progress,2026-05-15
EC-03468,QI-07286,Engineering change addressing: dimensional deviation detected during incoming inspection,in_progress,2026-03-09
EC-03469,QI-11788,Engineering change addressing: dimensional deviation detected during incoming inspection,in_progress,2026-04-16
EC-03470,QI-08402,Engineering change addressing: dimensional deviation detected during incoming inspection,proposed,2026-01-20
EC-03471,QI-04860,Engineering change addressing: intermittent sensor reading failure under load,implemented,2026-03-27
EC-03472,QI-07695,Engineering change addressing: intermittent sensor reading failure under load,proposed,2026-08-08
EC-03473,QI-09095,Engineering change addressing: dimensional deviation detected during incoming inspection,implemented,2026-08-06
EC-03474,QI-00376,Engineering change addressing: fastener torque inconsistency observed on assembly line,approved,2026-02-03
EC-03475,QI-03626,Engineering change addressing: material hardness below specification,approved,2026-05-16
EC-03476,QI-03485,Engineering change addressing: fastener torque inconsistency observed on assembly line,implemented,2026-03-20
EC-03477,QI-03333,Engineering change addressing: dimensional deviation detected during incoming inspection,implemented,2026-02-10
EC-03478,QI-03058,Engineering change addressing: dimensional deviation detected during incoming inspection,in_progress,2026-03-17
EC-03479,QI-00006,Engineering change addressing: intermittent sensor reading failure under load,approved,2026-02-10
EC-03480,QI-02077,Engineering change addressing: surface finish outside specification,approved,2026-03-27
EC-03481,QI-09629,Engineering change addressing: surface finish outside specification,implemented,2026-04-09
EC-03482,QI-11935,Engineering change addressing: fastener torque inconsistency observed on assembly line,in_progress,2026-02-06
EC-03483,QI-07935,Engineering change addressing: dimensional deviation detected during incoming inspection,implemented,2026-02-23
EC-03484,QI-06415,Engineering change addressing: dimensional deviation detected during incoming inspection,implemented,2026-08-19
EC-03485,QI-09285,Engineering change addressing: seal leakage detected during pressure test,proposed,2026-02-01
EC-03486,QI-01374,Engineering change addressing: fastener torque inconsistency observed on assembly line,approved,2026-06-09
EC-03487,QI-03860,Engineering change addressing: dimensional deviation detected during incoming inspection,implemented,2026-04-22
EC-03488,QI-01707,Engineering change addressing: surface finish outside specification,in_progress,2026-02-06
EC-03489,QI-05164,Engineering change addressing: intermittent sensor reading failure under load,approved,2026-02-23
EC-03490,QI-07760,Engineering change addressing: material hardness below specification,proposed,2026-05-09
EC-03491,QI-11047,Engineering change addressing: intermittent sensor reading failure under load,proposed,2026-06-21
EC-03492,QI-07443,Engineering change addressing: material hardness below specification,implemented,2026-04-17
EC-03493,QI-05237,Engineering change addressing: dimensional deviation detected during incoming inspection,approved,2026-06-25
EC-03494,QI-05863,Engineering change addressing: seal leakage detected during pressure test,proposed,2026-04-26
EC-03495,QI-02374,Engineering change addressing: fastener torque inconsistency observed on assembly line,in_progress,2026-02-01
EC-03496,QI-02560,Engineering change addressing: intermittent sensor reading failure under load,proposed,2026-02-25
EC-03497,QI-06121,Engineering change addressing: seal leakage detected during pressure test,in_progress,2026-06-22
EC-03498,QI-02461,Engineering change addressing: material hardness below specification,approved,2026-08-24
EC-03499,QI-08538,Engineering change addressing: seal leakage detected during pressure test,implemented,2026-04-08
EC-03500,QI-05474,Engineering change addressing: material hardness below specification,implemented,2026-06-05
EC-03501,QI-01519,Engineering change addressing: material hardness below specification,proposed,2026-07-01
EC-03502,QI-02554,Engineering change addressing: fastener torque inconsistency observed on assembly line,proposed,2026-07-02
EC-03503,QI-01944,Engineering change addressing: seal leakage detected during pressure test,implemented,2026-07-24
EC-03504,QI-02369,Engineering change addressing: material hardness below specification,implemented,2026-05-28
EC-03505,QI-11207,Engineering change addressing: dimensional deviation detected during incoming inspection,in_progress,2026-06-15
EC-03506,QI-03470,Engineering change addressing: fastener torque inconsistency observed on assembly line,implemented,2026-02-25
EC-03507,QI-11202,Engineering change addressing: fastener torque inconsistency observed on assembly line,approved,2026-07-24
EC-03508,QI-02432,Engineering change addressing: intermittent sensor reading failure under load,in_progress,2026-02-28
EC-03509,QI-05745,Engineering change addressing: fastener torque inconsistency observed on assembly line,implemented,2026-07-27
EC-03510,QI-09151,Engineering change addressing: material hardness below specification,proposed,2026-06-15
EC-03511,QI-03968,Engineering change addressing: surface finish outside specification,implemented,2026-03-23
EC-03512,QI-06649,Engineering change addressing: material hardness below specification,proposed,2026-08-24
EC-03513,QI-00855,Engineering change addressing: material hardness below specification,proposed,2026-04-24
EC-03514,QI-05324,Engineering change addressing: seal leakage detected during pressure test,proposed,2026-08-10
EC-03515,QI-04289,Engineering change addressing: intermittent sensor reading failure under load,approved,2026-01-27
EC-03516,QI-08728,Engineering change addressing: material hardness below specification,in_progress,2026-06-27
EC-03517,QI-10875,Engineering change addressing: fastener torque inconsistency observed on assembly line,in_progress,2026-06-24
EC-03518,QI-04679,Engineering change addressing: fastener torque inconsistency observed on assembly line,approved,2026-04-22
EC-03519,QI-04272,Engineering change addressing: intermittent sensor reading failure under load,implemented,2026-02-24
EC-03520,QI-08746,Engineering change addressing: intermittent sensor reading failure under load,in_progress,2026-04-27
EC-03521,QI-09692,Engineering change addressing: seal leakage detected during pressure test,approved,2026-06-24
EC-03522,QI-03144,Engineering change addressing: surface finish outside specification,in_progress,2026-01-21
EC-03523,QI-09798,Engineering change addressing: surface finish outside specification,implemented,2026-08-06
EC-03524,QI-02709,Engineering change addressing: seal leakage detected during pressure test,approved,2026-02-18
EC-03525,QI-10996,Engineering change addressing: fastener torque inconsistency observed on assembly line,implemented,2026-01-12
EC-03526,QI-00819,Engineering change addressing: fastener torque inconsistency observed on assembly line,in_progress,2026-01-12
EC-03527,QI-03089,Engineering change addressing: intermittent sensor reading failure under load,implemented,2026-07-01
EC-03528,QI-10332,Engineering change addressing: surface finish outside specification,approved,2026-02-15
EC-03529,QI-09386,Engineering change addressing: dimensional deviation detected during incoming inspection,implemented,2026-05-04
EC-03530,QI-05896,Engineering change addressing: surface finish outside specification,approved,2026-03-23
EC-03531,QI-03534,Engineering change addressing: fastener torque inconsistency observed on assembly line,approved,2026-04-15
EC-03532,QI-00360,Engineering change addressing: dimensional deviation detected during incoming inspection,implemented,2026-03-13
EC-03533,QI-08834,Engineering change addressing: seal leakage detected during pressure test,implemented,2026-01-14
EC-03534,QI-01375,Engineering change addressing: surface finish outside specification,implemented,2026-07-18
EC-03535,QI-07062,Engineering change addressing: seal leakage detected during pressure test,proposed,2026-07-17
EC-03536,QI-01487,Engineering change addressing: material hardness below specification,approved,2026-07-18
EC-03537,QI-03745,Engineering change addressing: fastener torque inconsistency observed on assembly line,approved,2026-07-25
EC-03538,QI-07957,Engineering change addressing: seal leakage detected during pressure test,proposed,2026-05-20
EC-03539,QI-11769,Engineering change addressing: dimensional deviation detected during incoming inspection,proposed,2026-04-18
EC-03540,QI-03705,Engineering change addressing: intermittent sensor reading failure under load,approved,2026-01-06
EC-03541,QI-02690,Engineering change addressing: fastener torque inconsistency observed on assembly line,in_progress,2026-03-15
EC-03542,QI-05969,Engineering change addressing: dimensional deviation detected during incoming inspection,approved,2026-05-01
EC-03543,QI-04529,Engineering change addressing: seal leakage detected during pressure test,implemented,2026-05-04
EC-03544,QI-00395,Engineering change addressing: fastener torque inconsistency observed on assembly line,proposed,2026-08-15
EC-03545,QI-05025,Engineering change addressing: surface finish outside specification,implemented,2026-08-17
EC-03546,QI-04481,Engineering change addressing: fastener torque inconsistency observed on assembly line,approved,2026-01-07
EC-03547,QI-08121,Engineering change addressing: dimensional deviation detected during incoming inspection,proposed,2026-04-04
EC-03548,QI-07972,Engineering change addressing: surface finish outside specification,approved,2026-07-20
EC-03549,QI-00328,Engineering change addressing: dimensional deviation detected during incoming inspection,implemented,2026-02-18
EC-03550,QI-00209,Engineering change addressing: dimensional deviation detected during incoming inspection,implemented,2026-03-11
EC-03551,QI-09054,Engineering change addressing: surface finish outside specification,proposed,2026-02-24
EC-03552,QI-07945,Engineering change addressing: material hardness below specification,in_progress,2026-08-07
EC-03553,QI-10928,Engineering change addressing: dimensional deviation detected during incoming inspection,approved,2026-03-15
EC-03554,QI-09279,Engineering change addressing: dimensional deviation detected during incoming inspection,proposed,2026-01-14
EC-03555,QI-10303,Engineering change addressing: fastener torque inconsistency observed on assembly line,implemented,2026-08-07
EC-03556,QI-03870,Engineering change addressing: dimensional deviation detected during incoming inspection,approved,2026-07-01
EC-03557,QI-04508,Engineering change addressing: dimensional deviation detected during incoming inspection,implemented,2026-01-25
EC-03558,QI-04080,Engineering change addressing: intermittent sensor reading failure under load,proposed,2026-08-14
EC-03559,QI-00432,Engineering change addressing: fastener torque inconsistency observed on assembly line,in_progress,2026-02-07
EC-03560,QI-10501,Engineering change addressing: fastener torque inconsistency observed on assembly line,in_progress,2026-04-18
EC-03561,QI-11003,Engineering change addressing: material hardness below specification,proposed,2026-07-03
EC-03562,QI-03463,Engineering change addressing: dimensional deviation detected during incoming inspection,proposed,2026-02-10
EC-03563,QI-11075,Engineering change addressing: intermittent sensor reading failure under load,implemented,2026-08-26
EC-03564,QI-06337,Engineering change addressing: dimensional deviation detected during incoming inspection,approved,2026-02-25
EC-03565,QI-03258,Engineering change addressing: seal leakage detected during pressure test,implemented,2026-07-10
EC-03566,QI-02778,Engineering change addressing: seal leakage detected during pressure test,proposed,2026-08-18
EC-03567,QI-03600,Engineering change addressing: surface finish outside specification,proposed,2026-06-07
EC-03568,QI-08001,Engineering change addressing: dimensional deviation detected during incoming inspection,implemented,2026-02-28
EC-03569,QI-02935,Engineering change addressing: intermittent sensor reading failure under load,in_progress,2026-04-22
EC-03570,QI-03681,Engineering change addressing: seal leakage detected during pressure test,approved,2026-08-25
EC-03571,QI-05404,Engineering change addressing: surface finish outside specification,implemented,2026-05-07
EC-03572,QI-06513,Engineering change addressing: intermittent sensor reading failure under load,in_progress,2026-08-03
EC-03573,QI-02322,Engineering change addressing: seal leakage detected during pressure test,proposed,2026-01-25
EC-03574,QI-06783,Engineering change addressing: fastener torque inconsistency observed on assembly line,proposed,2026-01-14
EC-03575,QI-05016,Engineering change addressing: seal leakage detected during pressure test,in_progress,2026-08-15
EC-03576,QI-02354,Engineering change addressing: surface finish outside specification,proposed,2026-07-15
EC-03577,QI-04051,Engineering change addressing: surface finish outside specification,implemented,2026-08-08
EC-03578,QI-03882,Engineering change addressing: intermittent sensor reading failure under load,approved,2026-02-17
EC-03579,QI-10140,Engineering change addressing: dimensional deviation detected during incoming inspection,proposed,2026-07-16
EC-03580,QI-01492,Engineering change addressing: dimensional deviation detected during incoming inspection,approved,2026-05-05
EC-03581,QI-01460,Engineering change addressing: surface finish outside specification,proposed,2026-07-06
EC-03582,QI-00148,Engineering change addressing: seal leakage detected during pressure test,in_progress,2026-06-09
EC-03583,QI-01564,Engineering change addressing: intermittent sensor reading failure under load,approved,2026-08-04
EC-03584,QI-06641,Engineering change addressing: surface finish outside specification,in_progress,2026-06-22
EC-03585,QI-03574,Engineering change addressing: dimensional deviation detected during incoming inspection,approved,2026-04-09
EC-03586,QI-01225,Engineering change addressing: intermittent sensor reading failure under load,approved,2026-01-14
EC-03587,QI-00176,Engineering change addressing: surface finish outside specification,approved,2026-06-17
EC-03588,QI-03271,Engineering change addressing: surface finish outside specification,approved,2026-04-28
EC-03589,QI-03466,Engineering change addressing: material hardness below specification,in_progress,2026-01-06
EC-03590,QI-03280,Engineering change addressing: intermittent sensor reading failure under load,implemented,2026-04-11
EC-03591,QI-09748,Engineering change addressing: material hardness below specification,approved,2026-06-04
EC-03592,QI-11281,Engineering change addressing: seal leakage detected during pressure test,approved,2026-06-07
EC-03593,QI-04206,Engineering change addressing: intermittent sensor reading failure under load,in_progress,2026-07-16
EC-03594,QI-09539,Engineering change addressing: surface finish outside specification,proposed,2026-07-25
EC-03595,QI-03099,Engineering change addressing: dimensional deviation detected during incoming inspection,in_progress,2026-06-12
EC-03596,QI-06601,Engineering change addressing: material hardness below specification,implemented,2026-01-27
EC-03597,QI-04597,Engineering change addressing: intermittent sensor reading failure under load,proposed,2026-04-16
EC-03598,QI-05216,Engineering change addressing: intermittent sensor reading failure under load,proposed,2026-08-13
EC-03599,QI-10214,Engineering change addressing: intermittent sensor reading failure under load,approved,2026-02-03
EC-03600,QI-08547,Engineering change addressing: fastener torque inconsistency observed on assembly line,approved,2026-04-11
EC-03601,QI-00833,Engineering change addressing: seal leakage detected during pressure test,proposed,2026-08-25
EC-03602,QI-04594,Engineering change addressing: surface finish outside specification,implemented,2026-08-13
EC-03603,QI-11800,Engineering change addressing: fastener torque inconsistency observed on assembly line,approved,2026-05-18
EC-03604,QI-03012,Engineering change addressing: surface finish outside specification,in_progress,2026-01-08
EC-03605,QI-05439,Engineering change addressing: dimensional deviation detected during incoming inspection,implemented,2026-01-19
EC-03606,QI-11720,Engineering change addressing: dimensional deviation detected during incoming inspection,in_progress,2026-04-18
EC-03607,QI-03661,Engineering change addressing: fastener torque inconsistency observed on assembly line,approved,2026-05-22
EC-03608,QI-08477,Engineering change addressing: surface finish outside specification,approved,2026-07-04
EC-03609,QI-04468,Engineering change addressing: surface finish outside specification,in_progress,2026-08-18
EC-03610,QI-04534,Engineering change addressing: intermittent sensor reading failure under load,approved,2026-01-01
EC-03611,QI-08602,Engineering change addressing: dimensional deviation detected during incoming inspection,in_progress,2026-04-06
EC-03612,QI-03108,Engineering change addressing: intermittent sensor reading failure under load,proposed,2026-05-11
EC-03613,QI-06984,Engineering change addressing: surface finish outside specification,approved,2026-03-11
EC-03614,QI-02170,Engineering change addressing: seal leakage detected during pressure test,in_progress,2026-07-12
EC-03615,QI-03948,Engineering change addressing: seal leakage detected during pressure test,proposed,2026-02-27
EC-03616,QI-00777,Engineering change addressing: seal leakage detected during pressure test,approved,2026-08-11
EC-03617,QI-04371,Engineering change addressing: dimensional deviation detected during incoming inspection,proposed,2026-05-19
EC-03618,QI-04314,Engineering change addressing: seal leakage detected during pressure test,implemented,2026-04-23
EC-03619,QI-10640,Engineering change addressing: surface finish outside specification,proposed,2026-01-17
EC-03620,QI-00801,Engineering change addressing: dimensional deviation detected during incoming inspection,proposed,2026-02-20
EC-03621,QI-00789,Engineering change addressing: material hardness below specification,approved,2026-04-17
EC-03622,QI-02571,Engineering change addressing: material hardness below specification,in_progress,2026-05-21
EC-03623,QI-05820,Engineering change addressing: surface finish outside specification,implemented,2026-03-20
EC-03624,QI-03572,Engineering change addressing: dimensional deviation detected during incoming inspection,approved,2026-07-02
EC-03625,QI-10758,Engineering change addressing: dimensional deviation detected during incoming inspection,approved,2026-06-22
EC-03626,QI-07941,Engineering change addressing: intermittent sensor reading failure under load,implemented,2026-06-13
EC-03627,QI-02931,Engineering change addressing: dimensional deviation detected during incoming inspection,proposed,2026-04-11
EC-03628,QI-01575,Engineering change addressing: intermittent sensor reading failure under load,implemented,2026-04-07
EC-03629,QI-00857,Engineering change addressing: seal leakage detected during pressure test,proposed,2026-05-28
EC-03630,QI-01700,Engineering change addressing: fastener torque inconsistency observed on assembly line,implemented,2026-08-27
EC-03631,QI-00953,Engineering change addressing: seal leakage detected during pressure test,approved,2026-06-12
EC-03632,QI-01691,Engineering change addressing: fastener torque inconsistency observed on assembly line,in_progress,2026-01-04
EC-03633,QI-07599,Engineering change addressing: fastener torque inconsistency observed on assembly line,approved,2026-03-16
EC-03634,QI-07239,Engineering change addressing: fastener torque inconsistency observed on assembly line,in_progress,2026-04-25
EC-03635,QI-04757,Engineering change addressing: material hardness below specification,proposed,2026-06-08
EC-03636,QI-07664,Engineering change addressing: material hardness below specification,approved,2026-06-28
EC-03637,QI-08599,Engineering change addressing: fastener torque inconsistency observed on assembly line,proposed,2026-03-22
EC-03638,QI-08397,Engineering change addressing: intermittent sensor reading failure under load,implemented,2026-06-05
EC-03639,QI-03315,Engineering change addressing: intermittent sensor reading failure under load,approved,2026-04-04
EC-03640,QI-02629,Engineering change addressing: fastener torque inconsistency observed on assembly line,in_progress,2026-08-14
EC-03641,QI-02417,Engineering change addressing: intermittent sensor reading failure under load,in_progress,2026-05-13
EC-03642,QI-09947,Engineering change addressing: seal leakage detected during pressure test,implemented,2026-05-01
EC-03643,QI-11368,Engineering change addressing: fastener torque inconsistency observed on assembly line,implemented,2026-05-05
EC-03644,QI-07893,Engineering change addressing: intermittent sensor reading failure under load,implemented,2026-03-13
EC-03645,QI-02893,Engineering change addressing: intermittent sensor reading failure under load,in_progress,2026-01-02
EC-03646,QI-10284,Engineering change addressing: material hardness below specification,in_progress,2026-02-26
EC-03647,QI-00012,Engineering change addressing: fastener torque inconsistency observed on assembly line,approved,2026-05-07
EC-03648,QI-01329,Engineering change addressing: intermittent sensor reading failure under load,in_progress,2026-01-21
EC-03649,QI-04495,Engineering change addressing: material hardness below specification,in_progress,2026-04-05
EC-03650,QI-01079,Engineering change addressing: material hardness below specification,in_progress,2026-01-23
EC-03651,QI-11043,Engineering change addressing: surface finish outside specification,proposed,2026-08-23
EC-03652,QI-10127,Engineering change addressing: fastener torque inconsistency observed on assembly line,proposed,2026-08-10
EC-03653,QI-00035,Engineering change addressing: dimensional deviation detected during incoming inspection,in_progress,2026-05-06
EC-03654,QI-06112,Engineering change addressing: intermittent sensor reading failure under load,approved,2026-08-06
EC-03655,QI-04794,Engineering change addressing: dimensional deviation detected during incoming inspection,in_progress,2026-05-24
EC-03656,QI-10772,Engineering change addressing: dimensional deviation detected during incoming inspection,in_progress,2026-02-03
EC-03657,QI-08508,Engineering change addressing: fastener torque inconsistency observed on assembly line,approved,2026-03-02
EC-03658,QI-11592,Engineering change addressing: intermittent sensor reading failure under load,approved,2026-08-04
EC-03659,QI-07974,Engineering change addressing: dimensional deviation detected during incoming inspection,implemented,2026-01-11
EC-03660,QI-02106,Engineering change addressing: material hardness below specification,approved,2026-03-01
EC-03661,QI-03972,Engineering change addressing: material hardness below specification,implemented,2026-05-02
EC-03662,QI-01611,Engineering change addressing: fastener torque inconsistency observed on assembly line,proposed,2026-05-14
EC-03663,QI-00564,Engineering change addressing: intermittent sensor reading failure under load,in_progress,2026-08-05
EC-03664,QI-00804,Engineering change addressing: seal leakage detected during pressure test,approved,2026-01-15
EC-03665,QI-02745,Engineering change addressing: material hardness below specification,approved,2026-07-22
EC-03666,QI-10160,Engineering change addressing: material hardness below specification,approved,2026-06-05
EC-03667,QI-11101,Engineering change addressing: dimensional deviation detected during incoming inspection,implemented,2026-01-14
EC-03668,QI-02976,Engineering change addressing: fastener torque inconsistency observed on assembly line,approved,2026-04-19
EC-03669,QI-01859,Engineering change addressing: fastener torque inconsistency observed on assembly line,implemented,2026-07-04
EC-03670,QI-07805,Engineering change addressing: material hardness below specification,implemented,2026-07-06
EC-03671,QI-10552,Engineering change addressing: surface finish outside specification,implemented,2026-01-24
EC-03672,QI-02651,Engineering change addressing: dimensional deviation detected during incoming inspection,proposed,2026-05-22
EC-03673,QI-02475,Engineering change addressing: surface finish outside specification,in_progress,2026-01-19
EC-03674,QI-02468,Engineering change addressing: seal leakage detected during pressure test,implemented,2026-05-23
EC-03675,QI-08050,Engineering change addressing: surface finish outside specification,in_progress,2026-01-20
EC-03676,QI-02533,Engineering change addressing: seal leakage detected during pressure test,implemented,2026-05-05
EC-03677,QI-03978,Engineering change addressing: surface finish outside specification,in_progress,2026-01-21
EC-03678,QI-02293,Engineering change addressing: material hardness below specification,approved,2026-04-08
EC-03679,QI-04022,Engineering change addressing: intermittent sensor reading failure under load,proposed,2026-03-03
EC-03680,QI-09733,Engineering change addressing: dimensional deviation detected during incoming inspection,approved,2026-06-05
EC-03681,QI-09201,Engineering change addressing: intermittent sensor reading failure under load,approved,2026-05-19
EC-03682,QI-07735,Engineering change addressing: fastener torque inconsistency observed on assembly line,proposed,2026-01-08
EC-03683,QI-06200,Engineering change addressing: dimensional deviation detected during incoming inspection,proposed,2026-06-01
EC-03684,QI-01554,Engineering change addressing: fastener torque inconsistency observed on assembly line,approved,2026-07-16
EC-03685,QI-10551,Engineering change addressing: material hardness below specification,implemented,2026-04-23
EC-03686,QI-10013,Engineering change addressing: seal leakage detected during pressure test,proposed,2026-07-26
EC-03687,QI-00602,Engineering change addressing: material hardness below specification,in_progress,2026-05-11
EC-03688,QI-05903,Engineering change addressing: surface finish outside specification,approved,2026-03-09
EC-03689,QI-10664,Engineering change addressing: surface finish outside specification,in_progress,2026-06-18
EC-03690,QI-06563,Engineering change addressing: dimensional deviation detected during incoming inspection,proposed,2026-07-07
EC-03691,QI-08871,Engineering change addressing: surface finish outside specification,in_progress,2026-02-27
EC-03692,QI-10295,Engineering change addressing: material hardness below specification,in_progress,2026-02-23
EC-03693,QI-04050,Engineering change addressing: intermittent sensor reading failure under load,approved,2026-02-23
EC-03694,QI-07262,Engineering change addressing: surface finish outside specification,implemented,2026-02-06
EC-03695,QI-08239,Engineering change addressing: seal leakage detected during pressure test,approved,2026-01-11
EC-03696,QI-03545,Engineering change addressing: material hardness below specification,proposed,2026-06-14
EC-03697,QI-06336,Engineering change addressing: intermittent sensor reading failure under load,proposed,2026-08-13
EC-03698,QI-02149,Engineering change addressing: dimensional deviation detected during incoming inspection,in_progress,2026-03-15
EC-03699,QI-00817,Engineering change addressing: seal leakage detected during pressure test,approved,2026-03-23
EC-03700,QI-11164,Engineering change addressing: material hardness below specification,implemented,2026-07-19
EC-03701,QI-07971,Engineering change addressing: seal leakage detected during pressure test,in_progress,2026-03-24
EC-03702,QI-04819,Engineering change addressing: seal leakage detected during pressure test,in_progress,2026-02-03
EC-03703,QI-02090,Engineering change addressing: surface finish outside specification,implemented,2026-07-17
EC-03704,QI-04006,Engineering change addressing: material hardness below specification,proposed,2026-03-08
EC-03705,QI-03926,Engineering change addressing: material hardness below specification,implemented,2026-06-18
EC-03706,QI-08529,Engineering change addressing: seal leakage detected during pressure test,in_progress,2026-07-20
EC-03707,QI-09683,Engineering change addressing: intermittent sensor reading failure under load,proposed,2026-02-09
EC-03708,QI-09502,Engineering change addressing: surface finish outside specification,approved,2026-07-20
EC-03709,QI-02927,Engineering change addressing: fastener torque inconsistency observed on assembly line,implemented,2026-08-08
EC-03710,QI-01155,Engineering change addressing: fastener torque inconsistency observed on assembly line,implemented,2026-06-12
EC-03711,QI-04243,Engineering change addressing: seal leakage detected during pressure test,approved,2026-01-27
EC-03712,QI-10622,Engineering change addressing: dimensional deviation detected during incoming inspection,approved,2026-05-26
EC-03713,QI-02896,Engineering change addressing: intermittent sensor reading failure under load,implemented,2026-08-07
EC-03714,QI-03941,Engineering change addressing: material hardness below specification,proposed,2026-02-06
EC-03715,QI-01501,Engineering change addressing: surface finish outside specification,proposed,2026-05-01
EC-03716,QI-08223,Engineering change addressing: surface finish outside specification,implemented,2026-03-09
EC-03717,QI-00507,Engineering change addressing: dimensional deviation detected during incoming inspection,implemented,2026-04-07
EC-03718,QI-10470,Engineering change addressing: seal leakage detected during pressure test,in_progress,2026-02-26
EC-03719,QI-03925,Engineering change addressing: material hardness below specification,proposed,2026-07-25
EC-03720,QI-11825,Engineering change addressing: intermittent sensor reading failure under load,in_progress,2026-05-12
EC-03721,QI-08418,Engineering change addressing: seal leakage detected during pressure test,approved,2026-07-24
EC-03722,QI-01485,Engineering change addressing: intermittent sensor reading failure under load,approved,2026-07-22
EC-03723,QI-04929,Engineering change addressing: fastener torque inconsistency observed on assembly line,proposed,2026-04-15
EC-03724,QI-01240,Engineering change addressing: material hardness below specification,proposed,2026-03-02
EC-03725,QI-04580,Engineering change addressing: fastener torque inconsistency observed on assembly line,in_progress,2026-04-08
EC-03726,QI-03801,Engineering change addressing: surface finish outside specification,approved,2026-02-01
EC-03727,QI-07224,Engineering change addressing: surface finish outside specification,in_progress,2026-06-11
EC-03728,QI-04229,Engineering change addressing: seal leakage detected during pressure test,in_progress,2026-03-25
EC-03729,QI-01495,Engineering change addressing: surface finish outside specification,in_progress,2026-05-23
EC-03730,QI-02171,Engineering change addressing: fastener torque inconsistency observed on assembly line,approved,2026-02-14
EC-03731,QI-05893,Engineering change addressing: fastener torque inconsistency observed on assembly line,proposed,2026-04-20
EC-03732,QI-02295,Engineering change addressing: fastener torque inconsistency observed on assembly line,implemented,2026-07-21
EC-03733,QI-11230,Engineering change addressing: surface finish outside specification,approved,2026-02-14
EC-03734,QI-08660,Engineering change addressing: fastener torque inconsistency observed on assembly line,proposed,2026-04-18
EC-03735,QI-11870,Engineering change addressing: seal leakage detected during pressure test,implemented,2026-05-10
EC-03736,QI-04326,Engineering change addressing: material hardness below specification,proposed,2026-04-14
EC-03737,QI-07607,Engineering change addressing: seal leakage detected during pressure test,approved,2026-04-04
EC-03738,QI-09097,Engineering change addressing: intermittent sensor reading failure under load,in_progress,2026-04-03
EC-03739,QI-08951,Engineering change addressing: seal leakage detected during pressure test,proposed,2026-05-23
EC-03740,QI-03740,Engineering change addressing: material hardness below specification,in_progress,2026-03-18
EC-03741,QI-05509,Engineering change addressing: dimensional deviation detected during incoming inspection,implemented,2026-06-26
EC-03742,QI-09359,Engineering change addressing: seal leakage detected during pressure test,implemented,2026-04-12
EC-03743,QI-08279,Engineering change addressing: material hardness below specification,approved,2026-07-01
EC-03744,QI-08131,Engineering change addressing: fastener torque inconsistency observed on assembly line,approved,2026-01-12
EC-03745,QI-05749,Engineering change addressing: dimensional deviation detected during incoming inspection,proposed,2026-01-23
EC-03746,QI-01391,Engineering change addressing: intermittent sensor reading failure under load,implemented,2026-06-17
EC-03747,QI-06017,Engineering change addressing: material hardness below specification,in_progress,2026-01-22
EC-03748,QI-06836,Engineering change addressing: intermittent sensor reading failure under load,approved,2026-02-24
EC-03749,QI-05527,Engineering change addressing: dimensional deviation detected during incoming inspection,implemented,2026-03-16
EC-03750,QI-04444,Engineering change addressing: seal leakage detected during pressure test,proposed,2026-02-17
EC-03751,QI-08362,Engineering change addressing: seal leakage detected during pressure test,approved,2026-07-01
EC-03752,QI-01453,Engineering change addressing: surface finish outside specification,proposed,2026-05-20
EC-03753,QI-07067,Engineering change addressing: fastener torque inconsistency observed on assembly line,implemented,2026-04-17
EC-03754,QI-09371,Engineering change addressing: surface finish outside specification,approved,2026-05-23
EC-03755,QI-03885,Engineering change addressing: surface finish outside specification,in_progress,2026-02-26
EC-03756,QI-11124,Engineering change addressing: material hardness below specification,approved,2026-07-08
EC-03757,QI-05966,Engineering change addressing: seal leakage detected during pressure test,proposed,2026-02-12
EC-03758,QI-05682,Engineering change addressing: dimensional deviation detected during incoming inspection,approved,2026-07-24
EC-03759,QI-05938,Engineering change addressing: fastener torque inconsistency observed on assembly line,implemented,2026-04-20
EC-03760,QI-00635,Engineering change addressing: seal leakage detected during pressure test,in_progress,2026-02-26
EC-03761,QI-06747,Engineering change addressing: seal leakage detected during pressure test,in_progress,2026-05-27
EC-03762,QI-03353,Engineering change addressing: dimensional deviation detected during incoming inspection,proposed,2026-08-01
EC-03763,QI-06687,Engineering change addressing: intermittent sensor reading failure under load,in_progress,2026-07-13
EC-03764,QI-00623,Engineering change addressing: surface finish outside specification,approved,2026-06-11
EC-03765,QI-02450,Engineering change addressing: dimensional deviation detected during incoming inspection,in_progress,2026-02-19
EC-03766,QI-07363,Engineering change addressing: seal leakage detected during pressure test,implemented,2026-02-19
EC-03767,QI-09857,Engineering change addressing: material hardness below specification,in_progress,2026-01-20
EC-03768,QI-07055,Engineering change addressing: dimensional deviation detected during incoming inspection,approved,2026-08-05
EC-03769,QI-09518,Engineering change addressing: seal leakage detected during pressure test,implemented,2026-07-23
EC-03770,QI-06895,Engineering change addressing: seal leakage detected during pressure test,approved,2026-05-20
EC-03771,QI-05599,Engineering change addressing: material hardness below specification,proposed,2026-05-17
EC-03772,QI-11393,Engineering change addressing: dimensional deviation detected during incoming inspection,in_progress,2026-07-08
EC-03773,QI-05538,Engineering change addressing: material hardness below specification,approved,2026-07-18
EC-03774,QI-06947,Engineering change addressing: intermittent sensor reading failure under load,proposed,2026-02-18
EC-03775,QI-10408,Engineering change addressing: fastener torque inconsistency observed on assembly line,approved,2026-01-28
EC-03776,QI-02058,Engineering change addressing: seal leakage detected during pressure test,proposed,2026-08-10
EC-03777,QI-06262,Engineering change addressing: dimensional deviation detected during incoming inspection,implemented,2026-08-01
EC-03778,QI-10595,Engineering change addressing: seal leakage detected during pressure test,proposed,2026-06-16
EC-03779,QI-00866,Engineering change addressing: fastener torque inconsistency observed on assembly line,in_progress,2026-06-05
EC-03780,QI-02882,Engineering change addressing: material hardness below specification,implemented,2026-01-13
EC-03781,QI-10840,Engineering change addressing: material hardness below specification,proposed,2026-03-14
EC-03782,QI-02558,Engineering change addressing: dimensional deviation detected during incoming inspection,implemented,2026-03-06
EC-03783,QI-07896,Engineering change addressing: dimensional deviation detected during incoming inspection,proposed,2026-01-26
EC-03784,QI-10853,Engineering change addressing: material hardness below specification,implemented,2026-02-23
EC-03785,QI-03360,Engineering change addressing: surface finish outside specification,approved,2026-01-06
EC-03786,QI-05744,Engineering change addressing: material hardness below specification,proposed,2026-07-27
EC-03787,QI-10741,Engineering change addressing: intermittent sensor reading failure under load,implemented,2026-01-03
EC-03788,QI-08379,Engineering change addressing: surface finish outside specification,proposed,2026-08-08
EC-03789,QI-11332,Engineering change addressing: intermittent sensor reading failure under load,approved,2026-06-19
EC-03790,QI-06057,Engineering change addressing: seal leakage detected during pressure test,implemented,2026-06-05
EC-03791,QI-02767,Engineering change addressing: dimensional deviation detected during incoming inspection,implemented,2026-03-05
EC-03792,QI-02775,Engineering change addressing: material hardness below specification,in_progress,2026-08-04
EC-03793,QI-00274,Engineering change addressing: intermittent sensor reading failure under load,implemented,2026-08-22
EC-03794,QI-01739,Engineering change addressing: surface finish outside specification,proposed,2026-01-12
EC-03795,QI-08230,Engineering change addressing: intermittent sensor reading failure under load,in_progress,2026-08-12
EC-03796,QI-06501,Engineering change addressing: seal leakage detected during pressure test,implemented,2026-07-14
EC-03797,QI-08415,Engineering change addressing: intermittent sensor reading failure under load,proposed,2026-01-10
EC-03798,QI-10633,Engineering change addressing: dimensional deviation detected during incoming inspection,proposed,2026-05-15
EC-03799,QI-02044,Engineering change addressing: fastener torque inconsistency observed on assembly line,implemented,2026-05-06
EC-03800,QI-04162,Engineering change addressing: seal leakage detected during pressure test,approved,2026-01-05
EC-03801,QI-07452,Engineering change addressing: seal leakage detected during pressure test,proposed,2026-02-26
EC-03802,QI-02355,Engineering change addressing: surface finish outside specification,approved,2026-06-12
EC-03803,QI-08511,Engineering change addressing: intermittent sensor reading failure under load,approved,2026-06-22
EC-03804,QI-06126,Engineering change addressing: intermittent sensor reading failure under load,implemented,2026-02-06
EC-03805,QI-07714,Engineering change addressing: surface finish outside specification,proposed,2026-04-21
EC-03806,QI-00033,Engineering change addressing: dimensional deviation detected during incoming inspection,approved,2026-02-03
EC-03807,QI-00071,Engineering change addressing: dimensional deviation detected during incoming inspection,approved,2026-03-25
EC-03808,QI-06742,Engineering change addressing: material hardness below specification,approved,2026-02-17
EC-03809,QI-11917,Engineering change addressing: fastener torque inconsistency observed on assembly line,in_progress,2026-04-26
EC-03810,QI-03453,Engineering change addressing: fastener torque inconsistency observed on assembly line,implemented,2026-01-03
EC-03811,QI-02246,Engineering change addressing: material hardness below specification,proposed,2026-01-18
EC-03812,QI-06771,Engineering change addressing: dimensional deviation detected during incoming inspection,proposed,2026-06-27
EC-03813,QI-06711,Engineering change addressing: seal leakage detected during pressure test,in_progress,2026-07-08
EC-03814,QI-00302,Engineering change addressing: intermittent sensor reading failure under load,in_progress,2026-06-13
EC-03815,QI-09591,Engineering change addressing: seal leakage detected during pressure test,proposed,2026-03-03
EC-03816,QI-04726,Engineering change addressing: seal leakage detected during pressure test,in_progress,2026-07-23
EC-03817,QI-00351,Engineering change addressing: intermittent sensor reading failure under load,in_progress,2026-01-12
EC-03818,QI-06853,Engineering change addressing: surface finish outside specification,approved,2026-02-15
EC-03819,QI-01714,Engineering change addressing: fastener torque inconsistency observed on assembly line,implemented,2026-07-26
EC-03820,QI-10871,Engineering change addressing: material hardness below specification,approved,2026-04-04
EC-03821,QI-11742,Engineering change addressing: fastener torque inconsistency observed on assembly line,implemented,2026-01-02
EC-03822,QI-06396,Engineering change addressing: seal leakage detected during pressure test,proposed,2026-01-10
EC-03823,QI-07004,Engineering change addressing: intermittent sensor reading failure under load,proposed,2026-05-11
EC-03824,QI-04369,Engineering change addressing: surface finish outside specification,in_progress,2026-02-01
EC-03825,QI-10826,Engineering change addressing: material hardness below specification,implemented,2026-06-28
EC-03826,QI-02795,Engineering change addressing: fastener torque inconsistency observed on assembly line,in_progress,2026-01-09
EC-03827,QI-04635,Engineering change addressing: dimensional deviation detected during incoming inspection,in_progress,2026-05-28
EC-03828,QI-08685,Engineering change addressing: intermittent sensor reading failure under load,implemented,2026-03-18
EC-03829,QI-01791,Engineering change addressing: material hardness below specification,proposed,2026-05-14
EC-03830,QI-07586,Engineering change addressing: fastener torque inconsistency observed on assembly line,implemented,2026-06-10
EC-03831,QI-02333,Engineering change addressing: dimensional deviation detected during incoming inspection,proposed,2026-05-21
EC-03832,QI-03796,Engineering change addressing: fastener torque inconsistency observed on assembly line,proposed,2026-08-06
EC-03833,QI-09908,Engineering change addressing: fastener torque inconsistency observed on assembly line,in_progress,2026-08-19
EC-03834,QI-02193,Engineering change addressing: surface finish outside specification,implemented,2026-03-04
EC-03835,QI-07815,Engineering change addressing: dimensional deviation detected during incoming inspection,approved,2026-04-08
EC-03836,QI-01847,Engineering change addressing: material hardness below specification,in_progress,2026-04-09
EC-03837,QI-04242,Engineering change addressing: fastener torque inconsistency observed on assembly line,approved,2026-07-05
EC-03838,QI-03159,Engineering change addressing: seal leakage detected during pressure test,implemented,2026-07-09
EC-03839,QI-09050,Engineering change addressing: fastener torque inconsistency observed on assembly line,in_progress,2026-03-01
EC-03840,QI-11674,Engineering change addressing: intermittent sensor reading failure under load,implemented,2026-05-04
EC-03841,QI-10267,Engineering change addressing: surface finish outside specification,implemented,2026-04-09
EC-03842,QI-06047,Engineering change addressing: dimensional deviation detected during incoming inspection,in_progress,2026-01-24
EC-03843,QI-09419,Engineering change addressing: material hardness below specification,approved,2026-04-06
EC-03844,QI-03774,Engineering change addressing: fastener torque inconsistency observed on assembly line,proposed,2026-01-02
EC-03845,QI-09488,Engineering change addressing: intermittent sensor reading failure under load,proposed,2026-04-03
EC-03846,QI-05974,Engineering change addressing: seal leakage detected during pressure test,approved,2026-03-16
EC-03847,QI-06203,Engineering change addressing: material hardness below specification,implemented,2026-07-10
EC-03848,QI-02947,Engineering change addressing: surface finish outside specification,proposed,2026-08-03
EC-03849,QI-06439,Engineering change addressing: material hardness below specification,approved,2026-03-24
EC-03850,QI-11082,Engineering change addressing: intermittent sensor reading failure under load,implemented,2026-02-14
EC-03851,QI-10455,Engineering change addressing: fastener torque inconsistency observed on assembly line,approved,2026-05-15
EC-03852,QI-00716,Engineering change addressing: dimensional deviation detected during incoming inspection,in_progress,2026-05-15
EC-03853,QI-01231,Engineering change addressing: fastener torque inconsistency observed on assembly line,approved,2026-01-09
EC-03854,QI-07223,Engineering change addressing: fastener torque inconsistency observed on assembly line,implemented,2026-08-08
EC-03855,QI-00122,Engineering change addressing: intermittent sensor reading failure under load,proposed,2026-07-27
EC-03856,QI-08783,Engineering change addressing: surface finish outside specification,approved,2026-06-14
EC-03857,QI-00259,Engineering change addressing: material hardness below specification,implemented,2026-02-21
EC-03858,QI-08781,Engineering change addressing: fastener torque inconsistency observed on assembly line,in_progress,2026-02-27
EC-03859,QI-01654,Engineering change addressing: dimensional deviation detected during incoming inspection,approved,2026-02-22
EC-03860,QI-03761,Engineering change addressing: seal leakage detected during pressure test,in_progress,2026-01-08
EC-03861,QI-09139,Engineering change addressing: intermittent sensor reading failure under load,approved,2026-04-21
EC-03862,QI-04305,Engineering change addressing: dimensional deviation detected during incoming inspection,proposed,2026-07-05
EC-03863,QI-11939,Engineering change addressing: dimensional deviation detected during incoming inspection,proposed,2026-04-01
EC-03864,QI-10920,Engineering change addressing: intermittent sensor reading failure under load,implemented,2026-03-26
EC-03865,QI-02042,Engineering change addressing: intermittent sensor reading failure under load,proposed,2026-04-11
EC-03866,QI-09672,Engineering change addressing: fastener torque inconsistency observed on assembly line,in_progress,2026-08-08
EC-03867,QI-00387,Engineering change addressing: material hardness below specification,proposed,2026-02-17
EC-03868,QI-08078,Engineering change addressing: surface finish outside specification,proposed,2026-06-19
EC-03869,QI-07615,Engineering change addressing: surface finish outside specification,implemented,2026-07-25
EC-03870,QI-07863,Engineering change addressing: fastener torque inconsistency observed on assembly line,approved,2026-04-16
EC-03871,QI-09198,Engineering change addressing: intermittent sensor reading failure under load,implemented,2026-05-27
EC-03872,QI-00598,Engineering change addressing: seal leakage detected during pressure test,approved,2026-08-17
EC-03873,QI-07386,Engineering change addressing: fastener torque inconsistency observed on assembly line,approved,2026-05-06
EC-03874,QI-04696,Engineering change addressing: intermittent sensor reading failure under load,in_progress,2026-07-28
EC-03875,QI-00634,Engineering change addressing: material hardness below specification,approved,2026-04-07
EC-03876,QI-00470,Engineering change addressing: intermittent sensor reading failure under load,approved,2026-04-14
EC-03877,QI-03452,Engineering change addressing: dimensional deviation detected during incoming inspection,approved,2026-04-23
EC-03878,QI-05947,Engineering change addressing: dimensional deviation detected during incoming inspection,in_progress,2026-04-13
EC-03879,QI-05418,Engineering change addressing: intermittent sensor reading failure under load,proposed,2026-05-07
EC-03880,QI-01988,Engineering change addressing: fastener torque inconsistency observed on assembly line,proposed,2026-04-03
EC-03881,QI-08647,Engineering change addressing: seal leakage detected during pressure test,proposed,2026-01-13
EC-03882,QI-02187,Engineering change addressing: seal leakage detected during pressure test,in_progress,2026-03-09
EC-03883,QI-03151,Engineering change addressing: surface finish outside specification,proposed,2026-04-13
EC-03884,QI-07169,Engineering change addressing: dimensional deviation detected during incoming inspection,proposed,2026-07-03
EC-03885,QI-02383,Engineering change addressing: surface finish outside specification,proposed,2026-08-22
EC-03886,QI-09555,Engineering change addressing: surface finish outside specification,implemented,2026-05-19
EC-03887,QI-05701,Engineering change addressing: intermittent sensor reading failure under load,proposed,2026-05-13
EC-03888,QI-00488,Engineering change addressing: surface finish outside specification,proposed,2026-06-04
EC-03889,QI-05166,Engineering change addressing: intermittent sensor reading failure under load,proposed,2026-02-16
EC-03890,QI-00550,Engineering change addressing: seal leakage detected during pressure test,approved,2026-02-11
EC-03891,QI-01256,Engineering change addressing: seal leakage detected during pressure test,in_progress,2026-02-19
EC-03892,QI-09320,Engineering change addressing: dimensional deviation detected during incoming inspection,in_progress,2026-03-19
EC-03893,QI-05307,Engineering change addressing: surface finish outside specification,in_progress,2026-03-14
EC-03894,QI-05812,Engineering change addressing: material hardness below specification,in_progress,2026-07-21
EC-03895,QI-07646,Engineering change addressing: material hardness below specification,proposed,2026-08-15
EC-03896,QI-04910,Engineering change addressing: intermittent sensor reading failure under load,approved,2026-02-01
EC-03897,QI-08881,Engineering change addressing: fastener torque inconsistency observed on assembly line,implemented,2026-01-04
EC-03898,QI-05431,Engineering change addressing: intermittent sensor reading failure under load,implemented,2026-02-18
EC-03899,QI-11904,Engineering change addressing: intermittent sensor reading failure under load,implemented,2026-05-08
EC-03900,QI-08630,Engineering change addressing: material hardness below specification,implemented,2026-03-02
EC-03901,QI-03864,Engineering change addressing: fastener torque inconsistency observed on assembly line,proposed,2026-06-16
EC-03902,QI-01857,Engineering change addressing: intermittent sensor reading failure under load,in_progress,2026-02-05
EC-03903,QI-10674,Engineering change addressing: fastener torque inconsistency observed on assembly line,implemented,2026-03-26
EC-03904,QI-05665,Engineering change addressing: surface finish outside specification,approved,2026-01-24
EC-03905,QI-09522,Engineering change addressing: fastener torque inconsistency observed on assembly line,approved,2026-08-15
EC-03906,QI-04802,Engineering change addressing: dimensional deviation detected during incoming inspection,implemented,2026-04-28
EC-03907,QI-10977,Engineering change addressing: seal leakage detected during pressure test,proposed,2026-07-14
EC-03908,QI-08459,Engineering change addressing: intermittent sensor reading failure under load,approved,2026-04-27
EC-03909,QI-03798,Engineering change addressing: intermittent sensor reading failure under load,in_progress,2026-01-13
EC-03910,QI-02327,Engineering change addressing: intermittent sensor reading failure under load,in_progress,2026-05-16
EC-03911,QI-11290,Engineering change addressing: fastener torque inconsistency observed on assembly line,approved,2026-06-09
EC-03912,QI-05874,Engineering change addressing: fastener torque inconsistency observed on assembly line,proposed,2026-04-20
EC-03913,QI-08416,Engineering change addressing: fastener torque inconsistency observed on assembly line,in_progress,2026-02-06
EC-03914,QI-00386,Engineering change addressing: seal leakage detected during pressure test,proposed,2026-03-13
EC-03915,QI-08732,Engineering change addressing: fastener torque inconsistency observed on assembly line,in_progress,2026-07-17
EC-03916,QI-04626,Engineering change addressing: dimensional deviation detected during incoming inspection,implemented,2026-01-03
EC-03917,QI-07495,Engineering change addressing: fastener torque inconsistency observed on assembly line,approved,2026-04-16
EC-03918,QI-11514,Engineering change addressing: seal leakage detected during pressure test,in_progress,2026-05-14
EC-03919,QI-03185,Engineering change addressing: fastener torque inconsistency observed on assembly line,in_progress,2026-04-04
EC-03920,QI-11830,Engineering change addressing: intermittent sensor reading failure under load,approved,2026-06-07
EC-03921,QI-01246,Engineering change addressing: seal leakage detected during pressure test,approved,2026-02-18
EC-03922,QI-08654,Engineering change addressing: material hardness below specification,proposed,2026-08-27
EC-03923,QI-02140,Engineering change addressing: fastener torque inconsistency observed on assembly line,proposed,2026-06-11
EC-03924,QI-11104,Engineering change addressing: seal leakage detected during pressure test,in_progress,2026-01-07
EC-03925,QI-09245,Engineering change addressing: seal leakage detected during pressure test,in_progress,2026-08-13
EC-03926,QI-00419,Engineering change addressing: surface finish outside specification,implemented,2026-02-18
EC-03927,QI-03945,Engineering change addressing: fastener torque inconsistency observed on assembly line,proposed,2026-04-05
EC-03928,QI-02905,Engineering change addressing: intermittent sensor reading failure under load,approved,2026-01-18
EC-03929,QI-02731,Engineering change addressing: fastener torque inconsistency observed on assembly line,proposed,2026-07-23
EC-03930,QI-05610,Engineering change addressing: seal leakage detected during pressure test,implemented,2026-08-17
EC-03931,QI-03989,Engineering change addressing: material hardness below specification,in_progress,2026-02-02
EC-03932,QI-09160,Engineering change addressing: fastener torque inconsistency observed on assembly line,in_progress,2026-08-09
EC-03933,QI-03201,Engineering change addressing: surface finish outside specification,in_progress,2026-01-10
EC-03934,QI-11270,Engineering change addressing: dimensional deviation detected during incoming inspection,in_progress,2026-02-06
EC-03935,QI-05315,Engineering change addressing: seal leakage detected during pressure test,in_progress,2026-02-28
EC-03936,QI-07661,Engineering change addressing: fastener torque inconsistency observed on assembly line,implemented,2026-05-02
EC-03937,QI-03615,Engineering change addressing: intermittent sensor reading failure under load,implemented,2026-07-11
EC-03938,QI-06001,Engineering change addressing: surface finish outside specification,in_progress,2026-08-12
EC-03939,QI-04276,Engineering change addressing: fastener torque inconsistency observed on assembly line,approved,2026-01-16
EC-03940,QI-10441,Engineering change addressing: surface finish outside specification,in_progress,2026-04-08
EC-03941,QI-10354,Engineering change addressing: fastener torque inconsistency observed on assembly line,in_progress,2026-02-13
EC-03942,QI-03913,Engineering change addressing: fastener torque inconsistency observed on assembly line,implemented,2026-03-13
EC-03943,QI-04069,Engineering change addressing: intermittent sensor reading failure under load,implemented,2026-05-27
EC-03944,QI-03504,Engineering change addressing: surface finish outside specification,approved,2026-02-24
EC-03945,QI-05461,Engineering change addressing: material hardness below specification,approved,2026-02-13
EC-03946,QI-10606,Engineering change addressing: intermittent sensor reading failure under load,proposed,2026-06-14
EC-03947,QI-00026,Engineering change addressing: fastener torque inconsistency observed on assembly line,approved,2026-05-10
EC-03948,QI-10381,Engineering change addressing: surface finish outside specification,in_progress,2026-03-15
EC-03949,QI-07240,Engineering change addressing: fastener torque inconsistency observed on assembly line,in_progress,2026-01-04
EC-03950,QI-11994,Engineering change addressing: seal leakage detected during pressure test,approved,2026-08-06
EC-03951,QI-04538,Engineering change addressing: seal leakage detected during pressure test,implemented,2026-07-01
EC-03952,QI-06689,Engineering change addressing: surface finish outside specification,implemented,2026-08-24
EC-03953,QI-07300,Engineering change addressing: dimensional deviation detected during incoming inspection,in_progress,2026-07-22
EC-03954,QI-01015,Engineering change addressing: fastener torque inconsistency observed on assembly line,proposed,2026-03-15
EC-03955,QI-11261,Engineering change addressing: material hardness below specification,approved,2026-08-22
EC-03956,QI-10892,Engineering change addressing: fastener torque inconsistency observed on assembly line,approved,2026-04-18
EC-03957,QI-08606,Engineering change addressing: surface finish outside specification,proposed,2026-03-08
EC-03958,QI-09443,Engineering change addressing: surface finish outside specification,approved,2026-03-25
EC-03959,QI-01028,Engineering change addressing: fastener torque inconsistency observed on assembly line,in_progress,2026-08-28
EC-03960,QI-05742,Engineering change addressing: seal leakage detected during pressure test,proposed,2026-03-01
EC-03961,QI-07691,Engineering change addressing: fastener torque inconsistency observed on assembly line,in_progress,2026-03-25
EC-03962,QI-10206,Engineering change addressing: material hardness below specification,proposed,2026-06-11
EC-03963,QI-05771,Engineering change addressing: surface finish outside specification,in_progress,2026-01-09
EC-03964,QI-10103,Engineering change addressing: seal leakage detected during pressure test,implemented,2026-02-18
EC-03965,QI-08553,Engineering change addressing: surface finish outside specification,approved,2026-01-25
EC-03966,QI-03707,Engineering change addressing: seal leakage detected during pressure test,approved,2026-06-01
EC-03967,QI-03329,Engineering change addressing: seal leakage detected during pressure test,in_progress,2026-08-19
EC-03968,QI-09015,Engineering change addressing: intermittent sensor reading failure under load,implemented,2026-03-03
EC-03969,QI-04385,Engineering change addressing: seal leakage detected during pressure test,implemented,2026-06-18
EC-03970,QI-10848,Engineering change addressing: material hardness below specification,in_progress,2026-03-11
EC-03971,QI-05503,Engineering change addressing: material hardness below specification,approved,2026-01-02
EC-03972,QI-02639,Engineering change addressing: fastener torque inconsistency observed on assembly line,implemented,2026-01-03
EC-03973,QI-09676,Engineering change addressing: fastener torque inconsistency observed on assembly line,approved,2026-07-05
EC-03974,QI-10773,Engineering change addressing: material hardness below specification,in_progress,2026-07-28
EC-03975,QI-06541,Engineering change addressing: intermittent sensor reading failure under load,approved,2026-07-05
EC-03976,QI-11993,Engineering change addressing: seal leakage detected during pressure test,in_progress,2026-01-19
EC-03977,QI-03958,Engineering change addressing: dimensional deviation detected during incoming inspection,proposed,2026-05-19
EC-03978,QI-04542,Engineering change addressing: intermittent sensor reading failure under load,in_progress,2026-06-16
EC-03979,QI-08267,Engineering change addressing: fastener torque inconsistency observed on assembly line,implemented,2026-08-18
EC-03980,QI-10573,Engineering change addressing: surface finish outside specification,approved,2026-07-19
EC-03981,QI-11288,Engineering change addressing: intermittent sensor reading failure under load,proposed,2026-07-10
EC-03982,QI-07447,Engineering change addressing: seal leakage detected during pressure test,proposed,2026-07-11
EC-03983,QI-05674,Engineering change addressing: seal leakage detected during pressure test,implemented,2026-04-19
EC-03984,QI-00820,Engineering change addressing: dimensional deviation detected during incoming inspection,proposed,2026-03-12
EC-03985,QI-01917,Engineering change addressing: surface finish outside specification,in_progress,2026-05-17
EC-03986,QI-11091,Engineering change addressing: seal leakage detected during pressure test,approved,2026-01-13
EC-03987,QI-00979,Engineering change addressing: fastener torque inconsistency observed on assembly line,implemented,2026-06-02
EC-03988,QI-02151,Engineering change addressing: fastener torque inconsistency observed on assembly line,approved,2026-03-02
EC-03989,QI-02211,Engineering change addressing: intermittent sensor reading failure under load,approved,2026-06-06
EC-03990,QI-05526,Engineering change addressing: dimensional deviation detected during incoming inspection,implemented,2026-08-10
EC-03991,QI-08622,Engineering change addressing: seal leakage detected during pressure test,implemented,2026-08-28
EC-03992,QI-08964,Engineering change addressing: seal leakage detected during pressure test,approved,2026-04-18
EC-03993,QI-11379,Engineering change addressing: dimensional deviation detected during incoming inspection,approved,2026-06-03
EC-03994,QI-09929,Engineering change addressing: dimensional deviation detected during incoming inspection,approved,2026-04-17
EC-03995,QI-04658,Engineering change addressing: dimensional deviation detected during incoming inspection,implemented,2026-05-09
EC-03996,QI-03298,Engineering change addressing: dimensional deviation detected during incoming inspection,proposed,2026-05-15
EC-03997,QI-09252,Engineering change addressing: fastener torque inconsistency observed on assembly line,approved,2026-02-09
EC-03998,QI-03580,Engineering change addressing: material hardness below specification,in_progress,2026-06-14
EC-03999,QI-07948,Engineering change addressing: dimensional deviation detected during incoming inspection,in_progress,2026-05-17
EC-04000,QI-03854,Engineering change addressing: fastener torque inconsistency observed on assembly line,approved,2026-02-09
EC-04001,QI-06422,Engineering change addressing: surface finish outside specification,in_progress,2026-03-17
EC-04002,QI-11457,Engineering change addressing: material hardness below specification,implemented,2026-06-06
EC-04003,QI-05063,Engineering change addressing: dimensional deviation detected during incoming inspection,implemented,2026-03-06
EC-04004,QI-04252,Engineering change addressing: surface finish outside specification,implemented,2026-01-14
EC-04005,QI-01251,Engineering change addressing: dimensional deviation detected during incoming inspection,proposed,2026-02-23
EC-04006,QI-11194,Engineering change addressing: surface finish outside specification,proposed,2026-06-27
EC-04007,QI-09336,Engineering change addressing: intermittent sensor reading failure under load,implemented,2026-08-07
EC-04008,QI-02738,Engineering change addressing: intermittent sensor reading failure under load,in_progress,2026-03-25
EC-04009,QI-09390,Engineering change addressing: fastener torque inconsistency observed on assembly line,approved,2026-08-09
EC-04010,QI-03605,Engineering change addressing: material hardness below specification,proposed,2026-03-10
EC-04011,QI-05577,Engineering change addressing: surface finish outside specification,implemented,2026-02-08
EC-04012,QI-10343,Engineering change addressing: material hardness below specification,in_progress,2026-08-08
EC-04013,QI-02851,Engineering change addressing: dimensional deviation detected during incoming inspection,in_progress,2026-02-07
EC-04014,QI-11546,Engineering change addressing: material hardness below specification,in_progress,2026-03-26
EC-04015,QI-02630,Engineering change addressing: dimensional deviation detected during incoming inspection,in_progress,2026-05-13
EC-04016,QI-02655,Engineering change addressing: seal leakage detected during pressure test,approved,2026-03-01
EC-04017,QI-08704,Engineering change addressing: material hardness below specification,approved,2026-08-01
EC-04018,QI-10497,Engineering change addressing: dimensional deviation detected during incoming inspection,in_progress,2026-08-18
EC-04019,QI-10603,Engineering change addressing: surface finish outside specification,proposed,2026-06-08
EC-04020,QI-06807,Engineering change addressing: seal leakage detected during pressure test,proposed,2026-05-24
EC-04021,QI-01951,Engineering change addressing: material hardness below specification,in_progress,2026-03-05
EC-04022,QI-07143,Engineering change addressing: fastener torque inconsistency observed on assembly line,proposed,2026-07-24
EC-04023,QI-05561,Engineering change addressing: material hardness below specification,implemented,2026-03-12
EC-04024,QI-02218,Engineering change addressing: material hardness below specification,in_progress,2026-01-05
EC-04025,QI-04123,Engineering change addressing: surface finish outside specification,in_progress,2026-02-01
EC-04026,QI-01641,Engineering change addressing: dimensional deviation detected during incoming inspection,proposed,2026-03-17
EC-04027,QI-04390,Engineering change addressing: intermittent sensor reading failure under load,in_progress,2026-02-17
EC-04028,QI-06603,Engineering change addressing: material hardness below specification,proposed,2026-01-02
EC-04029,QI-10679,Engineering change addressing: surface finish outside specification,approved,2026-07-13
EC-04030,QI-02703,Engineering change addressing: dimensional deviation detected during incoming inspection,in_progress,2026-08-01
EC-04031,QI-05274,Engineering change addressing: fastener torque inconsistency observed on assembly line,approved,2026-08-04
EC-04032,QI-04642,Engineering change addressing: surface finish outside specification,implemented,2026-07-22
EC-04033,QI-08185,Engineering change addressing: intermittent sensor reading failure under load,implemented,2026-02-02
EC-04034,QI-08302,Engineering change addressing: material hardness below specification,proposed,2026-07-02
EC-04035,QI-06215,Engineering change addressing: intermittent sensor reading failure under load,in_progress,2026-04-14
EC-04036,QI-11644,Engineering change addressing: surface finish outside specification,implemented,2026-03-27
EC-04037,QI-03155,Engineering change addressing: seal leakage detected during pressure test,proposed,2026-07-08
EC-04038,QI-08520,Engineering change addressing: dimensional deviation detected during incoming inspection,proposed,2026-04-28
EC-04039,QI-08825,Engineering change addressing: fastener torque inconsistency observed on assembly line,implemented,2026-04-16
EC-04040,QI-06155,Engineering change addressing: seal leakage detected during pressure test,in_progress,2026-07-07
EC-04041,QI-01660,Engineering change addressing: fastener torque inconsistency observed on assembly line,approved,2026-02-21
EC-04042,QI-07749,Engineering change addressing: fastener torque inconsistency observed on assembly line,approved,2026-02-10
EC-04043,QI-04840,Engineering change addressing: seal leakage detected during pressure test,proposed,2026-03-28
EC-04044,QI-09207,Engineering change addressing: surface finish outside specification,approved,2026-05-09
EC-04045,QI-06292,Engineering change addressing: intermittent sensor reading failure under load,in_progress,2026-01-18
EC-04046,QI-01990,Engineering change addressing: dimensional deviation detected during incoming inspection,in_progress,2026-02-15
EC-04047,QI-05842,Engineering change addressing: material hardness below specification,in_progress,2026-03-15
EC-04048,QI-09343,Engineering change addressing: surface finish outside specification,implemented,2026-03-12
EC-04049,QI-08089,Engineering change addressing: dimensional deviation detected during incoming inspection,implemented,2026-05-17
EC-04050,QI-11578,Engineering change addressing: material hardness below specification,approved,2026-02-28
EC-04051,QI-11567,Engineering change addressing: material hardness below specification,approved,2026-02-19
EC-04052,QI-01652,Engineering change addressing: dimensional deviation detected during incoming inspection,proposed,2026-01-28
EC-04053,QI-11397,Engineering change addressing: intermittent sensor reading failure under load,implemented,2026-08-01
EC-04054,QI-03891,Engineering change addressing: fastener torque inconsistency observed on assembly line,in_progress,2026-07-22
EC-04055,QI-07494,Engineering change addressing: surface finish outside specification,approved,2026-01-25
EC-04056,QI-11852,Engineering change addressing: surface finish outside specification,in_progress,2026-03-07
EC-04057,QI-01637,Engineering change addressing: seal leakage detected during pressure test,implemented,2026-02-12
EC-04058,QI-02214,Engineering change addressing: dimensional deviation detected during incoming inspection,in_progress,2026-06-06
EC-04059,QI-07512,Engineering change addressing: seal leakage detected during pressure test,approved,2026-02-18
EC-04060,QI-10828,Engineering change addressing: seal leakage detected during pressure test,in_progress,2026-07-04
EC-04061,QI-05959,Engineering change addressing: material hardness below specification,implemented,2026-08-17
EC-04062,QI-07884,Engineering change addressing: intermittent sensor reading failure under load,proposed,2026-03-25
EC-04063,QI-02222,Engineering change addressing: material hardness below specification,implemented,2026-03-06
EC-04064,QI-11809,Engineering change addressing: fastener torque inconsistency observed on assembly line,implemented,2026-07-22
EC-04065,QI-08900,Engineering change addressing: seal leakage detected during pressure test,approved,2026-01-19
EC-04066,QI-04120,Engineering change addressing: fastener torque inconsistency observed on assembly line,approved,2026-07-21
EC-04067,QI-03513,Engineering change addressing: material hardness below specification,implemented,2026-04-19
EC-04068,QI-06937,Engineering change addressing: dimensional deviation detected during incoming inspection,implemented,2026-02-17
EC-04069,QI-06507,Engineering change addressing: intermittent sensor reading failure under load,approved,2026-06-01
EC-04070,QI-04810,Engineering change addressing: seal leakage detected during pressure test,implemented,2026-02-09
EC-04071,QI-07875,Engineering change addressing: material hardness below specification,proposed,2026-08-28
EC-04072,QI-02545,Engineering change addressing: fastener torque inconsistency observed on assembly line,approved,2026-01-01
EC-04073,QI-11605,Engineering change addressing: intermittent sensor reading failure under load,approved,2026-05-21
EC-04074,QI-06968,Engineering change addressing: dimensional deviation detected during incoming inspection,in_progress,2026-05-22
EC-04075,QI-03363,Engineering change addressing: seal leakage detected during pressure test,approved,2026-07-08
EC-04076,QI-10647,Engineering change addressing: intermittent sensor reading failure under load,implemented,2026-04-20
EC-04077,QI-03836,Engineering change addressing: surface finish outside specification,in_progress,2026-04-28
EC-04078,QI-08203,Engineering change addressing: material hardness below specification,proposed,2026-05-07
EC-04079,QI-06483,Engineering change addressing: surface finish outside specification,approved,2026-05-11
EC-04080,QI-03577,Engineering change addressing: fastener torque inconsistency observed on assembly line,approved,2026-05-03
EC-04081,QI-00180,Engineering change addressing: dimensional deviation detected during incoming inspection,implemented,2026-04-23
EC-04082,QI-11661,Engineering change addressing: surface finish outside specification,in_progress,2026-04-27
EC-04083,QI-01924,Engineering change addressing: dimensional deviation detected during incoming inspection,proposed,2026-08-09
EC-04084,QI-00852,Engineering change addressing: surface finish outside specification,implemented,2026-04-03
EC-04085,QI-10686,Engineering change addressing: seal leakage detected during pressure test,proposed,2026-02-27
EC-04086,QI-01061,Engineering change addressing: material hardness below specification,approved,2026-07-02
EC-04087,QI-08541,Engineering change addressing: dimensional deviation detected during incoming inspection,proposed,2026-05-03
EC-04088,QI-09014,Engineering change addressing: fastener torque inconsistency observed on assembly line,in_progress,2026-04-04
EC-04089,QI-00509,Engineering change addressing: fastener torque inconsistency observed on assembly line,proposed,2026-04-17
EC-04090,QI-10369,Engineering change addressing: intermittent sensor reading failure under load,approved,2026-07-25
EC-04091,QI-05702,Engineering change addressing: dimensional deviation detected during incoming inspection,proposed,2026-08-12
EC-04092,QI-09772,Engineering change addressing: intermittent sensor reading failure under load,proposed,2026-05-18
EC-04093,QI-10670,Engineering change addressing: surface finish outside specification,in_progress,2026-08-07
EC-04094,QI-03656,Engineering change addressing: seal leakage detected during pressure test,proposed,2026-02-17
EC-04095,QI-11959,Engineering change addressing: dimensional deviation detected during incoming inspection,approved,2026-01-26
EC-04096,QI-10323,Engineering change addressing: surface finish outside specification,approved,2026-04-11
EC-04097,QI-07267,Engineering change addressing: fastener torque inconsistency observed on assembly line,implemented,2026-06-06
EC-04098,QI-01792,Engineering change addressing: intermittent sensor reading failure under load,proposed,2026-06-10
EC-04099,QI-02437,Engineering change addressing: intermittent sensor reading failure under load,approved,2026-06-13
EC-04100,QI-08383,Engineering change addressing: seal leakage detected during pressure test,approved,2026-06-11
EC-04101,QI-02063,Engineering change addressing: surface finish outside specification,proposed,2026-05-26
EC-04102,QI-00667,Engineering change addressing: fastener torque inconsistency observed on assembly line,implemented,2026-04-25
EC-04103,QI-09168,Engineering change addressing: seal leakage detected during pressure test,in_progress,2026-01-28
EC-04104,QI-02555,Engineering change addressing: intermittent sensor reading failure under load,approved,2026-05-20
EC-04105,QI-03100,Engineering change addressing: fastener torque inconsistency observed on assembly line,implemented,2026-05-04
EC-04106,QI-11702,Engineering change addressing: dimensional deviation detected during incoming inspection,in_progress,2026-08-02
EC-04107,QI-03532,Engineering change addressing: surface finish outside specification,proposed,2026-08-21
EC-04108,QI-10314,Engineering change addressing: seal leakage detected during pressure test,proposed,2026-06-08
EC-04109,QI-09720,Engineering change addressing: fastener torque inconsistency observed on assembly line,implemented,2026-02-16
EC-04110,QI-10601,Engineering change addressing: material hardness below specification,in_progress,2026-05-08
EC-04111,QI-11496,Engineering change addressing: surface finish outside specification,approved,2026-04-09
EC-04112,QI-04059,Engineering change addressing: surface finish outside specification,implemented,2026-08-13
EC-04113,QI-04230,Engineering change addressing: fastener torque inconsistency observed on assembly line,in_progress,2026-07-22
EC-04114,QI-03000,Engineering change addressing: intermittent sensor reading failure under load,in_progress,2026-06-07
EC-04115,QI-01047,Engineering change addressing: material hardness below specification,implemented,2026-05-24
EC-04116,QI-08979,Engineering change addressing: material hardness below specification,approved,2026-06-25
EC-04117,QI-05302,Engineering change addressing: dimensional deviation detected during incoming inspection,in_progress,2026-02-22
EC-04118,QI-11949,Engineering change addressing: intermittent sensor reading failure under load,approved,2026-02-23
EC-04119,QI-03918,Engineering change addressing: seal leakage detected during pressure test,in_progress,2026-08-05
EC-04120,QI-02552,Engineering change addressing: surface finish outside specification,implemented,2026-01-09
EC-04121,QI-05867,Engineering change addressing: seal leakage detected during pressure test,proposed,2026-04-09
EC-04122,QI-05136,Engineering change addressing: fastener torque inconsistency observed on assembly line,proposed,2026-01-25
EC-04123,QI-09338,Engineering change addressing: fastener torque inconsistency observed on assembly line,proposed,2026-04-10
EC-04124,QI-05080,Engineering change addressing: seal leakage detected during pressure test,approved,2026-02-03
EC-04125,QI-08608,Engineering change addressing: surface finish outside specification,in_progress,2026-06-12
EC-04126,QI-00562,Engineering change addressing: seal leakage detected during pressure test,in_progress,2026-02-11
EC-04127,QI-01118,Engineering change addressing: fastener torque inconsistency observed on assembly line,implemented,2026-05-12
EC-04128,QI-05890,Engineering change addressing: seal leakage detected during pressure test,implemented,2026-05-07
EC-04129,QI-06454,Engineering change addressing: material hardness below specification,implemented,2026-01-07
EC-04130,QI-11045,Engineering change addressing: surface finish outside specification,implemented,2026-03-27
EC-04131,QI-09571,Engineering change addressing: intermittent sensor reading failure under load,implemented,2026-03-10
EC-04132,QI-11125,Engineering change addressing: material hardness below specification,proposed,2026-03-04
EC-04133,QI-04111,Engineering change addressing: material hardness below specification,proposed,2026-07-01
EC-04134,QI-09072,Engineering change addressing: surface finish outside specification,approved,2026-04-02
EC-04135,QI-07324,Engineering change addressing: intermittent sensor reading failure under load,in_progress,2026-01-06
EC-04136,QI-01718,Engineering change addressing: dimensional deviation detected during incoming inspection,implemented,2026-04-07
EC-04137,QI-02364,Engineering change addressing: surface finish outside specification,implemented,2026-08-05
EC-04138,QI-09614,Engineering change addressing: seal leakage detected during pressure test,in_progress,2026-04-17
EC-04139,QI-10737,Engineering change addressing: seal leakage detected during pressure test,proposed,2026-07-12
EC-04140,QI-05620,Engineering change addressing: fastener torque inconsistency observed on assembly line,implemented,2026-02-05
EC-04141,QI-06833,Engineering change addressing: fastener torque inconsistency observed on assembly line,in_progress,2026-08-08
EC-04142,QI-00954,Engineering change addressing: dimensional deviation detected during incoming inspection,in_progress,2026-05-23
EC-04143,QI-06428,Engineering change addressing: seal leakage detected during pressure test,approved,2026-02-09
EC-04144,QI-06249,Engineering change addressing: dimensional deviation detected during incoming inspection,approved,2026-03-26
EC-04145,QI-07697,Engineering change addressing: fastener torque inconsistency observed on assembly line,approved,2026-05-10
EC-04146,QI-06290,Engineering change addressing: dimensional deviation detected during incoming inspection,in_progress,2026-07-02
EC-04147,QI-11906,Engineering change addressing: fastener torque inconsistency observed on assembly line,proposed,2026-01-26
EC-04148,QI-03954,Engineering change addressing: material hardness below specification,proposed,2026-02-06
EC-04149,QI-07777,Engineering change addressing: dimensional deviation detected during incoming inspection,in_progress,2026-02-15
EC-04150,QI-02895,Engineering change addressing: fastener torque inconsistency observed on assembly line,proposed,2026-05-24
EC-04151,QI-00914,Engineering change addressing: fastener torque inconsistency observed on assembly line,approved,2026-07-22
EC-04152,QI-07721,Engineering change addressing: material hardness below specification,approved,2026-04-03
EC-04153,QI-06412,Engineering change addressing: seal leakage detected during pressure test,proposed,2026-05-25
EC-04154,QI-09578,Engineering change addressing: seal leakage detected during pressure test,approved,2026-01-20
EC-04155,QI-11220,Engineering change addressing: seal leakage detected during pressure test,implemented,2026-04-18
EC-04156,QI-08106,Engineering change addressing: intermittent sensor reading failure under load,approved,2026-04-18
EC-04157,QI-05829,Engineering change addressing: fastener torque inconsistency observed on assembly line,implemented,2026-04-02
EC-04158,QI-07902,Engineering change addressing: material hardness below specification,approved,2026-05-06
EC-04159,QI-07725,Engineering change addressing: surface finish outside specification,in_progress,2026-04-07
EC-04160,QI-03222,Engineering change addressing: fastener torque inconsistency observed on assembly line,implemented,2026-01-08
EC-04161,QI-01260,Engineering change addressing: surface finish outside specification,proposed,2026-04-25
EC-04162,QI-08924,Engineering change addressing: surface finish outside specification,proposed,2026-08-19
EC-04163,QI-10404,Engineering change addressing: dimensional deviation detected during incoming inspection,in_progress,2026-01-07
EC-04164,QI-06826,Engineering change addressing: seal leakage detected during pressure test,in_progress,2026-02-07
EC-04165,QI-05215,Engineering change addressing: intermittent sensor reading failure under load,in_progress,2026-07-07
EC-04166,QI-01195,Engineering change addressing: intermittent sensor reading failure under load,approved,2026-02-20
EC-04167,QI-05852,Engineering change addressing: dimensional deviation detected during incoming inspection,proposed,2026-02-21
EC-04168,QI-07129,Engineering change addressing: intermittent sensor reading failure under load,proposed,2026-01-25
EC-04169,QI-06219,Engineering change addressing: surface finish outside specification,proposed,2026-08-17
EC-04170,QI-09582,Engineering change addressing: surface finish outside specification,in_progress,2026-06-20
EC-04171,QI-01454,Engineering change addressing: fastener torque inconsistency observed on assembly line,approved,2026-04-12
EC-04172,QI-08852,Engineering change addressing: fastener torque inconsistency observed on assembly line,implemented,2026-02-19
EC-04173,QI-04403,Engineering change addressing: material hardness below specification,proposed,2026-08-17
EC-04174,QI-06271,Engineering change addressing: material hardness below specification,proposed,2026-06-14
EC-04175,QI-01065,Engineering change addressing: fastener torque inconsistency observed on assembly line,proposed,2026-08-12
EC-04176,QI-09027,Engineering change addressing: fastener torque inconsistency observed on assembly line,implemented,2026-07-01
EC-04177,QI-04583,Engineering change addressing: dimensional deviation detected during incoming inspection,implemented,2026-07-10
EC-04178,QI-00490,Engineering change addressing: dimensional deviation detected during incoming inspection,proposed,2026-02-19
EC-04179,QI-03009,Engineering change addressing: dimensional deviation detected during incoming inspection,in_progress,2026-04-16
EC-04180,QI-03650,Engineering change addressing: material hardness below specification,proposed,2026-02-04
EC-04181,QI-09125,Engineering change addressing: seal leakage detected during pressure test,proposed,2026-03-02
EC-04182,QI-01636,Engineering change addressing: intermittent sensor reading failure under load,implemented,2026-01-16
EC-04183,QI-00023,Engineering change addressing: surface finish outside specification,approved,2026-07-12
EC-04184,QI-08144,Engineering change addressing: surface finish outside specification,implemented,2026-08-28
EC-04185,QI-03625,Engineering change addressing: material hardness below specification,proposed,2026-04-09
EC-04186,QI-05205,Engineering change addressing: fastener torque inconsistency observed on assembly line,approved,2026-06-03
EC-04187,QI-05780,Engineering change addressing: seal leakage detected during pressure test,implemented,2026-01-17
EC-04188,QI-09408,Engineering change addressing: fastener torque inconsistency observed on assembly line,in_progress,2026-02-26
EC-04189,QI-06465,Engineering change addressing: surface finish outside specification,approved,2026-06-27
EC-04190,QI-02158,Engineering change addressing: dimensional deviation detected during incoming inspection,proposed,2026-03-23
EC-04191,QI-11579,Engineering change addressing: seal leakage detected during pressure test,implemented,2026-06-12
EC-04192,QI-05401,Engineering change addressing: material hardness below specification,approved,2026-06-12
EC-04193,QI-08958,Engineering change addressing: intermittent sensor reading failure under load,approved,2026-02-27
EC-04194,QI-11500,Engineering change addressing: seal leakage detected during pressure test,proposed,2026-04-11
EC-04195,QI-07757,Engineering change addressing: intermittent sensor reading failure under load,in_progress,2026-07-20
EC-04196,QI-10559,Engineering change addressing: intermittent sensor reading failure under load,in_progress,2026-05-18
EC-04197,QI-01950,Engineering change addressing: dimensional deviation detected during incoming inspection,in_progress,2026-08-05
EC-04198,QI-09545,Engineering change addressing: dimensional deviation detected during incoming inspection,in_progress,2026-07-01
EC-04199,QI-02814,Engineering change addressing: material hardness below specification,proposed,2026-05-05
EC-04200,QI-09901,Engineering change addressing: seal leakage detected during pressure test,proposed,2026-01-13
EC-04201,QI-10243,Engineering change addressing: material hardness below specification,implemented,2026-06-14
EC-04202,QI-10659,Engineering change addressing: material hardness below specification,approved,2026-03-21
EC-04203,QI-02110,Engineering change addressing: material hardness below specification,implemented,2026-07-20
EC-04204,QI-01531,Engineering change addressing: fastener torque inconsistency observed on assembly line,in_progress,2026-07-12
EC-04205,QI-00691,Engineering change addressing: seal leakage detected during pressure test,in_progress,2026-06-14
EC-04206,QI-01927,Engineering change addressing: surface finish outside specification,approved,2026-06-08
EC-04207,QI-06913,Engineering change addressing: material hardness below specification,approved,2026-06-10
EC-04208,QI-08390,Engineering change addressing: material hardness below specification,approved,2026-05-14
EC-04209,QI-01160,Engineering change addressing: surface finish outside specification,approved,2026-08-26
EC-04210,QI-00086,Engineering change addressing: material hardness below specification,implemented,2026-01-26
EC-04211,QI-03895,Engineering change addressing: fastener torque inconsistency observed on assembly line,in_progress,2026-04-21
EC-04212,QI-06295,Engineering change addressing: surface finish outside specification,in_progress,2026-05-10
EC-04213,QI-08405,Engineering change addressing: material hardness below specification,implemented,2026-05-10
EC-04214,QI-07799,Engineering change addressing: seal leakage detected during pressure test,proposed,2026-01-07
EC-04215,QI-05322,Engineering change addressing: intermittent sensor reading failure under load,in_progress,2026-06-16
EC-04216,QI-02111,Engineering change addressing: seal leakage detected during pressure test,in_progress,2026-04-01
EC-04217,QI-01901,Engineering change addressing: intermittent sensor reading failure under load,proposed,2026-04-02
EC-04218,QI-02253,Engineering change addressing: seal leakage detected during pressure test,proposed,2026-08-20
EC-04219,QI-08762,Engineering change addressing: material hardness below specification,implemented,2026-03-27
EC-04220,QI-11882,Engineering change addressing: surface finish outside specification,approved,2026-03-07
EC-04221,QI-11898,Engineering change addressing: surface finish outside specification,in_progress,2026-04-07
EC-04222,QI-02757,Engineering change addressing: dimensional deviation detected during incoming inspection,approved,2026-06-28
EC-04223,QI-03567,Engineering change addressing: seal leakage detected during pressure test,approved,2026-04-11
EC-04224,QI-06100,Engineering change addressing: material hardness below specification,approved,2026-06-22
EC-04225,QI-03965,Engineering change addressing: material hardness below specification,in_progress,2026-07-21
EC-04226,QI-04988,Engineering change addressing: dimensional deviation detected during incoming inspection,proposed,2026-02-01
EC-04227,QI-03570,Engineering change addressing: surface finish outside specification,approved,2026-04-11
EC-04228,QI-01661,Engineering change addressing: surface finish outside specification,proposed,2026-01-02
EC-04229,QI-11577,Engineering change addressing: seal leakage detected during pressure test,implemented,2026-02-27
EC-04230,QI-08796,Engineering change addressing: dimensional deviation detected during incoming inspection,in_progress,2026-06-20
EC-04231,QI-11084,Engineering change addressing: intermittent sensor reading failure under load,approved,2026-03-13
EC-04232,QI-08501,Engineering change addressing: seal leakage detected during pressure test,implemented,2026-07-22
EC-04233,QI-10836,Engineering change addressing: intermittent sensor reading failure under load,implemented,2026-06-12
EC-04234,QI-05962,Engineering change addressing: fastener torque inconsistency observed on assembly line,approved,2026-04-21
EC-04235,QI-04362,Engineering change addressing: dimensional deviation detected during incoming inspection,implemented,2026-05-01
EC-04236,QI-05040,Engineering change addressing: dimensional deviation detected during incoming inspection,in_progress,2026-03-28
EC-04237,QI-04333,Engineering change addressing: dimensional deviation detected during incoming inspection,in_progress,2026-02-19
EC-04238,QI-02231,Engineering change addressing: dimensional deviation detected during incoming inspection,approved,2026-06-12
EC-04239,QI-09434,Engineering change addressing: seal leakage detected during pressure test,in_progress,2026-07-05
EC-04240,QI-09864,Engineering change addressing: dimensional deviation detected during incoming inspection,implemented,2026-02-19
EC-04241,QI-01936,Engineering change addressing: material hardness below specification,implemented,2026-02-20
EC-04242,QI-08720,Engineering change addressing: dimensional deviation detected during incoming inspection,implemented,2026-06-06
EC-04243,QI-04416,Engineering change addressing: material hardness below specification,in_progress,2026-02-19
EC-04244,QI-05878,Engineering change addressing: seal leakage detected during pressure test,proposed,2026-07-06
EC-04245,QI-07854,Engineering change addressing: surface finish outside specification,implemented,2026-04-23
EC-04246,QI-06104,Engineering change addressing: material hardness below specification,proposed,2026-03-25
EC-04247,QI-08381,Engineering change addressing: material hardness below specification,proposed,2026-01-20
EC-04248,QI-10035,Engineering change addressing: fastener torque inconsistency observed on assembly line,implemented,2026-03-22
EC-04249,QI-07040,Engineering change addressing: fastener torque inconsistency observed on assembly line,in_progress,2026-04-27
EC-04250,QI-04889,Engineering change addressing: dimensional deviation detected during incoming inspection,in_progress,2026-04-03
EC-04251,QI-10172,Engineering change addressing: surface finish outside specification,approved,2026-08-15
EC-04252,QI-07279,Engineering change addressing: surface finish outside specification,implemented,2026-06-19
EC-04253,QI-11455,Engineering change addressing: dimensional deviation detected during incoming inspection,implemented,2026-03-13
EC-04254,QI-01004,Engineering change addressing: dimensional deviation detected during incoming inspection,implemented,2026-04-16
EC-04255,QI-08646,Engineering change addressing: seal leakage detected during pressure test,approved,2026-07-11
EC-04256,QI-09300,Engineering change addressing: material hardness below specification,approved,2026-01-15
EC-04257,QI-09240,Engineering change addressing: seal leakage detected during pressure test,proposed,2026-07-26
EC-04258,QI-05725,Engineering change addressing: dimensional deviation detected during incoming inspection,proposed,2026-07-07
EC-04259,QI-08992,Engineering change addressing: dimensional deviation detected during incoming inspection,implemented,2026-03-14
EC-04260,QI-10193,Engineering change addressing: surface finish outside specification,implemented,2026-05-09
EC-04261,QI-08784,Engineering change addressing: fastener torque inconsistency observed on assembly line,approved,2026-07-13
EC-04262,QI-02108,Engineering change addressing: seal leakage detected during pressure test,approved,2026-07-07
EC-04263,QI-00748,Engineering change addressing: dimensional deviation detected during incoming inspection,implemented,2026-02-19
EC-04264,QI-02504,Engineering change addressing: fastener torque inconsistency observed on assembly line,implemented,2026-01-14
EC-04265,QI-03787,Engineering change addressing: seal leakage detected during pressure test,in_progress,2026-02-14
EC-04266,QI-06630,Engineering change addressing: surface finish outside specification,approved,2026-06-25
EC-04267,QI-01932,Engineering change addressing: seal leakage detected during pressure test,approved,2026-01-02
EC-04268,QI-10873,Engineering change addressing: fastener torque inconsistency observed on assembly line,in_progress,2026-06-08
EC-04269,QI-02585,Engineering change addressing: seal leakage detected during pressure test,approved,2026-06-25
EC-04270,QI-07897,Engineering change addressing: intermittent sensor reading failure under load,in_progress,2026-03-08
EC-04271,QI-01268,Engineering change addressing: surface finish outside specification,implemented,2026-08-06
EC-04272,QI-05981,Engineering change addressing: surface finish outside specification,approved,2026-04-28
EC-04273,QI-04013,Engineering change addressing: seal leakage detected during pressure test,implemented,2026-06-05
EC-04274,QI-11199,Engineering change addressing: intermittent sensor reading failure under load,in_progress,2026-01-01
EC-04275,QI-00172,Engineering change addressing: dimensional deviation detected during incoming inspection,proposed,2026-01-03
EC-04276,QI-03711,Engineering change addressing: fastener torque inconsistency observed on assembly line,approved,2026-08-05
EC-04277,QI-04288,Engineering change addressing: material hardness below specification,in_progress,2026-01-14
EC-04278,QI-06789,Engineering change addressing: intermittent sensor reading failure under load,proposed,2026-04-09
EC-04279,QI-02435,Engineering change addressing: surface finish outside specification,implemented,2026-06-06
EC-04280,QI-07357,Engineering change addressing: material hardness below specification,implemented,2026-01-14
EC-04281,QI-01142,Engineering change addressing: intermittent sensor reading failure under load,proposed,2026-08-20
EC-04282,QI-00337,Engineering change addressing: dimensional deviation detected during incoming inspection,in_progress,2026-04-23
EC-04283,QI-07417,Engineering change addressing: fastener torque inconsistency observed on assembly line,implemented,2026-05-25
EC-04284,QI-11684,Engineering change addressing: fastener torque inconsistency observed on assembly line,proposed,2026-05-25
EC-04285,QI-10325,Engineering change addressing: material hardness below specification,implemented,2026-07-16
EC-04286,QI-06594,Engineering change addressing: intermittent sensor reading failure under load,approved,2026-07-25
EC-04287,QI-11350,Engineering change addressing: dimensional deviation detected during incoming inspection,approved,2026-03-26
EC-04288,QI-04457,Engineering change addressing: fastener torque inconsistency observed on assembly line,in_progress,2026-07-24
EC-04289,QI-06187,Engineering change addressing: fastener torque inconsistency observed on assembly line,in_progress,2026-05-11
EC-04290,QI-07812,Engineering change addressing: dimensional deviation detected during incoming inspection,in_progress,2026-08-28
EC-04291,QI-01543,Engineering change addressing: dimensional deviation detected during incoming inspection,implemented,2026-02-20
EC-04292,QI-06840,Engineering change addressing: seal leakage detected during pressure test,approved,2026-05-13
EC-04293,QI-00264,Engineering change addressing: intermittent sensor reading failure under load,in_progress,2026-07-14
EC-04294,QI-05634,Engineering change addressing: fastener torque inconsistency observed on assembly line,proposed,2026-08-11
EC-04295,QI-01607,Engineering change addressing: intermittent sensor reading failure under load,approved,2026-03-04
EC-04296,QI-09048,Engineering change addressing: intermittent sensor reading failure under load,in_progress,2026-03-17
EC-04297,QI-09897,Engineering change addressing: fastener torque inconsistency observed on assembly line,implemented,2026-02-27
EC-04298,QI-01987,Engineering change addressing: material hardness below specification,implemented,2026-08-11
EC-04299,QI-01462,Engineering change addressing: intermittent sensor reading failure under load,in_progress,2026-01-08
EC-04300,QI-05664,Engineering change addressing: dimensional deviation detected during incoming inspection,proposed,2026-07-07
EC-04301,QI-10728,Engineering change addressing: intermittent sensor reading failure under load,in_progress,2026-01-24
EC-04302,QI-05864,Engineering change addressing: surface finish outside specification,proposed,2026-02-15
EC-04303,QI-08132,Engineering change addressing: intermittent sensor reading failure under load,implemented,2026-08-28
EC-04304,QI-03095,Engineering change addressing: seal leakage detected during pressure test,in_progress,2026-08-05
EC-04305,QI-00648,Engineering change addressing: fastener torque inconsistency observed on assembly line,in_progress,2026-07-28
EC-04306,QI-10126,Engineering change addressing: fastener torque inconsistency observed on assembly line,approved,2026-04-08
EC-04307,QI-02586,Engineering change addressing: fastener torque inconsistency observed on assembly line,proposed,2026-07-18
EC-04308,QI-00138,Engineering change addressing: dimensional deviation detected during incoming inspection,approved,2026-08-08
EC-04309,QI-03675,Engineering change addressing: dimensional deviation detected during incoming inspection,in_progress,2026-06-21
EC-04310,QI-01192,Engineering change addressing: material hardness below specification,in_progress,2026-08-08
EC-04311,QI-08679,Engineering change addressing: seal leakage detected during pressure test,implemented,2026-03-13
EC-04312,QI-01781,Engineering change addressing: intermittent sensor reading failure under load,implemented,2026-03-25
EC-04313,QI-07734,Engineering change addressing: intermittent sensor reading failure under load,in_progress,2026-06-16
EC-04314,QI-08991,Engineering change addressing: material hardness below specification,approved,2026-04-02
EC-04315,QI-08489,Engineering change addressing: fastener torque inconsistency observed on assembly line,approved,2026-04-16
EC-04316,QI-06356,Engineering change addressing: surface finish outside specification,approved,2026-04-09
EC-04317,QI-02855,Engineering change addressing: intermittent sensor reading failure under load,implemented,2026-07-23
EC-04318,QI-01796,Engineering change addressing: fastener torque inconsistency observed on assembly line,approved,2026-02-14
EC-04319,QI-08204,Engineering change addressing: intermittent sensor reading failure under load,proposed,2026-07-26
EC-04320,QI-02133,Engineering change addressing: material hardness below specification,approved,2026-02-03
EC-04321,QI-03548,Engineering change addressing: intermittent sensor reading failure under load,implemented,2026-01-07
EC-04322,QI-06837,Engineering change addressing: fastener torque inconsistency observed on assembly line,in_progress,2026-07-04
EC-04323,QI-08410,Engineering change addressing: intermittent sensor reading failure under load,implemented,2026-01-08
EC-04324,QI-06598,Engineering change addressing: fastener torque inconsistency observed on assembly line,implemented,2026-01-03
EC-04325,QI-07676,Engineering change addressing: material hardness below specification,approved,2026-08-05
EC-04326,QI-11279,Engineering change addressing: dimensional deviation detected during incoming inspection,approved,2026-03-14
EC-04327,QI-01355,Engineering change addressing: seal leakage detected during pressure test,proposed,2026-03-06
EC-04328,QI-06065,Engineering change addressing: surface finish outside specification,in_progress,2026-07-08
EC-04329,QI-08668,Engineering change addressing: seal leakage detected during pressure test,approved,2026-01-19
EC-04330,QI-01954,Engineering change addressing: dimensional deviation detected during incoming inspection,proposed,2026-04-03
EC-04331,QI-07042,Engineering change addressing: surface finish outside specification,proposed,2026-04-26
EC-04332,QI-09345,Engineering change addressing: dimensional deviation detected during incoming inspection,implemented,2026-08-06
EC-04333,QI-00133,Engineering change addressing: fastener torque inconsistency observed on assembly line,in_progress,2026-05-23
EC-04334,QI-01222,Engineering change addressing: seal leakage detected during pressure test,in_progress,2026-03-19
EC-04335,QI-05350,Engineering change addressing: dimensional deviation detected during incoming inspection,proposed,2026-02-01
EC-04336,QI-08765,Engineering change addressing: seal leakage detected during pressure test,proposed,2026-03-07
EC-04337,QI-10318,Engineering change addressing: dimensional deviation detected during incoming inspection,approved,2026-04-08
EC-04338,QI-10158,Engineering change addressing: fastener torque inconsistency observed on assembly line,proposed,2026-05-05
EC-04339,QI-01943,Engineering change addressing: dimensional deviation detected during incoming inspection,in_progress,2026-07-25
EC-04340,QI-05033,Engineering change addressing: dimensional deviation detected during incoming inspection,proposed,2026-05-02
EC-04341,QI-09590,Engineering change addressing: intermittent sensor reading failure under load,approved,2026-08-01
EC-04342,QI-11536,Engineering change addressing: surface finish outside specification,implemented,2026-05-02
EC-04343,QI-02495,Engineering change addressing: intermittent sensor reading failure under load,implemented,2026-04-11
EC-04344,QI-08509,Engineering change addressing: material hardness below specification,implemented,2026-01-22
EC-04345,QI-04423,Engineering change addressing: seal leakage detected during pressure test,approved,2026-05-23
EC-04346,QI-01040,Engineering change addressing: intermittent sensor reading failure under load,in_progress,2026-04-25
EC-04347,QI-06661,Engineering change addressing: seal leakage detected during pressure test,proposed,2026-02-11
EC-04348,QI-04446,Engineering change addressing: dimensional deviation detected during incoming inspection,approved,2026-04-02
EC-04349,QI-06097,Engineering change addressing: material hardness below specification,proposed,2026-02-07
EC-04350,QI-00905,Engineering change addressing: surface finish outside specification,implemented,2026-03-24
EC-04351,QI-11928,Engineering change addressing: fastener torque inconsistency observed on assembly line,proposed,2026-01-20
EC-04352,QI-07244,Engineering change addressing: intermittent sensor reading failure under load,approved,2026-08-06
EC-04353,QI-05705,Engineering change addressing: material hardness below specification,proposed,2026-02-08
EC-04354,QI-11343,Engineering change addressing: intermittent sensor reading failure under load,in_progress,2026-01-23
EC-04355,QI-00403,Engineering change addressing: dimensional deviation detected during incoming inspection,in_progress,2026-06-21
EC-04356,QI-03604,Engineering change addressing: fastener torque inconsistency observed on assembly line,in_progress,2026-06-25
EC-04357,QI-07411,Engineering change addressing: material hardness below specification,proposed,2026-02-07
EC-04358,QI-04939,Engineering change addressing: fastener torque inconsistency observed on assembly line,in_progress,2026-05-19
EC-04359,QI-03430,Engineering change addressing: intermittent sensor reading failure under load,in_progress,2026-07-16
EC-04360,QI-09076,Engineering change addressing: intermittent sensor reading failure under load,in_progress,2026-04-10
EC-04361,QI-04965,Engineering change addressing: surface finish outside specification,proposed,2026-07-20
EC-04362,QI-09342,Engineering change addressing: surface finish outside specification,proposed,2026-08-24
EC-04363,QI-06351,Engineering change addressing: seal leakage detected during pressure test,proposed,2026-05-15
EC-04364,QI-02724,Engineering change addressing: material hardness below specification,implemented,2026-07-09
EC-04365,QI-07193,Engineering change addressing: dimensional deviation detected during incoming inspection,in_progress,2026-01-15
EC-04366,QI-09380,Engineering change addressing: seal leakage detected during pressure test,in_progress,2026-05-26
EC-04367,QI-11881,Engineering change addressing: intermittent sensor reading failure under load,approved,2026-07-13
EC-04368,QI-03195,Engineering change addressing: fastener torque inconsistency observed on assembly line,proposed,2026-04-18
EC-04369,QI-08112,Engineering change addressing: intermittent sensor reading failure under load,implemented,2026-03-13
EC-04370,QI-01765,Engineering change addressing: fastener torque inconsistency observed on assembly line,approved,2026-03-28
EC-04371,QI-10981,Engineering change addressing: seal leakage detected during pressure test,implemented,2026-07-19
EC-04372,QI-00186,Engineering change addressing: seal leakage detected during pressure test,proposed,2026-01-17
EC-04373,QI-02696,Engineering change addressing: surface finish outside specification,implemented,2026-05-16
EC-04374,QI-07053,Engineering change addressing: material hardness below specification,proposed,2026-05-17
EC-04375,QI-01282,Engineering change addressing: intermittent sensor reading failure under load,approved,2026-01-22
EC-04376,QI-08117,Engineering change addressing: seal leakage detected during pressure test,implemented,2026-03-02
EC-04377,QI-08476,Engineering change addressing: fastener torque inconsistency observed on assembly line,implemented,2026-05-11
EC-04378,QI-03843,Engineering change addressing: dimensional deviation detected during incoming inspection,in_progress,2026-08-05
EC-04379,QI-03994,Engineering change addressing: material hardness below specification,in_progress,2026-06-11
EC-04380,QI-04554,Engineering change addressing: seal leakage detected during pressure test,approved,2026-07-04
EC-04381,QI-09165,Engineering change addressing: dimensional deviation detected during incoming inspection,implemented,2026-07-21
EC-04382,QI-09090,Engineering change addressing: surface finish outside specification,approved,2026-07-14
EC-04383,QI-05598,Engineering change addressing: surface finish outside specification,in_progress,2026-06-03
EC-04384,QI-05241,Engineering change addressing: intermittent sensor reading failure under load,implemented,2026-03-12
EC-04385,QI-11933,Engineering change addressing: material hardness below specification,proposed,2026-03-20
EC-04386,QI-06520,Engineering change addressing: surface finish outside specification,implemented,2026-05-21
EC-04387,QI-03511,Engineering change addressing: material hardness below specification,implemented,2026-02-28
EC-04388,QI-02559,Engineering change addressing: surface finish outside specification,approved,2026-08-18
EC-04389,QI-10280,Engineering change addressing: dimensional deviation detected during incoming inspection,proposed,2026-04-20
EC-04390,QI-00406,Engineering change addressing: surface finish outside specification,in_progress,2026-07-16
EC-04391,QI-07585,Engineering change addressing: dimensional deviation detected during incoming inspection,approved,2026-07-07
EC-04392,QI-06684,Engineering change addressing: seal leakage detected during pressure test,implemented,2026-03-25
EC-04393,QI-04214,Engineering change addressing: intermittent sensor reading failure under load,in_progress,2026-01-22
EC-04394,QI-01629,Engineering change addressing: fastener torque inconsistency observed on assembly line,in_progress,2026-08-16
EC-04395,QI-11781,Engineering change addressing: intermittent sensor reading failure under load,implemented,2026-07-21
EC-04396,QI-00190,Engineering change addressing: surface finish outside specification,approved,2026-01-07
EC-04397,QI-00154,Engineering change addressing: intermittent sensor reading failure under load,approved,2026-03-04
EC-04398,QI-03369,Engineering change addressing: intermittent sensor reading failure under load,approved,2026-03-05
EC-04399,QI-10553,Engineering change addressing: intermittent sensor reading failure under load,implemented,2026-06-13
EC-04400,QI-07289,Engineering change addressing: intermittent sensor reading failure under load,proposed,2026-01-10
EC-04401,QI-08818,Engineering change addressing: seal leakage detected during pressure test,implemented,2026-05-02
EC-04402,QI-04028,Engineering change addressing: fastener torque inconsistency observed on assembly line,approved,2026-01-19
EC-04403,QI-11542,Engineering change addressing: fastener torque inconsistency observed on assembly line,proposed,2026-06-01
EC-04404,QI-00310,Engineering change addressing: intermittent sensor reading failure under load,approved,2026-03-18
EC-04405,QI-11834,Engineering change addressing: material hardness below specification,in_progress,2026-08-22
EC-04406,QI-05317,Engineering change addressing: surface finish outside specification,implemented,2026-05-23
EC-04407,QI-03005,Engineering change addressing: seal leakage detected during pressure test,approved,2026-01-20
EC-04408,QI-00498,Engineering change addressing: surface finish outside specification,proposed,2026-07-22
EC-04409,QI-05141,Engineering change addressing: seal leakage detected during pressure test,implemented,2026-06-14
EC-04410,QI-10232,Engineering change addressing: seal leakage detected during pressure test,proposed,2026-04-11
EC-04411,QI-06303,Engineering change addressing: dimensional deviation detected during incoming inspection,in_progress,2026-04-11
EC-04412,QI-04492,Engineering change addressing: intermittent sensor reading failure under load,approved,2026-05-20
EC-04413,QI-07750,Engineering change addressing: fastener torque inconsistency observed on assembly line,in_progress,2026-02-08
EC-04414,QI-03281,Engineering change addressing: material hardness below specification,proposed,2026-07-18
EC-04415,QI-01388,Engineering change addressing: surface finish outside specification,implemented,2026-06-23
EC-04416,QI-08799,Engineering change addressing: fastener torque inconsistency observed on assembly line,proposed,2026-05-17
EC-04417,QI-04885,Engineering change addressing: seal leakage detected during pressure test,proposed,2026-07-21
EC-04418,QI-02030,Engineering change addressing: dimensional deviation detected during incoming inspection,implemented,2026-03-07
EC-04419,QI-08110,Engineering change addressing: surface finish outside specification,in_progress,2026-02-05
EC-04420,QI-04916,Engineering change addressing: fastener torque inconsistency observed on assembly line,proposed,2026-08-21
EC-04421,QI-07559,Engineering change addressing: intermittent sensor reading failure under load,in_progress,2026-06-07
EC-04422,QI-06118,Engineering change addressing: intermittent sensor reading failure under load,approved,2026-08-16
EC-04423,QI-11459,Engineering change addressing: dimensional deviation detected during incoming inspection,proposed,2026-03-15
EC-04424,QI-11262,Engineering change addressing: dimensional deviation detected during incoming inspection,approved,2026-03-05
EC-04425,QI-00022,Engineering change addressing: intermittent sensor reading failure under load,implemented,2026-08-07
EC-04426,QI-09779,Engineering change addressing: fastener torque inconsistency observed on assembly line,in_progress,2026-02-18
EC-04427,QI-10959,Engineering change addressing: material hardness below specification,approved,2026-01-14
EC-04428,QI-03473,Engineering change addressing: material hardness below specification,implemented,2026-07-16
EC-04429,QI-05785,Engineering change addressing: seal leakage detected during pressure test,approved,2026-01-03
EC-04430,QI-00981,Engineering change addressing: dimensional deviation detected during incoming inspection,implemented,2026-07-16
EC-04431,QI-08696,Engineering change addressing: dimensional deviation detected during incoming inspection,approved,2026-08-16
EC-04432,QI-05607,Engineering change addressing: intermittent sensor reading failure under load,in_progress,2026-01-05
EC-04433,QI-00453,Engineering change addressing: dimensional deviation detected during incoming inspection,proposed,2026-06-24
EC-04434,QI-06662,Engineering change addressing: fastener torque inconsistency observed on assembly line,in_progress,2026-07-10
EC-04435,QI-09867,Engineering change addressing: surface finish outside specification,in_progress,2026-04-27
EC-04436,QI-08672,Engineering change addressing: material hardness below specification,implemented,2026-07-28
EC-04437,QI-10191,Engineering change addressing: seal leakage detected during pressure test,approved,2026-03-25
EC-04438,QI-06404,Engineering change addressing: fastener torque inconsistency observed on assembly line,proposed,2026-04-15
EC-04439,QI-08427,Engineering change addressing: material hardness below specification,implemented,2026-06-18
EC-04440,QI-11022,Engineering change addressing: intermittent sensor reading failure under load,proposed,2026-05-25
EC-04441,QI-04132,Engineering change addressing: seal leakage detected during pressure test,approved,2026-01-02
EC-04442,QI-01353,Engineering change addressing: dimensional deviation detected during incoming inspection,in_progress,2026-05-15
EC-04443,QI-07175,Engineering change addressing: intermittent sensor reading failure under load,in_progress,2026-01-24
EC-04444,QI-01649,Engineering change addressing: surface finish outside specification,implemented,2026-04-04
EC-04445,QI-07479,Engineering change addressing: material hardness below specification,implemented,2026-05-19
EC-04446,QI-06875,Engineering change addressing: fastener torque inconsistency observed on assembly line,in_progress,2026-04-07
EC-04447,QI-06189,Engineering change addressing: intermittent sensor reading failure under load,proposed,2026-08-20
EC-04448,QI-07638,Engineering change addressing: fastener torque inconsistency observed on assembly line,in_progress,2026-01-07
EC-04449,QI-05545,Engineering change addressing: fastener torque inconsistency observed on assembly line,implemented,2026-07-24
EC-04450,QI-08592,Engineering change addressing: seal leakage detected during pressure test,approved,2026-07-11
EC-04451,QI-10821,Engineering change addressing: seal leakage detected during pressure test,approved,2026-02-12
EC-04452,QI-09132,Engineering change addressing: seal leakage detected during pressure test,proposed,2026-02-01
EC-04453,QI-07538,Engineering change addressing: intermittent sensor reading failure under load,implemented,2026-01-15
EC-04454,QI-02384,Engineering change addressing: intermittent sensor reading failure under load,proposed,2026-02-04
EC-04455,QI-06896,Engineering change addressing: intermittent sensor reading failure under load,implemented,2026-04-09
EC-04456,QI-09668,Engineering change addressing: seal leakage detected during pressure test,in_progress,2026-04-19
EC-04457,QI-08551,Engineering change addressing: intermittent sensor reading failure under load,in_progress,2026-01-15
EC-04458,QI-01668,Engineering change addressing: intermittent sensor reading failure under load,proposed,2026-06-10
EC-04459,QI-08197,Engineering change addressing: surface finish outside specification,implemented,2026-07-12
EC-04460,QI-02869,Engineering change addressing: fastener torque inconsistency observed on assembly line,in_progress,2026-04-25
EC-04461,QI-03776,Engineering change addressing: fastener torque inconsistency observed on assembly line,proposed,2026-08-05
EC-04462,QI-08081,Engineering change addressing: dimensional deviation detected during incoming inspection,proposed,2026-02-26
EC-04463,QI-09365,Engineering change addressing: material hardness below specification,implemented,2026-02-10
EC-04464,QI-05479,Engineering change addressing: surface finish outside specification,approved,2026-02-03
EC-04465,QI-00504,Engineering change addressing: dimensional deviation detected during incoming inspection,implemented,2026-01-01
EC-04466,QI-04483,Engineering change addressing: fastener torque inconsistency observed on assembly line,proposed,2026-06-18
EC-04467,QI-04144,Engineering change addressing: surface finish outside specification,proposed,2026-05-26
EC-04468,QI-04782,Engineering change addressing: seal leakage detected during pressure test,implemented,2026-07-09
EC-04469,QI-02425,Engineering change addressing: material hardness below specification,implemented,2026-07-11
EC-04470,QI-00780,Engineering change addressing: intermittent sensor reading failure under load,approved,2026-06-08
EC-04471,QI-08670,Engineering change addressing: dimensional deviation detected during incoming inspection,proposed,2026-01-17
EC-04472,QI-08409,Engineering change addressing: material hardness below specification,implemented,2026-06-06
EC-04473,QI-06692,Engineering change addressing: surface finish outside specification,approved,2026-02-03
EC-04474,QI-09850,Engineering change addressing: surface finish outside specification,implemented,2026-07-17
EC-04475,QI-05650,Engineering change addressing: intermittent sensor reading failure under load,approved,2026-08-01
EC-04476,QI-06971,Engineering change addressing: dimensional deviation detected during incoming inspection,approved,2026-05-25
EC-04477,QI-07051,Engineering change addressing: material hardness below specification,implemented,2026-05-04
EC-04478,QI-02228,Engineering change addressing: surface finish outside specification,proposed,2026-07-18
EC-04479,QI-07369,Engineering change addressing: dimensional deviation detected during incoming inspection,in_progress,2026-05-19
EC-04480,QI-10377,Engineering change addressing: material hardness below specification,implemented,2026-01-05
EC-04481,QI-05049,Engineering change addressing: surface finish outside specification,implemented,2026-01-05
EC-04482,QI-10726,Engineering change addressing: material hardness below specification,in_progress,2026-03-28
EC-04483,QI-05268,Engineering change addressing: seal leakage detected during pressure test,approved,2026-06-19
EC-04484,QI-06510,Engineering change addressing: fastener torque inconsistency observed on assembly line,implemented,2026-04-18
EC-04485,QI-01276,Engineering change addressing: fastener torque inconsistency observed on assembly line,approved,2026-04-18
EC-04486,QI-00508,Engineering change addressing: surface finish outside specification,proposed,2026-06-06
EC-04487,QI-11815,Engineering change addressing: material hardness below specification,implemented,2026-05-26
EC-04488,QI-05232,Engineering change addressing: fastener torque inconsistency observed on assembly line,in_progress,2026-08-09
EC-04489,QI-07083,Engineering change addressing: material hardness below specification,proposed,2026-07-22
EC-04490,QI-10211,Engineering change addressing: dimensional deviation detected during incoming inspection,in_progress,2026-05-07
EC-04491,QI-07126,Engineering change addressing: fastener torque inconsistency observed on assembly line,implemented,2026-02-04
EC-04492,QI-06093,Engineering change addressing: seal leakage detected during pressure test,implemented,2026-08-26
EC-04493,QI-04553,Engineering change addressing: material hardness below specification,in_progress,2026-06-03
EC-04494,QI-06572,Engineering change addressing: intermittent sensor reading failure under load,in_progress,2026-07-20
EC-04495,QI-00214,Engineering change addressing: fastener torque inconsistency observed on assembly line,implemented,2026-04-03
EC-04496,QI-08147,Engineering change addressing: surface finish outside specification,approved,2026-05-05
EC-04497,QI-00460,Engineering change addressing: seal leakage detected during pressure test,in_progress,2026-02-15
EC-04498,QI-08747,Engineering change addressing: seal leakage detected during pressure test,approved,2026-01-19
EC-04499,QI-10629,Engineering change addressing: fastener torque inconsistency observed on assembly line,implemented,2026-07-08
EC-04500,QI-06451,Engineering change addressing: dimensional deviation detected during incoming inspection,approved,2026-05-03
EC-04501,QI-07364,Engineering change addressing: dimensional deviation detected during incoming inspection,in_progress,2026-02-06
EC-04502,QI-02341,Engineering change addressing: material hardness below specification,proposed,2026-08-24
EC-04503,QI-11977,Engineering change addressing: intermittent sensor reading failure under load,implemented,2026-04-24
EC-04504,QI-04645,Engineering change addressing: dimensional deviation detected during incoming inspection,in_progress,2026-07-01
EC-04505,QI-09064,Engineering change addressing: seal leakage detected during pressure test,implemented,2026-03-05
EC-04506,QI-07047,Engineering change addressing: fastener torque inconsistency observed on assembly line,proposed,2026-04-08
EC-04507,QI-04317,Engineering change addressing: intermittent sensor reading failure under load,in_progress,2026-08-03
EC-04508,QI-10023,Engineering change addressing: fastener torque inconsistency observed on assembly line,in_progress,2026-05-03
EC-04509,QI-02508,Engineering change addressing: intermittent sensor reading failure under load,in_progress,2026-05-06
EC-04510,QI-03305,Engineering change addressing: surface finish outside specification,proposed,2026-05-05
EC-04511,QI-09588,Engineering change addressing: dimensional deviation detected during incoming inspection,in_progress,2026-04-16
EC-04512,QI-07688,Engineering change addressing: intermittent sensor reading failure under load,proposed,2026-01-17
EC-04513,QI-08793,Engineering change addressing: material hardness below specification,approved,2026-08-25
EC-04514,QI-05446,Engineering change addressing: fastener torque inconsistency observed on assembly line,in_progress,2026-02-08
EC-04515,QI-01187,Engineering change addressing: surface finish outside specification,implemented,2026-06-13
EC-04516,QI-06053,Engineering change addressing: fastener torque inconsistency observed on assembly line,implemented,2026-06-27
EC-04517,QI-08823,Engineering change addressing: surface finish outside specification,proposed,2026-07-21
EC-04518,QI-07544,Engineering change addressing: fastener torque inconsistency observed on assembly line,proposed,2026-05-24
EC-04519,QI-07528,Engineering change addressing: fastener torque inconsistency observed on assembly line,in_progress,2026-01-19
EC-04520,QI-09421,Engineering change addressing: surface finish outside specification,approved,2026-08-16
EC-04521,QI-07219,Engineering change addressing: material hardness below specification,implemented,2026-02-09
EC-04522,QI-11232,Engineering change addressing: intermittent sensor reading failure under load,approved,2026-03-05
EC-04523,QI-06965,Engineering change addressing: seal leakage detected during pressure test,approved,2026-01-14
EC-04524,QI-05865,Engineering change addressing: material hardness below specification,in_progress,2026-08-27
EC-04525,QI-08046,Engineering change addressing: dimensional deviation detected during incoming inspection,proposed,2026-06-14
EC-04526,QI-06014,Engineering change addressing: intermittent sensor reading failure under load,approved,2026-04-18
EC-04527,QI-11681,Engineering change addressing: dimensional deviation detected during incoming inspection,approved,2026-06-16
EC-04528,QI-04418,Engineering change addressing: surface finish outside specification,implemented,2026-05-17
EC-04529,QI-06201,Engineering change addressing: intermittent sensor reading failure under load,proposed,2026-02-24
EC-04530,QI-11421,Engineering change addressing: fastener torque inconsistency observed on assembly line,in_progress,2026-08-27
EC-04531,QI-11335,Engineering change addressing: material hardness below specification,proposed,2026-02-02
EC-04532,QI-00739,Engineering change addressing: seal leakage detected during pressure test,proposed,2026-01-19
EC-04533,QI-05547,Engineering change addressing: intermittent sensor reading failure under load,in_progress,2026-08-07
EC-04534,QI-10398,Engineering change addressing: intermittent sensor reading failure under load,approved,2026-05-16
EC-04535,QI-11312,Engineering change addressing: seal leakage detected during pressure test,approved,2026-02-27
EC-04536,QI-05111,Engineering change addressing: seal leakage detected during pressure test,in_progress,2026-03-03
EC-04537,QI-00832,Engineering change addressing: intermittent sensor reading failure under load,proposed,2026-08-18
EC-04538,QI-04841,Engineering change addressing: fastener torque inconsistency observed on assembly line,proposed,2026-05-14
EC-04539,QI-09111,Engineering change addressing: material hardness below specification,proposed,2026-03-05
EC-04540,QI-02239,Engineering change addressing: intermittent sensor reading failure under load,proposed,2026-03-15
EC-04541,QI-00651,Engineering change addressing: surface finish outside specification,implemented,2026-02-13
EC-04542,QI-04421,Engineering change addressing: dimensional deviation detected during incoming inspection,implemented,2026-08-09
EC-04543,QI-09805,Engineering change addressing: intermittent sensor reading failure under load,in_progress,2026-02-18
EC-04544,QI-09558,Engineering change addressing: seal leakage detected during pressure test,approved,2026-08-19
EC-04545,QI-11009,Engineering change addressing: seal leakage detected during pressure test,approved,2026-05-05
EC-04546,QI-10631,Engineering change addressing: seal leakage detected during pressure test,proposed,2026-03-21
EC-04547,QI-07256,Engineering change addressing: fastener torque inconsistency observed on assembly line,implemented,2026-01-09
EC-04548,QI-04221,Engineering change addressing: material hardness below specification,implemented,2026-07-19
EC-04549,QI-07277,Engineering change addressing: material hardness below specification,proposed,2026-04-05
EC-04550,QI-03047,Engineering change addressing: surface finish outside specification,approved,2026-01-05
EC-04551,QI-11634,Engineering change addressing: fastener torque inconsistency observed on assembly line,proposed,2026-01-13
EC-04552,QI-03779,Engineering change addressing: dimensional deviation detected during incoming inspection,in_progress,2026-07-20
EC-04553,QI-11000,Engineering change addressing: material hardness below specification,proposed,2026-01-14
EC-04554,QI-02194,Engineering change addressing: material hardness below specification,in_progress,2026-06-03
EC-04555,QI-00824,Engineering change addressing: intermittent sensor reading failure under load,implemented,2026-08-03
EC-04556,QI-00013,Engineering change addressing: fastener torque inconsistency observed on assembly line,approved,2026-02-27
EC-04557,QI-04119,Engineering change addressing: seal leakage detected during pressure test,approved,2026-07-22
EC-04558,QI-11846,Engineering change addressing: material hardness below specification,approved,2026-07-05
EC-04559,QI-00373,Engineering change addressing: seal leakage detected during pressure test,approved,2026-04-20
EC-04560,QI-01365,Engineering change addressing: fastener torque inconsistency observed on assembly line,implemented,2026-05-22
EC-04561,QI-11973,Engineering change addressing: intermittent sensor reading failure under load,proposed,2026-04-23
EC-04562,QI-09328,Engineering change addressing: surface finish outside specification,implemented,2026-02-02
EC-04563,QI-03348,Engineering change addressing: dimensional deviation detected during incoming inspection,in_progress,2026-02-20
EC-04564,QI-07057,Engineering change addressing: fastener torque inconsistency observed on assembly line,implemented,2026-04-15
EC-04565,QI-00546,Engineering change addressing: surface finish outside specification,implemented,2026-07-03
EC-04566,QI-08667,Engineering change addressing: material hardness below specification,implemented,2026-03-26
EC-04567,QI-00136,Engineering change addressing: dimensional deviation detected during incoming inspection,in_progress,2026-04-03
EC-04568,QI-06589,Engineering change addressing: material hardness below specification,in_progress,2026-03-15
EC-04569,QI-05288,Engineering change addressing: seal leakage detected during pressure test,implemented,2026-08-24
EC-04570,QI-06537,Engineering change addressing: seal leakage detected during pressure test,proposed,2026-06-28
EC-04571,QI-08077,Engineering change addressing: fastener torque inconsistency observed on assembly line,in_progress,2026-02-21
EC-04572,QI-11694,Engineering change addressing: seal leakage detected during pressure test,in_progress,2026-06-25
EC-04573,QI-03347,Engineering change addressing: dimensional deviation detected during incoming inspection,in_progress,2026-02-12
EC-04574,QI-07698,Engineering change addressing: fastener torque inconsistency observed on assembly line,proposed,2026-03-04
EC-04575,QI-07542,Engineering change addressing: material hardness below specification,in_progress,2026-05-03
EC-04576,QI-03380,Engineering change addressing: fastener torque inconsistency observed on assembly line,in_progress,2026-05-26
EC-04577,QI-01217,Engineering change addressing: dimensional deviation detected during incoming inspection,implemented,2026-05-25
EC-04578,QI-08103,Engineering change addressing: seal leakage detected during pressure test,approved,2026-06-23
EC-04579,QI-00908,Engineering change addressing: material hardness below specification,proposed,2026-03-07
EC-04580,QI-11493,Engineering change addressing: intermittent sensor reading failure under load,approved,2026-03-16
EC-04581,QI-11835,Engineering change addressing: intermittent sensor reading failure under load,implemented,2026-06-04
EC-04582,QI-02092,Engineering change addressing: surface finish outside specification,implemented,2026-07-03
EC-04583,QI-01201,Engineering change addressing: fastener torque inconsistency observed on assembly line,in_progress,2026-04-25
EC-04584,QI-00738,Engineering change addressing: fastener torque inconsistency observed on assembly line,in_progress,2026-04-26
EC-04585,QI-01333,Engineering change addressing: surface finish outside specification,implemented,2026-04-23
EC-04586,QI-01129,Engineering change addressing: surface finish outside specification,approved,2026-04-17
EC-04587,QI-08901,Engineering change addressing: intermittent sensor reading failure under load,implemented,2026-07-22
EC-04588,QI-04786,Engineering change addressing: seal leakage detected during pressure test,approved,2026-07-21
EC-04589,QI-04644,Engineering change addressing: surface finish outside specification,approved,2026-01-07
EC-04590,QI-10247,Engineering change addressing: surface finish outside specification,implemented,2026-08-01
EC-04591,QI-04972,Engineering change addressing: fastener torque inconsistency observed on assembly line,implemented,2026-05-26
EC-04592,QI-03356,Engineering change addressing: seal leakage detected during pressure test,implemented,2026-02-23
EC-04593,QI-04518,Engineering change addressing: material hardness below specification,implemented,2026-04-24
EC-04594,QI-09387,Engineering change addressing: material hardness below specification,proposed,2026-06-22
EC-04595,QI-08887,Engineering change addressing: surface finish outside specification,proposed,2026-08-07
EC-04596,QI-00368,Engineering change addressing: intermittent sensor reading failure under load,approved,2026-08-15
EC-04597,QI-08304,Engineering change addressing: material hardness below specification,approved,2026-06-25
EC-04598,QI-09894,Engineering change addressing: seal leakage detected during pressure test,proposed,2026-01-24
EC-04599,QI-11318,Engineering change addressing: material hardness below specification,approved,2026-02-17
EC-04600,QI-11570,Engineering change addressing: fastener torque inconsistency observed on assembly line,approved,2026-01-23
EC-04601,QI-11922,Engineering change addressing: intermittent sensor reading failure under load,approved,2026-01-28
EC-04602,QI-08372,Engineering change addressing: fastener torque inconsistency observed on assembly line,in_progress,2026-04-21
EC-04603,QI-05077,Engineering change addressing: material hardness below specification,proposed,2026-05-25
EC-04604,QI-08424,Engineering change addressing: material hardness below specification,approved,2026-08-27
EC-04605,QI-11886,Engineering change addressing: fastener torque inconsistency observed on assembly line,implemented,2026-08-02
EC-04606,QI-07481,Engineering change addressing: material hardness below specification,approved,2026-08-12
EC-04607,QI-00189,Engineering change addressing: fastener torque inconsistency observed on assembly line,implemented,2026-06-15
EC-04608,QI-07694,Engineering change addressing: surface finish outside specification,in_progress,2026-01-08
EC-04609,QI-08950,Engineering change addressing: seal leakage detected during pressure test,approved,2026-06-12
EC-04610,QI-11976,Engineering change addressing: intermittent sensor reading failure under load,proposed,2026-08-12
EC-04611,QI-01443,Engineering change addressing: seal leakage detected during pressure test,in_progress,2026-08-14
EC-04612,QI-10498,Engineering change addressing: material hardness below specification,implemented,2026-04-14
EC-04613,QI-05521,Engineering change addressing: surface finish outside specification,in_progress,2026-07-08
EC-04614,QI-07667,Engineering change addressing: intermittent sensor reading failure under load,in_progress,2026-03-28
EC-04615,QI-10081,Engineering change addressing: material hardness below specification,proposed,2026-02-13
EC-04616,QI-02641,Engineering change addressing: fastener torque inconsistency observed on assembly line,proposed,2026-06-06
EC-04617,QI-05633,Engineering change addressing: seal leakage detected during pressure test,approved,2026-05-25
EC-04618,QI-07119,Engineering change addressing: intermittent sensor reading failure under load,in_progress,2026-04-27
EC-04619,QI-09856,Engineering change addressing: dimensional deviation detected during incoming inspection,approved,2026-08-17
EC-04620,QI-04759,Engineering change addressing: dimensional deviation detected during incoming inspection,in_progress,2026-08-25
EC-04621,QI-08811,Engineering change addressing: material hardness below specification,in_progress,2026-07-09
EC-04622,QI-01413,Engineering change addressing: intermittent sensor reading failure under load,proposed,2026-06-23
EC-04623,QI-06416,Engineering change addressing: fastener torque inconsistency observed on assembly line,in_progress,2026-02-09
EC-04624,QI-05831,Engineering change addressing: seal leakage detected during pressure test,proposed,2026-06-27
EC-04625,QI-05675,Engineering change addressing: dimensional deviation detected during incoming inspection,proposed,2026-07-08
EC-04626,QI-00185,Engineering change addressing: dimensional deviation detected during incoming inspection,implemented,2026-05-11
EC-04627,QI-03608,Engineering change addressing: seal leakage detected during pressure test,in_progress,2026-08-06
EC-04628,QI-07973,Engineering change addressing: material hardness below specification,proposed,2026-02-24
EC-04629,QI-00044,Engineering change addressing: fastener torque inconsistency observed on assembly line,implemented,2026-06-22
EC-04630,QI-11547,Engineering change addressing: surface finish outside specification,approved,2026-05-15
EC-04631,QI-01302,Engineering change addressing: dimensional deviation detected during incoming inspection,in_progress,2026-05-06
EC-04632,QI-06199,Engineering change addressing: intermittent sensor reading failure under load,approved,2026-07-01
EC-04633,QI-00221,Engineering change addressing: fastener torque inconsistency observed on assembly line,approved,2026-03-17
EC-04634,QI-05228,Engineering change addressing: fastener torque inconsistency observed on assembly line,proposed,2026-03-03
EC-04635,QI-05849,Engineering change addressing: seal leakage detected during pressure test,proposed,2026-04-05
EC-04636,QI-02788,Engineering change addressing: material hardness below specification,in_progress,2026-03-02
EC-04637,QI-03531,Engineering change addressing: dimensional deviation detected during incoming inspection,in_progress,2026-04-13
EC-04638,QI-03736,Engineering change addressing: intermittent sensor reading failure under load,proposed,2026-01-08
EC-04639,QI-03808,Engineering change addressing: material hardness below specification,approved,2026-04-21
EC-04640,QI-07412,Engineering change addressing: fastener torque inconsistency observed on assembly line,approved,2026-01-09
EC-04641,QI-08618,Engineering change addressing: fastener torque inconsistency observed on assembly line,in_progress,2026-02-07
EC-04642,QI-01955,Engineering change addressing: seal leakage detected during pressure test,approved,2026-06-08
EC-04643,QI-06051,Engineering change addressing: dimensional deviation detected during incoming inspection,approved,2026-07-28
EC-04644,QI-08222,Engineering change addressing: fastener torque inconsistency observed on assembly line,implemented,2026-03-13
EC-04645,QI-01731,Engineering change addressing: intermittent sensor reading failure under load,proposed,2026-02-26
EC-04646,QI-02234,Engineering change addressing: material hardness below specification,in_progress,2026-06-17
EC-04647,QI-03367,Engineering change addressing: material hardness below specification,in_progress,2026-08-13
EC-04648,QI-09281,Engineering change addressing: surface finish outside specification,implemented,2026-05-02
EC-04649,QI-09662,Engineering change addressing: surface finish outside specification,implemented,2026-01-01
EC-04650,QI-07516,Engineering change addressing: surface finish outside specification,in_progress,2026-02-04
EC-04651,QI-11879,Engineering change addressing: surface finish outside specification,approved,2026-07-02
EC-04652,QI-02565,Engineering change addressing: material hardness below specification,proposed,2026-01-04
EC-04653,QI-02378,Engineering change addressing: surface finish outside specification,in_progress,2026-08-26
EC-04654,QI-01627,Engineering change addressing: dimensional deviation detected during incoming inspection,approved,2026-04-27
EC-04655,QI-05054,Engineering change addressing: seal leakage detected during pressure test,approved,2026-06-10
EC-04656,QI-10734,Engineering change addressing: seal leakage detected during pressure test,implemented,2026-01-17
EC-04657,QI-07496,Engineering change addressing: dimensional deviation detected during incoming inspection,in_progress,2026-02-08
EC-04658,QI-08690,Engineering change addressing: dimensional deviation detected during incoming inspection,approved,2026-03-01
EC-04659,QI-01461,Engineering change addressing: seal leakage detected during pressure test,proposed,2026-03-20
EC-04660,QI-08923,Engineering change addressing: seal leakage detected during pressure test,implemented,2026-02-18
EC-04661,QI-07312,Engineering change addressing: surface finish outside specification,approved,2026-05-21
EC-04662,QI-10046,Engineering change addressing: seal leakage detected during pressure test,proposed,2026-07-23
EC-04663,QI-02259,Engineering change addressing: seal leakage detected during pressure test,proposed,2026-03-12
EC-04664,QI-04308,Engineering change addressing: dimensional deviation detected during incoming inspection,in_progress,2026-02-10
EC-04665,QI-00923,Engineering change addressing: intermittent sensor reading failure under load,implemented,2026-03-07
EC-04666,QI-09829,Engineering change addressing: intermittent sensor reading failure under load,approved,2026-03-07
EC-04667,QI-07006,Engineering change addressing: intermittent sensor reading failure under load,proposed,2026-03-03
EC-04668,QI-07964,Engineering change addressing: dimensional deviation detected during incoming inspection,approved,2026-01-09
EC-04669,QI-05248,Engineering change addressing: surface finish outside specification,approved,2026-01-01
EC-04670,QI-07022,Engineering change addressing: intermittent sensor reading failure under load,in_progress,2026-07-16
EC-04671,QI-03917,Engineering change addressing: intermittent sensor reading failure under load,implemented,2026-05-25
EC-04672,QI-08310,Engineering change addressing: surface finish outside specification,in_progress,2026-05-22
EC-04673,QI-05422,Engineering change addressing: surface finish outside specification,implemented,2026-03-23
EC-04674,QI-07433,Engineering change addressing: intermittent sensor reading failure under load,approved,2026-04-13
EC-04675,QI-01494,Engineering change addressing: fastener torque inconsistency observed on assembly line,proposed,2026-02-20
EC-04676,QI-00330,Engineering change addressing: material hardness below specification,in_progress,2026-01-10
EC-04677,QI-10859,Engineering change addressing: fastener torque inconsistency observed on assembly line,approved,2026-05-06
EC-04678,QI-04218,Engineering change addressing: fastener torque inconsistency observed on assembly line,in_progress,2026-05-26
EC-04679,QI-08421,Engineering change addressing: fastener torque inconsistency observed on assembly line,proposed,2026-03-17
EC-04680,QI-06505,Engineering change addressing: intermittent sensor reading failure under load,approved,2026-07-07
EC-04681,QI-10693,Engineering change addressing: surface finish outside specification,proposed,2026-06-06
EC-04682,QI-03328,Engineering change addressing: material hardness below specification,in_progress,2026-08-04
EC-04683,QI-07162,Engineering change addressing: intermittent sensor reading failure under load,proposed,2026-06-01
EC-04684,QI-05623,Engineering change addressing: surface finish outside specification,approved,2026-05-21
EC-04685,QI-06223,Engineering change addressing: surface finish outside specification,in_progress,2026-05-19
EC-04686,QI-02115,Engineering change addressing: dimensional deviation detected during incoming inspection,proposed,2026-01-27
EC-04687,QI-00207,Engineering change addressing: surface finish outside specification,implemented,2026-05-26
EC-04688,QI-03359,Engineering change addressing: fastener torque inconsistency observed on assembly line,approved,2026-02-11
EC-04689,QI-03507,Engineering change addressing: dimensional deviation detected during incoming inspection,implemented,2026-04-13
EC-04690,QI-10811,Engineering change addressing: seal leakage detected during pressure test,implemented,2026-01-08
EC-04691,QI-00842,Engineering change addressing: dimensional deviation detected during incoming inspection,approved,2026-03-05
EC-04692,QI-04636,Engineering change addressing: dimensional deviation detected during incoming inspection,approved,2026-03-21
EC-04693,QI-01750,Engineering change addressing: intermittent sensor reading failure under load,implemented,2026-06-09
EC-04694,QI-01635,Engineering change addressing: material hardness below specification,in_progress,2026-07-09
EC-04695,QI-05121,Engineering change addressing: material hardness below specification,approved,2026-02-12
EC-04696,QI-07998,Engineering change addressing: fastener torque inconsistency observed on assembly line,approved,2026-05-05
EC-04697,QI-05240,Engineering change addressing: seal leakage detected during pressure test,in_progress,2026-06-07
EC-04698,QI-11818,Engineering change addressing: seal leakage detected during pressure test,approved,2026-08-04
EC-04699,QI-00153,Engineering change addressing: fastener torque inconsistency observed on assembly line,proposed,2026-05-10
EC-04700,QI-07085,Engineering change addressing: fastener torque inconsistency observed on assembly line,approved,2026-02-12
EC-04701,QI-06900,Engineering change addressing: surface finish outside specification,approved,2026-01-25
EC-04702,QI-00977,Engineering change addressing: dimensional deviation detected during incoming inspection,in_progress,2026-03-10
EC-04703,QI-03252,Engineering change addressing: fastener torque inconsistency observed on assembly line,in_progress,2026-05-25
EC-04704,QI-04104,Engineering change addressing: fastener torque inconsistency observed on assembly line,in_progress,2026-01-03
EC-04705,QI-08374,Engineering change addressing: fastener torque inconsistency observed on assembly line,approved,2026-04-16
EC-04706,QI-09102,Engineering change addressing: seal leakage detected during pressure test,implemented,2026-07-09
EC-04707,QI-07840,Engineering change addressing: surface finish outside specification,approved,2026-02-27
EC-04708,QI-09116,Engineering change addressing: fastener torque inconsistency observed on assembly line,in_progress,2026-02-04
EC-04709,QI-00871,Engineering change addressing: seal leakage detected during pressure test,proposed,2026-02-07
EC-04710,QI-05537,Engineering change addressing: seal leakage detected during pressure test,proposed,2026-06-11
EC-04711,QI-04170,Engineering change addressing: surface finish outside specification,proposed,2026-08-11
EC-04712,QI-08638,Engineering change addressing: surface finish outside specification,proposed,2026-04-06
EC-04713,QI-02993,Engineering change addressing: seal leakage detected during pressure test,proposed,2026-05-09
EC-04714,QI-06318,Engineering change addressing: seal leakage detected during pressure test,proposed,2026-03-26
EC-04715,QI-05453,Engineering change addressing: seal leakage detected during pressure test,in_progress,2026-01-26
EC-04716,QI-01379,Engineering change addressing: dimensional deviation detected during incoming inspection,proposed,2026-06-12
EC-04717,QI-11637,Engineering change addressing: fastener torque inconsistency observed on assembly line,approved,2026-05-17
EC-04718,QI-07873,Engineering change addressing: intermittent sensor reading failure under load,proposed,2026-06-14
EC-04719,QI-10554,Engineering change addressing: seal leakage detected during pressure test,in_progress,2026-04-19
EC-04720,QI-10586,Engineering change addressing: surface finish outside specification,proposed,2026-01-15
EC-04721,QI-11093,Engineering change addressing: dimensional deviation detected during incoming inspection,in_progress,2026-06-08
EC-04722,QI-10565,Engineering change addressing: fastener torque inconsistency observed on assembly line,in_progress,2026-03-15
EC-04723,QI-01972,Engineering change addressing: seal leakage detected during pressure test,approved,2026-03-10
EC-04724,QI-11668,Engineering change addressing: surface finish outside specification,implemented,2026-02-01
EC-04725,QI-04994,Engineering change addressing: dimensional deviation detected during incoming inspection,in_progress,2026-05-21
EC-04726,QI-02002,Engineering change addressing: fastener torque inconsistency observed on assembly line,implemented,2026-05-28
EC-04727,QI-03999,Engineering change addressing: seal leakage detected during pressure test,approved,2026-08-25
EC-04728,QI-09565,Engineering change addressing: intermittent sensor reading failure under load,implemented,2026-08-22
EC-04729,QI-00608,Engineering change addressing: dimensional deviation detected during incoming inspection,approved,2026-01-19
EC-04730,QI-07021,Engineering change addressing: intermittent sensor reading failure under load,approved,2026-05-20
EC-04731,QI-08561,Engineering change addressing: intermittent sensor reading failure under load,proposed,2026-08-23
EC-04732,QI-04907,Engineering change addressing: fastener torque inconsistency observed on assembly line,in_progress,2026-03-18
EC-04733,QI-07689,Engineering change addressing: material hardness below specification,approved,2026-07-18
EC-04734,QI-06423,Engineering change addressing: surface finish outside specification,in_progress,2026-01-20
EC-04735,QI-00438,Engineering change addressing: material hardness below specification,in_progress,2026-02-10
EC-04736,QI-10208,Engineering change addressing: surface finish outside specification,approved,2026-04-05
EC-04737,QI-11041,Engineering change addressing: fastener torque inconsistency observed on assembly line,approved,2026-07-20
EC-04738,QI-07298,Engineering change addressing: material hardness below specification,implemented,2026-05-26
EC-04739,QI-06411,Engineering change addressing: fastener torque inconsistency observed on assembly line,implemented,2026-08-26
EC-04740,QI-10787,Engineering change addressing: dimensional deviation detected during incoming inspection,approved,2026-08-22
EC-04741,QI-02162,Engineering change addressing: material hardness below specification,in_progress,2026-04-10
EC-04742,QI-08997,Engineering change addressing: material hardness below specification,implemented,2026-06-07
EC-04743,QI-07550,Engineering change addressing: dimensional deviation detected during incoming inspection,in_progress,2026-03-19
EC-04744,QI-01101,Engineering change addressing: intermittent sensor reading failure under load,proposed,2026-08-18
EC-04745,QI-09156,Engineering change addressing: fastener torque inconsistency observed on assembly line,in_progress,2026-05-10
EC-04746,QI-04150,Engineering change addressing: surface finish outside specification,in_progress,2026-04-10
EC-04747,QI-00989,Engineering change addressing: intermittent sensor reading failure under load,approved,2026-06-14
EC-04748,QI-10581,Engineering change addressing: dimensional deviation detected during incoming inspection,proposed,2026-02-01
EC-04749,QI-01923,Engineering change addressing: material hardness below specification,in_progress,2026-01-09
EC-04750,QI-07293,Engineering change addressing: surface finish outside specification,proposed,2026-06-17
EC-04751,QI-07043,Engineering change addressing: fastener torque inconsistency observed on assembly line,implemented,2026-07-13
EC-04752,QI-05250,Engineering change addressing: fastener torque inconsistency observed on assembly line,approved,2026-01-25
EC-04753,QI-10510,Engineering change addressing: intermittent sensor reading failure under load,proposed,2026-02-15
EC-04754,QI-06618,Engineering change addressing: material hardness below specification,in_progress,2026-03-09
EC-04755,QI-08096,Engineering change addressing: intermittent sensor reading failure under load,approved,2026-08-23
EC-04756,QI-06007,Engineering change addressing: fastener torque inconsistency observed on assembly line,implemented,2026-07-12
EC-04757,QI-04852,Engineering change addressing: fastener torque inconsistency observed on assembly line,proposed,2026-07-11
EC-04758,QI-05262,Engineering change addressing: surface finish outside specification,implemented,2026-06-20
EC-04759,QI-02094,Engineering change addressing: surface finish outside specification,proposed,2026-04-28
EC-04760,QI-05295,Engineering change addressing: material hardness below specification,in_progress,2026-07-26
EC-04761,QI-02152,Engineering change addressing: dimensional deviation detected during incoming inspection,in_progress,2026-02-12
EC-04762,QI-08925,Engineering change addressing: fastener torque inconsistency observed on assembly line,implemented,2026-04-02
EC-04763,QI-06697,Engineering change addressing: surface finish outside specification,approved,2026-07-05
EC-04764,QI-02076,Engineering change addressing: fastener torque inconsistency observed on assembly line,approved,2026-03-05
EC-04765,QI-10473,Engineering change addressing: fastener torque inconsistency observed on assembly line,in_progress,2026-08-13
EC-04766,QI-10083,Engineering change addressing: intermittent sensor reading failure under load,in_progress,2026-05-13
EC-04767,QI-07921,Engineering change addressing: surface finish outside specification,implemented,2026-02-01
EC-04768,QI-08122,Engineering change addressing: dimensional deviation detected during incoming inspection,proposed,2026-08-25
EC-04769,QI-03648,Engineering change addressing: fastener torque inconsistency observed on assembly line,implemented,2026-05-11
EC-04770,QI-04690,Engineering change addressing: dimensional deviation detected during incoming inspection,implemented,2026-01-17
EC-04771,QI-00749,Engineering change addressing: seal leakage detected during pressure test,proposed,2026-05-03
EC-04772,QI-03049,Engineering change addressing: dimensional deviation detected during incoming inspection,in_progress,2026-04-06
EC-04773,QI-04575,Engineering change addressing: material hardness below specification,proposed,2026-02-01
EC-04774,QI-04985,Engineering change addressing: fastener torque inconsistency observed on assembly line,proposed,2026-02-27
EC-04775,QI-02093,Engineering change addressing: material hardness below specification,proposed,2026-06-09
EC-04776,QI-07444,Engineering change addressing: material hardness below specification,implemented,2026-05-13
EC-04777,QI-05466,Engineering change addressing: dimensional deviation detected during incoming inspection,in_progress,2026-07-28
EC-04778,QI-08008,Engineering change addressing: material hardness below specification,approved,2026-01-27
EC-04779,QI-07861,Engineering change addressing: intermittent sensor reading failure under load,implemented,2026-02-19
EC-04780,QI-02257,Engineering change addressing: intermittent sensor reading failure under load,in_progress,2026-05-13
EC-04781,QI-06162,Engineering change addressing: fastener torque inconsistency observed on assembly line,proposed,2026-08-02
EC-04782,QI-08403,Engineering change addressing: material hardness below specification,implemented,2026-06-14
EC-04783,QI-05899,Engineering change addressing: intermittent sensor reading failure under load,implemented,2026-05-12
EC-04784,QI-06511,Engineering change addressing: dimensional deviation detected during incoming inspection,implemented,2026-02-17
EC-04785,QI-02773,Engineering change addressing: material hardness below specification,in_progress,2026-03-14
EC-04786,QI-04105,Engineering change addressing: intermittent sensor reading failure under load,implemented,2026-04-06
EC-04787,QI-10543,Engineering change addressing: surface finish outside specification,approved,2026-02-14
EC-04788,QI-00785,Engineering change addressing: fastener torque inconsistency observed on assembly line,proposed,2026-06-16
EC-04789,QI-03026,Engineering change addressing: intermittent sensor reading failure under load,in_progress,2026-06-20
EC-04790,QI-03056,Engineering change addressing: surface finish outside specification,approved,2026-01-15
EC-04791,QI-11844,Engineering change addressing: fastener torque inconsistency observed on assembly line,approved,2026-04-24
EC-04792,QI-01020,Engineering change addressing: dimensional deviation detected during incoming inspection,implemented,2026-06-15
EC-04793,QI-02946,Engineering change addressing: fastener torque inconsistency observed on assembly line,proposed,2026-05-03
EC-04794,QI-03552,Engineering change addressing: intermittent sensor reading failure under load,in_progress,2026-04-09
EC-04795,QI-08586,Engineering change addressing: seal leakage detected during pressure test,in_progress,2026-05-16
EC-04796,QI-08241,Engineering change addressing: intermittent sensor reading failure under load,approved,2026-03-01
EC-04797,QI-01697,Engineering change addressing: seal leakage detected during pressure test,implemented,2026-06-09
EC-04798,QI-01439,Engineering change addressing: surface finish outside specification,implemented,2026-07-28
EC-04799,QI-08947,Engineering change addressing: material hardness below specification,in_progress,2026-03-26
EC-04800,QI-01920,Engineering change addressing: intermittent sensor reading failure under load,approved,2026-03-22
EC-04801,QI-07864,Engineering change addressing: material hardness below specification,implemented,2026-03-05
EC-04802,QI-07923,Engineering change addressing: dimensional deviation detected during incoming inspection,approved,2026-07-28
EC-04803,QI-01547,Engineering change addressing: intermittent sensor reading failure under load,approved,2026-07-02
EC-04804,QI-11534,Engineering change addressing: seal leakage detected during pressure test,proposed,2026-02-09
EC-04805,QI-10568,Engineering change addressing: fastener torque inconsistency observed on assembly line,approved,2026-05-22
EC-04806,QI-08808,Engineering change addressing: seal leakage detected during pressure test,approved,2026-05-01
EC-04807,QI-01432,Engineering change addressing: fastener torque inconsistency observed on assembly line,in_progress,2026-08-18
EC-04808,QI-11975,Engineering change addressing: dimensional deviation detected during incoming inspection,proposed,2026-01-12
EC-04809,QI-01788,Engineering change addressing: fastener torque inconsistency observed on assembly line,proposed,2026-08-28
EC-04810,QI-08063,Engineering change addressing: intermittent sensor reading failure under load,in_progress,2026-07-10
EC-04811,QI-08983,Engineering change addressing: surface finish outside specification,implemented,2026-08-10
EC-04812,QI-08400,Engineering change addressing: fastener torque inconsistency observed on assembly line,approved,2026-06-27
EC-04813,QI-07851,Engineering change addressing: material hardness below specification,approved,2026-08-23
EC-04814,QI-00423,Engineering change addressing: intermittent sensor reading failure under load,approved,2026-02-23
EC-04815,QI-07457,Engineering change addressing: intermittent sensor reading failure under load,in_progress,2026-03-17
EC-04816,QI-08609,Engineering change addressing: material hardness below specification,proposed,2026-04-06
EC-04817,QI-05861,Engineering change addressing: dimensional deviation detected during incoming inspection,approved,2026-08-05
EC-04818,QI-08079,Engineering change addressing: fastener torque inconsistency observed on assembly line,proposed,2026-05-14
EC-04819,QI-11630,Engineering change addressing: seal leakage detected during pressure test,approved,2026-04-25
EC-04820,QI-11845,Engineering change addressing: seal leakage detected during pressure test,in_progress,2026-02-22
EC-04821,QI-06883,Engineering change addressing: fastener torque inconsistency observed on assembly line,approved,2026-01-25
EC-04822,QI-05920,Engineering change addressing: seal leakage detected during pressure test,in_progress,2026-06-04
EC-04823,QI-07186,Engineering change addressing: fastener torque inconsistency observed on assembly line,proposed,2026-08-18
EC-04824,QI-00915,Engineering change addressing: material hardness below specification,implemented,2026-08-04
EC-04825,QI-04264,Engineering change addressing: seal leakage detected during pressure test,approved,2026-02-12
EC-04826,QI-09400,Engineering change addressing: material hardness below specification,implemented,2026-06-22
EC-04827,QI-04566,Engineering change addressing: intermittent sensor reading failure under load,proposed,2026-04-15
EC-04828,QI-04482,Engineering change addressing: fastener torque inconsistency observed on assembly line,implemented,2026-04-08
EC-04829,QI-01726,Engineering change addressing: intermittent sensor reading failure under load,approved,2026-02-23
EC-04830,QI-00322,Engineering change addressing: intermittent sensor reading failure under load,proposed,2026-01-21
EC-04831,QI-02258,Engineering change addressing: seal leakage detected during pressure test,proposed,2026-05-12
EC-04832,QI-05062,Engineering change addressing: fastener torque inconsistency observed on assembly line,approved,2026-05-28
EC-04833,QI-11968,Engineering change addressing: material hardness below specification,implemented,2026-03-10
EC-04834,QI-07841,Engineering change addressing: intermittent sensor reading failure under load,proposed,2026-01-17
EC-04835,QI-04344,Engineering change addressing: material hardness below specification,in_progress,2026-03-21
EC-04836,QI-01884,Engineering change addressing: dimensional deviation detected during incoming inspection,proposed,2026-07-21
EC-04837,QI-04527,Engineering change addressing: dimensional deviation detected during incoming inspection,approved,2026-03-09
EC-04838,QI-09747,Engineering change addressing: fastener torque inconsistency observed on assembly line,approved,2026-08-12
EC-04839,QI-05716,Engineering change addressing: dimensional deviation detected during incoming inspection,in_progress,2026-03-07
EC-04840,QI-00704,Engineering change addressing: seal leakage detected during pressure test,implemented,2026-08-01
EC-04841,QI-00601,Engineering change addressing: seal leakage detected during pressure test,in_progress,2026-08-01
EC-04842,QI-05165,Engineering change addressing: material hardness below specification,implemented,2026-07-02
EC-04843,QI-05072,Engineering change addressing: material hardness below specification,approved,2026-04-13
EC-04844,QI-03820,Engineering change addressing: surface finish outside specification,in_progress,2026-02-26
EC-04845,QI-00439,Engineering change addressing: surface finish outside specification,proposed,2026-06-12
EC-04846,QI-10143,Engineering change addressing: seal leakage detected during pressure test,in_progress,2026-08-26
EC-04847,QI-05376,Engineering change addressing: dimensional deviation detected during incoming inspection,implemented,2026-07-13
EC-04848,QI-07026,Engineering change addressing: material hardness below specification,proposed,2026-04-13
EC-04849,QI-07131,Engineering change addressing: surface finish outside specification,in_progress,2026-05-07
EC-04850,QI-09584,Engineering change addressing: fastener torque inconsistency observed on assembly line,implemented,2026-07-03
EC-04851,QI-06059,Engineering change addressing: material hardness below specification,proposed,2026-02-05
EC-04852,QI-07195,Engineering change addressing: dimensional deviation detected during incoming inspection,approved,2026-08-19
EC-04853,QI-11479,Engineering change addressing: fastener torque inconsistency observed on assembly line,in_progress,2026-05-01
EC-04854,QI-01523,Engineering change addressing: material hardness below specification,proposed,2026-08-06
EC-04855,QI-00622,Engineering change addressing: fastener torque inconsistency observed on assembly line,proposed,2026-02-13
EC-04856,QI-01417,Engineering change addressing: intermittent sensor reading failure under load,implemented,2026-08-07
EC-04857,QI-06620,Engineering change addressing: fastener torque inconsistency observed on assembly line,in_progress,2026-01-01
EC-04858,QI-03852,Engineering change addressing: dimensional deviation detected during incoming inspection,proposed,2026-04-23
EC-04859,QI-05659,Engineering change addressing: surface finish outside specification,implemented,2026-04-24
EC-04860,QI-00589,Engineering change addressing: intermittent sensor reading failure under load,proposed,2026-05-27
EC-04861,QI-08994,Engineering change addressing: material hardness below specification,proposed,2026-06-17
EC-04862,QI-01094,Engineering change addressing: intermittent sensor reading failure under load,approved,2026-08-05
EC-04863,QI-01878,Engineering change addressing: intermittent sensor reading failure under load,approved,2026-01-01
EC-04864,QI-11488,Engineering change addressing: material hardness below specification,approved,2026-07-18
EC-04865,QI-04676,Engineering change addressing: surface finish outside specification,proposed,2026-01-18
EC-04866,QI-04410,Engineering change addressing: surface finish outside specification,implemented,2026-03-26
EC-04867,QI-07242,Engineering change addressing: dimensional deviation detected during incoming inspection,approved,2026-08-09
EC-04868,QI-11957,Engineering change addressing: intermittent sensor reading failure under load,in_progress,2026-06-23
EC-04869,QI-11085,Engineering change addressing: dimensional deviation detected during incoming inspection,proposed,2026-07-04
EC-04870,QI-06147,Engineering change addressing: surface finish outside specification,implemented,2026-07-13
EC-04871,QI-02660,Engineering change addressing: material hardness below specification,in_progress,2026-07-14
EC-04872,QI-06500,Engineering change addressing: surface finish outside specification,proposed,2026-03-17
EC-04873,QI-06474,Engineering change addressing: surface finish outside specification,in_progress,2026-06-15
EC-04874,QI-07827,Engineering change addressing: dimensional deviation detected during incoming inspection,approved,2026-06-13
EC-04875,QI-02148,Engineering change addressing: surface finish outside specification,in_progress,2026-02-19
EC-04876,QI-05255,Engineering change addressing: dimensional deviation detected during incoming inspection,approved,2026-03-11
EC-04877,QI-02849,Engineering change addressing: surface finish outside specification,in_progress,2026-01-07
EC-04878,QI-01685,Engineering change addressing: dimensional deviation detected during incoming inspection,in_progress,2026-02-03
EC-04879,QI-08505,Engineering change addressing: material hardness below specification,proposed,2026-05-21
EC-04880,QI-01865,Engineering change addressing: surface finish outside specification,implemented,2026-04-26
EC-04881,QI-05788,Engineering change addressing: surface finish outside specification,proposed,2026-03-05
EC-04882,QI-03979,Engineering change addressing: seal leakage detected during pressure test,proposed,2026-01-26
EC-04883,QI-00167,Engineering change addressing: intermittent sensor reading failure under load,implemented,2026-07-06
EC-04884,QI-08329,Engineering change addressing: seal leakage detected during pressure test,implemented,2026-06-27
EC-04885,QI-08619,Engineering change addressing: material hardness below specification,implemented,2026-01-08
EC-04886,QI-03043,Engineering change addressing: surface finish outside specification,implemented,2026-08-10
EC-04887,QI-04799,Engineering change addressing: surface finish outside specification,approved,2026-03-13
EC-04888,QI-04873,Engineering change addressing: dimensional deviation detected during incoming inspection,implemented,2026-04-05
EC-04889,QI-10663,Engineering change addressing: surface finish outside specification,in_progress,2026-08-09
EC-04890,QI-00235,Engineering change addressing: dimensional deviation detected during incoming inspection,in_progress,2026-06-16
EC-04891,QI-09113,Engineering change addressing: dimensional deviation detected during incoming inspection,proposed,2026-01-15
EC-04892,QI-10286,Engineering change addressing: dimensional deviation detected during incoming inspection,implemented,2026-07-25
EC-04893,QI-08968,Engineering change addressing: surface finish outside specification,in_progress,2026-03-02
EC-04894,QI-11449,Engineering change addressing: dimensional deviation detected during incoming inspection,proposed,2026-05-16
EC-04895,QI-01098,Engineering change addressing: surface finish outside specification,proposed,2026-05-25
EC-04896,QI-00547,Engineering change addressing: surface finish outside specification,implemented,2026-08-19
EC-04897,QI-09686,Engineering change addressing: intermittent sensor reading failure under load,approved,2026-08-15
EC-04898,QI-11710,Engineering change addressing: intermittent sensor reading failure under load,in_progress,2026-06-12
EC-04899,QI-02650,Engineering change addressing: seal leakage detected during pressure test,approved,2026-06-27
EC-04900,QI-11163,Engineering change addressing: intermittent sensor reading failure under load,proposed,2026-05-11
EC-04901,QI-06570,Engineering change addressing: dimensional deviation detected during incoming inspection,proposed,2026-03-09
EC-04902,QI-10998,Engineering change addressing: dimensional deviation detected during incoming inspection,approved,2026-04-11
EC-04903,QI-08758,Engineering change addressing: fastener torque inconsistency observed on assembly line,in_progress,2026-03-12
EC-04904,QI-01969,Engineering change addressing: surface finish outside specification,approved,2026-06-05
EC-04905,QI-10421,Engineering change addressing: material hardness below specification,approved,2026-02-25
EC-04906,QI-11325,Engineering change addressing: intermittent sensor reading failure under load,approved,2026-06-19
EC-04907,QI-04406,Engineering change addressing: surface finish outside specification,proposed,2026-02-11
EC-04908,QI-05889,Engineering change addressing: dimensional deviation detected during incoming inspection,approved,2026-04-02
EC-04909,QI-08297,Engineering change addressing: fastener torque inconsistency observed on assembly line,in_progress,2026-06-22
EC-04910,QI-08648,Engineering change addressing: seal leakage detected during pressure test,approved,2026-05-06
EC-04911,QI-01551,Engineering change addressing: fastener torque inconsistency observed on assembly line,approved,2026-05-16
EC-04912,QI-07427,Engineering change addressing: fastener torque inconsistency observed on assembly line,in_progress,2026-05-20
EC-04913,QI-07682,Engineering change addressing: dimensional deviation detected during incoming inspection,in_progress,2026-02-06
EC-04914,QI-03003,Engineering change addressing: material hardness below specification,approved,2026-08-17
EC-04915,QI-10505,Engineering change addressing: fastener torque inconsistency observed on assembly line,approved,2026-05-03
EC-04916,QI-09439,Engineering change addressing: seal leakage detected during pressure test,implemented,2026-08-07
EC-04917,QI-01090,Engineering change addressing: fastener torque inconsistency observed on assembly line,in_progress,2026-02-13
EC-04918,QI-05871,Engineering change addressing: intermittent sensor reading failure under load,implemented,2026-06-07
EC-04919,QI-10986,Engineering change addressing: intermittent sensor reading failure under load,implemented,2026-02-27
EC-04920,QI-03130,Engineering change addressing: intermittent sensor reading failure under load,approved,2026-08-27
EC-04921,QI-01332,Engineering change addressing: material hardness below specification,proposed,2026-06-18
EC-04922,QI-01530,Engineering change addressing: fastener torque inconsistency observed on assembly line,implemented,2026-07-13
EC-04923,QI-04139,Engineering change addressing: intermittent sensor reading failure under load,in_progress,2026-02-13
EC-04924,QI-01464,Engineering change addressing: dimensional deviation detected during incoming inspection,approved,2026-02-24
EC-04925,QI-10256,Engineering change addressing: surface finish outside specification,approved,2026-07-26
EC-04926,QI-05014,Engineering change addressing: fastener torque inconsistency observed on assembly line,implemented,2026-01-14
EC-04927,QI-00770,Engineering change addressing: material hardness below specification,implemented,2026-01-16
EC-04928,QI-11260,Engineering change addressing: seal leakage detected during pressure test,in_progress,2026-04-08
EC-04929,QI-02216,Engineering change addressing: intermittent sensor reading failure under load,implemented,2026-07-17
EC-04930,QI-07641,Engineering change addressing: intermittent sensor reading failure under load,proposed,2026-02-05
EC-04931,QI-11954,Engineering change addressing: dimensional deviation detected during incoming inspection,in_progress,2026-02-28
EC-04932,QI-05961,Engineering change addressing: surface finish outside specification,approved,2026-02-16
EC-04933,QI-11568,Engineering change addressing: intermittent sensor reading failure under load,implemented,2026-03-09
EC-04934,QI-11799,Engineering change addressing: material hardness below specification,in_progress,2026-03-19
EC-04935,QI-03861,Engineering change addressing: material hardness below specification,in_progress,2026-08-21
EC-04936,QI-00682,Engineering change addressing: material hardness below specification,implemented,2026-01-08
EC-04937,QI-08623,Engineering change addressing: surface finish outside specification,approved,2026-02-12
EC-04938,QI-10489,Engineering change addressing: surface finish outside specification,proposed,2026-04-21
EC-04939,QI-04533,Engineering change addressing: seal leakage detected during pressure test,in_progress,2026-04-28
EC-04940,QI-02707,Engineering change addressing: fastener torque inconsistency observed on assembly line,in_progress,2026-07-28
EC-04941,QI-05872,Engineering change addressing: fastener torque inconsistency observed on assembly line,implemented,2026-01-25
EC-04942,QI-09523,Engineering change addressing: dimensional deviation detected during incoming inspection,in_progress,2026-08-08
EC-04943,QI-09873,Engineering change addressing: seal leakage detected during pressure test,in_progress,2026-01-27
EC-04944,QI-11316,Engineering change addressing: fastener torque inconsistency observed on assembly line,proposed,2026-02-11
EC-04945,QI-09849,Engineering change addressing: intermittent sensor reading failure under load,proposed,2026-03-22
EC-04946,QI-03563,Engineering change addressing: dimensional deviation detected during incoming inspection,in_progress,2026-05-16
EC-04947,QI-01496,Engineering change addressing: fastener torque inconsistency observed on assembly line,proposed,2026-01-25
EC-04948,QI-02088,Engineering change addressing: seal leakage detected during pressure test,approved,2026-01-13
EC-04949,QI-03408,Engineering change addressing: intermittent sensor reading failure under load,in_progress,2026-07-18
EC-04950,QI-04185,Engineering change addressing: seal leakage detected during pressure test,in_progress,2026-01-04
EC-04951,QI-09255,Engineering change addressing: material hardness below specification,in_progress,2026-07-13
EC-04952,QI-06702,Engineering change addressing: intermittent sensor reading failure under load,in_progress,2026-04-08
EC-04953,QI-08786,Engineering change addressing: material hardness below specification,implemented,2026-07-11
EC-04954,QI-09877,Engineering change addressing: surface finish outside specification,approved,2026-02-07
EC-04955,QI-06034,Engineering change addressing: material hardness below specification,implemented,2026-02-03
EC-04956,QI-07425,Engineering change addressing: surface finish outside specification,implemented,2026-05-28
EC-04957,QI-04217,Engineering change addressing: surface finish outside specification,in_progress,2026-01-22
EC-04958,QI-04285,Engineering change addressing: dimensional deviation detected during incoming inspection,implemented,2026-07-09
EC-04959,QI-00031,Engineering change addressing: intermittent sensor reading failure under load,approved,2026-01-01
EC-04960,QI-03503,Engineering change addressing: intermittent sensor reading failure under load,approved,2026-07-07
EC-04961,QI-07220,Engineering change addressing: dimensional deviation detected during incoming inspection,in_progress,2026-05-09
EC-04962,QI-04742,Engineering change addressing: surface finish outside specification,proposed,2026-05-17
EC-04963,QI-07367,Engineering change addressing: intermittent sensor reading failure under load,proposed,2026-03-07
EC-04964,QI-10683,Engineering change addressing: material hardness below specification,in_progress,2026-05-11
EC-04965,QI-02625,Engineering change addressing: material hardness below specification,approved,2026-03-25
EC-04966,QI-09411,Engineering change addressing: intermittent sensor reading failure under load,proposed,2026-04-13
EC-04967,QI-09679,Engineering change addressing: intermittent sensor reading failure under load,approved,2026-04-11
EC-04968,QI-10722,Engineering change addressing: intermittent sensor reading failure under load,approved,2026-02-20
EC-04969,QI-07997,Engineering change addressing: intermittent sensor reading failure under load,approved,2026-05-25
EC-04970,QI-05195,Engineering change addressing: surface finish outside specification,proposed,2026-02-15
EC-04971,QI-05754,Engineering change addressing: fastener torque inconsistency observed on assembly line,implemented,2026-06-02
EC-04972,QI-11744,Engineering change addressing: fastener torque inconsistency observed on assembly line,proposed,2026-03-09
EC-04973,QI-03749,Engineering change addressing: seal leakage detected during pressure test,proposed,2026-03-08
EC-04974,QI-11477,Engineering change addressing: seal leakage detected during pressure test,approved,2026-06-28
EC-04975,QI-06026,Engineering change addressing: material hardness below specification,proposed,2026-05-23
EC-04976,QI-02590,Engineering change addressing: intermittent sensor reading failure under load,approved,2026-07-25
EC-04977,QI-09438,Engineering change addressing: material hardness below specification,approved,2026-01-12
EC-04978,QI-10806,Engineering change addressing: dimensional deviation detected during incoming inspection,proposed,2026-02-26
EC-04979,QI-10000,Engineering change addressing: surface finish outside specification,implemented,2026-02-25
EC-04980,QI-02951,Engineering change addressing: seal leakage detected during pressure test,approved,2026-08-25
EC-04981,QI-02288,Engineering change addressing: dimensional deviation detected during incoming inspection,implemented,2026-01-07
EC-04982,QI-07793,Engineering change addressing: material hardness below specification,implemented,2026-06-17
EC-04983,QI-08365,Engineering change addressing: seal leakage detected during pressure test,proposed,2026-06-25
EC-04984,QI-06912,Engineering change addressing: intermittent sensor reading failure under load,approved,2026-07-11
EC-04985,QI-03419,Engineering change addressing: dimensional deviation detected during incoming inspection,approved,2026-08-12
EC-04986,QI-04248,Engineering change addressing: seal leakage detected during pressure test,proposed,2026-05-21
EC-04987,QI-03289,Engineering change addressing: dimensional deviation detected during incoming inspection,in_progress,2026-03-22
EC-04988,QI-07151,Engineering change addressing: seal leakage detected during pressure test,in_progress,2026-08-22
EC-04989,QI-04560,Engineering change addressing: fastener torque inconsistency observed on assembly line,in_progress,2026-06-05
EC-04990,QI-02925,Engineering change addressing: material hardness below specification,in_progress,2026-06-25
EC-04991,QI-07621,Engineering change addressing: seal leakage detected during pressure test,proposed,2026-01-11
EC-04992,QI-07110,Engineering change addressing: surface finish outside specification,approved,2026-08-01
EC-04993,QI-05808,Engineering change addressing: surface finish outside specification,implemented,2026-08-19
EC-04994,QI-04848,Engineering change addressing: fastener torque inconsistency observed on assembly line,proposed,2026-03-03
EC-04995,QI-07655,Engineering change addressing: surface finish outside specification,proposed,2026-02-16
EC-04996,QI-05594,Engineering change addressing: intermittent sensor reading failure under load,approved,2026-03-03
EC-04997,QI-04599,Engineering change addressing: seal leakage detected during pressure test,approved,2026-04-06
EC-04998,QI-10944,Engineering change addressing: surface finish outside specification,approved,2026-06-03
EC-04999,QI-00821,Engineering change addressing: material hardness below specification,in_progress,2026-08-03
EC-05000,QI-09203,Engineering change addressing: material hardness below specification,in_progress,2026-06-22
