part_id,name,supplier_id,used_in_line_ids
PART-00001,Bushing 1,SUP-0570,"[""LINE-FAC-011-8"", ""LINE-FAC-018-6""]"
PART-00002,Wiring Harness 2,SUP-0206,"[""LINE-FAC-030-1"", ""LINE-FAC-030-4"", ""LINE-FAC-039-5""]"
PART-00003,Valve Body 3,SUP-0714,"[""LINE-FAC-022-1""]"
PART-00004,Bearing Assembly 4,SUP-0196,"[""LINE-FAC-032-8"", ""LINE-FAC-029-7"", ""LINE-FAC-011-3""]"
PART-00005,Housing 5,SUP-0402,"[""LINE-FAC-005-3"", ""LINE-FAC-029-4"", ""LINE-FAC-035-2""]"
PART-00006,Coupling 6,SUP-0073,"[""LINE-FAC-027-6""]"
PART-00007,Gasket 7,SUP-0203,"[""LINE-FAC-002-4"", ""LINE-FAC-039-8""]"
PART-00008,Wiring Harness 8,SUP-0035,"[""LINE-FAC-010-7"", ""LINE-FAC-002-4""]"
PART-00009,Bearing Assembly 9,SUP-0138,"[""LINE-FAC-002-3""]"
PART-00010,Coupling 10,SUP-0850,"[""LINE-FAC-005-1""]"
PART-00011,Bracket 11,SUP-0873,"[""LINE-FAC-028-3"", ""LINE-FAC-024-1""]"
PART-00012,Actuator 12,SUP-0431,"[""LINE-FAC-026-3"", ""LINE-FAC-025-4""]"
PART-00013,Wiring Harness 13,SUP-0840,"[""LINE-FAC-024-4"", ""LINE-FAC-006-3""]"
PART-00014,Wiring Harness 14,SUP-0307,"[""LINE-FAC-020-5""]"
PART-00015,Wiring Harness 15,SUP-0096,"[""LINE-FAC-001-1"", ""LINE-FAC-035-4""]"
PART-00016,Sensor Module 16,SUP-0694,"[""LINE-FAC-013-2"", ""LINE-FAC-025-5""]"
PART-00017,Housing 17,SUP-0440,"[""LINE-FAC-034-4"", ""LINE-FAC-011-7""]"
PART-00018,Coupling 18,SUP-0689,"[""LINE-FAC-002-5"", ""LINE-FAC-032-6""]"
PART-00019,Bracket 19,SUP-0169,"[""LINE-FAC-006-8"", ""LINE-FAC-037-3"", ""LINE-FAC-002-4""]"
PART-00020,Sensor Module 20,SUP-0464,"[""LINE-FAC-015-8"", ""LINE-FAC-002-4"", ""LINE-FAC-039-8""]"
PART-00021,Bushing 21,SUP-0168,"[""LINE-FAC-027-3""]"
PART-00022,Valve Body 22,SUP-0526,"[""LINE-FAC-017-8"", ""LINE-FAC-030-3"", ""LINE-FAC-036-6""]"
PART-00023,Wiring Harness 23,SUP-0727,"[""LINE-FAC-024-8"", ""LINE-FAC-039-8"", ""LINE-FAC-028-4""]"
PART-00024,Housing 24,SUP-0926,"[""LINE-FAC-033-5"", ""LINE-FAC-004-5"", ""LINE-FAC-016-5""]"
PART-00025,Bushing 25,SUP-0804,"[""LINE-FAC-006-5"", ""LINE-FAC-020-8""]"
PART-00026,Actuator 26,SUP-0374,"[""LINE-FAC-009-2"", ""LINE-FAC-031-8"", ""LINE-FAC-018-2""]"
PART-00027,Sensor Module 27,SUP-0927,"[""LINE-FAC-023-7"", ""LINE-FAC-006-2"", ""LINE-FAC-010-8""]"
PART-00028,Valve Body 28,SUP-0663,"[""LINE-FAC-021-5"", ""LINE-FAC-009-7""]"
PART-00029,Coupling 29,SUP-0088,"[""LINE-FAC-019-4""]"
PART-00030,Bracket 30,SUP-0037,"[""LINE-FAC-016-5"", ""LINE-FAC-030-7"", ""LINE-FAC-033-5""]"
PART-00031,Sensor Module 31,SUP-0280,"[""LINE-FAC-001-2"", ""LINE-FAC-026-8""]"
PART-00032,Housing 32,SUP-0022,"[""LINE-FAC-032-4"", ""LINE-FAC-039-1"", ""LINE-FAC-032-8""]"
PART-00033,Actuator 33,SUP-0772,"[""LINE-FAC-011-7"", ""LINE-FAC-009-7""]"
PART-00034,Valve Body 34,SUP-0983,"[""LINE-FAC-017-2"", ""LINE-FAC-014-2""]"
PART-00035,Bracket 35,SUP-0454,"[""LINE-FAC-019-6"", ""LINE-FAC-017-7"", ""LINE-FAC-001-1""]"
PART-00036,Sensor Module 36,SUP-0816,"[""LINE-FAC-039-3""]"
PART-00037,Sensor Module 37,SUP-0678,"[""LINE-FAC-013-3"", ""LINE-FAC-031-5"", ""LINE-FAC-020-3""]"
PART-00038,Bracket 38,SUP-0697,"[""LINE-FAC-028-2""]"
PART-00039,Bearing Assembly 39,SUP-0854,"[""LINE-FAC-040-3"", ""LINE-FAC-014-1"", ""LINE-FAC-023-7""]"
PART-00040,Coupling 40,SUP-0085,"[""LINE-FAC-005-3""]"
PART-00041,Housing 41,SUP-0436,"[""LINE-FAC-009-2""]"
PART-00042,Actuator 42,SUP-0477,"[""LINE-FAC-023-4"", ""LINE-FAC-003-5"", ""LINE-FAC-014-3""]"
PART-00043,Bearing Assembly 43,SUP-0729,"[""LINE-FAC-020-1""]"
PART-00044,Actuator 44,SUP-0018,"[""LINE-FAC-016-5""]"
PART-00045,Housing 45,SUP-0981,"[""LINE-FAC-021-6"", ""LINE-FAC-024-6""]"
PART-00046,Housing 46,SUP-0589,"[""LINE-FAC-033-8"", ""LINE-FAC-016-2""]"
PART-00047,Sensor Module 47,SUP-0892,"[""LINE-FAC-040-5"", ""LINE-FAC-033-1"", ""LINE-FAC-038-7""]"
PART-00048,Valve Body 48,SUP-0265,"[""LINE-FAC-013-5"", ""LINE-FAC-001-1""]"
PART-00049,Bushing 49,SUP-0254,"[""LINE-FAC-027-5"", ""LINE-FAC-008-1"", ""LINE-FAC-028-5""]"
PART-00050,Actuator 50,SUP-0781,"[""LINE-FAC-026-3"", ""LINE-FAC-010-3"", ""LINE-FAC-025-1""]"
PART-00051,Bushing 51,SUP-0220,"[""LINE-FAC-013-5"", ""LINE-FAC-026-4""]"
PART-00052,Valve Body 52,SUP-0867,"[""LINE-FAC-006-4"", ""LINE-FAC-036-7"", ""LINE-FAC-017-8""]"
PART-00053,Wiring Harness 53,SUP-0094,"[""LINE-FAC-028-2"", ""LINE-FAC-017-1""]"
PART-00054,Wiring Harness 54,SUP-0233,"[""LINE-FAC-013-5"", ""LINE-FAC-013-1""]"
PART-00055,Actuator 55,SUP-0577,"[""LINE-FAC-034-7"", ""LINE-FAC-005-2""]"
PART-00056,Valve Body 56,SUP-0797,"[""LINE-FAC-009-3"", ""LINE-FAC-022-8""]"
PART-00057,Sensor Module 57,SUP-0341,"[""LINE-FAC-033-3""]"
PART-00058,Bushing 58,SUP-0759,"[""LINE-FAC-008-7"", ""LINE-FAC-006-5"", ""LINE-FAC-015-4""]"
PART-00059,Valve Body 59,SUP-0998,"[""LINE-FAC-011-3"", ""LINE-FAC-001-8"", ""LINE-FAC-013-3""]"
PART-00060,Gasket 60,SUP-0699,"[""LINE-FAC-014-4""]"
PART-00061,Coupling 61,SUP-0407,"[""LINE-FAC-024-1""]"
PART-00062,Bracket 62,SUP-0784,"[""LINE-FAC-012-5"", ""LINE-FAC-030-7""]"
PART-00063,Wiring Harness 63,SUP-0577,"[""LINE-FAC-007-3"", ""LINE-FAC-010-4"", ""LINE-FAC-013-6""]"
PART-00064,Actuator 64,SUP-0582,"[""LINE-FAC-023-1"", ""LINE-FAC-005-5""]"
PART-00065,Bushing 65,SUP-0618,"[""LINE-FAC-020-3"", ""LINE-FAC-019-6""]"
PART-00066,Wiring Harness 66,SUP-0579,"[""LINE-FAC-025-5"", ""LINE-FAC-028-8""]"
PART-00067,Bushing 67,SUP-0026,"[""LINE-FAC-011-4"", ""LINE-FAC-033-3""]"
PART-00068,Coupling 68,SUP-0051,"[""LINE-FAC-017-8"", ""LINE-FAC-033-8""]"
PART-00069,Bearing Assembly 69,SUP-0406,"[""LINE-FAC-025-4"", ""LINE-FAC-001-3""]"
PART-00070,Housing 70,SUP-0131,"[""LINE-FAC-022-4"", ""LINE-FAC-005-3""]"
PART-00071,Bushing 71,SUP-0628,"[""LINE-FAC-037-1"", ""LINE-FAC-029-4""]"
PART-00072,Bracket 72,SUP-0914,"[""LINE-FAC-024-8"", ""LINE-FAC-023-5"", ""LINE-FAC-029-3""]"
PART-00073,Wiring Harness 73,SUP-0429,"[""LINE-FAC-038-2""]"
PART-00074,Sensor Module 74,SUP-0892,"[""LINE-FAC-029-7"", ""LINE-FAC-035-2""]"
PART-00075,Bearing Assembly 75,SUP-0787,"[""LINE-FAC-024-1""]"
PART-00076,Wiring Harness 76,SUP-0775,"[""LINE-FAC-004-2""]"
PART-00077,Coupling 77,SUP-0693,"[""LINE-FAC-001-3"", ""LINE-FAC-040-3""]"
PART-00078,Bearing Assembly 78,SUP-0730,"[""LINE-FAC-018-4"", ""LINE-FAC-014-4"", ""LINE-FAC-021-8""]"
PART-00079,Actuator 79,SUP-0817,"[""LINE-FAC-002-2"", ""LINE-FAC-034-2""]"
PART-00080,Sensor Module 80,SUP-0418,"[""LINE-FAC-020-8""]"
PART-00081,Bearing Assembly 81,SUP-0054,"[""LINE-FAC-009-1"", ""LINE-FAC-032-6"", ""LINE-FAC-008-4""]"
PART-00082,Wiring Harness 82,SUP-0789,"[""LINE-FAC-034-8"", ""LINE-FAC-023-5""]"
PART-00083,Gasket 83,SUP-0249,"[""LINE-FAC-038-4""]"
PART-00084,Housing 84,SUP-0319,"[""LINE-FAC-006-2""]"
PART-00085,Bracket 85,SUP-0836,"[""LINE-FAC-001-3""]"
PART-00086,Sensor Module 86,SUP-0496,"[""LINE-FAC-008-1"", ""LINE-FAC-021-5""]"
PART-00087,Gasket 87,SUP-0629,"[""LINE-FAC-015-1"", ""LINE-FAC-022-3"", ""LINE-FAC-022-7""]"
PART-00088,Valve Body 88,SUP-0978,"[""LINE-FAC-031-7"", ""LINE-FAC-025-7""]"
PART-00089,Coupling 89,SUP-0186,"[""LINE-FAC-023-3"", ""LINE-FAC-007-7"", ""LINE-FAC-013-7""]"
PART-00090,Valve Body 90,SUP-0807,"[""LINE-FAC-040-7"", ""LINE-FAC-028-2""]"
PART-00091,Bearing Assembly 91,SUP-0289,"[""LINE-FAC-036-3"", ""LINE-FAC-016-4""]"
PART-00092,Gasket 92,SUP-0596,"[""LINE-FAC-020-8""]"
PART-00093,Valve Body 93,SUP-0242,"[""LINE-FAC-007-4"", ""LINE-FAC-020-5"", ""LINE-FAC-016-4""]"
PART-00094,Coupling 94,SUP-0870,"[""LINE-FAC-037-4"", ""LINE-FAC-031-3"", ""LINE-FAC-023-8""]"
PART-00095,Housing 95,SUP-0754,"[""LINE-FAC-031-2""]"
PART-00096,Bearing Assembly 96,SUP-0588,"[""LINE-FAC-019-2"", ""LINE-FAC-036-4"", ""LINE-FAC-007-7""]"
PART-00097,Bushing 97,SUP-0446,"[""LINE-FAC-030-8""]"
PART-00098,Housing 98,SUP-0046,"[""LINE-FAC-024-6"", ""LINE-FAC-011-5"", ""LINE-FAC-022-4""]"
PART-00099,Bearing Assembly 99,SUP-0331,"[""LINE-FAC-005-1""]"
PART-00100,Bracket 100,SUP-0534,"[""LINE-FAC-024-2"", ""LINE-FAC-006-4"", ""LINE-FAC-012-5""]"
PART-00101,Housing 101,SUP-0003,"[""LINE-FAC-030-2""]"
PART-00102,Bracket 102,SUP-0370,"[""LINE-FAC-014-4"", ""LINE-FAC-025-3"", ""LINE-FAC-001-2""]"
PART-00103,Valve Body 103,SUP-0447,"[""LINE-FAC-034-6"", ""LINE-FAC-013-2"", ""LINE-FAC-025-8""]"
PART-00104,Actuator 104,SUP-0985,"[""LINE-FAC-001-2"", ""LINE-FAC-019-8""]"
PART-00105,Gasket 105,SUP-0734,"[""LINE-FAC-025-5"", ""LINE-FAC-033-7"", ""LINE-FAC-033-6""]"
PART-00106,Coupling 106,SUP-0677,"[""LINE-FAC-036-7""]"
PART-00107,Actuator 107,SUP-0514,"[""LINE-FAC-021-8"", ""LINE-FAC-009-6""]"
PART-00108,Coupling 108,SUP-0074,"[""LINE-FAC-029-8"", ""LINE-FAC-020-6"", ""LINE-FAC-038-2""]"
PART-00109,Bearing Assembly 109,SUP-0301,"[""LINE-FAC-019-6"", ""LINE-FAC-029-5""]"
PART-00110,Coupling 110,SUP-0416,"[""LINE-FAC-031-7""]"
PART-00111,Bearing Assembly 111,SUP-0328,"[""LINE-FAC-012-8""]"
PART-00112,Valve Body 112,SUP-0233,"[""LINE-FAC-029-1""]"
PART-00113,Bushing 113,SUP-0936,"[""LINE-FAC-019-3""]"
PART-00114,Bushing 114,SUP-0754,"[""LINE-FAC-017-2"", ""LINE-FAC-001-6""]"
PART-00115,Gasket 115,SUP-0797,"[""LINE-FAC-021-6"", ""LINE-FAC-014-8""]"
PART-00116,Actuator 116,SUP-0774,"[""LINE-FAC-016-8""]"
PART-00117,Actuator 117,SUP-0469,"[""LINE-FAC-023-7"", ""LINE-FAC-031-6"", ""LINE-FAC-009-1""]"
PART-00118,Bearing Assembly 118,SUP-0518,"[""LINE-FAC-003-8"", ""LINE-FAC-036-1"", ""LINE-FAC-031-7""]"
PART-00119,Coupling 119,SUP-0738,"[""LINE-FAC-025-7""]"
PART-00120,Housing 120,SUP-0966,"[""LINE-FAC-036-4""]"
PART-00121,Valve Body 121,SUP-0303,"[""LINE-FAC-005-5"", ""LINE-FAC-017-1""]"
PART-00122,Coupling 122,SUP-0219,"[""LINE-FAC-039-4"", ""LINE-FAC-009-4""]"
PART-00123,Wiring Harness 123,SUP-0841,"[""LINE-FAC-030-4""]"
PART-00124,Housing 124,SUP-0939,"[""LINE-FAC-017-6""]"
PART-00125,Gasket 125,SUP-0920,"[""LINE-FAC-013-1""]"
PART-00126,Sensor Module 126,SUP-0110,"[""LINE-FAC-028-2"", ""LINE-FAC-004-4""]"
PART-00127,Sensor Module 127,SUP-0154,"[""LINE-FAC-026-3"", ""LINE-FAC-033-6""]"
PART-00128,Valve Body 128,SUP-0214,"[""LINE-FAC-012-1""]"
PART-00129,Wiring Harness 129,SUP-0388,"[""LINE-FAC-037-6"", ""LINE-FAC-040-6""]"
PART-00130,Actuator 130,SUP-0378,"[""LINE-FAC-028-7"", ""LINE-FAC-024-6""]"
PART-00131,Actuator 131,SUP-0072,"[""LINE-FAC-014-2"", ""LINE-FAC-012-5""]"
PART-00132,Wiring Harness 132,SUP-0119,"[""LINE-FAC-009-3"", ""LINE-FAC-022-5"", ""LINE-FAC-014-6""]"
PART-00133,Wiring Harness 133,SUP-0560,"[""LINE-FAC-039-4""]"
PART-00134,Housing 134,SUP-0840,"[""LINE-FAC-002-1""]"
PART-00135,Bushing 135,SUP-0325,"[""LINE-FAC-028-1""]"
PART-00136,Bracket 136,SUP-0831,"[""LINE-FAC-005-6""]"
PART-00137,Coupling 137,SUP-0852,"[""LINE-FAC-038-5"", ""LINE-FAC-009-5"", ""LINE-FAC-001-5""]"
PART-00138,Bracket 138,SUP-0621,"[""LINE-FAC-024-6"", ""LINE-FAC-038-2""]"
PART-00139,Valve Body 139,SUP-0374,"[""LINE-FAC-002-7"", ""LINE-FAC-011-5"", ""LINE-FAC-005-2""]"
PART-00140,Bearing Assembly 140,SUP-0915,"[""LINE-FAC-031-3"", ""LINE-FAC-008-4""]"
PART-00141,Actuator 141,SUP-0825,"[""LINE-FAC-027-1"", ""LINE-FAC-019-7""]"
PART-00142,Gasket 142,SUP-0830,"[""LINE-FAC-040-3""]"
PART-00143,Valve Body 143,SUP-0116,"[""LINE-FAC-008-8""]"
PART-00144,Wiring Harness 144,SUP-0216,"[""LINE-FAC-021-2"", ""LINE-FAC-006-7""]"
PART-00145,Bushing 145,SUP-0019,"[""LINE-FAC-022-5"", ""LINE-FAC-025-6""]"
PART-00146,Bushing 146,SUP-0223,"[""LINE-FAC-038-2"", ""LINE-FAC-004-4"", ""LINE-FAC-014-3""]"
PART-00147,Bracket 147,SUP-0107,"[""LINE-FAC-015-3"", ""LINE-FAC-023-3""]"
PART-00148,Gasket 148,SUP-0225,"[""LINE-FAC-002-6""]"
PART-00149,Bearing Assembly 149,SUP-0070,"[""LINE-FAC-005-8"", ""LINE-FAC-024-4""]"
PART-00150,Gasket 150,SUP-0768,"[""LINE-FAC-008-4"", ""LINE-FAC-039-1"", ""LINE-FAC-026-1""]"
PART-00151,Sensor Module 151,SUP-0920,"[""LINE-FAC-008-1""]"
PART-00152,Sensor Module 152,SUP-0951,"[""LINE-FAC-034-6""]"
PART-00153,Actuator 153,SUP-0677,"[""LINE-FAC-009-7"", ""LINE-FAC-005-2""]"
PART-00154,Coupling 154,SUP-0472,"[""LINE-FAC-035-5""]"
PART-00155,Housing 155,SUP-0737,"[""LINE-FAC-037-7"", ""LINE-FAC-023-7""]"
PART-00156,Bushing 156,SUP-0644,"[""LINE-FAC-013-8"", ""LINE-FAC-037-1""]"
PART-00157,Wiring Harness 157,SUP-0126,"[""LINE-FAC-021-5"", ""LINE-FAC-031-5""]"
PART-00158,Wiring Harness 158,SUP-0072,"[""LINE-FAC-007-1"", ""LINE-FAC-015-7"", ""LINE-FAC-027-6""]"
PART-00159,Bearing Assembly 159,SUP-0353,"[""LINE-FAC-016-8"", ""LINE-FAC-018-6""]"
PART-00160,Wiring Harness 160,SUP-0566,"[""LINE-FAC-007-6"", ""LINE-FAC-036-5"", ""LINE-FAC-015-4""]"
PART-00161,Actuator 161,SUP-0784,"[""LINE-FAC-037-7"", ""LINE-FAC-030-4""]"
PART-00162,Wiring Harness 162,SUP-0669,"[""LINE-FAC-026-1""]"
PART-00163,Bushing 163,SUP-0588,"[""LINE-FAC-034-1"", ""LINE-FAC-023-5"", ""LINE-FAC-032-5""]"
PART-00164,Coupling 164,SUP-0406,"[""LINE-FAC-010-2"", ""LINE-FAC-009-6""]"
PART-00165,Housing 165,SUP-0969,"[""LINE-FAC-024-1"", ""LINE-FAC-028-5""]"
PART-00166,Bearing Assembly 166,SUP-0677,"[""LINE-FAC-008-2"", ""LINE-FAC-011-6""]"
PART-00167,Bracket 167,SUP-0390,"[""LINE-FAC-011-8"", ""LINE-FAC-015-5"", ""LINE-FAC-012-4""]"
PART-00168,Valve Body 168,SUP-0353,"[""LINE-FAC-008-1"", ""LINE-FAC-029-5"", ""LINE-FAC-011-6""]"
PART-00169,Actuator 169,SUP-0182,"[""LINE-FAC-002-5"", ""LINE-FAC-022-8""]"
PART-00170,Wiring Harness 170,SUP-0153,"[""LINE-FAC-032-1"", ""LINE-FAC-014-3"", ""LINE-FAC-010-3""]"
PART-00171,Bracket 171,SUP-0162,"[""LINE-FAC-038-8"", ""LINE-FAC-022-4"", ""LINE-FAC-020-4""]"
PART-00172,Valve Body 172,SUP-0428,"[""LINE-FAC-004-1"", ""LINE-FAC-027-6""]"
PART-00173,Bearing Assembly 173,SUP-0408,"[""LINE-FAC-009-1"", ""LINE-FAC-040-3""]"
PART-00174,Sensor Module 174,SUP-0412,"[""LINE-FAC-032-6"", ""LINE-FAC-021-2""]"
PART-00175,Bracket 175,SUP-0602,"[""LINE-FAC-028-5"", ""LINE-FAC-028-2""]"
PART-00176,Sensor Module 176,SUP-0443,"[""LINE-FAC-001-4""]"
PART-00177,Bushing 177,SUP-0279,"[""LINE-FAC-034-2"", ""LINE-FAC-030-5""]"
PART-00178,Wiring Harness 178,SUP-0304,"[""LINE-FAC-002-6"", ""LINE-FAC-028-4"", ""LINE-FAC-020-3""]"
PART-00179,Bracket 179,SUP-0081,"[""LINE-FAC-005-2"", ""LINE-FAC-006-2"", ""LINE-FAC-018-8""]"
PART-00180,Gasket 180,SUP-0326,"[""LINE-FAC-024-1"", ""LINE-FAC-018-4""]"
PART-00181,Coupling 181,SUP-0120,"[""LINE-FAC-006-8"", ""LINE-FAC-002-1""]"
PART-00182,Actuator 182,SUP-0402,"[""LINE-FAC-031-1"", ""LINE-FAC-025-8"", ""LINE-FAC-019-3""]"
PART-00183,Housing 183,SUP-0339,"[""LINE-FAC-028-7"", ""LINE-FAC-029-1"", ""LINE-FAC-014-6""]"
PART-00184,Bushing 184,SUP-0239,"[""LINE-FAC-030-4"", ""LINE-FAC-009-1"", ""LINE-FAC-003-7""]"
PART-00185,Bracket 185,SUP-0775,"[""LINE-FAC-008-3"", ""LINE-FAC-021-3"", ""LINE-FAC-024-3""]"
PART-00186,Actuator 186,SUP-0928,"[""LINE-FAC-018-7"", ""LINE-FAC-036-7""]"
PART-00187,Bearing Assembly 187,SUP-0176,"[""LINE-FAC-027-7"", ""LINE-FAC-037-4""]"
PART-00188,Bushing 188,SUP-0490,"[""LINE-FAC-030-2"", ""LINE-FAC-023-7"", ""LINE-FAC-014-6""]"
PART-00189,Actuator 189,SUP-0663,"[""LINE-FAC-022-8""]"
PART-00190,Housing 190,SUP-0769,"[""LINE-FAC-016-5"", ""LINE-FAC-026-3"", ""LINE-FAC-008-3""]"
PART-00191,Actuator 191,SUP-0895,"[""LINE-FAC-038-2"", ""LINE-FAC-021-6""]"
PART-00192,Coupling 192,SUP-0827,"[""LINE-FAC-015-1"", ""LINE-FAC-004-2""]"
PART-00193,Actuator 193,SUP-0574,"[""LINE-FAC-032-3"", ""LINE-FAC-010-8"", ""LINE-FAC-011-2""]"
PART-00194,Bracket 194,SUP-0186,"[""LINE-FAC-001-7"", ""LINE-FAC-002-2""]"
PART-00195,Valve Body 195,SUP-0866,"[""LINE-FAC-040-2"", ""LINE-FAC-032-5""]"
PART-00196,Bushing 196,SUP-0703,"[""LINE-FAC-019-2""]"
PART-00197,Valve Body 197,SUP-0687,"[""LINE-FAC-020-2"", ""LINE-FAC-019-6""]"
PART-00198,Actuator 198,SUP-0037,"[""LINE-FAC-037-7"", ""LINE-FAC-002-2""]"
PART-00199,Actuator 199,SUP-0281,"[""LINE-FAC-017-1"", ""LINE-FAC-031-1""]"
PART-00200,Gasket 200,SUP-0076,"[""LINE-FAC-011-4"", ""LINE-FAC-006-4""]"
PART-00201,Gasket 201,SUP-1000,"[""LINE-FAC-016-2"", ""LINE-FAC-016-1""]"
PART-00202,Wiring Harness 202,SUP-0436,"[""LINE-FAC-026-5"", ""LINE-FAC-024-5""]"
PART-00203,Bushing 203,SUP-0981,"[""LINE-FAC-002-2""]"
PART-00204,Gasket 204,SUP-0048,"[""LINE-FAC-017-4"", ""LINE-FAC-005-4"", ""LINE-FAC-014-8""]"
PART-00205,Valve Body 205,SUP-0293,"[""LINE-FAC-001-6"", ""LINE-FAC-019-4"", ""LINE-FAC-016-2""]"
PART-00206,Valve Body 206,SUP-0274,"[""LINE-FAC-036-6"", ""LINE-FAC-035-7""]"
PART-00207,Actuator 207,SUP-0078,"[""LINE-FAC-036-3"", ""LINE-FAC-024-6"", ""LINE-FAC-035-1""]"
PART-00208,Sensor Module 208,SUP-0976,"[""LINE-FAC-037-3"", ""LINE-FAC-014-7""]"
PART-00209,Valve Body 209,SUP-0839,"[""LINE-FAC-005-1"", ""LINE-FAC-017-1""]"
PART-00210,Valve Body 210,SUP-0018,"[""LINE-FAC-021-3"", ""LINE-FAC-040-1"", ""LINE-FAC-019-1""]"
PART-00211,Bearing Assembly 211,SUP-0169,"[""LINE-FAC-008-2"", ""LINE-FAC-005-5"", ""LINE-FAC-015-8""]"
PART-00212,Gasket 212,SUP-0149,"[""LINE-FAC-016-4""]"
PART-00213,Housing 213,SUP-0531,"[""LINE-FAC-040-4""]"
PART-00214,Wiring Harness 214,SUP-0291,"[""LINE-FAC-028-5"", ""LINE-FAC-030-7""]"
PART-00215,Bushing 215,SUP-0579,"[""LINE-FAC-017-3"", ""LINE-FAC-023-8"", ""LINE-FAC-018-6""]"
PART-00216,Valve Body 216,SUP-0985,"[""LINE-FAC-012-1""]"
PART-00217,Bracket 217,SUP-0274,"[""LINE-FAC-017-7""]"
PART-00218,Sensor Module 218,SUP-0585,"[""LINE-FAC-040-3"", ""LINE-FAC-011-2""]"
PART-00219,Sensor Module 219,SUP-0582,"[""LINE-FAC-016-8"", ""LINE-FAC-001-1""]"
PART-00220,Sensor Module 220,SUP-0835,"[""LINE-FAC-030-5"", ""LINE-FAC-036-6"", ""LINE-FAC-024-1""]"
PART-00221,Housing 221,SUP-0498,"[""LINE-FAC-001-8"", ""LINE-FAC-020-4""]"
PART-00222,Bracket 222,SUP-0950,"[""LINE-FAC-004-1""]"
PART-00223,Housing 223,SUP-0446,"[""LINE-FAC-023-6""]"
PART-00224,Bushing 224,SUP-0476,"[""LINE-FAC-004-2""]"
PART-00225,Bearing Assembly 225,SUP-0552,"[""LINE-FAC-002-2""]"
PART-00226,Gasket 226,SUP-0176,"[""LINE-FAC-003-7"", ""LINE-FAC-035-3"", ""LINE-FAC-028-6""]"
PART-00227,Bearing Assembly 227,SUP-0409,"[""LINE-FAC-006-3""]"
PART-00228,Bushing 228,SUP-0728,"[""LINE-FAC-013-5"", ""LINE-FAC-030-6""]"
PART-00229,Bushing 229,SUP-0730,"[""LINE-FAC-013-2"", ""LINE-FAC-007-2""]"
PART-00230,Wiring Harness 230,SUP-0714,"[""LINE-FAC-005-1"", ""LINE-FAC-015-1"", ""LINE-FAC-023-4""]"
PART-00231,Bracket 231,SUP-0528,"[""LINE-FAC-015-2"", ""LINE-FAC-028-3""]"
PART-00232,Housing 232,SUP-0053,"[""LINE-FAC-010-7"", ""LINE-FAC-004-4"", ""LINE-FAC-015-7""]"
PART-00233,Gasket 233,SUP-0164,"[""LINE-FAC-023-2""]"
PART-00234,Bearing Assembly 234,SUP-0832,"[""LINE-FAC-021-2"", ""LINE-FAC-029-2"", ""LINE-FAC-010-4""]"
PART-00235,Bracket 235,SUP-0050,"[""LINE-FAC-023-2""]"
PART-00236,Bracket 236,SUP-0499,"[""LINE-FAC-012-6"", ""LINE-FAC-029-2""]"
PART-00237,Bracket 237,SUP-0323,"[""LINE-FAC-031-3"", ""LINE-FAC-017-8"", ""LINE-FAC-027-1""]"
PART-00238,Bushing 238,SUP-0675,"[""LINE-FAC-017-6""]"
PART-00239,Actuator 239,SUP-0190,"[""LINE-FAC-026-4""]"
PART-00240,Bearing Assembly 240,SUP-0969,"[""LINE-FAC-011-4"", ""LINE-FAC-030-3""]"
PART-00241,Housing 241,SUP-0398,"[""LINE-FAC-031-1"", ""LINE-FAC-008-1""]"
PART-00242,Coupling 242,SUP-0255,"[""LINE-FAC-029-3"", ""LINE-FAC-010-2"", ""LINE-FAC-024-8""]"
PART-00243,Bracket 243,SUP-0504,"[""LINE-FAC-026-1"", ""LINE-FAC-030-5""]"
PART-00244,Wiring Harness 244,SUP-0820,"[""LINE-FAC-030-5"", ""LINE-FAC-006-6""]"
PART-00245,Gasket 245,SUP-0477,"[""LINE-FAC-031-2"", ""LINE-FAC-006-7"", ""LINE-FAC-019-1""]"
PART-00246,Bracket 246,SUP-0140,"[""LINE-FAC-018-2""]"
PART-00247,Gasket 247,SUP-0329,"[""LINE-FAC-012-7"", ""LINE-FAC-023-7"", ""LINE-FAC-028-6""]"
PART-00248,Wiring Harness 248,SUP-0230,"[""LINE-FAC-030-5"", ""LINE-FAC-001-8"", ""LINE-FAC-007-4""]"
PART-00249,Bearing Assembly 249,SUP-0867,"[""LINE-FAC-012-5"", ""LINE-FAC-023-6""]"
PART-00250,Sensor Module 250,SUP-0782,"[""LINE-FAC-029-2"", ""LINE-FAC-033-7"", ""LINE-FAC-027-4""]"
PART-00251,Gasket 251,SUP-0951,"[""LINE-FAC-040-3""]"
PART-00252,Sensor Module 252,SUP-0230,"[""LINE-FAC-001-8"", ""LINE-FAC-028-1""]"
PART-00253,Valve Body 253,SUP-0198,"[""LINE-FAC-001-8"", ""LINE-FAC-022-6"", ""LINE-FAC-037-6""]"
PART-00254,Coupling 254,SUP-0638,"[""LINE-FAC-020-7"", ""LINE-FAC-028-3""]"
PART-00255,Actuator 255,SUP-0502,"[""LINE-FAC-036-4"", ""LINE-FAC-003-6""]"
PART-00256,Sensor Module 256,SUP-0162,"[""LINE-FAC-014-2""]"
PART-00257,Actuator 257,SUP-0353,"[""LINE-FAC-016-2""]"
PART-00258,Sensor Module 258,SUP-0603,"[""LINE-FAC-016-5"", ""LINE-FAC-008-3"", ""LINE-FAC-017-8""]"
PART-00259,Gasket 259,SUP-0398,"[""LINE-FAC-023-3"", ""LINE-FAC-003-4"", ""LINE-FAC-037-8""]"
PART-00260,Wiring Harness 260,SUP-0525,"[""LINE-FAC-018-6"", ""LINE-FAC-002-5"", ""LINE-FAC-018-1""]"
PART-00261,Housing 261,SUP-0682,"[""LINE-FAC-033-6"", ""LINE-FAC-018-1""]"
PART-00262,Coupling 262,SUP-0273,"[""LINE-FAC-029-8"", ""LINE-FAC-024-7"", ""LINE-FAC-009-8""]"
PART-00263,Bushing 263,SUP-0507,"[""LINE-FAC-032-6"", ""LINE-FAC-034-5""]"
PART-00264,Sensor Module 264,SUP-0071,"[""LINE-FAC-010-1"", ""LINE-FAC-037-6""]"
PART-00265,Valve Body 265,SUP-0365,"[""LINE-FAC-029-5"", ""LINE-FAC-003-5""]"
PART-00266,Actuator 266,SUP-0771,"[""LINE-FAC-039-7""]"
PART-00267,Bushing 267,SUP-0274,"[""LINE-FAC-033-8""]"
PART-00268,Bushing 268,SUP-0954,"[""LINE-FAC-014-6""]"
PART-00269,Sensor Module 269,SUP-0569,"[""LINE-FAC-026-4"", ""LINE-FAC-027-2""]"
PART-00270,Bracket 270,SUP-0332,"[""LINE-FAC-026-3"", ""LINE-FAC-008-3"", ""LINE-FAC-038-2""]"
PART-00271,Coupling 271,SUP-0970,"[""LINE-FAC-028-6"", ""LINE-FAC-027-6""]"
PART-00272,Gasket 272,SUP-0410,"[""LINE-FAC-015-8""]"
PART-00273,Wiring Harness 273,SUP-0349,"[""LINE-FAC-022-7"", ""LINE-FAC-014-8""]"
PART-00274,Gasket 274,SUP-0837,"[""LINE-FAC-032-2"", ""LINE-FAC-033-2""]"
PART-00275,Bearing Assembly 275,SUP-0496,"[""LINE-FAC-040-3"", ""LINE-FAC-032-1"", ""LINE-FAC-021-8""]"
PART-00276,Coupling 276,SUP-0335,"[""LINE-FAC-008-1"", ""LINE-FAC-011-2""]"
PART-00277,Coupling 277,SUP-0512,"[""LINE-FAC-037-3"", ""LINE-FAC-028-3"", ""LINE-FAC-033-1""]"
PART-00278,Housing 278,SUP-0642,"[""LINE-FAC-023-7"", ""LINE-FAC-040-7""]"
PART-00279,Housing 279,SUP-0060,"[""LINE-FAC-036-3""]"
PART-00280,Valve Body 280,SUP-0608,"[""LINE-FAC-008-8"", ""LINE-FAC-011-6"", ""LINE-FAC-033-6""]"
PART-00281,Actuator 281,SUP-0534,"[""LINE-FAC-036-3"", ""LINE-FAC-002-1""]"
PART-00282,Gasket 282,SUP-0595,"[""LINE-FAC-006-7"", ""LINE-FAC-014-6""]"
PART-00283,Bushing 283,SUP-0316,"[""LINE-FAC-013-4"", ""LINE-FAC-023-7"", ""LINE-FAC-012-8""]"
PART-00284,Bracket 284,SUP-0369,"[""LINE-FAC-031-7"", ""LINE-FAC-011-2""]"
PART-00285,Bracket 285,SUP-0752,"[""LINE-FAC-010-3""]"
PART-00286,Valve Body 286,SUP-0927,"[""LINE-FAC-028-4"", ""LINE-FAC-002-8""]"
PART-00287,Bushing 287,SUP-0862,"[""LINE-FAC-040-5""]"
PART-00288,Bushing 288,SUP-0781,"[""LINE-FAC-002-5"", ""LINE-FAC-018-8"", ""LINE-FAC-025-4""]"
PART-00289,Coupling 289,SUP-0014,"[""LINE-FAC-021-8"", ""LINE-FAC-040-6""]"
PART-00290,Actuator 290,SUP-0399,"[""LINE-FAC-021-6"", ""LINE-FAC-002-7"", ""LINE-FAC-021-7""]"
PART-00291,Bracket 291,SUP-0770,"[""LINE-FAC-005-6"", ""LINE-FAC-034-4""]"
PART-00292,Coupling 292,SUP-0109,"[""LINE-FAC-034-7"", ""LINE-FAC-034-6"", ""LINE-FAC-033-6""]"
PART-00293,Bushing 293,SUP-0927,"[""LINE-FAC-039-1""]"
PART-00294,Actuator 294,SUP-0490,"[""LINE-FAC-016-6"", ""LINE-FAC-025-2""]"
PART-00295,Sensor Module 295,SUP-0615,"[""LINE-FAC-027-8"", ""LINE-FAC-025-7"", ""LINE-FAC-037-7""]"
PART-00296,Actuator 296,SUP-0298,"[""LINE-FAC-036-5"", ""LINE-FAC-017-3"", ""LINE-FAC-029-8""]"
PART-00297,Valve Body 297,SUP-0135,"[""LINE-FAC-013-5""]"
PART-00298,Actuator 298,SUP-0378,"[""LINE-FAC-016-3"", ""LINE-FAC-004-5""]"
PART-00299,Housing 299,SUP-0537,"[""LINE-FAC-021-4"", ""LINE-FAC-008-6"", ""LINE-FAC-038-3""]"
PART-00300,Bracket 300,SUP-0127,"[""LINE-FAC-007-3"", ""LINE-FAC-027-4""]"
PART-00301,Housing 301,SUP-0881,"[""LINE-FAC-025-2"", ""LINE-FAC-015-3""]"
PART-00302,Actuator 302,SUP-0555,"[""LINE-FAC-003-4""]"
PART-00303,Bearing Assembly 303,SUP-0919,"[""LINE-FAC-002-5"", ""LINE-FAC-009-8""]"
PART-00304,Valve Body 304,SUP-0073,"[""LINE-FAC-004-2"", ""LINE-FAC-026-1"", ""LINE-FAC-028-7""]"
PART-00305,Bearing Assembly 305,SUP-0779,"[""LINE-FAC-028-4""]"
PART-00306,Bearing Assembly 306,SUP-0584,"[""LINE-FAC-006-4""]"
PART-00307,Gasket 307,SUP-0046,"[""LINE-FAC-037-6"", ""LINE-FAC-024-1"", ""LINE-FAC-014-8""]"
PART-00308,Bearing Assembly 308,SUP-0643,"[""LINE-FAC-005-7"", ""LINE-FAC-014-6""]"
PART-00309,Housing 309,SUP-0934,"[""LINE-FAC-027-5"", ""LINE-FAC-008-3"", ""LINE-FAC-014-5""]"
PART-00310,Housing 310,SUP-0133,"[""LINE-FAC-029-6""]"
PART-00311,Wiring Harness 311,SUP-0172,"[""LINE-FAC-017-4""]"
PART-00312,Valve Body 312,SUP-0885,"[""LINE-FAC-004-6""]"
PART-00313,Wiring Harness 313,SUP-0521,"[""LINE-FAC-031-4""]"
PART-00314,Valve Body 314,SUP-0765,"[""LINE-FAC-038-4"", ""LINE-FAC-029-7""]"
PART-00315,Valve Body 315,SUP-0658,"[""LINE-FAC-012-6""]"
PART-00316,Housing 316,SUP-0378,"[""LINE-FAC-008-5"", ""LINE-FAC-017-3"", ""LINE-FAC-029-7""]"
PART-00317,Bushing 317,SUP-0858,"[""LINE-FAC-014-7"", ""LINE-FAC-027-7""]"
PART-00318,Sensor Module 318,SUP-0827,"[""LINE-FAC-006-8"", ""LINE-FAC-017-2""]"
PART-00319,Bearing Assembly 319,SUP-0921,"[""LINE-FAC-024-5"", ""LINE-FAC-026-2"", ""LINE-FAC-027-7""]"
PART-00320,Bracket 320,SUP-0734,"[""LINE-FAC-020-2"", ""LINE-FAC-027-7"", ""LINE-FAC-004-5""]"
PART-00321,Coupling 321,SUP-0358,"[""LINE-FAC-012-6"", ""LINE-FAC-024-2"", ""LINE-FAC-003-6""]"
PART-00322,Wiring Harness 322,SUP-0624,"[""LINE-FAC-038-1"", ""LINE-FAC-004-5""]"
PART-00323,Bracket 323,SUP-0555,"[""LINE-FAC-036-8""]"
PART-00324,Actuator 324,SUP-0218,"[""LINE-FAC-003-6""]"
PART-00325,Gasket 325,SUP-0850,"[""LINE-FAC-036-1"", ""LINE-FAC-007-6"", ""LINE-FAC-010-3""]"
PART-00326,Bearing Assembly 326,SUP-0540,"[""LINE-FAC-024-5"", ""LINE-FAC-018-2"", ""LINE-FAC-037-3""]"
PART-00327,Sensor Module 327,SUP-0024,"[""LINE-FAC-009-5""]"
PART-00328,Gasket 328,SUP-0236,"[""LINE-FAC-029-3"", ""LINE-FAC-036-5""]"
PART-00329,Actuator 329,SUP-0273,"[""LINE-FAC-030-1""]"
PART-00330,Bushing 330,SUP-0700,"[""LINE-FAC-015-1""]"
PART-00331,Bushing 331,SUP-0540,"[""LINE-FAC-033-6"", ""LINE-FAC-019-4"", ""LINE-FAC-009-5""]"
PART-00332,Wiring Harness 332,SUP-0563,"[""LINE-FAC-036-7"", ""LINE-FAC-011-5""]"
PART-00333,Housing 333,SUP-0905,"[""LINE-FAC-018-3"", ""LINE-FAC-034-7"", ""LINE-FAC-006-1""]"
PART-00334,Gasket 334,SUP-0631,"[""LINE-FAC-006-2"", ""LINE-FAC-002-5"", ""LINE-FAC-029-6""]"
PART-00335,Sensor Module 335,SUP-0916,"[""LINE-FAC-003-7"", ""LINE-FAC-021-7""]"
PART-00336,Valve Body 336,SUP-0472,"[""LINE-FAC-017-3""]"
PART-00337,Valve Body 337,SUP-0383,"[""LINE-FAC-005-4"", ""LINE-FAC-002-4"", ""LINE-FAC-023-7""]"
PART-00338,Wiring Harness 338,SUP-0622,"[""LINE-FAC-011-6"", ""LINE-FAC-009-6""]"
PART-00339,Housing 339,SUP-0974,"[""LINE-FAC-006-2"", ""LINE-FAC-008-4"", ""LINE-FAC-003-4""]"
PART-00340,Sensor Module 340,SUP-0433,"[""LINE-FAC-009-1"", ""LINE-FAC-016-4"", ""LINE-FAC-010-3""]"
PART-00341,Actuator 341,SUP-0253,"[""LINE-FAC-029-1"", ""LINE-FAC-015-3"", ""LINE-FAC-008-4""]"
PART-00342,Sensor Module 342,SUP-0226,"[""LINE-FAC-039-5""]"
PART-00343,Coupling 343,SUP-0796,"[""LINE-FAC-006-7"", ""LINE-FAC-030-3""]"
PART-00344,Gasket 344,SUP-0860,"[""LINE-FAC-034-6""]"
PART-00345,Bracket 345,SUP-0285,"[""LINE-FAC-024-1"", ""LINE-FAC-015-7"", ""LINE-FAC-003-7""]"
PART-00346,Coupling 346,SUP-0355,"[""LINE-FAC-011-8""]"
PART-00347,Valve Body 347,SUP-0871,"[""LINE-FAC-010-2"", ""LINE-FAC-030-3"", ""LINE-FAC-008-3""]"
PART-00348,Bushing 348,SUP-0857,"[""LINE-FAC-028-3"", ""LINE-FAC-020-5""]"
PART-00349,Gasket 349,SUP-0553,"[""LINE-FAC-028-2""]"
PART-00350,Coupling 350,SUP-0620,"[""LINE-FAC-038-7"", ""LINE-FAC-033-5"", ""LINE-FAC-032-1""]"
PART-00351,Bushing 351,SUP-0713,"[""LINE-FAC-009-6""]"
PART-00352,Housing 352,SUP-0211,"[""LINE-FAC-011-3"", ""LINE-FAC-029-3""]"
PART-00353,Bushing 353,SUP-0608,"[""LINE-FAC-036-4"", ""LINE-FAC-038-3"", ""LINE-FAC-001-1""]"
PART-00354,Coupling 354,SUP-0867,"[""LINE-FAC-033-4"", ""LINE-FAC-002-3""]"
PART-00355,Actuator 355,SUP-0758,"[""LINE-FAC-022-3"", ""LINE-FAC-037-6"", ""LINE-FAC-019-3""]"
PART-00356,Bearing Assembly 356,SUP-0058,"[""LINE-FAC-003-1"", ""LINE-FAC-018-5""]"
PART-00357,Bushing 357,SUP-0840,"[""LINE-FAC-017-6""]"
PART-00358,Sensor Module 358,SUP-0498,"[""LINE-FAC-032-7""]"
PART-00359,Bearing Assembly 359,SUP-0583,"[""LINE-FAC-019-1"", ""LINE-FAC-018-4"", ""LINE-FAC-013-7""]"
PART-00360,Coupling 360,SUP-0263,"[""LINE-FAC-011-3""]"
PART-00361,Coupling 361,SUP-0685,"[""LINE-FAC-008-3""]"
PART-00362,Bushing 362,SUP-0716,"[""LINE-FAC-028-2"", ""LINE-FAC-031-7""]"
PART-00363,Valve Body 363,SUP-0723,"[""LINE-FAC-028-6"", ""LINE-FAC-024-1""]"
PART-00364,Sensor Module 364,SUP-0886,"[""LINE-FAC-021-3"", ""LINE-FAC-027-3"", ""LINE-FAC-029-4""]"
PART-00365,Bearing Assembly 365,SUP-0237,"[""LINE-FAC-005-4"", ""LINE-FAC-005-1""]"
PART-00366,Gasket 366,SUP-0428,"[""LINE-FAC-007-3"", ""LINE-FAC-017-7"", ""LINE-FAC-017-2""]"
PART-00367,Bracket 367,SUP-0018,"[""LINE-FAC-030-7""]"
PART-00368,Housing 368,SUP-0678,"[""LINE-FAC-031-2"", ""LINE-FAC-007-1""]"
PART-00369,Bearing Assembly 369,SUP-0881,"[""LINE-FAC-027-8"", ""LINE-FAC-007-3"", ""LINE-FAC-024-7""]"
PART-00370,Bearing Assembly 370,SUP-0310,"[""LINE-FAC-025-1"", ""LINE-FAC-012-1""]"
PART-00371,Bearing Assembly 371,SUP-0656,"[""LINE-FAC-019-4"", ""LINE-FAC-024-2""]"
PART-00372,Actuator 372,SUP-0160,"[""LINE-FAC-008-2"", ""LINE-FAC-040-8""]"
PART-00373,Sensor Module 373,SUP-0741,"[""LINE-FAC-031-6"", ""LINE-FAC-001-1"", ""LINE-FAC-010-5""]"
PART-00374,Coupling 374,SUP-0971,"[""LINE-FAC-010-6"", ""LINE-FAC-027-6""]"
PART-00375,Bracket 375,SUP-0908,"[""LINE-FAC-019-6""]"
PART-00376,Gasket 376,SUP-0719,"[""LINE-FAC-020-5"", ""LINE-FAC-006-8""]"
PART-00377,Bushing 377,SUP-0916,"[""LINE-FAC-012-3"", ""LINE-FAC-030-6"", ""LINE-FAC-036-4""]"
PART-00378,Bearing Assembly 378,SUP-0363,"[""LINE-FAC-027-7"", ""LINE-FAC-039-5"", ""LINE-FAC-014-2""]"
PART-00379,Valve Body 379,SUP-0936,"[""LINE-FAC-008-7""]"
PART-00380,Bushing 380,SUP-0779,"[""LINE-FAC-038-8"", ""LINE-FAC-010-3""]"
PART-00381,Wiring Harness 381,SUP-0822,"[""LINE-FAC-036-8""]"
PART-00382,Bushing 382,SUP-0776,"[""LINE-FAC-040-6"", ""LINE-FAC-036-8""]"
PART-00383,Gasket 383,SUP-0571,"[""LINE-FAC-022-5""]"
PART-00384,Valve Body 384,SUP-0718,"[""LINE-FAC-037-6""]"
PART-00385,Bearing Assembly 385,SUP-0963,"[""LINE-FAC-010-5"", ""LINE-FAC-014-4""]"
PART-00386,Bracket 386,SUP-0063,"[""LINE-FAC-037-8""]"
PART-00387,Gasket 387,SUP-0821,"[""LINE-FAC-025-6"", ""LINE-FAC-037-6""]"
PART-00388,Wiring Harness 388,SUP-0592,"[""LINE-FAC-022-8"", ""LINE-FAC-017-1""]"
PART-00389,Bracket 389,SUP-0444,"[""LINE-FAC-013-1""]"
PART-00390,Bracket 390,SUP-0636,"[""LINE-FAC-009-6"", ""LINE-FAC-023-7"", ""LINE-FAC-030-6""]"
PART-00391,Bearing Assembly 391,SUP-0136,"[""LINE-FAC-022-3"", ""LINE-FAC-027-4"", ""LINE-FAC-012-2""]"
PART-00392,Sensor Module 392,SUP-0417,"[""LINE-FAC-039-6""]"
PART-00393,Valve Body 393,SUP-0444,"[""LINE-FAC-008-7"", ""LINE-FAC-031-1""]"
PART-00394,Bearing Assembly 394,SUP-0408,"[""LINE-FAC-035-2""]"
PART-00395,Sensor Module 395,SUP-0977,"[""LINE-FAC-025-1"", ""LINE-FAC-007-8"", ""LINE-FAC-026-5""]"
PART-00396,Coupling 396,SUP-0894,"[""LINE-FAC-039-6"", ""LINE-FAC-007-8"", ""LINE-FAC-023-7""]"
PART-00397,Coupling 397,SUP-0732,"[""LINE-FAC-006-3"", ""LINE-FAC-027-4""]"
PART-00398,Housing 398,SUP-0754,"[""LINE-FAC-031-7"", ""LINE-FAC-016-8""]"
PART-00399,Bearing Assembly 399,SUP-0804,"[""LINE-FAC-025-8"", ""LINE-FAC-023-5""]"
PART-00400,Coupling 400,SUP-0982,"[""LINE-FAC-017-2"", ""LINE-FAC-014-6""]"
PART-00401,Housing 401,SUP-0670,"[""LINE-FAC-016-7"", ""LINE-FAC-024-1"", ""LINE-FAC-036-7""]"
PART-00402,Sensor Module 402,SUP-0799,"[""LINE-FAC-017-6"", ""LINE-FAC-006-4"", ""LINE-FAC-008-5""]"
PART-00403,Bushing 403,SUP-0885,"[""LINE-FAC-031-4""]"
PART-00404,Wiring Harness 404,SUP-0993,"[""LINE-FAC-040-5"", ""LINE-FAC-036-4"", ""LINE-FAC-019-2""]"
PART-00405,Sensor Module 405,SUP-0219,"[""LINE-FAC-033-4"", ""LINE-FAC-017-7""]"
PART-00406,Actuator 406,SUP-0116,"[""LINE-FAC-035-1"", ""LINE-FAC-014-3"", ""LINE-FAC-018-5""]"
PART-00407,Sensor Module 407,SUP-0254,"[""LINE-FAC-038-3"", ""LINE-FAC-034-5"", ""LINE-FAC-007-5""]"
PART-00408,Gasket 408,SUP-0481,"[""LINE-FAC-017-8"", ""LINE-FAC-021-6"", ""LINE-FAC-013-4""]"
PART-00409,Actuator 409,SUP-0236,"[""LINE-FAC-026-2"", ""LINE-FAC-013-2""]"
PART-00410,Housing 410,SUP-0010,"[""LINE-FAC-025-6"", ""LINE-FAC-035-3""]"
PART-00411,Gasket 411,SUP-0477,"[""LINE-FAC-034-4"", ""LINE-FAC-013-6"", ""LINE-FAC-023-2""]"
PART-00412,Sensor Module 412,SUP-0970,"[""LINE-FAC-038-4"", ""LINE-FAC-040-8"", ""LINE-FAC-011-2""]"
PART-00413,Bearing Assembly 413,SUP-0205,"[""LINE-FAC-040-7"", ""LINE-FAC-028-3""]"
PART-00414,Wiring Harness 414,SUP-0294,"[""LINE-FAC-017-3"", ""LINE-FAC-034-1""]"
PART-00415,Wiring Harness 415,SUP-0743,"[""LINE-FAC-003-1"", ""LINE-FAC-039-2"", ""LINE-FAC-034-5""]"
PART-00416,Bearing Assembly 416,SUP-0390,"[""LINE-FAC-028-4"", ""LINE-FAC-009-3""]"
PART-00417,Housing 417,SUP-0792,"[""LINE-FAC-010-3"", ""LINE-FAC-012-4""]"
PART-00418,Sensor Module 418,SUP-0770,"[""LINE-FAC-032-5"", ""LINE-FAC-031-5""]"
PART-00419,Wiring Harness 419,SUP-0584,"[""LINE-FAC-009-8"", ""LINE-FAC-038-3"", ""LINE-FAC-028-1""]"
PART-00420,Bracket 420,SUP-0562,"[""LINE-FAC-018-2""]"
PART-00421,Bushing 421,SUP-0028,"[""LINE-FAC-009-8""]"
PART-00422,Bearing Assembly 422,SUP-0132,"[""LINE-FAC-013-6""]"
PART-00423,Wiring Harness 423,SUP-0883,"[""LINE-FAC-019-2""]"
PART-00424,Actuator 424,SUP-0622,"[""LINE-FAC-020-6"", ""LINE-FAC-011-7"", ""LINE-FAC-040-3""]"
PART-00425,Valve Body 425,SUP-0022,"[""LINE-FAC-032-4"", ""LINE-FAC-018-7""]"
PART-00426,Sensor Module 426,SUP-0286,"[""LINE-FAC-002-1"", ""LINE-FAC-005-5""]"
PART-00427,Wiring Harness 427,SUP-0761,"[""LINE-FAC-032-7"", ""LINE-FAC-033-5"", ""LINE-FAC-009-4""]"
PART-00428,Bracket 428,SUP-0050,"[""LINE-FAC-003-6""]"
PART-00429,Valve Body 429,SUP-0237,"[""LINE-FAC-005-3"", ""LINE-FAC-015-3""]"
PART-00430,Valve Body 430,SUP-0636,"[""LINE-FAC-036-8""]"
PART-00431,Sensor Module 431,SUP-0404,"[""LINE-FAC-014-5""]"
PART-00432,Coupling 432,SUP-0674,"[""LINE-FAC-014-8"", ""LINE-FAC-040-7"", ""LINE-FAC-038-8""]"
PART-00433,Bushing 433,SUP-0757,"[""LINE-FAC-025-1"", ""LINE-FAC-030-5""]"
PART-00434,Valve Body 434,SUP-0766,"[""LINE-FAC-019-7"", ""LINE-FAC-008-1""]"
PART-00435,Valve Body 435,SUP-0815,"[""LINE-FAC-035-2"", ""LINE-FAC-002-1"", ""LINE-FAC-022-4""]"
PART-00436,Gasket 436,SUP-0348,"[""LINE-FAC-015-1"", ""LINE-FAC-019-8"", ""LINE-FAC-006-6""]"
PART-00437,Coupling 437,SUP-0514,"[""LINE-FAC-015-5"", ""LINE-FAC-003-8""]"
PART-00438,Coupling 438,SUP-0550,"[""LINE-FAC-024-8"", ""LINE-FAC-001-3"", ""LINE-FAC-017-7""]"
PART-00439,Wiring Harness 439,SUP-0720,"[""LINE-FAC-035-1""]"
PART-00440,Coupling 440,SUP-0302,"[""LINE-FAC-038-7"", ""LINE-FAC-018-6""]"
PART-00441,Bushing 441,SUP-0511,"[""LINE-FAC-024-3""]"
PART-00442,Wiring Harness 442,SUP-0749,"[""LINE-FAC-038-7"", ""LINE-FAC-022-4"", ""LINE-FAC-027-4""]"
PART-00443,Sensor Module 443,SUP-0904,"[""LINE-FAC-032-4""]"
PART-00444,Gasket 444,SUP-0610,"[""LINE-FAC-023-6"", ""LINE-FAC-029-5""]"
PART-00445,Wiring Harness 445,SUP-0936,"[""LINE-FAC-017-6"", ""LINE-FAC-018-1"", ""LINE-FAC-029-6""]"
PART-00446,Coupling 446,SUP-0592,"[""LINE-FAC-029-4""]"
PART-00447,Wiring Harness 447,SUP-0959,"[""LINE-FAC-023-2"", ""LINE-FAC-035-3"", ""LINE-FAC-025-3""]"
PART-00448,Sensor Module 448,SUP-0578,"[""LINE-FAC-027-1""]"
PART-00449,Sensor Module 449,SUP-0456,"[""LINE-FAC-037-6"", ""LINE-FAC-022-5"", ""LINE-FAC-037-5""]"
PART-00450,Coupling 450,SUP-0849,"[""LINE-FAC-028-2"", ""LINE-FAC-017-7"", ""LINE-FAC-026-1""]"
PART-00451,Bearing Assembly 451,SUP-0182,"[""LINE-FAC-026-1"", ""LINE-FAC-032-4""]"
PART-00452,Bushing 452,SUP-0881,"[""LINE-FAC-005-5"", ""LINE-FAC-029-5""]"
PART-00453,Actuator 453,SUP-0953,"[""LINE-FAC-035-2"", ""LINE-FAC-020-3""]"
PART-00454,Bearing Assembly 454,SUP-0323,"[""LINE-FAC-004-6"", ""LINE-FAC-032-2""]"
PART-00455,Bracket 455,SUP-0463,"[""LINE-FAC-019-8""]"
PART-00456,Wiring Harness 456,SUP-0303,"[""LINE-FAC-017-3"", ""LINE-FAC-009-5""]"
PART-00457,Housing 457,SUP-0102,"[""LINE-FAC-015-3""]"
PART-00458,Bushing 458,SUP-0183,"[""LINE-FAC-037-3"", ""LINE-FAC-035-1""]"
PART-00459,Actuator 459,SUP-0833,"[""LINE-FAC-013-6""]"
PART-00460,Coupling 460,SUP-0209,"[""LINE-FAC-024-7""]"
PART-00461,Gasket 461,SUP-0731,"[""LINE-FAC-007-8"", ""LINE-FAC-002-2""]"
PART-00462,Bearing Assembly 462,SUP-0011,"[""LINE-FAC-034-4"", ""LINE-FAC-032-6""]"
PART-00463,Wiring Harness 463,SUP-0712,"[""LINE-FAC-017-5"", ""LINE-FAC-029-1"", ""LINE-FAC-018-1""]"
PART-00464,Bearing Assembly 464,SUP-0927,"[""LINE-FAC-025-2"", ""LINE-FAC-025-1""]"
PART-00465,Coupling 465,SUP-0626,"[""LINE-FAC-007-3"", ""LINE-FAC-019-2""]"
PART-00466,Valve Body 466,SUP-0754,"[""LINE-FAC-033-3""]"
PART-00467,Gasket 467,SUP-0315,"[""LINE-FAC-031-6""]"
PART-00468,Actuator 468,SUP-0275,"[""LINE-FAC-005-6"", ""LINE-FAC-030-1""]"
PART-00469,Valve Body 469,SUP-0808,"[""LINE-FAC-013-6"", ""LINE-FAC-023-1"", ""LINE-FAC-015-2""]"
PART-00470,Valve Body 470,SUP-0548,"[""LINE-FAC-024-2"", ""LINE-FAC-030-4"", ""LINE-FAC-037-7""]"
PART-00471,Actuator 471,SUP-0932,"[""LINE-FAC-033-5"", ""LINE-FAC-033-8""]"
PART-00472,Bracket 472,SUP-0918,"[""LINE-FAC-003-4""]"
PART-00473,Coupling 473,SUP-0835,"[""LINE-FAC-024-6"", ""LINE-FAC-017-8"", ""LINE-FAC-014-6""]"
PART-00474,Valve Body 474,SUP-0938,"[""LINE-FAC-033-8"", ""LINE-FAC-039-5""]"
PART-00475,Bearing Assembly 475,SUP-0043,"[""LINE-FAC-004-6""]"
PART-00476,Coupling 476,SUP-0637,"[""LINE-FAC-025-2"", ""LINE-FAC-011-8"", ""LINE-FAC-040-8""]"
PART-00477,Sensor Module 477,SUP-0387,"[""LINE-FAC-022-5"", ""LINE-FAC-033-3""]"
PART-00478,Gasket 478,SUP-0729,"[""LINE-FAC-030-8"", ""LINE-FAC-007-6""]"
PART-00479,Gasket 479,SUP-0240,"[""LINE-FAC-018-7""]"
PART-00480,Bracket 480,SUP-0022,"[""LINE-FAC-011-5"", ""LINE-FAC-036-4""]"
PART-00481,Bushing 481,SUP-0971,"[""LINE-FAC-023-3""]"
PART-00482,Wiring Harness 482,SUP-0410,"[""LINE-FAC-021-5"", ""LINE-FAC-022-7"", ""LINE-FAC-040-1""]"
PART-00483,Bracket 483,SUP-0323,"[""LINE-FAC-015-3"", ""LINE-FAC-017-5"", ""LINE-FAC-022-7""]"
PART-00484,Bushing 484,SUP-0909,"[""LINE-FAC-013-1"", ""LINE-FAC-024-1""]"
PART-00485,Sensor Module 485,SUP-0232,"[""LINE-FAC-026-4"", ""LINE-FAC-014-2"", ""LINE-FAC-026-6""]"
PART-00486,Bearing Assembly 486,SUP-0027,"[""LINE-FAC-016-8"", ""LINE-FAC-018-1"", ""LINE-FAC-020-5""]"
PART-00487,Bushing 487,SUP-0316,"[""LINE-FAC-020-5"", ""LINE-FAC-034-3""]"
PART-00488,Bracket 488,SUP-0010,"[""LINE-FAC-008-8"", ""LINE-FAC-012-7"", ""LINE-FAC-013-8""]"
PART-00489,Bushing 489,SUP-0540,"[""LINE-FAC-011-7"", ""LINE-FAC-005-6""]"
PART-00490,Valve Body 490,SUP-0274,"[""LINE-FAC-012-6""]"
PART-00491,Coupling 491,SUP-0014,"[""LINE-FAC-003-8"", ""LINE-FAC-018-6""]"
PART-00492,Wiring Harness 492,SUP-0230,"[""LINE-FAC-017-7"", ""LINE-FAC-015-2"", ""LINE-FAC-035-3""]"
PART-00493,Wiring Harness 493,SUP-0223,"[""LINE-FAC-034-4""]"
PART-00494,Wiring Harness 494,SUP-0654,"[""LINE-FAC-030-5"", ""LINE-FAC-019-6""]"
PART-00495,Bracket 495,SUP-0037,"[""LINE-FAC-029-7"", ""LINE-FAC-031-1""]"
PART-00496,Gasket 496,SUP-0793,"[""LINE-FAC-007-1"", ""LINE-FAC-018-5""]"
PART-00497,Gasket 497,SUP-0509,"[""LINE-FAC-024-3""]"
PART-00498,Coupling 498,SUP-0154,"[""LINE-FAC-008-2""]"
PART-00499,Bracket 499,SUP-0072,"[""LINE-FAC-012-8"", ""LINE-FAC-006-4"", ""LINE-FAC-020-5""]"
PART-00500,Valve Body 500,SUP-0063,"[""LINE-FAC-006-3""]"
PART-00501,Wiring Harness 501,SUP-0282,"[""LINE-FAC-002-6"", ""LINE-FAC-034-6""]"
PART-00502,Bearing Assembly 502,SUP-0927,"[""LINE-FAC-010-7""]"
PART-00503,Wiring Harness 503,SUP-0420,"[""LINE-FAC-036-6"", ""LINE-FAC-003-7""]"
PART-00504,Bracket 504,SUP-0059,"[""LINE-FAC-016-3"", ""LINE-FAC-023-1""]"
PART-00505,Bracket 505,SUP-0869,"[""LINE-FAC-005-2""]"
PART-00506,Bearing Assembly 506,SUP-0652,"[""LINE-FAC-019-3""]"
PART-00507,Valve Body 507,SUP-0441,"[""LINE-FAC-012-3""]"
PART-00508,Valve Body 508,SUP-0073,"[""LINE-FAC-035-5"", ""LINE-FAC-039-7"", ""LINE-FAC-020-4""]"
PART-00509,Bracket 509,SUP-0378,"[""LINE-FAC-004-1""]"
PART-00510,Wiring Harness 510,SUP-0475,"[""LINE-FAC-004-4""]"
PART-00511,Wiring Harness 511,SUP-0232,"[""LINE-FAC-036-1"", ""LINE-FAC-028-4""]"
PART-00512,Coupling 512,SUP-0840,"[""LINE-FAC-008-7""]"
PART-00513,Actuator 513,SUP-0213,"[""LINE-FAC-023-8""]"
PART-00514,Wiring Harness 514,SUP-0160,"[""LINE-FAC-021-4"", ""LINE-FAC-005-4"", ""LINE-FAC-038-3""]"
PART-00515,Coupling 515,SUP-0725,"[""LINE-FAC-017-3"", ""LINE-FAC-011-2"", ""LINE-FAC-034-5""]"
PART-00516,Housing 516,SUP-0573,"[""LINE-FAC-026-5""]"
PART-00517,Gasket 517,SUP-0588,"[""LINE-FAC-033-8""]"
PART-00518,Housing 518,SUP-0005,"[""LINE-FAC-022-3"", ""LINE-FAC-023-8""]"
PART-00519,Bearing Assembly 519,SUP-0720,"[""LINE-FAC-024-1"", ""LINE-FAC-027-8"", ""LINE-FAC-008-5""]"
PART-00520,Bracket 520,SUP-0690,"[""LINE-FAC-032-6"", ""LINE-FAC-014-5"", ""LINE-FAC-003-4""]"
PART-00521,Gasket 521,SUP-0215,"[""LINE-FAC-024-1"", ""LINE-FAC-017-5"", ""LINE-FAC-016-5""]"
PART-00522,Housing 522,SUP-0854,"[""LINE-FAC-030-7""]"
PART-00523,Bracket 523,SUP-0281,"[""LINE-FAC-003-7"", ""LINE-FAC-038-7"", ""LINE-FAC-035-5""]"
PART-00524,Gasket 524,SUP-0219,"[""LINE-FAC-004-8""]"
PART-00525,Wiring Harness 525,SUP-0504,"[""LINE-FAC-020-6""]"
PART-00526,Bushing 526,SUP-0086,"[""LINE-FAC-026-5"", ""LINE-FAC-010-4"", ""LINE-FAC-040-8""]"
PART-00527,Bearing Assembly 527,SUP-0556,"[""LINE-FAC-038-4"", ""LINE-FAC-031-7"", ""LINE-FAC-010-2""]"
PART-00528,Coupling 528,SUP-0711,"[""LINE-FAC-010-3""]"
PART-00529,Housing 529,SUP-0157,"[""LINE-FAC-015-1""]"
PART-00530,Housing 530,SUP-0985,"[""LINE-FAC-013-3"", ""LINE-FAC-015-5"", ""LINE-FAC-021-7""]"
PART-00531,Wiring Harness 531,SUP-0441,"[""LINE-FAC-035-4"", ""LINE-FAC-034-8"", ""LINE-FAC-024-2""]"
PART-00532,Sensor Module 532,SUP-0512,"[""LINE-FAC-028-8"", ""LINE-FAC-008-7"", ""LINE-FAC-029-5""]"
PART-00533,Wiring Harness 533,SUP-0347,"[""LINE-FAC-016-3"", ""LINE-FAC-002-2""]"
PART-00534,Valve Body 534,SUP-0848,"[""LINE-FAC-005-6"", ""LINE-FAC-033-4""]"
PART-00535,Bushing 535,SUP-0331,"[""LINE-FAC-017-5""]"
PART-00536,Coupling 536,SUP-0462,"[""LINE-FAC-016-3""]"
PART-00537,Bearing Assembly 537,SUP-0899,"[""LINE-FAC-005-3"", ""LINE-FAC-021-1""]"
PART-00538,Coupling 538,SUP-0808,"[""LINE-FAC-006-3""]"
PART-00539,Bearing Assembly 539,SUP-0813,"[""LINE-FAC-016-2"", ""LINE-FAC-012-3""]"
PART-00540,Wiring Harness 540,SUP-0705,"[""LINE-FAC-018-2"", ""LINE-FAC-008-4"", ""LINE-FAC-017-5""]"
PART-00541,Sensor Module 541,SUP-0686,"[""LINE-FAC-038-8"", ""LINE-FAC-027-1""]"
PART-00542,Wiring Harness 542,SUP-0103,"[""LINE-FAC-011-8"", ""LINE-FAC-016-3"", ""LINE-FAC-024-6""]"
PART-00543,Actuator 543,SUP-0776,"[""LINE-FAC-030-2""]"
PART-00544,Bearing Assembly 544,SUP-0997,"[""LINE-FAC-038-8"", ""LINE-FAC-036-6""]"
PART-00545,Bushing 545,SUP-0704,"[""LINE-FAC-035-6""]"
PART-00546,Bearing Assembly 546,SUP-0723,"[""LINE-FAC-031-4""]"
PART-00547,Valve Body 547,SUP-0448,"[""LINE-FAC-002-6""]"
PART-00548,Bearing Assembly 548,SUP-0622,"[""LINE-FAC-039-7"", ""LINE-FAC-016-7"", ""LINE-FAC-017-6""]"
PART-00549,Wiring Harness 549,SUP-0479,"[""LINE-FAC-034-6""]"
PART-00550,Gasket 550,SUP-0238,"[""LINE-FAC-023-6""]"
PART-00551,Bearing Assembly 551,SUP-0109,"[""LINE-FAC-031-5"", ""LINE-FAC-023-1""]"
PART-00552,Wiring Harness 552,SUP-0345,"[""LINE-FAC-010-8"", ""LINE-FAC-002-5"", ""LINE-FAC-008-6""]"
PART-00553,Coupling 553,SUP-0909,"[""LINE-FAC-012-1"", ""LINE-FAC-024-1"", ""LINE-FAC-012-4""]"
PART-00554,Bracket 554,SUP-0165,"[""LINE-FAC-034-5"", ""LINE-FAC-033-4""]"
PART-00555,Housing 555,SUP-0371,"[""LINE-FAC-008-1"", ""LINE-FAC-015-1"", ""LINE-FAC-026-2""]"
PART-00556,Valve Body 556,SUP-0928,"[""LINE-FAC-013-5""]"
PART-00557,Bushing 557,SUP-0341,"[""LINE-FAC-036-1""]"
PART-00558,Gasket 558,SUP-0407,"[""LINE-FAC-008-5""]"
PART-00559,Actuator 559,SUP-0542,"[""LINE-FAC-006-4"", ""LINE-FAC-022-8""]"
PART-00560,Valve Body 560,SUP-0628,"[""LINE-FAC-023-3"", ""LINE-FAC-019-3""]"
PART-00561,Housing 561,SUP-0404,"[""LINE-FAC-021-3"", ""LINE-FAC-002-1"", ""LINE-FAC-008-5""]"
PART-00562,Bearing Assembly 562,SUP-0143,"[""LINE-FAC-039-1"", ""LINE-FAC-034-5""]"
PART-00563,Coupling 563,SUP-0289,"[""LINE-FAC-007-2"", ""LINE-FAC-032-1"", ""LINE-FAC-008-6""]"
PART-00564,Sensor Module 564,SUP-0759,"[""LINE-FAC-040-2"", ""LINE-FAC-036-2"", ""LINE-FAC-003-7""]"
PART-00565,Housing 565,SUP-0408,"[""LINE-FAC-023-7"", ""LINE-FAC-019-7"", ""LINE-FAC-027-7""]"
PART-00566,Wiring Harness 566,SUP-0646,"[""LINE-FAC-040-2""]"
PART-00567,Coupling 567,SUP-0669,"[""LINE-FAC-008-2"", ""LINE-FAC-002-4""]"
PART-00568,Bearing Assembly 568,SUP-0180,"[""LINE-FAC-031-6"", ""LINE-FAC-019-3""]"
PART-00569,Wiring Harness 569,SUP-0654,"[""LINE-FAC-025-1"", ""LINE-FAC-039-4"", ""LINE-FAC-026-1""]"
PART-00570,Coupling 570,SUP-0220,"[""LINE-FAC-001-8""]"
PART-00571,Actuator 571,SUP-0334,"[""LINE-FAC-029-4"", ""LINE-FAC-030-3"", ""LINE-FAC-032-3""]"
PART-00572,Coupling 572,SUP-0423,"[""LINE-FAC-018-7""]"
PART-00573,Sensor Module 573,SUP-0896,"[""LINE-FAC-012-1""]"
PART-00574,Actuator 574,SUP-0014,"[""LINE-FAC-026-5""]"
PART-00575,Housing 575,SUP-0529,"[""LINE-FAC-020-3"", ""LINE-FAC-003-7""]"
PART-00576,Coupling 576,SUP-0218,"[""LINE-FAC-035-5""]"
PART-00577,Coupling 577,SUP-0626,"[""LINE-FAC-033-3"", ""LINE-FAC-038-4""]"
PART-00578,Sensor Module 578,SUP-0559,"[""LINE-FAC-036-3"", ""LINE-FAC-015-5""]"
PART-00579,Wiring Harness 579,SUP-0494,"[""LINE-FAC-010-5"", ""LINE-FAC-016-3""]"
PART-00580,Bracket 580,SUP-0756,"[""LINE-FAC-034-8"", ""LINE-FAC-012-2""]"
PART-00581,Bearing Assembly 581,SUP-0858,"[""LINE-FAC-037-5""]"
PART-00582,Housing 582,SUP-0986,"[""LINE-FAC-040-8"", ""LINE-FAC-039-1"", ""LINE-FAC-030-3""]"
PART-00583,Bracket 583,SUP-0351,"[""LINE-FAC-035-6"", ""LINE-FAC-039-4"", ""LINE-FAC-023-1""]"
PART-00584,Wiring Harness 584,SUP-0724,"[""LINE-FAC-014-2""]"
PART-00585,Valve Body 585,SUP-0912,"[""LINE-FAC-016-4""]"
PART-00586,Housing 586,SUP-0742,"[""LINE-FAC-019-1"", ""LINE-FAC-016-1""]"
PART-00587,Bracket 587,SUP-0221,"[""LINE-FAC-005-2"", ""LINE-FAC-035-3""]"
PART-00588,Gasket 588,SUP-0777,"[""LINE-FAC-018-4"", ""LINE-FAC-010-1""]"
PART-00589,Bearing Assembly 589,SUP-0899,"[""LINE-FAC-012-8"", ""LINE-FAC-014-3"", ""LINE-FAC-007-8""]"
PART-00590,Bearing Assembly 590,SUP-0811,"[""LINE-FAC-032-6""]"
PART-00591,Wiring Harness 591,SUP-0515,"[""LINE-FAC-036-2""]"
PART-00592,Gasket 592,SUP-0600,"[""LINE-FAC-032-7""]"
PART-00593,Gasket 593,SUP-0333,"[""LINE-FAC-009-2"", ""LINE-FAC-008-4"", ""LINE-FAC-014-5""]"
PART-00594,Bushing 594,SUP-0948,"[""LINE-FAC-001-4"", ""LINE-FAC-006-6"", ""LINE-FAC-030-8""]"
PART-00595,Sensor Module 595,SUP-0184,"[""LINE-FAC-027-7"", ""LINE-FAC-022-5"", ""LINE-FAC-037-8""]"
PART-00596,Coupling 596,SUP-0910,"[""LINE-FAC-006-6"", ""LINE-FAC-032-3""]"
PART-00597,Bushing 597,SUP-0358,"[""LINE-FAC-020-4"", ""LINE-FAC-023-6"", ""LINE-FAC-009-3""]"
PART-00598,Bearing Assembly 598,SUP-0073,"[""LINE-FAC-028-2"", ""LINE-FAC-001-1""]"
PART-00599,Housing 599,SUP-0525,"[""LINE-FAC-025-1""]"
PART-00600,Bearing Assembly 600,SUP-0631,"[""LINE-FAC-039-5"", ""LINE-FAC-035-8""]"
PART-00601,Housing 601,SUP-0217,"[""LINE-FAC-007-5"", ""LINE-FAC-029-7"", ""LINE-FAC-030-3""]"
PART-00602,Gasket 602,SUP-0174,"[""LINE-FAC-012-3"", ""LINE-FAC-004-7"", ""LINE-FAC-036-8""]"
PART-00603,Wiring Harness 603,SUP-0818,"[""LINE-FAC-026-1"", ""LINE-FAC-024-4"", ""LINE-FAC-035-3""]"
PART-00604,Bracket 604,SUP-0672,"[""LINE-FAC-014-5"", ""LINE-FAC-038-1""]"
PART-00605,Housing 605,SUP-0209,"[""LINE-FAC-019-2"", ""LINE-FAC-018-3"", ""LINE-FAC-012-6""]"
PART-00606,Gasket 606,SUP-0486,"[""LINE-FAC-024-6""]"
PART-00607,Valve Body 607,SUP-0923,"[""LINE-FAC-011-3""]"
PART-00608,Coupling 608,SUP-0486,"[""LINE-FAC-006-7""]"
PART-00609,Housing 609,SUP-0586,"[""LINE-FAC-031-2"", ""LINE-FAC-001-4""]"
PART-00610,Coupling 610,SUP-0164,"[""LINE-FAC-004-7""]"
PART-00611,Bearing Assembly 611,SUP-0882,"[""LINE-FAC-035-8"", ""LINE-FAC-020-2"", ""LINE-FAC-022-7""]"
PART-00612,Actuator 612,SUP-0839,"[""LINE-FAC-037-2""]"
PART-00613,Sensor Module 613,SUP-0695,"[""LINE-FAC-038-4"", ""LINE-FAC-020-6""]"
PART-00614,Valve Body 614,SUP-0145,"[""LINE-FAC-010-5"", ""LINE-FAC-003-5"", ""LINE-FAC-027-2""]"
PART-00615,Bracket 615,SUP-0463,"[""LINE-FAC-027-2"", ""LINE-FAC-037-6"", ""LINE-FAC-014-4""]"
PART-00616,Coupling 616,SUP-0167,"[""LINE-FAC-007-7"", ""LINE-FAC-035-7"", ""LINE-FAC-028-1""]"
PART-00617,Bracket 617,SUP-0569,"[""LINE-FAC-024-7"", ""LINE-FAC-013-7"", ""LINE-FAC-012-1""]"
PART-00618,Sensor Module 618,SUP-0820,"[""LINE-FAC-018-8""]"
PART-00619,Wiring Harness 619,SUP-0876,"[""LINE-FAC-020-7""]"
PART-00620,Actuator 620,SUP-0097,"[""LINE-FAC-025-8"", ""LINE-FAC-020-7"", ""LINE-FAC-017-1""]"
PART-00621,Housing 621,SUP-0116,"[""LINE-FAC-039-1"", ""LINE-FAC-039-8"", ""LINE-FAC-001-3""]"
PART-00622,Valve Body 622,SUP-0355,"[""LINE-FAC-022-8""]"
PART-00623,Bracket 623,SUP-0148,"[""LINE-FAC-029-7""]"
PART-00624,Bracket 624,SUP-0078,"[""LINE-FAC-022-4"", ""LINE-FAC-002-2"", ""LINE-FAC-006-3""]"
PART-00625,Wiring Harness 625,SUP-0758,"[""LINE-FAC-030-6""]"
PART-00626,Bushing 626,SUP-0185,"[""LINE-FAC-025-5"", ""LINE-FAC-016-2""]"
PART-00627,Gasket 627,SUP-0220,"[""LINE-FAC-017-8"", ""LINE-FAC-023-6"", ""LINE-FAC-039-2""]"
PART-00628,Bracket 628,SUP-0343,"[""LINE-FAC-003-4""]"
PART-00629,Bearing Assembly 629,SUP-0467,"[""LINE-FAC-010-8"", ""LINE-FAC-029-2""]"
PART-00630,Wiring Harness 630,SUP-0113,"[""LINE-FAC-029-5"", ""LINE-FAC-014-3"", ""LINE-FAC-009-3""]"
PART-00631,Housing 631,SUP-0344,"[""LINE-FAC-016-8"", ""LINE-FAC-036-2"", ""LINE-FAC-031-7""]"
PART-00632,Bearing Assembly 632,SUP-0506,"[""LINE-FAC-025-5""]"
PART-00633,Bearing Assembly 633,SUP-0079,"[""LINE-FAC-023-8"", ""LINE-FAC-025-8""]"
PART-00634,Bushing 634,SUP-0271,"[""LINE-FAC-006-8"", ""LINE-FAC-007-5""]"
PART-00635,Actuator 635,SUP-0223,"[""LINE-FAC-017-1"", ""LINE-FAC-039-7""]"
PART-00636,Housing 636,SUP-0324,"[""LINE-FAC-029-8""]"
PART-00637,Bearing Assembly 637,SUP-0341,"[""LINE-FAC-005-8""]"
PART-00638,Sensor Module 638,SUP-0799,"[""LINE-FAC-005-7"", ""LINE-FAC-034-5""]"
PART-00639,Bearing Assembly 639,SUP-0306,"[""LINE-FAC-007-5"", ""LINE-FAC-022-6"", ""LINE-FAC-025-1""]"
PART-00640,Bracket 640,SUP-0753,"[""LINE-FAC-040-8"", ""LINE-FAC-038-6"", ""LINE-FAC-001-6""]"
PART-00641,Coupling 641,SUP-0230,"[""LINE-FAC-010-2"", ""LINE-FAC-002-7"", ""LINE-FAC-019-1""]"
PART-00642,Bushing 642,SUP-0947,"[""LINE-FAC-031-2"", ""LINE-FAC-007-2"", ""LINE-FAC-009-8""]"
PART-00643,Actuator 643,SUP-0604,"[""LINE-FAC-039-5"", ""LINE-FAC-009-2""]"
PART-00644,Coupling 644,SUP-0755,"[""LINE-FAC-006-5"", ""LINE-FAC-011-6"", ""LINE-FAC-021-3""]"
PART-00645,Valve Body 645,SUP-0728,"[""LINE-FAC-005-3"", ""LINE-FAC-034-6""]"
PART-00646,Coupling 646,SUP-0414,"[""LINE-FAC-002-5""]"
PART-00647,Bracket 647,SUP-0993,"[""LINE-FAC-027-5""]"
PART-00648,Bracket 648,SUP-0643,"[""LINE-FAC-004-1""]"
PART-00649,Valve Body 649,SUP-0191,"[""LINE-FAC-018-5""]"
PART-00650,Housing 650,SUP-0793,"[""LINE-FAC-023-3"", ""LINE-FAC-013-7"", ""LINE-FAC-028-3""]"
PART-00651,Gasket 651,SUP-0007,"[""LINE-FAC-004-2"", ""LINE-FAC-016-4""]"
PART-00652,Housing 652,SUP-0854,"[""LINE-FAC-040-5"", ""LINE-FAC-018-2"", ""LINE-FAC-005-4""]"
PART-00653,Bearing Assembly 653,SUP-0446,"[""LINE-FAC-019-6"", ""LINE-FAC-003-6"", ""LINE-FAC-001-1""]"
PART-00654,Coupling 654,SUP-0409,"[""LINE-FAC-007-3"", ""LINE-FAC-037-6""]"
PART-00655,Bearing Assembly 655,SUP-0253,"[""LINE-FAC-037-4"", ""LINE-FAC-014-1"", ""LINE-FAC-021-6""]"
PART-00656,Valve Body 656,SUP-0679,"[""LINE-FAC-013-3"", ""LINE-FAC-036-1"", ""LINE-FAC-006-7""]"
PART-00657,Bushing 657,SUP-0209,"[""LINE-FAC-001-4"", ""LINE-FAC-003-8"", ""LINE-FAC-005-8""]"
PART-00658,Bracket 658,SUP-0035,"[""LINE-FAC-011-7"", ""LINE-FAC-029-3""]"
PART-00659,Coupling 659,SUP-0617,"[""LINE-FAC-017-4"", ""LINE-FAC-037-4""]"
PART-00660,Bushing 660,SUP-0580,"[""LINE-FAC-014-3"", ""LINE-FAC-014-1"", ""LINE-FAC-023-5""]"
PART-00661,Bearing Assembly 661,SUP-0885,"[""LINE-FAC-007-8""]"
PART-00662,Coupling 662,SUP-0238,"[""LINE-FAC-004-7"", ""LINE-FAC-023-4""]"
PART-00663,Valve Body 663,SUP-0276,"[""LINE-FAC-006-5"", ""LINE-FAC-026-2"", ""LINE-FAC-010-7""]"
PART-00664,Bushing 664,SUP-0800,"[""LINE-FAC-034-8""]"
PART-00665,Bearing Assembly 665,SUP-0445,"[""LINE-FAC-033-8""]"
PART-00666,Sensor Module 666,SUP-0735,"[""LINE-FAC-004-6"", ""LINE-FAC-018-1"", ""LINE-FAC-015-8""]"
PART-00667,Bracket 667,SUP-0615,"[""LINE-FAC-036-1""]"
PART-00668,Wiring Harness 668,SUP-0477,"[""LINE-FAC-034-4""]"
PART-00669,Bearing Assembly 669,SUP-0424,"[""LINE-FAC-009-5"", ""LINE-FAC-028-6""]"
PART-00670,Bushing 670,SUP-0402,"[""LINE-FAC-001-1"", ""LINE-FAC-019-7"", ""LINE-FAC-027-6""]"
PART-00671,Wiring Harness 671,SUP-0143,"[""LINE-FAC-013-4"", ""LINE-FAC-031-6""]"
PART-00672,Bushing 672,SUP-0663,"[""LINE-FAC-038-8"", ""LINE-FAC-013-2"", ""LINE-FAC-028-1""]"
PART-00673,Sensor Module 673,SUP-0387,"[""LINE-FAC-033-6"", ""LINE-FAC-037-8""]"
PART-00674,Valve Body 674,SUP-0014,"[""LINE-FAC-032-2"", ""LINE-FAC-004-2""]"
PART-00675,Actuator 675,SUP-0442,"[""LINE-FAC-023-2""]"
PART-00676,Sensor Module 676,SUP-0937,"[""LINE-FAC-001-3""]"
PART-00677,Valve Body 677,SUP-0919,"[""LINE-FAC-016-1"", ""LINE-FAC-018-8""]"
PART-00678,Housing 678,SUP-0521,"[""LINE-FAC-012-7"", ""LINE-FAC-014-3""]"
PART-00679,Housing 679,SUP-0732,"[""LINE-FAC-007-8""]"
PART-00680,Gasket 680,SUP-0423,"[""LINE-FAC-012-8"", ""LINE-FAC-005-2""]"
PART-00681,Bracket 681,SUP-0422,"[""LINE-FAC-015-6"", ""LINE-FAC-033-1""]"
PART-00682,Bracket 682,SUP-0797,"[""LINE-FAC-013-4"", ""LINE-FAC-023-4"", ""LINE-FAC-030-4""]"
PART-00683,Sensor Module 683,SUP-0157,"[""LINE-FAC-019-5"", ""LINE-FAC-019-6""]"
PART-00684,Wiring Harness 684,SUP-0783,"[""LINE-FAC-005-2"", ""LINE-FAC-039-3""]"
PART-00685,Actuator 685,SUP-0234,"[""LINE-FAC-040-1"", ""LINE-FAC-017-4"", ""LINE-FAC-013-4""]"
PART-00686,Wiring Harness 686,SUP-0284,"[""LINE-FAC-003-5"", ""LINE-FAC-022-2""]"
PART-00687,Housing 687,SUP-0009,"[""LINE-FAC-027-3""]"
PART-00688,Bracket 688,SUP-0386,"[""LINE-FAC-023-6""]"
PART-00689,Gasket 689,SUP-0648,"[""LINE-FAC-002-4""]"
PART-00690,Bushing 690,SUP-0897,"[""LINE-FAC-038-6"", ""LINE-FAC-007-3"", ""LINE-FAC-027-1""]"
PART-00691,Gasket 691,SUP-0435,"[""LINE-FAC-038-1""]"
PART-00692,Sensor Module 692,SUP-0709,"[""LINE-FAC-017-8"", ""LINE-FAC-011-1""]"
PART-00693,Sensor Module 693,SUP-0174,"[""LINE-FAC-014-5""]"
PART-00694,Gasket 694,SUP-0611,"[""LINE-FAC-040-7"", ""LINE-FAC-038-2""]"
PART-00695,Bearing Assembly 695,SUP-0336,"[""LINE-FAC-035-6"", ""LINE-FAC-015-1""]"
PART-00696,Actuator 696,SUP-0262,"[""LINE-FAC-024-3""]"
PART-00697,Bearing Assembly 697,SUP-0263,"[""LINE-FAC-038-3""]"
PART-00698,Actuator 698,SUP-0697,"[""LINE-FAC-040-8"", ""LINE-FAC-033-6""]"
PART-00699,Bracket 699,SUP-0414,"[""LINE-FAC-022-2""]"
PART-00700,Housing 700,SUP-0500,"[""LINE-FAC-015-8"", ""LINE-FAC-005-2""]"
PART-00701,Bearing Assembly 701,SUP-0227,"[""LINE-FAC-002-5""]"
PART-00702,Valve Body 702,SUP-0306,"[""LINE-FAC-035-7""]"
PART-00703,Bushing 703,SUP-0917,"[""LINE-FAC-005-4""]"
PART-00704,Bracket 704,SUP-0414,"[""LINE-FAC-040-7"", ""LINE-FAC-014-5""]"
PART-00705,Coupling 705,SUP-0555,"[""LINE-FAC-033-3"", ""LINE-FAC-034-6""]"
PART-00706,Coupling 706,SUP-0647,"[""LINE-FAC-028-8"", ""LINE-FAC-001-1"", ""LINE-FAC-020-3""]"
PART-00707,Valve Body 707,SUP-0864,"[""LINE-FAC-034-5""]"
PART-00708,Bushing 708,SUP-0881,"[""LINE-FAC-019-2"", ""LINE-FAC-020-2"", ""LINE-FAC-032-5""]"
PART-00709,Bearing Assembly 709,SUP-0445,"[""LINE-FAC-021-2"", ""LINE-FAC-031-2""]"
PART-00710,Valve Body 710,SUP-0287,"[""LINE-FAC-028-7"", ""LINE-FAC-039-3"", ""LINE-FAC-017-7""]"
PART-00711,Bracket 711,SUP-0382,"[""LINE-FAC-036-3"", ""LINE-FAC-035-6"", ""LINE-FAC-002-7""]"
PART-00712,Bearing Assembly 712,SUP-0211,"[""LINE-FAC-011-5"", ""LINE-FAC-015-2""]"
PART-00713,Bushing 713,SUP-0233,"[""LINE-FAC-022-3"", ""LINE-FAC-013-6"", ""LINE-FAC-028-3""]"
PART-00714,Bracket 714,SUP-0989,"[""LINE-FAC-027-4"", ""LINE-FAC-032-3"", ""LINE-FAC-039-1""]"
PART-00715,Coupling 715,SUP-0703,"[""LINE-FAC-032-8""]"
PART-00716,Wiring Harness 716,SUP-0410,"[""LINE-FAC-036-1"", ""LINE-FAC-002-4"", ""LINE-FAC-026-7""]"
PART-00717,Bushing 717,SUP-0442,"[""LINE-FAC-002-8"", ""LINE-FAC-029-6"", ""LINE-FAC-006-2""]"
PART-00718,Bracket 718,SUP-0786,"[""LINE-FAC-032-7"", ""LINE-FAC-005-8""]"
PART-00719,Housing 719,SUP-0049,"[""LINE-FAC-036-4""]"
PART-00720,Bracket 720,SUP-0158,"[""LINE-FAC-034-7"", ""LINE-FAC-021-7"", ""LINE-FAC-010-4""]"
PART-00721,Coupling 721,SUP-0507,"[""LINE-FAC-034-5"", ""LINE-FAC-028-5""]"
PART-00722,Bearing Assembly 722,SUP-0257,"[""LINE-FAC-013-4""]"
PART-00723,Valve Body 723,SUP-0600,"[""LINE-FAC-028-6""]"
PART-00724,Valve Body 724,SUP-0328,"[""LINE-FAC-032-3"", ""LINE-FAC-034-5"", ""LINE-FAC-010-8""]"
PART-00725,Coupling 725,SUP-0733,"[""LINE-FAC-016-7""]"
PART-00726,Housing 726,SUP-0874,"[""LINE-FAC-015-3"", ""LINE-FAC-031-3""]"
PART-00727,Bracket 727,SUP-0602,"[""LINE-FAC-021-3"", ""LINE-FAC-033-3""]"
PART-00728,Coupling 728,SUP-0079,"[""LINE-FAC-019-4"", ""LINE-FAC-013-4""]"
PART-00729,Sensor Module 729,SUP-0270,"[""LINE-FAC-034-6"", ""LINE-FAC-036-6""]"
PART-00730,Coupling 730,SUP-0630,"[""LINE-FAC-020-3"", ""LINE-FAC-032-5"", ""LINE-FAC-025-5""]"
PART-00731,Coupling 731,SUP-0421,"[""LINE-FAC-037-7""]"
PART-00732,Coupling 732,SUP-0622,"[""LINE-FAC-007-2""]"
PART-00733,Bracket 733,SUP-0307,"[""LINE-FAC-031-4"", ""LINE-FAC-010-1""]"
PART-00734,Actuator 734,SUP-0874,"[""LINE-FAC-012-7""]"
PART-00735,Bearing Assembly 735,SUP-0997,"[""LINE-FAC-027-7""]"
PART-00736,Housing 736,SUP-0045,"[""LINE-FAC-035-2"", ""LINE-FAC-025-5"", ""LINE-FAC-031-3""]"
PART-00737,Bracket 737,SUP-0624,"[""LINE-FAC-028-4"", ""LINE-FAC-004-7"", ""LINE-FAC-019-2""]"
PART-00738,Valve Body 738,SUP-0846,"[""LINE-FAC-028-7"", ""LINE-FAC-001-6""]"
PART-00739,Coupling 739,SUP-0618,"[""LINE-FAC-019-6"", ""LINE-FAC-021-5""]"
PART-00740,Bracket 740,SUP-0060,"[""LINE-FAC-039-3"", ""LINE-FAC-028-7"", ""LINE-FAC-033-3""]"
PART-00741,Actuator 741,SUP-0269,"[""LINE-FAC-027-8""]"
PART-00742,Gasket 742,SUP-0078,"[""LINE-FAC-006-3"", ""LINE-FAC-018-8""]"
PART-00743,Coupling 743,SUP-0279,"[""LINE-FAC-033-2"", ""LINE-FAC-024-2""]"
PART-00744,Coupling 744,SUP-0361,"[""LINE-FAC-033-5""]"
PART-00745,Bushing 745,SUP-0582,"[""LINE-FAC-023-6"", ""LINE-FAC-005-1""]"
PART-00746,Gasket 746,SUP-0089,"[""LINE-FAC-022-1""]"
PART-00747,Coupling 747,SUP-0373,"[""LINE-FAC-040-3"", ""LINE-FAC-013-3"", ""LINE-FAC-032-6""]"
PART-00748,Valve Body 748,SUP-0492,"[""LINE-FAC-009-7"", ""LINE-FAC-008-4""]"
PART-00749,Bushing 749,SUP-0135,"[""LINE-FAC-020-3""]"
PART-00750,Coupling 750,SUP-0418,"[""LINE-FAC-021-8""]"
PART-00751,Valve Body 751,SUP-0424,"[""LINE-FAC-027-5"", ""LINE-FAC-036-8""]"
PART-00752,Actuator 752,SUP-0616,"[""LINE-FAC-015-8""]"
PART-00753,Actuator 753,SUP-0700,"[""LINE-FAC-011-2"", ""LINE-FAC-033-5"", ""LINE-FAC-024-7""]"
PART-00754,Wiring Harness 754,SUP-0890,"[""LINE-FAC-039-3"", ""LINE-FAC-020-6"", ""LINE-FAC-026-5""]"
PART-00755,Actuator 755,SUP-0968,"[""LINE-FAC-011-3"", ""LINE-FAC-026-4""]"
PART-00756,Coupling 756,SUP-0805,"[""LINE-FAC-003-6""]"
PART-00757,Valve Body 757,SUP-0293,"[""LINE-FAC-009-2"", ""LINE-FAC-033-6""]"
PART-00758,Wiring Harness 758,SUP-0326,"[""LINE-FAC-026-1"", ""LINE-FAC-039-4""]"
PART-00759,Bracket 759,SUP-0488,"[""LINE-FAC-023-4"", ""LINE-FAC-019-8""]"
PART-00760,Sensor Module 760,SUP-0673,"[""LINE-FAC-038-4"", ""LINE-FAC-005-6""]"
PART-00761,Housing 761,SUP-0008,"[""LINE-FAC-008-3"", ""LINE-FAC-011-1"", ""LINE-FAC-013-8""]"
PART-00762,Actuator 762,SUP-0233,"[""LINE-FAC-004-4""]"
PART-00763,Bearing Assembly 763,SUP-0085,"[""LINE-FAC-012-7""]"
PART-00764,Bearing Assembly 764,SUP-0126,"[""LINE-FAC-030-7"", ""LINE-FAC-019-3"", ""LINE-FAC-009-2""]"
PART-00765,Bearing Assembly 765,SUP-0675,"[""LINE-FAC-039-4"", ""LINE-FAC-024-1"", ""LINE-FAC-019-4""]"
PART-00766,Gasket 766,SUP-0132,"[""LINE-FAC-003-1""]"
PART-00767,Sensor Module 767,SUP-0662,"[""LINE-FAC-024-8"", ""LINE-FAC-009-1"", ""LINE-FAC-015-3""]"
PART-00768,Bearing Assembly 768,SUP-0523,"[""LINE-FAC-008-3""]"
PART-00769,Bushing 769,SUP-0545,"[""LINE-FAC-018-4"", ""LINE-FAC-032-8"", ""LINE-FAC-017-8""]"
PART-00770,Bracket 770,SUP-0663,"[""LINE-FAC-038-5"", ""LINE-FAC-012-3"", ""LINE-FAC-026-3""]"
PART-00771,Coupling 771,SUP-0115,"[""LINE-FAC-029-7""]"
PART-00772,Gasket 772,SUP-0058,"[""LINE-FAC-002-1"", ""LINE-FAC-024-3""]"
PART-00773,Actuator 773,SUP-0700,"[""LINE-FAC-025-7"", ""LINE-FAC-034-8"", ""LINE-FAC-010-5""]"
PART-00774,Valve Body 774,SUP-0745,"[""LINE-FAC-020-1""]"
PART-00775,Bushing 775,SUP-0291,"[""LINE-FAC-018-4"", ""LINE-FAC-007-3"", ""LINE-FAC-023-5""]"
PART-00776,Wiring Harness 776,SUP-0696,"[""LINE-FAC-037-2""]"
PART-00777,Bushing 777,SUP-0163,"[""LINE-FAC-038-6"", ""LINE-FAC-023-7"", ""LINE-FAC-021-4""]"
PART-00778,Gasket 778,SUP-0054,"[""LINE-FAC-004-1"", ""LINE-FAC-003-1""]"
PART-00779,Valve Body 779,SUP-0987,"[""LINE-FAC-027-6""]"
PART-00780,Actuator 780,SUP-0679,"[""LINE-FAC-038-1"", ""LINE-FAC-009-4"", ""LINE-FAC-040-5""]"
PART-00781,Bearing Assembly 781,SUP-0046,"[""LINE-FAC-040-3"", ""LINE-FAC-022-6"", ""LINE-FAC-016-6""]"
PART-00782,Actuator 782,SUP-0034,"[""LINE-FAC-013-3"", ""LINE-FAC-013-5"", ""LINE-FAC-010-3""]"
PART-00783,Bracket 783,SUP-0606,"[""LINE-FAC-011-4"", ""LINE-FAC-014-1""]"
PART-00784,Wiring Harness 784,SUP-0685,"[""LINE-FAC-034-6"", ""LINE-FAC-027-4""]"
PART-00785,Gasket 785,SUP-0341,"[""LINE-FAC-022-1"", ""LINE-FAC-014-6""]"
PART-00786,Wiring Harness 786,SUP-0200,"[""LINE-FAC-021-5"", ""LINE-FAC-003-1"", ""LINE-FAC-027-8""]"
PART-00787,Bracket 787,SUP-0844,"[""LINE-FAC-034-3""]"
PART-00788,Actuator 788,SUP-0256,"[""LINE-FAC-013-5"", ""LINE-FAC-024-8""]"
PART-00789,Bushing 789,SUP-0401,"[""LINE-FAC-005-7"", ""LINE-FAC-008-7""]"
PART-00790,Sensor Module 790,SUP-0442,"[""LINE-FAC-039-4"", ""LINE-FAC-007-5"", ""LINE-FAC-012-3""]"
PART-00791,Sensor Module 791,SUP-0260,"[""LINE-FAC-027-8"", ""LINE-FAC-033-5"", ""LINE-FAC-012-1""]"
PART-00792,Valve Body 792,SUP-0991,"[""LINE-FAC-028-7""]"
PART-00793,Housing 793,SUP-0506,"[""LINE-FAC-022-5"", ""LINE-FAC-030-2""]"
PART-00794,Wiring Harness 794,SUP-0362,"[""LINE-FAC-030-6"", ""LINE-FAC-012-6""]"
PART-00795,Actuator 795,SUP-0863,"[""LINE-FAC-009-6"", ""LINE-FAC-012-6""]"
PART-00796,Bracket 796,SUP-0754,"[""LINE-FAC-008-3"", ""LINE-FAC-013-6"", ""LINE-FAC-033-5""]"
PART-00797,Gasket 797,SUP-0631,"[""LINE-FAC-026-7"", ""LINE-FAC-031-8"", ""LINE-FAC-022-2""]"
PART-00798,Coupling 798,SUP-0325,"[""LINE-FAC-035-5"", ""LINE-FAC-030-8"", ""LINE-FAC-001-7""]"
PART-00799,Valve Body 799,SUP-0764,"[""LINE-FAC-022-8""]"
PART-00800,Sensor Module 800,SUP-0852,"[""LINE-FAC-001-3"", ""LINE-FAC-038-1""]"
PART-00801,Gasket 801,SUP-0183,"[""LINE-FAC-035-4""]"
PART-00802,Sensor Module 802,SUP-0487,"[""LINE-FAC-026-3"", ""LINE-FAC-013-6""]"
PART-00803,Wiring Harness 803,SUP-0613,"[""LINE-FAC-021-6"", ""LINE-FAC-037-2"", ""LINE-FAC-029-6""]"
PART-00804,Bushing 804,SUP-0926,"[""LINE-FAC-020-2"", ""LINE-FAC-034-2""]"
PART-00805,Actuator 805,SUP-0618,"[""LINE-FAC-026-6""]"
PART-00806,Sensor Module 806,SUP-0680,"[""LINE-FAC-023-7"", ""LINE-FAC-036-1""]"
PART-00807,Coupling 807,SUP-0556,"[""LINE-FAC-020-4"", ""LINE-FAC-008-1""]"
PART-00808,Bushing 808,SUP-0618,"[""LINE-FAC-015-5"", ""LINE-FAC-009-5"", ""LINE-FAC-024-4""]"
PART-00809,Housing 809,SUP-0561,"[""LINE-FAC-036-7""]"
PART-00810,Bracket 810,SUP-0498,"[""LINE-FAC-017-6""]"
PART-00811,Bushing 811,SUP-0739,"[""LINE-FAC-019-3""]"
PART-00812,Bracket 812,SUP-0601,"[""LINE-FAC-003-8"", ""LINE-FAC-019-5"", ""LINE-FAC-001-1""]"
PART-00813,Bushing 813,SUP-0001,"[""LINE-FAC-023-3"", ""LINE-FAC-013-2"", ""LINE-FAC-025-3""]"
PART-00814,Sensor Module 814,SUP-0753,"[""LINE-FAC-031-4"", ""LINE-FAC-016-1"", ""LINE-FAC-015-1""]"
PART-00815,Actuator 815,SUP-0418,"[""LINE-FAC-018-6"", ""LINE-FAC-002-2""]"
PART-00816,Housing 816,SUP-0616,"[""LINE-FAC-035-2""]"
PART-00817,Valve Body 817,SUP-0212,"[""LINE-FAC-021-4""]"
PART-00818,Coupling 818,SUP-0210,"[""LINE-FAC-028-5""]"
PART-00819,Wiring Harness 819,SUP-0339,"[""LINE-FAC-022-3"", ""LINE-FAC-005-1""]"
PART-00820,Sensor Module 820,SUP-0242,"[""LINE-FAC-030-8""]"
PART-00821,Bearing Assembly 821,SUP-0831,"[""LINE-FAC-006-3"", ""LINE-FAC-021-3"", ""LINE-FAC-012-4""]"
PART-00822,Gasket 822,SUP-0289,"[""LINE-FAC-035-6"", ""LINE-FAC-026-7"", ""LINE-FAC-039-7""]"
PART-00823,Valve Body 823,SUP-0565,"[""LINE-FAC-024-4"", ""LINE-FAC-025-6""]"
PART-00824,Coupling 824,SUP-0568,"[""LINE-FAC-037-1""]"
PART-00825,Gasket 825,SUP-0712,"[""LINE-FAC-028-3"", ""LINE-FAC-014-8"", ""LINE-FAC-031-1""]"
PART-00826,Bearing Assembly 826,SUP-0073,"[""LINE-FAC-040-7""]"
PART-00827,Coupling 827,SUP-0080,"[""LINE-FAC-004-4""]"
PART-00828,Bushing 828,SUP-0583,"[""LINE-FAC-005-6""]"
PART-00829,Wiring Harness 829,SUP-0749,"[""LINE-FAC-014-1"", ""LINE-FAC-002-5""]"
PART-00830,Gasket 830,SUP-0250,"[""LINE-FAC-020-2"", ""LINE-FAC-034-5"", ""LINE-FAC-010-8""]"
PART-00831,Bushing 831,SUP-0641,"[""LINE-FAC-012-5"", ""LINE-FAC-020-1""]"
PART-00832,Sensor Module 832,SUP-0574,"[""LINE-FAC-029-4""]"
PART-00833,Bracket 833,SUP-0684,"[""LINE-FAC-008-6"", ""LINE-FAC-019-4"", ""LINE-FAC-022-2""]"
PART-00834,Housing 834,SUP-0914,"[""LINE-FAC-003-1"", ""LINE-FAC-013-4""]"
PART-00835,Coupling 835,SUP-0211,"[""LINE-FAC-027-6"", ""LINE-FAC-032-4""]"
PART-00836,Valve Body 836,SUP-0982,"[""LINE-FAC-010-5"", ""LINE-FAC-021-5"", ""LINE-FAC-012-4""]"
PART-00837,Sensor Module 837,SUP-0174,"[""LINE-FAC-003-2"", ""LINE-FAC-024-5"", ""LINE-FAC-024-6""]"
PART-00838,Actuator 838,SUP-0116,"[""LINE-FAC-028-7""]"
PART-00839,Coupling 839,SUP-0757,"[""LINE-FAC-038-1"", ""LINE-FAC-018-6"", ""LINE-FAC-012-6""]"
PART-00840,Bracket 840,SUP-0697,"[""LINE-FAC-023-5"", ""LINE-FAC-009-3"", ""LINE-FAC-007-4""]"
PART-00841,Bushing 841,SUP-0489,"[""LINE-FAC-023-5"", ""LINE-FAC-017-8""]"
PART-00842,Wiring Harness 842,SUP-0466,"[""LINE-FAC-005-2"", ""LINE-FAC-030-6""]"
PART-00843,Bracket 843,SUP-0410,"[""LINE-FAC-019-4"", ""LINE-FAC-037-5""]"
PART-00844,Housing 844,SUP-0907,"[""LINE-FAC-030-2"", ""LINE-FAC-009-8""]"
PART-00845,Gasket 845,SUP-0411,"[""LINE-FAC-005-5"", ""LINE-FAC-003-1""]"
PART-00846,Bearing Assembly 846,SUP-0412,"[""LINE-FAC-035-7"", ""LINE-FAC-014-4"", ""LINE-FAC-030-1""]"
PART-00847,Valve Body 847,SUP-0325,"[""LINE-FAC-035-6""]"
PART-00848,Coupling 848,SUP-0949,"[""LINE-FAC-027-4"", ""LINE-FAC-006-7""]"
PART-00849,Housing 849,SUP-0960,"[""LINE-FAC-029-8"", ""LINE-FAC-007-4"", ""LINE-FAC-028-1""]"
PART-00850,Valve Body 850,SUP-0866,"[""LINE-FAC-010-6"", ""LINE-FAC-030-7""]"
PART-00851,Gasket 851,SUP-0311,"[""LINE-FAC-007-1"", ""LINE-FAC-030-4"", ""LINE-FAC-018-2""]"
PART-00852,Coupling 852,SUP-0234,"[""LINE-FAC-040-5""]"
PART-00853,Sensor Module 853,SUP-0401,"[""LINE-FAC-029-7"", ""LINE-FAC-014-4""]"
PART-00854,Sensor Module 854,SUP-0390,"[""LINE-FAC-009-4""]"
PART-00855,Sensor Module 855,SUP-0979,"[""LINE-FAC-021-2"", ""LINE-FAC-015-4""]"
PART-00856,Bearing Assembly 856,SUP-0653,"[""LINE-FAC-008-5""]"
PART-00857,Bracket 857,SUP-0930,"[""LINE-FAC-005-4""]"
PART-00858,Housing 858,SUP-0089,"[""LINE-FAC-019-4""]"
PART-00859,Bearing Assembly 859,SUP-0735,"[""LINE-FAC-034-5"", ""LINE-FAC-035-1"", ""LINE-FAC-004-5""]"
PART-00860,Bearing Assembly 860,SUP-0888,"[""LINE-FAC-006-5""]"
PART-00861,Gasket 861,SUP-0163,"[""LINE-FAC-028-8""]"
PART-00862,Bearing Assembly 862,SUP-0650,"[""LINE-FAC-040-4"", ""LINE-FAC-017-4"", ""LINE-FAC-036-6""]"
PART-00863,Sensor Module 863,SUP-0440,"[""LINE-FAC-035-6""]"
PART-00864,Valve Body 864,SUP-0239,"[""LINE-FAC-011-2"", ""LINE-FAC-032-5"", ""LINE-FAC-010-3""]"
PART-00865,Bracket 865,SUP-0333,"[""LINE-FAC-039-4"", ""LINE-FAC-021-8""]"
PART-00866,Wiring Harness 866,SUP-0197,"[""LINE-FAC-016-7""]"
PART-00867,Bushing 867,SUP-0885,"[""LINE-FAC-018-4"", ""LINE-FAC-001-2"", ""LINE-FAC-019-7""]"
PART-00868,Bracket 868,SUP-0070,"[""LINE-FAC-032-8"", ""LINE-FAC-012-1""]"
PART-00869,Bracket 869,SUP-0300,"[""LINE-FAC-002-5"", ""LINE-FAC-040-8"", ""LINE-FAC-004-4""]"
PART-00870,Valve Body 870,SUP-0085,"[""LINE-FAC-026-4"", ""LINE-FAC-023-1""]"
PART-00871,Bushing 871,SUP-0868,"[""LINE-FAC-005-4""]"
PART-00872,Bracket 872,SUP-0758,"[""LINE-FAC-014-5""]"
PART-00873,Wiring Harness 873,SUP-0654,"[""LINE-FAC-030-2"", ""LINE-FAC-013-3""]"
PART-00874,Actuator 874,SUP-0006,"[""LINE-FAC-035-1""]"
PART-00875,Housing 875,SUP-0141,"[""LINE-FAC-033-7""]"
PART-00876,Sensor Module 876,SUP-0893,"[""LINE-FAC-039-6""]"
PART-00877,Bearing Assembly 877,SUP-0237,"[""LINE-FAC-007-5""]"
PART-00878,Bearing Assembly 878,SUP-0738,"[""LINE-FAC-013-1""]"
PART-00879,Wiring Harness 879,SUP-0155,"[""LINE-FAC-003-3""]"
PART-00880,Bearing Assembly 880,SUP-0059,"[""LINE-FAC-010-3"", ""LINE-FAC-021-5"", ""LINE-FAC-038-4""]"
PART-00881,Wiring Harness 881,SUP-0254,"[""LINE-FAC-002-7"", ""LINE-FAC-029-4""]"
PART-00882,Wiring Harness 882,SUP-0584,"[""LINE-FAC-023-4"", ""LINE-FAC-008-2"", ""LINE-FAC-024-1""]"
PART-00883,Bearing Assembly 883,SUP-0388,"[""LINE-FAC-002-2"", ""LINE-FAC-023-7""]"
PART-00884,Housing 884,SUP-0354,"[""LINE-FAC-015-4"", ""LINE-FAC-022-8""]"
PART-00885,Valve Body 885,SUP-0094,"[""LINE-FAC-024-8"", ""LINE-FAC-037-4""]"
PART-00886,Coupling 886,SUP-0590,"[""LINE-FAC-020-3"", ""LINE-FAC-008-8""]"
PART-00887,Coupling 887,SUP-0225,"[""LINE-FAC-016-3"", ""LINE-FAC-024-3""]"
PART-00888,Gasket 888,SUP-0003,"[""LINE-FAC-039-1"", ""LINE-FAC-017-8"", ""LINE-FAC-018-7""]"
PART-00889,Wiring Harness 889,SUP-0078,"[""LINE-FAC-028-7"", ""LINE-FAC-013-6""]"
PART-00890,Bracket 890,SUP-0023,"[""LINE-FAC-038-5""]"
PART-00891,Housing 891,SUP-0181,"[""LINE-FAC-024-7"", ""LINE-FAC-022-7""]"
PART-00892,Bracket 892,SUP-0589,"[""LINE-FAC-032-2"", ""LINE-FAC-027-3"", ""LINE-FAC-014-8""]"
PART-00893,Valve Body 893,SUP-0132,"[""LINE-FAC-037-7"", ""LINE-FAC-026-3""]"
PART-00894,Coupling 894,SUP-0431,"[""LINE-FAC-034-2""]"
PART-00895,Actuator 895,SUP-0504,"[""LINE-FAC-013-4""]"
PART-00896,Coupling 896,SUP-0357,"[""LINE-FAC-003-2"", ""LINE-FAC-039-6"", ""LINE-FAC-022-6""]"
PART-00897,Wiring Harness 897,SUP-0356,"[""LINE-FAC-025-2""]"
PART-00898,Bracket 898,SUP-0089,"[""LINE-FAC-016-7"", ""LINE-FAC-015-4"", ""LINE-FAC-039-3""]"
PART-00899,Bushing 899,SUP-0729,"[""LINE-FAC-012-2"", ""LINE-FAC-011-8"", ""LINE-FAC-004-6""]"
PART-00900,Valve Body 900,SUP-0978,"[""LINE-FAC-032-2""]"
PART-00901,Actuator 901,SUP-0292,"[""LINE-FAC-003-1""]"
PART-00902,Wiring Harness 902,SUP-0743,"[""LINE-FAC-024-2""]"
PART-00903,Coupling 903,SUP-0279,"[""LINE-FAC-032-8"", ""LINE-FAC-037-4""]"
PART-00904,Bearing Assembly 904,SUP-0270,"[""LINE-FAC-026-1"", ""LINE-FAC-029-4""]"
PART-00905,Actuator 905,SUP-0285,"[""LINE-FAC-020-5"", ""LINE-FAC-035-1""]"
PART-00906,Bushing 906,SUP-0947,"[""LINE-FAC-031-3""]"
PART-00907,Gasket 907,SUP-0438,"[""LINE-FAC-016-6"", ""LINE-FAC-039-8""]"
PART-00908,Valve Body 908,SUP-0918,"[""LINE-FAC-008-5"", ""LINE-FAC-014-3"", ""LINE-FAC-016-3""]"
PART-00909,Valve Body 909,SUP-0924,"[""LINE-FAC-027-1""]"
PART-00910,Gasket 910,SUP-0139,"[""LINE-FAC-006-8""]"
PART-00911,Actuator 911,SUP-0461,"[""LINE-FAC-036-2"", ""LINE-FAC-012-3"", ""LINE-FAC-011-2""]"
PART-00912,Actuator 912,SUP-0100,"[""LINE-FAC-012-8"", ""LINE-FAC-023-3""]"
PART-00913,Sensor Module 913,SUP-0792,"[""LINE-FAC-017-1""]"
PART-00914,Gasket 914,SUP-0491,"[""LINE-FAC-004-7""]"
PART-00915,Bearing Assembly 915,SUP-0330,"[""LINE-FAC-025-2"", ""LINE-FAC-014-5"", ""LINE-FAC-017-5""]"
PART-00916,Gasket 916,SUP-0449,"[""LINE-FAC-013-6""]"
PART-00917,Sensor Module 917,SUP-0563,"[""LINE-FAC-025-8""]"
PART-00918,Valve Body 918,SUP-0301,"[""LINE-FAC-022-5""]"
PART-00919,Housing 919,SUP-0049,"[""LINE-FAC-021-2""]"
PART-00920,Sensor Module 920,SUP-0706,"[""LINE-FAC-033-5""]"
PART-00921,Actuator 921,SUP-0360,"[""LINE-FAC-025-5""]"
PART-00922,Actuator 922,SUP-0282,"[""LINE-FAC-039-8"", ""LINE-FAC-032-3"", ""LINE-FAC-015-4""]"
PART-00923,Wiring Harness 923,SUP-0880,"[""LINE-FAC-001-4"", ""LINE-FAC-022-5"", ""LINE-FAC-017-3""]"
PART-00924,Valve Body 924,SUP-0855,"[""LINE-FAC-035-2"", ""LINE-FAC-007-8""]"
PART-00925,Bearing Assembly 925,SUP-0842,"[""LINE-FAC-023-8"", ""LINE-FAC-011-8""]"
PART-00926,Gasket 926,SUP-0561,"[""LINE-FAC-035-4"", ""LINE-FAC-028-1""]"
PART-00927,Gasket 927,SUP-0443,"[""LINE-FAC-027-1""]"
PART-00928,Housing 928,SUP-0542,"[""LINE-FAC-016-1""]"
PART-00929,Valve Body 929,SUP-0364,"[""LINE-FAC-027-5"", ""LINE-FAC-036-8""]"
PART-00930,Gasket 930,SUP-0208,"[""LINE-FAC-019-3""]"
PART-00931,Housing 931,SUP-0106,"[""LINE-FAC-022-3""]"
PART-00932,Gasket 932,SUP-0638,"[""LINE-FAC-015-1""]"
PART-00933,Bushing 933,SUP-0544,"[""LINE-FAC-027-2"", ""LINE-FAC-025-1""]"
PART-00934,Valve Body 934,SUP-0084,"[""LINE-FAC-020-4"", ""LINE-FAC-024-8""]"
PART-00935,Valve Body 935,SUP-0132,"[""LINE-FAC-018-5""]"
PART-00936,Bushing 936,SUP-0746,"[""LINE-FAC-023-8"", ""LINE-FAC-005-3"", ""LINE-FAC-022-6""]"
PART-00937,Valve Body 937,SUP-0912,"[""LINE-FAC-009-1"", ""LINE-FAC-019-5"", ""LINE-FAC-023-5""]"
PART-00938,Bushing 938,SUP-0567,"[""LINE-FAC-028-8"", ""LINE-FAC-013-3"", ""LINE-FAC-007-8""]"
PART-00939,Actuator 939,SUP-0113,"[""LINE-FAC-019-5""]"
PART-00940,Actuator 940,SUP-0066,"[""LINE-FAC-024-2"", ""LINE-FAC-036-4"", ""LINE-FAC-024-3""]"
PART-00941,Bearing Assembly 941,SUP-0365,"[""LINE-FAC-031-3"", ""LINE-FAC-025-4""]"
PART-00942,Gasket 942,SUP-0177,"[""LINE-FAC-024-3"", ""LINE-FAC-008-6"", ""LINE-FAC-013-5""]"
PART-00943,Valve Body 943,SUP-0231,"[""LINE-FAC-033-8""]"
PART-00944,Coupling 944,SUP-0327,"[""LINE-FAC-032-3"", ""LINE-FAC-035-1"", ""LINE-FAC-001-3""]"
PART-00945,Wiring Harness 945,SUP-0838,"[""LINE-FAC-016-2"", ""LINE-FAC-029-3""]"
PART-00946,Gasket 946,SUP-0484,"[""LINE-FAC-005-8"", ""LINE-FAC-001-8"", ""LINE-FAC-021-3""]"
PART-00947,Bushing 947,SUP-0718,"[""LINE-FAC-029-1""]"
PART-00948,Coupling 948,SUP-0540,"[""LINE-FAC-034-6""]"
PART-00949,Coupling 949,SUP-0538,"[""LINE-FAC-020-2"", ""LINE-FAC-003-4""]"
PART-00950,Bearing Assembly 950,SUP-0311,"[""LINE-FAC-006-6"", ""LINE-FAC-013-1""]"
PART-00951,Bracket 951,SUP-0134,"[""LINE-FAC-020-4""]"
PART-00952,Wiring Harness 952,SUP-0686,"[""LINE-FAC-021-2""]"
PART-00953,Gasket 953,SUP-0122,"[""LINE-FAC-038-6""]"
PART-00954,Wiring Harness 954,SUP-0181,"[""LINE-FAC-029-8""]"
PART-00955,Wiring Harness 955,SUP-0650,"[""LINE-FAC-033-4"", ""LINE-FAC-002-4""]"
PART-00956,Wiring Harness 956,SUP-0753,"[""LINE-FAC-028-6"", ""LINE-FAC-030-1""]"
PART-00957,Bearing Assembly 957,SUP-0917,"[""LINE-FAC-009-2"", ""LINE-FAC-018-1""]"
PART-00958,Bushing 958,SUP-0340,"[""LINE-FAC-010-1"", ""LINE-FAC-003-1""]"
PART-00959,Bushing 959,SUP-0241,"[""LINE-FAC-001-5"", ""LINE-FAC-021-3"", ""LINE-FAC-016-6""]"
PART-00960,Bearing Assembly 960,SUP-0184,"[""LINE-FAC-015-5"", ""LINE-FAC-011-6"", ""LINE-FAC-031-2""]"
PART-00961,Gasket 961,SUP-0099,"[""LINE-FAC-022-3""]"
PART-00962,Bearing Assembly 962,SUP-0684,"[""LINE-FAC-025-5""]"
PART-00963,Gasket 963,SUP-0497,"[""LINE-FAC-005-8"", ""LINE-FAC-034-1""]"
PART-00964,Valve Body 964,SUP-0753,"[""LINE-FAC-019-4""]"
PART-00965,Housing 965,SUP-0648,"[""LINE-FAC-029-4"", ""LINE-FAC-038-7"", ""LINE-FAC-015-7""]"
PART-00966,Wiring Harness 966,SUP-0629,"[""LINE-FAC-008-2"", ""LINE-FAC-037-7"", ""LINE-FAC-016-7""]"
PART-00967,Valve Body 967,SUP-0279,"[""LINE-FAC-012-8"", ""LINE-FAC-033-1""]"
PART-00968,Bushing 968,SUP-0142,"[""LINE-FAC-016-3"", ""LINE-FAC-024-2""]"
PART-00969,Actuator 969,SUP-0105,"[""LINE-FAC-039-6""]"
PART-00970,Actuator 970,SUP-0130,"[""LINE-FAC-024-2""]"
PART-00971,Gasket 971,SUP-0848,"[""LINE-FAC-021-7"", ""LINE-FAC-026-7""]"
PART-00972,Bearing Assembly 972,SUP-0237,"[""LINE-FAC-008-4""]"
PART-00973,Housing 973,SUP-0428,"[""LINE-FAC-038-4""]"
PART-00974,Bearing Assembly 974,SUP-0214,"[""LINE-FAC-005-6"", ""LINE-FAC-008-5""]"
PART-00975,Bearing Assembly 975,SUP-0112,"[""LINE-FAC-023-3"", ""LINE-FAC-007-6"", ""LINE-FAC-018-4""]"
PART-00976,Bracket 976,SUP-0153,"[""LINE-FAC-021-4""]"
PART-00977,Gasket 977,SUP-0773,"[""LINE-FAC-014-8"", ""LINE-FAC-038-6"", ""LINE-FAC-010-8""]"
PART-00978,Bushing 978,SUP-0814,"[""LINE-FAC-037-8"", ""LINE-FAC-024-4"", ""LINE-FAC-004-6""]"
PART-00979,Sensor Module 979,SUP-0651,"[""LINE-FAC-022-4"", ""LINE-FAC-017-1"", ""LINE-FAC-015-3""]"
PART-00980,Actuator 980,SUP-0653,"[""LINE-FAC-026-8"", ""LINE-FAC-022-5""]"
PART-00981,Bracket 981,SUP-0752,"[""LINE-FAC-035-8""]"
PART-00982,Bushing 982,SUP-0602,"[""LINE-FAC-018-4""]"
PART-00983,Housing 983,SUP-0552,"[""LINE-FAC-022-1"", ""LINE-FAC-024-5"", ""LINE-FAC-037-4""]"
PART-00984,Coupling 984,SUP-0638,"[""LINE-FAC-034-7"", ""LINE-FAC-036-3"", ""LINE-FAC-006-7""]"
PART-00985,Coupling 985,SUP-0317,"[""LINE-FAC-020-4"", ""LINE-FAC-028-4"", ""LINE-FAC-018-2""]"
PART-00986,Bushing 986,SUP-0439,"[""LINE-FAC-034-1"", ""LINE-FAC-014-2"", ""LINE-FAC-035-7""]"
PART-00987,Housing 987,SUP-0821,"[""LINE-FAC-040-1""]"
PART-00988,Sensor Module 988,SUP-0776,"[""LINE-FAC-036-6""]"
PART-00989,Bearing Assembly 989,SUP-0995,"[""LINE-FAC-013-4""]"
PART-00990,Housing 990,SUP-0352,"[""LINE-FAC-014-4""]"
PART-00991,Housing 991,SUP-0660,"[""LINE-FAC-009-2""]"
PART-00992,Coupling 992,SUP-0726,"[""LINE-FAC-040-2""]"
PART-00993,Bushing 993,SUP-0395,"[""LINE-FAC-022-3"", ""LINE-FAC-016-1""]"
PART-00994,Actuator 994,SUP-0709,"[""LINE-FAC-021-7"", ""LINE-FAC-019-3"", ""LINE-FAC-021-8""]"
PART-00995,Housing 995,SUP-0711,"[""LINE-FAC-032-2"", ""LINE-FAC-002-1"", ""LINE-FAC-007-2""]"
PART-00996,Bearing Assembly 996,SUP-0742,"[""LINE-FAC-036-7""]"
PART-00997,Bracket 997,SUP-0720,"[""LINE-FAC-023-2"", ""LINE-FAC-003-5"", ""LINE-FAC-029-5""]"
PART-00998,Housing 998,SUP-0728,"[""LINE-FAC-018-7"", ""LINE-FAC-012-7"", ""LINE-FAC-018-2""]"
PART-00999,Sensor Module 999,SUP-0807,"[""LINE-FAC-027-8"", ""LINE-FAC-035-7""]"
PART-01000,Actuator 1000,SUP-0643,"[""LINE-FAC-006-6""]"
PART-01001,Housing 1001,SUP-0994,"[""LINE-FAC-038-7""]"
PART-01002,Valve Body 1002,SUP-0426,"[""LINE-FAC-018-5""]"
PART-01003,Bushing 1003,SUP-0527,"[""LINE-FAC-036-4""]"
PART-01004,Bracket 1004,SUP-0138,"[""LINE-FAC-020-1"", ""LINE-FAC-027-1""]"
PART-01005,Wiring Harness 1005,SUP-0615,"[""LINE-FAC-032-2"", ""LINE-FAC-001-6""]"
PART-01006,Wiring Harness 1006,SUP-0776,"[""LINE-FAC-006-8""]"
PART-01007,Bushing 1007,SUP-0987,"[""LINE-FAC-006-4"", ""LINE-FAC-037-8""]"
PART-01008,Gasket 1008,SUP-0528,"[""LINE-FAC-035-3"", ""LINE-FAC-005-3""]"
PART-01009,Bracket 1009,SUP-0040,"[""LINE-FAC-007-1""]"
PART-01010,Actuator 1010,SUP-0530,"[""LINE-FAC-021-7"", ""LINE-FAC-032-8"", ""LINE-FAC-010-3""]"
PART-01011,Coupling 1011,SUP-0713,"[""LINE-FAC-031-3"", ""LINE-FAC-031-6"", ""LINE-FAC-016-1""]"
PART-01012,Housing 1012,SUP-0373,"[""LINE-FAC-023-7"", ""LINE-FAC-018-4"", ""LINE-FAC-013-1""]"
PART-01013,Wiring Harness 1013,SUP-0964,"[""LINE-FAC-036-8""]"
PART-01014,Gasket 1014,SUP-0071,"[""LINE-FAC-024-6"", ""LINE-FAC-034-7"", ""LINE-FAC-024-3""]"
PART-01015,Actuator 1015,SUP-0703,"[""LINE-FAC-039-3"", ""LINE-FAC-026-4"", ""LINE-FAC-032-1""]"
PART-01016,Sensor Module 1016,SUP-0692,"[""LINE-FAC-019-1""]"
PART-01017,Bushing 1017,SUP-0915,"[""LINE-FAC-040-2"", ""LINE-FAC-030-2"", ""LINE-FAC-022-2""]"
PART-01018,Valve Body 1018,SUP-0406,"[""LINE-FAC-021-5"", ""LINE-FAC-003-6""]"
PART-01019,Wiring Harness 1019,SUP-0407,"[""LINE-FAC-034-7"", ""LINE-FAC-015-4"", ""LINE-FAC-020-5""]"
PART-01020,Bracket 1020,SUP-0620,"[""LINE-FAC-038-7"", ""LINE-FAC-024-1""]"
PART-01021,Gasket 1021,SUP-0298,"[""LINE-FAC-010-5"", ""LINE-FAC-033-1"", ""LINE-FAC-040-8""]"
PART-01022,Housing 1022,SUP-0762,"[""LINE-FAC-031-5"", ""LINE-FAC-018-2""]"
PART-01023,Bearing Assembly 1023,SUP-0509,"[""LINE-FAC-039-6"", ""LINE-FAC-019-8"", ""LINE-FAC-015-8""]"
PART-01024,Bracket 1024,SUP-0588,"[""LINE-FAC-013-8"", ""LINE-FAC-011-1""]"
PART-01025,Sensor Module 1025,SUP-0818,"[""LINE-FAC-036-8"", ""LINE-FAC-026-2""]"
PART-01026,Sensor Module 1026,SUP-0593,"[""LINE-FAC-039-7"", ""LINE-FAC-004-8""]"
PART-01027,Bearing Assembly 1027,SUP-0841,"[""LINE-FAC-023-3"", ""LINE-FAC-014-7""]"
PART-01028,Sensor Module 1028,SUP-0686,"[""LINE-FAC-024-6"", ""LINE-FAC-031-7"", ""LINE-FAC-008-8""]"
PART-01029,Valve Body 1029,SUP-0589,"[""LINE-FAC-007-7"", ""LINE-FAC-012-6""]"
PART-01030,Gasket 1030,SUP-0715,"[""LINE-FAC-013-1"", ""LINE-FAC-031-5"", ""LINE-FAC-009-8""]"
PART-01031,Bearing Assembly 1031,SUP-0970,"[""LINE-FAC-013-1"", ""LINE-FAC-031-1""]"
PART-01032,Coupling 1032,SUP-0336,"[""LINE-FAC-011-5"", ""LINE-FAC-036-7"", ""LINE-FAC-001-2""]"
PART-01033,Housing 1033,SUP-0812,"[""LINE-FAC-011-1"", ""LINE-FAC-004-8"", ""LINE-FAC-019-7""]"
PART-01034,Bushing 1034,SUP-0379,"[""LINE-FAC-008-7"", ""LINE-FAC-033-8""]"
PART-01035,Housing 1035,SUP-0757,"[""LINE-FAC-003-3""]"
PART-01036,Valve Body 1036,SUP-0762,"[""LINE-FAC-008-1"", ""LINE-FAC-009-2""]"
PART-01037,Bracket 1037,SUP-0813,"[""LINE-FAC-035-1"", ""LINE-FAC-027-5""]"
PART-01038,Bracket 1038,SUP-0679,"[""LINE-FAC-035-2""]"
PART-01039,Bracket 1039,SUP-0246,"[""LINE-FAC-016-4"", ""LINE-FAC-012-7"", ""LINE-FAC-001-4""]"
PART-01040,Housing 1040,SUP-0564,"[""LINE-FAC-012-3"", ""LINE-FAC-019-5""]"
PART-01041,Bearing Assembly 1041,SUP-0065,"[""LINE-FAC-024-5"", ""LINE-FAC-013-6"", ""LINE-FAC-028-7""]"
PART-01042,Bearing Assembly 1042,SUP-0649,"[""LINE-FAC-032-2"", ""LINE-FAC-034-5"", ""LINE-FAC-022-6""]"
PART-01043,Valve Body 1043,SUP-0184,"[""LINE-FAC-022-4"", ""LINE-FAC-040-4"", ""LINE-FAC-026-6""]"
PART-01044,Gasket 1044,SUP-0789,"[""LINE-FAC-040-8"", ""LINE-FAC-003-1"", ""LINE-FAC-017-2""]"
PART-01045,Sensor Module 1045,SUP-0531,"[""LINE-FAC-036-5"", ""LINE-FAC-024-8""]"
PART-01046,Gasket 1046,SUP-0961,"[""LINE-FAC-025-4"", ""LINE-FAC-029-1"", ""LINE-FAC-024-3""]"
PART-01047,Actuator 1047,SUP-0612,"[""LINE-FAC-003-5"", ""LINE-FAC-009-6"", ""LINE-FAC-014-6""]"
PART-01048,Actuator 1048,SUP-0941,"[""LINE-FAC-018-2""]"
PART-01049,Bushing 1049,SUP-0572,"[""LINE-FAC-014-5"", ""LINE-FAC-003-6""]"
PART-01050,Bracket 1050,SUP-0057,"[""LINE-FAC-029-4"", ""LINE-FAC-007-4""]"
PART-01051,Valve Body 1051,SUP-0519,"[""LINE-FAC-025-4""]"
PART-01052,Bushing 1052,SUP-0701,"[""LINE-FAC-004-2"", ""LINE-FAC-025-8""]"
PART-01053,Bracket 1053,SUP-0891,"[""LINE-FAC-034-1"", ""LINE-FAC-024-3"", ""LINE-FAC-020-1""]"
PART-01054,Sensor Module 1054,SUP-0664,"[""LINE-FAC-021-7""]"
PART-01055,Bearing Assembly 1055,SUP-0228,"[""LINE-FAC-004-6"", ""LINE-FAC-007-6""]"
PART-01056,Valve Body 1056,SUP-0756,"[""LINE-FAC-017-1"", ""LINE-FAC-009-3""]"
PART-01057,Actuator 1057,SUP-0519,"[""LINE-FAC-012-6""]"
PART-01058,Gasket 1058,SUP-0627,"[""LINE-FAC-021-4"", ""LINE-FAC-019-2""]"
PART-01059,Sensor Module 1059,SUP-0812,"[""LINE-FAC-008-2"", ""LINE-FAC-035-2"", ""LINE-FAC-028-3""]"
PART-01060,Coupling 1060,SUP-0346,"[""LINE-FAC-021-7"", ""LINE-FAC-037-5"", ""LINE-FAC-007-2""]"
PART-01061,Bracket 1061,SUP-0746,"[""LINE-FAC-038-8"", ""LINE-FAC-020-7"", ""LINE-FAC-024-8""]"
PART-01062,Bearing Assembly 1062,SUP-0325,"[""LINE-FAC-005-3"", ""LINE-FAC-024-1"", ""LINE-FAC-016-4""]"
PART-01063,Bracket 1063,SUP-0551,"[""LINE-FAC-016-8"", ""LINE-FAC-016-3""]"
PART-01064,Housing 1064,SUP-0670,"[""LINE-FAC-014-8""]"
PART-01065,Valve Body 1065,SUP-0936,"[""LINE-FAC-037-4"", ""LINE-FAC-026-4"", ""LINE-FAC-008-1""]"
PART-01066,Gasket 1066,SUP-0688,"[""LINE-FAC-034-2""]"
PART-01067,Wiring Harness 1067,SUP-0227,"[""LINE-FAC-024-3"", ""LINE-FAC-022-7"", ""LINE-FAC-032-6""]"
PART-01068,Bearing Assembly 1068,SUP-0175,"[""LINE-FAC-016-2"", ""LINE-FAC-018-5""]"
PART-01069,Sensor Module 1069,SUP-0579,"[""LINE-FAC-034-1""]"
PART-01070,Bearing Assembly 1070,SUP-0616,"[""LINE-FAC-036-4"", ""LINE-FAC-010-1"", ""LINE-FAC-013-1""]"
PART-01071,Valve Body 1071,SUP-0417,"[""LINE-FAC-004-5"", ""LINE-FAC-033-7"", ""LINE-FAC-012-6""]"
PART-01072,Bearing Assembly 1072,SUP-0448,"[""LINE-FAC-015-6"", ""LINE-FAC-033-1""]"
PART-01073,Coupling 1073,SUP-0852,"[""LINE-FAC-023-4""]"
PART-01074,Bearing Assembly 1074,SUP-0904,"[""LINE-FAC-017-2"", ""LINE-FAC-012-5"", ""LINE-FAC-015-6""]"
PART-01075,Gasket 1075,SUP-0093,"[""LINE-FAC-004-8""]"
PART-01076,Actuator 1076,SUP-0740,"[""LINE-FAC-019-7"", ""LINE-FAC-018-1""]"
PART-01077,Gasket 1077,SUP-0738,"[""LINE-FAC-028-6""]"
PART-01078,Sensor Module 1078,SUP-0367,"[""LINE-FAC-013-6""]"
PART-01079,Wiring Harness 1079,SUP-0331,"[""LINE-FAC-023-6"", ""LINE-FAC-030-1""]"
PART-01080,Bearing Assembly 1080,SUP-0016,"[""LINE-FAC-021-5"", ""LINE-FAC-011-3"", ""LINE-FAC-016-2""]"
PART-01081,Coupling 1081,SUP-0518,"[""LINE-FAC-020-1""]"
PART-01082,Coupling 1082,SUP-0299,"[""LINE-FAC-030-4""]"
PART-01083,Bushing 1083,SUP-0936,"[""LINE-FAC-039-8""]"
PART-01084,Gasket 1084,SUP-0149,"[""LINE-FAC-001-8"", ""LINE-FAC-016-4""]"
PART-01085,Wiring Harness 1085,SUP-0656,"[""LINE-FAC-016-5""]"
PART-01086,Valve Body 1086,SUP-0214,"[""LINE-FAC-005-5"", ""LINE-FAC-004-6""]"
PART-01087,Sensor Module 1087,SUP-0760,"[""LINE-FAC-026-8"", ""LINE-FAC-024-3"", ""LINE-FAC-006-7""]"
PART-01088,Bearing Assembly 1088,SUP-0718,"[""LINE-FAC-025-2"", ""LINE-FAC-015-5""]"
PART-01089,Sensor Module 1089,SUP-0836,"[""LINE-FAC-022-1""]"
PART-01090,Wiring Harness 1090,SUP-0613,"[""LINE-FAC-024-5""]"
PART-01091,Gasket 1091,SUP-0184,"[""LINE-FAC-009-2"", ""LINE-FAC-024-6"", ""LINE-FAC-032-2""]"
PART-01092,Gasket 1092,SUP-0234,"[""LINE-FAC-029-8"", ""LINE-FAC-013-4"", ""LINE-FAC-036-4""]"
PART-01093,Bracket 1093,SUP-0042,"[""LINE-FAC-029-4""]"
PART-01094,Actuator 1094,SUP-0960,"[""LINE-FAC-002-3"", ""LINE-FAC-025-8"", ""LINE-FAC-020-5""]"
PART-01095,Bushing 1095,SUP-0835,"[""LINE-FAC-021-1""]"
PART-01096,Gasket 1096,SUP-0300,"[""LINE-FAC-038-2"", ""LINE-FAC-017-5"", ""LINE-FAC-038-3""]"
PART-01097,Coupling 1097,SUP-0842,"[""LINE-FAC-023-3"", ""LINE-FAC-034-3""]"
PART-01098,Bushing 1098,SUP-0427,"[""LINE-FAC-007-5"", ""LINE-FAC-016-3""]"
PART-01099,Wiring Harness 1099,SUP-0228,"[""LINE-FAC-007-3"", ""LINE-FAC-003-2"", ""LINE-FAC-003-8""]"
PART-01100,Wiring Harness 1100,SUP-0837,"[""LINE-FAC-037-5"", ""LINE-FAC-001-3""]"
PART-01101,Gasket 1101,SUP-0220,"[""LINE-FAC-033-2""]"
PART-01102,Valve Body 1102,SUP-0457,"[""LINE-FAC-032-6"", ""LINE-FAC-039-6""]"
PART-01103,Actuator 1103,SUP-0571,"[""LINE-FAC-009-3"", ""LINE-FAC-038-6"", ""LINE-FAC-002-2""]"
PART-01104,Actuator 1104,SUP-0990,"[""LINE-FAC-015-3"", ""LINE-FAC-005-6""]"
PART-01105,Housing 1105,SUP-0471,"[""LINE-FAC-034-5"", ""LINE-FAC-034-3"", ""LINE-FAC-020-3""]"
PART-01106,Bearing Assembly 1106,SUP-0172,"[""LINE-FAC-016-1"", ""LINE-FAC-003-4"", ""LINE-FAC-021-7""]"
PART-01107,Coupling 1107,SUP-0755,"[""LINE-FAC-013-5"", ""LINE-FAC-026-7""]"
PART-01108,Bracket 1108,SUP-0545,"[""LINE-FAC-028-3"", ""LINE-FAC-009-8""]"
PART-01109,Coupling 1109,SUP-0431,"[""LINE-FAC-002-6"", ""LINE-FAC-037-6""]"
PART-01110,Sensor Module 1110,SUP-0370,"[""LINE-FAC-016-8""]"
PART-01111,Valve Body 1111,SUP-0122,"[""LINE-FAC-030-4""]"
PART-01112,Housing 1112,SUP-0478,"[""LINE-FAC-019-8""]"
PART-01113,Gasket 1113,SUP-0504,"[""LINE-FAC-029-7"", ""LINE-FAC-001-5""]"
PART-01114,Housing 1114,SUP-0867,"[""LINE-FAC-039-6"", ""LINE-FAC-037-1""]"
PART-01115,Sensor Module 1115,SUP-0182,"[""LINE-FAC-023-2""]"
PART-01116,Housing 1116,SUP-0631,"[""LINE-FAC-019-5"", ""LINE-FAC-020-8"", ""LINE-FAC-015-3""]"
PART-01117,Bracket 1117,SUP-0634,"[""LINE-FAC-020-2""]"
PART-01118,Gasket 1118,SUP-0544,"[""LINE-FAC-016-3""]"
PART-01119,Actuator 1119,SUP-0983,"[""LINE-FAC-002-5"", ""LINE-FAC-008-1""]"
PART-01120,Wiring Harness 1120,SUP-0030,"[""LINE-FAC-016-2"", ""LINE-FAC-026-4""]"
PART-01121,Housing 1121,SUP-0215,"[""LINE-FAC-035-5"", ""LINE-FAC-008-6""]"
PART-01122,Sensor Module 1122,SUP-0626,"[""LINE-FAC-022-8"", ""LINE-FAC-038-8"", ""LINE-FAC-012-1""]"
PART-01123,Coupling 1123,SUP-0926,"[""LINE-FAC-015-6""]"
PART-01124,Housing 1124,SUP-0864,"[""LINE-FAC-002-7""]"
PART-01125,Actuator 1125,SUP-0805,"[""LINE-FAC-033-7""]"
PART-01126,Bushing 1126,SUP-0244,"[""LINE-FAC-023-8"", ""LINE-FAC-037-7"", ""LINE-FAC-032-6""]"
PART-01127,Housing 1127,SUP-0303,"[""LINE-FAC-003-5""]"
PART-01128,Wiring Harness 1128,SUP-0531,"[""LINE-FAC-027-5"", ""LINE-FAC-033-8"", ""LINE-FAC-034-7""]"
PART-01129,Gasket 1129,SUP-0334,"[""LINE-FAC-040-6"", ""LINE-FAC-006-8"", ""LINE-FAC-020-4""]"
PART-01130,Bracket 1130,SUP-0143,"[""LINE-FAC-019-5""]"
PART-01131,Actuator 1131,SUP-0905,"[""LINE-FAC-005-3"", ""LINE-FAC-038-1""]"
PART-01132,Valve Body 1132,SUP-0920,"[""LINE-FAC-035-7"", ""LINE-FAC-006-3""]"
PART-01133,Valve Body 1133,SUP-0001,"[""LINE-FAC-008-5"", ""LINE-FAC-034-6""]"
PART-01134,Bushing 1134,SUP-0367,"[""LINE-FAC-015-5"", ""LINE-FAC-020-7""]"
PART-01135,Housing 1135,SUP-0923,"[""LINE-FAC-035-6"", ""LINE-FAC-012-8""]"
PART-01136,Valve Body 1136,SUP-0954,"[""LINE-FAC-010-3"", ""LINE-FAC-007-3"", ""LINE-FAC-036-8""]"
PART-01137,Gasket 1137,SUP-0446,"[""LINE-FAC-039-8"", ""LINE-FAC-033-8""]"
PART-01138,Wiring Harness 1138,SUP-0814,"[""LINE-FAC-028-7""]"
PART-01139,Housing 1139,SUP-0968,"[""LINE-FAC-002-5""]"
PART-01140,Coupling 1140,SUP-0310,"[""LINE-FAC-018-7"", ""LINE-FAC-001-4"", ""LINE-FAC-031-3""]"
PART-01141,Bearing Assembly 1141,SUP-0158,"[""LINE-FAC-039-8"", ""LINE-FAC-018-2"", ""LINE-FAC-017-7""]"
PART-01142,Valve Body 1142,SUP-1000,"[""LINE-FAC-007-3"", ""LINE-FAC-020-6"", ""LINE-FAC-025-4""]"
PART-01143,Housing 1143,SUP-0471,"[""LINE-FAC-020-7"", ""LINE-FAC-039-1""]"
PART-01144,Valve Body 1144,SUP-0312,"[""LINE-FAC-040-2"", ""LINE-FAC-019-3"", ""LINE-FAC-015-5""]"
PART-01145,Coupling 1145,SUP-0025,"[""LINE-FAC-005-2"", ""LINE-FAC-033-7""]"
PART-01146,Valve Body 1146,SUP-0446,"[""LINE-FAC-026-7"", ""LINE-FAC-034-1""]"
PART-01147,Sensor Module 1147,SUP-0852,"[""LINE-FAC-023-5""]"
PART-01148,Sensor Module 1148,SUP-0627,"[""LINE-FAC-030-4"", ""LINE-FAC-021-4""]"
PART-01149,Actuator 1149,SUP-0005,"[""LINE-FAC-005-3""]"
PART-01150,Gasket 1150,SUP-0305,"[""LINE-FAC-038-2""]"
PART-01151,Housing 1151,SUP-0489,"[""LINE-FAC-026-4""]"
PART-01152,Bracket 1152,SUP-0255,"[""LINE-FAC-020-6"", ""LINE-FAC-033-8"", ""LINE-FAC-034-6""]"
PART-01153,Wiring Harness 1153,SUP-0804,"[""LINE-FAC-007-7"", ""LINE-FAC-032-8""]"
PART-01154,Valve Body 1154,SUP-0421,"[""LINE-FAC-017-5"", ""LINE-FAC-035-1"", ""LINE-FAC-023-2""]"
PART-01155,Bushing 1155,SUP-0032,"[""LINE-FAC-038-8"", ""LINE-FAC-020-2""]"
PART-01156,Coupling 1156,SUP-0890,"[""LINE-FAC-025-6"", ""LINE-FAC-004-4"", ""LINE-FAC-026-7""]"
PART-01157,Wiring Harness 1157,SUP-0020,"[""LINE-FAC-032-8"", ""LINE-FAC-037-7""]"
PART-01158,Sensor Module 1158,SUP-0346,"[""LINE-FAC-035-4""]"
PART-01159,Gasket 1159,SUP-0304,"[""LINE-FAC-004-3""]"
PART-01160,Housing 1160,SUP-0577,"[""LINE-FAC-010-7""]"
PART-01161,Bushing 1161,SUP-0161,"[""LINE-FAC-005-6""]"
PART-01162,Coupling 1162,SUP-0893,"[""LINE-FAC-021-4""]"
PART-01163,Valve Body 1163,SUP-0226,"[""LINE-FAC-013-7""]"
PART-01164,Housing 1164,SUP-0031,"[""LINE-FAC-015-2""]"
PART-01165,Coupling 1165,SUP-0693,"[""LINE-FAC-006-6""]"
PART-01166,Bearing Assembly 1166,SUP-0255,"[""LINE-FAC-015-4""]"
PART-01167,Actuator 1167,SUP-0008,"[""LINE-FAC-023-3"", ""LINE-FAC-031-3""]"
PART-01168,Bearing Assembly 1168,SUP-0987,"[""LINE-FAC-011-4"", ""LINE-FAC-039-3""]"
PART-01169,Bearing Assembly 1169,SUP-0101,"[""LINE-FAC-016-2""]"
PART-01170,Gasket 1170,SUP-0504,"[""LINE-FAC-030-2"", ""LINE-FAC-014-4""]"
PART-01171,Coupling 1171,SUP-0895,"[""LINE-FAC-039-7""]"
PART-01172,Gasket 1172,SUP-0611,"[""LINE-FAC-012-7"", ""LINE-FAC-036-3"", ""LINE-FAC-004-1""]"
PART-01173,Valve Body 1173,SUP-0191,"[""LINE-FAC-032-2"", ""LINE-FAC-031-3"", ""LINE-FAC-022-1""]"
PART-01174,Sensor Module 1174,SUP-0337,"[""LINE-FAC-037-2"", ""LINE-FAC-029-6"", ""LINE-FAC-020-3""]"
PART-01175,Bracket 1175,SUP-0723,"[""LINE-FAC-014-4""]"
PART-01176,Coupling 1176,SUP-0757,"[""LINE-FAC-009-8"", ""LINE-FAC-009-2""]"
PART-01177,Actuator 1177,SUP-0085,"[""LINE-FAC-030-7""]"
PART-01178,Bearing Assembly 1178,SUP-0595,"[""LINE-FAC-003-2""]"
PART-01179,Sensor Module 1179,SUP-0330,"[""LINE-FAC-012-6"", ""LINE-FAC-031-8"", ""LINE-FAC-027-5""]"
PART-01180,Bushing 1180,SUP-0275,"[""LINE-FAC-020-2"", ""LINE-FAC-013-4"", ""LINE-FAC-011-6""]"
PART-01181,Wiring Harness 1181,SUP-0017,"[""LINE-FAC-008-5"", ""LINE-FAC-035-2""]"
PART-01182,Sensor Module 1182,SUP-0925,"[""LINE-FAC-013-5"", ""LINE-FAC-033-2""]"
PART-01183,Housing 1183,SUP-0112,"[""LINE-FAC-023-8"", ""LINE-FAC-022-6"", ""LINE-FAC-011-7""]"
PART-01184,Bushing 1184,SUP-0555,"[""LINE-FAC-002-6""]"
PART-01185,Housing 1185,SUP-0978,"[""LINE-FAC-018-6"", ""LINE-FAC-012-7"", ""LINE-FAC-029-7""]"
PART-01186,Gasket 1186,SUP-0331,"[""LINE-FAC-037-3""]"
PART-01187,Wiring Harness 1187,SUP-0247,"[""LINE-FAC-005-5"", ""LINE-FAC-018-7""]"
PART-01188,Bearing Assembly 1188,SUP-0447,"[""LINE-FAC-037-2"", ""LINE-FAC-033-3""]"
PART-01189,Gasket 1189,SUP-0037,"[""LINE-FAC-028-7"", ""LINE-FAC-005-6""]"
PART-01190,Actuator 1190,SUP-0042,"[""LINE-FAC-007-6"", ""LINE-FAC-034-6"", ""LINE-FAC-028-5""]"
PART-01191,Valve Body 1191,SUP-0950,"[""LINE-FAC-038-1""]"
PART-01192,Bracket 1192,SUP-0214,"[""LINE-FAC-015-1"", ""LINE-FAC-023-7""]"
PART-01193,Wiring Harness 1193,SUP-0963,"[""LINE-FAC-036-6"", ""LINE-FAC-004-5"", ""LINE-FAC-026-7""]"
PART-01194,Housing 1194,SUP-0962,"[""LINE-FAC-017-5"", ""LINE-FAC-038-1"", ""LINE-FAC-036-6""]"
PART-01195,Coupling 1195,SUP-0682,"[""LINE-FAC-040-1"", ""LINE-FAC-024-8""]"
PART-01196,Coupling 1196,SUP-0667,"[""LINE-FAC-010-1"", ""LINE-FAC-030-4""]"
PART-01197,Bushing 1197,SUP-0719,"[""LINE-FAC-037-8"", ""LINE-FAC-013-7""]"
PART-01198,Bushing 1198,SUP-0384,"[""LINE-FAC-005-1"", ""LINE-FAC-001-7"", ""LINE-FAC-038-6""]"
PART-01199,Gasket 1199,SUP-0889,"[""LINE-FAC-010-7"", ""LINE-FAC-040-5"", ""LINE-FAC-030-5""]"
PART-01200,Bushing 1200,SUP-0778,"[""LINE-FAC-021-5""]"
PART-01201,Valve Body 1201,SUP-0678,"[""LINE-FAC-016-6"", ""LINE-FAC-035-3""]"
PART-01202,Housing 1202,SUP-0844,"[""LINE-FAC-002-5"", ""LINE-FAC-021-5"", ""LINE-FAC-006-6""]"
PART-01203,Wiring Harness 1203,SUP-0849,"[""LINE-FAC-012-7"", ""LINE-FAC-007-7""]"
PART-01204,Bracket 1204,SUP-0069,"[""LINE-FAC-034-5""]"
PART-01205,Housing 1205,SUP-0810,"[""LINE-FAC-039-8""]"
PART-01206,Valve Body 1206,SUP-0958,"[""LINE-FAC-019-6"", ""LINE-FAC-026-4"", ""LINE-FAC-038-4""]"
PART-01207,Wiring Harness 1207,SUP-0246,"[""LINE-FAC-032-8""]"
PART-01208,Bracket 1208,SUP-0301,"[""LINE-FAC-027-6"", ""LINE-FAC-019-6""]"
PART-01209,Actuator 1209,SUP-0037,"[""LINE-FAC-025-5""]"
PART-01210,Coupling 1210,SUP-0729,"[""LINE-FAC-024-3""]"
PART-01211,Actuator 1211,SUP-0488,"[""LINE-FAC-036-3""]"
PART-01212,Bracket 1212,SUP-0237,"[""LINE-FAC-040-6"", ""LINE-FAC-005-4"", ""LINE-FAC-003-1""]"
PART-01213,Bushing 1213,SUP-0691,"[""LINE-FAC-022-1"", ""LINE-FAC-001-1""]"
PART-01214,Actuator 1214,SUP-0937,"[""LINE-FAC-017-3""]"
PART-01215,Bushing 1215,SUP-0401,"[""LINE-FAC-032-2"", ""LINE-FAC-029-5"", ""LINE-FAC-026-4""]"
PART-01216,Bearing Assembly 1216,SUP-0008,"[""LINE-FAC-003-1"", ""LINE-FAC-025-8""]"
PART-01217,Housing 1217,SUP-0482,"[""LINE-FAC-034-4"", ""LINE-FAC-011-8"", ""LINE-FAC-030-2""]"
PART-01218,Gasket 1218,SUP-0511,"[""LINE-FAC-030-5"", ""LINE-FAC-036-8"", ""LINE-FAC-028-7""]"
PART-01219,Wiring Harness 1219,SUP-0201,"[""LINE-FAC-008-6"", ""LINE-FAC-001-3"", ""LINE-FAC-039-3""]"
PART-01220,Bearing Assembly 1220,SUP-0109,"[""LINE-FAC-005-6""]"
PART-01221,Bracket 1221,SUP-0567,"[""LINE-FAC-030-3""]"
PART-01222,Valve Body 1222,SUP-0869,"[""LINE-FAC-006-6"", ""LINE-FAC-018-1"", ""LINE-FAC-015-2""]"
PART-01223,Housing 1223,SUP-0698,"[""LINE-FAC-032-6"", ""LINE-FAC-011-3""]"
PART-01224,Coupling 1224,SUP-0705,"[""LINE-FAC-016-8"", ""LINE-FAC-036-3""]"
PART-01225,Housing 1225,SUP-0562,"[""LINE-FAC-005-2"", ""LINE-FAC-029-3""]"
PART-01226,Bracket 1226,SUP-0984,"[""LINE-FAC-023-8""]"
PART-01227,Bushing 1227,SUP-0794,"[""LINE-FAC-011-5""]"
PART-01228,Valve Body 1228,SUP-0901,"[""LINE-FAC-028-1""]"
PART-01229,Gasket 1229,SUP-0690,"[""LINE-FAC-039-3"", ""LINE-FAC-008-3""]"
PART-01230,Bushing 1230,SUP-0790,"[""LINE-FAC-001-5""]"
PART-01231,Bushing 1231,SUP-0650,"[""LINE-FAC-016-4"", ""LINE-FAC-014-5"", ""LINE-FAC-013-3""]"
PART-01232,Coupling 1232,SUP-0010,"[""LINE-FAC-033-1"", ""LINE-FAC-022-7""]"
PART-01233,Actuator 1233,SUP-0802,"[""LINE-FAC-018-6"", ""LINE-FAC-008-6""]"
PART-01234,Sensor Module 1234,SUP-0360,"[""LINE-FAC-012-7""]"
PART-01235,Housing 1235,SUP-0623,"[""LINE-FAC-037-4"", ""LINE-FAC-034-8"", ""LINE-FAC-028-6""]"
PART-01236,Gasket 1236,SUP-0016,"[""LINE-FAC-033-8"", ""LINE-FAC-016-8""]"
PART-01237,Bracket 1237,SUP-0737,"[""LINE-FAC-035-6""]"
PART-01238,Sensor Module 1238,SUP-0372,"[""LINE-FAC-016-2"", ""LINE-FAC-018-6""]"
PART-01239,Valve Body 1239,SUP-0626,"[""LINE-FAC-027-7"", ""LINE-FAC-036-3""]"
PART-01240,Sensor Module 1240,SUP-0613,"[""LINE-FAC-028-2"", ""LINE-FAC-003-7"", ""LINE-FAC-013-6""]"
PART-01241,Coupling 1241,SUP-0472,"[""LINE-FAC-022-1"", ""LINE-FAC-018-3""]"
PART-01242,Gasket 1242,SUP-0456,"[""LINE-FAC-001-5""]"
PART-01243,Bracket 1243,SUP-0913,"[""LINE-FAC-022-6"", ""LINE-FAC-034-6"", ""LINE-FAC-030-7""]"
PART-01244,Gasket 1244,SUP-0999,"[""LINE-FAC-036-5""]"
PART-01245,Valve Body 1245,SUP-0824,"[""LINE-FAC-021-7""]"
PART-01246,Bushing 1246,SUP-0802,"[""LINE-FAC-027-1"", ""LINE-FAC-037-3"", ""LINE-FAC-001-5""]"
PART-01247,Bracket 1247,SUP-0878,"[""LINE-FAC-011-1"", ""LINE-FAC-011-4""]"
PART-01248,Coupling 1248,SUP-0629,"[""LINE-FAC-033-2"", ""LINE-FAC-015-2"", ""LINE-FAC-035-4""]"
PART-01249,Actuator 1249,SUP-0848,"[""LINE-FAC-016-4"", ""LINE-FAC-032-2""]"
PART-01250,Coupling 1250,SUP-0834,"[""LINE-FAC-029-1""]"
PART-01251,Actuator 1251,SUP-0320,"[""LINE-FAC-019-5"", ""LINE-FAC-008-7""]"
PART-01252,Bushing 1252,SUP-0030,"[""LINE-FAC-005-3"", ""LINE-FAC-019-2"", ""LINE-FAC-031-8""]"
PART-01253,Gasket 1253,SUP-0805,"[""LINE-FAC-039-5"", ""LINE-FAC-002-5""]"
PART-01254,Bushing 1254,SUP-0278,"[""LINE-FAC-016-8"", ""LINE-FAC-022-6"", ""LINE-FAC-025-7""]"
PART-01255,Housing 1255,SUP-0780,"[""LINE-FAC-023-3""]"
PART-01256,Gasket 1256,SUP-0862,"[""LINE-FAC-019-3"", ""LINE-FAC-035-6""]"
PART-01257,Actuator 1257,SUP-0256,"[""LINE-FAC-026-4""]"
PART-01258,Sensor Module 1258,SUP-0252,"[""LINE-FAC-024-7"", ""LINE-FAC-005-6"", ""LINE-FAC-038-8""]"
PART-01259,Bearing Assembly 1259,SUP-0488,"[""LINE-FAC-019-6"", ""LINE-FAC-037-6"", ""LINE-FAC-006-2""]"
PART-01260,Bearing Assembly 1260,SUP-0822,"[""LINE-FAC-005-4"", ""LINE-FAC-039-3"", ""LINE-FAC-011-2""]"
PART-01261,Bearing Assembly 1261,SUP-0019,"[""LINE-FAC-015-6""]"
PART-01262,Sensor Module 1262,SUP-0876,"[""LINE-FAC-010-5"", ""LINE-FAC-006-3"", ""LINE-FAC-020-3""]"
PART-01263,Bearing Assembly 1263,SUP-0660,"[""LINE-FAC-031-6"", ""LINE-FAC-039-3"", ""LINE-FAC-032-5""]"
PART-01264,Housing 1264,SUP-0181,"[""LINE-FAC-021-4""]"
PART-01265,Wiring Harness 1265,SUP-0329,"[""LINE-FAC-034-7"", ""LINE-FAC-021-2""]"
PART-01266,Sensor Module 1266,SUP-0735,"[""LINE-FAC-004-5""]"
PART-01267,Actuator 1267,SUP-0422,"[""LINE-FAC-007-7"", ""LINE-FAC-038-4"", ""LINE-FAC-032-7""]"
PART-01268,Wiring Harness 1268,SUP-0652,"[""LINE-FAC-024-2"", ""LINE-FAC-024-1""]"
PART-01269,Bearing Assembly 1269,SUP-0667,"[""LINE-FAC-027-3"", ""LINE-FAC-012-5""]"
PART-01270,Wiring Harness 1270,SUP-0084,"[""LINE-FAC-032-3""]"
PART-01271,Bearing Assembly 1271,SUP-0657,"[""LINE-FAC-017-1"", ""LINE-FAC-039-6"", ""LINE-FAC-011-6""]"
PART-01272,Gasket 1272,SUP-0604,"[""LINE-FAC-006-8"", ""LINE-FAC-014-6"", ""LINE-FAC-028-3""]"
PART-01273,Sensor Module 1273,SUP-0992,"[""LINE-FAC-007-8""]"
PART-01274,Bushing 1274,SUP-0700,"[""LINE-FAC-010-6""]"
PART-01275,Gasket 1275,SUP-0180,"[""LINE-FAC-002-2"", ""LINE-FAC-007-3"", ""LINE-FAC-036-5""]"
PART-01276,Sensor Module 1276,SUP-0743,"[""LINE-FAC-007-2"", ""LINE-FAC-005-1""]"
PART-01277,Valve Body 1277,SUP-0981,"[""LINE-FAC-005-8"", ""LINE-FAC-020-3"", ""LINE-FAC-030-7""]"
PART-01278,Valve Body 1278,SUP-0622,"[""LINE-FAC-016-4""]"
PART-01279,Gasket 1279,SUP-0273,"[""LINE-FAC-030-4"", ""LINE-FAC-019-4"", ""LINE-FAC-031-5""]"
PART-01280,Sensor Module 1280,SUP-0658,"[""LINE-FAC-017-1"", ""LINE-FAC-004-3"", ""LINE-FAC-012-6""]"
PART-01281,Housing 1281,SUP-0855,"[""LINE-FAC-037-5"", ""LINE-FAC-024-7""]"
PART-01282,Bushing 1282,SUP-0953,"[""LINE-FAC-010-2"", ""LINE-FAC-035-7"", ""LINE-FAC-029-5""]"
PART-01283,Actuator 1283,SUP-0080,"[""LINE-FAC-009-5"", ""LINE-FAC-037-3""]"
PART-01284,Bushing 1284,SUP-0269,"[""LINE-FAC-033-3""]"
PART-01285,Bushing 1285,SUP-0321,"[""LINE-FAC-035-4""]"
PART-01286,Coupling 1286,SUP-0060,"[""LINE-FAC-005-8"", ""LINE-FAC-027-7"", ""LINE-FAC-038-1""]"
PART-01287,Wiring Harness 1287,SUP-0638,"[""LINE-FAC-015-2"", ""LINE-FAC-032-6"", ""LINE-FAC-029-8""]"
PART-01288,Sensor Module 1288,SUP-0295,"[""LINE-FAC-021-8"", ""LINE-FAC-024-3"", ""LINE-FAC-005-2""]"
PART-01289,Wiring Harness 1289,SUP-0772,"[""LINE-FAC-040-3"", ""LINE-FAC-036-3""]"
PART-01290,Bracket 1290,SUP-0683,"[""LINE-FAC-001-4""]"
PART-01291,Gasket 1291,SUP-0379,"[""LINE-FAC-014-6"", ""LINE-FAC-038-5"", ""LINE-FAC-039-1""]"
PART-01292,Bushing 1292,SUP-0491,"[""LINE-FAC-034-1"", ""LINE-FAC-016-5""]"
PART-01293,Sensor Module 1293,SUP-0429,"[""LINE-FAC-008-5"", ""LINE-FAC-010-7""]"
PART-01294,Actuator 1294,SUP-0660,"[""LINE-FAC-030-1""]"
PART-01295,Housing 1295,SUP-0608,"[""LINE-FAC-039-7""]"
PART-01296,Sensor Module 1296,SUP-0662,"[""LINE-FAC-021-7"", ""LINE-FAC-020-5""]"
PART-01297,Coupling 1297,SUP-0992,"[""LINE-FAC-002-7"", ""LINE-FAC-021-8"", ""LINE-FAC-036-3""]"
PART-01298,Bearing Assembly 1298,SUP-0817,"[""LINE-FAC-011-7""]"
PART-01299,Actuator 1299,SUP-0254,"[""LINE-FAC-003-4"", ""LINE-FAC-006-3"", ""LINE-FAC-009-8""]"
PART-01300,Gasket 1300,SUP-0818,"[""LINE-FAC-007-2"", ""LINE-FAC-027-1"", ""LINE-FAC-029-2""]"
PART-01301,Bracket 1301,SUP-0291,"[""LINE-FAC-014-3"", ""LINE-FAC-024-2"", ""LINE-FAC-018-5""]"
PART-01302,Bushing 1302,SUP-0037,"[""LINE-FAC-016-6"", ""LINE-FAC-035-8""]"
PART-01303,Bracket 1303,SUP-0176,"[""LINE-FAC-027-6"", ""LINE-FAC-009-4""]"
PART-01304,Bushing 1304,SUP-0127,"[""LINE-FAC-003-8"", ""LINE-FAC-007-1""]"
PART-01305,Actuator 1305,SUP-0180,"[""LINE-FAC-005-1"", ""LINE-FAC-010-7"", ""LINE-FAC-013-6""]"
PART-01306,Wiring Harness 1306,SUP-0906,"[""LINE-FAC-002-5""]"
PART-01307,Bushing 1307,SUP-0488,"[""LINE-FAC-020-6"", ""LINE-FAC-036-1"", ""LINE-FAC-014-4""]"
PART-01308,Coupling 1308,SUP-0294,"[""LINE-FAC-018-1"", ""LINE-FAC-039-3"", ""LINE-FAC-035-5""]"
PART-01309,Bushing 1309,SUP-0729,"[""LINE-FAC-036-3"", ""LINE-FAC-022-3"", ""LINE-FAC-015-7""]"
PART-01310,Sensor Module 1310,SUP-0960,"[""LINE-FAC-001-8""]"
PART-01311,Wiring Harness 1311,SUP-0781,"[""LINE-FAC-006-3""]"
PART-01312,Wiring Harness 1312,SUP-0975,"[""LINE-FAC-037-7""]"
PART-01313,Bracket 1313,SUP-0563,"[""LINE-FAC-035-4"", ""LINE-FAC-015-4""]"
PART-01314,Wiring Harness 1314,SUP-0164,"[""LINE-FAC-009-8"", ""LINE-FAC-029-2""]"
PART-01315,Actuator 1315,SUP-0870,"[""LINE-FAC-029-2"", ""LINE-FAC-027-6""]"
PART-01316,Housing 1316,SUP-0933,"[""LINE-FAC-016-5"", ""LINE-FAC-026-3"", ""LINE-FAC-003-4""]"
PART-01317,Gasket 1317,SUP-0165,"[""LINE-FAC-013-2"", ""LINE-FAC-023-8""]"
PART-01318,Sensor Module 1318,SUP-0510,"[""LINE-FAC-005-6"", ""LINE-FAC-009-3"", ""LINE-FAC-037-2""]"
PART-01319,Actuator 1319,SUP-0171,"[""LINE-FAC-037-3"", ""LINE-FAC-011-8"", ""LINE-FAC-020-8""]"
PART-01320,Bearing Assembly 1320,SUP-0366,"[""LINE-FAC-031-8"", ""LINE-FAC-026-4""]"
PART-01321,Coupling 1321,SUP-0615,"[""LINE-FAC-008-3""]"
PART-01322,Housing 1322,SUP-0075,"[""LINE-FAC-005-2"", ""LINE-FAC-034-4""]"
PART-01323,Coupling 1323,SUP-0123,"[""LINE-FAC-030-4"", ""LINE-FAC-009-1""]"
PART-01324,Gasket 1324,SUP-0659,"[""LINE-FAC-019-4"", ""LINE-FAC-023-8"", ""LINE-FAC-038-2""]"
PART-01325,Bushing 1325,SUP-0529,"[""LINE-FAC-011-8"", ""LINE-FAC-005-2"", ""LINE-FAC-019-8""]"
PART-01326,Bracket 1326,SUP-0894,"[""LINE-FAC-015-4"", ""LINE-FAC-008-3"", ""LINE-FAC-034-4""]"
PART-01327,Coupling 1327,SUP-0550,"[""LINE-FAC-036-5"", ""LINE-FAC-028-6""]"
PART-01328,Bearing Assembly 1328,SUP-0290,"[""LINE-FAC-034-5"", ""LINE-FAC-026-1"", ""LINE-FAC-011-5""]"
PART-01329,Bearing Assembly 1329,SUP-0503,"[""LINE-FAC-016-7"", ""LINE-FAC-030-3""]"
PART-01330,Bracket 1330,SUP-0782,"[""LINE-FAC-014-4"", ""LINE-FAC-034-1"", ""LINE-FAC-022-2""]"
PART-01331,Bracket 1331,SUP-0578,"[""LINE-FAC-017-6"", ""LINE-FAC-038-5"", ""LINE-FAC-020-3""]"
PART-01332,Wiring Harness 1332,SUP-0682,"[""LINE-FAC-019-5""]"
PART-01333,Gasket 1333,SUP-0587,"[""LINE-FAC-012-6""]"
PART-01334,Bearing Assembly 1334,SUP-0917,"[""LINE-FAC-015-2""]"
PART-01335,Valve Body 1335,SUP-0457,"[""LINE-FAC-029-6""]"
PART-01336,Gasket 1336,SUP-0169,"[""LINE-FAC-026-5"", ""LINE-FAC-036-5""]"
PART-01337,Bushing 1337,SUP-0793,"[""LINE-FAC-002-1"", ""LINE-FAC-009-8"", ""LINE-FAC-027-2""]"
PART-01338,Bracket 1338,SUP-0365,"[""LINE-FAC-025-5""]"
PART-01339,Bracket 1339,SUP-0243,"[""LINE-FAC-039-4"", ""LINE-FAC-031-8"", ""LINE-FAC-033-1""]"
PART-01340,Coupling 1340,SUP-0553,"[""LINE-FAC-016-5"", ""LINE-FAC-011-5""]"
PART-01341,Valve Body 1341,SUP-0367,"[""LINE-FAC-004-6"", ""LINE-FAC-007-4""]"
PART-01342,Sensor Module 1342,SUP-0948,"[""LINE-FAC-037-3"", ""LINE-FAC-001-3"", ""LINE-FAC-039-6""]"
PART-01343,Gasket 1343,SUP-0350,"[""LINE-FAC-010-6""]"
PART-01344,Wiring Harness 1344,SUP-0442,"[""LINE-FAC-021-8""]"
PART-01345,Wiring Harness 1345,SUP-0736,"[""LINE-FAC-007-4"", ""LINE-FAC-007-8""]"
PART-01346,Wiring Harness 1346,SUP-0098,"[""LINE-FAC-015-8"", ""LINE-FAC-001-8""]"
PART-01347,Valve Body 1347,SUP-0778,"[""LINE-FAC-024-4"", ""LINE-FAC-008-6""]"
PART-01348,Housing 1348,SUP-0090,"[""LINE-FAC-001-6"", ""LINE-FAC-024-2""]"
PART-01349,Housing 1349,SUP-0517,"[""LINE-FAC-020-2"", ""LINE-FAC-032-5"", ""LINE-FAC-003-8""]"
PART-01350,Housing 1350,SUP-0260,"[""LINE-FAC-007-6"", ""LINE-FAC-022-5""]"
PART-01351,Bushing 1351,SUP-0518,"[""LINE-FAC-019-3"", ""LINE-FAC-001-8"", ""LINE-FAC-026-5""]"
PART-01352,Bushing 1352,SUP-0879,"[""LINE-FAC-001-4"", ""LINE-FAC-027-4""]"
PART-01353,Gasket 1353,SUP-0963,"[""LINE-FAC-012-8""]"
PART-01354,Bushing 1354,SUP-0200,"[""LINE-FAC-011-8"", ""LINE-FAC-019-6"", ""LINE-FAC-015-1""]"
PART-01355,Sensor Module 1355,SUP-0631,"[""LINE-FAC-011-7"", ""LINE-FAC-038-5"", ""LINE-FAC-035-5""]"
PART-01356,Sensor Module 1356,SUP-0899,"[""LINE-FAC-026-3"", ""LINE-FAC-033-6"", ""LINE-FAC-001-8""]"
PART-01357,Wiring Harness 1357,SUP-0232,"[""LINE-FAC-036-1""]"
PART-01358,Actuator 1358,SUP-0499,"[""LINE-FAC-020-3""]"
PART-01359,Coupling 1359,SUP-0826,"[""LINE-FAC-039-1"", ""LINE-FAC-025-2""]"
PART-01360,Bracket 1360,SUP-0986,"[""LINE-FAC-026-5""]"
PART-01361,Gasket 1361,SUP-0351,"[""LINE-FAC-034-1""]"
PART-01362,Bracket 1362,SUP-0891,"[""LINE-FAC-024-4"", ""LINE-FAC-020-5"", ""LINE-FAC-003-4""]"
PART-01363,Sensor Module 1363,SUP-0163,"[""LINE-FAC-023-8"", ""LINE-FAC-035-5""]"
PART-01364,Wiring Harness 1364,SUP-0236,"[""LINE-FAC-011-8"", ""LINE-FAC-040-2"", ""LINE-FAC-027-6""]"
PART-01365,Gasket 1365,SUP-0695,"[""LINE-FAC-036-8"", ""LINE-FAC-022-4""]"
PART-01366,Valve Body 1366,SUP-0419,"[""LINE-FAC-035-1"", ""LINE-FAC-006-6""]"
PART-01367,Sensor Module 1367,SUP-0413,"[""LINE-FAC-015-6"", ""LINE-FAC-008-1""]"
PART-01368,Gasket 1368,SUP-0917,"[""LINE-FAC-037-6""]"
PART-01369,Coupling 1369,SUP-0463,"[""LINE-FAC-024-2"", ""LINE-FAC-022-8"", ""LINE-FAC-038-1""]"
PART-01370,Actuator 1370,SUP-0948,"[""LINE-FAC-037-3""]"
PART-01371,Gasket 1371,SUP-0557,"[""LINE-FAC-037-6"", ""LINE-FAC-020-5"", ""LINE-FAC-026-8""]"
PART-01372,Sensor Module 1372,SUP-0142,"[""LINE-FAC-007-4"", ""LINE-FAC-009-7""]"
PART-01373,Sensor Module 1373,SUP-0491,"[""LINE-FAC-035-4"", ""LINE-FAC-021-4"", ""LINE-FAC-005-1""]"
PART-01374,Wiring Harness 1374,SUP-0009,"[""LINE-FAC-031-5"", ""LINE-FAC-039-4""]"
PART-01375,Gasket 1375,SUP-0936,"[""LINE-FAC-003-5""]"
PART-01376,Bracket 1376,SUP-0771,"[""LINE-FAC-008-4"", ""LINE-FAC-003-5""]"
PART-01377,Sensor Module 1377,SUP-0296,"[""LINE-FAC-018-8"", ""LINE-FAC-040-5""]"
PART-01378,Gasket 1378,SUP-0019,"[""LINE-FAC-021-7""]"
PART-01379,Valve Body 1379,SUP-0462,"[""LINE-FAC-024-2"", ""LINE-FAC-006-8"", ""LINE-FAC-018-7""]"
PART-01380,Valve Body 1380,SUP-0574,"[""LINE-FAC-013-2""]"
PART-01381,Gasket 1381,SUP-0625,"[""LINE-FAC-014-7"", ""LINE-FAC-013-6"", ""LINE-FAC-023-8""]"
PART-01382,Bearing Assembly 1382,SUP-0750,"[""LINE-FAC-034-4"", ""LINE-FAC-022-6"", ""LINE-FAC-001-1""]"
PART-01383,Bracket 1383,SUP-0232,"[""LINE-FAC-018-4""]"
PART-01384,Valve Body 1384,SUP-0607,"[""LINE-FAC-029-6""]"
PART-01385,Actuator 1385,SUP-0757,"[""LINE-FAC-016-3"", ""LINE-FAC-011-6"", ""LINE-FAC-035-3""]"
PART-01386,Actuator 1386,SUP-0271,"[""LINE-FAC-036-3""]"
PART-01387,Bushing 1387,SUP-0935,"[""LINE-FAC-004-2"", ""LINE-FAC-005-6"", ""LINE-FAC-023-7""]"
PART-01388,Wiring Harness 1388,SUP-0108,"[""LINE-FAC-005-4"", ""LINE-FAC-039-3""]"
PART-01389,Actuator 1389,SUP-0847,"[""LINE-FAC-038-1""]"
PART-01390,Bushing 1390,SUP-0366,"[""LINE-FAC-013-4""]"
PART-01391,Bracket 1391,SUP-0194,"[""LINE-FAC-032-8"", ""LINE-FAC-008-8""]"
PART-01392,Wiring Harness 1392,SUP-0409,"[""LINE-FAC-006-5"", ""LINE-FAC-003-6""]"
PART-01393,Wiring Harness 1393,SUP-0848,"[""LINE-FAC-012-2""]"
PART-01394,Housing 1394,SUP-0800,"[""LINE-FAC-036-1"", ""LINE-FAC-007-5"", ""LINE-FAC-006-3""]"
PART-01395,Gasket 1395,SUP-0730,"[""LINE-FAC-020-3"", ""LINE-FAC-014-7"", ""LINE-FAC-004-4""]"
PART-01396,Coupling 1396,SUP-0584,"[""LINE-FAC-016-2"", ""LINE-FAC-010-4""]"
PART-01397,Gasket 1397,SUP-0793,"[""LINE-FAC-010-2"", ""LINE-FAC-009-1""]"
PART-01398,Coupling 1398,SUP-0768,"[""LINE-FAC-040-4"", ""LINE-FAC-017-7""]"
PART-01399,Valve Body 1399,SUP-0291,"[""LINE-FAC-022-7"", ""LINE-FAC-022-2""]"
PART-01400,Sensor Module 1400,SUP-0205,"[""LINE-FAC-015-3"", ""LINE-FAC-015-2"", ""LINE-FAC-002-2""]"
PART-01401,Bearing Assembly 1401,SUP-0054,"[""LINE-FAC-017-4"", ""LINE-FAC-010-5""]"
PART-01402,Actuator 1402,SUP-0211,"[""LINE-FAC-023-7"", ""LINE-FAC-036-1""]"
PART-01403,Wiring Harness 1403,SUP-0944,"[""LINE-FAC-035-7"", ""LINE-FAC-026-2"", ""LINE-FAC-031-5""]"
PART-01404,Sensor Module 1404,SUP-0776,"[""LINE-FAC-033-1""]"
PART-01405,Wiring Harness 1405,SUP-0282,"[""LINE-FAC-016-6"", ""LINE-FAC-025-8"", ""LINE-FAC-016-2""]"
PART-01406,Coupling 1406,SUP-0992,"[""LINE-FAC-033-4"", ""LINE-FAC-027-5""]"
PART-01407,Sensor Module 1407,SUP-0112,"[""LINE-FAC-005-4"", ""LINE-FAC-024-7"", ""LINE-FAC-035-6""]"
PART-01408,Coupling 1408,SUP-0647,"[""LINE-FAC-032-7"", ""LINE-FAC-006-6""]"
PART-01409,Valve Body 1409,SUP-0114,"[""LINE-FAC-014-2"", ""LINE-FAC-010-7""]"
PART-01410,Wiring Harness 1410,SUP-0228,"[""LINE-FAC-038-6""]"
PART-01411,Housing 1411,SUP-0965,"[""LINE-FAC-040-6"", ""LINE-FAC-030-4"", ""LINE-FAC-005-5""]"
PART-01412,Gasket 1412,SUP-0998,"[""LINE-FAC-020-3"", ""LINE-FAC-025-6"", ""LINE-FAC-033-8""]"
PART-01413,Actuator 1413,SUP-0513,"[""LINE-FAC-015-1"", ""LINE-FAC-037-5"", ""LINE-FAC-011-3""]"
PART-01414,Sensor Module 1414,SUP-0837,"[""LINE-FAC-023-4"", ""LINE-FAC-022-1""]"
PART-01415,Sensor Module 1415,SUP-0467,"[""LINE-FAC-010-1"", ""LINE-FAC-017-5"", ""LINE-FAC-008-8""]"
PART-01416,Bracket 1416,SUP-0206,"[""LINE-FAC-036-3"", ""LINE-FAC-035-2"", ""LINE-FAC-019-8""]"
PART-01417,Valve Body 1417,SUP-0912,"[""LINE-FAC-015-5"", ""LINE-FAC-024-2""]"
PART-01418,Housing 1418,SUP-0732,"[""LINE-FAC-022-5"", ""LINE-FAC-017-1""]"
PART-01419,Gasket 1419,SUP-0679,"[""LINE-FAC-023-5"", ""LINE-FAC-004-6""]"
PART-01420,Coupling 1420,SUP-0619,"[""LINE-FAC-012-6""]"
PART-01421,Valve Body 1421,SUP-0761,"[""LINE-FAC-020-4"", ""LINE-FAC-002-1"", ""LINE-FAC-033-4""]"
PART-01422,Wiring Harness 1422,SUP-0515,"[""LINE-FAC-023-8"", ""LINE-FAC-038-1"", ""LINE-FAC-019-4""]"
PART-01423,Actuator 1423,SUP-0999,"[""LINE-FAC-015-5"", ""LINE-FAC-040-4"", ""LINE-FAC-025-3""]"
PART-01424,Housing 1424,SUP-0177,"[""LINE-FAC-028-7"", ""LINE-FAC-011-7""]"
PART-01425,Coupling 1425,SUP-0160,"[""LINE-FAC-033-8""]"
PART-01426,Gasket 1426,SUP-0146,"[""LINE-FAC-003-8"", ""LINE-FAC-038-2""]"
PART-01427,Wiring Harness 1427,SUP-0999,"[""LINE-FAC-005-7""]"
PART-01428,Bushing 1428,SUP-0749,"[""LINE-FAC-018-6"", ""LINE-FAC-023-6""]"
PART-01429,Sensor Module 1429,SUP-0480,"[""LINE-FAC-003-8"", ""LINE-FAC-035-3"", ""LINE-FAC-038-7""]"
PART-01430,Coupling 1430,SUP-0535,"[""LINE-FAC-017-7""]"
PART-01431,Sensor Module 1431,SUP-0794,"[""LINE-FAC-001-4""]"
PART-01432,Valve Body 1432,SUP-0806,"[""LINE-FAC-021-5""]"
PART-01433,Housing 1433,SUP-0328,"[""LINE-FAC-020-7"", ""LINE-FAC-024-8""]"
PART-01434,Wiring Harness 1434,SUP-0086,"[""LINE-FAC-013-5""]"
PART-01435,Coupling 1435,SUP-0190,"[""LINE-FAC-035-1""]"
PART-01436,Wiring Harness 1436,SUP-0692,"[""LINE-FAC-038-2"", ""LINE-FAC-011-1"", ""LINE-FAC-017-3""]"
PART-01437,Valve Body 1437,SUP-0607,"[""LINE-FAC-023-6""]"
PART-01438,Sensor Module 1438,SUP-0020,"[""LINE-FAC-013-6"", ""LINE-FAC-034-3""]"
PART-01439,Housing 1439,SUP-0849,"[""LINE-FAC-002-2""]"
PART-01440,Gasket 1440,SUP-0344,"[""LINE-FAC-038-5""]"
PART-01441,Valve Body 1441,SUP-0288,"[""LINE-FAC-026-7""]"
PART-01442,Housing 1442,SUP-0979,"[""LINE-FAC-003-6"", ""LINE-FAC-020-7"", ""LINE-FAC-031-5""]"
PART-01443,Bracket 1443,SUP-0361,"[""LINE-FAC-011-1""]"
PART-01444,Actuator 1444,SUP-0480,"[""LINE-FAC-040-4"", ""LINE-FAC-013-1""]"
PART-01445,Bearing Assembly 1445,SUP-0221,"[""LINE-FAC-001-2"", ""LINE-FAC-011-7""]"
PART-01446,Valve Body 1446,SUP-0716,"[""LINE-FAC-007-6"", ""LINE-FAC-008-1"", ""LINE-FAC-024-8""]"
PART-01447,Bushing 1447,SUP-0334,"[""LINE-FAC-036-4"", ""LINE-FAC-008-2""]"
PART-01448,Actuator 1448,SUP-0386,"[""LINE-FAC-039-4"", ""LINE-FAC-039-3""]"
PART-01449,Bearing Assembly 1449,SUP-0419,"[""LINE-FAC-032-2""]"
PART-01450,Sensor Module 1450,SUP-0788,"[""LINE-FAC-026-7"", ""LINE-FAC-001-7""]"
PART-01451,Sensor Module 1451,SUP-0779,"[""LINE-FAC-018-5"", ""LINE-FAC-024-1""]"
PART-01452,Housing 1452,SUP-0057,"[""LINE-FAC-039-6"", ""LINE-FAC-004-1""]"
PART-01453,Bearing Assembly 1453,SUP-0116,"[""LINE-FAC-006-4"", ""LINE-FAC-003-7""]"
PART-01454,Actuator 1454,SUP-0761,"[""LINE-FAC-012-6"", ""LINE-FAC-039-8""]"
PART-01455,Actuator 1455,SUP-0290,"[""LINE-FAC-013-2"", ""LINE-FAC-016-7""]"
PART-01456,Bracket 1456,SUP-0780,"[""LINE-FAC-018-5"", ""LINE-FAC-039-2""]"
PART-01457,Wiring Harness 1457,SUP-0008,"[""LINE-FAC-033-4""]"
PART-01458,Valve Body 1458,SUP-0730,"[""LINE-FAC-033-8"", ""LINE-FAC-020-1"", ""LINE-FAC-001-5""]"
PART-01459,Bracket 1459,SUP-0109,"[""LINE-FAC-008-3"", ""LINE-FAC-002-5""]"
PART-01460,Bushing 1460,SUP-0935,"[""LINE-FAC-022-8"", ""LINE-FAC-037-5""]"
PART-01461,Actuator 1461,SUP-0436,"[""LINE-FAC-015-3""]"
PART-01462,Housing 1462,SUP-0476,"[""LINE-FAC-019-3"", ""LINE-FAC-013-4"", ""LINE-FAC-002-2""]"
PART-01463,Gasket 1463,SUP-0565,"[""LINE-FAC-021-8"", ""LINE-FAC-020-7""]"
PART-01464,Housing 1464,SUP-0135,"[""LINE-FAC-009-5"", ""LINE-FAC-032-8"", ""LINE-FAC-011-4""]"
PART-01465,Housing 1465,SUP-0660,"[""LINE-FAC-016-3""]"
PART-01466,Bracket 1466,SUP-0387,"[""LINE-FAC-030-7"", ""LINE-FAC-028-2""]"
PART-01467,Bushing 1467,SUP-0884,"[""LINE-FAC-026-4"", ""LINE-FAC-003-3"", ""LINE-FAC-005-6""]"
PART-01468,Coupling 1468,SUP-0726,"[""LINE-FAC-004-1"", ""LINE-FAC-030-7"", ""LINE-FAC-035-5""]"
PART-01469,Wiring Harness 1469,SUP-0218,"[""LINE-FAC-004-6""]"
PART-01470,Valve Body 1470,SUP-0823,"[""LINE-FAC-034-3""]"
PART-01471,Housing 1471,SUP-0128,"[""LINE-FAC-038-2"", ""LINE-FAC-023-6"", ""LINE-FAC-039-7""]"
PART-01472,Wiring Harness 1472,SUP-0178,"[""LINE-FAC-020-2""]"
PART-01473,Coupling 1473,SUP-0739,"[""LINE-FAC-003-2"", ""LINE-FAC-036-2""]"
PART-01474,Bushing 1474,SUP-0115,"[""LINE-FAC-014-8""]"
PART-01475,Valve Body 1475,SUP-0980,"[""LINE-FAC-025-2""]"
PART-01476,Gasket 1476,SUP-0445,"[""LINE-FAC-031-2"", ""LINE-FAC-014-8"", ""LINE-FAC-012-7""]"
PART-01477,Housing 1477,SUP-0692,"[""LINE-FAC-035-4"", ""LINE-FAC-031-2""]"
PART-01478,Actuator 1478,SUP-0587,"[""LINE-FAC-015-6"", ""LINE-FAC-016-2"", ""LINE-FAC-017-2""]"
PART-01479,Bracket 1479,SUP-0056,"[""LINE-FAC-022-1"", ""LINE-FAC-032-3"", ""LINE-FAC-014-4""]"
PART-01480,Bracket 1480,SUP-0896,"[""LINE-FAC-005-1""]"
PART-01481,Coupling 1481,SUP-0135,"[""LINE-FAC-030-3"", ""LINE-FAC-007-3""]"
PART-01482,Wiring Harness 1482,SUP-0043,"[""LINE-FAC-039-3"", ""LINE-FAC-027-7""]"
PART-01483,Sensor Module 1483,SUP-0948,"[""LINE-FAC-030-1"", ""LINE-FAC-033-6"", ""LINE-FAC-005-6""]"
PART-01484,Actuator 1484,SUP-0534,"[""LINE-FAC-025-2"", ""LINE-FAC-039-1""]"
PART-01485,Sensor Module 1485,SUP-0397,"[""LINE-FAC-030-3"", ""LINE-FAC-016-4""]"
PART-01486,Coupling 1486,SUP-0446,"[""LINE-FAC-032-6""]"
PART-01487,Bushing 1487,SUP-0905,"[""LINE-FAC-018-2""]"
PART-01488,Coupling 1488,SUP-0209,"[""LINE-FAC-010-1""]"
PART-01489,Bearing Assembly 1489,SUP-0547,"[""LINE-FAC-007-5"", ""LINE-FAC-007-3""]"
PART-01490,Gasket 1490,SUP-0620,"[""LINE-FAC-034-8"", ""LINE-FAC-020-3""]"
PART-01491,Actuator 1491,SUP-0994,"[""LINE-FAC-034-5""]"
PART-01492,Bracket 1492,SUP-0441,"[""LINE-FAC-002-5"", ""LINE-FAC-036-2"", ""LINE-FAC-003-5""]"
PART-01493,Wiring Harness 1493,SUP-0346,"[""LINE-FAC-031-8"", ""LINE-FAC-029-3""]"
PART-01494,Housing 1494,SUP-0990,"[""LINE-FAC-029-3"", ""LINE-FAC-037-2""]"
PART-01495,Bearing Assembly 1495,SUP-0530,"[""LINE-FAC-040-3""]"
PART-01496,Bracket 1496,SUP-0984,"[""LINE-FAC-004-4"", ""LINE-FAC-005-4""]"
PART-01497,Wiring Harness 1497,SUP-0073,"[""LINE-FAC-001-6"", ""LINE-FAC-036-3""]"
PART-01498,Valve Body 1498,SUP-0617,"[""LINE-FAC-030-2"", ""LINE-FAC-014-3"", ""LINE-FAC-001-5""]"
PART-01499,Valve Body 1499,SUP-0795,"[""LINE-FAC-015-2"", ""LINE-FAC-040-4"", ""LINE-FAC-022-4""]"
PART-01500,Bracket 1500,SUP-0865,"[""LINE-FAC-019-6""]"
PART-01501,Housing 1501,SUP-0821,"[""LINE-FAC-017-7"", ""LINE-FAC-014-8"", ""LINE-FAC-026-7""]"
PART-01502,Wiring Harness 1502,SUP-0202,"[""LINE-FAC-025-3""]"
PART-01503,Bracket 1503,SUP-0284,"[""LINE-FAC-040-3"", ""LINE-FAC-005-4"", ""LINE-FAC-016-1""]"
PART-01504,Coupling 1504,SUP-0433,"[""LINE-FAC-013-7"", ""LINE-FAC-001-6""]"
PART-01505,Actuator 1505,SUP-0953,"[""LINE-FAC-012-6"", ""LINE-FAC-002-5""]"
PART-01506,Bracket 1506,SUP-0878,"[""LINE-FAC-005-7"", ""LINE-FAC-028-5"", ""LINE-FAC-036-7""]"
PART-01507,Sensor Module 1507,SUP-0527,"[""LINE-FAC-032-4"", ""LINE-FAC-006-4""]"
PART-01508,Coupling 1508,SUP-0279,"[""LINE-FAC-023-4"", ""LINE-FAC-027-4""]"
PART-01509,Bearing Assembly 1509,SUP-0701,"[""LINE-FAC-019-1"", ""LINE-FAC-022-3"", ""LINE-FAC-008-3""]"
PART-01510,Housing 1510,SUP-0507,"[""LINE-FAC-013-6""]"
PART-01511,Valve Body 1511,SUP-0239,"[""LINE-FAC-030-1"", ""LINE-FAC-040-8""]"
PART-01512,Coupling 1512,SUP-0282,"[""LINE-FAC-002-4"", ""LINE-FAC-034-3"", ""LINE-FAC-002-7""]"
PART-01513,Wiring Harness 1513,SUP-0458,"[""LINE-FAC-011-2"", ""LINE-FAC-008-2""]"
PART-01514,Bracket 1514,SUP-0848,"[""LINE-FAC-023-1""]"
PART-01515,Bearing Assembly 1515,SUP-0978,"[""LINE-FAC-013-8"", ""LINE-FAC-029-5"", ""LINE-FAC-023-4""]"
PART-01516,Gasket 1516,SUP-0969,"[""LINE-FAC-019-3"", ""LINE-FAC-013-5"", ""LINE-FAC-002-5""]"
PART-01517,Bearing Assembly 1517,SUP-0138,"[""LINE-FAC-009-5"", ""LINE-FAC-038-2"", ""LINE-FAC-023-5""]"
PART-01518,Wiring Harness 1518,SUP-0277,"[""LINE-FAC-038-1"", ""LINE-FAC-021-5""]"
PART-01519,Gasket 1519,SUP-0387,"[""LINE-FAC-013-4"", ""LINE-FAC-005-6"", ""LINE-FAC-036-4""]"
PART-01520,Bearing Assembly 1520,SUP-0363,"[""LINE-FAC-039-1""]"
PART-01521,Wiring Harness 1521,SUP-0566,"[""LINE-FAC-006-1"", ""LINE-FAC-038-3"", ""LINE-FAC-003-6""]"
PART-01522,Valve Body 1522,SUP-0957,"[""LINE-FAC-001-8""]"
PART-01523,Bearing Assembly 1523,SUP-0006,"[""LINE-FAC-005-1"", ""LINE-FAC-029-5""]"
PART-01524,Wiring Harness 1524,SUP-0380,"[""LINE-FAC-015-6"", ""LINE-FAC-020-2""]"
PART-01525,Coupling 1525,SUP-0641,"[""LINE-FAC-005-3"", ""LINE-FAC-019-7"", ""LINE-FAC-022-2""]"
PART-01526,Wiring Harness 1526,SUP-0521,"[""LINE-FAC-027-7"", ""LINE-FAC-012-1""]"
PART-01527,Housing 1527,SUP-0010,"[""LINE-FAC-009-4"", ""LINE-FAC-021-2"", ""LINE-FAC-029-8""]"
PART-01528,Coupling 1528,SUP-0125,"[""LINE-FAC-004-4"", ""LINE-FAC-025-8""]"
PART-01529,Bushing 1529,SUP-0730,"[""LINE-FAC-016-7"", ""LINE-FAC-040-6""]"
PART-01530,Actuator 1530,SUP-0870,"[""LINE-FAC-016-7"", ""LINE-FAC-022-2"", ""LINE-FAC-032-2""]"
PART-01531,Valve Body 1531,SUP-0212,"[""LINE-FAC-005-6""]"
PART-01532,Bushing 1532,SUP-0492,"[""LINE-FAC-002-5""]"
PART-01533,Gasket 1533,SUP-0585,"[""LINE-FAC-022-2""]"
PART-01534,Wiring Harness 1534,SUP-0982,"[""LINE-FAC-005-3""]"
PART-01535,Bracket 1535,SUP-0337,"[""LINE-FAC-039-4"", ""LINE-FAC-012-1"", ""LINE-FAC-016-5""]"
PART-01536,Sensor Module 1536,SUP-0897,"[""LINE-FAC-033-6"", ""LINE-FAC-039-1""]"
PART-01537,Gasket 1537,SUP-0720,"[""LINE-FAC-019-3"", ""LINE-FAC-030-5""]"
PART-01538,Sensor Module 1538,SUP-0621,"[""LINE-FAC-030-7"", ""LINE-FAC-011-3"", ""LINE-FAC-037-2""]"
PART-01539,Wiring Harness 1539,SUP-0960,"[""LINE-FAC-025-1""]"
PART-01540,Sensor Module 1540,SUP-0807,"[""LINE-FAC-001-2"", ""LINE-FAC-026-7"", ""LINE-FAC-001-8""]"
PART-01541,Bracket 1541,SUP-0310,"[""LINE-FAC-030-1"", ""LINE-FAC-006-7"", ""LINE-FAC-032-2""]"
PART-01542,Valve Body 1542,SUP-0566,"[""LINE-FAC-003-4""]"
PART-01543,Actuator 1543,SUP-0822,"[""LINE-FAC-004-8"", ""LINE-FAC-007-2"", ""LINE-FAC-040-4""]"
PART-01544,Wiring Harness 1544,SUP-0854,"[""LINE-FAC-001-1"", ""LINE-FAC-039-5""]"
PART-01545,Wiring Harness 1545,SUP-0877,"[""LINE-FAC-001-1"", ""LINE-FAC-039-4""]"
PART-01546,Gasket 1546,SUP-0958,"[""LINE-FAC-005-4"", ""LINE-FAC-005-5""]"
PART-01547,Wiring Harness 1547,SUP-0680,"[""LINE-FAC-017-8"", ""LINE-FAC-020-7""]"
PART-01548,Gasket 1548,SUP-0651,"[""LINE-FAC-018-3""]"
PART-01549,Actuator 1549,SUP-0140,"[""LINE-FAC-001-6"", ""LINE-FAC-018-4"", ""LINE-FAC-034-8""]"
PART-01550,Bracket 1550,SUP-0103,"[""LINE-FAC-036-1""]"
PART-01551,Sensor Module 1551,SUP-0266,"[""LINE-FAC-024-3"", ""LINE-FAC-037-3"", ""LINE-FAC-031-3""]"
PART-01552,Wiring Harness 1552,SUP-0864,"[""LINE-FAC-004-7"", ""LINE-FAC-022-8""]"
PART-01553,Housing 1553,SUP-0729,"[""LINE-FAC-008-8"", ""LINE-FAC-027-6"", ""LINE-FAC-003-6""]"
PART-01554,Sensor Module 1554,SUP-0826,"[""LINE-FAC-035-5""]"
PART-01555,Bearing Assembly 1555,SUP-0014,"[""LINE-FAC-003-1"", ""LINE-FAC-017-7""]"
PART-01556,Sensor Module 1556,SUP-0682,"[""LINE-FAC-008-2"", ""LINE-FAC-007-4""]"
PART-01557,Housing 1557,SUP-0782,"[""LINE-FAC-029-7"", ""LINE-FAC-027-4"", ""LINE-FAC-004-5""]"
PART-01558,Coupling 1558,SUP-0990,"[""LINE-FAC-017-6""]"
PART-01559,Coupling 1559,SUP-0997,"[""LINE-FAC-023-4"", ""LINE-FAC-002-1""]"
PART-01560,Bearing Assembly 1560,SUP-0708,"[""LINE-FAC-006-2"", ""LINE-FAC-024-8""]"
PART-01561,Bearing Assembly 1561,SUP-0423,"[""LINE-FAC-022-6""]"
PART-01562,Bracket 1562,SUP-0093,"[""LINE-FAC-033-1"", ""LINE-FAC-033-8""]"
PART-01563,Gasket 1563,SUP-0302,"[""LINE-FAC-018-3"", ""LINE-FAC-016-5""]"
PART-01564,Bracket 1564,SUP-0255,"[""LINE-FAC-028-8"", ""LINE-FAC-039-1""]"
PART-01565,Coupling 1565,SUP-0547,"[""LINE-FAC-009-8"", ""LINE-FAC-022-8""]"
PART-01566,Valve Body 1566,SUP-0352,"[""LINE-FAC-026-1"", ""LINE-FAC-018-7"", ""LINE-FAC-034-8""]"
PART-01567,Valve Body 1567,SUP-0591,"[""LINE-FAC-032-5"", ""LINE-FAC-004-2""]"
PART-01568,Valve Body 1568,SUP-0588,"[""LINE-FAC-031-8"", ""LINE-FAC-004-5"", ""LINE-FAC-039-5""]"
PART-01569,Gasket 1569,SUP-0811,"[""LINE-FAC-009-2""]"
PART-01570,Bearing Assembly 1570,SUP-0665,"[""LINE-FAC-031-8""]"
PART-01571,Coupling 1571,SUP-0118,"[""LINE-FAC-014-2"", ""LINE-FAC-028-1"", ""LINE-FAC-010-5""]"
PART-01572,Bushing 1572,SUP-0959,"[""LINE-FAC-011-8"", ""LINE-FAC-036-8""]"
PART-01573,Coupling 1573,SUP-0030,"[""LINE-FAC-010-8"", ""LINE-FAC-032-3"", ""LINE-FAC-014-3""]"
PART-01574,Wiring Harness 1574,SUP-0397,"[""LINE-FAC-040-7""]"
PART-01575,Bearing Assembly 1575,SUP-0243,"[""LINE-FAC-008-6"", ""LINE-FAC-001-6""]"
PART-01576,Gasket 1576,SUP-0503,"[""LINE-FAC-017-3""]"
PART-01577,Sensor Module 1577,SUP-0315,"[""LINE-FAC-003-2""]"
PART-01578,Wiring Harness 1578,SUP-0210,"[""LINE-FAC-025-8"", ""LINE-FAC-034-7"", ""LINE-FAC-005-3""]"
PART-01579,Sensor Module 1579,SUP-0850,"[""LINE-FAC-029-6""]"
PART-01580,Coupling 1580,SUP-0444,"[""LINE-FAC-027-5""]"
PART-01581,Bearing Assembly 1581,SUP-0058,"[""LINE-FAC-002-7"", ""LINE-FAC-007-6""]"
PART-01582,Bushing 1582,SUP-0357,"[""LINE-FAC-019-6""]"
PART-01583,Wiring Harness 1583,SUP-0566,"[""LINE-FAC-023-8"", ""LINE-FAC-010-4"", ""LINE-FAC-033-3""]"
PART-01584,Coupling 1584,SUP-0330,"[""LINE-FAC-001-8"", ""LINE-FAC-015-3"", ""LINE-FAC-005-3""]"
PART-01585,Housing 1585,SUP-0120,"[""LINE-FAC-003-1"", ""LINE-FAC-030-6""]"
PART-01586,Coupling 1586,SUP-0829,"[""LINE-FAC-040-2""]"
PART-01587,Bushing 1587,SUP-0524,"[""LINE-FAC-007-3""]"
PART-01588,Wiring Harness 1588,SUP-0046,"[""LINE-FAC-031-3"", ""LINE-FAC-031-2""]"
PART-01589,Housing 1589,SUP-0166,"[""LINE-FAC-027-1""]"
PART-01590,Sensor Module 1590,SUP-0444,"[""LINE-FAC-013-6""]"
PART-01591,Wiring Harness 1591,SUP-0208,"[""LINE-FAC-003-2""]"
PART-01592,Gasket 1592,SUP-0928,"[""LINE-FAC-011-5"", ""LINE-FAC-024-4"", ""LINE-FAC-017-6""]"
PART-01593,Actuator 1593,SUP-0752,"[""LINE-FAC-030-2""]"
PART-01594,Wiring Harness 1594,SUP-0124,"[""LINE-FAC-030-7""]"
PART-01595,Sensor Module 1595,SUP-0708,"[""LINE-FAC-035-6""]"
PART-01596,Valve Body 1596,SUP-0652,"[""LINE-FAC-009-5""]"
PART-01597,Valve Body 1597,SUP-0907,"[""LINE-FAC-025-8"", ""LINE-FAC-013-5""]"
PART-01598,Actuator 1598,SUP-0684,"[""LINE-FAC-026-6"", ""LINE-FAC-009-2"", ""LINE-FAC-021-8""]"
PART-01599,Actuator 1599,SUP-0440,"[""LINE-FAC-029-6"", ""LINE-FAC-038-6"", ""LINE-FAC-014-4""]"
PART-01600,Sensor Module 1600,SUP-0578,"[""LINE-FAC-006-7"", ""LINE-FAC-030-3"", ""LINE-FAC-022-8""]"
PART-01601,Gasket 1601,SUP-0503,"[""LINE-FAC-019-6""]"
PART-01602,Sensor Module 1602,SUP-0568,"[""LINE-FAC-012-5""]"
PART-01603,Housing 1603,SUP-0002,"[""LINE-FAC-019-7""]"
PART-01604,Housing 1604,SUP-0419,"[""LINE-FAC-035-4"", ""LINE-FAC-037-2""]"
PART-01605,Bracket 1605,SUP-0986,"[""LINE-FAC-033-2""]"
PART-01606,Housing 1606,SUP-0549,"[""LINE-FAC-030-8"", ""LINE-FAC-027-4"", ""LINE-FAC-031-4""]"
PART-01607,Gasket 1607,SUP-0755,"[""LINE-FAC-003-2"", ""LINE-FAC-007-3"", ""LINE-FAC-032-1""]"
PART-01608,Gasket 1608,SUP-0227,"[""LINE-FAC-019-6""]"
PART-01609,Gasket 1609,SUP-0925,"[""LINE-FAC-028-1"", ""LINE-FAC-015-1""]"
PART-01610,Bracket 1610,SUP-0780,"[""LINE-FAC-011-8"", ""LINE-FAC-033-1""]"
PART-01611,Gasket 1611,SUP-0127,"[""LINE-FAC-037-3"", ""LINE-FAC-021-5""]"
PART-01612,Actuator 1612,SUP-0021,"[""LINE-FAC-013-5"", ""LINE-FAC-011-7""]"
PART-01613,Actuator 1613,SUP-0612,"[""LINE-FAC-010-5"", ""LINE-FAC-024-1"", ""LINE-FAC-010-1""]"
PART-01614,Bracket 1614,SUP-0834,"[""LINE-FAC-039-8"", ""LINE-FAC-008-3"", ""LINE-FAC-017-4""]"
PART-01615,Bushing 1615,SUP-0242,"[""LINE-FAC-011-5"", ""LINE-FAC-029-7"", ""LINE-FAC-033-4""]"
PART-01616,Bushing 1616,SUP-0519,"[""LINE-FAC-016-2"", ""LINE-FAC-036-7""]"
PART-01617,Coupling 1617,SUP-0860,"[""LINE-FAC-015-8""]"
PART-01618,Actuator 1618,SUP-0697,"[""LINE-FAC-035-4"", ""LINE-FAC-038-8"", ""LINE-FAC-035-3""]"
PART-01619,Bushing 1619,SUP-0746,"[""LINE-FAC-038-2"", ""LINE-FAC-006-6"", ""LINE-FAC-024-7""]"
PART-01620,Bracket 1620,SUP-0813,"[""LINE-FAC-014-6""]"
PART-01621,Wiring Harness 1621,SUP-0105,"[""LINE-FAC-027-3"", ""LINE-FAC-034-7""]"
PART-01622,Wiring Harness 1622,SUP-0068,"[""LINE-FAC-031-5"", ""LINE-FAC-009-4"", ""LINE-FAC-023-3""]"
PART-01623,Actuator 1623,SUP-0194,"[""LINE-FAC-007-1""]"
PART-01624,Wiring Harness 1624,SUP-0396,"[""LINE-FAC-008-3"", ""LINE-FAC-005-3"", ""LINE-FAC-008-5""]"
PART-01625,Housing 1625,SUP-0199,"[""LINE-FAC-022-7"", ""LINE-FAC-008-4""]"
PART-01626,Coupling 1626,SUP-0341,"[""LINE-FAC-026-8""]"
PART-01627,Coupling 1627,SUP-0070,"[""LINE-FAC-019-4"", ""LINE-FAC-033-8""]"
PART-01628,Bearing Assembly 1628,SUP-0842,"[""LINE-FAC-033-8"", ""LINE-FAC-025-5"", ""LINE-FAC-033-1""]"
PART-01629,Wiring Harness 1629,SUP-0049,"[""LINE-FAC-020-8""]"
PART-01630,Bushing 1630,SUP-0013,"[""LINE-FAC-036-4"", ""LINE-FAC-013-3"", ""LINE-FAC-025-3""]"
PART-01631,Valve Body 1631,SUP-0618,"[""LINE-FAC-032-5"", ""LINE-FAC-040-4"", ""LINE-FAC-029-4""]"
PART-01632,Bracket 1632,SUP-0097,"[""LINE-FAC-010-7""]"
PART-01633,Wiring Harness 1633,SUP-0749,"[""LINE-FAC-016-1""]"
PART-01634,Bracket 1634,SUP-0786,"[""LINE-FAC-001-4"", ""LINE-FAC-011-8"", ""LINE-FAC-031-3""]"
PART-01635,Valve Body 1635,SUP-0469,"[""LINE-FAC-010-5"", ""LINE-FAC-008-3""]"
PART-01636,Bearing Assembly 1636,SUP-0093,"[""LINE-FAC-015-6""]"
PART-01637,Wiring Harness 1637,SUP-0058,"[""LINE-FAC-033-7"", ""LINE-FAC-038-8"", ""LINE-FAC-012-8""]"
PART-01638,Sensor Module 1638,SUP-0450,"[""LINE-FAC-035-1""]"
PART-01639,Bearing Assembly 1639,SUP-0129,"[""LINE-FAC-001-8"", ""LINE-FAC-021-4"", ""LINE-FAC-002-6""]"
PART-01640,Gasket 1640,SUP-0537,"[""LINE-FAC-030-3"", ""LINE-FAC-006-6""]"
PART-01641,Bracket 1641,SUP-0083,"[""LINE-FAC-030-2""]"
PART-01642,Bushing 1642,SUP-0575,"[""LINE-FAC-020-1"", ""LINE-FAC-032-1""]"
PART-01643,Housing 1643,SUP-0027,"[""LINE-FAC-009-5"", ""LINE-FAC-039-8""]"
PART-01644,Bracket 1644,SUP-0168,"[""LINE-FAC-018-2"", ""LINE-FAC-018-8"", ""LINE-FAC-040-5""]"
PART-01645,Valve Body 1645,SUP-0314,"[""LINE-FAC-012-4"", ""LINE-FAC-017-6""]"
PART-01646,Sensor Module 1646,SUP-0430,"[""LINE-FAC-025-4"", ""LINE-FAC-024-6""]"
PART-01647,Wiring Harness 1647,SUP-0186,"[""LINE-FAC-001-5""]"
PART-01648,Actuator 1648,SUP-0079,"[""LINE-FAC-034-2""]"
PART-01649,Gasket 1649,SUP-0644,"[""LINE-FAC-028-8"", ""LINE-FAC-004-4""]"
PART-01650,Housing 1650,SUP-0336,"[""LINE-FAC-011-7""]"
PART-01651,Bearing Assembly 1651,SUP-0626,"[""LINE-FAC-027-6""]"
PART-01652,Wiring Harness 1652,SUP-0906,"[""LINE-FAC-013-7"", ""LINE-FAC-038-4""]"
PART-01653,Housing 1653,SUP-0017,"[""LINE-FAC-035-3""]"
PART-01654,Actuator 1654,SUP-0410,"[""LINE-FAC-022-7""]"
PART-01655,Bushing 1655,SUP-0501,"[""LINE-FAC-021-5"", ""LINE-FAC-024-8""]"
PART-01656,Bushing 1656,SUP-0453,"[""LINE-FAC-019-8"", ""LINE-FAC-028-6""]"
PART-01657,Gasket 1657,SUP-0613,"[""LINE-FAC-028-1""]"
PART-01658,Sensor Module 1658,SUP-0542,"[""LINE-FAC-009-7"", ""LINE-FAC-040-5""]"
PART-01659,Bearing Assembly 1659,SUP-0902,"[""LINE-FAC-038-7"", ""LINE-FAC-024-6""]"
PART-01660,Wiring Harness 1660,SUP-0185,"[""LINE-FAC-021-7""]"
PART-01661,Bushing 1661,SUP-0548,"[""LINE-FAC-022-5"", ""LINE-FAC-013-6""]"
PART-01662,Bracket 1662,SUP-0869,"[""LINE-FAC-039-2"", ""LINE-FAC-023-1"", ""LINE-FAC-023-5""]"
PART-01663,Housing 1663,SUP-0271,"[""LINE-FAC-028-6"", ""LINE-FAC-004-6""]"
PART-01664,Gasket 1664,SUP-0121,"[""LINE-FAC-014-4""]"
PART-01665,Sensor Module 1665,SUP-0577,"[""LINE-FAC-011-1"", ""LINE-FAC-025-5"", ""LINE-FAC-025-8""]"
PART-01666,Bracket 1666,SUP-0518,"[""LINE-FAC-016-8"", ""LINE-FAC-001-8"", ""LINE-FAC-015-3""]"
PART-01667,Actuator 1667,SUP-0988,"[""LINE-FAC-029-2"", ""LINE-FAC-038-5"", ""LINE-FAC-015-4""]"
PART-01668,Bearing Assembly 1668,SUP-0951,"[""LINE-FAC-037-1"", ""LINE-FAC-016-3""]"
PART-01669,Bushing 1669,SUP-0770,"[""LINE-FAC-002-1""]"
PART-01670,Bearing Assembly 1670,SUP-0740,"[""LINE-FAC-036-8"", ""LINE-FAC-038-2""]"
PART-01671,Coupling 1671,SUP-0989,"[""LINE-FAC-009-5""]"
PART-01672,Coupling 1672,SUP-0759,"[""LINE-FAC-036-4"", ""LINE-FAC-037-2""]"
PART-01673,Valve Body 1673,SUP-0349,"[""LINE-FAC-033-7""]"
PART-01674,Valve Body 1674,SUP-0780,"[""LINE-FAC-022-2"", ""LINE-FAC-033-2"", ""LINE-FAC-022-8""]"
PART-01675,Bracket 1675,SUP-0785,"[""LINE-FAC-008-4"", ""LINE-FAC-029-8""]"
PART-01676,Valve Body 1676,SUP-0368,"[""LINE-FAC-029-8""]"
PART-01677,Actuator 1677,SUP-0247,"[""LINE-FAC-009-6"", ""LINE-FAC-031-1""]"
PART-01678,Actuator 1678,SUP-0713,"[""LINE-FAC-005-1"", ""LINE-FAC-016-7""]"
PART-01679,Sensor Module 1679,SUP-0040,"[""LINE-FAC-033-6""]"
PART-01680,Coupling 1680,SUP-0759,"[""LINE-FAC-031-8"", ""LINE-FAC-020-2""]"
PART-01681,Bushing 1681,SUP-0403,"[""LINE-FAC-038-1""]"
PART-01682,Coupling 1682,SUP-0854,"[""LINE-FAC-009-7""]"
PART-01683,Sensor Module 1683,SUP-0878,"[""LINE-FAC-030-7"", ""LINE-FAC-032-7"", ""LINE-FAC-011-8""]"
PART-01684,Bracket 1684,SUP-0851,"[""LINE-FAC-038-8""]"
PART-01685,Coupling 1685,SUP-0278,"[""LINE-FAC-018-3"", ""LINE-FAC-036-8"", ""LINE-FAC-035-1""]"
PART-01686,Gasket 1686,SUP-0534,"[""LINE-FAC-021-2""]"
PART-01687,Coupling 1687,SUP-0989,"[""LINE-FAC-009-4"", ""LINE-FAC-013-2"", ""LINE-FAC-009-2""]"
PART-01688,Actuator 1688,SUP-0685,"[""LINE-FAC-030-3""]"
PART-01689,Actuator 1689,SUP-0267,"[""LINE-FAC-031-1"", ""LINE-FAC-036-2"", ""LINE-FAC-023-2""]"
PART-01690,Valve Body 1690,SUP-0702,"[""LINE-FAC-009-6"", ""LINE-FAC-019-6""]"
PART-01691,Wiring Harness 1691,SUP-0063,"[""LINE-FAC-006-2""]"
PART-01692,Housing 1692,SUP-0274,"[""LINE-FAC-035-3"", ""LINE-FAC-017-5"", ""LINE-FAC-038-3""]"
PART-01693,Valve Body 1693,SUP-0610,"[""LINE-FAC-040-3"", ""LINE-FAC-025-6"", ""LINE-FAC-019-7""]"
PART-01694,Coupling 1694,SUP-0411,"[""LINE-FAC-030-8""]"
PART-01695,Wiring Harness 1695,SUP-0483,"[""LINE-FAC-016-6""]"
PART-01696,Valve Body 1696,SUP-0129,"[""LINE-FAC-004-2"", ""LINE-FAC-003-5""]"
PART-01697,Coupling 1697,SUP-0975,"[""LINE-FAC-009-3""]"
PART-01698,Wiring Harness 1698,SUP-0409,"[""LINE-FAC-033-4""]"
PART-01699,Bushing 1699,SUP-0785,"[""LINE-FAC-021-4"", ""LINE-FAC-032-2""]"
PART-01700,Coupling 1700,SUP-0494,"[""LINE-FAC-013-4""]"
PART-01701,Actuator 1701,SUP-0982,"[""LINE-FAC-007-1"", ""LINE-FAC-026-1"", ""LINE-FAC-014-3""]"
PART-01702,Bracket 1702,SUP-0296,"[""LINE-FAC-030-1"", ""LINE-FAC-030-6""]"
PART-01703,Coupling 1703,SUP-0194,"[""LINE-FAC-040-4"", ""LINE-FAC-019-5""]"
PART-01704,Actuator 1704,SUP-0058,"[""LINE-FAC-028-4"", ""LINE-FAC-024-7""]"
PART-01705,Gasket 1705,SUP-0483,"[""LINE-FAC-003-2"", ""LINE-FAC-037-2""]"
PART-01706,Gasket 1706,SUP-0526,"[""LINE-FAC-038-7""]"
PART-01707,Valve Body 1707,SUP-0385,"[""LINE-FAC-009-5"", ""LINE-FAC-040-2"", ""LINE-FAC-028-4""]"
PART-01708,Actuator 1708,SUP-0442,"[""LINE-FAC-004-5""]"
PART-01709,Coupling 1709,SUP-0028,"[""LINE-FAC-040-6""]"
PART-01710,Housing 1710,SUP-0934,"[""LINE-FAC-037-7""]"
PART-01711,Bracket 1711,SUP-0208,"[""LINE-FAC-010-8""]"
PART-01712,Coupling 1712,SUP-0297,"[""LINE-FAC-037-2"", ""LINE-FAC-019-1""]"
PART-01713,Coupling 1713,SUP-0738,"[""LINE-FAC-031-8""]"
PART-01714,Sensor Module 1714,SUP-0845,"[""LINE-FAC-004-2"", ""LINE-FAC-007-5"", ""LINE-FAC-011-8""]"
PART-01715,Bracket 1715,SUP-0312,"[""LINE-FAC-033-7"", ""LINE-FAC-033-6"", ""LINE-FAC-028-2""]"
PART-01716,Bushing 1716,SUP-0602,"[""LINE-FAC-002-1"", ""LINE-FAC-006-2""]"
PART-01717,Sensor Module 1717,SUP-0649,"[""LINE-FAC-039-1""]"
PART-01718,Bushing 1718,SUP-0449,"[""LINE-FAC-018-5""]"
PART-01719,Gasket 1719,SUP-0481,"[""LINE-FAC-004-2"", ""LINE-FAC-032-5""]"
PART-01720,Housing 1720,SUP-0550,"[""LINE-FAC-021-8""]"
PART-01721,Valve Body 1721,SUP-0497,"[""LINE-FAC-004-7""]"
PART-01722,Bushing 1722,SUP-0950,"[""LINE-FAC-005-4"", ""LINE-FAC-031-8"", ""LINE-FAC-035-3""]"
PART-01723,Bearing Assembly 1723,SUP-0191,"[""LINE-FAC-008-5""]"
PART-01724,Valve Body 1724,SUP-0740,"[""LINE-FAC-007-4"", ""LINE-FAC-023-4"", ""LINE-FAC-015-8""]"
PART-01725,Housing 1725,SUP-0088,"[""LINE-FAC-035-8"", ""LINE-FAC-036-5""]"
PART-01726,Sensor Module 1726,SUP-0993,"[""LINE-FAC-022-3"", ""LINE-FAC-029-2""]"
PART-01727,Bracket 1727,SUP-0451,"[""LINE-FAC-017-2""]"
PART-01728,Bracket 1728,SUP-0838,"[""LINE-FAC-039-8""]"
PART-01729,Sensor Module 1729,SUP-0241,"[""LINE-FAC-026-2"", ""LINE-FAC-032-6"", ""LINE-FAC-027-4""]"
PART-01730,Gasket 1730,SUP-0692,"[""LINE-FAC-024-2"", ""LINE-FAC-004-8"", ""LINE-FAC-027-8""]"
PART-01731,Bracket 1731,SUP-0445,"[""LINE-FAC-022-5"", ""LINE-FAC-023-3"", ""LINE-FAC-010-7""]"
PART-01732,Gasket 1732,SUP-0473,"[""LINE-FAC-017-1""]"
PART-01733,Gasket 1733,SUP-0193,"[""LINE-FAC-033-3"", ""LINE-FAC-030-5""]"
PART-01734,Gasket 1734,SUP-0079,"[""LINE-FAC-003-3"", ""LINE-FAC-013-5"", ""LINE-FAC-014-4""]"
PART-01735,Sensor Module 1735,SUP-0984,"[""LINE-FAC-022-2"", ""LINE-FAC-006-7"", ""LINE-FAC-006-4""]"
PART-01736,Housing 1736,SUP-0765,"[""LINE-FAC-016-6"", ""LINE-FAC-012-6"", ""LINE-FAC-040-2""]"
PART-01737,Sensor Module 1737,SUP-0828,"[""LINE-FAC-032-4"", ""LINE-FAC-026-8""]"
PART-01738,Wiring Harness 1738,SUP-0170,"[""LINE-FAC-028-2""]"
PART-01739,Valve Body 1739,SUP-0337,"[""LINE-FAC-033-8"", ""LINE-FAC-033-3"", ""LINE-FAC-016-4""]"
PART-01740,Wiring Harness 1740,SUP-0077,"[""LINE-FAC-009-2"", ""LINE-FAC-003-7"", ""LINE-FAC-014-8""]"
PART-01741,Housing 1741,SUP-0960,"[""LINE-FAC-040-8"", ""LINE-FAC-008-4"", ""LINE-FAC-031-8""]"
PART-01742,Housing 1742,SUP-0108,"[""LINE-FAC-020-6"", ""LINE-FAC-031-3"", ""LINE-FAC-013-6""]"
PART-01743,Wiring Harness 1743,SUP-0500,"[""LINE-FAC-016-7""]"
PART-01744,Gasket 1744,SUP-0462,"[""LINE-FAC-040-3"", ""LINE-FAC-003-2""]"
PART-01745,Sensor Module 1745,SUP-0791,"[""LINE-FAC-027-4"", ""LINE-FAC-009-8"", ""LINE-FAC-017-2""]"
PART-01746,Housing 1746,SUP-0395,"[""LINE-FAC-012-2""]"
PART-01747,Sensor Module 1747,SUP-0859,"[""LINE-FAC-013-4"", ""LINE-FAC-034-4"", ""LINE-FAC-024-1""]"
PART-01748,Bearing Assembly 1748,SUP-0073,"[""LINE-FAC-035-6""]"
PART-01749,Sensor Module 1749,SUP-0992,"[""LINE-FAC-020-8""]"
PART-01750,Bushing 1750,SUP-0708,"[""LINE-FAC-027-6"", ""LINE-FAC-030-5"", ""LINE-FAC-015-1""]"
PART-01751,Actuator 1751,SUP-0664,"[""LINE-FAC-029-2"", ""LINE-FAC-022-1""]"
PART-01752,Bushing 1752,SUP-0627,"[""LINE-FAC-027-7"", ""LINE-FAC-028-3""]"
PART-01753,Gasket 1753,SUP-0853,"[""LINE-FAC-018-3"", ""LINE-FAC-039-5"", ""LINE-FAC-028-1""]"
PART-01754,Gasket 1754,SUP-0409,"[""LINE-FAC-007-7"", ""LINE-FAC-027-7"", ""LINE-FAC-024-6""]"
PART-01755,Coupling 1755,SUP-0815,"[""LINE-FAC-004-8"", ""LINE-FAC-038-5""]"
PART-01756,Actuator 1756,SUP-0722,"[""LINE-FAC-017-8""]"
PART-01757,Gasket 1757,SUP-0936,"[""LINE-FAC-037-3""]"
PART-01758,Gasket 1758,SUP-0674,"[""LINE-FAC-039-7"", ""LINE-FAC-026-6""]"
PART-01759,Bearing Assembly 1759,SUP-0565,"[""LINE-FAC-023-2"", ""LINE-FAC-027-7""]"
PART-01760,Bearing Assembly 1760,SUP-0089,"[""LINE-FAC-011-2"", ""LINE-FAC-021-5""]"
PART-01761,Bushing 1761,SUP-0515,"[""LINE-FAC-037-5""]"
PART-01762,Bushing 1762,SUP-0643,"[""LINE-FAC-031-7""]"
PART-01763,Actuator 1763,SUP-0173,"[""LINE-FAC-017-5""]"
PART-01764,Coupling 1764,SUP-0305,"[""LINE-FAC-007-3"", ""LINE-FAC-007-5"", ""LINE-FAC-012-3""]"
PART-01765,Wiring Harness 1765,SUP-0419,"[""LINE-FAC-023-7"", ""LINE-FAC-019-1""]"
PART-01766,Bushing 1766,SUP-0722,"[""LINE-FAC-002-8"", ""LINE-FAC-031-8"", ""LINE-FAC-032-8""]"
PART-01767,Valve Body 1767,SUP-0538,"[""LINE-FAC-029-2"", ""LINE-FAC-011-4"", ""LINE-FAC-025-7""]"
PART-01768,Bushing 1768,SUP-0692,"[""LINE-FAC-005-3""]"
PART-01769,Bracket 1769,SUP-0167,"[""LINE-FAC-001-4"", ""LINE-FAC-039-1""]"
PART-01770,Valve Body 1770,SUP-0821,"[""LINE-FAC-005-4""]"
PART-01771,Valve Body 1771,SUP-0024,"[""LINE-FAC-028-4"", ""LINE-FAC-027-3"", ""LINE-FAC-027-4""]"
PART-01772,Bracket 1772,SUP-0209,"[""LINE-FAC-002-2""]"
PART-01773,Bracket 1773,SUP-0032,"[""LINE-FAC-040-4"", ""LINE-FAC-037-5""]"
PART-01774,Wiring Harness 1774,SUP-0586,"[""LINE-FAC-014-6"", ""LINE-FAC-039-6""]"
PART-01775,Valve Body 1775,SUP-0176,"[""LINE-FAC-001-3"", ""LINE-FAC-013-3""]"
PART-01776,Bushing 1776,SUP-0934,"[""LINE-FAC-005-1"", ""LINE-FAC-017-8""]"
PART-01777,Gasket 1777,SUP-0011,"[""LINE-FAC-023-4"", ""LINE-FAC-005-7"", ""LINE-FAC-029-4""]"
PART-01778,Valve Body 1778,SUP-0869,"[""LINE-FAC-015-5""]"
PART-01779,Coupling 1779,SUP-0893,"[""LINE-FAC-020-2"", ""LINE-FAC-034-1""]"
PART-01780,Bushing 1780,SUP-0353,"[""LINE-FAC-039-3"", ""LINE-FAC-022-4"", ""LINE-FAC-021-4""]"
PART-01781,Bushing 1781,SUP-0256,"[""LINE-FAC-008-2""]"
PART-01782,Wiring Harness 1782,SUP-0828,"[""LINE-FAC-002-1"", ""LINE-FAC-029-4""]"
PART-01783,Actuator 1783,SUP-0822,"[""LINE-FAC-009-1"", ""LINE-FAC-010-7"", ""LINE-FAC-040-1""]"
PART-01784,Wiring Harness 1784,SUP-0047,"[""LINE-FAC-010-5"", ""LINE-FAC-016-8""]"
PART-01785,Bushing 1785,SUP-0289,"[""LINE-FAC-019-2"", ""LINE-FAC-039-6"", ""LINE-FAC-017-1""]"
PART-01786,Valve Body 1786,SUP-0916,"[""LINE-FAC-023-4""]"
PART-01787,Valve Body 1787,SUP-0683,"[""LINE-FAC-033-7"", ""LINE-FAC-008-2"", ""LINE-FAC-018-5""]"
PART-01788,Bracket 1788,SUP-0989,"[""LINE-FAC-007-5""]"
PART-01789,Coupling 1789,SUP-0345,"[""LINE-FAC-019-5"", ""LINE-FAC-010-2"", ""LINE-FAC-017-5""]"
PART-01790,Sensor Module 1790,SUP-0328,"[""LINE-FAC-038-2""]"
PART-01791,Gasket 1791,SUP-0555,"[""LINE-FAC-017-5"", ""LINE-FAC-036-3"", ""LINE-FAC-001-5""]"
PART-01792,Sensor Module 1792,SUP-0554,"[""LINE-FAC-006-5"", ""LINE-FAC-016-1"", ""LINE-FAC-002-6""]"
PART-01793,Valve Body 1793,SUP-0218,"[""LINE-FAC-007-2"", ""LINE-FAC-028-8"", ""LINE-FAC-036-6""]"
PART-01794,Bracket 1794,SUP-0414,"[""LINE-FAC-023-4"", ""LINE-FAC-002-6""]"
PART-01795,Gasket 1795,SUP-0128,"[""LINE-FAC-037-8"", ""LINE-FAC-032-1""]"
PART-01796,Actuator 1796,SUP-0468,"[""LINE-FAC-027-7"", ""LINE-FAC-023-4"", ""LINE-FAC-024-3""]"
PART-01797,Actuator 1797,SUP-0305,"[""LINE-FAC-003-7"", ""LINE-FAC-008-3"", ""LINE-FAC-016-8""]"
PART-01798,Coupling 1798,SUP-0363,"[""LINE-FAC-004-7"", ""LINE-FAC-020-6""]"
PART-01799,Bearing Assembly 1799,SUP-0081,"[""LINE-FAC-018-1"", ""LINE-FAC-022-7"", ""LINE-FAC-036-2""]"
PART-01800,Valve Body 1800,SUP-0721,"[""LINE-FAC-023-5"", ""LINE-FAC-024-2""]"
PART-01801,Actuator 1801,SUP-0122,"[""LINE-FAC-019-4"", ""LINE-FAC-014-5"", ""LINE-FAC-010-6""]"
PART-01802,Sensor Module 1802,SUP-0749,"[""LINE-FAC-002-5"", ""LINE-FAC-025-2"", ""LINE-FAC-006-2""]"
PART-01803,Actuator 1803,SUP-0071,"[""LINE-FAC-020-6""]"
PART-01804,Bracket 1804,SUP-0425,"[""LINE-FAC-024-3"", ""LINE-FAC-020-1""]"
PART-01805,Bearing Assembly 1805,SUP-0954,"[""LINE-FAC-035-2""]"
PART-01806,Actuator 1806,SUP-0606,"[""LINE-FAC-026-7""]"
PART-01807,Wiring Harness 1807,SUP-0144,"[""LINE-FAC-005-1"", ""LINE-FAC-017-1""]"
PART-01808,Coupling 1808,SUP-0810,"[""LINE-FAC-005-4""]"
PART-01809,Actuator 1809,SUP-0393,"[""LINE-FAC-006-6"", ""LINE-FAC-015-7""]"
PART-01810,Wiring Harness 1810,SUP-0095,"[""LINE-FAC-011-7"", ""LINE-FAC-010-4"", ""LINE-FAC-024-7""]"
PART-01811,Actuator 1811,SUP-0491,"[""LINE-FAC-003-1"", ""LINE-FAC-005-6""]"
PART-01812,Valve Body 1812,SUP-0733,"[""LINE-FAC-006-2"", ""LINE-FAC-008-7"", ""LINE-FAC-010-3""]"
PART-01813,Bracket 1813,SUP-0569,"[""LINE-FAC-012-2""]"
PART-01814,Wiring Harness 1814,SUP-0106,"[""LINE-FAC-008-6"", ""LINE-FAC-037-2"", ""LINE-FAC-001-5""]"
PART-01815,Sensor Module 1815,SUP-0932,"[""LINE-FAC-031-6"", ""LINE-FAC-008-4""]"
PART-01816,Housing 1816,SUP-0345,"[""LINE-FAC-009-5"", ""LINE-FAC-004-7"", ""LINE-FAC-003-8""]"
PART-01817,Bearing Assembly 1817,SUP-0725,"[""LINE-FAC-016-1"", ""LINE-FAC-013-4""]"
PART-01818,Bushing 1818,SUP-0639,"[""LINE-FAC-037-8""]"
PART-01819,Bearing Assembly 1819,SUP-0371,"[""LINE-FAC-017-1""]"
PART-01820,Actuator 1820,SUP-0144,"[""LINE-FAC-022-7"", ""LINE-FAC-013-4""]"
PART-01821,Sensor Module 1821,SUP-0756,"[""LINE-FAC-017-7"", ""LINE-FAC-031-1""]"
PART-01822,Valve Body 1822,SUP-0810,"[""LINE-FAC-022-2""]"
PART-01823,Coupling 1823,SUP-0167,"[""LINE-FAC-038-1""]"
PART-01824,Actuator 1824,SUP-0934,"[""LINE-FAC-011-5"", ""LINE-FAC-031-5"", ""LINE-FAC-012-8""]"
PART-01825,Valve Body 1825,SUP-0732,"[""LINE-FAC-012-8""]"
PART-01826,Bracket 1826,SUP-0904,"[""LINE-FAC-018-4"", ""LINE-FAC-031-7"", ""LINE-FAC-006-4""]"
PART-01827,Wiring Harness 1827,SUP-0798,"[""LINE-FAC-011-5"", ""LINE-FAC-012-1""]"
PART-01828,Wiring Harness 1828,SUP-0794,"[""LINE-FAC-013-4"", ""LINE-FAC-011-1"", ""LINE-FAC-039-7""]"
PART-01829,Bearing Assembly 1829,SUP-0948,"[""LINE-FAC-022-5"", ""LINE-FAC-022-2"", ""LINE-FAC-034-1""]"
PART-01830,Bearing Assembly 1830,SUP-0110,"[""LINE-FAC-013-2""]"
PART-01831,Sensor Module 1831,SUP-0626,"[""LINE-FAC-018-4""]"
PART-01832,Coupling 1832,SUP-0620,"[""LINE-FAC-012-3"", ""LINE-FAC-012-4""]"
PART-01833,Actuator 1833,SUP-0571,"[""LINE-FAC-016-1"", ""LINE-FAC-004-5"", ""LINE-FAC-027-1""]"
PART-01834,Valve Body 1834,SUP-0731,"[""LINE-FAC-040-1""]"
PART-01835,Bushing 1835,SUP-0277,"[""LINE-FAC-039-8"", ""LINE-FAC-019-5""]"
PART-01836,Actuator 1836,SUP-0579,"[""LINE-FAC-013-8"", ""LINE-FAC-012-1""]"
PART-01837,Bushing 1837,SUP-0441,"[""LINE-FAC-025-3"", ""LINE-FAC-016-8""]"
PART-01838,Bearing Assembly 1838,SUP-0819,"[""LINE-FAC-018-2"", ""LINE-FAC-023-2""]"
PART-01839,Bushing 1839,SUP-0287,"[""LINE-FAC-026-2""]"
PART-01840,Sensor Module 1840,SUP-0355,"[""LINE-FAC-011-3"", ""LINE-FAC-024-2""]"
PART-01841,Valve Body 1841,SUP-0464,"[""LINE-FAC-037-7""]"
PART-01842,Coupling 1842,SUP-0532,"[""LINE-FAC-008-7"", ""LINE-FAC-035-4"", ""LINE-FAC-004-8""]"
PART-01843,Wiring Harness 1843,SUP-0797,"[""LINE-FAC-002-2"", ""LINE-FAC-012-2"", ""LINE-FAC-037-1""]"
PART-01844,Sensor Module 1844,SUP-0782,"[""LINE-FAC-017-3"", ""LINE-FAC-009-4"", ""LINE-FAC-020-4""]"
PART-01845,Actuator 1845,SUP-0301,"[""LINE-FAC-036-1"", ""LINE-FAC-037-1"", ""LINE-FAC-015-4""]"
PART-01846,Valve Body 1846,SUP-0112,"[""LINE-FAC-031-8""]"
PART-01847,Coupling 1847,SUP-0069,"[""LINE-FAC-016-2"", ""LINE-FAC-032-1"", ""LINE-FAC-025-5""]"
PART-01848,Bushing 1848,SUP-0610,"[""LINE-FAC-023-2"", ""LINE-FAC-018-5""]"
PART-01849,Gasket 1849,SUP-0278,"[""LINE-FAC-038-4"", ""LINE-FAC-014-7""]"
PART-01850,Bracket 1850,SUP-0220,"[""LINE-FAC-027-1""]"
PART-01851,Wiring Harness 1851,SUP-0623,"[""LINE-FAC-011-7""]"
PART-01852,Bushing 1852,SUP-0295,"[""LINE-FAC-015-3""]"
PART-01853,Sensor Module 1853,SUP-0055,"[""LINE-FAC-039-6"", ""LINE-FAC-035-6""]"
PART-01854,Bearing Assembly 1854,SUP-0986,"[""LINE-FAC-001-1"", ""LINE-FAC-033-4""]"
PART-01855,Actuator 1855,SUP-0344,"[""LINE-FAC-015-6"", ""LINE-FAC-029-6"", ""LINE-FAC-040-7""]"
PART-01856,Bushing 1856,SUP-0339,"[""LINE-FAC-008-4""]"
PART-01857,Coupling 1857,SUP-0752,"[""LINE-FAC-032-8"", ""LINE-FAC-027-2"", ""LINE-FAC-013-3""]"
PART-01858,Bearing Assembly 1858,SUP-0655,"[""LINE-FAC-006-3"", ""LINE-FAC-013-2"", ""LINE-FAC-014-2""]"
PART-01859,Valve Body 1859,SUP-0075,"[""LINE-FAC-014-3"", ""LINE-FAC-015-4"", ""LINE-FAC-036-7""]"
PART-01860,Wiring Harness 1860,SUP-0502,"[""LINE-FAC-029-5"", ""LINE-FAC-007-3""]"
PART-01861,Bearing Assembly 1861,SUP-0219,"[""LINE-FAC-007-2"", ""LINE-FAC-026-6""]"
PART-01862,Coupling 1862,SUP-0379,"[""LINE-FAC-026-3""]"
PART-01863,Bushing 1863,SUP-0091,"[""LINE-FAC-007-8"", ""LINE-FAC-034-8""]"
PART-01864,Housing 1864,SUP-0061,"[""LINE-FAC-010-2""]"
PART-01865,Bearing Assembly 1865,SUP-0576,"[""LINE-FAC-003-7""]"
PART-01866,Bracket 1866,SUP-0344,"[""LINE-FAC-006-4"", ""LINE-FAC-004-6""]"
PART-01867,Actuator 1867,SUP-0596,"[""LINE-FAC-027-7""]"
PART-01868,Coupling 1868,SUP-0724,"[""LINE-FAC-037-7""]"
PART-01869,Bracket 1869,SUP-0422,"[""LINE-FAC-017-1""]"
PART-01870,Bushing 1870,SUP-0152,"[""LINE-FAC-007-8"", ""LINE-FAC-037-8"", ""LINE-FAC-031-4""]"
PART-01871,Bearing Assembly 1871,SUP-0048,"[""LINE-FAC-012-8"", ""LINE-FAC-038-3""]"
PART-01872,Coupling 1872,SUP-0519,"[""LINE-FAC-029-3"", ""LINE-FAC-037-3"", ""LINE-FAC-001-7""]"
PART-01873,Valve Body 1873,SUP-0459,"[""LINE-FAC-026-2"", ""LINE-FAC-025-5""]"
PART-01874,Valve Body 1874,SUP-0767,"[""LINE-FAC-008-2""]"
PART-01875,Coupling 1875,SUP-0330,"[""LINE-FAC-009-6""]"
PART-01876,Valve Body 1876,SUP-0996,"[""LINE-FAC-019-5"", ""LINE-FAC-006-3"", ""LINE-FAC-036-8""]"
PART-01877,Bearing Assembly 1877,SUP-0857,"[""LINE-FAC-008-2"", ""LINE-FAC-023-1""]"
PART-01878,Coupling 1878,SUP-0504,"[""LINE-FAC-004-1""]"
PART-01879,Actuator 1879,SUP-0695,"[""LINE-FAC-011-1""]"
PART-01880,Bracket 1880,SUP-0245,"[""LINE-FAC-024-5"", ""LINE-FAC-004-3""]"
PART-01881,Gasket 1881,SUP-0712,"[""LINE-FAC-026-6"", ""LINE-FAC-022-1"", ""LINE-FAC-009-3""]"
PART-01882,Wiring Harness 1882,SUP-0933,"[""LINE-FAC-007-4""]"
PART-01883,Actuator 1883,SUP-0707,"[""LINE-FAC-013-4""]"
PART-01884,Bracket 1884,SUP-0288,"[""LINE-FAC-036-3"", ""LINE-FAC-037-6""]"
PART-01885,Valve Body 1885,SUP-0847,"[""LINE-FAC-013-1"", ""LINE-FAC-017-1"", ""LINE-FAC-014-6""]"
PART-01886,Sensor Module 1886,SUP-0221,"[""LINE-FAC-014-7""]"
PART-01887,Actuator 1887,SUP-0115,"[""LINE-FAC-003-5"", ""LINE-FAC-020-4""]"
PART-01888,Coupling 1888,SUP-0115,"[""LINE-FAC-037-2"", ""LINE-FAC-035-5"", ""LINE-FAC-007-5""]"
PART-01889,Bracket 1889,SUP-0215,"[""LINE-FAC-032-3"", ""LINE-FAC-016-2"", ""LINE-FAC-023-3""]"
PART-01890,Sensor Module 1890,SUP-0507,"[""LINE-FAC-022-1"", ""LINE-FAC-008-3""]"
PART-01891,Wiring Harness 1891,SUP-0055,"[""LINE-FAC-020-4"", ""LINE-FAC-005-1"", ""LINE-FAC-031-2""]"
PART-01892,Gasket 1892,SUP-0663,"[""LINE-FAC-038-7""]"
PART-01893,Actuator 1893,SUP-0588,"[""LINE-FAC-007-7"", ""LINE-FAC-024-2"", ""LINE-FAC-009-2""]"
PART-01894,Coupling 1894,SUP-0505,"[""LINE-FAC-014-8""]"
PART-01895,Gasket 1895,SUP-0724,"[""LINE-FAC-033-4"", ""LINE-FAC-025-6"", ""LINE-FAC-001-7""]"
PART-01896,Bearing Assembly 1896,SUP-0346,"[""LINE-FAC-010-3"", ""LINE-FAC-012-5"", ""LINE-FAC-007-8""]"
PART-01897,Sensor Module 1897,SUP-0525,"[""LINE-FAC-012-5""]"
PART-01898,Coupling 1898,SUP-0269,"[""LINE-FAC-012-1"", ""LINE-FAC-022-6""]"
PART-01899,Gasket 1899,SUP-0027,"[""LINE-FAC-038-6""]"
PART-01900,Bracket 1900,SUP-0662,"[""LINE-FAC-037-1"", ""LINE-FAC-004-4""]"
PART-01901,Gasket 1901,SUP-0729,"[""LINE-FAC-010-6"", ""LINE-FAC-002-4"", ""LINE-FAC-017-2""]"
PART-01902,Coupling 1902,SUP-0547,"[""LINE-FAC-003-3"", ""LINE-FAC-003-6""]"
PART-01903,Wiring Harness 1903,SUP-0968,"[""LINE-FAC-010-8"", ""LINE-FAC-026-2""]"
PART-01904,Bushing 1904,SUP-0234,"[""LINE-FAC-039-2""]"
PART-01905,Sensor Module 1905,SUP-0288,"[""LINE-FAC-036-7""]"
PART-01906,Bearing Assembly 1906,SUP-0849,"[""LINE-FAC-002-7""]"
PART-01907,Bearing Assembly 1907,SUP-0171,"[""LINE-FAC-024-5""]"
PART-01908,Housing 1908,SUP-0326,"[""LINE-FAC-022-5"", ""LINE-FAC-014-4""]"
PART-01909,Wiring Harness 1909,SUP-0594,"[""LINE-FAC-036-1""]"
PART-01910,Coupling 1910,SUP-0860,"[""LINE-FAC-020-4""]"
PART-01911,Valve Body 1911,SUP-0002,"[""LINE-FAC-001-7"", ""LINE-FAC-024-6""]"
PART-01912,Valve Body 1912,SUP-0811,"[""LINE-FAC-037-4""]"
PART-01913,Bracket 1913,SUP-0975,"[""LINE-FAC-014-2""]"
PART-01914,Bushing 1914,SUP-0998,"[""LINE-FAC-033-5"", ""LINE-FAC-028-3""]"
PART-01915,Bearing Assembly 1915,SUP-0948,"[""LINE-FAC-001-8"", ""LINE-FAC-020-8"", ""LINE-FAC-002-6""]"
PART-01916,Bushing 1916,SUP-0581,"[""LINE-FAC-027-4""]"
PART-01917,Actuator 1917,SUP-0347,"[""LINE-FAC-009-1"", ""LINE-FAC-029-1""]"
PART-01918,Gasket 1918,SUP-0828,"[""LINE-FAC-015-7""]"
PART-01919,Bracket 1919,SUP-0782,"[""LINE-FAC-039-3"", ""LINE-FAC-026-8"", ""LINE-FAC-008-7""]"
PART-01920,Bracket 1920,SUP-0645,"[""LINE-FAC-026-7""]"
PART-01921,Gasket 1921,SUP-0861,"[""LINE-FAC-017-3""]"
PART-01922,Gasket 1922,SUP-0210,"[""LINE-FAC-019-5"", ""LINE-FAC-039-4""]"
PART-01923,Coupling 1923,SUP-0359,"[""LINE-FAC-033-7"", ""LINE-FAC-022-2""]"
PART-01924,Valve Body 1924,SUP-0390,"[""LINE-FAC-012-7"", ""LINE-FAC-015-7""]"
PART-01925,Bracket 1925,SUP-0962,"[""LINE-FAC-020-3""]"
PART-01926,Actuator 1926,SUP-0808,"[""LINE-FAC-033-8"", ""LINE-FAC-033-6"", ""LINE-FAC-032-3""]"
PART-01927,Bushing 1927,SUP-0932,"[""LINE-FAC-030-6"", ""LINE-FAC-006-2"", ""LINE-FAC-024-4""]"
PART-01928,Valve Body 1928,SUP-0573,"[""LINE-FAC-023-6""]"
PART-01929,Wiring Harness 1929,SUP-0738,"[""LINE-FAC-014-5"", ""LINE-FAC-039-7"", ""LINE-FAC-035-5""]"
PART-01930,Housing 1930,SUP-0933,"[""LINE-FAC-021-3"", ""LINE-FAC-031-3""]"
PART-01931,Housing 1931,SUP-0318,"[""LINE-FAC-001-1""]"
PART-01932,Sensor Module 1932,SUP-0054,"[""LINE-FAC-006-2"", ""LINE-FAC-007-2""]"
PART-01933,Bushing 1933,SUP-0110,"[""LINE-FAC-007-3"", ""LINE-FAC-002-5""]"
PART-01934,Bearing Assembly 1934,SUP-0573,"[""LINE-FAC-006-6""]"
PART-01935,Valve Body 1935,SUP-0629,"[""LINE-FAC-008-3"", ""LINE-FAC-018-1"", ""LINE-FAC-033-7""]"
PART-01936,Housing 1936,SUP-0278,"[""LINE-FAC-014-4""]"
PART-01937,Bushing 1937,SUP-0151,"[""LINE-FAC-015-6"", ""LINE-FAC-012-1""]"
PART-01938,Valve Body 1938,SUP-0338,"[""LINE-FAC-036-1"", ""LINE-FAC-008-4""]"
PART-01939,Bushing 1939,SUP-0329,"[""LINE-FAC-018-4"", ""LINE-FAC-029-4"", ""LINE-FAC-030-4""]"
PART-01940,Coupling 1940,SUP-0521,"[""LINE-FAC-034-6"", ""LINE-FAC-010-8"", ""LINE-FAC-013-5""]"
PART-01941,Housing 1941,SUP-0195,"[""LINE-FAC-013-5"", ""LINE-FAC-027-4"", ""LINE-FAC-013-4""]"
PART-01942,Bracket 1942,SUP-0117,"[""LINE-FAC-029-1"", ""LINE-FAC-014-4""]"
PART-01943,Bracket 1943,SUP-0424,"[""LINE-FAC-024-2""]"
PART-01944,Bearing Assembly 1944,SUP-0914,"[""LINE-FAC-040-2"", ""LINE-FAC-036-3""]"
PART-01945,Housing 1945,SUP-0384,"[""LINE-FAC-001-2"", ""LINE-FAC-022-2"", ""LINE-FAC-031-7""]"
PART-01946,Valve Body 1946,SUP-0221,"[""LINE-FAC-009-5""]"
PART-01947,Sensor Module 1947,SUP-0592,"[""LINE-FAC-037-8""]"
PART-01948,Housing 1948,SUP-0727,"[""LINE-FAC-019-5"", ""LINE-FAC-011-3"", ""LINE-FAC-031-4""]"
PART-01949,Coupling 1949,SUP-0841,"[""LINE-FAC-035-2""]"
PART-01950,Wiring Harness 1950,SUP-0777,"[""LINE-FAC-003-4"", ""LINE-FAC-039-6""]"
PART-01951,Valve Body 1951,SUP-0345,"[""LINE-FAC-027-1"", ""LINE-FAC-035-5"", ""LINE-FAC-008-4""]"
PART-01952,Valve Body 1952,SUP-0134,"[""LINE-FAC-005-3"", ""LINE-FAC-028-6"", ""LINE-FAC-016-7""]"
PART-01953,Bracket 1953,SUP-0573,"[""LINE-FAC-018-6"", ""LINE-FAC-039-4""]"
PART-01954,Gasket 1954,SUP-0348,"[""LINE-FAC-010-1""]"
PART-01955,Bearing Assembly 1955,SUP-0725,"[""LINE-FAC-008-2"", ""LINE-FAC-032-6"", ""LINE-FAC-027-2""]"
PART-01956,Gasket 1956,SUP-0243,"[""LINE-FAC-032-4"", ""LINE-FAC-009-7"", ""LINE-FAC-031-7""]"
PART-01957,Sensor Module 1957,SUP-0084,"[""LINE-FAC-013-5""]"
PART-01958,Sensor Module 1958,SUP-0220,"[""LINE-FAC-034-2"", ""LINE-FAC-018-2""]"
PART-01959,Sensor Module 1959,SUP-0840,"[""LINE-FAC-008-2"", ""LINE-FAC-026-7"", ""LINE-FAC-010-1""]"
PART-01960,Bracket 1960,SUP-0016,"[""LINE-FAC-005-4""]"
PART-01961,Housing 1961,SUP-0571,"[""LINE-FAC-032-6"", ""LINE-FAC-025-8""]"
PART-01962,Gasket 1962,SUP-0514,"[""LINE-FAC-022-8"", ""LINE-FAC-020-1""]"
PART-01963,Housing 1963,SUP-0527,"[""LINE-FAC-020-6""]"
PART-01964,Wiring Harness 1964,SUP-0916,"[""LINE-FAC-017-1""]"
PART-01965,Wiring Harness 1965,SUP-0079,"[""LINE-FAC-027-5"", ""LINE-FAC-027-3"", ""LINE-FAC-029-5""]"
PART-01966,Actuator 1966,SUP-0914,"[""LINE-FAC-003-7"", ""LINE-FAC-034-6"", ""LINE-FAC-009-3""]"
PART-01967,Valve Body 1967,SUP-0837,"[""LINE-FAC-020-1"", ""LINE-FAC-019-8""]"
PART-01968,Bearing Assembly 1968,SUP-0728,"[""LINE-FAC-028-7"", ""LINE-FAC-020-5""]"
PART-01969,Coupling 1969,SUP-0149,"[""LINE-FAC-006-5"", ""LINE-FAC-024-3"", ""LINE-FAC-004-7""]"
PART-01970,Wiring Harness 1970,SUP-0018,"[""LINE-FAC-031-2"", ""LINE-FAC-029-6""]"
PART-01971,Housing 1971,SUP-0409,"[""LINE-FAC-012-5"", ""LINE-FAC-024-6"", ""LINE-FAC-011-1""]"
PART-01972,Housing 1972,SUP-0083,"[""LINE-FAC-027-3"", ""LINE-FAC-019-7""]"
PART-01973,Wiring Harness 1973,SUP-0532,"[""LINE-FAC-030-6"", ""LINE-FAC-014-6""]"
PART-01974,Bracket 1974,SUP-0198,"[""LINE-FAC-001-8"", ""LINE-FAC-030-2"", ""LINE-FAC-017-7""]"
PART-01975,Bushing 1975,SUP-0020,"[""LINE-FAC-024-2"", ""LINE-FAC-016-3""]"
PART-01976,Coupling 1976,SUP-0752,"[""LINE-FAC-020-2"", ""LINE-FAC-012-8""]"
PART-01977,Housing 1977,SUP-0590,"[""LINE-FAC-034-1""]"
PART-01978,Actuator 1978,SUP-0260,"[""LINE-FAC-024-6"", ""LINE-FAC-014-8""]"
PART-01979,Housing 1979,SUP-0088,"[""LINE-FAC-020-5""]"
PART-01980,Valve Body 1980,SUP-0387,"[""LINE-FAC-027-8"", ""LINE-FAC-023-7"", ""LINE-FAC-035-6""]"
PART-01981,Wiring Harness 1981,SUP-0290,"[""LINE-FAC-009-1""]"
PART-01982,Gasket 1982,SUP-0222,"[""LINE-FAC-032-8"", ""LINE-FAC-039-7"", ""LINE-FAC-030-7""]"
PART-01983,Wiring Harness 1983,SUP-0832,"[""LINE-FAC-029-8"", ""LINE-FAC-024-2"", ""LINE-FAC-027-3""]"
PART-01984,Bearing Assembly 1984,SUP-0069,"[""LINE-FAC-020-1"", ""LINE-FAC-013-1""]"
PART-01985,Bracket 1985,SUP-0672,"[""LINE-FAC-026-2"", ""LINE-FAC-018-8"", ""LINE-FAC-031-8""]"
PART-01986,Sensor Module 1986,SUP-0339,"[""LINE-FAC-003-4"", ""LINE-FAC-025-5"", ""LINE-FAC-033-3""]"
PART-01987,Valve Body 1987,SUP-0859,"[""LINE-FAC-013-7""]"
PART-01988,Actuator 1988,SUP-0212,"[""LINE-FAC-005-6""]"
PART-01989,Coupling 1989,SUP-0759,"[""LINE-FAC-012-4"", ""LINE-FAC-009-8"", ""LINE-FAC-018-1""]"
PART-01990,Coupling 1990,SUP-0248,"[""LINE-FAC-029-2""]"
PART-01991,Coupling 1991,SUP-0727,"[""LINE-FAC-032-4"", ""LINE-FAC-034-6"", ""LINE-FAC-025-5""]"
PART-01992,Valve Body 1992,SUP-0174,"[""LINE-FAC-034-3""]"
PART-01993,Wiring Harness 1993,SUP-0986,"[""LINE-FAC-039-8"", ""LINE-FAC-021-7"", ""LINE-FAC-006-5""]"
PART-01994,Valve Body 1994,SUP-0724,"[""LINE-FAC-026-7"", ""LINE-FAC-001-6""]"
PART-01995,Bushing 1995,SUP-0290,"[""LINE-FAC-037-2"", ""LINE-FAC-029-7""]"
PART-01996,Coupling 1996,SUP-0041,"[""LINE-FAC-020-3"", ""LINE-FAC-008-7""]"
PART-01997,Bushing 1997,SUP-0794,"[""LINE-FAC-024-5""]"
PART-01998,Gasket 1998,SUP-0625,"[""LINE-FAC-015-7"", ""LINE-FAC-019-8"", ""LINE-FAC-021-7""]"
PART-01999,Bearing Assembly 1999,SUP-0737,"[""LINE-FAC-016-2"", ""LINE-FAC-026-1""]"
PART-02000,Bushing 2000,SUP-0417,"[""LINE-FAC-032-6""]"
PART-02001,Coupling 2001,SUP-0583,"[""LINE-FAC-026-2"", ""LINE-FAC-038-6"", ""LINE-FAC-035-3""]"
PART-02002,Bearing Assembly 2002,SUP-0994,"[""LINE-FAC-016-4""]"
PART-02003,Actuator 2003,SUP-0764,"[""LINE-FAC-039-3"", ""LINE-FAC-026-5"", ""LINE-FAC-032-7""]"
PART-02004,Actuator 2004,SUP-0978,"[""LINE-FAC-007-1"", ""LINE-FAC-006-5""]"
PART-02005,Sensor Module 2005,SUP-0194,"[""LINE-FAC-014-7""]"
PART-02006,Housing 2006,SUP-0280,"[""LINE-FAC-040-2"", ""LINE-FAC-005-6""]"
PART-02007,Bearing Assembly 2007,SUP-0696,"[""LINE-FAC-002-8"", ""LINE-FAC-022-3"", ""LINE-FAC-026-7""]"
PART-02008,Sensor Module 2008,SUP-0860,"[""LINE-FAC-033-1"", ""LINE-FAC-040-1""]"
PART-02009,Coupling 2009,SUP-0333,"[""LINE-FAC-021-4""]"
PART-02010,Actuator 2010,SUP-0557,"[""LINE-FAC-037-5"", ""LINE-FAC-033-6""]"
PART-02011,Wiring Harness 2011,SUP-0577,"[""LINE-FAC-037-8"", ""LINE-FAC-021-2"", ""LINE-FAC-031-4""]"
PART-02012,Valve Body 2012,SUP-0378,"[""LINE-FAC-011-8""]"
PART-02013,Bushing 2013,SUP-0140,"[""LINE-FAC-029-3"", ""LINE-FAC-006-4""]"
PART-02014,Gasket 2014,SUP-0788,"[""LINE-FAC-003-5"", ""LINE-FAC-001-2""]"
PART-02015,Sensor Module 2015,SUP-0933,"[""LINE-FAC-034-2"", ""LINE-FAC-040-4"", ""LINE-FAC-006-3""]"
PART-02016,Gasket 2016,SUP-0201,"[""LINE-FAC-039-4"", ""LINE-FAC-025-5""]"
PART-02017,Sensor Module 2017,SUP-0335,"[""LINE-FAC-037-5"", ""LINE-FAC-018-2""]"
PART-02018,Valve Body 2018,SUP-0193,"[""LINE-FAC-019-6"", ""LINE-FAC-002-4""]"
PART-02019,Wiring Harness 2019,SUP-0740,"[""LINE-FAC-009-3""]"
PART-02020,Gasket 2020,SUP-0215,"[""LINE-FAC-016-3""]"
PART-02021,Wiring Harness 2021,SUP-0462,"[""LINE-FAC-035-8"", ""LINE-FAC-016-6""]"
PART-02022,Housing 2022,SUP-0774,"[""LINE-FAC-016-6"", ""LINE-FAC-023-3"", ""LINE-FAC-003-6""]"
PART-02023,Actuator 2023,SUP-0709,"[""LINE-FAC-002-1""]"
PART-02024,Wiring Harness 2024,SUP-0903,"[""LINE-FAC-026-8"", ""LINE-FAC-025-4"", ""LINE-FAC-010-4""]"
PART-02025,Bushing 2025,SUP-0058,"[""LINE-FAC-039-1""]"
PART-02026,Bracket 2026,SUP-0354,"[""LINE-FAC-011-4""]"
PART-02027,Housing 2027,SUP-0647,"[""LINE-FAC-033-8"", ""LINE-FAC-025-5"", ""LINE-FAC-024-8""]"
PART-02028,Coupling 2028,SUP-0181,"[""LINE-FAC-022-8""]"
PART-02029,Bracket 2029,SUP-0820,"[""LINE-FAC-028-3"", ""LINE-FAC-039-6""]"
PART-02030,Bearing Assembly 2030,SUP-0361,"[""LINE-FAC-036-8"", ""LINE-FAC-030-4"", ""LINE-FAC-028-2""]"
PART-02031,Sensor Module 2031,SUP-0456,"[""LINE-FAC-003-5""]"
PART-02032,Sensor Module 2032,SUP-0977,"[""LINE-FAC-012-3"", ""LINE-FAC-037-5""]"
PART-02033,Bracket 2033,SUP-0556,"[""LINE-FAC-038-1"", ""LINE-FAC-001-6""]"
PART-02034,Bearing Assembly 2034,SUP-0742,"[""LINE-FAC-002-6"", ""LINE-FAC-039-3""]"
PART-02035,Bushing 2035,SUP-0787,"[""LINE-FAC-014-2"", ""LINE-FAC-014-4"", ""LINE-FAC-008-8""]"
PART-02036,Valve Body 2036,SUP-0326,"[""LINE-FAC-017-6""]"
PART-02037,Housing 2037,SUP-0294,"[""LINE-FAC-032-2""]"
PART-02038,Sensor Module 2038,SUP-0184,"[""LINE-FAC-002-8"", ""LINE-FAC-021-5""]"
PART-02039,Bushing 2039,SUP-0626,"[""LINE-FAC-001-5"", ""LINE-FAC-039-6"", ""LINE-FAC-003-7""]"
PART-02040,Coupling 2040,SUP-0127,"[""LINE-FAC-018-4""]"
PART-02041,Bracket 2041,SUP-0009,"[""LINE-FAC-028-8"", ""LINE-FAC-024-4""]"
PART-02042,Gasket 2042,SUP-0090,"[""LINE-FAC-018-4"", ""LINE-FAC-026-1"", ""LINE-FAC-024-8""]"
PART-02043,Actuator 2043,SUP-0825,"[""LINE-FAC-015-5""]"
PART-02044,Coupling 2044,SUP-0439,"[""LINE-FAC-011-1"", ""LINE-FAC-016-3""]"
PART-02045,Housing 2045,SUP-0980,"[""LINE-FAC-039-7"", ""LINE-FAC-005-1"", ""LINE-FAC-008-7""]"
PART-02046,Actuator 2046,SUP-0852,"[""LINE-FAC-024-3""]"
PART-02047,Bracket 2047,SUP-0422,"[""LINE-FAC-034-8"", ""LINE-FAC-039-8""]"
PART-02048,Wiring Harness 2048,SUP-0221,"[""LINE-FAC-034-2"", ""LINE-FAC-018-5"", ""LINE-FAC-012-3""]"
PART-02049,Actuator 2049,SUP-0477,"[""LINE-FAC-020-2"", ""LINE-FAC-021-2"", ""LINE-FAC-019-6""]"
PART-02050,Bearing Assembly 2050,SUP-0471,"[""LINE-FAC-029-4""]"
PART-02051,Valve Body 2051,SUP-0608,"[""LINE-FAC-023-6"", ""LINE-FAC-008-6"", ""LINE-FAC-031-4""]"
PART-02052,Gasket 2052,SUP-0051,"[""LINE-FAC-009-1""]"
PART-02053,Housing 2053,SUP-0321,"[""LINE-FAC-038-8""]"
PART-02054,Bracket 2054,SUP-0670,"[""LINE-FAC-035-4""]"
PART-02055,Gasket 2055,SUP-0682,"[""LINE-FAC-001-3"", ""LINE-FAC-022-5"", ""LINE-FAC-016-3""]"
PART-02056,Bracket 2056,SUP-0067,"[""LINE-FAC-023-5""]"
PART-02057,Coupling 2057,SUP-0667,"[""LINE-FAC-014-4"", ""LINE-FAC-002-5""]"
PART-02058,Wiring Harness 2058,SUP-0042,"[""LINE-FAC-006-5"", ""LINE-FAC-023-3"", ""LINE-FAC-034-1""]"
PART-02059,Sensor Module 2059,SUP-0605,"[""LINE-FAC-012-2""]"
PART-02060,Housing 2060,SUP-0754,"[""LINE-FAC-009-5"", ""LINE-FAC-010-7"", ""LINE-FAC-023-3""]"
PART-02061,Bearing Assembly 2061,SUP-0222,"[""LINE-FAC-022-1"", ""LINE-FAC-003-7"", ""LINE-FAC-026-7""]"
PART-02062,Bracket 2062,SUP-0175,"[""LINE-FAC-014-5"", ""LINE-FAC-011-3"", ""LINE-FAC-024-2""]"
PART-02063,Gasket 2063,SUP-0030,"[""LINE-FAC-003-2"", ""LINE-FAC-004-7"", ""LINE-FAC-004-1""]"
PART-02064,Actuator 2064,SUP-0074,"[""LINE-FAC-029-1"", ""LINE-FAC-018-1"", ""LINE-FAC-008-6""]"
PART-02065,Gasket 2065,SUP-0545,"[""LINE-FAC-003-7"", ""LINE-FAC-004-1""]"
PART-02066,Bushing 2066,SUP-0046,"[""LINE-FAC-009-1""]"
PART-02067,Actuator 2067,SUP-0632,"[""LINE-FAC-036-3"", ""LINE-FAC-023-6"", ""LINE-FAC-028-2""]"
PART-02068,Coupling 2068,SUP-0503,"[""LINE-FAC-030-1""]"
PART-02069,Bushing 2069,SUP-0476,"[""LINE-FAC-008-1""]"
PART-02070,Bearing Assembly 2070,SUP-0938,"[""LINE-FAC-015-1""]"
PART-02071,Valve Body 2071,SUP-0191,"[""LINE-FAC-004-8"", ""LINE-FAC-027-4""]"
PART-02072,Sensor Module 2072,SUP-0069,"[""LINE-FAC-015-4"", ""LINE-FAC-027-4""]"
PART-02073,Actuator 2073,SUP-0661,"[""LINE-FAC-007-1"", ""LINE-FAC-032-5"", ""LINE-FAC-013-7""]"
PART-02074,Actuator 2074,SUP-0578,"[""LINE-FAC-017-2""]"
PART-02075,Bushing 2075,SUP-0596,"[""LINE-FAC-039-4""]"
PART-02076,Sensor Module 2076,SUP-0066,"[""LINE-FAC-023-3""]"
PART-02077,Bearing Assembly 2077,SUP-0228,"[""LINE-FAC-017-1"", ""LINE-FAC-022-3""]"
PART-02078,Bracket 2078,SUP-0654,"[""LINE-FAC-010-4""]"
PART-02079,Bearing Assembly 2079,SUP-0296,"[""LINE-FAC-007-3"", ""LINE-FAC-039-2""]"
PART-02080,Coupling 2080,SUP-0606,"[""LINE-FAC-022-1"", ""LINE-FAC-028-8""]"
PART-02081,Wiring Harness 2081,SUP-0803,"[""LINE-FAC-033-6""]"
PART-02082,Bushing 2082,SUP-0219,"[""LINE-FAC-030-3"", ""LINE-FAC-022-2""]"
PART-02083,Actuator 2083,SUP-0146,"[""LINE-FAC-022-3"", ""LINE-FAC-037-3"", ""LINE-FAC-012-3""]"
PART-02084,Bearing Assembly 2084,SUP-0741,"[""LINE-FAC-003-5"", ""LINE-FAC-001-5""]"
PART-02085,Actuator 2085,SUP-0559,"[""LINE-FAC-017-6"", ""LINE-FAC-040-6""]"
PART-02086,Bushing 2086,SUP-0241,"[""LINE-FAC-015-8"", ""LINE-FAC-036-3""]"
PART-02087,Valve Body 2087,SUP-0539,"[""LINE-FAC-013-1"", ""LINE-FAC-029-5""]"
PART-02088,Housing 2088,SUP-0262,"[""LINE-FAC-037-3"", ""LINE-FAC-026-1"", ""LINE-FAC-025-2""]"
PART-02089,Bracket 2089,SUP-0150,"[""LINE-FAC-013-1"", ""LINE-FAC-034-8"", ""LINE-FAC-004-6""]"
PART-02090,Wiring Harness 2090,SUP-0359,"[""LINE-FAC-010-6"", ""LINE-FAC-038-6"", ""LINE-FAC-030-1""]"
PART-02091,Bracket 2091,SUP-0717,"[""LINE-FAC-009-3""]"
PART-02092,Bracket 2092,SUP-0792,"[""LINE-FAC-015-6""]"
PART-02093,Bearing Assembly 2093,SUP-0364,"[""LINE-FAC-031-2""]"
PART-02094,Housing 2094,SUP-0241,"[""LINE-FAC-002-3"", ""LINE-FAC-025-6"", ""LINE-FAC-011-5""]"
PART-02095,Actuator 2095,SUP-0460,"[""LINE-FAC-003-6"", ""LINE-FAC-029-3"", ""LINE-FAC-040-3""]"
PART-02096,Wiring Harness 2096,SUP-0734,"[""LINE-FAC-031-1"", ""LINE-FAC-019-6"", ""LINE-FAC-016-5""]"
PART-02097,Valve Body 2097,SUP-0356,"[""LINE-FAC-013-4"", ""LINE-FAC-015-5""]"
PART-02098,Valve Body 2098,SUP-0123,"[""LINE-FAC-031-3"", ""LINE-FAC-039-1"", ""LINE-FAC-032-2""]"
PART-02099,Bracket 2099,SUP-0642,"[""LINE-FAC-030-3""]"
PART-02100,Gasket 2100,SUP-0338,"[""LINE-FAC-039-5"", ""LINE-FAC-027-6"", ""LINE-FAC-017-7""]"
PART-02101,Bracket 2101,SUP-0855,"[""LINE-FAC-026-6""]"
PART-02102,Bushing 2102,SUP-0676,"[""LINE-FAC-021-3"", ""LINE-FAC-036-3"", ""LINE-FAC-032-3""]"
PART-02103,Actuator 2103,SUP-0415,"[""LINE-FAC-010-3"", ""LINE-FAC-034-5""]"
PART-02104,Coupling 2104,SUP-0823,"[""LINE-FAC-033-2""]"
PART-02105,Housing 2105,SUP-0720,"[""LINE-FAC-024-2"", ""LINE-FAC-015-7""]"
PART-02106,Actuator 2106,SUP-0979,"[""LINE-FAC-027-4"", ""LINE-FAC-024-1"", ""LINE-FAC-030-4""]"
PART-02107,Housing 2107,SUP-0351,"[""LINE-FAC-040-2""]"
PART-02108,Valve Body 2108,SUP-0493,"[""LINE-FAC-020-4"", ""LINE-FAC-028-2""]"
PART-02109,Bushing 2109,SUP-0650,"[""LINE-FAC-007-7""]"
PART-02110,Housing 2110,SUP-0844,"[""LINE-FAC-005-4"", ""LINE-FAC-030-6"", ""LINE-FAC-036-7""]"
PART-02111,Housing 2111,SUP-0283,"[""LINE-FAC-017-1"", ""LINE-FAC-018-3"", ""LINE-FAC-007-5""]"
PART-02112,Coupling 2112,SUP-0925,"[""LINE-FAC-014-6""]"
PART-02113,Coupling 2113,SUP-0265,"[""LINE-FAC-034-5"", ""LINE-FAC-024-8"", ""LINE-FAC-040-7""]"
PART-02114,Housing 2114,SUP-0050,"[""LINE-FAC-024-1"", ""LINE-FAC-008-4""]"
PART-02115,Bushing 2115,SUP-0464,"[""LINE-FAC-016-8""]"
PART-02116,Bearing Assembly 2116,SUP-0101,"[""LINE-FAC-035-8"", ""LINE-FAC-018-3"", ""LINE-FAC-001-4""]"
PART-02117,Valve Body 2117,SUP-0388,"[""LINE-FAC-033-6""]"
PART-02118,Bushing 2118,SUP-0619,"[""LINE-FAC-003-1""]"
PART-02119,Bracket 2119,SUP-0145,"[""LINE-FAC-032-7""]"
PART-02120,Gasket 2120,SUP-0516,"[""LINE-FAC-005-1""]"
PART-02121,Bracket 2121,SUP-0636,"[""LINE-FAC-009-7""]"
PART-02122,Bushing 2122,SUP-0853,"[""LINE-FAC-029-5""]"
PART-02123,Bracket 2123,SUP-0930,"[""LINE-FAC-024-6""]"
PART-02124,Coupling 2124,SUP-0536,"[""LINE-FAC-034-8"", ""LINE-FAC-020-2"", ""LINE-FAC-005-1""]"
PART-02125,Bracket 2125,SUP-0607,"[""LINE-FAC-016-4"", ""LINE-FAC-027-6""]"
PART-02126,Sensor Module 2126,SUP-0496,"[""LINE-FAC-028-5""]"
PART-02127,Bushing 2127,SUP-0319,"[""LINE-FAC-023-6""]"
PART-02128,Actuator 2128,SUP-0263,"[""LINE-FAC-036-6"", ""LINE-FAC-021-1""]"
PART-02129,Valve Body 2129,SUP-0985,"[""LINE-FAC-029-8""]"
PART-02130,Bushing 2130,SUP-0524,"[""LINE-FAC-008-4""]"
PART-02131,Sensor Module 2131,SUP-0512,"[""LINE-FAC-039-5""]"
PART-02132,Bushing 2132,SUP-0654,"[""LINE-FAC-004-4"", ""LINE-FAC-005-7"", ""LINE-FAC-010-8""]"
PART-02133,Housing 2133,SUP-0920,"[""LINE-FAC-001-6""]"
PART-02134,Housing 2134,SUP-0154,"[""LINE-FAC-016-6"", ""LINE-FAC-031-5""]"
PART-02135,Wiring Harness 2135,SUP-0670,"[""LINE-FAC-015-6""]"
PART-02136,Bushing 2136,SUP-0975,"[""LINE-FAC-022-4"", ""LINE-FAC-013-1""]"
PART-02137,Bracket 2137,SUP-0350,"[""LINE-FAC-035-6""]"
PART-02138,Coupling 2138,SUP-0424,"[""LINE-FAC-033-6"", ""LINE-FAC-018-7""]"
PART-02139,Sensor Module 2139,SUP-0058,"[""LINE-FAC-016-5"", ""LINE-FAC-015-2""]"
PART-02140,Valve Body 2140,SUP-0347,"[""LINE-FAC-016-5"", ""LINE-FAC-037-2""]"
PART-02141,Bearing Assembly 2141,SUP-0553,"[""LINE-FAC-014-7""]"
PART-02142,Wiring Harness 2142,SUP-0210,"[""LINE-FAC-018-5""]"
PART-02143,Bracket 2143,SUP-0988,"[""LINE-FAC-033-1""]"
PART-02144,Housing 2144,SUP-0273,"[""LINE-FAC-036-6"", ""LINE-FAC-003-5""]"
PART-02145,Bearing Assembly 2145,SUP-0954,"[""LINE-FAC-016-7"", ""LINE-FAC-030-3""]"
PART-02146,Bushing 2146,SUP-0995,"[""LINE-FAC-015-4"", ""LINE-FAC-019-3"", ""LINE-FAC-030-7""]"
PART-02147,Valve Body 2147,SUP-0523,"[""LINE-FAC-031-7"", ""LINE-FAC-020-3""]"
PART-02148,Coupling 2148,SUP-0417,"[""LINE-FAC-040-8""]"
PART-02149,Sensor Module 2149,SUP-0670,"[""LINE-FAC-001-6"", ""LINE-FAC-016-6""]"
PART-02150,Actuator 2150,SUP-0604,"[""LINE-FAC-013-4"", ""LINE-FAC-018-6""]"
PART-02151,Sensor Module 2151,SUP-0948,"[""LINE-FAC-024-5"", ""LINE-FAC-029-2""]"
PART-02152,Bushing 2152,SUP-0105,"[""LINE-FAC-026-6"", ""LINE-FAC-034-2""]"
PART-02153,Wiring Harness 2153,SUP-0985,"[""LINE-FAC-007-6"", ""LINE-FAC-022-2"", ""LINE-FAC-006-4""]"
PART-02154,Actuator 2154,SUP-0002,"[""LINE-FAC-002-1""]"
PART-02155,Sensor Module 2155,SUP-0528,"[""LINE-FAC-008-3"", ""LINE-FAC-027-2""]"
PART-02156,Sensor Module 2156,SUP-0582,"[""LINE-FAC-040-8"", ""LINE-FAC-010-8""]"
PART-02157,Coupling 2157,SUP-0753,"[""LINE-FAC-002-1"", ""LINE-FAC-025-2""]"
PART-02158,Sensor Module 2158,SUP-0682,"[""LINE-FAC-028-8"", ""LINE-FAC-008-8"", ""LINE-FAC-011-6""]"
PART-02159,Bracket 2159,SUP-0070,"[""LINE-FAC-033-7"", ""LINE-FAC-031-1"", ""LINE-FAC-017-4""]"
PART-02160,Housing 2160,SUP-0422,"[""LINE-FAC-025-3""]"
PART-02161,Bracket 2161,SUP-0351,"[""LINE-FAC-006-3"", ""LINE-FAC-002-2"", ""LINE-FAC-030-2""]"
PART-02162,Valve Body 2162,SUP-0346,"[""LINE-FAC-034-1"", ""LINE-FAC-025-6"", ""LINE-FAC-040-7""]"
PART-02163,Sensor Module 2163,SUP-0914,"[""LINE-FAC-034-6""]"
PART-02164,Coupling 2164,SUP-0758,"[""LINE-FAC-003-1"", ""LINE-FAC-031-2"", ""LINE-FAC-014-3""]"
PART-02165,Actuator 2165,SUP-0330,"[""LINE-FAC-002-1"", ""LINE-FAC-010-6"", ""LINE-FAC-001-2""]"
PART-02166,Housing 2166,SUP-0138,"[""LINE-FAC-006-2""]"
PART-02167,Sensor Module 2167,SUP-0387,"[""LINE-FAC-032-6""]"
PART-02168,Bracket 2168,SUP-0976,"[""LINE-FAC-031-1"", ""LINE-FAC-017-4"", ""LINE-FAC-002-5""]"
PART-02169,Coupling 2169,SUP-0472,"[""LINE-FAC-004-1"", ""LINE-FAC-014-3""]"
PART-02170,Actuator 2170,SUP-0089,"[""LINE-FAC-019-4"", ""LINE-FAC-009-5""]"
PART-02171,Coupling 2171,SUP-0414,"[""LINE-FAC-012-2"", ""LINE-FAC-019-3""]"
PART-02172,Coupling 2172,SUP-0913,"[""LINE-FAC-012-2"", ""LINE-FAC-024-1"", ""LINE-FAC-040-3""]"
PART-02173,Wiring Harness 2173,SUP-0024,"[""LINE-FAC-015-6""]"
PART-02174,Valve Body 2174,SUP-0865,"[""LINE-FAC-020-2"", ""LINE-FAC-028-3"", ""LINE-FAC-038-8""]"
PART-02175,Bushing 2175,SUP-0590,"[""LINE-FAC-006-2""]"
PART-02176,Bearing Assembly 2176,SUP-0775,"[""LINE-FAC-036-6"", ""LINE-FAC-034-5"", ""LINE-FAC-036-7""]"
PART-02177,Gasket 2177,SUP-0359,"[""LINE-FAC-001-7""]"
PART-02178,Valve Body 2178,SUP-0146,"[""LINE-FAC-028-5"", ""LINE-FAC-032-8"", ""LINE-FAC-027-2""]"
PART-02179,Bearing Assembly 2179,SUP-0297,"[""LINE-FAC-023-3"", ""LINE-FAC-021-5"", ""LINE-FAC-015-1""]"
PART-02180,Coupling 2180,SUP-0179,"[""LINE-FAC-005-2""]"
PART-02181,Bearing Assembly 2181,SUP-0539,"[""LINE-FAC-003-8""]"
PART-02182,Gasket 2182,SUP-0975,"[""LINE-FAC-013-2"", ""LINE-FAC-028-1"", ""LINE-FAC-026-4""]"
PART-02183,Valve Body 2183,SUP-0551,"[""LINE-FAC-019-6"", ""LINE-FAC-005-1"", ""LINE-FAC-015-3""]"
PART-02184,Sensor Module 2184,SUP-0906,"[""LINE-FAC-009-1"", ""LINE-FAC-028-1""]"
PART-02185,Valve Body 2185,SUP-0745,"[""LINE-FAC-038-3""]"
PART-02186,Bushing 2186,SUP-0663,"[""LINE-FAC-037-2"", ""LINE-FAC-033-8"", ""LINE-FAC-038-7""]"
PART-02187,Actuator 2187,SUP-0589,"[""LINE-FAC-015-2""]"
PART-02188,Sensor Module 2188,SUP-0350,"[""LINE-FAC-004-7"", ""LINE-FAC-023-5""]"
PART-02189,Actuator 2189,SUP-0990,"[""LINE-FAC-017-5""]"
PART-02190,Valve Body 2190,SUP-0045,"[""LINE-FAC-009-7"", ""LINE-FAC-039-2""]"
PART-02191,Coupling 2191,SUP-0496,"[""LINE-FAC-017-4"", ""LINE-FAC-017-7""]"
PART-02192,Housing 2192,SUP-0107,"[""LINE-FAC-005-1"", ""LINE-FAC-038-4"", ""LINE-FAC-029-7""]"
PART-02193,Bracket 2193,SUP-0929,"[""LINE-FAC-012-6"", ""LINE-FAC-037-5"", ""LINE-FAC-038-8""]"
PART-02194,Wiring Harness 2194,SUP-0806,"[""LINE-FAC-008-8"", ""LINE-FAC-015-8"", ""LINE-FAC-027-2""]"
PART-02195,Sensor Module 2195,SUP-0409,"[""LINE-FAC-014-3"", ""LINE-FAC-019-2"", ""LINE-FAC-036-5""]"
PART-02196,Wiring Harness 2196,SUP-0156,"[""LINE-FAC-030-4"", ""LINE-FAC-018-5"", ""LINE-FAC-024-7""]"
PART-02197,Bushing 2197,SUP-0085,"[""LINE-FAC-014-5"", ""LINE-FAC-004-2"", ""LINE-FAC-007-8""]"
PART-02198,Bushing 2198,SUP-0702,"[""LINE-FAC-030-1"", ""LINE-FAC-035-4""]"
PART-02199,Valve Body 2199,SUP-0157,"[""LINE-FAC-025-4""]"
PART-02200,Housing 2200,SUP-0445,"[""LINE-FAC-014-5"", ""LINE-FAC-040-2""]"
PART-02201,Coupling 2201,SUP-0790,"[""LINE-FAC-007-1""]"
PART-02202,Gasket 2202,SUP-0950,"[""LINE-FAC-029-2""]"
PART-02203,Actuator 2203,SUP-0620,"[""LINE-FAC-018-6""]"
PART-02204,Housing 2204,SUP-0932,"[""LINE-FAC-006-6""]"
PART-02205,Wiring Harness 2205,SUP-0405,"[""LINE-FAC-024-1"", ""LINE-FAC-033-5""]"
PART-02206,Valve Body 2206,SUP-0413,"[""LINE-FAC-011-5"", ""LINE-FAC-013-6""]"
PART-02207,Bearing Assembly 2207,SUP-0916,"[""LINE-FAC-008-2""]"
PART-02208,Wiring Harness 2208,SUP-0841,"[""LINE-FAC-029-6"", ""LINE-FAC-009-2""]"
PART-02209,Gasket 2209,SUP-0811,"[""LINE-FAC-004-2"", ""LINE-FAC-040-1""]"
PART-02210,Sensor Module 2210,SUP-0149,"[""LINE-FAC-022-5"", ""LINE-FAC-026-2"", ""LINE-FAC-026-1""]"
PART-02211,Actuator 2211,SUP-0490,"[""LINE-FAC-017-4"", ""LINE-FAC-008-8""]"
PART-02212,Wiring Harness 2212,SUP-0752,"[""LINE-FAC-018-3""]"
PART-02213,Bearing Assembly 2213,SUP-0431,"[""LINE-FAC-027-2"", ""LINE-FAC-040-1""]"
PART-02214,Gasket 2214,SUP-0929,"[""LINE-FAC-008-7"", ""LINE-FAC-014-2""]"
PART-02215,Housing 2215,SUP-0953,"[""LINE-FAC-008-2"", ""LINE-FAC-029-6""]"
PART-02216,Coupling 2216,SUP-0710,"[""LINE-FAC-034-2"", ""LINE-FAC-003-4"", ""LINE-FAC-040-8""]"
PART-02217,Actuator 2217,SUP-0319,"[""LINE-FAC-006-4"", ""LINE-FAC-008-3""]"
PART-02218,Housing 2218,SUP-0198,"[""LINE-FAC-009-6"", ""LINE-FAC-032-6""]"
PART-02219,Bracket 2219,SUP-0951,"[""LINE-FAC-019-3"", ""LINE-FAC-037-1"", ""LINE-FAC-017-5""]"
PART-02220,Coupling 2220,SUP-0562,"[""LINE-FAC-036-1""]"
PART-02221,Coupling 2221,SUP-0662,"[""LINE-FAC-006-2"", ""LINE-FAC-036-4"", ""LINE-FAC-008-8""]"
PART-02222,Coupling 2222,SUP-0218,"[""LINE-FAC-036-7"", ""LINE-FAC-011-1""]"
PART-02223,Bushing 2223,SUP-0745,"[""LINE-FAC-004-1""]"
PART-02224,Bracket 2224,SUP-0434,"[""LINE-FAC-010-8"", ""LINE-FAC-035-5""]"
PART-02225,Coupling 2225,SUP-0198,"[""LINE-FAC-036-1""]"
PART-02226,Bushing 2226,SUP-0677,"[""LINE-FAC-012-2"", ""LINE-FAC-004-8""]"
PART-02227,Wiring Harness 2227,SUP-0307,"[""LINE-FAC-002-7"", ""LINE-FAC-013-7"", ""LINE-FAC-040-3""]"
PART-02228,Sensor Module 2228,SUP-0803,"[""LINE-FAC-028-3"", ""LINE-FAC-014-4"", ""LINE-FAC-027-7""]"
PART-02229,Bushing 2229,SUP-0836,"[""LINE-FAC-037-1""]"
PART-02230,Wiring Harness 2230,SUP-0970,"[""LINE-FAC-022-2""]"
PART-02231,Actuator 2231,SUP-0454,"[""LINE-FAC-019-4""]"
PART-02232,Actuator 2232,SUP-0105,"[""LINE-FAC-034-2"", ""LINE-FAC-021-5""]"
PART-02233,Actuator 2233,SUP-0748,"[""LINE-FAC-019-4"", ""LINE-FAC-012-5""]"
PART-02234,Bearing Assembly 2234,SUP-0326,"[""LINE-FAC-022-1""]"
PART-02235,Housing 2235,SUP-0457,"[""LINE-FAC-021-3"", ""LINE-FAC-036-4"", ""LINE-FAC-033-7""]"
PART-02236,Sensor Module 2236,SUP-0943,"[""LINE-FAC-013-6"", ""LINE-FAC-019-1"", ""LINE-FAC-033-5""]"
PART-02237,Bracket 2237,SUP-0614,"[""LINE-FAC-025-5"", ""LINE-FAC-009-1""]"
PART-02238,Actuator 2238,SUP-0449,"[""LINE-FAC-005-8"", ""LINE-FAC-010-7"", ""LINE-FAC-037-4""]"
PART-02239,Bracket 2239,SUP-0286,"[""LINE-FAC-011-4"", ""LINE-FAC-012-2""]"
PART-02240,Housing 2240,SUP-0429,"[""LINE-FAC-024-7""]"
PART-02241,Bushing 2241,SUP-0101,"[""LINE-FAC-017-4"", ""LINE-FAC-005-3"", ""LINE-FAC-023-8""]"
PART-02242,Wiring Harness 2242,SUP-0983,"[""LINE-FAC-038-1"", ""LINE-FAC-027-5"", ""LINE-FAC-004-6""]"
PART-02243,Wiring Harness 2243,SUP-0505,"[""LINE-FAC-005-6"", ""LINE-FAC-010-4""]"
PART-02244,Wiring Harness 2244,SUP-0205,"[""LINE-FAC-014-2"", ""LINE-FAC-020-8"", ""LINE-FAC-013-7""]"
PART-02245,Bracket 2245,SUP-0910,"[""LINE-FAC-040-2"", ""LINE-FAC-036-7""]"
PART-02246,Bearing Assembly 2246,SUP-0047,"[""LINE-FAC-032-7"", ""LINE-FAC-020-6"", ""LINE-FAC-005-6""]"
PART-02247,Coupling 2247,SUP-0111,"[""LINE-FAC-012-5""]"
PART-02248,Sensor Module 2248,SUP-0257,"[""LINE-FAC-036-8""]"
PART-02249,Sensor Module 2249,SUP-0172,"[""LINE-FAC-017-3"", ""LINE-FAC-029-2"", ""LINE-FAC-008-8""]"
PART-02250,Coupling 2250,SUP-0375,"[""LINE-FAC-028-4"", ""LINE-FAC-015-2""]"
PART-02251,Actuator 2251,SUP-0964,"[""LINE-FAC-013-6"", ""LINE-FAC-010-8""]"
PART-02252,Wiring Harness 2252,SUP-0177,"[""LINE-FAC-011-4"", ""LINE-FAC-039-2""]"
PART-02253,Sensor Module 2253,SUP-0373,"[""LINE-FAC-002-8"", ""LINE-FAC-030-8""]"
PART-02254,Sensor Module 2254,SUP-0915,"[""LINE-FAC-028-1""]"
PART-02255,Sensor Module 2255,SUP-0880,"[""LINE-FAC-031-7""]"
PART-02256,Wiring Harness 2256,SUP-0400,"[""LINE-FAC-019-2"", ""LINE-FAC-023-1"", ""LINE-FAC-039-1""]"
PART-02257,Bushing 2257,SUP-0570,"[""LINE-FAC-039-1"", ""LINE-FAC-016-6"", ""LINE-FAC-021-7""]"
PART-02258,Bushing 2258,SUP-0547,"[""LINE-FAC-010-5""]"
PART-02259,Valve Body 2259,SUP-0335,"[""LINE-FAC-013-1""]"
PART-02260,Coupling 2260,SUP-0153,"[""LINE-FAC-027-2""]"
PART-02261,Bracket 2261,SUP-0769,"[""LINE-FAC-027-4"", ""LINE-FAC-009-8"", ""LINE-FAC-014-6""]"
PART-02262,Sensor Module 2262,SUP-0579,"[""LINE-FAC-009-2"", ""LINE-FAC-015-7"", ""LINE-FAC-012-4""]"
PART-02263,Bearing Assembly 2263,SUP-0473,"[""LINE-FAC-013-8""]"
PART-02264,Sensor Module 2264,SUP-0877,"[""LINE-FAC-023-1""]"
PART-02265,Sensor Module 2265,SUP-0079,"[""LINE-FAC-002-6""]"
PART-02266,Actuator 2266,SUP-0755,"[""LINE-FAC-007-2"", ""LINE-FAC-040-5""]"
PART-02267,Bracket 2267,SUP-0330,"[""LINE-FAC-005-5"", ""LINE-FAC-030-7"", ""LINE-FAC-003-5""]"
PART-02268,Wiring Harness 2268,SUP-0542,"[""LINE-FAC-020-5"", ""LINE-FAC-007-3"", ""LINE-FAC-002-1""]"
PART-02269,Sensor Module 2269,SUP-0716,"[""LINE-FAC-021-5""]"
PART-02270,Valve Body 2270,SUP-0740,"[""LINE-FAC-004-3"", ""LINE-FAC-018-3""]"
PART-02271,Actuator 2271,SUP-0590,"[""LINE-FAC-016-1"", ""LINE-FAC-026-6"", ""LINE-FAC-017-8""]"
PART-02272,Wiring Harness 2272,SUP-0420,"[""LINE-FAC-035-8"", ""LINE-FAC-014-2"", ""LINE-FAC-004-5""]"
PART-02273,Bushing 2273,SUP-0427,"[""LINE-FAC-022-4"", ""LINE-FAC-009-7"", ""LINE-FAC-032-3""]"
PART-02274,Housing 2274,SUP-0356,"[""LINE-FAC-020-3""]"
PART-02275,Valve Body 2275,SUP-0627,"[""LINE-FAC-031-2""]"
PART-02276,Valve Body 2276,SUP-0761,"[""LINE-FAC-016-1"", ""LINE-FAC-019-5""]"
PART-02277,Bushing 2277,SUP-0829,"[""LINE-FAC-011-7"", ""LINE-FAC-024-1"", ""LINE-FAC-027-8""]"
PART-02278,Valve Body 2278,SUP-0349,"[""LINE-FAC-040-4""]"
PART-02279,Housing 2279,SUP-0077,"[""LINE-FAC-017-6"", ""LINE-FAC-029-1""]"
PART-02280,Coupling 2280,SUP-0188,"[""LINE-FAC-015-8"", ""LINE-FAC-035-6"", ""LINE-FAC-002-3""]"
PART-02281,Bearing Assembly 2281,SUP-0353,"[""LINE-FAC-038-6"", ""LINE-FAC-036-4""]"
PART-02282,Bracket 2282,SUP-0355,"[""LINE-FAC-004-7"", ""LINE-FAC-034-5"", ""LINE-FAC-030-3""]"
PART-02283,Coupling 2283,SUP-0265,"[""LINE-FAC-040-5""]"
PART-02284,Sensor Module 2284,SUP-0888,"[""LINE-FAC-021-7"", ""LINE-FAC-016-4"", ""LINE-FAC-037-6""]"
PART-02285,Actuator 2285,SUP-0206,"[""LINE-FAC-008-8"", ""LINE-FAC-028-2""]"
PART-02286,Valve Body 2286,SUP-0611,"[""LINE-FAC-025-5"", ""LINE-FAC-040-3"", ""LINE-FAC-021-2""]"
PART-02287,Valve Body 2287,SUP-0115,"[""LINE-FAC-039-1"", ""LINE-FAC-031-8"", ""LINE-FAC-020-4""]"
PART-02288,Housing 2288,SUP-0070,"[""LINE-FAC-034-8"", ""LINE-FAC-003-7"", ""LINE-FAC-006-1""]"
PART-02289,Actuator 2289,SUP-0605,"[""LINE-FAC-024-7"", ""LINE-FAC-017-4"", ""LINE-FAC-032-2""]"
PART-02290,Bearing Assembly 2290,SUP-0423,"[""LINE-FAC-029-1""]"
PART-02291,Actuator 2291,SUP-0451,"[""LINE-FAC-027-7""]"
PART-02292,Coupling 2292,SUP-0676,"[""LINE-FAC-031-1"", ""LINE-FAC-029-1"", ""LINE-FAC-021-7""]"
PART-02293,Actuator 2293,SUP-0989,"[""LINE-FAC-009-1""]"
PART-02294,Wiring Harness 2294,SUP-0041,"[""LINE-FAC-002-7"", ""LINE-FAC-015-2""]"
PART-02295,Gasket 2295,SUP-0502,"[""LINE-FAC-030-4"", ""LINE-FAC-001-4""]"
PART-02296,Coupling 2296,SUP-0621,"[""LINE-FAC-036-5"", ""LINE-FAC-010-7"", ""LINE-FAC-022-1""]"
PART-02297,Housing 2297,SUP-0810,"[""LINE-FAC-037-3"", ""LINE-FAC-002-3"", ""LINE-FAC-025-1""]"
PART-02298,Valve Body 2298,SUP-0814,"[""LINE-FAC-025-5"", ""LINE-FAC-007-4""]"
PART-02299,Actuator 2299,SUP-0296,"[""LINE-FAC-011-3""]"
PART-02300,Valve Body 2300,SUP-0483,"[""LINE-FAC-004-7"", ""LINE-FAC-032-7""]"
PART-02301,Bracket 2301,SUP-0505,"[""LINE-FAC-023-6""]"
PART-02302,Gasket 2302,SUP-0435,"[""LINE-FAC-014-6"", ""LINE-FAC-005-5""]"
PART-02303,Gasket 2303,SUP-0747,"[""LINE-FAC-029-5""]"
PART-02304,Bearing Assembly 2304,SUP-0563,"[""LINE-FAC-009-3""]"
PART-02305,Coupling 2305,SUP-0744,"[""LINE-FAC-010-1"", ""LINE-FAC-016-8""]"
PART-02306,Coupling 2306,SUP-0504,"[""LINE-FAC-011-4""]"
PART-02307,Sensor Module 2307,SUP-0373,"[""LINE-FAC-040-4"", ""LINE-FAC-006-2"", ""LINE-FAC-020-5""]"
PART-02308,Coupling 2308,SUP-0279,"[""LINE-FAC-022-6"", ""LINE-FAC-005-7""]"
PART-02309,Wiring Harness 2309,SUP-0933,"[""LINE-FAC-037-5""]"
PART-02310,Gasket 2310,SUP-0057,"[""LINE-FAC-006-7"", ""LINE-FAC-037-3"", ""LINE-FAC-030-3""]"
PART-02311,Actuator 2311,SUP-0555,"[""LINE-FAC-035-4"", ""LINE-FAC-037-3"", ""LINE-FAC-006-5""]"
PART-02312,Bushing 2312,SUP-0121,"[""LINE-FAC-037-6""]"
PART-02313,Housing 2313,SUP-0791,"[""LINE-FAC-011-3"", ""LINE-FAC-019-3""]"
PART-02314,Valve Body 2314,SUP-0454,"[""LINE-FAC-020-3"", ""LINE-FAC-007-1"", ""LINE-FAC-027-8""]"
PART-02315,Wiring Harness 2315,SUP-0237,"[""LINE-FAC-029-7"", ""LINE-FAC-036-2"", ""LINE-FAC-012-1""]"
PART-02316,Sensor Module 2316,SUP-0639,"[""LINE-FAC-008-4"", ""LINE-FAC-008-3"", ""LINE-FAC-036-3""]"
PART-02317,Bushing 2317,SUP-0327,"[""LINE-FAC-020-1"", ""LINE-FAC-004-1""]"
PART-02318,Bearing Assembly 2318,SUP-0582,"[""LINE-FAC-029-5"", ""LINE-FAC-032-7""]"
PART-02319,Sensor Module 2319,SUP-0417,"[""LINE-FAC-001-2""]"
PART-02320,Bracket 2320,SUP-0302,"[""LINE-FAC-002-4""]"
PART-02321,Valve Body 2321,SUP-0294,"[""LINE-FAC-012-7"", ""LINE-FAC-037-3"", ""LINE-FAC-014-2""]"
PART-02322,Bearing Assembly 2322,SUP-0708,"[""LINE-FAC-018-5"", ""LINE-FAC-017-7"", ""LINE-FAC-036-6""]"
PART-02323,Bracket 2323,SUP-0422,"[""LINE-FAC-014-7"", ""LINE-FAC-031-7"", ""LINE-FAC-030-7""]"
PART-02324,Housing 2324,SUP-0298,"[""LINE-FAC-038-7"", ""LINE-FAC-039-2"", ""LINE-FAC-020-5""]"
PART-02325,Bushing 2325,SUP-0579,"[""LINE-FAC-003-6""]"
PART-02326,Bearing Assembly 2326,SUP-0957,"[""LINE-FAC-028-1"", ""LINE-FAC-008-4""]"
PART-02327,Bushing 2327,SUP-0244,"[""LINE-FAC-010-8"", ""LINE-FAC-025-6"", ""LINE-FAC-028-3""]"
PART-02328,Housing 2328,SUP-0504,"[""LINE-FAC-034-1""]"
PART-02329,Actuator 2329,SUP-0868,"[""LINE-FAC-011-7""]"
PART-02330,Bushing 2330,SUP-0551,"[""LINE-FAC-035-1"", ""LINE-FAC-014-6"", ""LINE-FAC-026-8""]"
PART-02331,Bushing 2331,SUP-0474,"[""LINE-FAC-039-6"", ""LINE-FAC-035-5""]"
PART-02332,Coupling 2332,SUP-0545,"[""LINE-FAC-037-4""]"
PART-02333,Bearing Assembly 2333,SUP-0416,"[""LINE-FAC-016-2"", ""LINE-FAC-022-3""]"
PART-02334,Coupling 2334,SUP-0590,"[""LINE-FAC-013-4"", ""LINE-FAC-002-1""]"
PART-02335,Bearing Assembly 2335,SUP-0559,"[""LINE-FAC-004-1""]"
PART-02336,Housing 2336,SUP-0179,"[""LINE-FAC-030-3"", ""LINE-FAC-034-3""]"
PART-02337,Housing 2337,SUP-0299,"[""LINE-FAC-023-2""]"
PART-02338,Valve Body 2338,SUP-0839,"[""LINE-FAC-016-8"", ""LINE-FAC-025-2"", ""LINE-FAC-010-7""]"
PART-02339,Valve Body 2339,SUP-0007,"[""LINE-FAC-003-3""]"
PART-02340,Wiring Harness 2340,SUP-0351,"[""LINE-FAC-007-1"", ""LINE-FAC-021-6""]"
PART-02341,Bracket 2341,SUP-0136,"[""LINE-FAC-013-2"", ""LINE-FAC-019-3""]"
PART-02342,Bearing Assembly 2342,SUP-0136,"[""LINE-FAC-026-4"", ""LINE-FAC-035-1"", ""LINE-FAC-002-7""]"
PART-02343,Valve Body 2343,SUP-0727,"[""LINE-FAC-006-6"", ""LINE-FAC-037-7""]"
PART-02344,Bearing Assembly 2344,SUP-0002,"[""LINE-FAC-005-5"", ""LINE-FAC-015-2"", ""LINE-FAC-025-7""]"
PART-02345,Coupling 2345,SUP-0736,"[""LINE-FAC-007-3""]"
PART-02346,Actuator 2346,SUP-0324,"[""LINE-FAC-040-1"", ""LINE-FAC-013-8""]"
PART-02347,Bushing 2347,SUP-0227,"[""LINE-FAC-034-5""]"
PART-02348,Sensor Module 2348,SUP-0202,"[""LINE-FAC-008-1""]"
PART-02349,Actuator 2349,SUP-0967,"[""LINE-FAC-024-8"", ""LINE-FAC-022-5"", ""LINE-FAC-024-1""]"
PART-02350,Bracket 2350,SUP-0672,"[""LINE-FAC-032-7"", ""LINE-FAC-004-7""]"
PART-02351,Actuator 2351,SUP-0995,"[""LINE-FAC-012-5"", ""LINE-FAC-018-3""]"
PART-02352,Bushing 2352,SUP-0589,"[""LINE-FAC-038-6"", ""LINE-FAC-011-6""]"
PART-02353,Wiring Harness 2353,SUP-0976,"[""LINE-FAC-039-1"", ""LINE-FAC-015-4"", ""LINE-FAC-018-3""]"
PART-02354,Bracket 2354,SUP-0626,"[""LINE-FAC-018-4"", ""LINE-FAC-038-6""]"
PART-02355,Housing 2355,SUP-0165,"[""LINE-FAC-025-1""]"
PART-02356,Bearing Assembly 2356,SUP-0150,"[""LINE-FAC-018-8""]"
PART-02357,Coupling 2357,SUP-0547,"[""LINE-FAC-006-4""]"
PART-02358,Actuator 2358,SUP-0954,"[""LINE-FAC-013-4""]"
PART-02359,Actuator 2359,SUP-0014,"[""LINE-FAC-013-7"", ""LINE-FAC-028-2"", ""LINE-FAC-038-6""]"
PART-02360,Bearing Assembly 2360,SUP-0644,"[""LINE-FAC-039-1"", ""LINE-FAC-030-2""]"
PART-02361,Sensor Module 2361,SUP-0391,"[""LINE-FAC-009-1"", ""LINE-FAC-025-2""]"
PART-02362,Gasket 2362,SUP-0912,"[""LINE-FAC-029-5""]"
PART-02363,Sensor Module 2363,SUP-0820,"[""LINE-FAC-019-8"", ""LINE-FAC-021-5"", ""LINE-FAC-038-7""]"
PART-02364,Wiring Harness 2364,SUP-0853,"[""LINE-FAC-035-3"", ""LINE-FAC-040-3""]"
PART-02365,Bushing 2365,SUP-0954,"[""LINE-FAC-020-1""]"
PART-02366,Coupling 2366,SUP-0894,"[""LINE-FAC-018-8""]"
PART-02367,Actuator 2367,SUP-0110,"[""LINE-FAC-022-8"", ""LINE-FAC-004-6""]"
PART-02368,Wiring Harness 2368,SUP-0117,"[""LINE-FAC-027-5"", ""LINE-FAC-008-7"", ""LINE-FAC-024-1""]"
PART-02369,Actuator 2369,SUP-0146,"[""LINE-FAC-024-7""]"
PART-02370,Actuator 2370,SUP-0241,"[""LINE-FAC-022-1"", ""LINE-FAC-007-4""]"
PART-02371,Valve Body 2371,SUP-0010,"[""LINE-FAC-014-7"", ""LINE-FAC-006-4"", ""LINE-FAC-016-4""]"
PART-02372,Sensor Module 2372,SUP-0306,"[""LINE-FAC-010-6"", ""LINE-FAC-012-3""]"
PART-02373,Housing 2373,SUP-0101,"[""LINE-FAC-023-1"", ""LINE-FAC-038-7""]"
PART-02374,Valve Body 2374,SUP-0593,"[""LINE-FAC-004-5"", ""LINE-FAC-032-6""]"
PART-02375,Valve Body 2375,SUP-0252,"[""LINE-FAC-028-7"", ""LINE-FAC-010-1""]"
PART-02376,Housing 2376,SUP-0859,"[""LINE-FAC-034-3"", ""LINE-FAC-030-8"", ""LINE-FAC-001-2""]"
PART-02377,Bushing 2377,SUP-0348,"[""LINE-FAC-031-2"", ""LINE-FAC-032-2"", ""LINE-FAC-003-2""]"
PART-02378,Valve Body 2378,SUP-0524,"[""LINE-FAC-038-2"", ""LINE-FAC-039-4"", ""LINE-FAC-001-8""]"
PART-02379,Bracket 2379,SUP-0931,"[""LINE-FAC-024-8""]"
PART-02380,Bushing 2380,SUP-0615,"[""LINE-FAC-035-8"", ""LINE-FAC-014-2"", ""LINE-FAC-023-8""]"
PART-02381,Bearing Assembly 2381,SUP-0853,"[""LINE-FAC-029-3""]"
PART-02382,Bearing Assembly 2382,SUP-0045,"[""LINE-FAC-009-3"", ""LINE-FAC-005-8"", ""LINE-FAC-035-4""]"
PART-02383,Bearing Assembly 2383,SUP-0537,"[""LINE-FAC-026-7"", ""LINE-FAC-004-5""]"
PART-02384,Gasket 2384,SUP-0173,"[""LINE-FAC-007-1"", ""LINE-FAC-034-3"", ""LINE-FAC-028-7""]"
PART-02385,Sensor Module 2385,SUP-0167,"[""LINE-FAC-037-7"", ""LINE-FAC-012-2""]"
PART-02386,Bushing 2386,SUP-0751,"[""LINE-FAC-018-6"", ""LINE-FAC-035-8""]"
PART-02387,Valve Body 2387,SUP-0880,"[""LINE-FAC-025-2"", ""LINE-FAC-027-7"", ""LINE-FAC-020-5""]"
PART-02388,Gasket 2388,SUP-0639,"[""LINE-FAC-018-5"", ""LINE-FAC-031-3""]"
PART-02389,Bearing Assembly 2389,SUP-0084,"[""LINE-FAC-039-8"", ""LINE-FAC-019-3"", ""LINE-FAC-025-5""]"
PART-02390,Sensor Module 2390,SUP-0489,"[""LINE-FAC-035-6""]"
PART-02391,Sensor Module 2391,SUP-0158,"[""LINE-FAC-010-7"", ""LINE-FAC-026-5""]"
PART-02392,Gasket 2392,SUP-0841,"[""LINE-FAC-040-8""]"
PART-02393,Bracket 2393,SUP-0181,"[""LINE-FAC-018-4"", ""LINE-FAC-009-3"", ""LINE-FAC-004-3""]"
PART-02394,Bushing 2394,SUP-0715,"[""LINE-FAC-013-7""]"
PART-02395,Coupling 2395,SUP-0989,"[""LINE-FAC-024-4""]"
PART-02396,Wiring Harness 2396,SUP-0841,"[""LINE-FAC-001-6""]"
PART-02397,Bracket 2397,SUP-0978,"[""LINE-FAC-036-2"", ""LINE-FAC-032-5""]"
PART-02398,Actuator 2398,SUP-0495,"[""LINE-FAC-030-5"", ""LINE-FAC-017-1""]"
PART-02399,Sensor Module 2399,SUP-0985,"[""LINE-FAC-019-2"", ""LINE-FAC-029-8""]"
PART-02400,Bracket 2400,SUP-0212,"[""LINE-FAC-035-3""]"
PART-02401,Housing 2401,SUP-0563,"[""LINE-FAC-022-2"", ""LINE-FAC-039-8"", ""LINE-FAC-031-4""]"
PART-02402,Actuator 2402,SUP-0238,"[""LINE-FAC-029-3"", ""LINE-FAC-036-6""]"
PART-02403,Valve Body 2403,SUP-0628,"[""LINE-FAC-031-3""]"
PART-02404,Coupling 2404,SUP-0323,"[""LINE-FAC-039-3"", ""LINE-FAC-012-2""]"
PART-02405,Bracket 2405,SUP-0709,"[""LINE-FAC-004-6"", ""LINE-FAC-010-3""]"
PART-02406,Gasket 2406,SUP-0480,"[""LINE-FAC-016-4"", ""LINE-FAC-019-1"", ""LINE-FAC-035-5""]"
PART-02407,Coupling 2407,SUP-0541,"[""LINE-FAC-035-5""]"
PART-02408,Actuator 2408,SUP-0762,"[""LINE-FAC-008-3"", ""LINE-FAC-035-6"", ""LINE-FAC-004-5""]"
PART-02409,Bearing Assembly 2409,SUP-0023,"[""LINE-FAC-038-7""]"
PART-02410,Actuator 2410,SUP-0893,"[""LINE-FAC-013-8"", ""LINE-FAC-036-2""]"
PART-02411,Valve Body 2411,SUP-0715,"[""LINE-FAC-035-7"", ""LINE-FAC-039-3""]"
PART-02412,Valve Body 2412,SUP-0674,"[""LINE-FAC-036-2"", ""LINE-FAC-022-4""]"
PART-02413,Bearing Assembly 2413,SUP-0381,"[""LINE-FAC-015-3""]"
PART-02414,Valve Body 2414,SUP-0712,"[""LINE-FAC-026-7"", ""LINE-FAC-017-1"", ""LINE-FAC-007-2""]"
PART-02415,Housing 2415,SUP-0824,"[""LINE-FAC-019-1"", ""LINE-FAC-013-1"", ""LINE-FAC-008-3""]"
PART-02416,Gasket 2416,SUP-0579,"[""LINE-FAC-010-6"", ""LINE-FAC-028-8"", ""LINE-FAC-015-1""]"
PART-02417,Bearing Assembly 2417,SUP-0512,"[""LINE-FAC-014-4""]"
PART-02418,Gasket 2418,SUP-0580,"[""LINE-FAC-003-6"", ""LINE-FAC-034-7""]"
PART-02419,Valve Body 2419,SUP-0005,"[""LINE-FAC-011-4""]"
PART-02420,Gasket 2420,SUP-0436,"[""LINE-FAC-002-8"", ""LINE-FAC-023-3""]"
PART-02421,Valve Body 2421,SUP-0059,"[""LINE-FAC-026-1""]"
PART-02422,Valve Body 2422,SUP-0507,"[""LINE-FAC-024-8"", ""LINE-FAC-007-2""]"
PART-02423,Bushing 2423,SUP-0760,"[""LINE-FAC-019-4""]"
PART-02424,Actuator 2424,SUP-0356,"[""LINE-FAC-012-5"", ""LINE-FAC-035-5"", ""LINE-FAC-034-2""]"
PART-02425,Valve Body 2425,SUP-0705,"[""LINE-FAC-027-2"", ""LINE-FAC-025-7"", ""LINE-FAC-009-7""]"
PART-02426,Wiring Harness 2426,SUP-0605,"[""LINE-FAC-020-3"", ""LINE-FAC-038-8""]"
PART-02427,Coupling 2427,SUP-0677,"[""LINE-FAC-029-6""]"
PART-02428,Actuator 2428,SUP-0013,"[""LINE-FAC-033-6"", ""LINE-FAC-001-6"", ""LINE-FAC-015-5""]"
PART-02429,Actuator 2429,SUP-0083,"[""LINE-FAC-028-3"", ""LINE-FAC-006-1"", ""LINE-FAC-009-4""]"
PART-02430,Bushing 2430,SUP-0568,"[""LINE-FAC-003-7"", ""LINE-FAC-033-1""]"
PART-02431,Bushing 2431,SUP-0042,"[""LINE-FAC-001-6""]"
PART-02432,Bracket 2432,SUP-0963,"[""LINE-FAC-037-8"", ""LINE-FAC-020-6""]"
PART-02433,Actuator 2433,SUP-0610,"[""LINE-FAC-025-4""]"
PART-02434,Valve Body 2434,SUP-0619,"[""LINE-FAC-014-1"", ""LINE-FAC-040-6""]"
PART-02435,Housing 2435,SUP-0155,"[""LINE-FAC-010-7""]"
PART-02436,Actuator 2436,SUP-0001,"[""LINE-FAC-027-4"", ""LINE-FAC-010-1""]"
PART-02437,Wiring Harness 2437,SUP-0255,"[""LINE-FAC-026-2"", ""LINE-FAC-033-4"", ""LINE-FAC-022-8""]"
PART-02438,Bearing Assembly 2438,SUP-0133,"[""LINE-FAC-014-5""]"
PART-02439,Housing 2439,SUP-0335,"[""LINE-FAC-030-1""]"
PART-02440,Coupling 2440,SUP-0462,"[""LINE-FAC-023-5"", ""LINE-FAC-025-8"", ""LINE-FAC-021-6""]"
PART-02441,Coupling 2441,SUP-0764,"[""LINE-FAC-026-6"", ""LINE-FAC-038-7""]"
PART-02442,Housing 2442,SUP-0332,"[""LINE-FAC-019-6"", ""LINE-FAC-013-6"", ""LINE-FAC-024-6""]"
PART-02443,Actuator 2443,SUP-0353,"[""LINE-FAC-021-5""]"
PART-02444,Wiring Harness 2444,SUP-0043,"[""LINE-FAC-013-5"", ""LINE-FAC-026-3"", ""LINE-FAC-004-7""]"
PART-02445,Wiring Harness 2445,SUP-0437,"[""LINE-FAC-040-8"", ""LINE-FAC-022-2"", ""LINE-FAC-026-4""]"
PART-02446,Actuator 2446,SUP-0565,"[""LINE-FAC-027-6"", ""LINE-FAC-028-8"", ""LINE-FAC-024-5""]"
PART-02447,Actuator 2447,SUP-0254,"[""LINE-FAC-029-3"", ""LINE-FAC-007-2""]"
PART-02448,Bearing Assembly 2448,SUP-0961,"[""LINE-FAC-030-6"", ""LINE-FAC-026-3""]"
PART-02449,Bearing Assembly 2449,SUP-0459,"[""LINE-FAC-022-1"", ""LINE-FAC-031-7"", ""LINE-FAC-026-8""]"
PART-02450,Bushing 2450,SUP-0592,"[""LINE-FAC-028-2"", ""LINE-FAC-033-4""]"
PART-02451,Actuator 2451,SUP-0180,"[""LINE-FAC-003-4"", ""LINE-FAC-039-4"", ""LINE-FAC-031-5""]"
PART-02452,Gasket 2452,SUP-0186,"[""LINE-FAC-036-2"", ""LINE-FAC-035-6"", ""LINE-FAC-005-7""]"
PART-02453,Coupling 2453,SUP-0627,"[""LINE-FAC-030-6""]"
PART-02454,Bushing 2454,SUP-0711,"[""LINE-FAC-040-4"", ""LINE-FAC-023-4"", ""LINE-FAC-007-1""]"
PART-02455,Actuator 2455,SUP-0253,"[""LINE-FAC-017-3"", ""LINE-FAC-027-1"", ""LINE-FAC-031-8""]"
PART-02456,Valve Body 2456,SUP-0460,"[""LINE-FAC-018-7"", ""LINE-FAC-009-2""]"
PART-02457,Gasket 2457,SUP-0036,"[""LINE-FAC-016-2""]"
PART-02458,Gasket 2458,SUP-0728,"[""LINE-FAC-003-1"", ""LINE-FAC-036-7"", ""LINE-FAC-013-2""]"
PART-02459,Wiring Harness 2459,SUP-0237,"[""LINE-FAC-018-5""]"
PART-02460,Valve Body 2460,SUP-0128,"[""LINE-FAC-015-7"", ""LINE-FAC-029-1""]"
PART-02461,Sensor Module 2461,SUP-0822,"[""LINE-FAC-008-1"", ""LINE-FAC-027-1""]"
PART-02462,Valve Body 2462,SUP-0819,"[""LINE-FAC-021-8"", ""LINE-FAC-033-2"", ""LINE-FAC-006-4""]"
PART-02463,Sensor Module 2463,SUP-0172,"[""LINE-FAC-029-4"", ""LINE-FAC-020-5"", ""LINE-FAC-026-8""]"
PART-02464,Actuator 2464,SUP-0354,"[""LINE-FAC-021-1"", ""LINE-FAC-022-3"", ""LINE-FAC-035-7""]"
PART-02465,Coupling 2465,SUP-0912,"[""LINE-FAC-005-5"", ""LINE-FAC-018-1""]"
PART-02466,Gasket 2466,SUP-0892,"[""LINE-FAC-012-3"", ""LINE-FAC-027-4""]"
PART-02467,Housing 2467,SUP-0590,"[""LINE-FAC-005-2"", ""LINE-FAC-033-7"", ""LINE-FAC-017-3""]"
PART-02468,Actuator 2468,SUP-0221,"[""LINE-FAC-037-8""]"
PART-02469,Bearing Assembly 2469,SUP-0231,"[""LINE-FAC-009-1"", ""LINE-FAC-031-7"", ""LINE-FAC-038-8""]"
PART-02470,Bracket 2470,SUP-0896,"[""LINE-FAC-022-4""]"
PART-02471,Bracket 2471,SUP-0513,"[""LINE-FAC-003-5""]"
PART-02472,Coupling 2472,SUP-0702,"[""LINE-FAC-013-1"", ""LINE-FAC-020-5"", ""LINE-FAC-004-4""]"
PART-02473,Coupling 2473,SUP-0226,"[""LINE-FAC-002-5"", ""LINE-FAC-037-6""]"
PART-02474,Bushing 2474,SUP-0354,"[""LINE-FAC-007-3"", ""LINE-FAC-032-6"", ""LINE-FAC-025-7""]"
PART-02475,Gasket 2475,SUP-0539,"[""LINE-FAC-028-6"", ""LINE-FAC-010-1""]"
PART-02476,Gasket 2476,SUP-0452,"[""LINE-FAC-017-7"", ""LINE-FAC-002-4"", ""LINE-FAC-007-6""]"
PART-02477,Sensor Module 2477,SUP-0117,"[""LINE-FAC-033-5"", ""LINE-FAC-002-5""]"
PART-02478,Valve Body 2478,SUP-0047,"[""LINE-FAC-038-8"", ""LINE-FAC-014-7""]"
PART-02479,Valve Body 2479,SUP-0106,"[""LINE-FAC-001-4"", ""LINE-FAC-021-6"", ""LINE-FAC-032-3""]"
PART-02480,Housing 2480,SUP-0372,"[""LINE-FAC-022-2"", ""LINE-FAC-020-5"", ""LINE-FAC-027-8""]"
PART-02481,Sensor Module 2481,SUP-0101,"[""LINE-FAC-014-1""]"
PART-02482,Valve Body 2482,SUP-0036,"[""LINE-FAC-005-1""]"
PART-02483,Coupling 2483,SUP-0842,"[""LINE-FAC-026-7"", ""LINE-FAC-009-3""]"
PART-02484,Bushing 2484,SUP-0493,"[""LINE-FAC-029-1"", ""LINE-FAC-008-3"", ""LINE-FAC-040-7""]"
PART-02485,Actuator 2485,SUP-0323,"[""LINE-FAC-009-8"", ""LINE-FAC-039-7""]"
PART-02486,Bracket 2486,SUP-0909,"[""LINE-FAC-032-1"", ""LINE-FAC-018-1""]"
PART-02487,Valve Body 2487,SUP-0787,"[""LINE-FAC-038-5"", ""LINE-FAC-007-4""]"
PART-02488,Bearing Assembly 2488,SUP-0853,"[""LINE-FAC-017-5"", ""LINE-FAC-004-8"", ""LINE-FAC-028-1""]"
PART-02489,Wiring Harness 2489,SUP-0753,"[""LINE-FAC-020-5"", ""LINE-FAC-008-4""]"
PART-02490,Bracket 2490,SUP-0583,"[""LINE-FAC-011-3"", ""LINE-FAC-002-5""]"
PART-02491,Bushing 2491,SUP-0788,"[""LINE-FAC-016-7""]"
PART-02492,Gasket 2492,SUP-0950,"[""LINE-FAC-006-1"", ""LINE-FAC-022-6""]"
PART-02493,Housing 2493,SUP-0567,"[""LINE-FAC-033-1"", ""LINE-FAC-011-1"", ""LINE-FAC-025-6""]"
PART-02494,Bushing 2494,SUP-0840,"[""LINE-FAC-004-3"", ""LINE-FAC-005-5"", ""LINE-FAC-037-7""]"
PART-02495,Wiring Harness 2495,SUP-0872,"[""LINE-FAC-007-4"", ""LINE-FAC-012-8"", ""LINE-FAC-004-1""]"
PART-02496,Gasket 2496,SUP-0537,"[""LINE-FAC-005-2"", ""LINE-FAC-030-4"", ""LINE-FAC-040-5""]"
PART-02497,Bearing Assembly 2497,SUP-0832,"[""LINE-FAC-038-6""]"
PART-02498,Sensor Module 2498,SUP-0234,"[""LINE-FAC-031-1"", ""LINE-FAC-014-6""]"
PART-02499,Bushing 2499,SUP-0585,"[""LINE-FAC-019-1""]"
PART-02500,Sensor Module 2500,SUP-0070,"[""LINE-FAC-014-5"", ""LINE-FAC-032-2"", ""LINE-FAC-010-3""]"
PART-02501,Bushing 2501,SUP-0730,"[""LINE-FAC-026-1"", ""LINE-FAC-021-6"", ""LINE-FAC-002-5""]"
PART-02502,Housing 2502,SUP-0409,"[""LINE-FAC-002-2"", ""LINE-FAC-008-2"", ""LINE-FAC-035-5""]"
PART-02503,Wiring Harness 2503,SUP-0557,"[""LINE-FAC-035-5"", ""LINE-FAC-033-2""]"
PART-02504,Valve Body 2504,SUP-0405,"[""LINE-FAC-006-1"", ""LINE-FAC-008-6""]"
PART-02505,Housing 2505,SUP-0030,"[""LINE-FAC-030-5"", ""LINE-FAC-019-8""]"
PART-02506,Sensor Module 2506,SUP-0329,"[""LINE-FAC-021-4"", ""LINE-FAC-025-8""]"
PART-02507,Wiring Harness 2507,SUP-0734,"[""LINE-FAC-018-6"", ""LINE-FAC-022-4"", ""LINE-FAC-039-6""]"
PART-02508,Valve Body 2508,SUP-0428,"[""LINE-FAC-013-8"", ""LINE-FAC-022-7"", ""LINE-FAC-039-4""]"
PART-02509,Coupling 2509,SUP-0598,"[""LINE-FAC-012-4"", ""LINE-FAC-004-6""]"
PART-02510,Bracket 2510,SUP-0381,"[""LINE-FAC-002-5"", ""LINE-FAC-032-4"", ""LINE-FAC-007-1""]"
PART-02511,Actuator 2511,SUP-0776,"[""LINE-FAC-023-5"", ""LINE-FAC-019-2""]"
PART-02512,Bracket 2512,SUP-0707,"[""LINE-FAC-022-1"", ""LINE-FAC-020-2""]"
PART-02513,Bushing 2513,SUP-0510,"[""LINE-FAC-021-8""]"
PART-02514,Valve Body 2514,SUP-0630,"[""LINE-FAC-023-8"", ""LINE-FAC-024-7"", ""LINE-FAC-013-1""]"
PART-02515,Coupling 2515,SUP-0847,"[""LINE-FAC-022-1"", ""LINE-FAC-028-2"", ""LINE-FAC-028-8""]"
PART-02516,Valve Body 2516,SUP-0568,"[""LINE-FAC-005-4""]"
PART-02517,Bracket 2517,SUP-0706,"[""LINE-FAC-023-4""]"
PART-02518,Bushing 2518,SUP-0562,"[""LINE-FAC-019-8""]"
PART-02519,Bushing 2519,SUP-0907,"[""LINE-FAC-023-5"", ""LINE-FAC-021-2""]"
PART-02520,Valve Body 2520,SUP-0587,"[""LINE-FAC-019-2"", ""LINE-FAC-007-8"", ""LINE-FAC-009-8""]"
PART-02521,Bearing Assembly 2521,SUP-0157,"[""LINE-FAC-019-2"", ""LINE-FAC-020-2"", ""LINE-FAC-028-7""]"
PART-02522,Gasket 2522,SUP-0271,"[""LINE-FAC-023-8""]"
PART-02523,Wiring Harness 2523,SUP-0214,"[""LINE-FAC-039-4"", ""LINE-FAC-032-6""]"
PART-02524,Bearing Assembly 2524,SUP-0376,"[""LINE-FAC-039-2"", ""LINE-FAC-016-5"", ""LINE-FAC-035-2""]"
PART-02525,Housing 2525,SUP-0111,"[""LINE-FAC-014-2""]"
PART-02526,Coupling 2526,SUP-0656,"[""LINE-FAC-031-3"", ""LINE-FAC-005-6"", ""LINE-FAC-039-6""]"
PART-02527,Bushing 2527,SUP-0591,"[""LINE-FAC-025-6""]"
PART-02528,Gasket 2528,SUP-0214,"[""LINE-FAC-018-3"", ""LINE-FAC-033-3"", ""LINE-FAC-038-3""]"
PART-02529,Bearing Assembly 2529,SUP-0787,"[""LINE-FAC-010-1"", ""LINE-FAC-012-3""]"
PART-02530,Housing 2530,SUP-0023,"[""LINE-FAC-040-8"", ""LINE-FAC-012-2"", ""LINE-FAC-009-3""]"
PART-02531,Bushing 2531,SUP-0473,"[""LINE-FAC-018-8"", ""LINE-FAC-012-3"", ""LINE-FAC-022-4""]"
PART-02532,Sensor Module 2532,SUP-0464,"[""LINE-FAC-010-8""]"
PART-02533,Bearing Assembly 2533,SUP-0884,"[""LINE-FAC-006-8""]"
PART-02534,Actuator 2534,SUP-0570,"[""LINE-FAC-002-6"", ""LINE-FAC-037-5""]"
PART-02535,Housing 2535,SUP-0260,"[""LINE-FAC-011-6"", ""LINE-FAC-025-5""]"
PART-02536,Actuator 2536,SUP-0019,"[""LINE-FAC-014-5"", ""LINE-FAC-017-8""]"
PART-02537,Gasket 2537,SUP-0037,"[""LINE-FAC-027-7"", ""LINE-FAC-014-5""]"
PART-02538,Gasket 2538,SUP-0015,"[""LINE-FAC-034-7"", ""LINE-FAC-032-1"", ""LINE-FAC-008-1""]"
PART-02539,Wiring Harness 2539,SUP-0436,"[""LINE-FAC-039-6"", ""LINE-FAC-003-3""]"
PART-02540,Bushing 2540,SUP-0526,"[""LINE-FAC-040-1""]"
PART-02541,Sensor Module 2541,SUP-0048,"[""LINE-FAC-003-6""]"
PART-02542,Bushing 2542,SUP-0882,"[""LINE-FAC-028-7"", ""LINE-FAC-010-6""]"
PART-02543,Sensor Module 2543,SUP-0483,"[""LINE-FAC-033-4""]"
PART-02544,Bushing 2544,SUP-0571,"[""LINE-FAC-013-3"", ""LINE-FAC-018-7""]"
PART-02545,Bushing 2545,SUP-0017,"[""LINE-FAC-001-4"", ""LINE-FAC-030-8""]"
PART-02546,Sensor Module 2546,SUP-0342,"[""LINE-FAC-020-5"", ""LINE-FAC-036-4"", ""LINE-FAC-014-7""]"
PART-02547,Gasket 2547,SUP-0360,"[""LINE-FAC-004-7"", ""LINE-FAC-029-6""]"
PART-02548,Bracket 2548,SUP-0805,"[""LINE-FAC-022-1"", ""LINE-FAC-012-8""]"
PART-02549,Gasket 2549,SUP-0705,"[""LINE-FAC-034-7"", ""LINE-FAC-023-8"", ""LINE-FAC-004-2""]"
PART-02550,Valve Body 2550,SUP-0378,"[""LINE-FAC-027-7""]"
PART-02551,Bearing Assembly 2551,SUP-0567,"[""LINE-FAC-035-4""]"
PART-02552,Bushing 2552,SUP-0501,"[""LINE-FAC-031-8""]"
PART-02553,Bracket 2553,SUP-0062,"[""LINE-FAC-001-4"", ""LINE-FAC-004-8""]"
PART-02554,Housing 2554,SUP-0544,"[""LINE-FAC-022-4""]"
PART-02555,Sensor Module 2555,SUP-0804,"[""LINE-FAC-016-1"", ""LINE-FAC-019-8""]"
PART-02556,Bracket 2556,SUP-0730,"[""LINE-FAC-026-4"", ""LINE-FAC-036-8"", ""LINE-FAC-029-4""]"
PART-02557,Wiring Harness 2557,SUP-0366,"[""LINE-FAC-035-7"", ""LINE-FAC-002-4""]"
PART-02558,Bushing 2558,SUP-0802,"[""LINE-FAC-034-1"", ""LINE-FAC-029-6""]"
PART-02559,Gasket 2559,SUP-0766,"[""LINE-FAC-021-4""]"
PART-02560,Sensor Module 2560,SUP-0287,"[""LINE-FAC-023-4"", ""LINE-FAC-001-3""]"
PART-02561,Valve Body 2561,SUP-0144,"[""LINE-FAC-028-8"", ""LINE-FAC-033-3""]"
PART-02562,Bracket 2562,SUP-0628,"[""LINE-FAC-023-8"", ""LINE-FAC-015-7""]"
PART-02563,Gasket 2563,SUP-0045,"[""LINE-FAC-022-6"", ""LINE-FAC-004-1"", ""LINE-FAC-021-3""]"
PART-02564,Bearing Assembly 2564,SUP-0192,"[""LINE-FAC-003-6""]"
PART-02565,Bracket 2565,SUP-0527,"[""LINE-FAC-030-2"", ""LINE-FAC-024-6""]"
PART-02566,Coupling 2566,SUP-0526,"[""LINE-FAC-025-7"", ""LINE-FAC-040-2""]"
PART-02567,Wiring Harness 2567,SUP-0306,"[""LINE-FAC-017-1""]"
PART-02568,Bracket 2568,SUP-0459,"[""LINE-FAC-018-6""]"
PART-02569,Housing 2569,SUP-0407,"[""LINE-FAC-007-4""]"
PART-02570,Gasket 2570,SUP-0535,"[""LINE-FAC-037-2"", ""LINE-FAC-035-8""]"
PART-02571,Bracket 2571,SUP-0377,"[""LINE-FAC-006-5"", ""LINE-FAC-040-1"", ""LINE-FAC-001-2""]"
PART-02572,Actuator 2572,SUP-0185,"[""LINE-FAC-014-3"", ""LINE-FAC-020-4""]"
PART-02573,Actuator 2573,SUP-0940,"[""LINE-FAC-005-1"", ""LINE-FAC-012-5"", ""LINE-FAC-022-1""]"
PART-02574,Gasket 2574,SUP-0523,"[""LINE-FAC-028-5""]"
PART-02575,Coupling 2575,SUP-0893,"[""LINE-FAC-024-8"", ""LINE-FAC-038-7"", ""LINE-FAC-022-1""]"
PART-02576,Actuator 2576,SUP-0529,"[""LINE-FAC-034-8"", ""LINE-FAC-035-6""]"
PART-02577,Sensor Module 2577,SUP-0610,"[""LINE-FAC-012-7"", ""LINE-FAC-040-1"", ""LINE-FAC-007-1""]"
PART-02578,Bushing 2578,SUP-0799,"[""LINE-FAC-029-8""]"
PART-02579,Coupling 2579,SUP-0637,"[""LINE-FAC-021-1"", ""LINE-FAC-018-6"", ""LINE-FAC-017-2""]"
PART-02580,Valve Body 2580,SUP-0335,"[""LINE-FAC-003-5"", ""LINE-FAC-011-1""]"
PART-02581,Bearing Assembly 2581,SUP-0104,"[""LINE-FAC-024-6""]"
PART-02582,Bearing Assembly 2582,SUP-0713,"[""LINE-FAC-017-2"", ""LINE-FAC-001-5""]"
PART-02583,Bracket 2583,SUP-0286,"[""LINE-FAC-039-5"", ""LINE-FAC-023-2""]"
PART-02584,Bearing Assembly 2584,SUP-0764,"[""LINE-FAC-025-1""]"
PART-02585,Gasket 2585,SUP-0077,"[""LINE-FAC-018-2""]"
PART-02586,Sensor Module 2586,SUP-0873,"[""LINE-FAC-022-7""]"
PART-02587,Sensor Module 2587,SUP-0780,"[""LINE-FAC-003-5""]"
PART-02588,Housing 2588,SUP-0866,"[""LINE-FAC-007-4"", ""LINE-FAC-015-1"", ""LINE-FAC-007-8""]"
PART-02589,Coupling 2589,SUP-0540,"[""LINE-FAC-021-3"", ""LINE-FAC-029-5"", ""LINE-FAC-005-8""]"
PART-02590,Coupling 2590,SUP-0789,"[""LINE-FAC-039-7"", ""LINE-FAC-005-1""]"
PART-02591,Bushing 2591,SUP-0204,"[""LINE-FAC-020-2"", ""LINE-FAC-004-7""]"
PART-02592,Valve Body 2592,SUP-0283,"[""LINE-FAC-007-7"", ""LINE-FAC-034-1""]"
PART-02593,Actuator 2593,SUP-0654,"[""LINE-FAC-031-2"", ""LINE-FAC-017-1""]"
PART-02594,Gasket 2594,SUP-0965,"[""LINE-FAC-022-4"", ""LINE-FAC-022-5""]"
PART-02595,Sensor Module 2595,SUP-0144,"[""LINE-FAC-039-7"", ""LINE-FAC-005-4""]"
PART-02596,Actuator 2596,SUP-0111,"[""LINE-FAC-008-1"", ""LINE-FAC-010-3""]"
PART-02597,Gasket 2597,SUP-0663,"[""LINE-FAC-001-2"", ""LINE-FAC-037-7""]"
PART-02598,Coupling 2598,SUP-0103,"[""LINE-FAC-005-7"", ""LINE-FAC-002-1""]"
PART-02599,Sensor Module 2599,SUP-0316,"[""LINE-FAC-037-4""]"
PART-02600,Bracket 2600,SUP-0916,"[""LINE-FAC-010-6"", ""LINE-FAC-009-4"", ""LINE-FAC-009-6""]"
PART-02601,Actuator 2601,SUP-0812,"[""LINE-FAC-007-8"", ""LINE-FAC-001-6""]"
PART-02602,Coupling 2602,SUP-0540,"[""LINE-FAC-035-7"", ""LINE-FAC-012-1"", ""LINE-FAC-001-2""]"
PART-02603,Bearing Assembly 2603,SUP-0952,"[""LINE-FAC-032-1""]"
PART-02604,Bushing 2604,SUP-0555,"[""LINE-FAC-023-5"", ""LINE-FAC-011-8"", ""LINE-FAC-005-3""]"
PART-02605,Actuator 2605,SUP-0438,"[""LINE-FAC-004-5"", ""LINE-FAC-035-2"", ""LINE-FAC-036-7""]"
PART-02606,Valve Body 2606,SUP-0686,"[""LINE-FAC-014-2""]"
PART-02607,Valve Body 2607,SUP-0903,"[""LINE-FAC-006-3"", ""LINE-FAC-035-2"", ""LINE-FAC-003-3""]"
PART-02608,Wiring Harness 2608,SUP-0022,"[""LINE-FAC-024-1"", ""LINE-FAC-036-6"", ""LINE-FAC-029-7""]"
PART-02609,Bushing 2609,SUP-0031,"[""LINE-FAC-018-8"", ""LINE-FAC-011-8"", ""LINE-FAC-003-2""]"
PART-02610,Valve Body 2610,SUP-0510,"[""LINE-FAC-033-2"", ""LINE-FAC-016-5"", ""LINE-FAC-029-4""]"
PART-02611,Bearing Assembly 2611,SUP-0559,"[""LINE-FAC-039-1"", ""LINE-FAC-025-7""]"
PART-02612,Coupling 2612,SUP-0178,"[""LINE-FAC-007-7"", ""LINE-FAC-030-8""]"
PART-02613,Coupling 2613,SUP-0884,"[""LINE-FAC-031-4"", ""LINE-FAC-032-4""]"
PART-02614,Wiring Harness 2614,SUP-0227,"[""LINE-FAC-013-3"", ""LINE-FAC-011-1""]"
PART-02615,Wiring Harness 2615,SUP-0818,"[""LINE-FAC-016-1"", ""LINE-FAC-036-8""]"
PART-02616,Sensor Module 2616,SUP-0901,"[""LINE-FAC-001-2""]"
PART-02617,Bearing Assembly 2617,SUP-0015,"[""LINE-FAC-038-1"", ""LINE-FAC-021-5""]"
PART-02618,Bracket 2618,SUP-0078,"[""LINE-FAC-033-2""]"
PART-02619,Housing 2619,SUP-0086,"[""LINE-FAC-037-3""]"
PART-02620,Sensor Module 2620,SUP-0951,"[""LINE-FAC-010-7"", ""LINE-FAC-005-6""]"
PART-02621,Bracket 2621,SUP-0539,"[""LINE-FAC-005-4"", ""LINE-FAC-027-2""]"
PART-02622,Valve Body 2622,SUP-0374,"[""LINE-FAC-007-4"", ""LINE-FAC-036-7""]"
PART-02623,Housing 2623,SUP-0503,"[""LINE-FAC-024-8"", ""LINE-FAC-037-3""]"
PART-02624,Bearing Assembly 2624,SUP-0910,"[""LINE-FAC-031-4""]"
PART-02625,Gasket 2625,SUP-0228,"[""LINE-FAC-022-6"", ""LINE-FAC-040-1"", ""LINE-FAC-008-1""]"
PART-02626,Sensor Module 2626,SUP-0703,"[""LINE-FAC-019-2""]"
PART-02627,Valve Body 2627,SUP-0640,"[""LINE-FAC-024-1"", ""LINE-FAC-014-8"", ""LINE-FAC-030-4""]"
PART-02628,Valve Body 2628,SUP-0221,"[""LINE-FAC-031-4""]"
PART-02629,Sensor Module 2629,SUP-0237,"[""LINE-FAC-006-7"", ""LINE-FAC-040-7"", ""LINE-FAC-003-2""]"
PART-02630,Wiring Harness 2630,SUP-0559,"[""LINE-FAC-009-5""]"
PART-02631,Valve Body 2631,SUP-0854,"[""LINE-FAC-020-6""]"
PART-02632,Bushing 2632,SUP-0824,"[""LINE-FAC-027-5""]"
PART-02633,Actuator 2633,SUP-0282,"[""LINE-FAC-006-4""]"
PART-02634,Bracket 2634,SUP-0775,"[""LINE-FAC-002-6"", ""LINE-FAC-005-1""]"
PART-02635,Bearing Assembly 2635,SUP-0257,"[""LINE-FAC-025-7""]"
PART-02636,Bearing Assembly 2636,SUP-0405,"[""LINE-FAC-032-5"", ""LINE-FAC-027-4"", ""LINE-FAC-013-4""]"
PART-02637,Sensor Module 2637,SUP-0235,"[""LINE-FAC-004-6"", ""LINE-FAC-035-7"", ""LINE-FAC-024-4""]"
PART-02638,Wiring Harness 2638,SUP-0602,"[""LINE-FAC-015-4"", ""LINE-FAC-036-3""]"
PART-02639,Bearing Assembly 2639,SUP-0915,"[""LINE-FAC-032-2"", ""LINE-FAC-030-7"", ""LINE-FAC-021-6""]"
PART-02640,Bearing Assembly 2640,SUP-0250,"[""LINE-FAC-040-2"", ""LINE-FAC-036-1"", ""LINE-FAC-037-4""]"
PART-02641,Sensor Module 2641,SUP-0651,"[""LINE-FAC-010-3"", ""LINE-FAC-009-8""]"
PART-02642,Sensor Module 2642,SUP-0496,"[""LINE-FAC-029-3""]"
PART-02643,Sensor Module 2643,SUP-0894,"[""LINE-FAC-015-1"", ""LINE-FAC-022-2"", ""LINE-FAC-032-8""]"
PART-02644,Housing 2644,SUP-0123,"[""LINE-FAC-028-6"", ""LINE-FAC-021-8"", ""LINE-FAC-034-8""]"
PART-02645,Sensor Module 2645,SUP-0264,"[""LINE-FAC-023-2"", ""LINE-FAC-030-8"", ""LINE-FAC-036-6""]"
PART-02646,Actuator 2646,SUP-0660,"[""LINE-FAC-004-5""]"
PART-02647,Bracket 2647,SUP-0702,"[""LINE-FAC-029-1"", ""LINE-FAC-025-4"", ""LINE-FAC-032-2""]"
PART-02648,Bearing Assembly 2648,SUP-0337,"[""LINE-FAC-009-5""]"
PART-02649,Bushing 2649,SUP-0910,"[""LINE-FAC-033-7"", ""LINE-FAC-039-2"", ""LINE-FAC-032-2""]"
PART-02650,Gasket 2650,SUP-0870,"[""LINE-FAC-011-2""]"
PART-02651,Gasket 2651,SUP-0240,"[""LINE-FAC-020-5""]"
PART-02652,Housing 2652,SUP-0269,"[""LINE-FAC-037-4""]"
PART-02653,Wiring Harness 2653,SUP-0058,"[""LINE-FAC-007-8""]"
PART-02654,Sensor Module 2654,SUP-0274,"[""LINE-FAC-010-8"", ""LINE-FAC-027-3""]"
PART-02655,Actuator 2655,SUP-0058,"[""LINE-FAC-015-7""]"
PART-02656,Coupling 2656,SUP-0888,"[""LINE-FAC-018-3"", ""LINE-FAC-016-7""]"
PART-02657,Actuator 2657,SUP-0299,"[""LINE-FAC-037-8""]"
PART-02658,Valve Body 2658,SUP-0249,"[""LINE-FAC-011-8"", ""LINE-FAC-009-5"", ""LINE-FAC-030-5""]"
PART-02659,Bushing 2659,SUP-0215,"[""LINE-FAC-031-3"", ""LINE-FAC-014-3"", ""LINE-FAC-025-8""]"
PART-02660,Housing 2660,SUP-0698,"[""LINE-FAC-011-3"", ""LINE-FAC-038-1"", ""LINE-FAC-028-8""]"
PART-02661,Housing 2661,SUP-1000,"[""LINE-FAC-037-1"", ""LINE-FAC-010-1""]"
PART-02662,Valve Body 2662,SUP-0751,"[""LINE-FAC-032-8"", ""LINE-FAC-034-8"", ""LINE-FAC-016-3""]"
PART-02663,Bracket 2663,SUP-0358,"[""LINE-FAC-013-4"", ""LINE-FAC-018-7""]"
PART-02664,Valve Body 2664,SUP-0518,"[""LINE-FAC-004-1""]"
PART-02665,Coupling 2665,SUP-0516,"[""LINE-FAC-002-7"", ""LINE-FAC-005-8"", ""LINE-FAC-016-5""]"
PART-02666,Housing 2666,SUP-0679,"[""LINE-FAC-027-6"", ""LINE-FAC-011-1""]"
PART-02667,Valve Body 2667,SUP-0508,"[""LINE-FAC-001-5""]"
PART-02668,Sensor Module 2668,SUP-0150,"[""LINE-FAC-008-3""]"
PART-02669,Bracket 2669,SUP-0979,"[""LINE-FAC-023-4""]"
PART-02670,Bracket 2670,SUP-0026,"[""LINE-FAC-006-5""]"
PART-02671,Housing 2671,SUP-0878,"[""LINE-FAC-030-1"", ""LINE-FAC-038-3"", ""LINE-FAC-009-2""]"
PART-02672,Coupling 2672,SUP-0208,"[""LINE-FAC-027-7""]"
PART-02673,Valve Body 2673,SUP-0492,"[""LINE-FAC-030-2"", ""LINE-FAC-016-1"", ""LINE-FAC-015-4""]"
PART-02674,Gasket 2674,SUP-0319,"[""LINE-FAC-020-1"", ""LINE-FAC-006-4"", ""LINE-FAC-003-2""]"
PART-02675,Valve Body 2675,SUP-0515,"[""LINE-FAC-022-6""]"
PART-02676,Bushing 2676,SUP-0912,"[""LINE-FAC-010-3"", ""LINE-FAC-013-2""]"
PART-02677,Valve Body 2677,SUP-0584,"[""LINE-FAC-039-8""]"
PART-02678,Actuator 2678,SUP-0252,"[""LINE-FAC-020-3""]"
PART-02679,Bushing 2679,SUP-0124,"[""LINE-FAC-010-3"", ""LINE-FAC-018-1"", ""LINE-FAC-038-1""]"
PART-02680,Bushing 2680,SUP-0130,"[""LINE-FAC-025-6"", ""LINE-FAC-009-7"", ""LINE-FAC-012-1""]"
PART-02681,Valve Body 2681,SUP-0721,"[""LINE-FAC-019-4"", ""LINE-FAC-007-8""]"
PART-02682,Gasket 2682,SUP-0346,"[""LINE-FAC-021-3""]"
PART-02683,Actuator 2683,SUP-0788,"[""LINE-FAC-009-4""]"
PART-02684,Wiring Harness 2684,SUP-0835,"[""LINE-FAC-035-7"", ""LINE-FAC-019-4"", ""LINE-FAC-039-2""]"
PART-02685,Valve Body 2685,SUP-0460,"[""LINE-FAC-038-8"", ""LINE-FAC-007-4""]"
PART-02686,Valve Body 2686,SUP-0758,"[""LINE-FAC-007-1"", ""LINE-FAC-021-2"", ""LINE-FAC-020-1""]"
PART-02687,Gasket 2687,SUP-0211,"[""LINE-FAC-001-7"", ""LINE-FAC-013-5"", ""LINE-FAC-038-8""]"
PART-02688,Valve Body 2688,SUP-0126,"[""LINE-FAC-038-2"", ""LINE-FAC-020-3""]"
PART-02689,Gasket 2689,SUP-0066,"[""LINE-FAC-010-4"", ""LINE-FAC-025-5"", ""LINE-FAC-002-1""]"
PART-02690,Bearing Assembly 2690,SUP-0036,"[""LINE-FAC-006-4"", ""LINE-FAC-015-1""]"
PART-02691,Bracket 2691,SUP-0882,"[""LINE-FAC-006-5"", ""LINE-FAC-032-8""]"
PART-02692,Sensor Module 2692,SUP-0870,"[""LINE-FAC-009-8"", ""LINE-FAC-008-5""]"
PART-02693,Actuator 2693,SUP-0711,"[""LINE-FAC-027-8""]"
PART-02694,Housing 2694,SUP-0800,"[""LINE-FAC-002-3"", ""LINE-FAC-027-8"", ""LINE-FAC-040-7""]"
PART-02695,Sensor Module 2695,SUP-0578,"[""LINE-FAC-021-4"", ""LINE-FAC-004-7""]"
PART-02696,Gasket 2696,SUP-0007,"[""LINE-FAC-002-4"", ""LINE-FAC-017-8"", ""LINE-FAC-011-4""]"
PART-02697,Wiring Harness 2697,SUP-0531,"[""LINE-FAC-011-1"", ""LINE-FAC-038-5""]"
PART-02698,Valve Body 2698,SUP-0382,"[""LINE-FAC-038-8"", ""LINE-FAC-031-4""]"
PART-02699,Actuator 2699,SUP-0706,"[""LINE-FAC-008-4""]"
PART-02700,Coupling 2700,SUP-0978,"[""LINE-FAC-004-8"", ""LINE-FAC-028-4""]"
PART-02701,Bushing 2701,SUP-0621,"[""LINE-FAC-004-5""]"
PART-02702,Valve Body 2702,SUP-0556,"[""LINE-FAC-019-1"", ""LINE-FAC-014-6""]"
PART-02703,Housing 2703,SUP-0174,"[""LINE-FAC-001-4"", ""LINE-FAC-005-8""]"
PART-02704,Bracket 2704,SUP-0778,"[""LINE-FAC-033-2""]"
PART-02705,Coupling 2705,SUP-0632,"[""LINE-FAC-031-1""]"
PART-02706,Bracket 2706,SUP-0095,"[""LINE-FAC-005-5"", ""LINE-FAC-032-3"", ""LINE-FAC-003-1""]"
PART-02707,Bracket 2707,SUP-0934,"[""LINE-FAC-001-8"", ""LINE-FAC-016-7"", ""LINE-FAC-027-7""]"
PART-02708,Sensor Module 2708,SUP-0365,"[""LINE-FAC-010-3"", ""LINE-FAC-016-5""]"
PART-02709,Gasket 2709,SUP-0635,"[""LINE-FAC-011-5"", ""LINE-FAC-039-3""]"
PART-02710,Bearing Assembly 2710,SUP-0645,"[""LINE-FAC-021-6"", ""LINE-FAC-020-1"", ""LINE-FAC-026-3""]"
PART-02711,Gasket 2711,SUP-0081,"[""LINE-FAC-009-7"", ""LINE-FAC-023-8"", ""LINE-FAC-004-5""]"
PART-02712,Coupling 2712,SUP-0692,"[""LINE-FAC-018-4"", ""LINE-FAC-018-7"", ""LINE-FAC-033-2""]"
PART-02713,Wiring Harness 2713,SUP-0854,"[""LINE-FAC-004-4"", ""LINE-FAC-027-7""]"
PART-02714,Valve Body 2714,SUP-0423,"[""LINE-FAC-028-4"", ""LINE-FAC-008-5""]"
PART-02715,Actuator 2715,SUP-0700,"[""LINE-FAC-031-6"", ""LINE-FAC-040-6"", ""LINE-FAC-020-6""]"
PART-02716,Sensor Module 2716,SUP-0637,"[""LINE-FAC-005-4"", ""LINE-FAC-029-2""]"
PART-02717,Sensor Module 2717,SUP-0114,"[""LINE-FAC-037-7""]"
PART-02718,Bracket 2718,SUP-0610,"[""LINE-FAC-008-8""]"
PART-02719,Valve Body 2719,SUP-0710,"[""LINE-FAC-007-5"", ""LINE-FAC-019-7"", ""LINE-FAC-024-5""]"
PART-02720,Bracket 2720,SUP-0376,"[""LINE-FAC-004-7"", ""LINE-FAC-016-6"", ""LINE-FAC-013-4""]"
PART-02721,Bushing 2721,SUP-0541,"[""LINE-FAC-038-6"", ""LINE-FAC-001-4""]"
PART-02722,Sensor Module 2722,SUP-0210,"[""LINE-FAC-032-5""]"
PART-02723,Gasket 2723,SUP-0644,"[""LINE-FAC-038-1"", ""LINE-FAC-024-2"", ""LINE-FAC-031-4""]"
PART-02724,Wiring Harness 2724,SUP-0266,"[""LINE-FAC-038-8""]"
PART-02725,Actuator 2725,SUP-0959,"[""LINE-FAC-033-2"", ""LINE-FAC-010-7"", ""LINE-FAC-005-3""]"
PART-02726,Sensor Module 2726,SUP-0990,"[""LINE-FAC-019-1"", ""LINE-FAC-007-4""]"
PART-02727,Sensor Module 2727,SUP-0967,"[""LINE-FAC-009-1"", ""LINE-FAC-021-4""]"
PART-02728,Bracket 2728,SUP-0797,"[""LINE-FAC-015-8""]"
PART-02729,Bracket 2729,SUP-0316,"[""LINE-FAC-034-7"", ""LINE-FAC-008-8""]"
PART-02730,Housing 2730,SUP-0629,"[""LINE-FAC-009-5"", ""LINE-FAC-018-5"", ""LINE-FAC-039-4""]"
PART-02731,Housing 2731,SUP-0587,"[""LINE-FAC-010-6"", ""LINE-FAC-008-1"", ""LINE-FAC-009-4""]"
PART-02732,Wiring Harness 2732,SUP-0804,"[""LINE-FAC-028-7""]"
PART-02733,Bushing 2733,SUP-0150,"[""LINE-FAC-015-5"", ""LINE-FAC-004-4"", ""LINE-FAC-004-5""]"
PART-02734,Gasket 2734,SUP-0545,"[""LINE-FAC-009-5"", ""LINE-FAC-022-6""]"
PART-02735,Wiring Harness 2735,SUP-0195,"[""LINE-FAC-036-4""]"
PART-02736,Valve Body 2736,SUP-0432,"[""LINE-FAC-023-6"", ""LINE-FAC-019-8""]"
PART-02737,Sensor Module 2737,SUP-0586,"[""LINE-FAC-036-6"", ""LINE-FAC-029-4""]"
PART-02738,Coupling 2738,SUP-0604,"[""LINE-FAC-036-8"", ""LINE-FAC-006-8""]"
PART-02739,Wiring Harness 2739,SUP-0991,"[""LINE-FAC-034-8""]"
PART-02740,Valve Body 2740,SUP-0706,"[""LINE-FAC-038-5"", ""LINE-FAC-029-6""]"
PART-02741,Housing 2741,SUP-0905,"[""LINE-FAC-018-7"", ""LINE-FAC-030-3"", ""LINE-FAC-015-8""]"
PART-02742,Bracket 2742,SUP-0751,"[""LINE-FAC-038-8"", ""LINE-FAC-009-1"", ""LINE-FAC-032-4""]"
PART-02743,Bracket 2743,SUP-0473,"[""LINE-FAC-008-6""]"
PART-02744,Bracket 2744,SUP-0486,"[""LINE-FAC-004-6"", ""LINE-FAC-012-1""]"
PART-02745,Bearing Assembly 2745,SUP-0817,"[""LINE-FAC-040-2"", ""LINE-FAC-002-5""]"
PART-02746,Bracket 2746,SUP-0726,"[""LINE-FAC-012-6""]"
PART-02747,Sensor Module 2747,SUP-0233,"[""LINE-FAC-004-2""]"
PART-02748,Coupling 2748,SUP-0449,"[""LINE-FAC-009-5""]"
PART-02749,Sensor Module 2749,SUP-0916,"[""LINE-FAC-009-2"", ""LINE-FAC-024-7""]"
PART-02750,Coupling 2750,SUP-0481,"[""LINE-FAC-012-4"", ""LINE-FAC-016-3"", ""LINE-FAC-039-2""]"
PART-02751,Wiring Harness 2751,SUP-0917,"[""LINE-FAC-037-8""]"
PART-02752,Coupling 2752,SUP-0466,"[""LINE-FAC-026-7""]"
PART-02753,Wiring Harness 2753,SUP-0490,"[""LINE-FAC-012-1"", ""LINE-FAC-023-6"", ""LINE-FAC-020-6""]"
PART-02754,Housing 2754,SUP-0655,"[""LINE-FAC-032-2""]"
PART-02755,Bracket 2755,SUP-0233,"[""LINE-FAC-039-5"", ""LINE-FAC-006-2""]"
PART-02756,Wiring Harness 2756,SUP-0042,"[""LINE-FAC-002-7"", ""LINE-FAC-028-8""]"
PART-02757,Sensor Module 2757,SUP-0883,"[""LINE-FAC-023-5"", ""LINE-FAC-036-2""]"
PART-02758,Actuator 2758,SUP-0075,"[""LINE-FAC-039-8""]"
PART-02759,Bushing 2759,SUP-0588,"[""LINE-FAC-002-5"", ""LINE-FAC-009-2""]"
PART-02760,Bearing Assembly 2760,SUP-0245,"[""LINE-FAC-001-5"", ""LINE-FAC-037-8"", ""LINE-FAC-026-1""]"
PART-02761,Bracket 2761,SUP-0073,"[""LINE-FAC-001-6""]"
PART-02762,Wiring Harness 2762,SUP-0777,"[""LINE-FAC-035-7"", ""LINE-FAC-012-3"", ""LINE-FAC-007-1""]"
PART-02763,Coupling 2763,SUP-0149,"[""LINE-FAC-027-3"", ""LINE-FAC-036-6""]"
PART-02764,Bushing 2764,SUP-0640,"[""LINE-FAC-040-5""]"
PART-02765,Wiring Harness 2765,SUP-0343,"[""LINE-FAC-022-7""]"
PART-02766,Wiring Harness 2766,SUP-0519,"[""LINE-FAC-019-1"", ""LINE-FAC-034-3"", ""LINE-FAC-038-8""]"
PART-02767,Housing 2767,SUP-0731,"[""LINE-FAC-037-7"", ""LINE-FAC-024-8"", ""LINE-FAC-031-5""]"
PART-02768,Gasket 2768,SUP-0181,"[""LINE-FAC-003-6""]"
PART-02769,Gasket 2769,SUP-0860,"[""LINE-FAC-028-7"", ""LINE-FAC-018-1""]"
PART-02770,Coupling 2770,SUP-0534,"[""LINE-FAC-030-8""]"
PART-02771,Gasket 2771,SUP-0129,"[""LINE-FAC-017-6"", ""LINE-FAC-021-6""]"
PART-02772,Coupling 2772,SUP-0759,"[""LINE-FAC-016-1""]"
PART-02773,Bracket 2773,SUP-0228,"[""LINE-FAC-008-7""]"
PART-02774,Bushing 2774,SUP-0217,"[""LINE-FAC-008-6"", ""LINE-FAC-028-2""]"
PART-02775,Bushing 2775,SUP-0643,"[""LINE-FAC-015-4"", ""LINE-FAC-016-7"", ""LINE-FAC-037-1""]"
PART-02776,Bearing Assembly 2776,SUP-0793,"[""LINE-FAC-021-4"", ""LINE-FAC-001-4"", ""LINE-FAC-006-8""]"
PART-02777,Bracket 2777,SUP-0980,"[""LINE-FAC-011-1"", ""LINE-FAC-024-3"", ""LINE-FAC-038-2""]"
PART-02778,Actuator 2778,SUP-0538,"[""LINE-FAC-019-8""]"
PART-02779,Housing 2779,SUP-0673,"[""LINE-FAC-035-7""]"
PART-02780,Actuator 2780,SUP-0494,"[""LINE-FAC-039-1""]"
PART-02781,Gasket 2781,SUP-0216,"[""LINE-FAC-020-3"", ""LINE-FAC-014-7"", ""LINE-FAC-021-2""]"
PART-02782,Housing 2782,SUP-0785,"[""LINE-FAC-030-7"", ""LINE-FAC-017-2""]"
PART-02783,Bracket 2783,SUP-0780,"[""LINE-FAC-039-7"", ""LINE-FAC-034-6""]"
PART-02784,Valve Body 2784,SUP-0387,"[""LINE-FAC-010-4""]"
PART-02785,Coupling 2785,SUP-0361,"[""LINE-FAC-014-5"", ""LINE-FAC-036-5""]"
PART-02786,Valve Body 2786,SUP-0697,"[""LINE-FAC-021-3"", ""LINE-FAC-002-3"", ""LINE-FAC-017-6""]"
PART-02787,Valve Body 2787,SUP-0615,"[""LINE-FAC-013-4"", ""LINE-FAC-033-6""]"
PART-02788,Bushing 2788,SUP-0538,"[""LINE-FAC-003-8"", ""LINE-FAC-018-4"", ""LINE-FAC-012-1""]"
PART-02789,Wiring Harness 2789,SUP-0394,"[""LINE-FAC-033-3"", ""LINE-FAC-019-1"", ""LINE-FAC-008-7""]"
PART-02790,Wiring Harness 2790,SUP-0887,"[""LINE-FAC-004-5"", ""LINE-FAC-008-6""]"
PART-02791,Bracket 2791,SUP-0445,"[""LINE-FAC-039-7""]"
PART-02792,Wiring Harness 2792,SUP-0608,"[""LINE-FAC-024-4""]"
PART-02793,Housing 2793,SUP-0901,"[""LINE-FAC-025-7"", ""LINE-FAC-040-7""]"
PART-02794,Sensor Module 2794,SUP-0536,"[""LINE-FAC-039-5""]"
PART-02795,Valve Body 2795,SUP-0725,"[""LINE-FAC-039-8"", ""LINE-FAC-001-6"", ""LINE-FAC-030-4""]"
PART-02796,Housing 2796,SUP-0739,"[""LINE-FAC-015-1"", ""LINE-FAC-028-5"", ""LINE-FAC-020-4""]"
PART-02797,Bushing 2797,SUP-0051,"[""LINE-FAC-033-4"", ""LINE-FAC-024-3""]"
PART-02798,Sensor Module 2798,SUP-0594,"[""LINE-FAC-002-6""]"
PART-02799,Valve Body 2799,SUP-0247,"[""LINE-FAC-034-3"", ""LINE-FAC-029-4"", ""LINE-FAC-011-1""]"
PART-02800,Gasket 2800,SUP-0070,"[""LINE-FAC-014-1""]"
PART-02801,Bracket 2801,SUP-0815,"[""LINE-FAC-031-2""]"
PART-02802,Housing 2802,SUP-0155,"[""LINE-FAC-016-5"", ""LINE-FAC-039-4""]"
PART-02803,Bushing 2803,SUP-0835,"[""LINE-FAC-029-2""]"
PART-02804,Bearing Assembly 2804,SUP-0489,"[""LINE-FAC-017-7"", ""LINE-FAC-009-3"", ""LINE-FAC-007-4""]"
PART-02805,Coupling 2805,SUP-0393,"[""LINE-FAC-036-4""]"
PART-02806,Gasket 2806,SUP-0556,"[""LINE-FAC-007-1"", ""LINE-FAC-032-3"", ""LINE-FAC-021-7""]"
PART-02807,Bushing 2807,SUP-0232,"[""LINE-FAC-009-4""]"
PART-02808,Wiring Harness 2808,SUP-0059,"[""LINE-FAC-018-3""]"
PART-02809,Wiring Harness 2809,SUP-0103,"[""LINE-FAC-018-6""]"
PART-02810,Housing 2810,SUP-0283,"[""LINE-FAC-008-2"", ""LINE-FAC-024-3""]"
PART-02811,Coupling 2811,SUP-0485,"[""LINE-FAC-019-3""]"
PART-02812,Gasket 2812,SUP-0959,"[""LINE-FAC-013-5""]"
PART-02813,Actuator 2813,SUP-0070,"[""LINE-FAC-001-4""]"
PART-02814,Bushing 2814,SUP-0196,"[""LINE-FAC-017-6"", ""LINE-FAC-008-7"", ""LINE-FAC-005-4""]"
PART-02815,Actuator 2815,SUP-0659,"[""LINE-FAC-036-1"", ""LINE-FAC-038-7""]"
PART-02816,Gasket 2816,SUP-0098,"[""LINE-FAC-012-8"", ""LINE-FAC-005-5""]"
PART-02817,Coupling 2817,SUP-0200,"[""LINE-FAC-023-5"", ""LINE-FAC-019-6""]"
PART-02818,Bearing Assembly 2818,SUP-0730,"[""LINE-FAC-037-4"", ""LINE-FAC-021-1""]"
PART-02819,Bushing 2819,SUP-0952,"[""LINE-FAC-034-4"", ""LINE-FAC-036-3""]"
PART-02820,Wiring Harness 2820,SUP-0041,"[""LINE-FAC-039-7""]"
PART-02821,Wiring Harness 2821,SUP-0445,"[""LINE-FAC-032-2"", ""LINE-FAC-003-3""]"
PART-02822,Sensor Module 2822,SUP-0117,"[""LINE-FAC-033-8"", ""LINE-FAC-013-4""]"
PART-02823,Housing 2823,SUP-0623,"[""LINE-FAC-017-4""]"
PART-02824,Sensor Module 2824,SUP-0108,"[""LINE-FAC-007-3"", ""LINE-FAC-025-3""]"
PART-02825,Bearing Assembly 2825,SUP-0145,"[""LINE-FAC-025-3"", ""LINE-FAC-037-3""]"
PART-02826,Bearing Assembly 2826,SUP-0182,"[""LINE-FAC-001-3"", ""LINE-FAC-031-2"", ""LINE-FAC-014-2""]"
PART-02827,Bracket 2827,SUP-0422,"[""LINE-FAC-014-1"", ""LINE-FAC-015-1"", ""LINE-FAC-027-2""]"
PART-02828,Bearing Assembly 2828,SUP-0405,"[""LINE-FAC-023-2""]"
PART-02829,Sensor Module 2829,SUP-0571,"[""LINE-FAC-025-1"", ""LINE-FAC-017-4"", ""LINE-FAC-004-8""]"
PART-02830,Bushing 2830,SUP-0104,"[""LINE-FAC-028-1""]"
PART-02831,Bearing Assembly 2831,SUP-0154,"[""LINE-FAC-010-8""]"
PART-02832,Wiring Harness 2832,SUP-0019,"[""LINE-FAC-027-5"", ""LINE-FAC-001-4"", ""LINE-FAC-026-8""]"
PART-02833,Valve Body 2833,SUP-0483,"[""LINE-FAC-033-2""]"
PART-02834,Gasket 2834,SUP-0956,"[""LINE-FAC-010-5"", ""LINE-FAC-039-8""]"
PART-02835,Wiring Harness 2835,SUP-0877,"[""LINE-FAC-032-8"", ""LINE-FAC-013-3"", ""LINE-FAC-040-8""]"
PART-02836,Gasket 2836,SUP-0734,"[""LINE-FAC-008-5""]"
PART-02837,Wiring Harness 2837,SUP-0912,"[""LINE-FAC-025-2""]"
PART-02838,Bracket 2838,SUP-0192,"[""LINE-FAC-038-7"", ""LINE-FAC-011-2"", ""LINE-FAC-009-5""]"
PART-02839,Bushing 2839,SUP-0419,"[""LINE-FAC-006-6"", ""LINE-FAC-006-5""]"
PART-02840,Housing 2840,SUP-0372,"[""LINE-FAC-022-2"", ""LINE-FAC-036-3""]"
PART-02841,Sensor Module 2841,SUP-0252,"[""LINE-FAC-004-4"", ""LINE-FAC-008-5"", ""LINE-FAC-019-2""]"
PART-02842,Housing 2842,SUP-0533,"[""LINE-FAC-033-2"", ""LINE-FAC-031-6""]"
PART-02843,Wiring Harness 2843,SUP-0451,"[""LINE-FAC-029-8"", ""LINE-FAC-017-4"", ""LINE-FAC-038-8""]"
PART-02844,Actuator 2844,SUP-0174,"[""LINE-FAC-017-4"", ""LINE-FAC-005-4""]"
PART-02845,Housing 2845,SUP-0767,"[""LINE-FAC-012-2"", ""LINE-FAC-019-1"", ""LINE-FAC-004-6""]"
PART-02846,Coupling 2846,SUP-0340,"[""LINE-FAC-005-3""]"
PART-02847,Housing 2847,SUP-0515,"[""LINE-FAC-040-5""]"
PART-02848,Bracket 2848,SUP-0090,"[""LINE-FAC-027-4""]"
PART-02849,Sensor Module 2849,SUP-0790,"[""LINE-FAC-020-5""]"
PART-02850,Coupling 2850,SUP-0495,"[""LINE-FAC-005-4""]"
PART-02851,Sensor Module 2851,SUP-0181,"[""LINE-FAC-001-2"", ""LINE-FAC-036-8"", ""LINE-FAC-014-1""]"
PART-02852,Actuator 2852,SUP-0373,"[""LINE-FAC-021-4"", ""LINE-FAC-039-1""]"
PART-02853,Housing 2853,SUP-0757,"[""LINE-FAC-003-7"", ""LINE-FAC-030-3""]"
PART-02854,Bearing Assembly 2854,SUP-0410,"[""LINE-FAC-037-6""]"
PART-02855,Gasket 2855,SUP-0403,"[""LINE-FAC-010-2""]"
PART-02856,Wiring Harness 2856,SUP-0213,"[""LINE-FAC-028-4"", ""LINE-FAC-005-5"", ""LINE-FAC-038-1""]"
PART-02857,Actuator 2857,SUP-0782,"[""LINE-FAC-001-6"", ""LINE-FAC-027-6"", ""LINE-FAC-014-6""]"
PART-02858,Sensor Module 2858,SUP-0138,"[""LINE-FAC-004-4"", ""LINE-FAC-019-7""]"
PART-02859,Wiring Harness 2859,SUP-0583,"[""LINE-FAC-002-5""]"
PART-02860,Wiring Harness 2860,SUP-0374,"[""LINE-FAC-016-4"", ""LINE-FAC-021-5"", ""LINE-FAC-034-5""]"
PART-02861,Bracket 2861,SUP-0130,"[""LINE-FAC-035-1"", ""LINE-FAC-016-1""]"
PART-02862,Valve Body 2862,SUP-0848,"[""LINE-FAC-023-8"", ""LINE-FAC-016-1""]"
PART-02863,Bracket 2863,SUP-0843,"[""LINE-FAC-011-7""]"
PART-02864,Housing 2864,SUP-0125,"[""LINE-FAC-029-1"", ""LINE-FAC-036-3""]"
PART-02865,Bearing Assembly 2865,SUP-0009,"[""LINE-FAC-034-8"", ""LINE-FAC-034-2"", ""LINE-FAC-017-3""]"
PART-02866,Housing 2866,SUP-0308,"[""LINE-FAC-037-5"", ""LINE-FAC-015-1""]"
PART-02867,Housing 2867,SUP-0466,"[""LINE-FAC-003-2""]"
PART-02868,Actuator 2868,SUP-0756,"[""LINE-FAC-039-3"", ""LINE-FAC-033-5"", ""LINE-FAC-032-8""]"
PART-02869,Sensor Module 2869,SUP-0568,"[""LINE-FAC-025-4"", ""LINE-FAC-020-3"", ""LINE-FAC-035-2""]"
PART-02870,Bearing Assembly 2870,SUP-0313,"[""LINE-FAC-006-5"", ""LINE-FAC-015-8"", ""LINE-FAC-019-1""]"
PART-02871,Housing 2871,SUP-0468,"[""LINE-FAC-014-3"", ""LINE-FAC-012-8"", ""LINE-FAC-013-8""]"
PART-02872,Bracket 2872,SUP-0293,"[""LINE-FAC-006-5""]"
PART-02873,Bearing Assembly 2873,SUP-0725,"[""LINE-FAC-023-3"", ""LINE-FAC-040-3"", ""LINE-FAC-030-6""]"
PART-02874,Wiring Harness 2874,SUP-0533,"[""LINE-FAC-029-2""]"
PART-02875,Housing 2875,SUP-0244,"[""LINE-FAC-016-2"", ""LINE-FAC-023-5"", ""LINE-FAC-019-7""]"
PART-02876,Bushing 2876,SUP-0176,"[""LINE-FAC-032-1"", ""LINE-FAC-032-6""]"
PART-02877,Housing 2877,SUP-0906,"[""LINE-FAC-021-7""]"
PART-02878,Valve Body 2878,SUP-0365,"[""LINE-FAC-032-6"", ""LINE-FAC-036-5""]"
PART-02879,Bracket 2879,SUP-0314,"[""LINE-FAC-008-1"", ""LINE-FAC-001-2""]"
PART-02880,Housing 2880,SUP-0776,"[""LINE-FAC-014-2""]"
PART-02881,Bearing Assembly 2881,SUP-0579,"[""LINE-FAC-012-7"", ""LINE-FAC-022-3""]"
PART-02882,Coupling 2882,SUP-0846,"[""LINE-FAC-032-4"", ""LINE-FAC-027-7"", ""LINE-FAC-023-4""]"
PART-02883,Coupling 2883,SUP-0294,"[""LINE-FAC-014-1"", ""LINE-FAC-011-2"", ""LINE-FAC-019-8""]"
PART-02884,Bracket 2884,SUP-0110,"[""LINE-FAC-009-2"", ""LINE-FAC-011-6""]"
PART-02885,Bearing Assembly 2885,SUP-0842,"[""LINE-FAC-018-2"", ""LINE-FAC-020-5"", ""LINE-FAC-039-6""]"
PART-02886,Bushing 2886,SUP-0037,"[""LINE-FAC-013-1""]"
PART-02887,Coupling 2887,SUP-0776,"[""LINE-FAC-018-4"", ""LINE-FAC-038-7"", ""LINE-FAC-019-6""]"
PART-02888,Sensor Module 2888,SUP-0653,"[""LINE-FAC-005-5""]"
PART-02889,Sensor Module 2889,SUP-0885,"[""LINE-FAC-040-8"", ""LINE-FAC-036-7""]"
PART-02890,Housing 2890,SUP-0368,"[""LINE-FAC-023-7"", ""LINE-FAC-009-4""]"
PART-02891,Gasket 2891,SUP-0047,"[""LINE-FAC-030-7""]"
PART-02892,Actuator 2892,SUP-0148,"[""LINE-FAC-005-2"", ""LINE-FAC-006-4"", ""LINE-FAC-001-2""]"
PART-02893,Gasket 2893,SUP-0258,"[""LINE-FAC-007-6"", ""LINE-FAC-032-3"", ""LINE-FAC-035-1""]"
PART-02894,Actuator 2894,SUP-0774,"[""LINE-FAC-036-6"", ""LINE-FAC-003-8"", ""LINE-FAC-009-2""]"
PART-02895,Coupling 2895,SUP-0802,"[""LINE-FAC-006-3"", ""LINE-FAC-002-5""]"
PART-02896,Gasket 2896,SUP-0680,"[""LINE-FAC-008-3"", ""LINE-FAC-014-7"", ""LINE-FAC-015-7""]"
PART-02897,Bearing Assembly 2897,SUP-0200,"[""LINE-FAC-021-8"", ""LINE-FAC-034-8""]"
PART-02898,Bearing Assembly 2898,SUP-0917,"[""LINE-FAC-017-7""]"
PART-02899,Valve Body 2899,SUP-0345,"[""LINE-FAC-012-1""]"
PART-02900,Gasket 2900,SUP-0851,"[""LINE-FAC-029-4""]"
PART-02901,Bearing Assembly 2901,SUP-0654,"[""LINE-FAC-012-4"", ""LINE-FAC-034-4""]"
PART-02902,Housing 2902,SUP-0881,"[""LINE-FAC-036-6""]"
PART-02903,Bearing Assembly 2903,SUP-0126,"[""LINE-FAC-008-6"", ""LINE-FAC-036-4"", ""LINE-FAC-022-5""]"
PART-02904,Actuator 2904,SUP-0544,"[""LINE-FAC-012-6"", ""LINE-FAC-023-2"", ""LINE-FAC-030-8""]"
PART-02905,Bearing Assembly 2905,SUP-0279,"[""LINE-FAC-025-8"", ""LINE-FAC-009-6"", ""LINE-FAC-040-1""]"
PART-02906,Bushing 2906,SUP-0677,"[""LINE-FAC-004-2"", ""LINE-FAC-005-5"", ""LINE-FAC-002-2""]"
PART-02907,Bushing 2907,SUP-0847,"[""LINE-FAC-007-3"", ""LINE-FAC-028-3"", ""LINE-FAC-018-3""]"
PART-02908,Actuator 2908,SUP-0521,"[""LINE-FAC-007-2""]"
PART-02909,Wiring Harness 2909,SUP-0836,"[""LINE-FAC-032-7""]"
PART-02910,Bearing Assembly 2910,SUP-0676,"[""LINE-FAC-020-3""]"
PART-02911,Gasket 2911,SUP-0028,"[""LINE-FAC-004-2""]"
PART-02912,Bushing 2912,SUP-0775,"[""LINE-FAC-002-6"", ""LINE-FAC-007-7"", ""LINE-FAC-025-1""]"
PART-02913,Bushing 2913,SUP-0841,"[""LINE-FAC-007-5"", ""LINE-FAC-018-7""]"
PART-02914,Gasket 2914,SUP-0914,"[""LINE-FAC-005-8"", ""LINE-FAC-025-7"", ""LINE-FAC-031-2""]"
PART-02915,Housing 2915,SUP-0930,"[""LINE-FAC-006-4"", ""LINE-FAC-026-1""]"
PART-02916,Sensor Module 2916,SUP-0382,"[""LINE-FAC-009-8""]"
PART-02917,Housing 2917,SUP-0166,"[""LINE-FAC-030-6"", ""LINE-FAC-026-7"", ""LINE-FAC-034-3""]"
PART-02918,Gasket 2918,SUP-0120,"[""LINE-FAC-021-6"", ""LINE-FAC-013-4"", ""LINE-FAC-040-8""]"
PART-02919,Bracket 2919,SUP-0369,"[""LINE-FAC-033-2"", ""LINE-FAC-017-3""]"
PART-02920,Valve Body 2920,SUP-0359,"[""LINE-FAC-007-4"", ""LINE-FAC-025-6""]"
PART-02921,Bearing Assembly 2921,SUP-0992,"[""LINE-FAC-005-7""]"
PART-02922,Gasket 2922,SUP-0860,"[""LINE-FAC-033-3"", ""LINE-FAC-022-5""]"
PART-02923,Bearing Assembly 2923,SUP-0064,"[""LINE-FAC-001-6"", ""LINE-FAC-031-8"", ""LINE-FAC-031-4""]"
PART-02924,Valve Body 2924,SUP-0518,"[""LINE-FAC-027-2"", ""LINE-FAC-033-8""]"
PART-02925,Valve Body 2925,SUP-0334,"[""LINE-FAC-031-6"", ""LINE-FAC-033-3""]"
PART-02926,Wiring Harness 2926,SUP-0920,"[""LINE-FAC-030-4"", ""LINE-FAC-016-3""]"
PART-02927,Bearing Assembly 2927,SUP-0552,"[""LINE-FAC-014-3"", ""LINE-FAC-021-1""]"
PART-02928,Bearing Assembly 2928,SUP-0838,"[""LINE-FAC-024-2"", ""LINE-FAC-007-4""]"
PART-02929,Gasket 2929,SUP-0634,"[""LINE-FAC-033-6"", ""LINE-FAC-025-8""]"
PART-02930,Actuator 2930,SUP-0631,"[""LINE-FAC-032-2"", ""LINE-FAC-019-1""]"
PART-02931,Housing 2931,SUP-0566,"[""LINE-FAC-038-7""]"
PART-02932,Actuator 2932,SUP-0573,"[""LINE-FAC-032-1""]"
PART-02933,Bracket 2933,SUP-0249,"[""LINE-FAC-008-7"", ""LINE-FAC-017-1""]"
PART-02934,Wiring Harness 2934,SUP-0965,"[""LINE-FAC-006-1""]"
PART-02935,Wiring Harness 2935,SUP-0064,"[""LINE-FAC-007-8"", ""LINE-FAC-027-8"", ""LINE-FAC-014-8""]"
PART-02936,Housing 2936,SUP-0290,"[""LINE-FAC-026-6"", ""LINE-FAC-029-6""]"
PART-02937,Bushing 2937,SUP-0334,"[""LINE-FAC-002-8""]"
PART-02938,Sensor Module 2938,SUP-0045,"[""LINE-FAC-002-6"", ""LINE-FAC-025-1"", ""LINE-FAC-021-7""]"
PART-02939,Wiring Harness 2939,SUP-0982,"[""LINE-FAC-015-5"", ""LINE-FAC-009-1"", ""LINE-FAC-014-4""]"
PART-02940,Bearing Assembly 2940,SUP-0737,"[""LINE-FAC-031-4""]"
PART-02941,Bushing 2941,SUP-0889,"[""LINE-FAC-008-5"", ""LINE-FAC-001-5""]"
PART-02942,Bearing Assembly 2942,SUP-0735,"[""LINE-FAC-011-2""]"
PART-02943,Gasket 2943,SUP-0990,"[""LINE-FAC-001-1""]"
PART-02944,Coupling 2944,SUP-0068,"[""LINE-FAC-007-6""]"
PART-02945,Housing 2945,SUP-0376,"[""LINE-FAC-005-3"", ""LINE-FAC-009-3"", ""LINE-FAC-035-5""]"
PART-02946,Bushing 2946,SUP-0127,"[""LINE-FAC-022-6""]"
PART-02947,Housing 2947,SUP-0880,"[""LINE-FAC-002-1"", ""LINE-FAC-002-7""]"
PART-02948,Coupling 2948,SUP-0021,"[""LINE-FAC-040-6""]"
PART-02949,Gasket 2949,SUP-0137,"[""LINE-FAC-017-7"", ""LINE-FAC-008-3"", ""LINE-FAC-005-4""]"
PART-02950,Actuator 2950,SUP-0213,"[""LINE-FAC-038-7"", ""LINE-FAC-035-4"", ""LINE-FAC-020-8""]"
PART-02951,Bushing 2951,SUP-0506,"[""LINE-FAC-004-4"", ""LINE-FAC-002-6""]"
PART-02952,Actuator 2952,SUP-0583,"[""LINE-FAC-027-5"", ""LINE-FAC-036-1"", ""LINE-FAC-020-4""]"
PART-02953,Bushing 2953,SUP-0858,"[""LINE-FAC-038-5""]"
PART-02954,Coupling 2954,SUP-0345,"[""LINE-FAC-014-5"", ""LINE-FAC-015-1"", ""LINE-FAC-014-1""]"
PART-02955,Bearing Assembly 2955,SUP-0558,"[""LINE-FAC-004-1""]"
PART-02956,Bracket 2956,SUP-0879,"[""LINE-FAC-015-6""]"
PART-02957,Gasket 2957,SUP-0073,"[""LINE-FAC-006-8"", ""LINE-FAC-039-7"", ""LINE-FAC-004-7""]"
PART-02958,Coupling 2958,SUP-0850,"[""LINE-FAC-012-2"", ""LINE-FAC-025-1"", ""LINE-FAC-017-2""]"
PART-02959,Coupling 2959,SUP-0760,"[""LINE-FAC-035-8"", ""LINE-FAC-013-7"", ""LINE-FAC-016-2""]"
PART-02960,Housing 2960,SUP-0886,"[""LINE-FAC-005-1"", ""LINE-FAC-039-8""]"
PART-02961,Coupling 2961,SUP-0007,"[""LINE-FAC-029-5"", ""LINE-FAC-030-5""]"
PART-02962,Valve Body 2962,SUP-0818,"[""LINE-FAC-031-3""]"
PART-02963,Coupling 2963,SUP-0199,"[""LINE-FAC-008-5"", ""LINE-FAC-007-6"", ""LINE-FAC-003-5""]"
PART-02964,Coupling 2964,SUP-0409,"[""LINE-FAC-024-6"", ""LINE-FAC-004-8"", ""LINE-FAC-033-5""]"
PART-02965,Valve Body 2965,SUP-0856,"[""LINE-FAC-027-7"", ""LINE-FAC-027-3""]"
PART-02966,Valve Body 2966,SUP-0075,"[""LINE-FAC-038-3"", ""LINE-FAC-011-8""]"
PART-02967,Bushing 2967,SUP-0526,"[""LINE-FAC-002-8""]"
PART-02968,Bearing Assembly 2968,SUP-0580,"[""LINE-FAC-016-8"", ""LINE-FAC-014-7""]"
PART-02969,Gasket 2969,SUP-0450,"[""LINE-FAC-039-5""]"
PART-02970,Bearing Assembly 2970,SUP-0422,"[""LINE-FAC-039-1"", ""LINE-FAC-019-4"", ""LINE-FAC-013-4""]"
PART-02971,Wiring Harness 2971,SUP-0037,"[""LINE-FAC-035-2"", ""LINE-FAC-027-7""]"
PART-02972,Bracket 2972,SUP-0113,"[""LINE-FAC-023-2"", ""LINE-FAC-009-1""]"
PART-02973,Wiring Harness 2973,SUP-0879,"[""LINE-FAC-029-3""]"
PART-02974,Actuator 2974,SUP-0593,"[""LINE-FAC-022-8"", ""LINE-FAC-015-4""]"
PART-02975,Wiring Harness 2975,SUP-0054,"[""LINE-FAC-039-7""]"
PART-02976,Bushing 2976,SUP-0027,"[""LINE-FAC-010-3""]"
PART-02977,Sensor Module 2977,SUP-0661,"[""LINE-FAC-028-2""]"
PART-02978,Wiring Harness 2978,SUP-0042,"[""LINE-FAC-005-5""]"
PART-02979,Bushing 2979,SUP-0216,"[""LINE-FAC-011-4"", ""LINE-FAC-001-5"", ""LINE-FAC-022-3""]"
PART-02980,Sensor Module 2980,SUP-0037,"[""LINE-FAC-017-4"", ""LINE-FAC-038-4""]"
PART-02981,Bearing Assembly 2981,SUP-0550,"[""LINE-FAC-028-8"", ""LINE-FAC-032-8"", ""LINE-FAC-035-5""]"
PART-02982,Sensor Module 2982,SUP-0289,"[""LINE-FAC-009-6"", ""LINE-FAC-005-1"", ""LINE-FAC-038-7""]"
PART-02983,Housing 2983,SUP-0817,"[""LINE-FAC-032-6"", ""LINE-FAC-024-2"", ""LINE-FAC-015-5""]"
PART-02984,Gasket 2984,SUP-0236,"[""LINE-FAC-028-6""]"
PART-02985,Valve Body 2985,SUP-0614,"[""LINE-FAC-009-1""]"
PART-02986,Bracket 2986,SUP-0702,"[""LINE-FAC-039-4"", ""LINE-FAC-001-4""]"
PART-02987,Bearing Assembly 2987,SUP-0920,"[""LINE-FAC-020-4""]"
PART-02988,Coupling 2988,SUP-0186,"[""LINE-FAC-006-2""]"
PART-02989,Coupling 2989,SUP-0328,"[""LINE-FAC-024-5"", ""LINE-FAC-029-7""]"
PART-02990,Valve Body 2990,SUP-0202,"[""LINE-FAC-029-8""]"
PART-02991,Sensor Module 2991,SUP-0706,"[""LINE-FAC-035-2"", ""LINE-FAC-026-5"", ""LINE-FAC-031-8""]"
PART-02992,Coupling 2992,SUP-0103,"[""LINE-FAC-020-4""]"
PART-02993,Bushing 2993,SUP-0763,"[""LINE-FAC-022-6""]"
PART-02994,Bushing 2994,SUP-0664,"[""LINE-FAC-017-2"", ""LINE-FAC-015-6"", ""LINE-FAC-008-2""]"
PART-02995,Valve Body 2995,SUP-0372,"[""LINE-FAC-027-1"", ""LINE-FAC-015-8"", ""LINE-FAC-026-3""]"
PART-02996,Actuator 2996,SUP-0793,"[""LINE-FAC-013-7"", ""LINE-FAC-002-3"", ""LINE-FAC-026-4""]"
PART-02997,Housing 2997,SUP-0199,"[""LINE-FAC-038-1""]"
PART-02998,Sensor Module 2998,SUP-0570,"[""LINE-FAC-039-3"", ""LINE-FAC-011-6"", ""LINE-FAC-006-1""]"
PART-02999,Sensor Module 2999,SUP-0873,"[""LINE-FAC-029-1""]"
PART-03000,Wiring Harness 3000,SUP-0015,"[""LINE-FAC-025-7"", ""LINE-FAC-013-6""]"
PART-03001,Gasket 3001,SUP-0516,"[""LINE-FAC-008-6"", ""LINE-FAC-037-6""]"
PART-03002,Coupling 3002,SUP-0575,"[""LINE-FAC-034-8"", ""LINE-FAC-037-4"", ""LINE-FAC-037-8""]"
PART-03003,Sensor Module 3003,SUP-0855,"[""LINE-FAC-035-8"", ""LINE-FAC-013-8"", ""LINE-FAC-033-4""]"
PART-03004,Gasket 3004,SUP-0277,"[""LINE-FAC-007-1"", ""LINE-FAC-020-2""]"
PART-03005,Coupling 3005,SUP-0622,"[""LINE-FAC-004-7""]"
PART-03006,Valve Body 3006,SUP-0518,"[""LINE-FAC-020-8"", ""LINE-FAC-013-6"", ""LINE-FAC-031-7""]"
PART-03007,Gasket 3007,SUP-0258,"[""LINE-FAC-016-6""]"
PART-03008,Housing 3008,SUP-0828,"[""LINE-FAC-031-8"", ""LINE-FAC-032-5""]"
PART-03009,Actuator 3009,SUP-0585,"[""LINE-FAC-010-3"", ""LINE-FAC-023-7""]"
PART-03010,Sensor Module 3010,SUP-0166,"[""LINE-FAC-030-6""]"
PART-03011,Actuator 3011,SUP-0348,"[""LINE-FAC-036-1"", ""LINE-FAC-034-2""]"
PART-03012,Coupling 3012,SUP-0441,"[""LINE-FAC-012-8"", ""LINE-FAC-029-1""]"
PART-03013,Housing 3013,SUP-0440,"[""LINE-FAC-006-4""]"
PART-03014,Housing 3014,SUP-0834,"[""LINE-FAC-036-8"", ""LINE-FAC-003-6""]"
PART-03015,Bracket 3015,SUP-0056,"[""LINE-FAC-006-6""]"
PART-03016,Coupling 3016,SUP-0078,"[""LINE-FAC-027-5"", ""LINE-FAC-002-5"", ""LINE-FAC-021-2""]"
PART-03017,Coupling 3017,SUP-0781,"[""LINE-FAC-023-5"", ""LINE-FAC-037-4""]"
PART-03018,Sensor Module 3018,SUP-0818,"[""LINE-FAC-021-1""]"
PART-03019,Housing 3019,SUP-0970,"[""LINE-FAC-018-1""]"
PART-03020,Bracket 3020,SUP-0741,"[""LINE-FAC-002-3"", ""LINE-FAC-034-3""]"
PART-03021,Gasket 3021,SUP-0657,"[""LINE-FAC-034-6"", ""LINE-FAC-040-6"", ""LINE-FAC-021-4""]"
PART-03022,Sensor Module 3022,SUP-0646,"[""LINE-FAC-040-5""]"
PART-03023,Valve Body 3023,SUP-0950,"[""LINE-FAC-014-6""]"
PART-03024,Valve Body 3024,SUP-0292,"[""LINE-FAC-018-7"", ""LINE-FAC-013-2"", ""LINE-FAC-037-8""]"
PART-03025,Sensor Module 3025,SUP-0956,"[""LINE-FAC-015-1"", ""LINE-FAC-010-2""]"
PART-03026,Gasket 3026,SUP-0128,"[""LINE-FAC-010-1"", ""LINE-FAC-011-5""]"
PART-03027,Wiring Harness 3027,SUP-0086,"[""LINE-FAC-004-2""]"
PART-03028,Housing 3028,SUP-0378,"[""LINE-FAC-024-8""]"
PART-03029,Bushing 3029,SUP-0522,"[""LINE-FAC-003-7""]"
PART-03030,Coupling 3030,SUP-0122,"[""LINE-FAC-033-2""]"
PART-03031,Sensor Module 3031,SUP-0596,"[""LINE-FAC-018-3"", ""LINE-FAC-010-8""]"
PART-03032,Coupling 3032,SUP-0323,"[""LINE-FAC-014-4"", ""LINE-FAC-002-6""]"
PART-03033,Housing 3033,SUP-0426,"[""LINE-FAC-027-4"", ""LINE-FAC-005-2"", ""LINE-FAC-011-1""]"
PART-03034,Wiring Harness 3034,SUP-0194,"[""LINE-FAC-030-2"", ""LINE-FAC-025-8""]"
PART-03035,Wiring Harness 3035,SUP-0232,"[""LINE-FAC-016-8"", ""LINE-FAC-039-1""]"
PART-03036,Bearing Assembly 3036,SUP-0429,"[""LINE-FAC-017-1"", ""LINE-FAC-007-3"", ""LINE-FAC-020-4""]"
PART-03037,Wiring Harness 3037,SUP-0426,"[""LINE-FAC-004-2""]"
PART-03038,Bearing Assembly 3038,SUP-0336,"[""LINE-FAC-015-5"", ""LINE-FAC-009-7"", ""LINE-FAC-015-2""]"
PART-03039,Bearing Assembly 3039,SUP-1000,"[""LINE-FAC-031-6"", ""LINE-FAC-010-7"", ""LINE-FAC-034-1""]"
PART-03040,Wiring Harness 3040,SUP-0111,"[""LINE-FAC-005-7""]"
PART-03041,Gasket 3041,SUP-0904,"[""LINE-FAC-030-1""]"
PART-03042,Actuator 3042,SUP-0652,"[""LINE-FAC-016-7"", ""LINE-FAC-017-5"", ""LINE-FAC-003-5""]"
PART-03043,Coupling 3043,SUP-0420,"[""LINE-FAC-007-2""]"
PART-03044,Wiring Harness 3044,SUP-0863,"[""LINE-FAC-017-5"", ""LINE-FAC-010-6"", ""LINE-FAC-006-5""]"
PART-03045,Housing 3045,SUP-0909,"[""LINE-FAC-023-3""]"
PART-03046,Bushing 3046,SUP-0816,"[""LINE-FAC-011-7"", ""LINE-FAC-009-8""]"
PART-03047,Actuator 3047,SUP-0042,"[""LINE-FAC-001-1"", ""LINE-FAC-005-5"", ""LINE-FAC-032-6""]"
PART-03048,Actuator 3048,SUP-0711,"[""LINE-FAC-014-4""]"
PART-03049,Valve Body 3049,SUP-0049,"[""LINE-FAC-015-8""]"
PART-03050,Valve Body 3050,SUP-0762,"[""LINE-FAC-007-2""]"
PART-03051,Sensor Module 3051,SUP-0722,"[""LINE-FAC-035-7"", ""LINE-FAC-031-4"", ""LINE-FAC-029-7""]"
PART-03052,Coupling 3052,SUP-0743,"[""LINE-FAC-001-1"", ""LINE-FAC-022-8"", ""LINE-FAC-001-5""]"
PART-03053,Actuator 3053,SUP-0731,"[""LINE-FAC-029-4"", ""LINE-FAC-032-4"", ""LINE-FAC-034-7""]"
PART-03054,Bearing Assembly 3054,SUP-0416,"[""LINE-FAC-038-5"", ""LINE-FAC-011-2""]"
PART-03055,Sensor Module 3055,SUP-0027,"[""LINE-FAC-032-6"", ""LINE-FAC-040-8""]"
PART-03056,Wiring Harness 3056,SUP-0488,"[""LINE-FAC-016-6""]"
PART-03057,Bearing Assembly 3057,SUP-0515,"[""LINE-FAC-035-3""]"
PART-03058,Gasket 3058,SUP-0564,"[""LINE-FAC-015-3"", ""LINE-FAC-025-8""]"
PART-03059,Sensor Module 3059,SUP-0119,"[""LINE-FAC-017-5""]"
PART-03060,Wiring Harness 3060,SUP-0860,"[""LINE-FAC-003-6"", ""LINE-FAC-015-4"", ""LINE-FAC-019-7""]"
PART-03061,Sensor Module 3061,SUP-0362,"[""LINE-FAC-028-2"", ""LINE-FAC-025-1"", ""LINE-FAC-040-2""]"
PART-03062,Coupling 3062,SUP-0756,"[""LINE-FAC-035-8""]"
PART-03063,Actuator 3063,SUP-0873,"[""LINE-FAC-003-6"", ""LINE-FAC-018-3"", ""LINE-FAC-031-3""]"
PART-03064,Bushing 3064,SUP-0058,"[""LINE-FAC-009-6"", ""LINE-FAC-012-6"", ""LINE-FAC-020-6""]"
PART-03065,Bracket 3065,SUP-0403,"[""LINE-FAC-015-2"", ""LINE-FAC-029-3""]"
PART-03066,Sensor Module 3066,SUP-0099,"[""LINE-FAC-039-6""]"
PART-03067,Valve Body 3067,SUP-0557,"[""LINE-FAC-005-1""]"
PART-03068,Bracket 3068,SUP-0499,"[""LINE-FAC-032-8""]"
PART-03069,Housing 3069,SUP-0688,"[""LINE-FAC-020-1""]"
PART-03070,Sensor Module 3070,SUP-0090,"[""LINE-FAC-018-8"", ""LINE-FAC-019-5""]"
PART-03071,Bracket 3071,SUP-0674,"[""LINE-FAC-009-6"", ""LINE-FAC-028-3"", ""LINE-FAC-031-8""]"
PART-03072,Gasket 3072,SUP-0209,"[""LINE-FAC-040-8"", ""LINE-FAC-035-8""]"
PART-03073,Bushing 3073,SUP-0499,"[""LINE-FAC-009-2"", ""LINE-FAC-005-7""]"
PART-03074,Coupling 3074,SUP-0280,"[""LINE-FAC-019-7""]"
PART-03075,Bearing Assembly 3075,SUP-0963,"[""LINE-FAC-007-2"", ""LINE-FAC-017-2"", ""LINE-FAC-005-2""]"
PART-03076,Sensor Module 3076,SUP-0952,"[""LINE-FAC-010-1"", ""LINE-FAC-021-4"", ""LINE-FAC-034-6""]"
PART-03077,Valve Body 3077,SUP-0266,"[""LINE-FAC-017-3"", ""LINE-FAC-034-1""]"
PART-03078,Gasket 3078,SUP-0656,"[""LINE-FAC-028-7"", ""LINE-FAC-002-1"", ""LINE-FAC-015-3""]"
PART-03079,Wiring Harness 3079,SUP-0054,"[""LINE-FAC-008-4""]"
PART-03080,Housing 3080,SUP-0154,"[""LINE-FAC-036-2""]"
PART-03081,Wiring Harness 3081,SUP-0731,"[""LINE-FAC-024-3"", ""LINE-FAC-021-8"", ""LINE-FAC-035-6""]"
PART-03082,Valve Body 3082,SUP-0775,"[""LINE-FAC-005-5"", ""LINE-FAC-015-5"", ""LINE-FAC-015-4""]"
PART-03083,Wiring Harness 3083,SUP-0630,"[""LINE-FAC-011-6"", ""LINE-FAC-007-6""]"
PART-03084,Coupling 3084,SUP-0240,"[""LINE-FAC-021-6"", ""LINE-FAC-031-3"", ""LINE-FAC-009-5""]"
PART-03085,Housing 3085,SUP-0951,"[""LINE-FAC-011-1"", ""LINE-FAC-030-6""]"
PART-03086,Valve Body 3086,SUP-0773,"[""LINE-FAC-009-7"", ""LINE-FAC-034-5""]"
PART-03087,Valve Body 3087,SUP-0510,"[""LINE-FAC-010-2""]"
PART-03088,Sensor Module 3088,SUP-0857,"[""LINE-FAC-008-8""]"
PART-03089,Wiring Harness 3089,SUP-0554,"[""LINE-FAC-004-5"", ""LINE-FAC-024-7""]"
PART-03090,Gasket 3090,SUP-0735,"[""LINE-FAC-017-6""]"
PART-03091,Valve Body 3091,SUP-0724,"[""LINE-FAC-002-5"", ""LINE-FAC-038-7"", ""LINE-FAC-038-8""]"
PART-03092,Wiring Harness 3092,SUP-0487,"[""LINE-FAC-034-8"", ""LINE-FAC-026-4"", ""LINE-FAC-038-3""]"
PART-03093,Valve Body 3093,SUP-0648,"[""LINE-FAC-024-4""]"
PART-03094,Valve Body 3094,SUP-0312,"[""LINE-FAC-031-8""]"
PART-03095,Coupling 3095,SUP-0039,"[""LINE-FAC-001-1"", ""LINE-FAC-024-4"", ""LINE-FAC-007-1""]"
PART-03096,Wiring Harness 3096,SUP-0839,"[""LINE-FAC-033-4""]"
PART-03097,Coupling 3097,SUP-0708,"[""LINE-FAC-017-8""]"
PART-03098,Gasket 3098,SUP-0661,"[""LINE-FAC-004-3""]"
PART-03099,Bushing 3099,SUP-0480,"[""LINE-FAC-009-4"", ""LINE-FAC-022-5"", ""LINE-FAC-030-2""]"
PART-03100,Actuator 3100,SUP-0394,"[""LINE-FAC-003-7""]"
PART-03101,Wiring Harness 3101,SUP-0880,"[""LINE-FAC-027-4"", ""LINE-FAC-034-7""]"
PART-03102,Sensor Module 3102,SUP-0948,"[""LINE-FAC-002-6"", ""LINE-FAC-022-8""]"
PART-03103,Actuator 3103,SUP-0102,"[""LINE-FAC-017-1"", ""LINE-FAC-023-3""]"
PART-03104,Bracket 3104,SUP-0103,"[""LINE-FAC-034-2""]"
PART-03105,Bracket 3105,SUP-0876,"[""LINE-FAC-023-5"", ""LINE-FAC-027-1"", ""LINE-FAC-039-3""]"
PART-03106,Bearing Assembly 3106,SUP-0423,"[""LINE-FAC-008-8""]"
PART-03107,Coupling 3107,SUP-0559,"[""LINE-FAC-029-3"", ""LINE-FAC-003-6"", ""LINE-FAC-008-1""]"
PART-03108,Bearing Assembly 3108,SUP-0728,"[""LINE-FAC-005-7"", ""LINE-FAC-021-2"", ""LINE-FAC-024-6""]"
PART-03109,Gasket 3109,SUP-0264,"[""LINE-FAC-033-7"", ""LINE-FAC-012-4""]"
PART-03110,Bearing Assembly 3110,SUP-0913,"[""LINE-FAC-034-7""]"
PART-03111,Bracket 3111,SUP-0270,"[""LINE-FAC-011-1""]"
PART-03112,Gasket 3112,SUP-0498,"[""LINE-FAC-002-3""]"
PART-03113,Gasket 3113,SUP-0598,"[""LINE-FAC-023-5""]"
PART-03114,Bushing 3114,SUP-0390,"[""LINE-FAC-022-7"", ""LINE-FAC-002-4"", ""LINE-FAC-038-3""]"
PART-03115,Coupling 3115,SUP-0386,"[""LINE-FAC-008-4""]"
PART-03116,Bushing 3116,SUP-0106,"[""LINE-FAC-015-4"", ""LINE-FAC-035-5""]"
PART-03117,Bearing Assembly 3117,SUP-0558,"[""LINE-FAC-022-5"", ""LINE-FAC-008-1""]"
PART-03118,Coupling 3118,SUP-0184,"[""LINE-FAC-016-1""]"
PART-03119,Gasket 3119,SUP-0293,"[""LINE-FAC-007-3"", ""LINE-FAC-033-5""]"
PART-03120,Bearing Assembly 3120,SUP-0308,"[""LINE-FAC-019-3"", ""LINE-FAC-040-5"", ""LINE-FAC-006-1""]"
PART-03121,Bushing 3121,SUP-0227,"[""LINE-FAC-033-8""]"
PART-03122,Valve Body 3122,SUP-0127,"[""LINE-FAC-028-2"", ""LINE-FAC-006-7"", ""LINE-FAC-027-6""]"
PART-03123,Actuator 3123,SUP-0911,"[""LINE-FAC-019-4""]"
PART-03124,Sensor Module 3124,SUP-0896,"[""LINE-FAC-006-4""]"
PART-03125,Sensor Module 3125,SUP-0052,"[""LINE-FAC-023-8""]"
PART-03126,Coupling 3126,SUP-0924,"[""LINE-FAC-006-5"", ""LINE-FAC-014-5"", ""LINE-FAC-036-8""]"
PART-03127,Sensor Module 3127,SUP-0184,"[""LINE-FAC-012-2"", ""LINE-FAC-040-6"", ""LINE-FAC-034-3""]"
PART-03128,Bracket 3128,SUP-0869,"[""LINE-FAC-015-1"", ""LINE-FAC-016-7"", ""LINE-FAC-025-8""]"
PART-03129,Bracket 3129,SUP-0563,"[""LINE-FAC-027-5""]"
PART-03130,Housing 3130,SUP-0272,"[""LINE-FAC-007-8""]"
PART-03131,Coupling 3131,SUP-0034,"[""LINE-FAC-027-4"", ""LINE-FAC-024-7"", ""LINE-FAC-038-4""]"
PART-03132,Actuator 3132,SUP-0145,"[""LINE-FAC-025-5"", ""LINE-FAC-016-1""]"
PART-03133,Actuator 3133,SUP-0457,"[""LINE-FAC-001-8"", ""LINE-FAC-026-2"", ""LINE-FAC-018-8""]"
PART-03134,Housing 3134,SUP-0276,"[""LINE-FAC-008-1"", ""LINE-FAC-031-7""]"
PART-03135,Housing 3135,SUP-0801,"[""LINE-FAC-040-1"", ""LINE-FAC-038-3"", ""LINE-FAC-020-2""]"
PART-03136,Bearing Assembly 3136,SUP-0415,"[""LINE-FAC-023-1"", ""LINE-FAC-035-2"", ""LINE-FAC-001-1""]"
PART-03137,Sensor Module 3137,SUP-0579,"[""LINE-FAC-037-1""]"
PART-03138,Bushing 3138,SUP-0743,"[""LINE-FAC-025-8""]"
PART-03139,Actuator 3139,SUP-0289,"[""LINE-FAC-011-3"", ""LINE-FAC-031-8"", ""LINE-FAC-039-6""]"
PART-03140,Gasket 3140,SUP-0935,"[""LINE-FAC-013-7"", ""LINE-FAC-023-2""]"
PART-03141,Bushing 3141,SUP-0987,"[""LINE-FAC-004-6"", ""LINE-FAC-011-4"", ""LINE-FAC-031-5""]"
PART-03142,Housing 3142,SUP-0239,"[""LINE-FAC-008-4""]"
PART-03143,Housing 3143,SUP-0681,"[""LINE-FAC-024-3""]"
PART-03144,Housing 3144,SUP-0676,"[""LINE-FAC-006-5""]"
PART-03145,Actuator 3145,SUP-0720,"[""LINE-FAC-024-4""]"
PART-03146,Gasket 3146,SUP-0401,"[""LINE-FAC-039-1""]"
PART-03147,Wiring Harness 3147,SUP-0103,"[""LINE-FAC-030-4"", ""LINE-FAC-030-5""]"
PART-03148,Housing 3148,SUP-0971,"[""LINE-FAC-035-8""]"
PART-03149,Gasket 3149,SUP-0832,"[""LINE-FAC-018-1""]"
PART-03150,Bushing 3150,SUP-0921,"[""LINE-FAC-009-8"", ""LINE-FAC-016-2""]"
PART-03151,Sensor Module 3151,SUP-0625,"[""LINE-FAC-012-3"", ""LINE-FAC-014-8""]"
PART-03152,Gasket 3152,SUP-0578,"[""LINE-FAC-033-8"", ""LINE-FAC-014-1"", ""LINE-FAC-004-2""]"
PART-03153,Housing 3153,SUP-0413,"[""LINE-FAC-022-7""]"
PART-03154,Coupling 3154,SUP-0607,"[""LINE-FAC-026-1"", ""LINE-FAC-019-4""]"
PART-03155,Actuator 3155,SUP-0285,"[""LINE-FAC-009-6"", ""LINE-FAC-035-4"", ""LINE-FAC-004-2""]"
PART-03156,Valve Body 3156,SUP-0758,"[""LINE-FAC-036-7"", ""LINE-FAC-012-3"", ""LINE-FAC-014-7""]"
PART-03157,Sensor Module 3157,SUP-0725,"[""LINE-FAC-007-6"", ""LINE-FAC-011-3"", ""LINE-FAC-013-7""]"
PART-03158,Wiring Harness 3158,SUP-0164,"[""LINE-FAC-016-4"", ""LINE-FAC-031-8"", ""LINE-FAC-021-7""]"
PART-03159,Housing 3159,SUP-0489,"[""LINE-FAC-010-4"", ""LINE-FAC-009-3""]"
PART-03160,Housing 3160,SUP-0352,"[""LINE-FAC-023-4"", ""LINE-FAC-012-2"", ""LINE-FAC-021-5""]"
PART-03161,Bracket 3161,SUP-0070,"[""LINE-FAC-020-1"", ""LINE-FAC-012-6"", ""LINE-FAC-040-6""]"
PART-03162,Bracket 3162,SUP-0891,"[""LINE-FAC-032-3""]"
PART-03163,Bushing 3163,SUP-0093,"[""LINE-FAC-011-1"", ""LINE-FAC-015-8"", ""LINE-FAC-006-7""]"
PART-03164,Bracket 3164,SUP-0821,"[""LINE-FAC-015-8""]"
PART-03165,Gasket 3165,SUP-0157,"[""LINE-FAC-002-6""]"
PART-03166,Wiring Harness 3166,SUP-0903,"[""LINE-FAC-001-3""]"
PART-03167,Coupling 3167,SUP-0527,"[""LINE-FAC-010-7""]"
PART-03168,Valve Body 3168,SUP-0997,"[""LINE-FAC-028-2""]"
PART-03169,Coupling 3169,SUP-0756,"[""LINE-FAC-015-6"", ""LINE-FAC-008-1"", ""LINE-FAC-040-7""]"
PART-03170,Bushing 3170,SUP-0840,"[""LINE-FAC-028-5"", ""LINE-FAC-015-5""]"
PART-03171,Gasket 3171,SUP-0478,"[""LINE-FAC-013-4"", ""LINE-FAC-022-1""]"
PART-03172,Gasket 3172,SUP-0342,"[""LINE-FAC-021-1"", ""LINE-FAC-005-7""]"
PART-03173,Housing 3173,SUP-0308,"[""LINE-FAC-005-5""]"
PART-03174,Gasket 3174,SUP-0856,"[""LINE-FAC-016-2""]"
PART-03175,Coupling 3175,SUP-0650,"[""LINE-FAC-039-4""]"
PART-03176,Bushing 3176,SUP-0278,"[""LINE-FAC-026-2""]"
PART-03177,Actuator 3177,SUP-0269,"[""LINE-FAC-025-7"", ""LINE-FAC-038-7""]"
PART-03178,Bearing Assembly 3178,SUP-0643,"[""LINE-FAC-033-2""]"
PART-03179,Housing 3179,SUP-0717,"[""LINE-FAC-022-7"", ""LINE-FAC-030-2"", ""LINE-FAC-019-8""]"
PART-03180,Actuator 3180,SUP-0984,"[""LINE-FAC-021-4"", ""LINE-FAC-039-4"", ""LINE-FAC-037-2""]"
PART-03181,Bearing Assembly 3181,SUP-0691,"[""LINE-FAC-039-2""]"
PART-03182,Wiring Harness 3182,SUP-0078,"[""LINE-FAC-034-3"", ""LINE-FAC-036-8""]"
PART-03183,Gasket 3183,SUP-0559,"[""LINE-FAC-002-1"", ""LINE-FAC-038-8""]"
PART-03184,Bushing 3184,SUP-0371,"[""LINE-FAC-015-6"", ""LINE-FAC-039-6""]"
PART-03185,Bearing Assembly 3185,SUP-0720,"[""LINE-FAC-018-2""]"
PART-03186,Actuator 3186,SUP-0160,"[""LINE-FAC-033-4"", ""LINE-FAC-012-4"", ""LINE-FAC-001-5""]"
PART-03187,Wiring Harness 3187,SUP-0267,"[""LINE-FAC-037-2""]"
PART-03188,Bearing Assembly 3188,SUP-0719,"[""LINE-FAC-026-6"", ""LINE-FAC-019-2""]"
PART-03189,Sensor Module 3189,SUP-0933,"[""LINE-FAC-004-3"", ""LINE-FAC-034-7"", ""LINE-FAC-027-8""]"
PART-03190,Housing 3190,SUP-0493,"[""LINE-FAC-016-6"", ""LINE-FAC-005-3"", ""LINE-FAC-011-8""]"
PART-03191,Gasket 3191,SUP-0812,"[""LINE-FAC-014-4"", ""LINE-FAC-012-1"", ""LINE-FAC-035-3""]"
PART-03192,Bracket 3192,SUP-0841,"[""LINE-FAC-039-4"", ""LINE-FAC-038-8""]"
PART-03193,Actuator 3193,SUP-0531,"[""LINE-FAC-026-4"", ""LINE-FAC-026-3"", ""LINE-FAC-017-7""]"
PART-03194,Bearing Assembly 3194,SUP-0471,"[""LINE-FAC-006-6"", ""LINE-FAC-023-2"", ""LINE-FAC-037-6""]"
PART-03195,Sensor Module 3195,SUP-0182,"[""LINE-FAC-001-8""]"
PART-03196,Wiring Harness 3196,SUP-0734,"[""LINE-FAC-007-3""]"
PART-03197,Gasket 3197,SUP-0974,"[""LINE-FAC-021-7"", ""LINE-FAC-032-4"", ""LINE-FAC-031-5""]"
PART-03198,Valve Body 3198,SUP-0001,"[""LINE-FAC-022-7"", ""LINE-FAC-013-8"", ""LINE-FAC-022-2""]"
PART-03199,Bearing Assembly 3199,SUP-0589,"[""LINE-FAC-025-7"", ""LINE-FAC-035-1"", ""LINE-FAC-023-2""]"
PART-03200,Coupling 3200,SUP-0431,"[""LINE-FAC-005-8"", ""LINE-FAC-023-3""]"
PART-03201,Sensor Module 3201,SUP-0503,"[""LINE-FAC-021-7""]"
PART-03202,Wiring Harness 3202,SUP-0563,"[""LINE-FAC-039-5"", ""LINE-FAC-008-6""]"
PART-03203,Coupling 3203,SUP-0147,"[""LINE-FAC-034-8"", ""LINE-FAC-017-7""]"
PART-03204,Bracket 3204,SUP-0679,"[""LINE-FAC-011-1"", ""LINE-FAC-031-3"", ""LINE-FAC-021-1""]"
PART-03205,Housing 3205,SUP-0453,"[""LINE-FAC-017-7"", ""LINE-FAC-012-3"", ""LINE-FAC-029-1""]"
PART-03206,Housing 3206,SUP-0940,"[""LINE-FAC-024-3"", ""LINE-FAC-018-7"", ""LINE-FAC-014-7""]"
PART-03207,Bearing Assembly 3207,SUP-0059,"[""LINE-FAC-006-7"", ""LINE-FAC-017-3"", ""LINE-FAC-007-7""]"
PART-03208,Valve Body 3208,SUP-0016,"[""LINE-FAC-023-2"", ""LINE-FAC-021-5""]"
PART-03209,Gasket 3209,SUP-0392,"[""LINE-FAC-018-1"", ""LINE-FAC-039-5""]"
PART-03210,Coupling 3210,SUP-0290,"[""LINE-FAC-037-3"", ""LINE-FAC-028-7""]"
PART-03211,Actuator 3211,SUP-0427,"[""LINE-FAC-011-2"", ""LINE-FAC-025-7""]"
PART-03212,Bracket 3212,SUP-0731,"[""LINE-FAC-006-3"", ""LINE-FAC-027-5""]"
PART-03213,Bushing 3213,SUP-0794,"[""LINE-FAC-022-7""]"
PART-03214,Coupling 3214,SUP-0745,"[""LINE-FAC-018-4"", ""LINE-FAC-033-4""]"
PART-03215,Sensor Module 3215,SUP-0732,"[""LINE-FAC-031-8"", ""LINE-FAC-026-3"", ""LINE-FAC-012-8""]"
PART-03216,Bushing 3216,SUP-0964,"[""LINE-FAC-022-1"", ""LINE-FAC-011-3""]"
PART-03217,Bearing Assembly 3217,SUP-0006,"[""LINE-FAC-020-6"", ""LINE-FAC-020-2""]"
PART-03218,Bushing 3218,SUP-0823,"[""LINE-FAC-006-4"", ""LINE-FAC-005-1""]"
PART-03219,Actuator 3219,SUP-0866,"[""LINE-FAC-015-8"", ""LINE-FAC-009-7"", ""LINE-FAC-035-5""]"
PART-03220,Gasket 3220,SUP-0499,"[""LINE-FAC-019-6"", ""LINE-FAC-031-1""]"
PART-03221,Valve Body 3221,SUP-0837,"[""LINE-FAC-004-5"", ""LINE-FAC-029-6""]"
PART-03222,Housing 3222,SUP-0407,"[""LINE-FAC-031-5"", ""LINE-FAC-003-5""]"
PART-03223,Bracket 3223,SUP-0922,"[""LINE-FAC-039-8"", ""LINE-FAC-028-3""]"
PART-03224,Valve Body 3224,SUP-0556,"[""LINE-FAC-031-5"", ""LINE-FAC-040-5""]"
PART-03225,Coupling 3225,SUP-0364,"[""LINE-FAC-028-1""]"
PART-03226,Housing 3226,SUP-0897,"[""LINE-FAC-008-3"", ""LINE-FAC-019-1""]"
PART-03227,Gasket 3227,SUP-0406,"[""LINE-FAC-018-6""]"
PART-03228,Sensor Module 3228,SUP-0381,"[""LINE-FAC-019-5""]"
PART-03229,Bushing 3229,SUP-0718,"[""LINE-FAC-020-8""]"
PART-03230,Bushing 3230,SUP-0245,"[""LINE-FAC-016-1"", ""LINE-FAC-022-2"", ""LINE-FAC-012-3""]"
PART-03231,Valve Body 3231,SUP-0986,"[""LINE-FAC-025-4""]"
PART-03232,Housing 3232,SUP-0746,"[""LINE-FAC-013-7"", ""LINE-FAC-027-5"", ""LINE-FAC-031-7""]"
PART-03233,Coupling 3233,SUP-0365,"[""LINE-FAC-018-5"", ""LINE-FAC-015-6""]"
PART-03234,Sensor Module 3234,SUP-0197,"[""LINE-FAC-016-3""]"
PART-03235,Wiring Harness 3235,SUP-0453,"[""LINE-FAC-033-1""]"
PART-03236,Coupling 3236,SUP-0484,"[""LINE-FAC-028-1"", ""LINE-FAC-003-5""]"
PART-03237,Valve Body 3237,SUP-0253,"[""LINE-FAC-021-6""]"
PART-03238,Housing 3238,SUP-0037,"[""LINE-FAC-025-3""]"
PART-03239,Bearing Assembly 3239,SUP-0228,"[""LINE-FAC-023-1""]"
PART-03240,Housing 3240,SUP-0419,"[""LINE-FAC-004-7""]"
PART-03241,Housing 3241,SUP-0532,"[""LINE-FAC-022-1"", ""LINE-FAC-026-1""]"
PART-03242,Housing 3242,SUP-0442,"[""LINE-FAC-036-7""]"
PART-03243,Housing 3243,SUP-0162,"[""LINE-FAC-030-4"", ""LINE-FAC-025-1"", ""LINE-FAC-013-8""]"
PART-03244,Sensor Module 3244,SUP-0164,"[""LINE-FAC-028-4"", ""LINE-FAC-002-2"", ""LINE-FAC-017-7""]"
PART-03245,Sensor Module 3245,SUP-0433,"[""LINE-FAC-030-2""]"
PART-03246,Coupling 3246,SUP-0184,"[""LINE-FAC-037-4"", ""LINE-FAC-014-3""]"
PART-03247,Bushing 3247,SUP-0576,"[""LINE-FAC-037-4"", ""LINE-FAC-011-4"", ""LINE-FAC-026-5""]"
PART-03248,Gasket 3248,SUP-0089,"[""LINE-FAC-020-8"", ""LINE-FAC-014-1""]"
PART-03249,Housing 3249,SUP-0178,"[""LINE-FAC-007-5"", ""LINE-FAC-014-3""]"
PART-03250,Housing 3250,SUP-0278,"[""LINE-FAC-004-5""]"
PART-03251,Wiring Harness 3251,SUP-0039,"[""LINE-FAC-021-4"", ""LINE-FAC-014-4""]"
PART-03252,Actuator 3252,SUP-0289,"[""LINE-FAC-010-3"", ""LINE-FAC-001-5"", ""LINE-FAC-007-6""]"
PART-03253,Valve Body 3253,SUP-0160,"[""LINE-FAC-006-8"", ""LINE-FAC-006-5""]"
PART-03254,Bushing 3254,SUP-0742,"[""LINE-FAC-031-6"", ""LINE-FAC-002-3""]"
PART-03255,Coupling 3255,SUP-0294,"[""LINE-FAC-023-2"", ""LINE-FAC-021-3""]"
PART-03256,Coupling 3256,SUP-0694,"[""LINE-FAC-025-7""]"
PART-03257,Sensor Module 3257,SUP-0601,"[""LINE-FAC-038-6"", ""LINE-FAC-023-2"", ""LINE-FAC-006-2""]"
PART-03258,Bearing Assembly 3258,SUP-0045,"[""LINE-FAC-006-6""]"
PART-03259,Sensor Module 3259,SUP-0757,"[""LINE-FAC-007-1""]"
PART-03260,Coupling 3260,SUP-0827,"[""LINE-FAC-024-2"", ""LINE-FAC-010-2"", ""LINE-FAC-036-6""]"
PART-03261,Sensor Module 3261,SUP-0149,"[""LINE-FAC-025-1"", ""LINE-FAC-037-3"", ""LINE-FAC-013-2""]"
PART-03262,Bracket 3262,SUP-0067,"[""LINE-FAC-022-7"", ""LINE-FAC-029-1"", ""LINE-FAC-011-6""]"
PART-03263,Gasket 3263,SUP-0864,"[""LINE-FAC-019-1""]"
PART-03264,Wiring Harness 3264,SUP-0781,"[""LINE-FAC-028-1"", ""LINE-FAC-031-1""]"
PART-03265,Valve Body 3265,SUP-0710,"[""LINE-FAC-023-1"", ""LINE-FAC-010-7""]"
PART-03266,Housing 3266,SUP-0697,"[""LINE-FAC-030-3"", ""LINE-FAC-001-6""]"
PART-03267,Gasket 3267,SUP-0341,"[""LINE-FAC-010-8""]"
PART-03268,Housing 3268,SUP-0978,"[""LINE-FAC-027-7"", ""LINE-FAC-023-4"", ""LINE-FAC-031-4""]"
PART-03269,Bearing Assembly 3269,SUP-0157,"[""LINE-FAC-001-3"", ""LINE-FAC-005-8""]"
PART-03270,Wiring Harness 3270,SUP-0553,"[""LINE-FAC-012-2"", ""LINE-FAC-036-5"", ""LINE-FAC-016-6""]"
PART-03271,Wiring Harness 3271,SUP-0051,"[""LINE-FAC-024-3""]"
PART-03272,Bushing 3272,SUP-0529,"[""LINE-FAC-010-3""]"
PART-03273,Gasket 3273,SUP-0197,"[""LINE-FAC-032-2""]"
PART-03274,Bushing 3274,SUP-0132,"[""LINE-FAC-034-7""]"
PART-03275,Valve Body 3275,SUP-0578,"[""LINE-FAC-023-3"", ""LINE-FAC-027-1""]"
PART-03276,Actuator 3276,SUP-0361,"[""LINE-FAC-004-6""]"
PART-03277,Coupling 3277,SUP-0262,"[""LINE-FAC-023-8"", ""LINE-FAC-004-5"", ""LINE-FAC-010-5""]"
PART-03278,Bushing 3278,SUP-0672,"[""LINE-FAC-006-3""]"
PART-03279,Sensor Module 3279,SUP-0104,"[""LINE-FAC-024-7"", ""LINE-FAC-026-5"", ""LINE-FAC-021-1""]"
PART-03280,Bracket 3280,SUP-0753,"[""LINE-FAC-001-4"", ""LINE-FAC-037-5"", ""LINE-FAC-002-6""]"
PART-03281,Bracket 3281,SUP-0732,"[""LINE-FAC-015-1""]"
PART-03282,Gasket 3282,SUP-0116,"[""LINE-FAC-030-1""]"
PART-03283,Actuator 3283,SUP-0636,"[""LINE-FAC-024-3""]"
PART-03284,Bushing 3284,SUP-0160,"[""LINE-FAC-008-3"", ""LINE-FAC-005-7""]"
PART-03285,Bracket 3285,SUP-0717,"[""LINE-FAC-016-3"", ""LINE-FAC-008-6""]"
PART-03286,Bracket 3286,SUP-0536,"[""LINE-FAC-015-2""]"
PART-03287,Gasket 3287,SUP-0131,"[""LINE-FAC-007-1"", ""LINE-FAC-010-4"", ""LINE-FAC-028-1""]"
PART-03288,Coupling 3288,SUP-0076,"[""LINE-FAC-016-8""]"
PART-03289,Bracket 3289,SUP-0111,"[""LINE-FAC-014-6""]"
PART-03290,Bushing 3290,SUP-0613,"[""LINE-FAC-030-1""]"
PART-03291,Actuator 3291,SUP-0678,"[""LINE-FAC-038-4""]"
PART-03292,Bracket 3292,SUP-0378,"[""LINE-FAC-015-8""]"
PART-03293,Bearing Assembly 3293,SUP-0710,"[""LINE-FAC-038-8""]"
PART-03294,Bracket 3294,SUP-0250,"[""LINE-FAC-007-7""]"
PART-03295,Actuator 3295,SUP-0963,"[""LINE-FAC-012-4"", ""LINE-FAC-005-5"", ""LINE-FAC-032-6""]"
PART-03296,Gasket 3296,SUP-0267,"[""LINE-FAC-026-5"", ""LINE-FAC-037-3""]"
PART-03297,Wiring Harness 3297,SUP-0662,"[""LINE-FAC-024-5""]"
PART-03298,Valve Body 3298,SUP-0797,"[""LINE-FAC-036-5"", ""LINE-FAC-017-1"", ""LINE-FAC-004-2""]"
PART-03299,Actuator 3299,SUP-0332,"[""LINE-FAC-005-8"", ""LINE-FAC-029-7""]"
PART-03300,Bearing Assembly 3300,SUP-0781,"[""LINE-FAC-040-8""]"
PART-03301,Housing 3301,SUP-0278,"[""LINE-FAC-008-1""]"
PART-03302,Housing 3302,SUP-0859,"[""LINE-FAC-031-6""]"
PART-03303,Actuator 3303,SUP-0314,"[""LINE-FAC-008-5""]"
PART-03304,Actuator 3304,SUP-0017,"[""LINE-FAC-017-5"", ""LINE-FAC-039-7"", ""LINE-FAC-016-5""]"
PART-03305,Wiring Harness 3305,SUP-0341,"[""LINE-FAC-028-5"", ""LINE-FAC-019-8"", ""LINE-FAC-018-5""]"
PART-03306,Coupling 3306,SUP-0671,"[""LINE-FAC-033-7"", ""LINE-FAC-001-7"", ""LINE-FAC-011-4""]"
PART-03307,Actuator 3307,SUP-0946,"[""LINE-FAC-032-8""]"
PART-03308,Bearing Assembly 3308,SUP-0730,"[""LINE-FAC-003-6"", ""LINE-FAC-004-8"", ""LINE-FAC-019-3""]"
PART-03309,Wiring Harness 3309,SUP-0464,"[""LINE-FAC-009-4""]"
PART-03310,Bushing 3310,SUP-0617,"[""LINE-FAC-005-6""]"
PART-03311,Bracket 3311,SUP-0331,"[""LINE-FAC-029-2""]"
PART-03312,Coupling 3312,SUP-0734,"[""LINE-FAC-034-4""]"
PART-03313,Valve Body 3313,SUP-0930,"[""LINE-FAC-031-2"", ""LINE-FAC-027-5"", ""LINE-FAC-025-8""]"
PART-03314,Valve Body 3314,SUP-0824,"[""LINE-FAC-033-6"", ""LINE-FAC-007-2"", ""LINE-FAC-038-5""]"
PART-03315,Housing 3315,SUP-0214,"[""LINE-FAC-016-2""]"
PART-03316,Sensor Module 3316,SUP-0983,"[""LINE-FAC-015-7"", ""LINE-FAC-034-7"", ""LINE-FAC-017-7""]"
PART-03317,Gasket 3317,SUP-0041,"[""LINE-FAC-015-4"", ""LINE-FAC-015-5"", ""LINE-FAC-031-3""]"
PART-03318,Bearing Assembly 3318,SUP-0427,"[""LINE-FAC-005-1""]"
PART-03319,Gasket 3319,SUP-0148,"[""LINE-FAC-020-4"", ""LINE-FAC-002-3""]"
PART-03320,Bearing Assembly 3320,SUP-0198,"[""LINE-FAC-025-4"", ""LINE-FAC-011-5""]"
PART-03321,Bushing 3321,SUP-0637,"[""LINE-FAC-035-5"", ""LINE-FAC-001-6"", ""LINE-FAC-007-4""]"
PART-03322,Bushing 3322,SUP-0698,"[""LINE-FAC-015-2"", ""LINE-FAC-007-8""]"
PART-03323,Wiring Harness 3323,SUP-0729,"[""LINE-FAC-004-7""]"
PART-03324,Actuator 3324,SUP-0456,"[""LINE-FAC-004-5""]"
PART-03325,Housing 3325,SUP-0079,"[""LINE-FAC-017-2"", ""LINE-FAC-040-1""]"
PART-03326,Bushing 3326,SUP-0928,"[""LINE-FAC-025-5""]"
PART-03327,Valve Body 3327,SUP-0985,"[""LINE-FAC-032-5"", ""LINE-FAC-032-1""]"
PART-03328,Bushing 3328,SUP-0286,"[""LINE-FAC-024-8"", ""LINE-FAC-017-6"", ""LINE-FAC-005-6""]"
PART-03329,Gasket 3329,SUP-0671,"[""LINE-FAC-037-7"", ""LINE-FAC-026-1"", ""LINE-FAC-019-5""]"
PART-03330,Bushing 3330,SUP-0479,"[""LINE-FAC-004-7"", ""LINE-FAC-040-1"", ""LINE-FAC-025-6""]"
PART-03331,Housing 3331,SUP-0396,"[""LINE-FAC-032-8"", ""LINE-FAC-026-3"", ""LINE-FAC-024-6""]"
PART-03332,Gasket 3332,SUP-0183,"[""LINE-FAC-029-4"", ""LINE-FAC-035-1""]"
PART-03333,Bracket 3333,SUP-0412,"[""LINE-FAC-020-4"", ""LINE-FAC-039-7""]"
PART-03334,Bearing Assembly 3334,SUP-0792,"[""LINE-FAC-006-4""]"
PART-03335,Coupling 3335,SUP-0566,"[""LINE-FAC-004-2"", ""LINE-FAC-025-7"", ""LINE-FAC-001-8""]"
PART-03336,Valve Body 3336,SUP-0608,"[""LINE-FAC-027-2""]"
PART-03337,Bushing 3337,SUP-0231,"[""LINE-FAC-028-3"", ""LINE-FAC-037-3""]"
PART-03338,Actuator 3338,SUP-0802,"[""LINE-FAC-009-2"", ""LINE-FAC-026-2""]"
PART-03339,Bearing Assembly 3339,SUP-0918,"[""LINE-FAC-007-5"", ""LINE-FAC-012-7""]"
PART-03340,Wiring Harness 3340,SUP-0434,"[""LINE-FAC-020-1"", ""LINE-FAC-013-4""]"
PART-03341,Sensor Module 3341,SUP-0392,"[""LINE-FAC-017-7"", ""LINE-FAC-006-7"", ""LINE-FAC-033-7""]"
PART-03342,Coupling 3342,SUP-0803,"[""LINE-FAC-004-1""]"
PART-03343,Valve Body 3343,SUP-0146,"[""LINE-FAC-009-5"", ""LINE-FAC-002-6""]"
PART-03344,Gasket 3344,SUP-0733,"[""LINE-FAC-003-4"", ""LINE-FAC-012-2"", ""LINE-FAC-035-5""]"
PART-03345,Bearing Assembly 3345,SUP-0326,"[""LINE-FAC-027-7"", ""LINE-FAC-014-3"", ""LINE-FAC-014-7""]"
PART-03346,Wiring Harness 3346,SUP-0143,"[""LINE-FAC-037-1"", ""LINE-FAC-027-2"", ""LINE-FAC-003-3""]"
PART-03347,Actuator 3347,SUP-0307,"[""LINE-FAC-040-7"", ""LINE-FAC-014-2""]"
PART-03348,Housing 3348,SUP-0893,"[""LINE-FAC-003-6"", ""LINE-FAC-018-3""]"
PART-03349,Actuator 3349,SUP-0551,"[""LINE-FAC-011-3"", ""LINE-FAC-001-7""]"
PART-03350,Bushing 3350,SUP-0661,"[""LINE-FAC-029-7""]"
PART-03351,Gasket 3351,SUP-0103,"[""LINE-FAC-001-4"", ""LINE-FAC-019-2""]"
PART-03352,Coupling 3352,SUP-0232,"[""LINE-FAC-038-4"", ""LINE-FAC-034-2"", ""LINE-FAC-001-7""]"
PART-03353,Coupling 3353,SUP-0024,"[""LINE-FAC-027-1"", ""LINE-FAC-007-2"", ""LINE-FAC-030-4""]"
PART-03354,Wiring Harness 3354,SUP-0912,"[""LINE-FAC-014-3"", ""LINE-FAC-028-2"", ""LINE-FAC-025-6""]"
PART-03355,Gasket 3355,SUP-0319,"[""LINE-FAC-029-3"", ""LINE-FAC-014-3"", ""LINE-FAC-033-6""]"
PART-03356,Gasket 3356,SUP-0016,"[""LINE-FAC-017-1""]"
PART-03357,Valve Body 3357,SUP-0969,"[""LINE-FAC-008-7""]"
PART-03358,Bearing Assembly 3358,SUP-0986,"[""LINE-FAC-032-5"", ""LINE-FAC-022-3""]"
PART-03359,Coupling 3359,SUP-0717,"[""LINE-FAC-011-7"", ""LINE-FAC-008-1""]"
PART-03360,Bushing 3360,SUP-0225,"[""LINE-FAC-019-2""]"
PART-03361,Valve Body 3361,SUP-0003,"[""LINE-FAC-019-5"", ""LINE-FAC-006-5""]"
PART-03362,Coupling 3362,SUP-0923,"[""LINE-FAC-040-4""]"
PART-03363,Coupling 3363,SUP-0385,"[""LINE-FAC-037-6"", ""LINE-FAC-028-3""]"
PART-03364,Coupling 3364,SUP-0499,"[""LINE-FAC-011-4""]"
PART-03365,Valve Body 3365,SUP-0207,"[""LINE-FAC-004-2""]"
PART-03366,Housing 3366,SUP-0207,"[""LINE-FAC-005-4"", ""LINE-FAC-034-2"", ""LINE-FAC-008-7""]"
PART-03367,Valve Body 3367,SUP-0613,"[""LINE-FAC-018-7"", ""LINE-FAC-001-5""]"
PART-03368,Housing 3368,SUP-0351,"[""LINE-FAC-008-4"", ""LINE-FAC-006-2""]"
PART-03369,Bushing 3369,SUP-0181,"[""LINE-FAC-018-3"", ""LINE-FAC-034-8""]"
PART-03370,Bearing Assembly 3370,SUP-0422,"[""LINE-FAC-021-7""]"
PART-03371,Wiring Harness 3371,SUP-0508,"[""LINE-FAC-020-8""]"
PART-03372,Bushing 3372,SUP-0006,"[""LINE-FAC-003-8""]"
PART-03373,Gasket 3373,SUP-0698,"[""LINE-FAC-002-7"", ""LINE-FAC-010-6"", ""LINE-FAC-038-1""]"
PART-03374,Coupling 3374,SUP-0352,"[""LINE-FAC-017-3"", ""LINE-FAC-036-1"", ""LINE-FAC-019-7""]"
PART-03375,Sensor Module 3375,SUP-0419,"[""LINE-FAC-036-7""]"
PART-03376,Sensor Module 3376,SUP-0938,"[""LINE-FAC-002-2"", ""LINE-FAC-034-2""]"
PART-03377,Gasket 3377,SUP-0802,"[""LINE-FAC-028-8"", ""LINE-FAC-013-3""]"
PART-03378,Sensor Module 3378,SUP-0074,"[""LINE-FAC-011-5"", ""LINE-FAC-019-5"", ""LINE-FAC-020-8""]"
PART-03379,Bracket 3379,SUP-0435,"[""LINE-FAC-009-6""]"
PART-03380,Sensor Module 3380,SUP-0402,"[""LINE-FAC-017-3""]"
PART-03381,Bracket 3381,SUP-0038,"[""LINE-FAC-018-7""]"
PART-03382,Housing 3382,SUP-0228,"[""LINE-FAC-024-6"", ""LINE-FAC-002-1""]"
PART-03383,Bushing 3383,SUP-0834,"[""LINE-FAC-005-1""]"
PART-03384,Wiring Harness 3384,SUP-0997,"[""LINE-FAC-028-6"", ""LINE-FAC-011-1"", ""LINE-FAC-020-2""]"
PART-03385,Bushing 3385,SUP-0054,"[""LINE-FAC-036-6"", ""LINE-FAC-030-6"", ""LINE-FAC-024-3""]"
PART-03386,Coupling 3386,SUP-0003,"[""LINE-FAC-038-5"", ""LINE-FAC-007-5"", ""LINE-FAC-027-5""]"
PART-03387,Sensor Module 3387,SUP-0316,"[""LINE-FAC-029-3""]"
PART-03388,Bushing 3388,SUP-0744,"[""LINE-FAC-034-5"", ""LINE-FAC-006-8""]"
PART-03389,Sensor Module 3389,SUP-0489,"[""LINE-FAC-038-3"", ""LINE-FAC-018-1"", ""LINE-FAC-036-6""]"
PART-03390,Bearing Assembly 3390,SUP-0746,"[""LINE-FAC-023-7"", ""LINE-FAC-004-2"", ""LINE-FAC-018-2""]"
PART-03391,Wiring Harness 3391,SUP-0365,"[""LINE-FAC-023-7"", ""LINE-FAC-020-1"", ""LINE-FAC-037-2""]"
PART-03392,Bushing 3392,SUP-0974,"[""LINE-FAC-021-3"", ""LINE-FAC-028-1"", ""LINE-FAC-030-3""]"
PART-03393,Actuator 3393,SUP-0368,"[""LINE-FAC-014-6""]"
PART-03394,Housing 3394,SUP-0658,"[""LINE-FAC-011-1"", ""LINE-FAC-030-4"", ""LINE-FAC-008-3""]"
PART-03395,Housing 3395,SUP-0041,"[""LINE-FAC-022-4"", ""LINE-FAC-015-4""]"
PART-03396,Gasket 3396,SUP-0412,"[""LINE-FAC-012-1"", ""LINE-FAC-035-3""]"
PART-03397,Coupling 3397,SUP-0411,"[""LINE-FAC-019-6"", ""LINE-FAC-002-6""]"
PART-03398,Bushing 3398,SUP-0475,"[""LINE-FAC-033-2"", ""LINE-FAC-040-7"", ""LINE-FAC-034-6""]"
PART-03399,Coupling 3399,SUP-0908,"[""LINE-FAC-026-5""]"
PART-03400,Coupling 3400,SUP-0231,"[""LINE-FAC-006-6"", ""LINE-FAC-033-2"", ""LINE-FAC-027-7""]"
PART-03401,Sensor Module 3401,SUP-0522,"[""LINE-FAC-005-4""]"
PART-03402,Bracket 3402,SUP-0852,"[""LINE-FAC-030-5"", ""LINE-FAC-008-5"", ""LINE-FAC-039-2""]"
PART-03403,Valve Body 3403,SUP-0964,"[""LINE-FAC-031-5"", ""LINE-FAC-023-1"", ""LINE-FAC-026-6""]"
PART-03404,Coupling 3404,SUP-0698,"[""LINE-FAC-003-7"", ""LINE-FAC-025-4""]"
PART-03405,Sensor Module 3405,SUP-0787,"[""LINE-FAC-022-3"", ""LINE-FAC-013-2""]"
PART-03406,Bushing 3406,SUP-0104,"[""LINE-FAC-017-6""]"
PART-03407,Wiring Harness 3407,SUP-0844,"[""LINE-FAC-034-8""]"
PART-03408,Actuator 3408,SUP-0726,"[""LINE-FAC-032-4"", ""LINE-FAC-017-5""]"
PART-03409,Bearing Assembly 3409,SUP-0522,"[""LINE-FAC-010-4"", ""LINE-FAC-022-3"", ""LINE-FAC-027-5""]"
PART-03410,Coupling 3410,SUP-0164,"[""LINE-FAC-022-1"", ""LINE-FAC-007-1""]"
PART-03411,Coupling 3411,SUP-0159,"[""LINE-FAC-031-4"", ""LINE-FAC-001-3"", ""LINE-FAC-026-1""]"
PART-03412,Valve Body 3412,SUP-0560,"[""LINE-FAC-030-2"", ""LINE-FAC-034-3"", ""LINE-FAC-005-3""]"
PART-03413,Bushing 3413,SUP-0814,"[""LINE-FAC-003-8""]"
PART-03414,Valve Body 3414,SUP-0764,"[""LINE-FAC-002-5"", ""LINE-FAC-006-8""]"
PART-03415,Actuator 3415,SUP-0510,"[""LINE-FAC-028-8"", ""LINE-FAC-018-8"", ""LINE-FAC-037-2""]"
PART-03416,Wiring Harness 3416,SUP-0872,"[""LINE-FAC-008-4"", ""LINE-FAC-035-8"", ""LINE-FAC-014-2""]"
PART-03417,Wiring Harness 3417,SUP-0299,"[""LINE-FAC-030-2""]"
PART-03418,Gasket 3418,SUP-0115,"[""LINE-FAC-034-4""]"
PART-03419,Bushing 3419,SUP-0737,"[""LINE-FAC-005-8"", ""LINE-FAC-036-5""]"
PART-03420,Coupling 3420,SUP-0544,"[""LINE-FAC-010-2""]"
PART-03421,Bearing Assembly 3421,SUP-0264,"[""LINE-FAC-035-8"", ""LINE-FAC-014-6""]"
PART-03422,Coupling 3422,SUP-0134,"[""LINE-FAC-016-2""]"
PART-03423,Bearing Assembly 3423,SUP-0351,"[""LINE-FAC-019-1"", ""LINE-FAC-004-4"", ""LINE-FAC-026-7""]"
PART-03424,Sensor Module 3424,SUP-0979,"[""LINE-FAC-036-3"", ""LINE-FAC-019-6"", ""LINE-FAC-033-2""]"
PART-03425,Bracket 3425,SUP-0695,"[""LINE-FAC-040-8""]"
PART-03426,Bearing Assembly 3426,SUP-0502,"[""LINE-FAC-012-2""]"
PART-03427,Valve Body 3427,SUP-0640,"[""LINE-FAC-035-6"", ""LINE-FAC-021-1""]"
PART-03428,Valve Body 3428,SUP-0159,"[""LINE-FAC-039-2""]"
PART-03429,Wiring Harness 3429,SUP-0862,"[""LINE-FAC-021-6"", ""LINE-FAC-039-3""]"
PART-03430,Coupling 3430,SUP-0768,"[""LINE-FAC-018-2"", ""LINE-FAC-011-4"", ""LINE-FAC-030-3""]"
PART-03431,Bracket 3431,SUP-0597,"[""LINE-FAC-030-1""]"
PART-03432,Bracket 3432,SUP-0079,"[""LINE-FAC-024-6"", ""LINE-FAC-033-8""]"
PART-03433,Coupling 3433,SUP-0414,"[""LINE-FAC-025-4"", ""LINE-FAC-012-8""]"
PART-03434,Gasket 3434,SUP-0373,"[""LINE-FAC-036-7"", ""LINE-FAC-017-7""]"
PART-03435,Sensor Module 3435,SUP-0162,"[""LINE-FAC-005-3"", ""LINE-FAC-017-7"", ""LINE-FAC-036-2""]"
PART-03436,Gasket 3436,SUP-0118,"[""LINE-FAC-021-1"", ""LINE-FAC-013-8"", ""LINE-FAC-001-7""]"
PART-03437,Bracket 3437,SUP-0982,"[""LINE-FAC-011-6"", ""LINE-FAC-023-8"", ""LINE-FAC-017-4""]"
PART-03438,Bushing 3438,SUP-0165,"[""LINE-FAC-038-7""]"
PART-03439,Coupling 3439,SUP-0400,"[""LINE-FAC-013-2""]"
PART-03440,Wiring Harness 3440,SUP-0050,"[""LINE-FAC-028-3"", ""LINE-FAC-027-8"", ""LINE-FAC-017-5""]"
PART-03441,Wiring Harness 3441,SUP-0386,"[""LINE-FAC-021-7"", ""LINE-FAC-004-8"", ""LINE-FAC-017-2""]"
PART-03442,Valve Body 3442,SUP-0649,"[""LINE-FAC-033-5""]"
PART-03443,Housing 3443,SUP-0013,"[""LINE-FAC-016-3""]"
PART-03444,Actuator 3444,SUP-0764,"[""LINE-FAC-034-5""]"
PART-03445,Gasket 3445,SUP-0661,"[""LINE-FAC-018-2"", ""LINE-FAC-020-6"", ""LINE-FAC-019-1""]"
PART-03446,Actuator 3446,SUP-0812,"[""LINE-FAC-014-8""]"
PART-03447,Bushing 3447,SUP-0831,"[""LINE-FAC-036-7"", ""LINE-FAC-031-3"", ""LINE-FAC-029-8""]"
PART-03448,Coupling 3448,SUP-0011,"[""LINE-FAC-028-7""]"
PART-03449,Housing 3449,SUP-0968,"[""LINE-FAC-011-8"", ""LINE-FAC-035-8""]"
PART-03450,Bearing Assembly 3450,SUP-0402,"[""LINE-FAC-022-5""]"
PART-03451,Bearing Assembly 3451,SUP-0797,"[""LINE-FAC-032-6"", ""LINE-FAC-034-8"", ""LINE-FAC-014-2""]"
PART-03452,Bearing Assembly 3452,SUP-0053,"[""LINE-FAC-036-6"", ""LINE-FAC-012-5"", ""LINE-FAC-034-2""]"
PART-03453,Housing 3453,SUP-0647,"[""LINE-FAC-037-2""]"
PART-03454,Actuator 3454,SUP-0323,"[""LINE-FAC-031-2"", ""LINE-FAC-030-2""]"
PART-03455,Housing 3455,SUP-0306,"[""LINE-FAC-021-2""]"
PART-03456,Actuator 3456,SUP-0282,"[""LINE-FAC-038-4""]"
PART-03457,Housing 3457,SUP-0844,"[""LINE-FAC-027-4""]"
PART-03458,Bracket 3458,SUP-0127,"[""LINE-FAC-006-6"", ""LINE-FAC-017-4"", ""LINE-FAC-016-7""]"
PART-03459,Bearing Assembly 3459,SUP-0277,"[""LINE-FAC-022-8""]"
PART-03460,Bearing Assembly 3460,SUP-0649,"[""LINE-FAC-018-2"", ""LINE-FAC-024-4"", ""LINE-FAC-019-8""]"
PART-03461,Bracket 3461,SUP-0232,"[""LINE-FAC-032-8"", ""LINE-FAC-002-5""]"
PART-03462,Sensor Module 3462,SUP-0721,"[""LINE-FAC-005-2""]"
PART-03463,Bearing Assembly 3463,SUP-0483,"[""LINE-FAC-013-8""]"
PART-03464,Housing 3464,SUP-0465,"[""LINE-FAC-023-7""]"
PART-03465,Coupling 3465,SUP-0024,"[""LINE-FAC-035-7"", ""LINE-FAC-007-3""]"
PART-03466,Actuator 3466,SUP-0767,"[""LINE-FAC-037-7""]"
PART-03467,Valve Body 3467,SUP-0328,"[""LINE-FAC-003-7"", ""LINE-FAC-012-8""]"
PART-03468,Bushing 3468,SUP-0160,"[""LINE-FAC-032-1"", ""LINE-FAC-039-7"", ""LINE-FAC-021-3""]"
PART-03469,Sensor Module 3469,SUP-0682,"[""LINE-FAC-040-5""]"
PART-03470,Actuator 3470,SUP-0922,"[""LINE-FAC-040-2"", ""LINE-FAC-028-8""]"
PART-03471,Housing 3471,SUP-0968,"[""LINE-FAC-006-8"", ""LINE-FAC-028-2""]"
PART-03472,Actuator 3472,SUP-0359,"[""LINE-FAC-009-2""]"
PART-03473,Wiring Harness 3473,SUP-0072,"[""LINE-FAC-013-7"", ""LINE-FAC-035-7"", ""LINE-FAC-029-4""]"
PART-03474,Bracket 3474,SUP-0312,"[""LINE-FAC-029-6""]"
PART-03475,Bushing 3475,SUP-0028,"[""LINE-FAC-034-8""]"
PART-03476,Valve Body 3476,SUP-0752,"[""LINE-FAC-020-7"", ""LINE-FAC-039-8""]"
PART-03477,Wiring Harness 3477,SUP-0232,"[""LINE-FAC-006-3"", ""LINE-FAC-040-3"", ""LINE-FAC-010-1""]"
PART-03478,Wiring Harness 3478,SUP-0765,"[""LINE-FAC-001-8"", ""LINE-FAC-013-8""]"
PART-03479,Housing 3479,SUP-0488,"[""LINE-FAC-040-2"", ""LINE-FAC-025-8"", ""LINE-FAC-004-1""]"
PART-03480,Wiring Harness 3480,SUP-0185,"[""LINE-FAC-039-5""]"
PART-03481,Wiring Harness 3481,SUP-0636,"[""LINE-FAC-007-8"", ""LINE-FAC-018-8""]"
PART-03482,Wiring Harness 3482,SUP-0656,"[""LINE-FAC-034-7"", ""LINE-FAC-036-5"", ""LINE-FAC-013-3""]"
PART-03483,Wiring Harness 3483,SUP-0271,"[""LINE-FAC-025-3""]"
PART-03484,Wiring Harness 3484,SUP-0890,"[""LINE-FAC-002-3"", ""LINE-FAC-018-2""]"
PART-03485,Housing 3485,SUP-0700,"[""LINE-FAC-001-8"", ""LINE-FAC-019-2"", ""LINE-FAC-015-4""]"
PART-03486,Gasket 3486,SUP-0461,"[""LINE-FAC-014-2""]"
PART-03487,Gasket 3487,SUP-0802,"[""LINE-FAC-018-4"", ""LINE-FAC-022-5"", ""LINE-FAC-019-3""]"
PART-03488,Coupling 3488,SUP-0603,"[""LINE-FAC-022-1"", ""LINE-FAC-016-2""]"
PART-03489,Actuator 3489,SUP-0780,"[""LINE-FAC-018-6""]"
PART-03490,Housing 3490,SUP-0419,"[""LINE-FAC-024-5"", ""LINE-FAC-004-2""]"
PART-03491,Valve Body 3491,SUP-0542,"[""LINE-FAC-034-2"", ""LINE-FAC-006-5"", ""LINE-FAC-002-6""]"
PART-03492,Sensor Module 3492,SUP-0382,"[""LINE-FAC-031-2"", ""LINE-FAC-020-3"", ""LINE-FAC-026-6""]"
PART-03493,Wiring Harness 3493,SUP-0821,"[""LINE-FAC-015-3"", ""LINE-FAC-031-3""]"
PART-03494,Sensor Module 3494,SUP-0948,"[""LINE-FAC-021-1"", ""LINE-FAC-019-2"", ""LINE-FAC-002-4""]"
PART-03495,Bushing 3495,SUP-0616,"[""LINE-FAC-013-4"", ""LINE-FAC-026-2"", ""LINE-FAC-002-7""]"
PART-03496,Gasket 3496,SUP-0821,"[""LINE-FAC-001-7"", ""LINE-FAC-024-7""]"
PART-03497,Sensor Module 3497,SUP-0353,"[""LINE-FAC-027-4""]"
PART-03498,Bushing 3498,SUP-0332,"[""LINE-FAC-008-3"", ""LINE-FAC-016-7"", ""LINE-FAC-027-3""]"
PART-03499,Coupling 3499,SUP-0325,"[""LINE-FAC-019-2"", ""LINE-FAC-017-5"", ""LINE-FAC-032-5""]"
PART-03500,Wiring Harness 3500,SUP-0614,"[""LINE-FAC-031-8""]"
PART-03501,Coupling 3501,SUP-0321,"[""LINE-FAC-019-8"", ""LINE-FAC-010-7"", ""LINE-FAC-003-3""]"
PART-03502,Coupling 3502,SUP-0724,"[""LINE-FAC-009-8"", ""LINE-FAC-025-1""]"
PART-03503,Sensor Module 3503,SUP-0470,"[""LINE-FAC-016-6""]"
PART-03504,Wiring Harness 3504,SUP-0361,"[""LINE-FAC-010-7"", ""LINE-FAC-034-5"", ""LINE-FAC-017-7""]"
PART-03505,Valve Body 3505,SUP-0941,"[""LINE-FAC-037-8"", ""LINE-FAC-022-3""]"
PART-03506,Valve Body 3506,SUP-0848,"[""LINE-FAC-010-7""]"
PART-03507,Actuator 3507,SUP-0139,"[""LINE-FAC-015-2"", ""LINE-FAC-034-8""]"
PART-03508,Actuator 3508,SUP-0249,"[""LINE-FAC-036-3"", ""LINE-FAC-006-1""]"
PART-03509,Sensor Module 3509,SUP-0257,"[""LINE-FAC-003-6"", ""LINE-FAC-040-5"", ""LINE-FAC-001-2""]"
PART-03510,Bracket 3510,SUP-0158,"[""LINE-FAC-022-5""]"
PART-03511,Housing 3511,SUP-0292,"[""LINE-FAC-036-6"", ""LINE-FAC-007-2""]"
PART-03512,Housing 3512,SUP-0093,"[""LINE-FAC-004-6"", ""LINE-FAC-015-1""]"
PART-03513,Sensor Module 3513,SUP-0620,"[""LINE-FAC-020-3"", ""LINE-FAC-038-6"", ""LINE-FAC-015-3""]"
PART-03514,Wiring Harness 3514,SUP-0043,"[""LINE-FAC-040-8"", ""LINE-FAC-038-3"", ""LINE-FAC-036-3""]"
PART-03515,Wiring Harness 3515,SUP-0507,"[""LINE-FAC-035-4"", ""LINE-FAC-014-4""]"
PART-03516,Bracket 3516,SUP-0515,"[""LINE-FAC-021-6"", ""LINE-FAC-028-7"", ""LINE-FAC-003-8""]"
PART-03517,Housing 3517,SUP-0782,"[""LINE-FAC-001-8"", ""LINE-FAC-005-5""]"
PART-03518,Valve Body 3518,SUP-0423,"[""LINE-FAC-013-5"", ""LINE-FAC-024-7"", ""LINE-FAC-024-5""]"
PART-03519,Bearing Assembly 3519,SUP-0449,"[""LINE-FAC-012-8"", ""LINE-FAC-031-8""]"
PART-03520,Bracket 3520,SUP-0983,"[""LINE-FAC-016-7"", ""LINE-FAC-023-5""]"
PART-03521,Actuator 3521,SUP-0878,"[""LINE-FAC-026-2"", ""LINE-FAC-024-4"", ""LINE-FAC-039-4""]"
PART-03522,Bearing Assembly 3522,SUP-0156,"[""LINE-FAC-008-4"", ""LINE-FAC-036-4""]"
PART-03523,Actuator 3523,SUP-0621,"[""LINE-FAC-008-8""]"
PART-03524,Wiring Harness 3524,SUP-0991,"[""LINE-FAC-018-6"", ""LINE-FAC-026-2""]"
PART-03525,Bearing Assembly 3525,SUP-0877,"[""LINE-FAC-021-6"", ""LINE-FAC-034-1""]"
PART-03526,Bearing Assembly 3526,SUP-0798,"[""LINE-FAC-015-6"", ""LINE-FAC-026-5""]"
PART-03527,Wiring Harness 3527,SUP-0305,"[""LINE-FAC-003-8""]"
PART-03528,Sensor Module 3528,SUP-0073,"[""LINE-FAC-016-3"", ""LINE-FAC-028-4"", ""LINE-FAC-006-6""]"
PART-03529,Bushing 3529,SUP-0754,"[""LINE-FAC-006-6"", ""LINE-FAC-013-7""]"
PART-03530,Sensor Module 3530,SUP-0752,"[""LINE-FAC-030-2""]"
PART-03531,Gasket 3531,SUP-0031,"[""LINE-FAC-027-5"", ""LINE-FAC-030-3""]"
PART-03532,Valve Body 3532,SUP-0160,"[""LINE-FAC-024-7"", ""LINE-FAC-028-6"", ""LINE-FAC-011-2""]"
PART-03533,Coupling 3533,SUP-0955,"[""LINE-FAC-014-8"", ""LINE-FAC-011-2"", ""LINE-FAC-003-4""]"
PART-03534,Wiring Harness 3534,SUP-0784,"[""LINE-FAC-003-4"", ""LINE-FAC-010-4"", ""LINE-FAC-027-8""]"
PART-03535,Valve Body 3535,SUP-0772,"[""LINE-FAC-029-5""]"
PART-03536,Gasket 3536,SUP-0108,"[""LINE-FAC-020-7"", ""LINE-FAC-022-1"", ""LINE-FAC-039-8""]"
PART-03537,Wiring Harness 3537,SUP-0335,"[""LINE-FAC-004-4""]"
PART-03538,Bearing Assembly 3538,SUP-0585,"[""LINE-FAC-036-4"", ""LINE-FAC-033-4""]"
PART-03539,Housing 3539,SUP-0340,"[""LINE-FAC-029-8""]"
PART-03540,Bushing 3540,SUP-0042,"[""LINE-FAC-020-5"", ""LINE-FAC-033-5"", ""LINE-FAC-020-8""]"
PART-03541,Sensor Module 3541,SUP-0627,"[""LINE-FAC-003-2"", ""LINE-FAC-033-1""]"
PART-03542,Valve Body 3542,SUP-0394,"[""LINE-FAC-036-3""]"
PART-03543,Bearing Assembly 3543,SUP-0072,"[""LINE-FAC-012-6"", ""LINE-FAC-031-3"", ""LINE-FAC-027-3""]"
PART-03544,Coupling 3544,SUP-0383,"[""LINE-FAC-035-2"", ""LINE-FAC-017-1""]"
PART-03545,Wiring Harness 3545,SUP-0219,"[""LINE-FAC-029-2"", ""LINE-FAC-001-3""]"
PART-03546,Housing 3546,SUP-0636,"[""LINE-FAC-029-2""]"
PART-03547,Sensor Module 3547,SUP-0279,"[""LINE-FAC-037-1""]"
PART-03548,Sensor Module 3548,SUP-0533,"[""LINE-FAC-018-5""]"
PART-03549,Bearing Assembly 3549,SUP-0055,"[""LINE-FAC-021-7"", ""LINE-FAC-039-1"", ""LINE-FAC-009-8""]"
PART-03550,Sensor Module 3550,SUP-0098,"[""LINE-FAC-037-4"", ""LINE-FAC-013-6""]"
PART-03551,Sensor Module 3551,SUP-0608,"[""LINE-FAC-013-6"", ""LINE-FAC-040-4""]"
PART-03552,Coupling 3552,SUP-0071,"[""LINE-FAC-008-1""]"
PART-03553,Actuator 3553,SUP-0895,"[""LINE-FAC-019-8"", ""LINE-FAC-009-6""]"
PART-03554,Sensor Module 3554,SUP-0076,"[""LINE-FAC-009-3"", ""LINE-FAC-040-1""]"
PART-03555,Coupling 3555,SUP-0010,"[""LINE-FAC-036-3"", ""LINE-FAC-019-6""]"
PART-03556,Bracket 3556,SUP-0682,"[""LINE-FAC-023-3"", ""LINE-FAC-015-4""]"
PART-03557,Gasket 3557,SUP-0126,"[""LINE-FAC-028-7"", ""LINE-FAC-010-4""]"
PART-03558,Housing 3558,SUP-0377,"[""LINE-FAC-018-1"", ""LINE-FAC-014-1""]"
PART-03559,Bracket 3559,SUP-0705,"[""LINE-FAC-008-6""]"
PART-03560,Bearing Assembly 3560,SUP-0657,"[""LINE-FAC-030-4"", ""LINE-FAC-002-3""]"
PART-03561,Actuator 3561,SUP-0233,"[""LINE-FAC-039-2""]"
PART-03562,Bracket 3562,SUP-0941,"[""LINE-FAC-022-5""]"
PART-03563,Gasket 3563,SUP-0730,"[""LINE-FAC-029-4"", ""LINE-FAC-025-8"", ""LINE-FAC-023-4""]"
PART-03564,Bearing Assembly 3564,SUP-0050,"[""LINE-FAC-012-8""]"
PART-03565,Wiring Harness 3565,SUP-0242,"[""LINE-FAC-033-6""]"
PART-03566,Coupling 3566,SUP-0447,"[""LINE-FAC-030-2"", ""LINE-FAC-011-5""]"
PART-03567,Coupling 3567,SUP-0673,"[""LINE-FAC-031-4"", ""LINE-FAC-033-2""]"
PART-03568,Sensor Module 3568,SUP-0716,"[""LINE-FAC-034-4"", ""LINE-FAC-023-7""]"
PART-03569,Bracket 3569,SUP-0510,"[""LINE-FAC-014-3"", ""LINE-FAC-007-1""]"
PART-03570,Housing 3570,SUP-0914,"[""LINE-FAC-031-7""]"
PART-03571,Sensor Module 3571,SUP-0680,"[""LINE-FAC-005-2""]"
PART-03572,Bearing Assembly 3572,SUP-0711,"[""LINE-FAC-017-5"", ""LINE-FAC-024-2"", ""LINE-FAC-012-3""]"
PART-03573,Sensor Module 3573,SUP-0349,"[""LINE-FAC-037-4"", ""LINE-FAC-026-7"", ""LINE-FAC-008-5""]"
PART-03574,Bracket 3574,SUP-0611,"[""LINE-FAC-012-3"", ""LINE-FAC-004-8""]"
PART-03575,Gasket 3575,SUP-0436,"[""LINE-FAC-017-7"", ""LINE-FAC-040-5"", ""LINE-FAC-032-3""]"
PART-03576,Bearing Assembly 3576,SUP-0725,"[""LINE-FAC-030-4"", ""LINE-FAC-031-7"", ""LINE-FAC-015-6""]"
PART-03577,Gasket 3577,SUP-0106,"[""LINE-FAC-027-8"", ""LINE-FAC-017-7""]"
PART-03578,Gasket 3578,SUP-0212,"[""LINE-FAC-035-8"", ""LINE-FAC-019-1""]"
PART-03579,Valve Body 3579,SUP-0732,"[""LINE-FAC-021-5"", ""LINE-FAC-012-5""]"
PART-03580,Coupling 3580,SUP-0397,"[""LINE-FAC-015-1""]"
PART-03581,Actuator 3581,SUP-0651,"[""LINE-FAC-029-5""]"
PART-03582,Valve Body 3582,SUP-0126,"[""LINE-FAC-037-3"", ""LINE-FAC-030-2"", ""LINE-FAC-037-8""]"
PART-03583,Housing 3583,SUP-0047,"[""LINE-FAC-037-2"", ""LINE-FAC-002-2"", ""LINE-FAC-002-1""]"
PART-03584,Housing 3584,SUP-0351,"[""LINE-FAC-003-5"", ""LINE-FAC-031-8"", ""LINE-FAC-002-8""]"
PART-03585,Bearing Assembly 3585,SUP-0597,"[""LINE-FAC-001-6"", ""LINE-FAC-030-8"", ""LINE-FAC-031-4""]"
PART-03586,Coupling 3586,SUP-0065,"[""LINE-FAC-027-8"", ""LINE-FAC-028-1""]"
PART-03587,Actuator 3587,SUP-0749,"[""LINE-FAC-024-8"", ""LINE-FAC-013-3"", ""LINE-FAC-035-7""]"
PART-03588,Bracket 3588,SUP-0690,"[""LINE-FAC-029-5"", ""LINE-FAC-015-5"", ""LINE-FAC-012-6""]"
PART-03589,Bearing Assembly 3589,SUP-0339,"[""LINE-FAC-003-4""]"
PART-03590,Housing 3590,SUP-0371,"[""LINE-FAC-016-4"", ""LINE-FAC-029-2"", ""LINE-FAC-038-4""]"
PART-03591,Wiring Harness 3591,SUP-0089,"[""LINE-FAC-032-6""]"
PART-03592,Actuator 3592,SUP-0366,"[""LINE-FAC-004-8"", ""LINE-FAC-028-8""]"
PART-03593,Bracket 3593,SUP-0246,"[""LINE-FAC-018-6"", ""LINE-FAC-026-2"", ""LINE-FAC-038-5""]"
PART-03594,Bushing 3594,SUP-0472,"[""LINE-FAC-014-7"", ""LINE-FAC-039-2""]"
PART-03595,Bushing 3595,SUP-0096,"[""LINE-FAC-007-1"", ""LINE-FAC-032-6""]"
PART-03596,Gasket 3596,SUP-0935,"[""LINE-FAC-014-7"", ""LINE-FAC-009-1"", ""LINE-FAC-023-1""]"
PART-03597,Bushing 3597,SUP-0182,"[""LINE-FAC-011-7"", ""LINE-FAC-030-4"", ""LINE-FAC-018-3""]"
PART-03598,Coupling 3598,SUP-0113,"[""LINE-FAC-032-7"", ""LINE-FAC-031-8""]"
PART-03599,Bushing 3599,SUP-0130,"[""LINE-FAC-013-4"", ""LINE-FAC-002-8"", ""LINE-FAC-031-7""]"
PART-03600,Housing 3600,SUP-0888,"[""LINE-FAC-005-1"", ""LINE-FAC-034-4""]"
PART-03601,Bearing Assembly 3601,SUP-0925,"[""LINE-FAC-008-6"", ""LINE-FAC-028-4""]"
PART-03602,Bushing 3602,SUP-0492,"[""LINE-FAC-021-4""]"
PART-03603,Valve Body 3603,SUP-0208,"[""LINE-FAC-025-8"", ""LINE-FAC-016-3"", ""LINE-FAC-015-3""]"
PART-03604,Sensor Module 3604,SUP-0687,"[""LINE-FAC-021-2"", ""LINE-FAC-023-1""]"
PART-03605,Coupling 3605,SUP-0736,"[""LINE-FAC-035-3"", ""LINE-FAC-006-6"", ""LINE-FAC-040-5""]"
PART-03606,Bushing 3606,SUP-0851,"[""LINE-FAC-006-3""]"
PART-03607,Bushing 3607,SUP-0092,"[""LINE-FAC-026-7""]"
PART-03608,Coupling 3608,SUP-0922,"[""LINE-FAC-015-7""]"
PART-03609,Actuator 3609,SUP-0896,"[""LINE-FAC-025-7""]"
PART-03610,Valve Body 3610,SUP-0203,"[""LINE-FAC-022-1"", ""LINE-FAC-009-5""]"
PART-03611,Gasket 3611,SUP-0444,"[""LINE-FAC-025-7""]"
PART-03612,Housing 3612,SUP-0035,"[""LINE-FAC-036-8""]"
PART-03613,Wiring Harness 3613,SUP-0033,"[""LINE-FAC-001-7"", ""LINE-FAC-034-8""]"
PART-03614,Bushing 3614,SUP-0702,"[""LINE-FAC-012-2"", ""LINE-FAC-015-4"", ""LINE-FAC-038-6""]"
PART-03615,Sensor Module 3615,SUP-0879,"[""LINE-FAC-034-7""]"
PART-03616,Bearing Assembly 3616,SUP-0644,"[""LINE-FAC-016-4""]"
PART-03617,Bearing Assembly 3617,SUP-0611,"[""LINE-FAC-006-3"", ""LINE-FAC-003-5""]"
PART-03618,Sensor Module 3618,SUP-0605,"[""LINE-FAC-015-1"", ""LINE-FAC-008-8"", ""LINE-FAC-028-4""]"
PART-03619,Actuator 3619,SUP-0775,"[""LINE-FAC-002-3"", ""LINE-FAC-038-4""]"
PART-03620,Bracket 3620,SUP-0679,"[""LINE-FAC-020-1""]"
PART-03621,Bearing Assembly 3621,SUP-0544,"[""LINE-FAC-002-3""]"
PART-03622,Valve Body 3622,SUP-0144,"[""LINE-FAC-040-5""]"
PART-03623,Valve Body 3623,SUP-0872,"[""LINE-FAC-033-5""]"
PART-03624,Valve Body 3624,SUP-0717,"[""LINE-FAC-019-4"", ""LINE-FAC-027-5""]"
PART-03625,Bearing Assembly 3625,SUP-0465,"[""LINE-FAC-004-2""]"
PART-03626,Valve Body 3626,SUP-0622,"[""LINE-FAC-033-8"", ""LINE-FAC-027-6""]"
PART-03627,Coupling 3627,SUP-0466,"[""LINE-FAC-001-4"", ""LINE-FAC-006-3""]"
PART-03628,Sensor Module 3628,SUP-0659,"[""LINE-FAC-033-5"", ""LINE-FAC-022-4"", ""LINE-FAC-039-7""]"
PART-03629,Coupling 3629,SUP-0550,"[""LINE-FAC-038-4"", ""LINE-FAC-006-1"", ""LINE-FAC-013-2""]"
PART-03630,Actuator 3630,SUP-0292,"[""LINE-FAC-008-4"", ""LINE-FAC-009-6"", ""LINE-FAC-038-5""]"
PART-03631,Actuator 3631,SUP-0715,"[""LINE-FAC-038-3"", ""LINE-FAC-030-4""]"
PART-03632,Valve Body 3632,SUP-0342,"[""LINE-FAC-035-7"", ""LINE-FAC-016-3"", ""LINE-FAC-022-8""]"
PART-03633,Gasket 3633,SUP-0364,"[""LINE-FAC-012-1"", ""LINE-FAC-029-5""]"
PART-03634,Bearing Assembly 3634,SUP-0386,"[""LINE-FAC-014-5"", ""LINE-FAC-027-4""]"
PART-03635,Sensor Module 3635,SUP-0828,"[""LINE-FAC-038-8"", ""LINE-FAC-028-8"", ""LINE-FAC-005-1""]"
PART-03636,Bearing Assembly 3636,SUP-0922,"[""LINE-FAC-015-2"", ""LINE-FAC-028-4"", ""LINE-FAC-020-7""]"
PART-03637,Valve Body 3637,SUP-0133,"[""LINE-FAC-005-3"", ""LINE-FAC-026-1"", ""LINE-FAC-010-7""]"
PART-03638,Bushing 3638,SUP-0146,"[""LINE-FAC-026-4""]"
PART-03639,Coupling 3639,SUP-0694,"[""LINE-FAC-004-4"", ""LINE-FAC-035-7""]"
PART-03640,Gasket 3640,SUP-0660,"[""LINE-FAC-038-6"", ""LINE-FAC-005-2""]"
PART-03641,Housing 3641,SUP-0983,"[""LINE-FAC-037-6"", ""LINE-FAC-017-5"", ""LINE-FAC-011-2""]"
PART-03642,Housing 3642,SUP-0053,"[""LINE-FAC-032-7""]"
PART-03643,Bearing Assembly 3643,SUP-0428,"[""LINE-FAC-017-3""]"
PART-03644,Coupling 3644,SUP-0343,"[""LINE-FAC-034-2""]"
PART-03645,Gasket 3645,SUP-0211,"[""LINE-FAC-009-8"", ""LINE-FAC-018-6""]"
PART-03646,Valve Body 3646,SUP-0636,"[""LINE-FAC-036-3""]"
PART-03647,Actuator 3647,SUP-0953,"[""LINE-FAC-013-4"", ""LINE-FAC-008-4""]"
PART-03648,Sensor Module 3648,SUP-0118,"[""LINE-FAC-006-1"", ""LINE-FAC-009-3"", ""LINE-FAC-031-2""]"
PART-03649,Bracket 3649,SUP-0278,"[""LINE-FAC-033-7"", ""LINE-FAC-023-6""]"
PART-03650,Valve Body 3650,SUP-0305,"[""LINE-FAC-030-7"", ""LINE-FAC-011-2""]"
PART-03651,Bearing Assembly 3651,SUP-0345,"[""LINE-FAC-009-8"", ""LINE-FAC-003-4"", ""LINE-FAC-012-8""]"
PART-03652,Housing 3652,SUP-0593,"[""LINE-FAC-030-2"", ""LINE-FAC-009-3"", ""LINE-FAC-004-7""]"
PART-03653,Valve Body 3653,SUP-0694,"[""LINE-FAC-014-1""]"
PART-03654,Bearing Assembly 3654,SUP-0339,"[""LINE-FAC-019-8""]"
PART-03655,Bracket 3655,SUP-0543,"[""LINE-FAC-018-1""]"
PART-03656,Coupling 3656,SUP-0029,"[""LINE-FAC-002-2"", ""LINE-FAC-032-3"", ""LINE-FAC-037-3""]"
PART-03657,Coupling 3657,SUP-0974,"[""LINE-FAC-029-2"", ""LINE-FAC-028-5""]"
PART-03658,Wiring Harness 3658,SUP-0164,"[""LINE-FAC-019-5""]"
PART-03659,Coupling 3659,SUP-0977,"[""LINE-FAC-011-6""]"
PART-03660,Valve Body 3660,SUP-0143,"[""LINE-FAC-030-7""]"
PART-03661,Gasket 3661,SUP-0202,"[""LINE-FAC-001-4""]"
PART-03662,Sensor Module 3662,SUP-0019,"[""LINE-FAC-025-8"", ""LINE-FAC-019-7""]"
PART-03663,Bushing 3663,SUP-0643,"[""LINE-FAC-012-4""]"
PART-03664,Sensor Module 3664,SUP-0019,"[""LINE-FAC-035-1""]"
PART-03665,Bracket 3665,SUP-0861,"[""LINE-FAC-026-6""]"
PART-03666,Gasket 3666,SUP-0278,"[""LINE-FAC-020-8""]"
PART-03667,Actuator 3667,SUP-0401,"[""LINE-FAC-036-8"", ""LINE-FAC-031-7""]"
PART-03668,Gasket 3668,SUP-0824,"[""LINE-FAC-034-2"", ""LINE-FAC-029-1""]"
PART-03669,Sensor Module 3669,SUP-0301,"[""LINE-FAC-003-7"", ""LINE-FAC-013-8"", ""LINE-FAC-025-4""]"
PART-03670,Bushing 3670,SUP-0678,"[""LINE-FAC-009-6"", ""LINE-FAC-003-7""]"
PART-03671,Coupling 3671,SUP-0940,"[""LINE-FAC-022-4"", ""LINE-FAC-013-6"", ""LINE-FAC-035-7""]"
PART-03672,Bracket 3672,SUP-0435,"[""LINE-FAC-010-5""]"
PART-03673,Bushing 3673,SUP-0376,"[""LINE-FAC-006-1"", ""LINE-FAC-019-5""]"
PART-03674,Wiring Harness 3674,SUP-0277,"[""LINE-FAC-013-5"", ""LINE-FAC-022-5""]"
PART-03675,Bushing 3675,SUP-0932,"[""LINE-FAC-013-5"", ""LINE-FAC-023-5"", ""LINE-FAC-011-6""]"
PART-03676,Actuator 3676,SUP-0738,"[""LINE-FAC-032-4"", ""LINE-FAC-035-2"", ""LINE-FAC-038-6""]"
PART-03677,Valve Body 3677,SUP-0912,"[""LINE-FAC-008-8""]"
PART-03678,Coupling 3678,SUP-0332,"[""LINE-FAC-037-3"", ""LINE-FAC-024-3"", ""LINE-FAC-027-7""]"
PART-03679,Actuator 3679,SUP-0325,"[""LINE-FAC-002-1"", ""LINE-FAC-021-4""]"
PART-03680,Gasket 3680,SUP-0373,"[""LINE-FAC-007-7"", ""LINE-FAC-002-7"", ""LINE-FAC-013-5""]"
PART-03681,Actuator 3681,SUP-0258,"[""LINE-FAC-007-5"", ""LINE-FAC-039-4"", ""LINE-FAC-012-7""]"
PART-03682,Actuator 3682,SUP-0154,"[""LINE-FAC-037-6"", ""LINE-FAC-030-5""]"
PART-03683,Actuator 3683,SUP-0336,"[""LINE-FAC-013-3""]"
PART-03684,Gasket 3684,SUP-0523,"[""LINE-FAC-027-6"", ""LINE-FAC-003-8""]"
PART-03685,Valve Body 3685,SUP-0695,"[""LINE-FAC-032-5"", ""LINE-FAC-037-7""]"
PART-03686,Housing 3686,SUP-0557,"[""LINE-FAC-032-1""]"
PART-03687,Actuator 3687,SUP-0189,"[""LINE-FAC-018-7""]"
PART-03688,Valve Body 3688,SUP-0790,"[""LINE-FAC-001-1""]"
PART-03689,Bracket 3689,SUP-0644,"[""LINE-FAC-024-5""]"
PART-03690,Wiring Harness 3690,SUP-0686,"[""LINE-FAC-002-7""]"
PART-03691,Actuator 3691,SUP-0038,"[""LINE-FAC-010-1""]"
PART-03692,Gasket 3692,SUP-0304,"[""LINE-FAC-035-5"", ""LINE-FAC-004-8"", ""LINE-FAC-020-3""]"
PART-03693,Sensor Module 3693,SUP-0768,"[""LINE-FAC-003-5""]"
PART-03694,Bushing 3694,SUP-0634,"[""LINE-FAC-006-5""]"
PART-03695,Wiring Harness 3695,SUP-0003,"[""LINE-FAC-023-6""]"
PART-03696,Gasket 3696,SUP-0872,"[""LINE-FAC-003-7"", ""LINE-FAC-029-3""]"
PART-03697,Bearing Assembly 3697,SUP-0148,"[""LINE-FAC-040-5"", ""LINE-FAC-029-5"", ""LINE-FAC-032-5""]"
PART-03698,Sensor Module 3698,SUP-0490,"[""LINE-FAC-029-4"", ""LINE-FAC-007-5""]"
PART-03699,Valve Body 3699,SUP-0355,"[""LINE-FAC-014-8""]"
PART-03700,Bracket 3700,SUP-0111,"[""LINE-FAC-018-4"", ""LINE-FAC-027-1"", ""LINE-FAC-023-6""]"
PART-03701,Gasket 3701,SUP-0611,"[""LINE-FAC-038-8"", ""LINE-FAC-016-2""]"
PART-03702,Bracket 3702,SUP-0184,"[""LINE-FAC-004-1"", ""LINE-FAC-025-7""]"
PART-03703,Coupling 3703,SUP-0756,"[""LINE-FAC-019-7""]"
PART-03704,Housing 3704,SUP-0445,"[""LINE-FAC-034-2"", ""LINE-FAC-012-6""]"
PART-03705,Wiring Harness 3705,SUP-0894,"[""LINE-FAC-004-2""]"
PART-03706,Bushing 3706,SUP-0593,"[""LINE-FAC-020-2"", ""LINE-FAC-015-5""]"
PART-03707,Valve Body 3707,SUP-0153,"[""LINE-FAC-038-2"", ""LINE-FAC-013-3""]"
PART-03708,Wiring Harness 3708,SUP-0179,"[""LINE-FAC-011-4""]"
PART-03709,Bearing Assembly 3709,SUP-0526,"[""LINE-FAC-028-2""]"
PART-03710,Coupling 3710,SUP-0710,"[""LINE-FAC-020-4""]"
PART-03711,Housing 3711,SUP-0786,"[""LINE-FAC-018-4""]"
PART-03712,Bearing Assembly 3712,SUP-0697,"[""LINE-FAC-020-4"", ""LINE-FAC-025-5"", ""LINE-FAC-002-6""]"
PART-03713,Actuator 3713,SUP-0960,"[""LINE-FAC-026-6"", ""LINE-FAC-005-6""]"
PART-03714,Gasket 3714,SUP-0251,"[""LINE-FAC-030-1""]"
PART-03715,Valve Body 3715,SUP-0231,"[""LINE-FAC-027-5"", ""LINE-FAC-027-3""]"
PART-03716,Bushing 3716,SUP-0951,"[""LINE-FAC-035-6"", ""LINE-FAC-010-8"", ""LINE-FAC-027-7""]"
PART-03717,Valve Body 3717,SUP-0330,"[""LINE-FAC-023-5"", ""LINE-FAC-022-2"", ""LINE-FAC-022-5""]"
PART-03718,Coupling 3718,SUP-0239,"[""LINE-FAC-021-4""]"
PART-03719,Gasket 3719,SUP-0092,"[""LINE-FAC-035-4""]"
PART-03720,Actuator 3720,SUP-0958,"[""LINE-FAC-008-4""]"
PART-03721,Wiring Harness 3721,SUP-0394,"[""LINE-FAC-024-2""]"
PART-03722,Gasket 3722,SUP-0244,"[""LINE-FAC-027-3"", ""LINE-FAC-018-5"", ""LINE-FAC-033-4""]"
PART-03723,Sensor Module 3723,SUP-0284,"[""LINE-FAC-018-5"", ""LINE-FAC-037-8""]"
PART-03724,Wiring Harness 3724,SUP-0616,"[""LINE-FAC-012-8"", ""LINE-FAC-027-4""]"
PART-03725,Sensor Module 3725,SUP-0392,"[""LINE-FAC-010-3"", ""LINE-FAC-018-3"", ""LINE-FAC-016-5""]"
PART-03726,Actuator 3726,SUP-0290,"[""LINE-FAC-004-1""]"
PART-03727,Gasket 3727,SUP-0881,"[""LINE-FAC-029-2""]"
PART-03728,Bearing Assembly 3728,SUP-0928,"[""LINE-FAC-002-8"", ""LINE-FAC-010-3"", ""LINE-FAC-033-3""]"
PART-03729,Bearing Assembly 3729,SUP-0345,"[""LINE-FAC-006-8"", ""LINE-FAC-033-8""]"
PART-03730,Sensor Module 3730,SUP-0272,"[""LINE-FAC-038-8"", ""LINE-FAC-011-5"", ""LINE-FAC-028-1""]"
PART-03731,Actuator 3731,SUP-0131,"[""LINE-FAC-010-8""]"
PART-03732,Sensor Module 3732,SUP-0894,"[""LINE-FAC-029-4"", ""LINE-FAC-025-5""]"
PART-03733,Sensor Module 3733,SUP-0317,"[""LINE-FAC-037-3""]"
PART-03734,Coupling 3734,SUP-0860,"[""LINE-FAC-004-2"", ""LINE-FAC-028-2""]"
PART-03735,Housing 3735,SUP-0313,"[""LINE-FAC-020-4"", ""LINE-FAC-010-4"", ""LINE-FAC-024-6""]"
PART-03736,Housing 3736,SUP-0016,"[""LINE-FAC-018-1"", ""LINE-FAC-003-8""]"
PART-03737,Sensor Module 3737,SUP-0831,"[""LINE-FAC-019-3"", ""LINE-FAC-005-8"", ""LINE-FAC-031-3""]"
PART-03738,Housing 3738,SUP-0201,"[""LINE-FAC-007-5"", ""LINE-FAC-007-4""]"
PART-03739,Bearing Assembly 3739,SUP-0728,"[""LINE-FAC-004-4""]"
PART-03740,Coupling 3740,SUP-0055,"[""LINE-FAC-024-2""]"
PART-03741,Bearing Assembly 3741,SUP-0189,"[""LINE-FAC-014-8"", ""LINE-FAC-004-5""]"
PART-03742,Valve Body 3742,SUP-0540,"[""LINE-FAC-018-6"", ""LINE-FAC-006-1""]"
PART-03743,Housing 3743,SUP-0009,"[""LINE-FAC-028-2"", ""LINE-FAC-023-7"", ""LINE-FAC-028-3""]"
PART-03744,Bearing Assembly 3744,SUP-0616,"[""LINE-FAC-026-8""]"
PART-03745,Actuator 3745,SUP-0425,"[""LINE-FAC-003-6"", ""LINE-FAC-033-4"", ""LINE-FAC-012-3""]"
PART-03746,Gasket 3746,SUP-0793,"[""LINE-FAC-033-1""]"
PART-03747,Bracket 3747,SUP-0888,"[""LINE-FAC-036-4"", ""LINE-FAC-001-5""]"
PART-03748,Bushing 3748,SUP-0264,"[""LINE-FAC-029-2""]"
PART-03749,Actuator 3749,SUP-0249,"[""LINE-FAC-005-6"", ""LINE-FAC-009-2"", ""LINE-FAC-002-3""]"
PART-03750,Sensor Module 3750,SUP-0875,"[""LINE-FAC-018-3"", ""LINE-FAC-013-6""]"
PART-03751,Valve Body 3751,SUP-0495,"[""LINE-FAC-021-7"", ""LINE-FAC-007-6"", ""LINE-FAC-001-4""]"
PART-03752,Bracket 3752,SUP-0512,"[""LINE-FAC-008-3"", ""LINE-FAC-038-8"", ""LINE-FAC-012-2""]"
PART-03753,Housing 3753,SUP-0909,"[""LINE-FAC-035-7""]"
PART-03754,Actuator 3754,SUP-0735,"[""LINE-FAC-013-7""]"
PART-03755,Bearing Assembly 3755,SUP-0164,"[""LINE-FAC-009-1""]"
PART-03756,Sensor Module 3756,SUP-0695,"[""LINE-FAC-034-6"", ""LINE-FAC-002-7""]"
PART-03757,Bearing Assembly 3757,SUP-0134,"[""LINE-FAC-006-7""]"
PART-03758,Bushing 3758,SUP-0367,"[""LINE-FAC-015-5"", ""LINE-FAC-013-7""]"
PART-03759,Sensor Module 3759,SUP-0142,"[""LINE-FAC-017-6"", ""LINE-FAC-018-7"", ""LINE-FAC-027-4""]"
PART-03760,Bearing Assembly 3760,SUP-0215,"[""LINE-FAC-027-3""]"
PART-03761,Wiring Harness 3761,SUP-0872,"[""LINE-FAC-038-8"", ""LINE-FAC-008-5""]"
PART-03762,Actuator 3762,SUP-0963,"[""LINE-FAC-015-8""]"
PART-03763,Bushing 3763,SUP-0126,"[""LINE-FAC-012-7"", ""LINE-FAC-005-5"", ""LINE-FAC-030-8""]"
PART-03764,Wiring Harness 3764,SUP-0024,"[""LINE-FAC-006-6"", ""LINE-FAC-001-1"", ""LINE-FAC-036-3""]"
PART-03765,Bracket 3765,SUP-0518,"[""LINE-FAC-021-2""]"
PART-03766,Sensor Module 3766,SUP-0170,"[""LINE-FAC-037-2"", ""LINE-FAC-002-7""]"
PART-03767,Bushing 3767,SUP-0466,"[""LINE-FAC-035-5"", ""LINE-FAC-010-3"", ""LINE-FAC-023-5""]"
PART-03768,Wiring Harness 3768,SUP-0554,"[""LINE-FAC-018-3"", ""LINE-FAC-020-4"", ""LINE-FAC-037-2""]"
PART-03769,Coupling 3769,SUP-0485,"[""LINE-FAC-001-7""]"
PART-03770,Bracket 3770,SUP-0238,"[""LINE-FAC-029-1""]"
PART-03771,Bracket 3771,SUP-0166,"[""LINE-FAC-022-4"", ""LINE-FAC-037-6"", ""LINE-FAC-035-7""]"
PART-03772,Coupling 3772,SUP-0699,"[""LINE-FAC-029-5"", ""LINE-FAC-026-2"", ""LINE-FAC-012-1""]"
PART-03773,Wiring Harness 3773,SUP-0101,"[""LINE-FAC-018-4"", ""LINE-FAC-031-7""]"
PART-03774,Bearing Assembly 3774,SUP-0245,"[""LINE-FAC-005-2"", ""LINE-FAC-022-4""]"
PART-03775,Wiring Harness 3775,SUP-0668,"[""LINE-FAC-003-8""]"
PART-03776,Coupling 3776,SUP-0064,"[""LINE-FAC-028-5"", ""LINE-FAC-011-5"", ""LINE-FAC-009-6""]"
PART-03777,Gasket 3777,SUP-0765,"[""LINE-FAC-015-1"", ""LINE-FAC-013-4""]"
PART-03778,Bushing 3778,SUP-0942,"[""LINE-FAC-018-8"", ""LINE-FAC-029-6""]"
PART-03779,Actuator 3779,SUP-0836,"[""LINE-FAC-014-3"", ""LINE-FAC-030-7"", ""LINE-FAC-011-6""]"
PART-03780,Wiring Harness 3780,SUP-0759,"[""LINE-FAC-018-4"", ""LINE-FAC-036-7""]"
PART-03781,Actuator 3781,SUP-0809,"[""LINE-FAC-001-7"", ""LINE-FAC-011-8""]"
PART-03782,Actuator 3782,SUP-0413,"[""LINE-FAC-040-6"", ""LINE-FAC-032-4""]"
PART-03783,Gasket 3783,SUP-0597,"[""LINE-FAC-009-7""]"
PART-03784,Gasket 3784,SUP-0434,"[""LINE-FAC-040-7"", ""LINE-FAC-018-7"", ""LINE-FAC-013-8""]"
PART-03785,Valve Body 3785,SUP-0455,"[""LINE-FAC-003-2""]"
PART-03786,Bracket 3786,SUP-0403,"[""LINE-FAC-029-1"", ""LINE-FAC-011-6"", ""LINE-FAC-036-3""]"
PART-03787,Bushing 3787,SUP-0798,"[""LINE-FAC-036-8""]"
PART-03788,Sensor Module 3788,SUP-0909,"[""LINE-FAC-014-8"", ""LINE-FAC-004-1""]"
PART-03789,Coupling 3789,SUP-0812,"[""LINE-FAC-031-4""]"
PART-03790,Valve Body 3790,SUP-0585,"[""LINE-FAC-005-2"", ""LINE-FAC-035-7""]"
PART-03791,Sensor Module 3791,SUP-0859,"[""LINE-FAC-012-7"", ""LINE-FAC-006-2"", ""LINE-FAC-005-8""]"
PART-03792,Wiring Harness 3792,SUP-0334,"[""LINE-FAC-001-1"", ""LINE-FAC-039-5"", ""LINE-FAC-021-6""]"
PART-03793,Housing 3793,SUP-0947,"[""LINE-FAC-016-3"", ""LINE-FAC-017-4"", ""LINE-FAC-033-6""]"
PART-03794,Wiring Harness 3794,SUP-0569,"[""LINE-FAC-022-5""]"
PART-03795,Valve Body 3795,SUP-0181,"[""LINE-FAC-013-3"", ""LINE-FAC-024-5""]"
PART-03796,Sensor Module 3796,SUP-0476,"[""LINE-FAC-017-4"", ""LINE-FAC-013-3"", ""LINE-FAC-040-2""]"
PART-03797,Gasket 3797,SUP-0678,"[""LINE-FAC-005-6"", ""LINE-FAC-040-2""]"
PART-03798,Housing 3798,SUP-0252,"[""LINE-FAC-017-8"", ""LINE-FAC-006-2""]"
PART-03799,Bearing Assembly 3799,SUP-0778,"[""LINE-FAC-019-3"", ""LINE-FAC-037-3"", ""LINE-FAC-021-3""]"
PART-03800,Coupling 3800,SUP-0259,"[""LINE-FAC-012-5""]"
PART-03801,Coupling 3801,SUP-0466,"[""LINE-FAC-005-1""]"
PART-03802,Bushing 3802,SUP-0857,"[""LINE-FAC-024-5"", ""LINE-FAC-024-2""]"
PART-03803,Coupling 3803,SUP-0111,"[""LINE-FAC-013-3""]"
PART-03804,Wiring Harness 3804,SUP-0542,"[""LINE-FAC-008-3"", ""LINE-FAC-009-4""]"
PART-03805,Bracket 3805,SUP-0796,"[""LINE-FAC-031-5"", ""LINE-FAC-021-1""]"
PART-03806,Bearing Assembly 3806,SUP-0105,"[""LINE-FAC-011-7"", ""LINE-FAC-010-4""]"
PART-03807,Wiring Harness 3807,SUP-0803,"[""LINE-FAC-017-8"", ""LINE-FAC-013-8""]"
PART-03808,Housing 3808,SUP-0385,"[""LINE-FAC-020-4""]"
PART-03809,Bushing 3809,SUP-0091,"[""LINE-FAC-009-1"", ""LINE-FAC-031-4""]"
PART-03810,Wiring Harness 3810,SUP-0909,"[""LINE-FAC-001-5"", ""LINE-FAC-022-8""]"
PART-03811,Coupling 3811,SUP-0630,"[""LINE-FAC-038-7"", ""LINE-FAC-037-7"", ""LINE-FAC-005-4""]"
PART-03812,Bushing 3812,SUP-0051,"[""LINE-FAC-010-1"", ""LINE-FAC-006-1""]"
PART-03813,Bushing 3813,SUP-0262,"[""LINE-FAC-018-4""]"
PART-03814,Valve Body 3814,SUP-0998,"[""LINE-FAC-035-5"", ""LINE-FAC-014-4"", ""LINE-FAC-032-4""]"
PART-03815,Bracket 3815,SUP-0637,"[""LINE-FAC-006-5"", ""LINE-FAC-010-2"", ""LINE-FAC-006-8""]"
PART-03816,Coupling 3816,SUP-0404,"[""LINE-FAC-022-5"", ""LINE-FAC-004-5"", ""LINE-FAC-013-2""]"
PART-03817,Valve Body 3817,SUP-0424,"[""LINE-FAC-011-1""]"
PART-03818,Actuator 3818,SUP-0137,"[""LINE-FAC-027-1""]"
PART-03819,Wiring Harness 3819,SUP-0459,"[""LINE-FAC-035-5""]"
PART-03820,Actuator 3820,SUP-0853,"[""LINE-FAC-034-7"", ""LINE-FAC-013-3""]"
PART-03821,Wiring Harness 3821,SUP-0961,"[""LINE-FAC-038-7""]"
PART-03822,Coupling 3822,SUP-0099,"[""LINE-FAC-037-7""]"
PART-03823,Gasket 3823,SUP-0247,"[""LINE-FAC-006-1""]"
PART-03824,Wiring Harness 3824,SUP-0275,"[""LINE-FAC-011-7"", ""LINE-FAC-025-4""]"
PART-03825,Bracket 3825,SUP-0710,"[""LINE-FAC-022-8"", ""LINE-FAC-015-8"", ""LINE-FAC-029-2""]"
PART-03826,Gasket 3826,SUP-0704,"[""LINE-FAC-026-5"", ""LINE-FAC-003-3""]"
PART-03827,Bearing Assembly 3827,SUP-0682,"[""LINE-FAC-017-2"", ""LINE-FAC-016-6"", ""LINE-FAC-011-7""]"
PART-03828,Bearing Assembly 3828,SUP-0992,"[""LINE-FAC-003-4""]"
PART-03829,Housing 3829,SUP-0857,"[""LINE-FAC-036-1"", ""LINE-FAC-028-7""]"
PART-03830,Wiring Harness 3830,SUP-0811,"[""LINE-FAC-031-6""]"
PART-03831,Housing 3831,SUP-0301,"[""LINE-FAC-018-4"", ""LINE-FAC-035-8"", ""LINE-FAC-015-8""]"
PART-03832,Housing 3832,SUP-0495,"[""LINE-FAC-026-4""]"
PART-03833,Actuator 3833,SUP-0217,"[""LINE-FAC-002-3"", ""LINE-FAC-032-8"", ""LINE-FAC-025-2""]"
PART-03834,Sensor Module 3834,SUP-0691,"[""LINE-FAC-020-1"", ""LINE-FAC-021-1"", ""LINE-FAC-007-3""]"
PART-03835,Actuator 3835,SUP-0492,"[""LINE-FAC-030-4"", ""LINE-FAC-032-8"", ""LINE-FAC-027-5""]"
PART-03836,Sensor Module 3836,SUP-0257,"[""LINE-FAC-026-4""]"
PART-03837,Actuator 3837,SUP-0788,"[""LINE-FAC-024-8""]"
PART-03838,Bracket 3838,SUP-0045,"[""LINE-FAC-021-6""]"
PART-03839,Sensor Module 3839,SUP-0364,"[""LINE-FAC-018-2"", ""LINE-FAC-029-1"", ""LINE-FAC-025-3""]"
PART-03840,Gasket 3840,SUP-0701,"[""LINE-FAC-025-6"", ""LINE-FAC-029-6"", ""LINE-FAC-002-8""]"
PART-03841,Gasket 3841,SUP-0906,"[""LINE-FAC-039-2"", ""LINE-FAC-013-4""]"
PART-03842,Sensor Module 3842,SUP-0736,"[""LINE-FAC-022-8""]"
PART-03843,Bearing Assembly 3843,SUP-0367,"[""LINE-FAC-001-7""]"
PART-03844,Housing 3844,SUP-0354,"[""LINE-FAC-035-6""]"
PART-03845,Wiring Harness 3845,SUP-0980,"[""LINE-FAC-025-3""]"
PART-03846,Coupling 3846,SUP-0674,"[""LINE-FAC-023-4"", ""LINE-FAC-019-8"", ""LINE-FAC-016-4""]"
PART-03847,Bracket 3847,SUP-0436,"[""LINE-FAC-015-8""]"
PART-03848,Sensor Module 3848,SUP-0876,"[""LINE-FAC-023-5"", ""LINE-FAC-016-5"", ""LINE-FAC-037-7""]"
PART-03849,Bushing 3849,SUP-0504,"[""LINE-FAC-023-6"", ""LINE-FAC-012-7""]"
PART-03850,Actuator 3850,SUP-0303,"[""LINE-FAC-023-4"", ""LINE-FAC-001-4""]"
PART-03851,Bearing Assembly 3851,SUP-0606,"[""LINE-FAC-025-8"", ""LINE-FAC-035-6"", ""LINE-FAC-009-7""]"
PART-03852,Actuator 3852,SUP-0499,"[""LINE-FAC-016-5"", ""LINE-FAC-011-2"", ""LINE-FAC-023-2""]"
PART-03853,Bearing Assembly 3853,SUP-0802,"[""LINE-FAC-004-4"", ""LINE-FAC-031-4""]"
PART-03854,Coupling 3854,SUP-0162,"[""LINE-FAC-009-1"", ""LINE-FAC-038-2""]"
PART-03855,Valve Body 3855,SUP-0864,"[""LINE-FAC-037-6"", ""LINE-FAC-035-2""]"
PART-03856,Sensor Module 3856,SUP-0582,"[""LINE-FAC-030-2""]"
PART-03857,Bracket 3857,SUP-0519,"[""LINE-FAC-010-7"", ""LINE-FAC-014-3""]"
PART-03858,Bushing 3858,SUP-0382,"[""LINE-FAC-003-2""]"
PART-03859,Actuator 3859,SUP-0486,"[""LINE-FAC-005-6"", ""LINE-FAC-025-7"", ""LINE-FAC-024-5""]"
PART-03860,Gasket 3860,SUP-0560,"[""LINE-FAC-028-5"", ""LINE-FAC-012-7""]"
PART-03861,Coupling 3861,SUP-0881,"[""LINE-FAC-036-7"", ""LINE-FAC-001-8"", ""LINE-FAC-030-2""]"
PART-03862,Wiring Harness 3862,SUP-0983,"[""LINE-FAC-004-1"", ""LINE-FAC-010-7"", ""LINE-FAC-026-5""]"
PART-03863,Housing 3863,SUP-0901,"[""LINE-FAC-011-4"", ""LINE-FAC-026-2""]"
PART-03864,Housing 3864,SUP-0424,"[""LINE-FAC-008-3""]"
PART-03865,Wiring Harness 3865,SUP-0815,"[""LINE-FAC-015-8"", ""LINE-FAC-031-5""]"
PART-03866,Coupling 3866,SUP-0079,"[""LINE-FAC-032-3""]"
PART-03867,Wiring Harness 3867,SUP-0096,"[""LINE-FAC-033-1"", ""LINE-FAC-014-2""]"
PART-03868,Gasket 3868,SUP-0995,"[""LINE-FAC-025-7"", ""LINE-FAC-033-5""]"
PART-03869,Bracket 3869,SUP-0470,"[""LINE-FAC-040-3"", ""LINE-FAC-023-1""]"
PART-03870,Bushing 3870,SUP-0965,"[""LINE-FAC-015-7"", ""LINE-FAC-010-8""]"
PART-03871,Gasket 3871,SUP-0335,"[""LINE-FAC-035-7"", ""LINE-FAC-034-5""]"
PART-03872,Sensor Module 3872,SUP-0159,"[""LINE-FAC-018-4""]"
PART-03873,Bracket 3873,SUP-0686,"[""LINE-FAC-007-8"", ""LINE-FAC-014-6"", ""LINE-FAC-003-1""]"
PART-03874,Bushing 3874,SUP-0746,"[""LINE-FAC-019-2"", ""LINE-FAC-017-7""]"
PART-03875,Bushing 3875,SUP-0809,"[""LINE-FAC-009-3"", ""LINE-FAC-023-6"", ""LINE-FAC-006-5""]"
PART-03876,Bearing Assembly 3876,SUP-0944,"[""LINE-FAC-033-8"", ""LINE-FAC-039-8""]"
PART-03877,Housing 3877,SUP-0712,"[""LINE-FAC-018-4"", ""LINE-FAC-031-4"", ""LINE-FAC-038-5""]"
PART-03878,Actuator 3878,SUP-0961,"[""LINE-FAC-001-3""]"
PART-03879,Actuator 3879,SUP-0337,"[""LINE-FAC-031-1"", ""LINE-FAC-039-7""]"
PART-03880,Bracket 3880,SUP-0484,"[""LINE-FAC-011-2"", ""LINE-FAC-039-1"", ""LINE-FAC-019-7""]"
PART-03881,Sensor Module 3881,SUP-0324,"[""LINE-FAC-035-6"", ""LINE-FAC-003-5"", ""LINE-FAC-026-4""]"
PART-03882,Sensor Module 3882,SUP-0723,"[""LINE-FAC-040-6"", ""LINE-FAC-020-3"", ""LINE-FAC-035-3""]"
PART-03883,Housing 3883,SUP-0915,"[""LINE-FAC-018-7""]"
PART-03884,Actuator 3884,SUP-0520,"[""LINE-FAC-037-4"", ""LINE-FAC-009-4""]"
PART-03885,Wiring Harness 3885,SUP-0405,"[""LINE-FAC-011-3"", ""LINE-FAC-009-4"", ""LINE-FAC-031-6""]"
PART-03886,Sensor Module 3886,SUP-0990,"[""LINE-FAC-009-5"", ""LINE-FAC-021-1""]"
PART-03887,Bushing 3887,SUP-0903,"[""LINE-FAC-017-1"", ""LINE-FAC-015-2"", ""LINE-FAC-001-8""]"
PART-03888,Valve Body 3888,SUP-0790,"[""LINE-FAC-034-4"", ""LINE-FAC-027-1"", ""LINE-FAC-021-7""]"
PART-03889,Gasket 3889,SUP-0931,"[""LINE-FAC-035-5"", ""LINE-FAC-017-2"", ""LINE-FAC-014-2""]"
PART-03890,Housing 3890,SUP-0776,"[""LINE-FAC-021-8"", ""LINE-FAC-036-6"", ""LINE-FAC-032-2""]"
PART-03891,Gasket 3891,SUP-0496,"[""LINE-FAC-005-5""]"
PART-03892,Sensor Module 3892,SUP-0632,"[""LINE-FAC-038-2"", ""LINE-FAC-022-8""]"
PART-03893,Bracket 3893,SUP-0366,"[""LINE-FAC-017-2"", ""LINE-FAC-012-4""]"
PART-03894,Valve Body 3894,SUP-0345,"[""LINE-FAC-029-1"", ""LINE-FAC-034-3"", ""LINE-FAC-028-3""]"
PART-03895,Gasket 3895,SUP-0228,"[""LINE-FAC-037-1"", ""LINE-FAC-022-4"", ""LINE-FAC-035-3""]"
PART-03896,Sensor Module 3896,SUP-0535,"[""LINE-FAC-037-2"", ""LINE-FAC-009-4"", ""LINE-FAC-021-6""]"
PART-03897,Wiring Harness 3897,SUP-0261,"[""LINE-FAC-034-4"", ""LINE-FAC-017-6""]"
PART-03898,Bracket 3898,SUP-0910,"[""LINE-FAC-031-6"", ""LINE-FAC-012-1""]"
PART-03899,Coupling 3899,SUP-0672,"[""LINE-FAC-007-4""]"
PART-03900,Bearing Assembly 3900,SUP-0393,"[""LINE-FAC-017-4"", ""LINE-FAC-014-8""]"
PART-03901,Bracket 3901,SUP-0284,"[""LINE-FAC-020-3"", ""LINE-FAC-013-8""]"
PART-03902,Coupling 3902,SUP-0571,"[""LINE-FAC-016-1""]"
PART-03903,Housing 3903,SUP-0921,"[""LINE-FAC-030-8""]"
PART-03904,Bushing 3904,SUP-0862,"[""LINE-FAC-038-4""]"
PART-03905,Coupling 3905,SUP-0393,"[""LINE-FAC-033-2"", ""LINE-FAC-005-6""]"
PART-03906,Wiring Harness 3906,SUP-0653,"[""LINE-FAC-025-4"", ""LINE-FAC-022-6"", ""LINE-FAC-035-7""]"
PART-03907,Bearing Assembly 3907,SUP-0814,"[""LINE-FAC-034-1""]"
PART-03908,Actuator 3908,SUP-0934,"[""LINE-FAC-016-6"", ""LINE-FAC-026-2"", ""LINE-FAC-008-6""]"
PART-03909,Bushing 3909,SUP-0768,"[""LINE-FAC-003-6"", ""LINE-FAC-036-6""]"
PART-03910,Bushing 3910,SUP-0604,"[""LINE-FAC-037-1""]"
PART-03911,Wiring Harness 3911,SUP-0869,"[""LINE-FAC-036-5""]"
PART-03912,Coupling 3912,SUP-0368,"[""LINE-FAC-014-4"", ""LINE-FAC-001-6"", ""LINE-FAC-005-6""]"
PART-03913,Sensor Module 3913,SUP-0025,"[""LINE-FAC-033-4"", ""LINE-FAC-003-6"", ""LINE-FAC-028-5""]"
PART-03914,Coupling 3914,SUP-1000,"[""LINE-FAC-031-8""]"
PART-03915,Valve Body 3915,SUP-0191,"[""LINE-FAC-026-6"", ""LINE-FAC-011-4""]"
PART-03916,Gasket 3916,SUP-0629,"[""LINE-FAC-025-8""]"
PART-03917,Wiring Harness 3917,SUP-0872,"[""LINE-FAC-010-8"", ""LINE-FAC-025-3""]"
PART-03918,Actuator 3918,SUP-0807,"[""LINE-FAC-019-7"", ""LINE-FAC-035-6"", ""LINE-FAC-018-7""]"
PART-03919,Wiring Harness 3919,SUP-0974,"[""LINE-FAC-014-6"", ""LINE-FAC-029-7""]"
PART-03920,Sensor Module 3920,SUP-0163,"[""LINE-FAC-013-5"", ""LINE-FAC-029-8"", ""LINE-FAC-011-1""]"
PART-03921,Housing 3921,SUP-0694,"[""LINE-FAC-017-1""]"
PART-03922,Bearing Assembly 3922,SUP-0687,"[""LINE-FAC-035-4"", ""LINE-FAC-004-2""]"
PART-03923,Bracket 3923,SUP-0853,"[""LINE-FAC-035-2""]"
PART-03924,Actuator 3924,SUP-0512,"[""LINE-FAC-025-3"", ""LINE-FAC-004-4""]"
PART-03925,Valve Body 3925,SUP-0819,"[""LINE-FAC-011-1"", ""LINE-FAC-012-4"", ""LINE-FAC-039-5""]"
PART-03926,Valve Body 3926,SUP-0116,"[""LINE-FAC-032-8"", ""LINE-FAC-004-2"", ""LINE-FAC-033-8""]"
PART-03927,Wiring Harness 3927,SUP-0033,"[""LINE-FAC-037-7"", ""LINE-FAC-008-4"", ""LINE-FAC-038-7""]"
PART-03928,Wiring Harness 3928,SUP-0132,"[""LINE-FAC-010-3""]"
PART-03929,Sensor Module 3929,SUP-0764,"[""LINE-FAC-023-8""]"
PART-03930,Actuator 3930,SUP-0818,"[""LINE-FAC-014-6"", ""LINE-FAC-016-3""]"
PART-03931,Actuator 3931,SUP-0918,"[""LINE-FAC-036-2"", ""LINE-FAC-022-2"", ""LINE-FAC-013-4""]"
PART-03932,Actuator 3932,SUP-0269,"[""LINE-FAC-030-8"", ""LINE-FAC-007-6"", ""LINE-FAC-008-2""]"
PART-03933,Housing 3933,SUP-0321,"[""LINE-FAC-003-5""]"
PART-03934,Bearing Assembly 3934,SUP-0819,"[""LINE-FAC-038-5"", ""LINE-FAC-037-1""]"
PART-03935,Coupling 3935,SUP-0399,"[""LINE-FAC-004-1"", ""LINE-FAC-028-7"", ""LINE-FAC-040-7""]"
PART-03936,Gasket 3936,SUP-0678,"[""LINE-FAC-036-2""]"
PART-03937,Bearing Assembly 3937,SUP-0478,"[""LINE-FAC-030-8"", ""LINE-FAC-027-7""]"
PART-03938,Bushing 3938,SUP-0883,"[""LINE-FAC-027-6"", ""LINE-FAC-019-6"", ""LINE-FAC-039-2""]"
PART-03939,Wiring Harness 3939,SUP-0605,"[""LINE-FAC-007-1"", ""LINE-FAC-024-3""]"
PART-03940,Wiring Harness 3940,SUP-0477,"[""LINE-FAC-005-2"", ""LINE-FAC-007-2""]"
PART-03941,Gasket 3941,SUP-0077,"[""LINE-FAC-007-4"", ""LINE-FAC-010-8"", ""LINE-FAC-040-8""]"
PART-03942,Bearing Assembly 3942,SUP-0928,"[""LINE-FAC-011-7"", ""LINE-FAC-035-1""]"
PART-03943,Actuator 3943,SUP-0937,"[""LINE-FAC-030-3""]"
PART-03944,Actuator 3944,SUP-0387,"[""LINE-FAC-004-6"", ""LINE-FAC-027-6""]"
PART-03945,Bushing 3945,SUP-0366,"[""LINE-FAC-009-7"", ""LINE-FAC-013-7"", ""LINE-FAC-025-7""]"
PART-03946,Wiring Harness 3946,SUP-0176,"[""LINE-FAC-014-8""]"
PART-03947,Bracket 3947,SUP-0192,"[""LINE-FAC-029-6"", ""LINE-FAC-027-6""]"
PART-03948,Gasket 3948,SUP-0968,"[""LINE-FAC-015-8"", ""LINE-FAC-036-3""]"
PART-03949,Valve Body 3949,SUP-0769,"[""LINE-FAC-005-3""]"
PART-03950,Actuator 3950,SUP-0299,"[""LINE-FAC-035-5"", ""LINE-FAC-033-7"", ""LINE-FAC-037-4""]"
PART-03951,Bracket 3951,SUP-0056,"[""LINE-FAC-034-5"", ""LINE-FAC-031-4""]"
PART-03952,Valve Body 3952,SUP-0150,"[""LINE-FAC-020-8""]"
PART-03953,Bearing Assembly 3953,SUP-0895,"[""LINE-FAC-006-7""]"
PART-03954,Coupling 3954,SUP-0165,"[""LINE-FAC-029-2""]"
PART-03955,Valve Body 3955,SUP-0537,"[""LINE-FAC-023-6"", ""LINE-FAC-026-7"", ""LINE-FAC-004-3""]"
PART-03956,Bushing 3956,SUP-0866,"[""LINE-FAC-032-3""]"
PART-03957,Sensor Module 3957,SUP-0988,"[""LINE-FAC-023-7"", ""LINE-FAC-006-2"", ""LINE-FAC-014-5""]"
PART-03958,Housing 3958,SUP-0695,"[""LINE-FAC-005-4""]"
PART-03959,Valve Body 3959,SUP-0130,"[""LINE-FAC-032-4""]"
PART-03960,Valve Body 3960,SUP-0726,"[""LINE-FAC-018-2""]"
PART-03961,Bracket 3961,SUP-0725,"[""LINE-FAC-011-6""]"
PART-03962,Actuator 3962,SUP-0633,"[""LINE-FAC-013-5"", ""LINE-FAC-033-3""]"
PART-03963,Bracket 3963,SUP-0893,"[""LINE-FAC-035-3""]"
PART-03964,Valve Body 3964,SUP-0753,"[""LINE-FAC-028-7"", ""LINE-FAC-021-7"", ""LINE-FAC-024-1""]"
PART-03965,Coupling 3965,SUP-0574,"[""LINE-FAC-034-2""]"
PART-03966,Bearing Assembly 3966,SUP-0344,"[""LINE-FAC-028-8"", ""LINE-FAC-028-6"", ""LINE-FAC-012-8""]"
PART-03967,Wiring Harness 3967,SUP-0081,"[""LINE-FAC-006-2"", ""LINE-FAC-014-8""]"
PART-03968,Sensor Module 3968,SUP-0351,"[""LINE-FAC-035-8"", ""LINE-FAC-013-6"", ""LINE-FAC-007-8""]"
PART-03969,Housing 3969,SUP-0950,"[""LINE-FAC-034-1"", ""LINE-FAC-024-5"", ""LINE-FAC-017-8""]"
PART-03970,Bracket 3970,SUP-0154,"[""LINE-FAC-009-5""]"
PART-03971,Bracket 3971,SUP-0926,"[""LINE-FAC-004-1"", ""LINE-FAC-011-6"", ""LINE-FAC-007-7""]"
PART-03972,Bearing Assembly 3972,SUP-0366,"[""LINE-FAC-029-1"", ""LINE-FAC-027-4"", ""LINE-FAC-035-1""]"
PART-03973,Sensor Module 3973,SUP-0661,"[""LINE-FAC-008-4"", ""LINE-FAC-033-6"", ""LINE-FAC-029-8""]"
PART-03974,Housing 3974,SUP-0836,"[""LINE-FAC-033-2"", ""LINE-FAC-009-3""]"
PART-03975,Gasket 3975,SUP-0423,"[""LINE-FAC-029-3""]"
PART-03976,Housing 3976,SUP-0954,"[""LINE-FAC-036-7"", ""LINE-FAC-022-7"", ""LINE-FAC-001-5""]"
PART-03977,Bracket 3977,SUP-0941,"[""LINE-FAC-018-2"", ""LINE-FAC-006-1"", ""LINE-FAC-009-1""]"
PART-03978,Wiring Harness 3978,SUP-0647,"[""LINE-FAC-023-4""]"
PART-03979,Gasket 3979,SUP-0086,"[""LINE-FAC-035-6"", ""LINE-FAC-018-3"", ""LINE-FAC-029-3""]"
PART-03980,Coupling 3980,SUP-0346,"[""LINE-FAC-040-2"", ""LINE-FAC-024-5"", ""LINE-FAC-040-6""]"
PART-03981,Bearing Assembly 3981,SUP-0475,"[""LINE-FAC-038-2"", ""LINE-FAC-033-4"", ""LINE-FAC-002-7""]"
PART-03982,Bushing 3982,SUP-0326,"[""LINE-FAC-032-4""]"
PART-03983,Bushing 3983,SUP-0100,"[""LINE-FAC-013-4""]"
PART-03984,Bushing 3984,SUP-0771,"[""LINE-FAC-028-1""]"
PART-03985,Coupling 3985,SUP-0809,"[""LINE-FAC-034-6"", ""LINE-FAC-019-3"", ""LINE-FAC-007-6""]"
PART-03986,Housing 3986,SUP-0318,"[""LINE-FAC-033-5""]"
PART-03987,Actuator 3987,SUP-0512,"[""LINE-FAC-015-5"", ""LINE-FAC-009-7""]"
PART-03988,Housing 3988,SUP-0682,"[""LINE-FAC-005-1"", ""LINE-FAC-001-3""]"
PART-03989,Bracket 3989,SUP-0376,"[""LINE-FAC-028-7""]"
PART-03990,Wiring Harness 3990,SUP-0783,"[""LINE-FAC-030-6""]"
PART-03991,Bushing 3991,SUP-0874,"[""LINE-FAC-038-7""]"
PART-03992,Coupling 3992,SUP-0244,"[""LINE-FAC-020-5"", ""LINE-FAC-007-3"", ""LINE-FAC-028-7""]"
PART-03993,Bushing 3993,SUP-0226,"[""LINE-FAC-018-1"", ""LINE-FAC-030-3"", ""LINE-FAC-040-2""]"
PART-03994,Bearing Assembly 3994,SUP-0545,"[""LINE-FAC-036-8""]"
PART-03995,Bushing 3995,SUP-0647,"[""LINE-FAC-007-5"", ""LINE-FAC-023-5""]"
PART-03996,Coupling 3996,SUP-0778,"[""LINE-FAC-035-3"", ""LINE-FAC-008-7""]"
PART-03997,Actuator 3997,SUP-0024,"[""LINE-FAC-018-8"", ""LINE-FAC-017-4""]"
PART-03998,Coupling 3998,SUP-0817,"[""LINE-FAC-015-6""]"
PART-03999,Valve Body 3999,SUP-0292,"[""LINE-FAC-002-5"", ""LINE-FAC-021-3"", ""LINE-FAC-006-3""]"
PART-04000,Housing 4000,SUP-0268,"[""LINE-FAC-014-2""]"
PART-04001,Sensor Module 4001,SUP-0800,"[""LINE-FAC-028-3""]"
PART-04002,Actuator 4002,SUP-0875,"[""LINE-FAC-002-4""]"
PART-04003,Actuator 4003,SUP-0046,"[""LINE-FAC-002-5""]"
PART-04004,Bracket 4004,SUP-0157,"[""LINE-FAC-003-7"", ""LINE-FAC-035-7"", ""LINE-FAC-026-6""]"
PART-04005,Valve Body 4005,SUP-0859,"[""LINE-FAC-002-6"", ""LINE-FAC-031-8""]"
PART-04006,Housing 4006,SUP-0225,"[""LINE-FAC-005-8"", ""LINE-FAC-009-5"", ""LINE-FAC-024-4""]"
PART-04007,Valve Body 4007,SUP-0179,"[""LINE-FAC-028-2"", ""LINE-FAC-004-5""]"
PART-04008,Gasket 4008,SUP-0804,"[""LINE-FAC-024-7"", ""LINE-FAC-003-7"", ""LINE-FAC-036-7""]"
PART-04009,Housing 4009,SUP-0763,"[""LINE-FAC-016-2"", ""LINE-FAC-028-2"", ""LINE-FAC-040-6""]"
PART-04010,Sensor Module 4010,SUP-0834,"[""LINE-FAC-014-7""]"
PART-04011,Bushing 4011,SUP-0657,"[""LINE-FAC-010-2""]"
PART-04012,Sensor Module 4012,SUP-0722,"[""LINE-FAC-020-4""]"
PART-04013,Valve Body 4013,SUP-0657,"[""LINE-FAC-030-3"", ""LINE-FAC-017-1"", ""LINE-FAC-025-2""]"
PART-04014,Actuator 4014,SUP-0557,"[""LINE-FAC-024-6""]"
PART-04015,Coupling 4015,SUP-0069,"[""LINE-FAC-002-3""]"
PART-04016,Coupling 4016,SUP-0698,"[""LINE-FAC-007-7"", ""LINE-FAC-010-7""]"
PART-04017,Bushing 4017,SUP-0666,"[""LINE-FAC-033-2""]"
PART-04018,Actuator 4018,SUP-0154,"[""LINE-FAC-039-4"", ""LINE-FAC-010-8"", ""LINE-FAC-018-8""]"
PART-04019,Coupling 4019,SUP-0788,"[""LINE-FAC-035-3""]"
PART-04020,Bracket 4020,SUP-0512,"[""LINE-FAC-026-3""]"
PART-04021,Bushing 4021,SUP-0592,"[""LINE-FAC-016-2""]"
PART-04022,Bracket 4022,SUP-0060,"[""LINE-FAC-019-3"", ""LINE-FAC-032-3"", ""LINE-FAC-039-8""]"
PART-04023,Gasket 4023,SUP-0837,"[""LINE-FAC-027-1"", ""LINE-FAC-037-5"", ""LINE-FAC-030-7""]"
PART-04024,Valve Body 4024,SUP-0402,"[""LINE-FAC-006-3"", ""LINE-FAC-034-5"", ""LINE-FAC-021-5""]"
PART-04025,Gasket 4025,SUP-0742,"[""LINE-FAC-011-5""]"
PART-04026,Bearing Assembly 4026,SUP-0761,"[""LINE-FAC-022-7"", ""LINE-FAC-021-6"", ""LINE-FAC-032-7""]"
PART-04027,Gasket 4027,SUP-0862,"[""LINE-FAC-016-4""]"
PART-04028,Wiring Harness 4028,SUP-0304,"[""LINE-FAC-013-3""]"
PART-04029,Bushing 4029,SUP-0588,"[""LINE-FAC-021-5"", ""LINE-FAC-011-6""]"
PART-04030,Sensor Module 4030,SUP-0571,"[""LINE-FAC-009-6""]"
PART-04031,Bushing 4031,SUP-0828,"[""LINE-FAC-023-2"", ""LINE-FAC-007-7"", ""LINE-FAC-020-7""]"
PART-04032,Bearing Assembly 4032,SUP-0221,"[""LINE-FAC-027-4"", ""LINE-FAC-037-4""]"
PART-04033,Wiring Harness 4033,SUP-0161,"[""LINE-FAC-010-6"", ""LINE-FAC-038-1""]"
PART-04034,Wiring Harness 4034,SUP-0188,"[""LINE-FAC-012-3""]"
PART-04035,Bracket 4035,SUP-0802,"[""LINE-FAC-026-4"", ""LINE-FAC-028-6""]"
PART-04036,Gasket 4036,SUP-0320,"[""LINE-FAC-021-5""]"
PART-04037,Coupling 4037,SUP-0194,"[""LINE-FAC-002-7""]"
PART-04038,Bearing Assembly 4038,SUP-0656,"[""LINE-FAC-012-1""]"
PART-04039,Bearing Assembly 4039,SUP-0708,"[""LINE-FAC-034-1"", ""LINE-FAC-023-3""]"
PART-04040,Valve Body 4040,SUP-0230,"[""LINE-FAC-027-2""]"
PART-04041,Bushing 4041,SUP-0002,"[""LINE-FAC-008-1"", ""LINE-FAC-009-5""]"
PART-04042,Actuator 4042,SUP-0778,"[""LINE-FAC-013-3""]"
PART-04043,Actuator 4043,SUP-0776,"[""LINE-FAC-003-7"", ""LINE-FAC-019-1""]"
PART-04044,Bearing Assembly 4044,SUP-0094,"[""LINE-FAC-035-6""]"
PART-04045,Wiring Harness 4045,SUP-0585,"[""LINE-FAC-038-6"", ""LINE-FAC-021-4""]"
PART-04046,Valve Body 4046,SUP-0740,"[""LINE-FAC-004-3"", ""LINE-FAC-011-7"", ""LINE-FAC-014-8""]"
PART-04047,Housing 4047,SUP-0132,"[""LINE-FAC-013-8""]"
PART-04048,Coupling 4048,SUP-0929,"[""LINE-FAC-018-3"", ""LINE-FAC-018-5""]"
PART-04049,Housing 4049,SUP-0181,"[""LINE-FAC-025-7"", ""LINE-FAC-001-1""]"
PART-04050,Sensor Module 4050,SUP-0501,"[""LINE-FAC-025-5"", ""LINE-FAC-033-1"", ""LINE-FAC-017-3""]"
PART-04051,Bracket 4051,SUP-0051,"[""LINE-FAC-007-1"", ""LINE-FAC-034-6""]"
PART-04052,Valve Body 4052,SUP-0337,"[""LINE-FAC-022-5""]"
PART-04053,Bearing Assembly 4053,SUP-0307,"[""LINE-FAC-019-7"", ""LINE-FAC-039-3"", ""LINE-FAC-016-2""]"
PART-04054,Gasket 4054,SUP-0348,"[""LINE-FAC-012-3"", ""LINE-FAC-018-4""]"
PART-04055,Valve Body 4055,SUP-0151,"[""LINE-FAC-017-7""]"
PART-04056,Actuator 4056,SUP-0087,"[""LINE-FAC-010-1""]"
PART-04057,Housing 4057,SUP-0345,"[""LINE-FAC-019-6"", ""LINE-FAC-025-4"", ""LINE-FAC-002-6""]"
PART-04058,Housing 4058,SUP-0418,"[""LINE-FAC-035-3""]"
PART-04059,Sensor Module 4059,SUP-0673,"[""LINE-FAC-039-5""]"
PART-04060,Wiring Harness 4060,SUP-0028,"[""LINE-FAC-016-1""]"
PART-04061,Sensor Module 4061,SUP-0258,"[""LINE-FAC-035-7"", ""LINE-FAC-039-5""]"
PART-04062,Coupling 4062,SUP-0466,"[""LINE-FAC-029-5"", ""LINE-FAC-026-5""]"
PART-04063,Bearing Assembly 4063,SUP-0347,"[""LINE-FAC-028-4"", ""LINE-FAC-010-2"", ""LINE-FAC-032-8""]"
PART-04064,Housing 4064,SUP-0843,"[""LINE-FAC-030-6""]"
PART-04065,Bearing Assembly 4065,SUP-0291,"[""LINE-FAC-027-2""]"
PART-04066,Housing 4066,SUP-0913,"[""LINE-FAC-004-8""]"
PART-04067,Housing 4067,SUP-0065,"[""LINE-FAC-032-6""]"
PART-04068,Coupling 4068,SUP-0088,"[""LINE-FAC-012-4"", ""LINE-FAC-011-2""]"
PART-04069,Bushing 4069,SUP-0386,"[""LINE-FAC-022-1"", ""LINE-FAC-026-3"", ""LINE-FAC-016-2""]"
PART-04070,Coupling 4070,SUP-0391,"[""LINE-FAC-002-5""]"
PART-04071,Actuator 4071,SUP-0806,"[""LINE-FAC-005-7"", ""LINE-FAC-035-5"", ""LINE-FAC-038-2""]"
PART-04072,Valve Body 4072,SUP-0953,"[""LINE-FAC-007-6""]"
PART-04073,Bearing Assembly 4073,SUP-0533,"[""LINE-FAC-012-6""]"
PART-04074,Bearing Assembly 4074,SUP-0925,"[""LINE-FAC-023-1""]"
PART-04075,Actuator 4075,SUP-0088,"[""LINE-FAC-034-6""]"
PART-04076,Bracket 4076,SUP-0862,"[""LINE-FAC-038-8"", ""LINE-FAC-033-5"", ""LINE-FAC-014-5""]"
PART-04077,Bearing Assembly 4077,SUP-0951,"[""LINE-FAC-011-3""]"
PART-04078,Bracket 4078,SUP-0087,"[""LINE-FAC-029-1""]"
PART-04079,Gasket 4079,SUP-0002,"[""LINE-FAC-004-4""]"
PART-04080,Coupling 4080,SUP-0659,"[""LINE-FAC-040-5"", ""LINE-FAC-033-4""]"
PART-04081,Sensor Module 4081,SUP-0620,"[""LINE-FAC-039-7""]"
PART-04082,Sensor Module 4082,SUP-0988,"[""LINE-FAC-007-3"", ""LINE-FAC-002-6"", ""LINE-FAC-017-6""]"
PART-04083,Wiring Harness 4083,SUP-0421,"[""LINE-FAC-036-5""]"
PART-04084,Wiring Harness 4084,SUP-0511,"[""LINE-FAC-001-6"", ""LINE-FAC-023-6"", ""LINE-FAC-016-5""]"
PART-04085,Wiring Harness 4085,SUP-0140,"[""LINE-FAC-039-2""]"
PART-04086,Actuator 4086,SUP-0243,"[""LINE-FAC-013-8"", ""LINE-FAC-034-8"", ""LINE-FAC-008-7""]"
PART-04087,Actuator 4087,SUP-0180,"[""LINE-FAC-021-1"", ""LINE-FAC-011-5"", ""LINE-FAC-004-8""]"
PART-04088,Bracket 4088,SUP-0600,"[""LINE-FAC-027-6""]"
PART-04089,Wiring Harness 4089,SUP-0524,"[""LINE-FAC-003-2"", ""LINE-FAC-009-2"", ""LINE-FAC-003-5""]"
PART-04090,Coupling 4090,SUP-0863,"[""LINE-FAC-029-2""]"
PART-04091,Valve Body 4091,SUP-0177,"[""LINE-FAC-010-2"", ""LINE-FAC-039-7""]"
PART-04092,Sensor Module 4092,SUP-0625,"[""LINE-FAC-018-7""]"
PART-04093,Wiring Harness 4093,SUP-0108,"[""LINE-FAC-040-6"", ""LINE-FAC-034-5"", ""LINE-FAC-006-8""]"
PART-04094,Sensor Module 4094,SUP-0655,"[""LINE-FAC-005-8""]"
PART-04095,Bearing Assembly 4095,SUP-0711,"[""LINE-FAC-033-8"", ""LINE-FAC-009-3""]"
PART-04096,Valve Body 4096,SUP-0370,"[""LINE-FAC-015-6""]"
PART-04097,Gasket 4097,SUP-0250,"[""LINE-FAC-014-4"", ""LINE-FAC-040-2"", ""LINE-FAC-001-8""]"
PART-04098,Wiring Harness 4098,SUP-0443,"[""LINE-FAC-028-5""]"
PART-04099,Actuator 4099,SUP-0077,"[""LINE-FAC-020-4"", ""LINE-FAC-031-2"", ""LINE-FAC-010-2""]"
PART-04100,Housing 4100,SUP-0841,"[""LINE-FAC-018-1"", ""LINE-FAC-031-4"", ""LINE-FAC-038-1""]"
PART-04101,Sensor Module 4101,SUP-0102,"[""LINE-FAC-001-4"", ""LINE-FAC-006-7"", ""LINE-FAC-032-1""]"
PART-04102,Gasket 4102,SUP-0964,"[""LINE-FAC-013-2"", ""LINE-FAC-025-4"", ""LINE-FAC-023-7""]"
PART-04103,Bearing Assembly 4103,SUP-0837,"[""LINE-FAC-001-8"", ""LINE-FAC-016-7""]"
PART-04104,Coupling 4104,SUP-0153,"[""LINE-FAC-032-2"", ""LINE-FAC-016-3"", ""LINE-FAC-034-1""]"
PART-04105,Valve Body 4105,SUP-0280,"[""LINE-FAC-015-5"", ""LINE-FAC-009-7""]"
PART-04106,Wiring Harness 4106,SUP-0772,"[""LINE-FAC-035-5"", ""LINE-FAC-002-2""]"
PART-04107,Wiring Harness 4107,SUP-0294,"[""LINE-FAC-023-8"", ""LINE-FAC-004-4"", ""LINE-FAC-034-2""]"
PART-04108,Bushing 4108,SUP-0682,"[""LINE-FAC-037-8"", ""LINE-FAC-029-4"", ""LINE-FAC-040-8""]"
PART-04109,Bracket 4109,SUP-0189,"[""LINE-FAC-012-6"", ""LINE-FAC-024-3"", ""LINE-FAC-001-5""]"
PART-04110,Gasket 4110,SUP-0857,"[""LINE-FAC-017-5"", ""LINE-FAC-037-2"", ""LINE-FAC-016-8""]"
PART-04111,Gasket 4111,SUP-0322,"[""LINE-FAC-002-8"", ""LINE-FAC-034-1"", ""LINE-FAC-024-1""]"
PART-04112,Actuator 4112,SUP-0908,"[""LINE-FAC-019-4"", ""LINE-FAC-008-7""]"
PART-04113,Housing 4113,SUP-0816,"[""LINE-FAC-031-3"", ""LINE-FAC-005-1"", ""LINE-FAC-035-3""]"
PART-04114,Housing 4114,SUP-0855,"[""LINE-FAC-018-7""]"
PART-04115,Wiring Harness 4115,SUP-0073,"[""LINE-FAC-029-8"", ""LINE-FAC-030-7""]"
PART-04116,Bearing Assembly 4116,SUP-0886,"[""LINE-FAC-014-8"", ""LINE-FAC-030-1"", ""LINE-FAC-022-2""]"
PART-04117,Coupling 4117,SUP-0732,"[""LINE-FAC-013-2"", ""LINE-FAC-024-7""]"
PART-04118,Bearing Assembly 4118,SUP-0044,"[""LINE-FAC-012-6""]"
PART-04119,Valve Body 4119,SUP-0339,"[""LINE-FAC-038-7"", ""LINE-FAC-031-6""]"
PART-04120,Wiring Harness 4120,SUP-0404,"[""LINE-FAC-032-4""]"
PART-04121,Valve Body 4121,SUP-0770,"[""LINE-FAC-026-1"", ""LINE-FAC-035-3""]"
PART-04122,Housing 4122,SUP-0495,"[""LINE-FAC-002-5"", ""LINE-FAC-018-4"", ""LINE-FAC-009-5""]"
PART-04123,Bushing 4123,SUP-0146,"[""LINE-FAC-002-5"", ""LINE-FAC-023-4"", ""LINE-FAC-018-1""]"
PART-04124,Bushing 4124,SUP-0194,"[""LINE-FAC-016-5"", ""LINE-FAC-035-3""]"
PART-04125,Coupling 4125,SUP-0209,"[""LINE-FAC-039-1"", ""LINE-FAC-006-3"", ""LINE-FAC-009-4""]"
PART-04126,Bushing 4126,SUP-0244,"[""LINE-FAC-017-4"", ""LINE-FAC-018-2""]"
PART-04127,Gasket 4127,SUP-0204,"[""LINE-FAC-018-2"", ""LINE-FAC-026-1"", ""LINE-FAC-024-8""]"
PART-04128,Gasket 4128,SUP-0793,"[""LINE-FAC-033-1"", ""LINE-FAC-031-6""]"
PART-04129,Housing 4129,SUP-0381,"[""LINE-FAC-040-3"", ""LINE-FAC-006-2""]"
PART-04130,Bushing 4130,SUP-0906,"[""LINE-FAC-004-7"", ""LINE-FAC-001-5"", ""LINE-FAC-021-3""]"
PART-04131,Sensor Module 4131,SUP-0358,"[""LINE-FAC-015-1"", ""LINE-FAC-025-4"", ""LINE-FAC-002-7""]"
PART-04132,Housing 4132,SUP-0859,"[""LINE-FAC-029-7"", ""LINE-FAC-009-1""]"
PART-04133,Gasket 4133,SUP-0044,"[""LINE-FAC-034-1"", ""LINE-FAC-001-1"", ""LINE-FAC-001-8""]"
PART-04134,Sensor Module 4134,SUP-0082,"[""LINE-FAC-011-7"", ""LINE-FAC-012-7""]"
PART-04135,Valve Body 4135,SUP-0258,"[""LINE-FAC-019-5""]"
PART-04136,Bearing Assembly 4136,SUP-0541,"[""LINE-FAC-008-8"", ""LINE-FAC-020-3"", ""LINE-FAC-011-7""]"
PART-04137,Housing 4137,SUP-0189,"[""LINE-FAC-021-6"", ""LINE-FAC-017-8"", ""LINE-FAC-009-1""]"
PART-04138,Bracket 4138,SUP-0988,"[""LINE-FAC-007-3"", ""LINE-FAC-029-8""]"
PART-04139,Bearing Assembly 4139,SUP-0509,"[""LINE-FAC-040-7"", ""LINE-FAC-013-3"", ""LINE-FAC-029-6""]"
PART-04140,Bushing 4140,SUP-0066,"[""LINE-FAC-032-4"", ""LINE-FAC-008-4"", ""LINE-FAC-001-6""]"
PART-04141,Bracket 4141,SUP-0564,"[""LINE-FAC-034-8"", ""LINE-FAC-027-6""]"
PART-04142,Sensor Module 4142,SUP-0048,"[""LINE-FAC-008-7""]"
PART-04143,Housing 4143,SUP-0338,"[""LINE-FAC-027-2"", ""LINE-FAC-014-6""]"
PART-04144,Gasket 4144,SUP-0842,"[""LINE-FAC-002-5"", ""LINE-FAC-020-8""]"
PART-04145,Bearing Assembly 4145,SUP-0915,"[""LINE-FAC-024-1"", ""LINE-FAC-019-8""]"
PART-04146,Valve Body 4146,SUP-0992,"[""LINE-FAC-024-8"", ""LINE-FAC-034-4""]"
PART-04147,Bracket 4147,SUP-0239,"[""LINE-FAC-021-8"", ""LINE-FAC-021-7"", ""LINE-FAC-022-4""]"
PART-04148,Valve Body 4148,SUP-0701,"[""LINE-FAC-034-5"", ""LINE-FAC-024-5""]"
PART-04149,Sensor Module 4149,SUP-0739,"[""LINE-FAC-038-3"", ""LINE-FAC-006-5""]"
PART-04150,Sensor Module 4150,SUP-0127,"[""LINE-FAC-004-2"", ""LINE-FAC-019-5"", ""LINE-FAC-016-4""]"
PART-04151,Bushing 4151,SUP-0834,"[""LINE-FAC-017-2""]"
PART-04152,Bearing Assembly 4152,SUP-0824,"[""LINE-FAC-011-6""]"
PART-04153,Sensor Module 4153,SUP-0304,"[""LINE-FAC-010-8"", ""LINE-FAC-011-1"", ""LINE-FAC-011-7""]"
PART-04154,Bearing Assembly 4154,SUP-0169,"[""LINE-FAC-011-6"", ""LINE-FAC-036-6"", ""LINE-FAC-019-4""]"
PART-04155,Gasket 4155,SUP-0840,"[""LINE-FAC-010-2"", ""LINE-FAC-039-4"", ""LINE-FAC-021-2""]"
PART-04156,Bearing Assembly 4156,SUP-0280,"[""LINE-FAC-019-7"", ""LINE-FAC-001-1""]"
PART-04157,Housing 4157,SUP-0298,"[""LINE-FAC-029-2"", ""LINE-FAC-021-2"", ""LINE-FAC-019-1""]"
PART-04158,Coupling 4158,SUP-0472,"[""LINE-FAC-031-6"", ""LINE-FAC-008-5"", ""LINE-FAC-035-3""]"
PART-04159,Housing 4159,SUP-0139,"[""LINE-FAC-030-2"", ""LINE-FAC-039-7""]"
PART-04160,Actuator 4160,SUP-0577,"[""LINE-FAC-006-8"", ""LINE-FAC-034-4"", ""LINE-FAC-017-5""]"
PART-04161,Housing 4161,SUP-0961,"[""LINE-FAC-028-2"", ""LINE-FAC-010-3""]"
PART-04162,Valve Body 4162,SUP-0267,"[""LINE-FAC-034-1"", ""LINE-FAC-013-1""]"
PART-04163,Housing 4163,SUP-0165,"[""LINE-FAC-016-3"", ""LINE-FAC-013-3""]"
PART-04164,Actuator 4164,SUP-0487,"[""LINE-FAC-026-3"", ""LINE-FAC-021-8""]"
PART-04165,Coupling 4165,SUP-0060,"[""LINE-FAC-006-5"", ""LINE-FAC-033-8"", ""LINE-FAC-033-1""]"
PART-04166,Sensor Module 4166,SUP-0592,"[""LINE-FAC-001-6""]"
PART-04167,Valve Body 4167,SUP-0274,"[""LINE-FAC-029-8""]"
PART-04168,Bracket 4168,SUP-0634,"[""LINE-FAC-011-7"", ""LINE-FAC-030-3"", ""LINE-FAC-034-2""]"
PART-04169,Gasket 4169,SUP-0353,"[""LINE-FAC-005-4"", ""LINE-FAC-011-3""]"
PART-04170,Coupling 4170,SUP-0949,"[""LINE-FAC-024-4"", ""LINE-FAC-009-1"", ""LINE-FAC-017-3""]"
PART-04171,Bracket 4171,SUP-0368,"[""LINE-FAC-032-4"", ""LINE-FAC-016-5"", ""LINE-FAC-004-8""]"
PART-04172,Coupling 4172,SUP-0858,"[""LINE-FAC-014-2"", ""LINE-FAC-017-3"", ""LINE-FAC-002-2""]"
PART-04173,Bushing 4173,SUP-0838,"[""LINE-FAC-023-8"", ""LINE-FAC-004-6""]"
PART-04174,Sensor Module 4174,SUP-0499,"[""LINE-FAC-037-6""]"
PART-04175,Actuator 4175,SUP-0997,"[""LINE-FAC-001-3"", ""LINE-FAC-025-4"", ""LINE-FAC-024-1""]"
PART-04176,Housing 4176,SUP-0035,"[""LINE-FAC-017-3"", ""LINE-FAC-040-1"", ""LINE-FAC-015-8""]"
PART-04177,Actuator 4177,SUP-0339,"[""LINE-FAC-023-3"", ""LINE-FAC-013-4""]"
PART-04178,Wiring Harness 4178,SUP-0198,"[""LINE-FAC-034-8"", ""LINE-FAC-013-8"", ""LINE-FAC-017-3""]"
PART-04179,Wiring Harness 4179,SUP-0505,"[""LINE-FAC-015-2"", ""LINE-FAC-012-3"", ""LINE-FAC-013-3""]"
PART-04180,Housing 4180,SUP-0916,"[""LINE-FAC-011-8""]"
PART-04181,Bearing Assembly 4181,SUP-0018,"[""LINE-FAC-012-1""]"
PART-04182,Wiring Harness 4182,SUP-0405,"[""LINE-FAC-028-6"", ""LINE-FAC-031-7"", ""LINE-FAC-040-1""]"
PART-04183,Bracket 4183,SUP-0532,"[""LINE-FAC-014-1""]"
PART-04184,Bearing Assembly 4184,SUP-0540,"[""LINE-FAC-034-4""]"
PART-04185,Bearing Assembly 4185,SUP-0165,"[""LINE-FAC-001-5"", ""LINE-FAC-005-7""]"
PART-04186,Bracket 4186,SUP-0789,"[""LINE-FAC-018-3"", ""LINE-FAC-029-3"", ""LINE-FAC-019-2""]"
PART-04187,Actuator 4187,SUP-0784,"[""LINE-FAC-035-1"", ""LINE-FAC-035-2""]"
PART-04188,Wiring Harness 4188,SUP-0830,"[""LINE-FAC-005-5"", ""LINE-FAC-010-4""]"
PART-04189,Wiring Harness 4189,SUP-0782,"[""LINE-FAC-006-7"", ""LINE-FAC-039-7""]"
PART-04190,Actuator 4190,SUP-0536,"[""LINE-FAC-024-3"", ""LINE-FAC-036-8"", ""LINE-FAC-013-1""]"
PART-04191,Housing 4191,SUP-0340,"[""LINE-FAC-038-6"", ""LINE-FAC-027-5"", ""LINE-FAC-023-3""]"
PART-04192,Bracket 4192,SUP-0424,"[""LINE-FAC-035-3"", ""LINE-FAC-038-7"", ""LINE-FAC-024-6""]"
PART-04193,Bushing 4193,SUP-0947,"[""LINE-FAC-004-2"", ""LINE-FAC-035-7"", ""LINE-FAC-039-5""]"
PART-04194,Bushing 4194,SUP-0033,"[""LINE-FAC-015-7"", ""LINE-FAC-035-6"", ""LINE-FAC-010-1""]"
PART-04195,Bushing 4195,SUP-0625,"[""LINE-FAC-013-3"", ""LINE-FAC-002-1""]"
PART-04196,Actuator 4196,SUP-0842,"[""LINE-FAC-017-1"", ""LINE-FAC-010-5"", ""LINE-FAC-011-8""]"
PART-04197,Bearing Assembly 4197,SUP-0675,"[""LINE-FAC-036-8"", ""LINE-FAC-020-7"", ""LINE-FAC-016-4""]"
PART-04198,Housing 4198,SUP-0595,"[""LINE-FAC-012-5"", ""LINE-FAC-007-8""]"
PART-04199,Bracket 4199,SUP-0144,"[""LINE-FAC-040-2""]"
PART-04200,Bearing Assembly 4200,SUP-0846,"[""LINE-FAC-009-3"", ""LINE-FAC-039-1"", ""LINE-FAC-010-1""]"
PART-04201,Bearing Assembly 4201,SUP-0565,"[""LINE-FAC-037-6"", ""LINE-FAC-025-6"", ""LINE-FAC-037-7""]"
PART-04202,Wiring Harness 4202,SUP-0045,"[""LINE-FAC-012-4"", ""LINE-FAC-025-5""]"
PART-04203,Gasket 4203,SUP-0817,"[""LINE-FAC-013-1"", ""LINE-FAC-018-2""]"
PART-04204,Wiring Harness 4204,SUP-0829,"[""LINE-FAC-016-3"", ""LINE-FAC-002-4""]"
PART-04205,Valve Body 4205,SUP-0807,"[""LINE-FAC-032-3"", ""LINE-FAC-038-8""]"
PART-04206,Bearing Assembly 4206,SUP-0897,"[""LINE-FAC-011-8"", ""LINE-FAC-012-3"", ""LINE-FAC-014-8""]"
PART-04207,Bearing Assembly 4207,SUP-0590,"[""LINE-FAC-038-8"", ""LINE-FAC-003-7""]"
PART-04208,Housing 4208,SUP-0239,"[""LINE-FAC-015-3"", ""LINE-FAC-012-5""]"
PART-04209,Housing 4209,SUP-0376,"[""LINE-FAC-037-5"", ""LINE-FAC-021-5""]"
PART-04210,Coupling 4210,SUP-0081,"[""LINE-FAC-032-2"", ""LINE-FAC-016-1"", ""LINE-FAC-040-8""]"
PART-04211,Bushing 4211,SUP-0684,"[""LINE-FAC-016-3"", ""LINE-FAC-004-7""]"
PART-04212,Bearing Assembly 4212,SUP-0703,"[""LINE-FAC-006-3""]"
PART-04213,Wiring Harness 4213,SUP-0136,"[""LINE-FAC-031-2"", ""LINE-FAC-008-2"", ""LINE-FAC-008-6""]"
PART-04214,Coupling 4214,SUP-0467,"[""LINE-FAC-001-5"", ""LINE-FAC-013-8""]"
PART-04215,Coupling 4215,SUP-0949,"[""LINE-FAC-037-8""]"
PART-04216,Sensor Module 4216,SUP-0664,"[""LINE-FAC-004-6"", ""LINE-FAC-014-3"", ""LINE-FAC-040-3""]"
PART-04217,Valve Body 4217,SUP-0996,"[""LINE-FAC-026-2"", ""LINE-FAC-038-4"", ""LINE-FAC-039-5""]"
PART-04218,Actuator 4218,SUP-0890,"[""LINE-FAC-035-6""]"
PART-04219,Sensor Module 4219,SUP-0502,"[""LINE-FAC-040-5"", ""LINE-FAC-031-7""]"
PART-04220,Sensor Module 4220,SUP-0380,"[""LINE-FAC-029-1"", ""LINE-FAC-007-6""]"
PART-04221,Housing 4221,SUP-0331,"[""LINE-FAC-003-4"", ""LINE-FAC-036-2"", ""LINE-FAC-010-1""]"
PART-04222,Coupling 4222,SUP-0138,"[""LINE-FAC-018-7"", ""LINE-FAC-021-7""]"
PART-04223,Bushing 4223,SUP-0530,"[""LINE-FAC-022-4"", ""LINE-FAC-025-3"", ""LINE-FAC-029-2""]"
PART-04224,Coupling 4224,SUP-0438,"[""LINE-FAC-036-7"", ""LINE-FAC-011-4"", ""LINE-FAC-032-6""]"
PART-04225,Housing 4225,SUP-0952,"[""LINE-FAC-020-8"", ""LINE-FAC-020-3""]"
PART-04226,Wiring Harness 4226,SUP-0586,"[""LINE-FAC-031-6"", ""LINE-FAC-006-3""]"
PART-04227,Wiring Harness 4227,SUP-0746,"[""LINE-FAC-022-5""]"
PART-04228,Bearing Assembly 4228,SUP-0965,"[""LINE-FAC-015-6""]"
PART-04229,Actuator 4229,SUP-0632,"[""LINE-FAC-022-8"", ""LINE-FAC-032-7""]"
PART-04230,Sensor Module 4230,SUP-0783,"[""LINE-FAC-022-3"", ""LINE-FAC-031-2""]"
PART-04231,Valve Body 4231,SUP-0254,"[""LINE-FAC-006-1"", ""LINE-FAC-008-4"", ""LINE-FAC-039-4""]"
PART-04232,Bracket 4232,SUP-0600,"[""LINE-FAC-017-6"", ""LINE-FAC-034-3"", ""LINE-FAC-017-4""]"
PART-04233,Wiring Harness 4233,SUP-0959,"[""LINE-FAC-013-4"", ""LINE-FAC-038-3""]"
PART-04234,Actuator 4234,SUP-0251,"[""LINE-FAC-015-5"", ""LINE-FAC-030-6"", ""LINE-FAC-004-1""]"
PART-04235,Coupling 4235,SUP-0748,"[""LINE-FAC-036-2""]"
PART-04236,Gasket 4236,SUP-0227,"[""LINE-FAC-027-7""]"
PART-04237,Wiring Harness 4237,SUP-0545,"[""LINE-FAC-002-5""]"
PART-04238,Bracket 4238,SUP-0487,"[""LINE-FAC-016-1"", ""LINE-FAC-020-5""]"
PART-04239,Bearing Assembly 4239,SUP-0783,"[""LINE-FAC-040-3""]"
PART-04240,Coupling 4240,SUP-0253,"[""LINE-FAC-014-4"", ""LINE-FAC-033-3""]"
PART-04241,Coupling 4241,SUP-0075,"[""LINE-FAC-033-3"", ""LINE-FAC-001-5""]"
PART-04242,Gasket 4242,SUP-0714,"[""LINE-FAC-032-3""]"
PART-04243,Actuator 4243,SUP-0507,"[""LINE-FAC-006-8"", ""LINE-FAC-035-6""]"
PART-04244,Bracket 4244,SUP-0234,"[""LINE-FAC-011-3"", ""LINE-FAC-035-6""]"
PART-04245,Bracket 4245,SUP-0658,"[""LINE-FAC-013-3""]"
PART-04246,Valve Body 4246,SUP-0505,"[""LINE-FAC-017-2"", ""LINE-FAC-009-6""]"
PART-04247,Housing 4247,SUP-0639,"[""LINE-FAC-011-4""]"
PART-04248,Gasket 4248,SUP-0712,"[""LINE-FAC-027-1""]"
PART-04249,Coupling 4249,SUP-0048,"[""LINE-FAC-037-6""]"
PART-04250,Bracket 4250,SUP-0073,"[""LINE-FAC-018-5""]"
PART-04251,Bearing Assembly 4251,SUP-0132,"[""LINE-FAC-005-5"", ""LINE-FAC-014-4""]"
PART-04252,Gasket 4252,SUP-0203,"[""LINE-FAC-023-2""]"
PART-04253,Actuator 4253,SUP-0852,"[""LINE-FAC-001-1""]"
PART-04254,Valve Body 4254,SUP-0398,"[""LINE-FAC-029-7"", ""LINE-FAC-011-3"", ""LINE-FAC-018-2""]"
PART-04255,Bearing Assembly 4255,SUP-0069,"[""LINE-FAC-015-4""]"
PART-04256,Sensor Module 4256,SUP-0713,"[""LINE-FAC-027-3"", ""LINE-FAC-012-2"", ""LINE-FAC-002-6""]"
PART-04257,Housing 4257,SUP-0847,"[""LINE-FAC-040-5"", ""LINE-FAC-012-4""]"
PART-04258,Coupling 4258,SUP-0415,"[""LINE-FAC-017-8""]"
PART-04259,Coupling 4259,SUP-0037,"[""LINE-FAC-020-6""]"
PART-04260,Bracket 4260,SUP-0179,"[""LINE-FAC-037-4""]"
PART-04261,Coupling 4261,SUP-0600,"[""LINE-FAC-033-2"", ""LINE-FAC-024-7""]"
PART-04262,Valve Body 4262,SUP-0577,"[""LINE-FAC-023-5""]"
PART-04263,Bushing 4263,SUP-0022,"[""LINE-FAC-037-3"", ""LINE-FAC-032-7""]"
PART-04264,Actuator 4264,SUP-0516,"[""LINE-FAC-039-4"", ""LINE-FAC-023-3""]"
PART-04265,Coupling 4265,SUP-0632,"[""LINE-FAC-023-4"", ""LINE-FAC-009-5""]"
PART-04266,Sensor Module 4266,SUP-0503,"[""LINE-FAC-021-1"", ""LINE-FAC-026-3""]"
PART-04267,Sensor Module 4267,SUP-0239,"[""LINE-FAC-005-7"", ""LINE-FAC-028-6""]"
PART-04268,Valve Body 4268,SUP-0011,"[""LINE-FAC-027-5""]"
PART-04269,Coupling 4269,SUP-0753,"[""LINE-FAC-014-8"", ""LINE-FAC-002-4""]"
PART-04270,Coupling 4270,SUP-0593,"[""LINE-FAC-021-8"", ""LINE-FAC-027-4""]"
PART-04271,Gasket 4271,SUP-0521,"[""LINE-FAC-008-3""]"
PART-04272,Bearing Assembly 4272,SUP-0677,"[""LINE-FAC-021-5""]"
PART-04273,Bushing 4273,SUP-0148,"[""LINE-FAC-018-6"", ""LINE-FAC-001-5""]"
PART-04274,Valve Body 4274,SUP-0452,"[""LINE-FAC-036-8"", ""LINE-FAC-008-6"", ""LINE-FAC-039-6""]"
PART-04275,Sensor Module 4275,SUP-0694,"[""LINE-FAC-013-6"", ""LINE-FAC-001-4""]"
PART-04276,Valve Body 4276,SUP-0052,"[""LINE-FAC-010-3"", ""LINE-FAC-031-3"", ""LINE-FAC-005-1""]"
PART-04277,Coupling 4277,SUP-0850,"[""LINE-FAC-032-3""]"
PART-04278,Gasket 4278,SUP-0628,"[""LINE-FAC-024-7"", ""LINE-FAC-004-3""]"
PART-04279,Housing 4279,SUP-0394,"[""LINE-FAC-028-4""]"
PART-04280,Housing 4280,SUP-0898,"[""LINE-FAC-009-7"", ""LINE-FAC-009-1""]"
PART-04281,Actuator 4281,SUP-0006,"[""LINE-FAC-003-4"", ""LINE-FAC-025-1""]"
PART-04282,Actuator 4282,SUP-0452,"[""LINE-FAC-019-7""]"
PART-04283,Coupling 4283,SUP-0393,"[""LINE-FAC-001-7"", ""LINE-FAC-010-7"", ""LINE-FAC-012-4""]"
PART-04284,Gasket 4284,SUP-0180,"[""LINE-FAC-013-8"", ""LINE-FAC-020-3""]"
PART-04285,Bearing Assembly 4285,SUP-0010,"[""LINE-FAC-010-4""]"
PART-04286,Bracket 4286,SUP-0532,"[""LINE-FAC-018-4""]"
PART-04287,Wiring Harness 4287,SUP-0618,"[""LINE-FAC-001-3""]"
PART-04288,Wiring Harness 4288,SUP-0400,"[""LINE-FAC-033-6""]"
PART-04289,Wiring Harness 4289,SUP-0112,"[""LINE-FAC-004-7""]"
PART-04290,Wiring Harness 4290,SUP-0453,"[""LINE-FAC-034-8"", ""LINE-FAC-007-1""]"
PART-04291,Coupling 4291,SUP-0254,"[""LINE-FAC-008-7""]"
PART-04292,Housing 4292,SUP-0434,"[""LINE-FAC-001-1""]"
PART-04293,Wiring Harness 4293,SUP-0406,"[""LINE-FAC-012-1"", ""LINE-FAC-020-6""]"
PART-04294,Bushing 4294,SUP-0267,"[""LINE-FAC-007-3"", ""LINE-FAC-040-7""]"
PART-04295,Housing 4295,SUP-0722,"[""LINE-FAC-025-7"", ""LINE-FAC-016-6""]"
PART-04296,Sensor Module 4296,SUP-0912,"[""LINE-FAC-015-5""]"
PART-04297,Sensor Module 4297,SUP-0261,"[""LINE-FAC-006-6"", ""LINE-FAC-025-7""]"
PART-04298,Wiring Harness 4298,SUP-0914,"[""LINE-FAC-026-8"", ""LINE-FAC-022-8""]"
PART-04299,Housing 4299,SUP-0272,"[""LINE-FAC-025-3"", ""LINE-FAC-029-1""]"
PART-04300,Housing 4300,SUP-0600,"[""LINE-FAC-011-3""]"
PART-04301,Gasket 4301,SUP-0235,"[""LINE-FAC-039-4"", ""LINE-FAC-015-8"", ""LINE-FAC-038-6""]"
PART-04302,Actuator 4302,SUP-0577,"[""LINE-FAC-017-5"", ""LINE-FAC-018-6""]"
PART-04303,Valve Body 4303,SUP-0765,"[""LINE-FAC-036-1"", ""LINE-FAC-028-1""]"
PART-04304,Valve Body 4304,SUP-0326,"[""LINE-FAC-024-3""]"
PART-04305,Wiring Harness 4305,SUP-0717,"[""LINE-FAC-013-6""]"
PART-04306,Bushing 4306,SUP-0215,"[""LINE-FAC-037-2"", ""LINE-FAC-011-3""]"
PART-04307,Valve Body 4307,SUP-0197,"[""LINE-FAC-035-3""]"
PART-04308,Sensor Module 4308,SUP-0626,"[""LINE-FAC-004-5""]"
PART-04309,Wiring Harness 4309,SUP-0308,"[""LINE-FAC-006-3"", ""LINE-FAC-019-5"", ""LINE-FAC-036-1""]"
PART-04310,Wiring Harness 4310,SUP-0530,"[""LINE-FAC-007-2""]"
PART-04311,Bushing 4311,SUP-0159,"[""LINE-FAC-026-6""]"
PART-04312,Bearing Assembly 4312,SUP-0038,"[""LINE-FAC-028-4"", ""LINE-FAC-025-4"", ""LINE-FAC-005-8""]"
PART-04313,Wiring Harness 4313,SUP-0250,"[""LINE-FAC-001-8"", ""LINE-FAC-001-4"", ""LINE-FAC-032-1""]"
PART-04314,Bushing 4314,SUP-0547,"[""LINE-FAC-040-7"", ""LINE-FAC-026-7""]"
PART-04315,Sensor Module 4315,SUP-0435,"[""LINE-FAC-012-3"", ""LINE-FAC-018-3"", ""LINE-FAC-006-5""]"
PART-04316,Gasket 4316,SUP-0318,"[""LINE-FAC-032-5"", ""LINE-FAC-004-5""]"
PART-04317,Actuator 4317,SUP-0121,"[""LINE-FAC-006-5""]"
PART-04318,Gasket 4318,SUP-0251,"[""LINE-FAC-014-3""]"
PART-04319,Housing 4319,SUP-0582,"[""LINE-FAC-006-7""]"
PART-04320,Sensor Module 4320,SUP-0917,"[""LINE-FAC-012-2"", ""LINE-FAC-017-2""]"
PART-04321,Wiring Harness 4321,SUP-0064,"[""LINE-FAC-018-3"", ""LINE-FAC-026-7""]"
PART-04322,Actuator 4322,SUP-0201,"[""LINE-FAC-008-6"", ""LINE-FAC-010-8"", ""LINE-FAC-009-8""]"
PART-04323,Actuator 4323,SUP-0824,"[""LINE-FAC-003-5"", ""LINE-FAC-010-4""]"
PART-04324,Coupling 4324,SUP-0265,"[""LINE-FAC-001-5""]"
PART-04325,Bearing Assembly 4325,SUP-0031,"[""LINE-FAC-010-5""]"
PART-04326,Valve Body 4326,SUP-0722,"[""LINE-FAC-003-1"", ""LINE-FAC-004-5"", ""LINE-FAC-001-7""]"
PART-04327,Gasket 4327,SUP-0011,"[""LINE-FAC-022-1"", ""LINE-FAC-025-4""]"
PART-04328,Wiring Harness 4328,SUP-0908,"[""LINE-FAC-028-4"", ""LINE-FAC-012-4""]"
PART-04329,Bracket 4329,SUP-0997,"[""LINE-FAC-015-5"", ""LINE-FAC-002-8"", ""LINE-FAC-012-6""]"
PART-04330,Actuator 4330,SUP-0640,"[""LINE-FAC-035-3""]"
PART-04331,Sensor Module 4331,SUP-0979,"[""LINE-FAC-023-7"", ""LINE-FAC-039-1"", ""LINE-FAC-017-4""]"
PART-04332,Coupling 4332,SUP-0818,"[""LINE-FAC-015-8"", ""LINE-FAC-040-7""]"
PART-04333,Gasket 4333,SUP-0743,"[""LINE-FAC-004-7"", ""LINE-FAC-037-1"", ""LINE-FAC-007-6""]"
PART-04334,Coupling 4334,SUP-0773,"[""LINE-FAC-012-4"", ""LINE-FAC-031-2""]"
PART-04335,Housing 4335,SUP-0704,"[""LINE-FAC-014-6"", ""LINE-FAC-040-1""]"
PART-04336,Gasket 4336,SUP-0705,"[""LINE-FAC-010-1""]"
PART-04337,Bracket 4337,SUP-0596,"[""LINE-FAC-001-1"", ""LINE-FAC-027-6"", ""LINE-FAC-013-2""]"
PART-04338,Wiring Harness 4338,SUP-0833,"[""LINE-FAC-038-2"", ""LINE-FAC-039-8""]"
PART-04339,Gasket 4339,SUP-0414,"[""LINE-FAC-033-7"", ""LINE-FAC-004-7""]"
PART-04340,Actuator 4340,SUP-0765,"[""LINE-FAC-001-6"", ""LINE-FAC-032-2"", ""LINE-FAC-034-3""]"
PART-04341,Bearing Assembly 4341,SUP-0227,"[""LINE-FAC-023-3"", ""LINE-FAC-036-4""]"
PART-04342,Bracket 4342,SUP-0904,"[""LINE-FAC-005-8""]"
PART-04343,Bearing Assembly 4343,SUP-0014,"[""LINE-FAC-017-2"", ""LINE-FAC-017-7"", ""LINE-FAC-038-1""]"
PART-04344,Bracket 4344,SUP-0883,"[""LINE-FAC-021-3"", ""LINE-FAC-002-1"", ""LINE-FAC-004-6""]"
PART-04345,Bracket 4345,SUP-0029,"[""LINE-FAC-028-7"", ""LINE-FAC-015-7""]"
PART-04346,Sensor Module 4346,SUP-0496,"[""LINE-FAC-005-5"", ""LINE-FAC-002-1""]"
PART-04347,Sensor Module 4347,SUP-0547,"[""LINE-FAC-015-5""]"
PART-04348,Sensor Module 4348,SUP-0743,"[""LINE-FAC-027-4"", ""LINE-FAC-029-8""]"
PART-04349,Coupling 4349,SUP-0206,"[""LINE-FAC-022-5"", ""LINE-FAC-011-5"", ""LINE-FAC-040-5""]"
PART-04350,Valve Body 4350,SUP-0474,"[""LINE-FAC-030-4"", ""LINE-FAC-022-8"", ""LINE-FAC-033-8""]"
PART-04351,Housing 4351,SUP-0275,"[""LINE-FAC-036-2""]"
PART-04352,Sensor Module 4352,SUP-0892,"[""LINE-FAC-009-3"", ""LINE-FAC-010-3"", ""LINE-FAC-023-3""]"
PART-04353,Actuator 4353,SUP-0838,"[""LINE-FAC-006-2"", ""LINE-FAC-011-4"", ""LINE-FAC-031-3""]"
PART-04354,Bracket 4354,SUP-0562,"[""LINE-FAC-001-7""]"
PART-04355,Actuator 4355,SUP-0169,"[""LINE-FAC-029-3"", ""LINE-FAC-003-5""]"
PART-04356,Gasket 4356,SUP-0717,"[""LINE-FAC-039-7""]"
PART-04357,Bracket 4357,SUP-0300,"[""LINE-FAC-034-4"", ""LINE-FAC-038-7"", ""LINE-FAC-007-5""]"
PART-04358,Bushing 4358,SUP-0687,"[""LINE-FAC-033-8""]"
PART-04359,Actuator 4359,SUP-0950,"[""LINE-FAC-038-8""]"
PART-04360,Valve Body 4360,SUP-0390,"[""LINE-FAC-015-6""]"
PART-04361,Bracket 4361,SUP-0769,"[""LINE-FAC-022-6"", ""LINE-FAC-020-8""]"
PART-04362,Valve Body 4362,SUP-0039,"[""LINE-FAC-008-6""]"
PART-04363,Gasket 4363,SUP-0275,"[""LINE-FAC-008-1"", ""LINE-FAC-030-7""]"
PART-04364,Gasket 4364,SUP-0150,"[""LINE-FAC-022-7"", ""LINE-FAC-016-4""]"
PART-04365,Bearing Assembly 4365,SUP-0123,"[""LINE-FAC-032-3""]"
PART-04366,Bushing 4366,SUP-0915,"[""LINE-FAC-005-6""]"
PART-04367,Coupling 4367,SUP-0718,"[""LINE-FAC-020-7"", ""LINE-FAC-021-7"", ""LINE-FAC-008-5""]"
PART-04368,Actuator 4368,SUP-0957,"[""LINE-FAC-036-7"", ""LINE-FAC-022-6""]"
PART-04369,Coupling 4369,SUP-0758,"[""LINE-FAC-033-7"", ""LINE-FAC-024-2"", ""LINE-FAC-020-1""]"
PART-04370,Wiring Harness 4370,SUP-0728,"[""LINE-FAC-022-2"", ""LINE-FAC-019-8"", ""LINE-FAC-036-2""]"
PART-04371,Actuator 4371,SUP-0706,"[""LINE-FAC-015-5"", ""LINE-FAC-039-6""]"
PART-04372,Gasket 4372,SUP-0907,"[""LINE-FAC-010-4"", ""LINE-FAC-003-3"", ""LINE-FAC-010-7""]"
PART-04373,Bracket 4373,SUP-0356,"[""LINE-FAC-018-1""]"
PART-04374,Bearing Assembly 4374,SUP-0513,"[""LINE-FAC-033-8"", ""LINE-FAC-006-2""]"
PART-04375,Bracket 4375,SUP-0562,"[""LINE-FAC-027-2""]"
PART-04376,Valve Body 4376,SUP-0694,"[""LINE-FAC-003-1""]"
PART-04377,Coupling 4377,SUP-0926,"[""LINE-FAC-026-5"", ""LINE-FAC-038-8"", ""LINE-FAC-021-3""]"
PART-04378,Sensor Module 4378,SUP-0483,"[""LINE-FAC-021-1"", ""LINE-FAC-033-4""]"
PART-04379,Actuator 4379,SUP-0843,"[""LINE-FAC-023-6""]"
PART-04380,Actuator 4380,SUP-0748,"[""LINE-FAC-020-1"", ""LINE-FAC-040-7"", ""LINE-FAC-033-8""]"
PART-04381,Valve Body 4381,SUP-0292,"[""LINE-FAC-003-5""]"
PART-04382,Housing 4382,SUP-0312,"[""LINE-FAC-013-5""]"
PART-04383,Actuator 4383,SUP-0825,"[""LINE-FAC-003-1"", ""LINE-FAC-030-1""]"
PART-04384,Wiring Harness 4384,SUP-0203,"[""LINE-FAC-010-1"", ""LINE-FAC-008-7"", ""LINE-FAC-017-6""]"
PART-04385,Valve Body 4385,SUP-0808,"[""LINE-FAC-008-4"", ""LINE-FAC-013-4""]"
PART-04386,Actuator 4386,SUP-0021,"[""LINE-FAC-019-1"", ""LINE-FAC-002-2"", ""LINE-FAC-036-1""]"
PART-04387,Bracket 4387,SUP-0663,"[""LINE-FAC-032-8""]"
PART-04388,Gasket 4388,SUP-0314,"[""LINE-FAC-019-4"", ""LINE-FAC-024-5"", ""LINE-FAC-037-3""]"
PART-04389,Bracket 4389,SUP-0389,"[""LINE-FAC-018-5"", ""LINE-FAC-026-6"", ""LINE-FAC-003-5""]"
PART-04390,Housing 4390,SUP-0553,"[""LINE-FAC-028-7"", ""LINE-FAC-011-6"", ""LINE-FAC-005-5""]"
PART-04391,Bracket 4391,SUP-0401,"[""LINE-FAC-009-2""]"
PART-04392,Bracket 4392,SUP-0952,"[""LINE-FAC-011-7"", ""LINE-FAC-028-2""]"
PART-04393,Bearing Assembly 4393,SUP-0411,"[""LINE-FAC-034-8"", ""LINE-FAC-025-8"", ""LINE-FAC-029-8""]"
PART-04394,Coupling 4394,SUP-0834,"[""LINE-FAC-002-6"", ""LINE-FAC-016-5""]"
PART-04395,Wiring Harness 4395,SUP-0848,"[""LINE-FAC-005-4"", ""LINE-FAC-018-4"", ""LINE-FAC-003-2""]"
PART-04396,Wiring Harness 4396,SUP-0405,"[""LINE-FAC-008-8""]"
PART-04397,Coupling 4397,SUP-0433,"[""LINE-FAC-005-8"", ""LINE-FAC-030-7"", ""LINE-FAC-017-1""]"
PART-04398,Sensor Module 4398,SUP-0493,"[""LINE-FAC-035-1"", ""LINE-FAC-030-4"", ""LINE-FAC-035-8""]"
PART-04399,Valve Body 4399,SUP-0196,"[""LINE-FAC-008-8"", ""LINE-FAC-007-8"", ""LINE-FAC-040-8""]"
PART-04400,Actuator 4400,SUP-0295,"[""LINE-FAC-015-3""]"
PART-04401,Wiring Harness 4401,SUP-0850,"[""LINE-FAC-012-8""]"
PART-04402,Sensor Module 4402,SUP-0106,"[""LINE-FAC-017-6"", ""LINE-FAC-002-2""]"
PART-04403,Sensor Module 4403,SUP-0976,"[""LINE-FAC-028-3"", ""LINE-FAC-032-4"", ""LINE-FAC-010-8""]"
PART-04404,Sensor Module 4404,SUP-0100,"[""LINE-FAC-017-3""]"
PART-04405,Valve Body 4405,SUP-0542,"[""LINE-FAC-019-6"", ""LINE-FAC-027-6"", ""LINE-FAC-005-1""]"
PART-04406,Gasket 4406,SUP-0458,"[""LINE-FAC-011-2"", ""LINE-FAC-038-5""]"
PART-04407,Valve Body 4407,SUP-0911,"[""LINE-FAC-009-6"", ""LINE-FAC-004-5""]"
PART-04408,Bracket 4408,SUP-0334,"[""LINE-FAC-033-4"", ""LINE-FAC-005-4"", ""LINE-FAC-020-1""]"
PART-04409,Coupling 4409,SUP-0990,"[""LINE-FAC-009-6""]"
PART-04410,Sensor Module 4410,SUP-0978,"[""LINE-FAC-040-2""]"
PART-04411,Wiring Harness 4411,SUP-0061,"[""LINE-FAC-014-3""]"
PART-04412,Bushing 4412,SUP-0881,"[""LINE-FAC-012-4"", ""LINE-FAC-009-1""]"
PART-04413,Actuator 4413,SUP-0079,"[""LINE-FAC-012-8""]"
PART-04414,Wiring Harness 4414,SUP-0899,"[""LINE-FAC-040-3""]"
PART-04415,Bushing 4415,SUP-0992,"[""LINE-FAC-026-5"", ""LINE-FAC-024-1"", ""LINE-FAC-014-6""]"
PART-04416,Valve Body 4416,SUP-0049,"[""LINE-FAC-013-2"", ""LINE-FAC-026-7""]"
PART-04417,Housing 4417,SUP-0856,"[""LINE-FAC-004-5"", ""LINE-FAC-024-2""]"
PART-04418,Gasket 4418,SUP-0627,"[""LINE-FAC-028-8""]"
PART-04419,Sensor Module 4419,SUP-0745,"[""LINE-FAC-031-5"", ""LINE-FAC-010-5"", ""LINE-FAC-040-8""]"
PART-04420,Gasket 4420,SUP-0207,"[""LINE-FAC-025-8""]"
PART-04421,Wiring Harness 4421,SUP-0264,"[""LINE-FAC-012-8""]"
PART-04422,Housing 4422,SUP-0686,"[""LINE-FAC-037-3"", ""LINE-FAC-015-2"", ""LINE-FAC-014-3""]"
PART-04423,Housing 4423,SUP-0503,"[""LINE-FAC-036-3""]"
PART-04424,Sensor Module 4424,SUP-0521,"[""LINE-FAC-027-2"", ""LINE-FAC-016-3""]"
PART-04425,Actuator 4425,SUP-0582,"[""LINE-FAC-023-4"", ""LINE-FAC-006-4""]"
PART-04426,Actuator 4426,SUP-0876,"[""LINE-FAC-017-4"", ""LINE-FAC-011-3"", ""LINE-FAC-028-3""]"
PART-04427,Housing 4427,SUP-0067,"[""LINE-FAC-019-6"", ""LINE-FAC-028-5""]"
PART-04428,Actuator 4428,SUP-0195,"[""LINE-FAC-004-5""]"
PART-04429,Coupling 4429,SUP-0766,"[""LINE-FAC-003-8"", ""LINE-FAC-006-5"", ""LINE-FAC-028-5""]"
PART-04430,Housing 4430,SUP-0499,"[""LINE-FAC-039-2"", ""LINE-FAC-008-8""]"
PART-04431,Wiring Harness 4431,SUP-0017,"[""LINE-FAC-019-6"", ""LINE-FAC-038-7"", ""LINE-FAC-028-6""]"
PART-04432,Housing 4432,SUP-0557,"[""LINE-FAC-038-3"", ""LINE-FAC-026-8""]"
PART-04433,Bracket 4433,SUP-0360,"[""LINE-FAC-006-4"", ""LINE-FAC-010-6""]"
PART-04434,Wiring Harness 4434,SUP-0020,"[""LINE-FAC-036-6""]"
PART-04435,Valve Body 4435,SUP-0977,"[""LINE-FAC-013-6"", ""LINE-FAC-039-4""]"
PART-04436,Sensor Module 4436,SUP-0805,"[""LINE-FAC-014-4"", ""LINE-FAC-003-4""]"
PART-04437,Actuator 4437,SUP-0571,"[""LINE-FAC-039-4"", ""LINE-FAC-005-1"", ""LINE-FAC-028-4""]"
PART-04438,Coupling 4438,SUP-0916,"[""LINE-FAC-028-6"", ""LINE-FAC-013-5"", ""LINE-FAC-019-5""]"
PART-04439,Actuator 4439,SUP-0366,"[""LINE-FAC-032-1"", ""LINE-FAC-039-3"", ""LINE-FAC-002-8""]"
PART-04440,Valve Body 4440,SUP-0715,"[""LINE-FAC-018-5"", ""LINE-FAC-028-1""]"
PART-04441,Gasket 4441,SUP-0984,"[""LINE-FAC-023-4"", ""LINE-FAC-034-1"", ""LINE-FAC-027-7""]"
PART-04442,Housing 4442,SUP-0549,"[""LINE-FAC-035-7"", ""LINE-FAC-017-1"", ""LINE-FAC-035-8""]"
PART-04443,Bearing Assembly 4443,SUP-0366,"[""LINE-FAC-004-1"", ""LINE-FAC-037-2""]"
PART-04444,Coupling 4444,SUP-0376,"[""LINE-FAC-039-7""]"
PART-04445,Bracket 4445,SUP-0254,"[""LINE-FAC-027-3"", ""LINE-FAC-018-5"", ""LINE-FAC-010-6""]"
PART-04446,Gasket 4446,SUP-0340,"[""LINE-FAC-020-7"", ""LINE-FAC-011-4"", ""LINE-FAC-026-8""]"
PART-04447,Bracket 4447,SUP-0489,"[""LINE-FAC-037-5""]"
PART-04448,Wiring Harness 4448,SUP-0585,"[""LINE-FAC-022-8"", ""LINE-FAC-012-4""]"
PART-04449,Coupling 4449,SUP-0704,"[""LINE-FAC-027-5"", ""LINE-FAC-002-3""]"
PART-04450,Bushing 4450,SUP-0281,"[""LINE-FAC-022-7"", ""LINE-FAC-014-3""]"
PART-04451,Valve Body 4451,SUP-0612,"[""LINE-FAC-009-8""]"
PART-04452,Gasket 4452,SUP-0013,"[""LINE-FAC-024-4"", ""LINE-FAC-033-2"", ""LINE-FAC-039-3""]"
PART-04453,Housing 4453,SUP-0412,"[""LINE-FAC-004-4"", ""LINE-FAC-036-7""]"
PART-04454,Valve Body 4454,SUP-0449,"[""LINE-FAC-028-5"", ""LINE-FAC-016-6""]"
PART-04455,Coupling 4455,SUP-0958,"[""LINE-FAC-040-3""]"
PART-04456,Valve Body 4456,SUP-0369,"[""LINE-FAC-004-8"", ""LINE-FAC-011-6""]"
PART-04457,Coupling 4457,SUP-0258,"[""LINE-FAC-038-3"", ""LINE-FAC-021-3"", ""LINE-FAC-009-3""]"
PART-04458,Bushing 4458,SUP-0147,"[""LINE-FAC-018-1"", ""LINE-FAC-017-8""]"
PART-04459,Housing 4459,SUP-0760,"[""LINE-FAC-011-8"", ""LINE-FAC-008-3"", ""LINE-FAC-035-3""]"
PART-04460,Actuator 4460,SUP-0535,"[""LINE-FAC-002-8"", ""LINE-FAC-027-6""]"
PART-04461,Wiring Harness 4461,SUP-0650,"[""LINE-FAC-030-5""]"
PART-04462,Bracket 4462,SUP-0069,"[""LINE-FAC-016-7"", ""LINE-FAC-035-4"", ""LINE-FAC-035-8""]"
PART-04463,Bushing 4463,SUP-0685,"[""LINE-FAC-032-1""]"
PART-04464,Bearing Assembly 4464,SUP-0683,"[""LINE-FAC-023-4"", ""LINE-FAC-006-3""]"
PART-04465,Bushing 4465,SUP-0917,"[""LINE-FAC-030-6"", ""LINE-FAC-015-1"", ""LINE-FAC-022-5""]"
PART-04466,Actuator 4466,SUP-0862,"[""LINE-FAC-033-6""]"
PART-04467,Sensor Module 4467,SUP-0035,"[""LINE-FAC-017-1""]"
PART-04468,Wiring Harness 4468,SUP-0413,"[""LINE-FAC-039-1""]"
PART-04469,Sensor Module 4469,SUP-0971,"[""LINE-FAC-040-8"", ""LINE-FAC-007-1""]"
PART-04470,Sensor Module 4470,SUP-0294,"[""LINE-FAC-027-1"", ""LINE-FAC-014-8""]"
PART-04471,Valve Body 4471,SUP-0963,"[""LINE-FAC-027-5"", ""LINE-FAC-001-7""]"
PART-04472,Actuator 4472,SUP-0807,"[""LINE-FAC-040-5""]"
PART-04473,Valve Body 4473,SUP-0398,"[""LINE-FAC-037-6"", ""LINE-FAC-006-7""]"
PART-04474,Sensor Module 4474,SUP-0388,"[""LINE-FAC-015-2"", ""LINE-FAC-005-6"", ""LINE-FAC-021-3""]"
PART-04475,Gasket 4475,SUP-0172,"[""LINE-FAC-002-6""]"
PART-04476,Housing 4476,SUP-0052,"[""LINE-FAC-006-6""]"
PART-04477,Coupling 4477,SUP-0182,"[""LINE-FAC-011-1"", ""LINE-FAC-001-6""]"
PART-04478,Housing 4478,SUP-0089,"[""LINE-FAC-005-8"", ""LINE-FAC-029-8"", ""LINE-FAC-030-1""]"
PART-04479,Bearing Assembly 4479,SUP-0905,"[""LINE-FAC-013-8"", ""LINE-FAC-014-3""]"
PART-04480,Valve Body 4480,SUP-0951,"[""LINE-FAC-014-8"", ""LINE-FAC-016-1""]"
PART-04481,Wiring Harness 4481,SUP-0253,"[""LINE-FAC-013-1"", ""LINE-FAC-022-5"", ""LINE-FAC-020-1""]"
PART-04482,Gasket 4482,SUP-0974,"[""LINE-FAC-007-4"", ""LINE-FAC-024-8""]"
PART-04483,Actuator 4483,SUP-0614,"[""LINE-FAC-031-6""]"
PART-04484,Wiring Harness 4484,SUP-0756,"[""LINE-FAC-006-4"", ""LINE-FAC-009-1""]"
PART-04485,Bearing Assembly 4485,SUP-0676,"[""LINE-FAC-027-5""]"
PART-04486,Actuator 4486,SUP-0556,"[""LINE-FAC-031-2""]"
PART-04487,Bearing Assembly 4487,SUP-0369,"[""LINE-FAC-015-3"", ""LINE-FAC-003-6"", ""LINE-FAC-035-2""]"
PART-04488,Bearing Assembly 4488,SUP-0436,"[""LINE-FAC-027-5"", ""LINE-FAC-032-3"", ""LINE-FAC-022-4""]"
PART-04489,Gasket 4489,SUP-0851,"[""LINE-FAC-026-7""]"
PART-04490,Gasket 4490,SUP-0299,"[""LINE-FAC-014-3"", ""LINE-FAC-032-8""]"
PART-04491,Bracket 4491,SUP-0024,"[""LINE-FAC-032-3""]"
PART-04492,Wiring Harness 4492,SUP-0587,"[""LINE-FAC-031-7"", ""LINE-FAC-030-4""]"
PART-04493,Coupling 4493,SUP-0805,"[""LINE-FAC-028-1"", ""LINE-FAC-003-3""]"
PART-04494,Gasket 4494,SUP-0618,"[""LINE-FAC-021-3""]"
PART-04495,Wiring Harness 4495,SUP-0984,"[""LINE-FAC-013-1"", ""LINE-FAC-039-3"", ""LINE-FAC-034-7""]"
PART-04496,Bracket 4496,SUP-0113,"[""LINE-FAC-012-6""]"
PART-04497,Wiring Harness 4497,SUP-0468,"[""LINE-FAC-013-7"", ""LINE-FAC-035-6"", ""LINE-FAC-036-5""]"
PART-04498,Sensor Module 4498,SUP-0576,"[""LINE-FAC-035-3""]"
PART-04499,Gasket 4499,SUP-0547,"[""LINE-FAC-008-4"", ""LINE-FAC-016-6"", ""LINE-FAC-008-1""]"
PART-04500,Gasket 4500,SUP-0203,"[""LINE-FAC-022-3""]"
PART-04501,Actuator 4501,SUP-0974,"[""LINE-FAC-026-3"", ""LINE-FAC-011-6""]"
PART-04502,Bushing 4502,SUP-0686,"[""LINE-FAC-016-2""]"
PART-04503,Wiring Harness 4503,SUP-0671,"[""LINE-FAC-003-6""]"
PART-04504,Sensor Module 4504,SUP-0219,"[""LINE-FAC-014-5"", ""LINE-FAC-026-1""]"
PART-04505,Sensor Module 4505,SUP-0647,"[""LINE-FAC-004-4"", ""LINE-FAC-032-2"", ""LINE-FAC-004-2""]"
PART-04506,Coupling 4506,SUP-0478,"[""LINE-FAC-023-3"", ""LINE-FAC-029-2"", ""LINE-FAC-036-5""]"
PART-04507,Gasket 4507,SUP-0400,"[""LINE-FAC-010-5"", ""LINE-FAC-003-4""]"
PART-04508,Bracket 4508,SUP-0216,"[""LINE-FAC-002-5"", ""LINE-FAC-022-4"", ""LINE-FAC-014-6""]"
PART-04509,Gasket 4509,SUP-0003,"[""LINE-FAC-005-2""]"
PART-04510,Gasket 4510,SUP-0867,"[""LINE-FAC-001-1"", ""LINE-FAC-018-5""]"
PART-04511,Bracket 4511,SUP-0253,"[""LINE-FAC-011-6"", ""LINE-FAC-028-3""]"
PART-04512,Wiring Harness 4512,SUP-0980,"[""LINE-FAC-025-3""]"
PART-04513,Actuator 4513,SUP-0014,"[""LINE-FAC-004-7"", ""LINE-FAC-039-6"", ""LINE-FAC-030-7""]"
PART-04514,Wiring Harness 4514,SUP-0350,"[""LINE-FAC-034-8"", ""LINE-FAC-036-1"", ""LINE-FAC-017-6""]"
PART-04515,Actuator 4515,SUP-0107,"[""LINE-FAC-022-3"", ""LINE-FAC-035-3"", ""LINE-FAC-038-3""]"
PART-04516,Gasket 4516,SUP-0793,"[""LINE-FAC-021-4"", ""LINE-FAC-008-4""]"
PART-04517,Sensor Module 4517,SUP-0439,"[""LINE-FAC-008-2""]"
PART-04518,Actuator 4518,SUP-0693,"[""LINE-FAC-038-2"", ""LINE-FAC-031-5"", ""LINE-FAC-013-5""]"
PART-04519,Bushing 4519,SUP-0205,"[""LINE-FAC-017-4"", ""LINE-FAC-008-8""]"
PART-04520,Sensor Module 4520,SUP-0677,"[""LINE-FAC-037-4"", ""LINE-FAC-027-8""]"
PART-04521,Sensor Module 4521,SUP-0304,"[""LINE-FAC-026-4"", ""LINE-FAC-002-5"", ""LINE-FAC-013-5""]"
PART-04522,Valve Body 4522,SUP-0765,"[""LINE-FAC-040-7""]"
PART-04523,Bracket 4523,SUP-0040,"[""LINE-FAC-004-4"", ""LINE-FAC-007-6""]"
PART-04524,Wiring Harness 4524,SUP-0818,"[""LINE-FAC-006-5"", ""LINE-FAC-017-3""]"
PART-04525,Valve Body 4525,SUP-0858,"[""LINE-FAC-002-3"", ""LINE-FAC-038-4""]"
PART-04526,Wiring Harness 4526,SUP-0374,"[""LINE-FAC-003-6"", ""LINE-FAC-013-8""]"
PART-04527,Wiring Harness 4527,SUP-0578,"[""LINE-FAC-019-7"", ""LINE-FAC-032-1""]"
PART-04528,Housing 4528,SUP-0124,"[""LINE-FAC-013-5"", ""LINE-FAC-023-4""]"
PART-04529,Gasket 4529,SUP-0167,"[""LINE-FAC-018-6""]"
PART-04530,Valve Body 4530,SUP-0748,"[""LINE-FAC-036-3"", ""LINE-FAC-007-7""]"
PART-04531,Actuator 4531,SUP-0785,"[""LINE-FAC-033-8"", ""LINE-FAC-006-3""]"
PART-04532,Coupling 4532,SUP-0934,"[""LINE-FAC-007-6"", ""LINE-FAC-026-3"", ""LINE-FAC-035-4""]"
PART-04533,Gasket 4533,SUP-0939,"[""LINE-FAC-033-6""]"
PART-04534,Wiring Harness 4534,SUP-0320,"[""LINE-FAC-014-5""]"
PART-04535,Coupling 4535,SUP-0837,"[""LINE-FAC-013-4"", ""LINE-FAC-002-7""]"
PART-04536,Wiring Harness 4536,SUP-0167,"[""LINE-FAC-005-7"", ""LINE-FAC-003-4""]"
PART-04537,Coupling 4537,SUP-0555,"[""LINE-FAC-002-2"", ""LINE-FAC-026-8"", ""LINE-FAC-006-6""]"
PART-04538,Actuator 4538,SUP-0030,"[""LINE-FAC-007-6""]"
PART-04539,Bracket 4539,SUP-0594,"[""LINE-FAC-005-6""]"
PART-04540,Valve Body 4540,SUP-0876,"[""LINE-FAC-005-3"", ""LINE-FAC-018-3""]"
PART-04541,Bracket 4541,SUP-0661,"[""LINE-FAC-009-1"", ""LINE-FAC-035-5""]"
PART-04542,Valve Body 4542,SUP-0354,"[""LINE-FAC-036-6"", ""LINE-FAC-011-7""]"
PART-04543,Sensor Module 4543,SUP-0428,"[""LINE-FAC-034-4"", ""LINE-FAC-008-8""]"
PART-04544,Sensor Module 4544,SUP-0354,"[""LINE-FAC-029-4"", ""LINE-FAC-006-7"", ""LINE-FAC-036-8""]"
PART-04545,Bushing 4545,SUP-0202,"[""LINE-FAC-003-5"", ""LINE-FAC-007-4""]"
PART-04546,Sensor Module 4546,SUP-0362,"[""LINE-FAC-020-7"", ""LINE-FAC-005-1""]"
PART-04547,Wiring Harness 4547,SUP-0255,"[""LINE-FAC-038-4""]"
PART-04548,Valve Body 4548,SUP-0760,"[""LINE-FAC-037-6"", ""LINE-FAC-040-6"", ""LINE-FAC-001-3""]"
PART-04549,Valve Body 4549,SUP-0041,"[""LINE-FAC-028-7"", ""LINE-FAC-039-7""]"
PART-04550,Bearing Assembly 4550,SUP-0956,"[""LINE-FAC-010-5""]"
PART-04551,Gasket 4551,SUP-0530,"[""LINE-FAC-003-4"", ""LINE-FAC-002-1"", ""LINE-FAC-006-5""]"
PART-04552,Coupling 4552,SUP-0636,"[""LINE-FAC-032-3"", ""LINE-FAC-021-1""]"
PART-04553,Housing 4553,SUP-0780,"[""LINE-FAC-005-8"", ""LINE-FAC-034-1""]"
PART-04554,Gasket 4554,SUP-0325,"[""LINE-FAC-008-2"", ""LINE-FAC-036-1""]"
PART-04555,Bearing Assembly 4555,SUP-0151,"[""LINE-FAC-032-8"", ""LINE-FAC-018-4""]"
PART-04556,Wiring Harness 4556,SUP-0827,"[""LINE-FAC-031-2"", ""LINE-FAC-035-1"", ""LINE-FAC-030-6""]"
PART-04557,Valve Body 4557,SUP-0732,"[""LINE-FAC-003-3"", ""LINE-FAC-016-1"", ""LINE-FAC-029-8""]"
PART-04558,Bracket 4558,SUP-0648,"[""LINE-FAC-017-3"", ""LINE-FAC-013-1"", ""LINE-FAC-010-4""]"
PART-04559,Housing 4559,SUP-0168,"[""LINE-FAC-033-7"", ""LINE-FAC-023-1""]"
PART-04560,Bushing 4560,SUP-0089,"[""LINE-FAC-033-1""]"
PART-04561,Sensor Module 4561,SUP-0980,"[""LINE-FAC-027-7""]"
PART-04562,Valve Body 4562,SUP-0642,"[""LINE-FAC-033-4""]"
PART-04563,Gasket 4563,SUP-0268,"[""LINE-FAC-006-8""]"
PART-04564,Wiring Harness 4564,SUP-0407,"[""LINE-FAC-034-7"", ""LINE-FAC-021-8""]"
PART-04565,Valve Body 4565,SUP-0246,"[""LINE-FAC-033-2"", ""LINE-FAC-012-4""]"
PART-04566,Valve Body 4566,SUP-0846,"[""LINE-FAC-030-6"", ""LINE-FAC-034-5""]"
PART-04567,Bushing 4567,SUP-0982,"[""LINE-FAC-034-6"", ""LINE-FAC-005-1"", ""LINE-FAC-013-2""]"
PART-04568,Housing 4568,SUP-0113,"[""LINE-FAC-011-8"", ""LINE-FAC-006-3"", ""LINE-FAC-038-5""]"
PART-04569,Gasket 4569,SUP-0707,"[""LINE-FAC-039-6""]"
PART-04570,Bushing 4570,SUP-0688,"[""LINE-FAC-017-4""]"
PART-04571,Bearing Assembly 4571,SUP-0869,"[""LINE-FAC-001-8"", ""LINE-FAC-015-3"", ""LINE-FAC-034-2""]"
PART-04572,Valve Body 4572,SUP-0201,"[""LINE-FAC-027-3""]"
PART-04573,Gasket 4573,SUP-0570,"[""LINE-FAC-011-4"", ""LINE-FAC-031-7"", ""LINE-FAC-034-7""]"
PART-04574,Wiring Harness 4574,SUP-0464,"[""LINE-FAC-025-7"", ""LINE-FAC-004-5""]"
PART-04575,Actuator 4575,SUP-0782,"[""LINE-FAC-019-8"", ""LINE-FAC-002-2""]"
PART-04576,Sensor Module 4576,SUP-0062,"[""LINE-FAC-035-4""]"
PART-04577,Wiring Harness 4577,SUP-0364,"[""LINE-FAC-019-1""]"
PART-04578,Bracket 4578,SUP-0135,"[""LINE-FAC-031-2"", ""LINE-FAC-025-4""]"
PART-04579,Housing 4579,SUP-0700,"[""LINE-FAC-033-1"", ""LINE-FAC-007-6"", ""LINE-FAC-022-8""]"
PART-04580,Gasket 4580,SUP-0838,"[""LINE-FAC-012-2"", ""LINE-FAC-036-3"", ""LINE-FAC-034-3""]"
PART-04581,Actuator 4581,SUP-0792,"[""LINE-FAC-009-6"", ""LINE-FAC-010-2""]"
PART-04582,Sensor Module 4582,SUP-0151,"[""LINE-FAC-036-7"", ""LINE-FAC-009-4"", ""LINE-FAC-007-8""]"
PART-04583,Sensor Module 4583,SUP-0321,"[""LINE-FAC-025-5"", ""LINE-FAC-036-6""]"
PART-04584,Sensor Module 4584,SUP-0332,"[""LINE-FAC-012-3"", ""LINE-FAC-011-1""]"
PART-04585,Valve Body 4585,SUP-0926,"[""LINE-FAC-018-1"", ""LINE-FAC-002-5"", ""LINE-FAC-014-2""]"
PART-04586,Bushing 4586,SUP-0593,"[""LINE-FAC-036-5""]"
PART-04587,Actuator 4587,SUP-0771,"[""LINE-FAC-006-1""]"
PART-04588,Valve Body 4588,SUP-0524,"[""LINE-FAC-003-5""]"
PART-04589,Housing 4589,SUP-0449,"[""LINE-FAC-040-6"", ""LINE-FAC-002-3""]"
PART-04590,Valve Body 4590,SUP-0232,"[""LINE-FAC-009-5"", ""LINE-FAC-036-4""]"
PART-04591,Gasket 4591,SUP-0991,"[""LINE-FAC-017-6"", ""LINE-FAC-025-5""]"
PART-04592,Bracket 4592,SUP-0431,"[""LINE-FAC-010-5"", ""LINE-FAC-029-4""]"
PART-04593,Bushing 4593,SUP-0846,"[""LINE-FAC-020-8""]"
PART-04594,Coupling 4594,SUP-0887,"[""LINE-FAC-019-5"", ""LINE-FAC-004-6""]"
PART-04595,Sensor Module 4595,SUP-0690,"[""LINE-FAC-005-1"", ""LINE-FAC-008-3"", ""LINE-FAC-027-8""]"
PART-04596,Bushing 4596,SUP-0648,"[""LINE-FAC-010-2""]"
PART-04597,Wiring Harness 4597,SUP-0470,"[""LINE-FAC-012-4""]"
PART-04598,Actuator 4598,SUP-0319,"[""LINE-FAC-010-8"", ""LINE-FAC-026-3"", ""LINE-FAC-038-6""]"
PART-04599,Valve Body 4599,SUP-0969,"[""LINE-FAC-030-2""]"
PART-04600,Gasket 4600,SUP-0577,"[""LINE-FAC-040-5"", ""LINE-FAC-030-4"", ""LINE-FAC-031-4""]"
PART-04601,Valve Body 4601,SUP-0751,"[""LINE-FAC-011-6""]"
PART-04602,Housing 4602,SUP-0067,"[""LINE-FAC-002-4"", ""LINE-FAC-036-5""]"
PART-04603,Bearing Assembly 4603,SUP-0456,"[""LINE-FAC-021-4"", ""LINE-FAC-029-2""]"
PART-04604,Gasket 4604,SUP-0716,"[""LINE-FAC-004-7"", ""LINE-FAC-038-1"", ""LINE-FAC-026-4""]"
PART-04605,Gasket 4605,SUP-0678,"[""LINE-FAC-018-8""]"
PART-04606,Bearing Assembly 4606,SUP-0060,"[""LINE-FAC-017-1""]"
PART-04607,Gasket 4607,SUP-0538,"[""LINE-FAC-010-3"", ""LINE-FAC-039-6"", ""LINE-FAC-022-5""]"
PART-04608,Gasket 4608,SUP-0453,"[""LINE-FAC-035-7"", ""LINE-FAC-037-7"", ""LINE-FAC-014-8""]"
PART-04609,Housing 4609,SUP-0937,"[""LINE-FAC-003-2"", ""LINE-FAC-017-3""]"
PART-04610,Actuator 4610,SUP-0674,"[""LINE-FAC-033-7"", ""LINE-FAC-013-8""]"
PART-04611,Valve Body 4611,SUP-0491,"[""LINE-FAC-006-6"", ""LINE-FAC-032-5"", ""LINE-FAC-030-4""]"
PART-04612,Sensor Module 4612,SUP-0534,"[""LINE-FAC-014-5"", ""LINE-FAC-010-5""]"
PART-04613,Valve Body 4613,SUP-0197,"[""LINE-FAC-005-5"", ""LINE-FAC-007-3""]"
PART-04614,Valve Body 4614,SUP-0797,"[""LINE-FAC-004-1"", ""LINE-FAC-013-4""]"
PART-04615,Bracket 4615,SUP-0494,"[""LINE-FAC-028-5"", ""LINE-FAC-020-2"", ""LINE-FAC-017-8""]"
PART-04616,Coupling 4616,SUP-0352,"[""LINE-FAC-012-8"", ""LINE-FAC-013-1"", ""LINE-FAC-028-6""]"
PART-04617,Valve Body 4617,SUP-0478,"[""LINE-FAC-011-2"", ""LINE-FAC-015-8""]"
PART-04618,Sensor Module 4618,SUP-0628,"[""LINE-FAC-018-7"", ""LINE-FAC-028-8""]"
PART-04619,Wiring Harness 4619,SUP-0611,"[""LINE-FAC-023-7"", ""LINE-FAC-015-3""]"
PART-04620,Housing 4620,SUP-0111,"[""LINE-FAC-016-5"", ""LINE-FAC-010-1""]"
PART-04621,Gasket 4621,SUP-0502,"[""LINE-FAC-031-4""]"
PART-04622,Wiring Harness 4622,SUP-0842,"[""LINE-FAC-011-8"", ""LINE-FAC-008-8"", ""LINE-FAC-028-7""]"
PART-04623,Bearing Assembly 4623,SUP-0504,"[""LINE-FAC-013-3""]"
PART-04624,Bushing 4624,SUP-0306,"[""LINE-FAC-019-6"", ""LINE-FAC-029-1"", ""LINE-FAC-030-6""]"
PART-04625,Coupling 4625,SUP-0759,"[""LINE-FAC-021-5"", ""LINE-FAC-012-8"", ""LINE-FAC-029-7""]"
PART-04626,Bearing Assembly 4626,SUP-0503,"[""LINE-FAC-032-2"", ""LINE-FAC-019-5""]"
PART-04627,Wiring Harness 4627,SUP-0438,"[""LINE-FAC-006-2"", ""LINE-FAC-019-7""]"
PART-04628,Sensor Module 4628,SUP-0978,"[""LINE-FAC-020-5""]"
PART-04629,Gasket 4629,SUP-0744,"[""LINE-FAC-026-8"", ""LINE-FAC-009-5""]"
PART-04630,Coupling 4630,SUP-0677,"[""LINE-FAC-026-8"", ""LINE-FAC-014-8""]"
PART-04631,Coupling 4631,SUP-0880,"[""LINE-FAC-035-1"", ""LINE-FAC-025-2"", ""LINE-FAC-001-1""]"
PART-04632,Bracket 4632,SUP-0315,"[""LINE-FAC-006-1"", ""LINE-FAC-040-2""]"
PART-04633,Wiring Harness 4633,SUP-0339,"[""LINE-FAC-003-8"", ""LINE-FAC-021-4"", ""LINE-FAC-016-5""]"
PART-04634,Wiring Harness 4634,SUP-0148,"[""LINE-FAC-026-4"", ""LINE-FAC-035-7""]"
PART-04635,Coupling 4635,SUP-0256,"[""LINE-FAC-026-1""]"
PART-04636,Bushing 4636,SUP-0824,"[""LINE-FAC-002-8"", ""LINE-FAC-030-2""]"
PART-04637,Actuator 4637,SUP-0896,"[""LINE-FAC-001-7"", ""LINE-FAC-025-1""]"
PART-04638,Housing 4638,SUP-0307,"[""LINE-FAC-008-4""]"
PART-04639,Valve Body 4639,SUP-0445,"[""LINE-FAC-014-4"", ""LINE-FAC-023-1"", ""LINE-FAC-023-3""]"
PART-04640,Coupling 4640,SUP-0565,"[""LINE-FAC-011-1"", ""LINE-FAC-038-8"", ""LINE-FAC-031-4""]"
PART-04641,Actuator 4641,SUP-0106,"[""LINE-FAC-004-1"", ""LINE-FAC-019-1"", ""LINE-FAC-033-5""]"
PART-04642,Bushing 4642,SUP-0144,"[""LINE-FAC-015-2"", ""LINE-FAC-011-2""]"
PART-04643,Bearing Assembly 4643,SUP-0388,"[""LINE-FAC-016-8""]"
PART-04644,Wiring Harness 4644,SUP-0520,"[""LINE-FAC-028-1"", ""LINE-FAC-037-1"", ""LINE-FAC-019-3""]"
PART-04645,Gasket 4645,SUP-0477,"[""LINE-FAC-014-1"", ""LINE-FAC-021-4""]"
PART-04646,Bushing 4646,SUP-0084,"[""LINE-FAC-009-1"", ""LINE-FAC-029-5""]"
PART-04647,Coupling 4647,SUP-0767,"[""LINE-FAC-024-5"", ""LINE-FAC-011-4"", ""LINE-FAC-039-1""]"
PART-04648,Bushing 4648,SUP-0970,"[""LINE-FAC-017-4"", ""LINE-FAC-032-5""]"
PART-04649,Bracket 4649,SUP-0211,"[""LINE-FAC-030-4"", ""LINE-FAC-030-6""]"
PART-04650,Sensor Module 4650,SUP-0276,"[""LINE-FAC-015-3"", ""LINE-FAC-020-2""]"
PART-04651,Valve Body 4651,SUP-0620,"[""LINE-FAC-029-5"", ""LINE-FAC-022-2"", ""LINE-FAC-023-6""]"
PART-04652,Coupling 4652,SUP-0296,"[""LINE-FAC-024-6"", ""LINE-FAC-006-7"", ""LINE-FAC-023-8""]"
PART-04653,Valve Body 4653,SUP-0145,"[""LINE-FAC-021-8"", ""LINE-FAC-026-7""]"
PART-04654,Actuator 4654,SUP-0483,"[""LINE-FAC-011-3""]"
PART-04655,Bracket 4655,SUP-0131,"[""LINE-FAC-040-6"", ""LINE-FAC-008-6"", ""LINE-FAC-034-3""]"
PART-04656,Wiring Harness 4656,SUP-0871,"[""LINE-FAC-038-1"", ""LINE-FAC-034-1"", ""LINE-FAC-018-3""]"
PART-04657,Housing 4657,SUP-0388,"[""LINE-FAC-012-2"", ""LINE-FAC-033-1""]"
PART-04658,Actuator 4658,SUP-0119,"[""LINE-FAC-034-8"", ""LINE-FAC-024-3""]"
PART-04659,Actuator 4659,SUP-0135,"[""LINE-FAC-038-3""]"
PART-04660,Valve Body 4660,SUP-0535,"[""LINE-FAC-039-8"", ""LINE-FAC-004-3""]"
PART-04661,Coupling 4661,SUP-0555,"[""LINE-FAC-035-3""]"
PART-04662,Bracket 4662,SUP-0560,"[""LINE-FAC-014-2"", ""LINE-FAC-017-2""]"
PART-04663,Bearing Assembly 4663,SUP-0087,"[""LINE-FAC-021-2"", ""LINE-FAC-027-3"", ""LINE-FAC-002-7""]"
PART-04664,Gasket 4664,SUP-0052,"[""LINE-FAC-040-8"", ""LINE-FAC-025-4""]"
PART-04665,Sensor Module 4665,SUP-0404,"[""LINE-FAC-038-6"", ""LINE-FAC-001-8"", ""LINE-FAC-003-2""]"
PART-04666,Sensor Module 4666,SUP-0041,"[""LINE-FAC-030-2"", ""LINE-FAC-022-4"", ""LINE-FAC-028-3""]"
PART-04667,Valve Body 4667,SUP-0234,"[""LINE-FAC-025-2"", ""LINE-FAC-031-1""]"
PART-04668,Valve Body 4668,SUP-0128,"[""LINE-FAC-034-1"", ""LINE-FAC-035-3""]"
PART-04669,Valve Body 4669,SUP-0562,"[""LINE-FAC-026-1"", ""LINE-FAC-039-5"", ""LINE-FAC-025-2""]"
PART-04670,Bracket 4670,SUP-0599,"[""LINE-FAC-002-1""]"
PART-04671,Wiring Harness 4671,SUP-0945,"[""LINE-FAC-014-4""]"
PART-04672,Gasket 4672,SUP-0281,"[""LINE-FAC-024-7"", ""LINE-FAC-032-8""]"
PART-04673,Bearing Assembly 4673,SUP-0328,"[""LINE-FAC-021-5"", ""LINE-FAC-026-5""]"
PART-04674,Wiring Harness 4674,SUP-0220,"[""LINE-FAC-002-6""]"
PART-04675,Wiring Harness 4675,SUP-0370,"[""LINE-FAC-009-3"", ""LINE-FAC-024-6"", ""LINE-FAC-001-1""]"
PART-04676,Bearing Assembly 4676,SUP-0938,"[""LINE-FAC-009-5""]"
PART-04677,Actuator 4677,SUP-0349,"[""LINE-FAC-018-2""]"
PART-04678,Coupling 4678,SUP-0659,"[""LINE-FAC-009-5"", ""LINE-FAC-017-8""]"
PART-04679,Bracket 4679,SUP-0398,"[""LINE-FAC-003-2""]"
PART-04680,Bushing 4680,SUP-0286,"[""LINE-FAC-004-8"", ""LINE-FAC-024-8""]"
PART-04681,Sensor Module 4681,SUP-0589,"[""LINE-FAC-011-7"", ""LINE-FAC-006-6""]"
PART-04682,Valve Body 4682,SUP-0290,"[""LINE-FAC-026-4""]"
PART-04683,Bushing 4683,SUP-0503,"[""LINE-FAC-032-6"", ""LINE-FAC-024-7""]"
PART-04684,Valve Body 4684,SUP-0328,"[""LINE-FAC-028-4"", ""LINE-FAC-033-3"", ""LINE-FAC-024-1""]"
PART-04685,Sensor Module 4685,SUP-0877,"[""LINE-FAC-032-3"", ""LINE-FAC-009-7""]"
PART-04686,Sensor Module 4686,SUP-0011,"[""LINE-FAC-013-4"", ""LINE-FAC-014-5"", ""LINE-FAC-010-5""]"
PART-04687,Bracket 4687,SUP-0279,"[""LINE-FAC-015-8"", ""LINE-FAC-007-7""]"
PART-04688,Housing 4688,SUP-0010,"[""LINE-FAC-008-3""]"
PART-04689,Actuator 4689,SUP-0799,"[""LINE-FAC-032-7"", ""LINE-FAC-015-1"", ""LINE-FAC-034-8""]"
PART-04690,Actuator 4690,SUP-0098,"[""LINE-FAC-039-5""]"
PART-04691,Housing 4691,SUP-0001,"[""LINE-FAC-010-1""]"
PART-04692,Housing 4692,SUP-0967,"[""LINE-FAC-005-6""]"
PART-04693,Valve Body 4693,SUP-0101,"[""LINE-FAC-002-3"", ""LINE-FAC-010-2""]"
PART-04694,Wiring Harness 4694,SUP-0472,"[""LINE-FAC-007-3"", ""LINE-FAC-030-2"", ""LINE-FAC-006-7""]"
PART-04695,Bracket 4695,SUP-0344,"[""LINE-FAC-010-8""]"
PART-04696,Bushing 4696,SUP-0223,"[""LINE-FAC-018-6""]"
PART-04697,Coupling 4697,SUP-0010,"[""LINE-FAC-028-1""]"
PART-04698,Bearing Assembly 4698,SUP-0301,"[""LINE-FAC-005-1"", ""LINE-FAC-016-6"", ""LINE-FAC-034-7""]"
PART-04699,Wiring Harness 4699,SUP-0318,"[""LINE-FAC-002-6""]"
PART-04700,Valve Body 4700,SUP-0143,"[""LINE-FAC-040-2""]"
PART-04701,Gasket 4701,SUP-0898,"[""LINE-FAC-024-6"", ""LINE-FAC-035-3"", ""LINE-FAC-001-1""]"
PART-04702,Bushing 4702,SUP-0254,"[""LINE-FAC-040-5""]"
PART-04703,Actuator 4703,SUP-0653,"[""LINE-FAC-035-3"", ""LINE-FAC-015-4"", ""LINE-FAC-031-5""]"
PART-04704,Bushing 4704,SUP-0193,"[""LINE-FAC-037-5""]"
PART-04705,Coupling 4705,SUP-0405,"[""LINE-FAC-039-3"", ""LINE-FAC-034-6""]"
PART-04706,Housing 4706,SUP-0563,"[""LINE-FAC-028-2"", ""LINE-FAC-024-3"", ""LINE-FAC-024-2""]"
PART-04707,Bracket 4707,SUP-0068,"[""LINE-FAC-035-2"", ""LINE-FAC-015-4"", ""LINE-FAC-035-1""]"
PART-04708,Valve Body 4708,SUP-0320,"[""LINE-FAC-001-5"", ""LINE-FAC-002-8"", ""LINE-FAC-039-8""]"
PART-04709,Bushing 4709,SUP-0144,"[""LINE-FAC-029-7"", ""LINE-FAC-039-1"", ""LINE-FAC-027-4""]"
PART-04710,Housing 4710,SUP-0373,"[""LINE-FAC-001-4""]"
PART-04711,Bearing Assembly 4711,SUP-0671,"[""LINE-FAC-008-8"", ""LINE-FAC-040-5""]"
PART-04712,Gasket 4712,SUP-0299,"[""LINE-FAC-039-8"", ""LINE-FAC-005-5""]"
PART-04713,Actuator 4713,SUP-0204,"[""LINE-FAC-009-6""]"
PART-04714,Coupling 4714,SUP-0236,"[""LINE-FAC-032-6""]"
PART-04715,Gasket 4715,SUP-0549,"[""LINE-FAC-014-2"", ""LINE-FAC-025-5""]"
PART-04716,Housing 4716,SUP-0329,"[""LINE-FAC-035-5""]"
PART-04717,Gasket 4717,SUP-0444,"[""LINE-FAC-038-5"", ""LINE-FAC-008-5""]"
PART-04718,Bearing Assembly 4718,SUP-0185,"[""LINE-FAC-012-2"", ""LINE-FAC-039-2"", ""LINE-FAC-036-3""]"
PART-04719,Bearing Assembly 4719,SUP-0965,"[""LINE-FAC-016-1"", ""LINE-FAC-021-3""]"
PART-04720,Bracket 4720,SUP-0637,"[""LINE-FAC-021-5"", ""LINE-FAC-001-1"", ""LINE-FAC-014-3""]"
PART-04721,Sensor Module 4721,SUP-0720,"[""LINE-FAC-023-1"", ""LINE-FAC-032-6""]"
PART-04722,Wiring Harness 4722,SUP-0690,"[""LINE-FAC-031-1"", ""LINE-FAC-007-1"", ""LINE-FAC-028-6""]"
PART-04723,Coupling 4723,SUP-0998,"[""LINE-FAC-009-2""]"
PART-04724,Gasket 4724,SUP-0109,"[""LINE-FAC-027-3"", ""LINE-FAC-003-7"", ""LINE-FAC-015-7""]"
PART-04725,Valve Body 4725,SUP-0771,"[""LINE-FAC-023-7""]"
PART-04726,Actuator 4726,SUP-0746,"[""LINE-FAC-036-1""]"
PART-04727,Valve Body 4727,SUP-0417,"[""LINE-FAC-018-4"", ""LINE-FAC-002-8"", ""LINE-FAC-038-6""]"
PART-04728,Wiring Harness 4728,SUP-0637,"[""LINE-FAC-040-4"", ""LINE-FAC-010-8"", ""LINE-FAC-029-1""]"
PART-04729,Bearing Assembly 4729,SUP-0456,"[""LINE-FAC-006-2"", ""LINE-FAC-035-1""]"
PART-04730,Sensor Module 4730,SUP-0501,"[""LINE-FAC-035-8""]"
PART-04731,Sensor Module 4731,SUP-0235,"[""LINE-FAC-028-1""]"
PART-04732,Sensor Module 4732,SUP-0483,"[""LINE-FAC-037-5"", ""LINE-FAC-012-2""]"
PART-04733,Housing 4733,SUP-0203,"[""LINE-FAC-010-2"", ""LINE-FAC-024-5"", ""LINE-FAC-009-4""]"
PART-04734,Gasket 4734,SUP-0845,"[""LINE-FAC-011-4""]"
PART-04735,Wiring Harness 4735,SUP-0070,"[""LINE-FAC-003-6"", ""LINE-FAC-029-8""]"
PART-04736,Bearing Assembly 4736,SUP-0195,"[""LINE-FAC-030-6"", ""LINE-FAC-020-8""]"
PART-04737,Bushing 4737,SUP-0948,"[""LINE-FAC-019-5"", ""LINE-FAC-025-6"", ""LINE-FAC-019-4""]"
PART-04738,Sensor Module 4738,SUP-0561,"[""LINE-FAC-039-5"", ""LINE-FAC-022-3"", ""LINE-FAC-033-6""]"
PART-04739,Coupling 4739,SUP-0120,"[""LINE-FAC-015-1"", ""LINE-FAC-001-4""]"
PART-04740,Coupling 4740,SUP-0264,"[""LINE-FAC-015-7"", ""LINE-FAC-023-1""]"
PART-04741,Actuator 4741,SUP-0236,"[""LINE-FAC-007-7""]"
PART-04742,Wiring Harness 4742,SUP-0979,"[""LINE-FAC-010-2""]"
PART-04743,Gasket 4743,SUP-0074,"[""LINE-FAC-037-5"", ""LINE-FAC-017-7""]"
PART-04744,Wiring Harness 4744,SUP-0097,"[""LINE-FAC-029-7"", ""LINE-FAC-034-7""]"
PART-04745,Coupling 4745,SUP-0083,"[""LINE-FAC-031-6""]"
PART-04746,Gasket 4746,SUP-0251,"[""LINE-FAC-015-6"", ""LINE-FAC-028-8"", ""LINE-FAC-039-1""]"
PART-04747,Valve Body 4747,SUP-0021,"[""LINE-FAC-018-7"", ""LINE-FAC-017-7"", ""LINE-FAC-017-8""]"
PART-04748,Bushing 4748,SUP-0352,"[""LINE-FAC-014-2""]"
PART-04749,Bushing 4749,SUP-0767,"[""LINE-FAC-013-2"", ""LINE-FAC-005-3""]"
PART-04750,Housing 4750,SUP-0889,"[""LINE-FAC-019-6""]"
PART-04751,Gasket 4751,SUP-0467,"[""LINE-FAC-010-6"", ""LINE-FAC-001-3"", ""LINE-FAC-001-1""]"
PART-04752,Bushing 4752,SUP-0474,"[""LINE-FAC-008-7"", ""LINE-FAC-003-5""]"
PART-04753,Actuator 4753,SUP-0410,"[""LINE-FAC-020-2""]"
PART-04754,Coupling 4754,SUP-0077,"[""LINE-FAC-014-3""]"
PART-04755,Bearing Assembly 4755,SUP-0173,"[""LINE-FAC-025-8""]"
PART-04756,Actuator 4756,SUP-0884,"[""LINE-FAC-033-7"", ""LINE-FAC-004-4""]"
PART-04757,Coupling 4757,SUP-0343,"[""LINE-FAC-028-5""]"
PART-04758,Housing 4758,SUP-0103,"[""LINE-FAC-039-3"", ""LINE-FAC-020-6""]"
PART-04759,Wiring Harness 4759,SUP-0315,"[""LINE-FAC-019-8"", ""LINE-FAC-030-2"", ""LINE-FAC-025-2""]"
PART-04760,Bracket 4760,SUP-0258,"[""LINE-FAC-012-1"", ""LINE-FAC-039-5"", ""LINE-FAC-026-6""]"
PART-04761,Bushing 4761,SUP-0332,"[""LINE-FAC-038-7""]"
PART-04762,Actuator 4762,SUP-0003,"[""LINE-FAC-011-8"", ""LINE-FAC-011-1""]"
PART-04763,Valve Body 4763,SUP-0341,"[""LINE-FAC-020-1""]"
PART-04764,Sensor Module 4764,SUP-0517,"[""LINE-FAC-013-7""]"
PART-04765,Wiring Harness 4765,SUP-0571,"[""LINE-FAC-022-2"", ""LINE-FAC-035-4""]"
PART-04766,Valve Body 4766,SUP-0483,"[""LINE-FAC-016-4""]"
PART-04767,Valve Body 4767,SUP-0363,"[""LINE-FAC-033-6"", ""LINE-FAC-022-6"", ""LINE-FAC-013-2""]"
PART-04768,Bushing 4768,SUP-0714,"[""LINE-FAC-038-4""]"
PART-04769,Housing 4769,SUP-0324,"[""LINE-FAC-003-1"", ""LINE-FAC-014-1"", ""LINE-FAC-010-8""]"
PART-04770,Coupling 4770,SUP-0502,"[""LINE-FAC-026-5"", ""LINE-FAC-027-1"", ""LINE-FAC-021-8""]"
PART-04771,Coupling 4771,SUP-0624,"[""LINE-FAC-015-2"", ""LINE-FAC-002-6""]"
PART-04772,Bracket 4772,SUP-0245,"[""LINE-FAC-027-7""]"
PART-04773,Valve Body 4773,SUP-0581,"[""LINE-FAC-005-2"", ""LINE-FAC-025-2""]"
PART-04774,Wiring Harness 4774,SUP-0857,"[""LINE-FAC-017-5"", ""LINE-FAC-024-1""]"
PART-04775,Actuator 4775,SUP-0071,"[""LINE-FAC-013-6""]"
PART-04776,Sensor Module 4776,SUP-0193,"[""LINE-FAC-029-7"", ""LINE-FAC-033-5""]"
PART-04777,Actuator 4777,SUP-0728,"[""LINE-FAC-026-3""]"
PART-04778,Coupling 4778,SUP-0095,"[""LINE-FAC-013-1"", ""LINE-FAC-030-6""]"
PART-04779,Bearing Assembly 4779,SUP-0484,"[""LINE-FAC-015-5"", ""LINE-FAC-001-5"", ""LINE-FAC-025-8""]"
PART-04780,Gasket 4780,SUP-0801,"[""LINE-FAC-030-2"", ""LINE-FAC-035-4""]"
PART-04781,Housing 4781,SUP-0983,"[""LINE-FAC-011-3"", ""LINE-FAC-009-5"", ""LINE-FAC-018-2""]"
PART-04782,Gasket 4782,SUP-0261,"[""LINE-FAC-036-1"", ""LINE-FAC-040-6""]"
PART-04783,Coupling 4783,SUP-0679,"[""LINE-FAC-030-3""]"
PART-04784,Actuator 4784,SUP-0545,"[""LINE-FAC-006-8"", ""LINE-FAC-009-6"", ""LINE-FAC-004-1""]"
PART-04785,Housing 4785,SUP-0716,"[""LINE-FAC-038-7"", ""LINE-FAC-004-6"", ""LINE-FAC-011-1""]"
PART-04786,Wiring Harness 4786,SUP-0580,"[""LINE-FAC-018-5"", ""LINE-FAC-012-2""]"
PART-04787,Housing 4787,SUP-0486,"[""LINE-FAC-028-1""]"
PART-04788,Bushing 4788,SUP-0365,"[""LINE-FAC-023-5"", ""LINE-FAC-031-5""]"
PART-04789,Gasket 4789,SUP-0323,"[""LINE-FAC-003-5"", ""LINE-FAC-006-6"", ""LINE-FAC-016-4""]"
PART-04790,Valve Body 4790,SUP-0823,"[""LINE-FAC-028-2""]"
PART-04791,Coupling 4791,SUP-0323,"[""LINE-FAC-033-3"", ""LINE-FAC-036-3""]"
PART-04792,Housing 4792,SUP-0457,"[""LINE-FAC-018-1"", ""LINE-FAC-003-6"", ""LINE-FAC-020-4""]"
PART-04793,Bushing 4793,SUP-0710,"[""LINE-FAC-009-2"", ""LINE-FAC-013-6"", ""LINE-FAC-034-4""]"
PART-04794,Sensor Module 4794,SUP-0360,"[""LINE-FAC-012-3""]"
PART-04795,Valve Body 4795,SUP-0572,"[""LINE-FAC-029-6"", ""LINE-FAC-005-4""]"
PART-04796,Bushing 4796,SUP-0926,"[""LINE-FAC-027-4""]"
PART-04797,Sensor Module 4797,SUP-0411,"[""LINE-FAC-007-5"", ""LINE-FAC-022-6"", ""LINE-FAC-011-6""]"
PART-04798,Sensor Module 4798,SUP-0252,"[""LINE-FAC-017-4"", ""LINE-FAC-016-1"", ""LINE-FAC-003-5""]"
PART-04799,Bracket 4799,SUP-0171,"[""LINE-FAC-026-8""]"
PART-04800,Sensor Module 4800,SUP-0302,"[""LINE-FAC-037-2""]"
PART-04801,Housing 4801,SUP-0845,"[""LINE-FAC-009-8"", ""LINE-FAC-009-3""]"
PART-04802,Bearing Assembly 4802,SUP-0112,"[""LINE-FAC-001-3"", ""LINE-FAC-004-2""]"
PART-04803,Bearing Assembly 4803,SUP-0776,"[""LINE-FAC-007-4"", ""LINE-FAC-029-2"", ""LINE-FAC-038-7""]"
PART-04804,Coupling 4804,SUP-0561,"[""LINE-FAC-025-4"", ""LINE-FAC-019-2"", ""LINE-FAC-010-6""]"
PART-04805,Valve Body 4805,SUP-0379,"[""LINE-FAC-025-2""]"
PART-04806,Bracket 4806,SUP-0542,"[""LINE-FAC-021-4"", ""LINE-FAC-038-2""]"
PART-04807,Bearing Assembly 4807,SUP-0286,"[""LINE-FAC-006-2"", ""LINE-FAC-022-7""]"
PART-04808,Gasket 4808,SUP-0021,"[""LINE-FAC-004-5""]"
PART-04809,Bracket 4809,SUP-0910,"[""LINE-FAC-008-5"", ""LINE-FAC-030-3"", ""LINE-FAC-027-8""]"
PART-04810,Bearing Assembly 4810,SUP-0297,"[""LINE-FAC-032-1"", ""LINE-FAC-033-1""]"
PART-04811,Bushing 4811,SUP-0034,"[""LINE-FAC-014-2"", ""LINE-FAC-033-7"", ""LINE-FAC-040-4""]"
PART-04812,Housing 4812,SUP-0312,"[""LINE-FAC-001-1""]"
PART-04813,Housing 4813,SUP-0848,"[""LINE-FAC-002-5""]"
PART-04814,Wiring Harness 4814,SUP-0169,"[""LINE-FAC-018-3"", ""LINE-FAC-001-7"", ""LINE-FAC-039-2""]"
PART-04815,Gasket 4815,SUP-0591,"[""LINE-FAC-038-5"", ""LINE-FAC-014-2""]"
PART-04816,Housing 4816,SUP-0351,"[""LINE-FAC-024-7""]"
PART-04817,Sensor Module 4817,SUP-0475,"[""LINE-FAC-036-5"", ""LINE-FAC-036-4""]"
PART-04818,Gasket 4818,SUP-0111,"[""LINE-FAC-004-5""]"
PART-04819,Housing 4819,SUP-0384,"[""LINE-FAC-018-1"", ""LINE-FAC-038-4"", ""LINE-FAC-014-7""]"
PART-04820,Bracket 4820,SUP-0443,"[""LINE-FAC-034-1"", ""LINE-FAC-028-6"", ""LINE-FAC-021-7""]"
PART-04821,Bearing Assembly 4821,SUP-0434,"[""LINE-FAC-038-8""]"
PART-04822,Wiring Harness 4822,SUP-0294,"[""LINE-FAC-023-7"", ""LINE-FAC-027-4"", ""LINE-FAC-021-8""]"
PART-04823,Actuator 4823,SUP-0273,"[""LINE-FAC-007-8"", ""LINE-FAC-040-6"", ""LINE-FAC-019-6""]"
PART-04824,Bracket 4824,SUP-0472,"[""LINE-FAC-001-2""]"
PART-04825,Sensor Module 4825,SUP-0930,"[""LINE-FAC-002-8"", ""LINE-FAC-001-8"", ""LINE-FAC-019-8""]"
PART-04826,Coupling 4826,SUP-0110,"[""LINE-FAC-001-2"", ""LINE-FAC-019-8""]"
PART-04827,Actuator 4827,SUP-0684,"[""LINE-FAC-004-5""]"
PART-04828,Bushing 4828,SUP-0408,"[""LINE-FAC-033-7"", ""LINE-FAC-010-3"", ""LINE-FAC-008-2""]"
PART-04829,Valve Body 4829,SUP-0092,"[""LINE-FAC-009-7"", ""LINE-FAC-010-4""]"
PART-04830,Valve Body 4830,SUP-0067,"[""LINE-FAC-010-1""]"
PART-04831,Bearing Assembly 4831,SUP-0805,"[""LINE-FAC-027-7""]"
PART-04832,Coupling 4832,SUP-0309,"[""LINE-FAC-035-8""]"
PART-04833,Bushing 4833,SUP-0947,"[""LINE-FAC-018-5""]"
PART-04834,Gasket 4834,SUP-0799,"[""LINE-FAC-009-1""]"
PART-04835,Bracket 4835,SUP-0297,"[""LINE-FAC-029-7"", ""LINE-FAC-032-7""]"
PART-04836,Bushing 4836,SUP-0696,"[""LINE-FAC-014-2""]"
PART-04837,Actuator 4837,SUP-0126,"[""LINE-FAC-037-8"", ""LINE-FAC-005-8""]"
PART-04838,Housing 4838,SUP-0734,"[""LINE-FAC-023-3"", ""LINE-FAC-030-1""]"
PART-04839,Housing 4839,SUP-0446,"[""LINE-FAC-012-4""]"
PART-04840,Sensor Module 4840,SUP-0343,"[""LINE-FAC-017-3"", ""LINE-FAC-022-7""]"
PART-04841,Bushing 4841,SUP-0001,"[""LINE-FAC-017-1"", ""LINE-FAC-035-4"", ""LINE-FAC-005-3""]"
PART-04842,Gasket 4842,SUP-0363,"[""LINE-FAC-029-4"", ""LINE-FAC-024-6"", ""LINE-FAC-013-4""]"
PART-04843,Bushing 4843,SUP-0751,"[""LINE-FAC-023-2""]"
PART-04844,Bushing 4844,SUP-0464,"[""LINE-FAC-002-6"", ""LINE-FAC-019-3"", ""LINE-FAC-031-5""]"
PART-04845,Gasket 4845,SUP-0326,"[""LINE-FAC-040-2"", ""LINE-FAC-026-5"", ""LINE-FAC-014-6""]"
PART-04846,Valve Body 4846,SUP-0476,"[""LINE-FAC-018-5"", ""LINE-FAC-025-3"", ""LINE-FAC-027-6""]"
PART-04847,Gasket 4847,SUP-0973,"[""LINE-FAC-025-2"", ""LINE-FAC-018-6""]"
PART-04848,Bearing Assembly 4848,SUP-0110,"[""LINE-FAC-040-1"", ""LINE-FAC-015-6""]"
PART-04849,Housing 4849,SUP-0770,"[""LINE-FAC-024-4""]"
PART-04850,Coupling 4850,SUP-0067,"[""LINE-FAC-008-1"", ""LINE-FAC-018-2""]"
PART-04851,Bushing 4851,SUP-0666,"[""LINE-FAC-013-6"", ""LINE-FAC-023-6""]"
PART-04852,Sensor Module 4852,SUP-0932,"[""LINE-FAC-038-6""]"
PART-04853,Coupling 4853,SUP-0662,"[""LINE-FAC-008-3"", ""LINE-FAC-004-2"", ""LINE-FAC-026-3""]"
PART-04854,Valve Body 4854,SUP-0037,"[""LINE-FAC-009-6""]"
PART-04855,Actuator 4855,SUP-0046,"[""LINE-FAC-002-1"", ""LINE-FAC-027-7""]"
PART-04856,Bearing Assembly 4856,SUP-0542,"[""LINE-FAC-009-7"", ""LINE-FAC-005-4""]"
PART-04857,Gasket 4857,SUP-0336,"[""LINE-FAC-026-3"", ""LINE-FAC-005-6""]"
PART-04858,Bearing Assembly 4858,SUP-0033,"[""LINE-FAC-017-4""]"
PART-04859,Housing 4859,SUP-0448,"[""LINE-FAC-009-3"", ""LINE-FAC-038-7"", ""LINE-FAC-007-7""]"
PART-04860,Actuator 4860,SUP-0332,"[""LINE-FAC-012-4"", ""LINE-FAC-016-7"", ""LINE-FAC-024-1""]"
PART-04861,Valve Body 4861,SUP-0200,"[""LINE-FAC-032-7"", ""LINE-FAC-030-4""]"
PART-04862,Actuator 4862,SUP-0759,"[""LINE-FAC-027-6"", ""LINE-FAC-037-7"", ""LINE-FAC-024-1""]"
PART-04863,Coupling 4863,SUP-0381,"[""LINE-FAC-020-7"", ""LINE-FAC-005-8"", ""LINE-FAC-007-1""]"
PART-04864,Valve Body 4864,SUP-0867,"[""LINE-FAC-037-2""]"
PART-04865,Gasket 4865,SUP-0506,"[""LINE-FAC-034-8"", ""LINE-FAC-037-3"", ""LINE-FAC-002-4""]"
PART-04866,Bushing 4866,SUP-0529,"[""LINE-FAC-020-5"", ""LINE-FAC-012-6"", ""LINE-FAC-036-6""]"
PART-04867,Bearing Assembly 4867,SUP-0516,"[""LINE-FAC-022-8"", ""LINE-FAC-027-5"", ""LINE-FAC-005-3""]"
PART-04868,Gasket 4868,SUP-0659,"[""LINE-FAC-001-4""]"
PART-04869,Coupling 4869,SUP-0307,"[""LINE-FAC-037-2"", ""LINE-FAC-036-4"", ""LINE-FAC-016-7""]"
PART-04870,Bushing 4870,SUP-0149,"[""LINE-FAC-037-4"", ""LINE-FAC-010-2""]"
PART-04871,Actuator 4871,SUP-0476,"[""LINE-FAC-038-4"", ""LINE-FAC-018-3""]"
PART-04872,Housing 4872,SUP-0692,"[""LINE-FAC-014-3""]"
PART-04873,Coupling 4873,SUP-0845,"[""LINE-FAC-005-4"", ""LINE-FAC-029-5""]"
PART-04874,Gasket 4874,SUP-0053,"[""LINE-FAC-022-5"", ""LINE-FAC-036-1""]"
PART-04875,Gasket 4875,SUP-0171,"[""LINE-FAC-025-5"", ""LINE-FAC-016-5"", ""LINE-FAC-012-8""]"
PART-04876,Coupling 4876,SUP-0898,"[""LINE-FAC-018-5"", ""LINE-FAC-030-4"", ""LINE-FAC-030-1""]"
PART-04877,Bracket 4877,SUP-0209,"[""LINE-FAC-009-6"", ""LINE-FAC-023-1""]"
PART-04878,Bearing Assembly 4878,SUP-0223,"[""LINE-FAC-016-5"", ""LINE-FAC-020-7"", ""LINE-FAC-033-6""]"
PART-04879,Coupling 4879,SUP-0018,"[""LINE-FAC-022-6"", ""LINE-FAC-039-2""]"
PART-04880,Coupling 4880,SUP-0662,"[""LINE-FAC-028-1""]"
PART-04881,Housing 4881,SUP-0353,"[""LINE-FAC-029-8""]"
PART-04882,Coupling 4882,SUP-0453,"[""LINE-FAC-022-1"", ""LINE-FAC-023-1"", ""LINE-FAC-025-5""]"
PART-04883,Bushing 4883,SUP-0778,"[""LINE-FAC-001-3"", ""LINE-FAC-002-1""]"
PART-04884,Bearing Assembly 4884,SUP-0560,"[""LINE-FAC-029-1""]"
PART-04885,Wiring Harness 4885,SUP-0356,"[""LINE-FAC-035-5""]"
PART-04886,Wiring Harness 4886,SUP-0496,"[""LINE-FAC-027-4"", ""LINE-FAC-007-1""]"
PART-04887,Gasket 4887,SUP-0361,"[""LINE-FAC-017-6"", ""LINE-FAC-029-5"", ""LINE-FAC-009-7""]"
PART-04888,Bearing Assembly 4888,SUP-0176,"[""LINE-FAC-011-7""]"
PART-04889,Actuator 4889,SUP-0574,"[""LINE-FAC-039-8"", ""LINE-FAC-024-3""]"
PART-04890,Housing 4890,SUP-0514,"[""LINE-FAC-039-4"", ""LINE-FAC-015-6""]"
PART-04891,Actuator 4891,SUP-0580,"[""LINE-FAC-005-3"", ""LINE-FAC-017-6""]"
PART-04892,Wiring Harness 4892,SUP-0539,"[""LINE-FAC-015-3"", ""LINE-FAC-001-8""]"
PART-04893,Bracket 4893,SUP-0598,"[""LINE-FAC-012-6""]"
PART-04894,Valve Body 4894,SUP-0853,"[""LINE-FAC-010-7"", ""LINE-FAC-001-2""]"
PART-04895,Actuator 4895,SUP-0869,"[""LINE-FAC-023-7"", ""LINE-FAC-031-1"", ""LINE-FAC-031-6""]"
PART-04896,Bracket 4896,SUP-0544,"[""LINE-FAC-007-6"", ""LINE-FAC-036-4"", ""LINE-FAC-009-2""]"
PART-04897,Actuator 4897,SUP-0719,"[""LINE-FAC-007-5""]"
PART-04898,Sensor Module 4898,SUP-0824,"[""LINE-FAC-008-4""]"
PART-04899,Bracket 4899,SUP-0493,"[""LINE-FAC-023-5"", ""LINE-FAC-002-4"", ""LINE-FAC-040-8""]"
PART-04900,Bushing 4900,SUP-0451,"[""LINE-FAC-006-4"", ""LINE-FAC-029-6"", ""LINE-FAC-010-7""]"
PART-04901,Coupling 4901,SUP-0099,"[""LINE-FAC-040-4"", ""LINE-FAC-026-8""]"
PART-04902,Bearing Assembly 4902,SUP-0085,"[""LINE-FAC-022-5"", ""LINE-FAC-030-4""]"
PART-04903,Valve Body 4903,SUP-0355,"[""LINE-FAC-028-1""]"
PART-04904,Housing 4904,SUP-0898,"[""LINE-FAC-031-8""]"
PART-04905,Bearing Assembly 4905,SUP-0864,"[""LINE-FAC-018-8""]"
PART-04906,Wiring Harness 4906,SUP-0590,"[""LINE-FAC-013-3"", ""LINE-FAC-033-8""]"
PART-04907,Valve Body 4907,SUP-0937,"[""LINE-FAC-029-4""]"
PART-04908,Actuator 4908,SUP-0115,"[""LINE-FAC-029-1"", ""LINE-FAC-008-4"", ""LINE-FAC-035-8""]"
PART-04909,Bracket 4909,SUP-0022,"[""LINE-FAC-011-3"", ""LINE-FAC-024-1"", ""LINE-FAC-038-5""]"
PART-04910,Bushing 4910,SUP-0010,"[""LINE-FAC-031-8"", ""LINE-FAC-020-7"", ""LINE-FAC-035-7""]"
PART-04911,Gasket 4911,SUP-0932,"[""LINE-FAC-015-7""]"
PART-04912,Gasket 4912,SUP-0111,"[""LINE-FAC-040-6"", ""LINE-FAC-037-8""]"
PART-04913,Coupling 4913,SUP-0388,"[""LINE-FAC-022-5"", ""LINE-FAC-013-1"", ""LINE-FAC-019-1""]"
PART-04914,Bracket 4914,SUP-0923,"[""LINE-FAC-031-1"", ""LINE-FAC-018-7"", ""LINE-FAC-013-5""]"
PART-04915,Wiring Harness 4915,SUP-0731,"[""LINE-FAC-008-1""]"
PART-04916,Housing 4916,SUP-0944,"[""LINE-FAC-024-2""]"
PART-04917,Gasket 4917,SUP-0249,"[""LINE-FAC-029-6"", ""LINE-FAC-040-3""]"
PART-04918,Bearing Assembly 4918,SUP-0337,"[""LINE-FAC-012-2""]"
PART-04919,Bracket 4919,SUP-0643,"[""LINE-FAC-032-2"", ""LINE-FAC-032-1""]"
PART-04920,Actuator 4920,SUP-0342,"[""LINE-FAC-004-2"", ""LINE-FAC-039-6"", ""LINE-FAC-023-5""]"
PART-04921,Bracket 4921,SUP-0210,"[""LINE-FAC-011-3"", ""LINE-FAC-002-8"", ""LINE-FAC-016-5""]"
PART-04922,Wiring Harness 4922,SUP-0248,"[""LINE-FAC-031-7"", ""LINE-FAC-029-7""]"
PART-04923,Bushing 4923,SUP-0074,"[""LINE-FAC-004-4"", ""LINE-FAC-022-7"", ""LINE-FAC-027-1""]"
PART-04924,Valve Body 4924,SUP-0960,"[""LINE-FAC-032-1"", ""LINE-FAC-032-7"", ""LINE-FAC-037-5""]"
PART-04925,Housing 4925,SUP-0485,"[""LINE-FAC-017-1"", ""LINE-FAC-010-3""]"
PART-04926,Gasket 4926,SUP-0026,"[""LINE-FAC-018-2""]"
PART-04927,Sensor Module 4927,SUP-0737,"[""LINE-FAC-029-1"", ""LINE-FAC-038-6"", ""LINE-FAC-031-5""]"
PART-04928,Actuator 4928,SUP-0073,"[""LINE-FAC-031-4""]"
PART-04929,Bushing 4929,SUP-0913,"[""LINE-FAC-007-2""]"
PART-04930,Sensor Module 4930,SUP-0320,"[""LINE-FAC-011-5"", ""LINE-FAC-038-5"", ""LINE-FAC-019-7""]"
PART-04931,Housing 4931,SUP-0548,"[""LINE-FAC-026-7"", ""LINE-FAC-026-2"", ""LINE-FAC-035-1""]"
PART-04932,Wiring Harness 4932,SUP-0876,"[""LINE-FAC-023-7"", ""LINE-FAC-007-6"", ""LINE-FAC-037-6""]"
PART-04933,Housing 4933,SUP-0069,"[""LINE-FAC-007-2"", ""LINE-FAC-029-6""]"
PART-04934,Actuator 4934,SUP-0767,"[""LINE-FAC-016-3"", ""LINE-FAC-006-2""]"
PART-04935,Actuator 4935,SUP-0829,"[""LINE-FAC-030-8"", ""LINE-FAC-028-6""]"
PART-04936,Actuator 4936,SUP-0496,"[""LINE-FAC-013-7"", ""LINE-FAC-007-1""]"
PART-04937,Gasket 4937,SUP-0711,"[""LINE-FAC-004-3"", ""LINE-FAC-029-7"", ""LINE-FAC-035-2""]"
PART-04938,Valve Body 4938,SUP-0776,"[""LINE-FAC-004-6""]"
PART-04939,Valve Body 4939,SUP-0283,"[""LINE-FAC-032-2"", ""LINE-FAC-015-1"", ""LINE-FAC-013-7""]"
PART-04940,Wiring Harness 4940,SUP-0334,"[""LINE-FAC-025-5"", ""LINE-FAC-011-1"", ""LINE-FAC-037-4""]"
PART-04941,Bushing 4941,SUP-0362,"[""LINE-FAC-038-8"", ""LINE-FAC-004-6""]"
PART-04942,Coupling 4942,SUP-0633,"[""LINE-FAC-030-2""]"
PART-04943,Valve Body 4943,SUP-0001,"[""LINE-FAC-014-4"", ""LINE-FAC-019-7"", ""LINE-FAC-010-6""]"
PART-04944,Valve Body 4944,SUP-0263,"[""LINE-FAC-035-3"", ""LINE-FAC-028-3""]"
PART-04945,Gasket 4945,SUP-0956,"[""LINE-FAC-006-7"", ""LINE-FAC-030-7"", ""LINE-FAC-025-2""]"
PART-04946,Wiring Harness 4946,SUP-0128,"[""LINE-FAC-009-7"", ""LINE-FAC-035-6""]"
PART-04947,Wiring Harness 4947,SUP-0164,"[""LINE-FAC-027-7""]"
PART-04948,Wiring Harness 4948,SUP-0736,"[""LINE-FAC-006-7"", ""LINE-FAC-013-1"", ""LINE-FAC-029-4""]"
PART-04949,Gasket 4949,SUP-0071,"[""LINE-FAC-023-7"", ""LINE-FAC-033-8"", ""LINE-FAC-007-7""]"
PART-04950,Sensor Module 4950,SUP-0928,"[""LINE-FAC-003-1"", ""LINE-FAC-020-6"", ""LINE-FAC-032-5""]"
PART-04951,Gasket 4951,SUP-0572,"[""LINE-FAC-001-1""]"
PART-04952,Bearing Assembly 4952,SUP-0552,"[""LINE-FAC-002-8"", ""LINE-FAC-012-8""]"
PART-04953,Valve Body 4953,SUP-0668,"[""LINE-FAC-030-1"", ""LINE-FAC-021-7"", ""LINE-FAC-038-6""]"
PART-04954,Bushing 4954,SUP-0936,"[""LINE-FAC-038-3"", ""LINE-FAC-030-2"", ""LINE-FAC-027-5""]"
PART-04955,Gasket 4955,SUP-0965,"[""LINE-FAC-021-5"", ""LINE-FAC-015-6"", ""LINE-FAC-030-1""]"
PART-04956,Sensor Module 4956,SUP-0214,"[""LINE-FAC-037-5"", ""LINE-FAC-023-5"", ""LINE-FAC-022-7""]"
PART-04957,Sensor Module 4957,SUP-0976,"[""LINE-FAC-015-2"", ""LINE-FAC-006-4""]"
PART-04958,Bearing Assembly 4958,SUP-0862,"[""LINE-FAC-013-5"", ""LINE-FAC-029-2""]"
PART-04959,Valve Body 4959,SUP-0003,"[""LINE-FAC-006-6""]"
PART-04960,Bearing Assembly 4960,SUP-0592,"[""LINE-FAC-006-6""]"
PART-04961,Valve Body 4961,SUP-0728,"[""LINE-FAC-027-3"", ""LINE-FAC-031-8"", ""LINE-FAC-011-8""]"
PART-04962,Valve Body 4962,SUP-0664,"[""LINE-FAC-031-7"", ""LINE-FAC-017-3"", ""LINE-FAC-035-2""]"
PART-04963,Bushing 4963,SUP-0433,"[""LINE-FAC-040-3"", ""LINE-FAC-003-4"", ""LINE-FAC-018-3""]"
PART-04964,Housing 4964,SUP-0083,"[""LINE-FAC-025-4"", ""LINE-FAC-025-1"", ""LINE-FAC-035-5""]"
PART-04965,Housing 4965,SUP-0098,"[""LINE-FAC-011-4"", ""LINE-FAC-024-4"", ""LINE-FAC-038-3""]"
PART-04966,Housing 4966,SUP-0528,"[""LINE-FAC-039-1"", ""LINE-FAC-008-5"", ""LINE-FAC-030-5""]"
PART-04967,Valve Body 4967,SUP-0800,"[""LINE-FAC-008-8"", ""LINE-FAC-025-5"", ""LINE-FAC-036-8""]"
PART-04968,Wiring Harness 4968,SUP-0473,"[""LINE-FAC-009-4"", ""LINE-FAC-037-1"", ""LINE-FAC-014-8""]"
PART-04969,Bushing 4969,SUP-0484,"[""LINE-FAC-006-8"", ""LINE-FAC-038-7"", ""LINE-FAC-018-5""]"
PART-04970,Housing 4970,SUP-0747,"[""LINE-FAC-011-1"", ""LINE-FAC-022-3""]"
PART-04971,Actuator 4971,SUP-0323,"[""LINE-FAC-014-8""]"
PART-04972,Sensor Module 4972,SUP-0382,"[""LINE-FAC-035-7"", ""LINE-FAC-001-4"", ""LINE-FAC-026-4""]"
PART-04973,Coupling 4973,SUP-0091,"[""LINE-FAC-030-7"", ""LINE-FAC-021-8"", ""LINE-FAC-037-7""]"
PART-04974,Wiring Harness 4974,SUP-0131,"[""LINE-FAC-030-4"", ""LINE-FAC-023-6"", ""LINE-FAC-003-4""]"
PART-04975,Valve Body 4975,SUP-0791,"[""LINE-FAC-017-8""]"
PART-04976,Bracket 4976,SUP-0376,"[""LINE-FAC-011-2""]"
PART-04977,Coupling 4977,SUP-0343,"[""LINE-FAC-036-4"", ""LINE-FAC-008-7"", ""LINE-FAC-035-1""]"
PART-04978,Sensor Module 4978,SUP-0389,"[""LINE-FAC-025-8"", ""LINE-FAC-020-3"", ""LINE-FAC-001-5""]"
PART-04979,Coupling 4979,SUP-0135,"[""LINE-FAC-020-4""]"
PART-04980,Sensor Module 4980,SUP-0280,"[""LINE-FAC-006-5""]"
PART-04981,Actuator 4981,SUP-0738,"[""LINE-FAC-029-1""]"
PART-04982,Coupling 4982,SUP-0471,"[""LINE-FAC-006-1"", ""LINE-FAC-014-2""]"
PART-04983,Housing 4983,SUP-0833,"[""LINE-FAC-015-3"", ""LINE-FAC-013-3""]"
PART-04984,Sensor Module 4984,SUP-0405,"[""LINE-FAC-010-5""]"
PART-04985,Bearing Assembly 4985,SUP-0520,"[""LINE-FAC-027-1"", ""LINE-FAC-018-2"", ""LINE-FAC-023-4""]"
PART-04986,Actuator 4986,SUP-0736,"[""LINE-FAC-013-2"", ""LINE-FAC-020-8"", ""LINE-FAC-013-7""]"
PART-04987,Sensor Module 4987,SUP-0189,"[""LINE-FAC-035-3"", ""LINE-FAC-002-3""]"
PART-04988,Gasket 4988,SUP-0653,"[""LINE-FAC-004-6""]"
PART-04989,Bushing 4989,SUP-0713,"[""LINE-FAC-036-7"", ""LINE-FAC-021-2""]"
PART-04990,Actuator 4990,SUP-0820,"[""LINE-FAC-011-4"", ""LINE-FAC-032-6""]"
PART-04991,Actuator 4991,SUP-0730,"[""LINE-FAC-010-2"", ""LINE-FAC-036-3"", ""LINE-FAC-034-4""]"
PART-04992,Wiring Harness 4992,SUP-0694,"[""LINE-FAC-011-7"", ""LINE-FAC-029-4""]"
PART-04993,Housing 4993,SUP-0065,"[""LINE-FAC-035-1"", ""LINE-FAC-017-3""]"
PART-04994,Gasket 4994,SUP-0342,"[""LINE-FAC-032-3"", ""LINE-FAC-007-1"", ""LINE-FAC-019-2""]"
PART-04995,Housing 4995,SUP-0286,"[""LINE-FAC-020-6"", ""LINE-FAC-023-7"", ""LINE-FAC-039-8""]"
PART-04996,Bearing Assembly 4996,SUP-0390,"[""LINE-FAC-014-8""]"
PART-04997,Housing 4997,SUP-0600,"[""LINE-FAC-004-7""]"
PART-04998,Gasket 4998,SUP-0036,"[""LINE-FAC-027-5"", ""LINE-FAC-002-5""]"
PART-04999,Bearing Assembly 4999,SUP-0360,"[""LINE-FAC-007-2"", ""LINE-FAC-024-8"", ""LINE-FAC-034-1""]"
PART-05000,Wiring Harness 5000,SUP-0320,"[""LINE-FAC-032-1""]"
